time_s,left_target_rpm,left_actual_rpm,left_raw_pwm,left_final_pwm,right_target_rpm,right_actual_rpm,right_raw_pwm,right_final_pwm,sync_error_rpm,sync_correction_pwm,sync_active,startup_active,startup_fault,control_seq_mod65536,control_time_ms_hi16,control_time_ms_lo16,publish_seq_mod65536,publish_time_ms_hi16,publish_time_ms_lo16
0.37054982999688946,0.0,0.0,0.0,0.0,0.0,0.0,0.0,0.0,0.0,0.0,0.0,0.0,0.0,17112.0,5.0,17660.0,15720.0,5.0,17673.0
0.37074215499160346,0.0,0.0,0.0,0.0,0.0,0.0,0.0,0.0,0.0,0.0,0.0,0.0,0.0,17113.0,5.0,17680.0,15721.0,5.0,17683.0
0.3708187349984655,0.0,0.0,0.0,0.0,0.0,0.0,0.0,0.0,0.0,0.0,0.0,0.0,0.0,17114.0,5.0,17700.0,15722.0,5.0,17713.0
0.3708812209952157,0.0,0.0,0.0,0.0,0.0,0.0,0.0,0.0,0.0,0.0,0.0,0.0,0.0,17115.0,5.0,17720.0,15723.0,5.0,17733.0
0.37093979999190196,0.0,0.0,0.0,0.0,0.0,0.0,0.0,0.0,0.0,0.0,0.0,0.0,0.0,17116.0,5.0,17740.0,15724.0,5.0,17753.0
0.3709973880031612,0.0,0.0,0.0,0.0,0.0,0.0,0.0,0.0,0.0,0.0,0.0,0.0,0.0,17117.0,5.0,17760.0,15725.0,5.0,17773.0
0.37105304199212696,0.0,0.0,0.0,0.0,0.0,0.0,0.0,0.0,0.0,0.0,0.0,0.0,0.0,17118.0,5.0,17780.0,15726.0,5.0,17783.0
0.3711087459960254,0.0,0.0,0.0,0.0,0.0,0.0,0.0,0.0,0.0,0.0,0.0,0.0,0.0,17119.0,5.0,17800.0,15727.0,5.0,17813.0
0.3711635889922036,0.0,0.0,0.0,0.0,0.0,0.0,0.0,0.0,0.0,0.0,0.0,0.0,0.0,17120.0,5.0,17820.0,15728.0,5.0,17833.0
0.3712195940024685,0.0,0.0,0.0,0.0,0.0,0.0,0.0,0.0,0.0,0.0,0.0,0.0,0.0,17121.0,5.0,17840.0,15729.0,5.0,17854.0
0.3712728340033209,0.0,0.0,0.0,0.0,0.0,0.0,0.0,0.0,0.0,0.0,0.0,0.0,0.0,17122.0,5.0,17860.0,15730.0,5.0,17873.0
0.37133013099082746,0.0,0.0,0.0,0.0,0.0,0.0,0.0,0.0,0.0,0.0,0.0,0.0,0.0,17123.0,5.0,17880.0,15731.0,5.0,17883.0
0.3713847939943662,0.0,0.0,0.0,0.0,0.0,0.0,0.0,0.0,0.0,0.0,0.0,0.0,0.0,17124.0,5.0,17900.0,15732.0,5.0,17913.0
0.3714383740007179,0.0,0.0,0.0,0.0,0.0,0.0,0.0,0.0,0.0,0.0,0.0,0.0,0.0,17125.0,5.0,17920.0,15733.0,5.0,17933.0
0.3714928469998995,0.0,0.0,0.0,0.0,0.0,0.0,0.0,0.0,0.0,0.0,0.0,0.0,0.0,17126.0,5.0,17940.0,15734.0,5.0,17953.0
0.3715466879948508,0.0,0.0,0.0,0.0,0.0,0.0,0.0,0.0,0.0,0.0,0.0,0.0,0.0,17127.0,5.0,17960.0,15735.0,5.0,17973.0
0.3716027530026622,0.0,0.0,0.0,0.0,0.0,0.0,0.0,0.0,0.0,0.0,0.0,0.0,0.0,17128.0,5.0,17980.0,15736.0,5.0,17983.0
0.3716649679990951,0.0,0.0,0.0,0.0,0.0,0.0,0.0,0.0,0.0,0.0,0.0,0.0,0.0,17129.0,5.0,18000.0,15737.0,5.0,18013.0
0.37189852399751544,0.0,0.0,0.0,0.0,0.0,0.0,0.0,0.0,0.0,0.0,0.0,0.0,0.0,17130.0,5.0,18020.0,15738.0,5.0,18033.0
0.3719840379926609,0.0,0.0,0.0,0.0,0.0,0.0,0.0,0.0,0.0,0.0,0.0,0.0,0.0,17131.0,5.0,18040.0,15739.0,5.0,18052.0
0.38091494399122894,0.0,0.0,0.0,0.0,0.0,0.0,0.0,0.0,0.0,0.0,0.0,0.0,0.0,17132.0,5.0,18060.0,15740.0,5.0,18073.0
0.3906604689982487,0.0,0.0,0.0,0.0,0.0,0.0,0.0,0.0,0.0,0.0,0.0,0.0,0.0,17133.0,5.0,18081.0,15741.0,5.0,18082.0
0.42143548899912275,0.0,0.0,0.0,0.0,0.0,0.0,0.0,0.0,0.0,0.0,0.0,0.0,0.0,17134.0,5.0,18100.0,15742.0,5.0,18113.0
0.4414902739954414,0.0,0.0,0.0,0.0,0.0,0.0,0.0,0.0,0.0,0.0,0.0,0.0,0.0,17135.0,5.0,18120.0,15743.0,5.0,18133.0
0.4630437659943709,0.0,0.0,0.0,0.0,0.0,0.0,0.0,0.0,0.0,0.0,0.0,0.0,0.0,17136.0,5.0,18140.0,15744.0,5.0,18153.0
0.8781343180016847,0.0,0.0,0.0,0.0,0.0,0.0,0.0,0.0,0.0,0.0,0.0,0.0,0.0,17138.0,5.0,18180.0,15746.0,5.0,18183.0
0.8783219859906239,0.0,0.0,0.0,0.0,0.0,0.0,0.0,0.0,0.0,0.0,0.0,0.0,0.0,17144.0,5.0,18300.0,15752.0,5.0,18313.0
0.8783937469997909,0.0,0.0,0.0,0.0,0.0,0.0,0.0,0.0,0.0,0.0,0.0,0.0,0.0,17145.0,5.0,18320.0,15753.0,5.0,18333.0
0.8784557420003694,0.0,0.0,0.0,0.0,0.0,0.0,0.0,0.0,0.0,0.0,0.0,0.0,0.0,17146.0,5.0,18340.0,15754.0,5.0,18353.0
0.8785166649904568,0.0,0.0,0.0,0.0,0.0,0.0,0.0,0.0,0.0,0.0,0.0,0.0,0.0,17147.0,5.0,18360.0,15755.0,5.0,18373.0
0.8785787410015473,0.0,0.0,0.0,0.0,0.0,0.0,0.0,0.0,0.0,0.0,0.0,0.0,0.0,17148.0,5.0,18380.0,15756.0,5.0,18383.0
0.8786422080011107,0.0,0.0,0.0,0.0,0.0,0.0,0.0,0.0,0.0,0.0,0.0,0.0,0.0,17149.0,5.0,18400.0,15757.0,5.0,18413.0
0.8787009579973528,0.0,0.0,0.0,0.0,0.0,0.0,0.0,0.0,0.0,0.0,0.0,0.0,0.0,17150.0,5.0,18420.0,15758.0,5.0,18433.0
0.8787576339964289,0.0,0.0,0.0,0.0,0.0,0.0,0.0,0.0,0.0,0.0,0.0,0.0,0.0,17151.0,5.0,18440.0,15759.0,5.0,18453.0
0.8788223029987421,0.0,0.0,0.0,0.0,0.0,0.0,0.0,0.0,0.0,0.0,0.0,0.0,0.0,17152.0,5.0,18460.0,15760.0,5.0,18473.0
0.8788821649941383,0.0,0.0,0.0,0.0,0.0,0.0,0.0,0.0,0.0,0.0,0.0,0.0,0.0,17153.0,5.0,18481.0,15761.0,5.0,18482.0
0.8789393609913532,0.0,0.0,0.0,0.0,0.0,0.0,0.0,0.0,0.0,0.0,0.0,0.0,0.0,17154.0,5.0,18500.0,15762.0,5.0,18513.0
0.878994774990133,0.0,0.0,0.0,0.0,0.0,0.0,0.0,0.0,0.0,0.0,0.0,0.0,0.0,17155.0,5.0,18520.0,15763.0,5.0,18533.0
0.8790513709973311,0.0,0.0,0.0,0.0,0.0,0.0,0.0,0.0,0.0,0.0,0.0,0.0,0.0,17156.0,5.0,18540.0,15764.0,5.0,18553.0
0.8837925929983612,0.0,0.0,0.0,0.0,0.0,0.0,0.0,0.0,0.0,0.0,0.0,0.0,0.0,17157.0,5.0,18560.0,15765.0,5.0,18573.0
0.8915181009942899,0.0,0.0,0.0,0.0,0.0,0.0,0.0,0.0,0.0,0.0,0.0,0.0,0.0,17158.0,5.0,18580.0,15766.0,5.0,18582.0
0.9213218619988766,0.0,0.0,0.0,0.0,0.0,0.0,0.0,0.0,0.0,0.0,0.0,0.0,0.0,17159.0,5.0,18600.0,15767.0,5.0,18613.0
0.9398334419965977,0.0,0.0,0.0,0.0,0.0,0.0,0.0,0.0,0.0,0.0,0.0,0.0,0.0,17160.0,5.0,18620.0,15768.0,5.0,18633.0
0.9618202099954942,0.0,0.0,0.0,0.0,0.0,0.0,0.0,0.0,0.0,0.0,0.0,0.0,0.0,17161.0,5.0,18640.0,15769.0,5.0,18653.0
0.9801865640038159,0.0,0.0,0.0,0.0,0.0,0.0,0.0,0.0,0.0,0.0,0.0,0.0,0.0,17162.0,5.0,18660.0,15770.0,5.0,18673.0
1.3877193939988501,0.0,0.0,0.0,0.0,0.0,0.0,0.0,0.0,0.0,0.0,0.0,0.0,0.0,17163.0,5.0,18680.0,15771.0,5.0,18683.0
1.3878960729925893,0.0,0.0,0.0,0.0,0.0,0.0,0.0,0.0,0.0,0.0,0.0,0.0,0.0,17164.0,5.0,18700.0,15772.0,5.0,18713.0
1.3879663919942686,0.0,0.0,0.0,0.0,0.0,0.0,0.0,0.0,0.0,0.0,0.0,0.0,0.0,17165.0,5.0,18720.0,15773.0,5.0,18733.0
1.38802676499472,0.0,0.0,0.0,0.0,0.0,0.0,0.0,0.0,0.0,0.0,0.0,0.0,0.0,17166.0,5.0,18740.0,15774.0,5.0,18753.0
1.3880854839953827,0.0,0.0,0.0,0.0,0.0,0.0,0.0,0.0,0.0,0.0,0.0,0.0,0.0,17167.0,5.0,18760.0,15775.0,5.0,18773.0
1.3881442540005082,0.0,0.0,0.0,0.0,0.0,0.0,0.0,0.0,0.0,0.0,0.0,0.0,0.0,17168.0,5.0,18780.0,15776.0,5.0,18783.0
1.3882007089996478,0.0,0.0,0.0,0.0,0.0,0.0,0.0,0.0,0.0,0.0,0.0,0.0,0.0,17169.0,5.0,18800.0,15777.0,5.0,18813.0
1.3882574649906019,0.0,0.0,0.0,0.0,0.0,0.0,0.0,0.0,0.0,0.0,0.0,0.0,0.0,17170.0,5.0,18820.0,15778.0,5.0,18833.0
1.388323737992323,0.0,0.0,0.0,0.0,0.0,0.0,0.0,0.0,0.0,0.0,0.0,0.0,0.0,17171.0,5.0,18840.0,15779.0,5.0,18853.0
1.3883827079989715,0.0,0.0,0.0,0.0,0.0,0.0,0.0,0.0,0.0,0.0,0.0,0.0,0.0,17172.0,5.0,18860.0,15780.0,5.0,18872.0
1.398495339002693,0.0,0.0,0.0,0.0,0.0,0.0,0.0,0.0,0.0,0.0,0.0,0.0,0.0,17183.0,5.0,19080.0,15781.0,5.0,19091.0
1.422694123990368,0.0,0.0,0.0,0.0,0.0,0.0,0.0,0.0,0.0,0.0,0.0,0.0,0.0,17184.0,5.0,19100.0,15782.0,5.0,19113.0
1.442361333000008,0.0,0.0,0.0,0.0,0.0,0.0,0.0,0.0,0.0,0.0,0.0,0.0,0.0,17185.0,5.0,19120.0,15783.0,5.0,19133.0
1.4609412589925341,0.0,0.0,0.0,0.0,0.0,0.0,0.0,0.0,0.0,0.0,0.0,0.0,0.0,17186.0,5.0,19140.0,15784.0,5.0,19153.0
1.4807310549949761,0.0,0.0,0.0,0.0,0.0,0.0,0.0,0.0,0.0,0.0,0.0,0.0,0.0,17187.0,5.0,19160.0,15785.0,5.0,19173.0
1.8984137469960842,0.0,0.0,0.0,0.0,0.0,0.0,0.0,0.0,0.0,0.0,0.0,0.0,0.0,17197.0,5.0,19360.0,15795.0,5.0,19373.0
1.898606763992575,0.0,0.0,0.0,0.0,0.0,0.0,0.0,0.0,0.0,0.0,0.0,0.0,0.0,17198.0,5.0,19380.0,15796.0,5.0,19384.0
1.8986943420022726,0.0,0.0,0.0,0.0,0.0,0.0,0.0,0.0,0.0,0.0,0.0,0.0,0.0,17199.0,5.0,19400.0,15797.0,5.0,19413.0
1.8987731060042279,0.0,0.0,0.0,0.0,0.0,0.0,0.0,0.0,0.0,0.0,0.0,0.0,0.0,17200.0,5.0,19420.0,15798.0,5.0,19433.0
1.8988383160030935,0.0,0.0,0.0,0.0,0.0,0.0,0.0,0.0,0.0,0.0,0.0,0.0,0.0,17201.0,5.0,19440.0,15799.0,5.0,19453.0
1.8989030759985326,0.0,0.0,0.0,0.0,0.0,0.0,0.0,0.0,0.0,0.0,0.0,0.0,0.0,17202.0,5.0,19460.0,15800.0,5.0,19473.0
1.8989676049968693,0.0,0.0,0.0,0.0,0.0,0.0,0.0,0.0,0.0,0.0,0.0,0.0,0.0,17203.0,5.0,19480.0,15801.0,5.0,19483.0
1.8990297709970037,0.0,0.0,0.0,0.0,0.0,0.0,0.0,0.0,0.0,0.0,0.0,0.0,0.0,17204.0,5.0,19500.0,15802.0,5.0,19513.0
1.899091735991533,0.0,0.0,0.0,0.0,0.0,0.0,0.0,0.0,0.0,0.0,0.0,0.0,0.0,17205.0,5.0,19520.0,15803.0,5.0,19533.0
1.8991584989998955,0.0,0.0,0.0,0.0,0.0,0.0,0.0,0.0,0.0,0.0,0.0,0.0,0.0,17206.0,5.0,19540.0,15804.0,5.0,19553.0
1.899220373990829,0.0,0.0,0.0,0.0,0.0,0.0,0.0,0.0,0.0,0.0,0.0,0.0,0.0,17207.0,5.0,19560.0,15805.0,5.0,19573.0
1.899290311994264,0.0,0.0,0.0,0.0,0.0,0.0,0.0,0.0,0.0,0.0,0.0,0.0,0.0,17208.0,5.0,19580.0,15806.0,5.0,19583.0
1.9102870569913648,0.0,0.0,0.0,0.0,0.0,0.0,0.0,0.0,0.0,0.0,0.0,0.0,0.0,17209.0,5.0,19600.0,15807.0,5.0,19603.0
1.9407377589959651,0.0,0.0,0.0,0.0,0.0,0.0,0.0,0.0,0.0,0.0,0.0,0.0,0.0,17210.0,5.0,19620.0,15808.0,5.0,19633.0
1.960608160996344,0.0,0.0,0.0,0.0,0.0,0.0,0.0,0.0,0.0,0.0,0.0,0.0,0.0,17211.0,5.0,19640.0,15809.0,5.0,19653.0
1.980875476001529,0.0,0.0,0.0,0.0,0.0,0.0,0.0,0.0,0.0,0.0,0.0,0.0,0.0,17212.0,5.0,19660.0,15810.0,5.0,19673.0
1.989761714998167,0.0,0.0,0.0,0.0,0.0,0.0,0.0,0.0,0.0,0.0,0.0,0.0,0.0,17213.0,5.0,19680.0,15811.0,5.0,19683.0
2.411347704997752,0.0,0.0,0.0,0.0,0.0,0.0,0.0,0.0,0.0,0.0,0.0,0.0,0.0,17219.0,5.0,19800.0,15817.0,5.0,19803.0
2.411794532003114,0.0,0.0,0.0,0.0,0.0,0.0,0.0,0.0,0.0,0.0,0.0,0.0,0.0,17224.0,5.0,19900.0,15822.0,5.0,19913.0
2.4120901429996593,0.0,0.0,0.0,0.0,0.0,0.0,0.0,0.0,0.0,0.0,0.0,0.0,0.0,17225.0,5.0,19920.0,15823.0,5.0,19933.0
2.4122695269907126,0.0,0.0,0.0,0.0,0.0,0.0,0.0,0.0,0.0,0.0,0.0,0.0,0.0,17226.0,5.0,19940.0,15824.0,5.0,19953.0
2.4123339759971714,0.0,0.0,0.0,0.0,0.0,0.0,0.0,0.0,0.0,0.0,0.0,0.0,0.0,17227.0,5.0,19960.0,15825.0,5.0,19973.0
2.4123974529939005,0.0,0.0,0.0,0.0,0.0,0.0,0.0,0.0,0.0,0.0,0.0,0.0,0.0,17228.0,5.0,19980.0,15826.0,5.0,19983.0
2.412460770996404,0.0,0.0,0.0,0.0,0.0,0.0,0.0,0.0,0.0,0.0,0.0,0.0,0.0,17229.0,5.0,20000.0,15827.0,5.0,20013.0
2.4125240779976593,0.0,0.0,0.0,0.0,0.0,0.0,0.0,0.0,0.0,0.0,0.0,0.0,0.0,17230.0,5.0,20020.0,15828.0,5.0,20033.0
2.4125882469961653,0.0,0.0,0.0,0.0,0.0,0.0,0.0,0.0,0.0,0.0,0.0,0.0,0.0,17231.0,5.0,20040.0,15829.0,5.0,20053.0
2.412660649002646,0.0,0.0,0.0,0.0,0.0,0.0,0.0,0.0,0.0,0.0,0.0,0.0,0.0,17232.0,5.0,20060.0,15830.0,5.0,20073.0
2.4127262309921207,0.0,0.0,0.0,0.0,0.0,0.0,0.0,0.0,0.0,0.0,0.0,0.0,0.0,17233.0,5.0,20080.0,15831.0,5.0,20083.0
2.4207158600038383,0.0,0.0,0.0,0.0,0.0,0.0,0.0,0.0,0.0,0.0,0.0,0.0,0.0,17234.0,5.0,20100.0,15832.0,5.0,20113.0
2.4399125299969455,0.0,0.0,0.0,0.0,0.0,0.0,0.0,0.0,0.0,0.0,0.0,0.0,0.0,17235.0,5.0,20120.0,15833.0,5.0,20133.0
2.4601560150040314,0.0,0.0,0.0,0.0,0.0,0.0,0.0,0.0,0.0,0.0,0.0,0.0,0.0,17236.0,5.0,20140.0,15834.0,5.0,20153.0
2.480983578992891,0.0,0.0,0.0,0.0,0.0,0.0,0.0,0.0,0.0,0.0,0.0,0.0,0.0,17237.0,5.0,20160.0,15835.0,5.0,20172.0
2.4904740219935775,0.0,0.0,0.0,0.0,0.0,0.0,0.0,0.0,0.0,0.0,0.0,0.0,0.0,17238.0,5.0,20181.0,15836.0,5.0,20182.0
2.924439419992268,0.0,0.0,0.0,0.0,0.0,0.0,0.0,0.0,0.0,0.0,0.0,0.0,0.0,17239.0,5.0,20200.0,15837.0,5.0,20213.0
2.9248717129958095,0.0,0.0,0.0,0.0,0.0,0.0,0.0,0.0,0.0,0.0,0.0,0.0,0.0,17240.0,5.0,20220.0,15838.0,5.0,20233.0
2.9251280769967707,0.0,0.0,0.0,0.0,0.0,0.0,0.0,0.0,0.0,0.0,0.0,0.0,0.0,17241.0,5.0,20240.0,15839.0,5.0,20253.0
2.925192747003166,0.0,0.0,0.0,0.0,0.0,0.0,0.0,0.0,0.0,0.0,0.0,0.0,0.0,17242.0,5.0,20260.0,15840.0,5.0,20273.0
2.925254571993719,0.0,0.0,0.0,0.0,0.0,0.0,0.0,0.0,0.0,0.0,0.0,0.0,0.0,17243.0,5.0,20280.0,15841.0,5.0,20283.0
2.9253156749909976,0.0,0.0,0.0,0.0,0.0,0.0,0.0,0.0,0.0,0.0,0.0,0.0,0.0,17244.0,5.0,20300.0,15842.0,5.0,20313.0
2.925376639002934,0.0,0.0,0.0,0.0,0.0,0.0,0.0,0.0,0.0,0.0,0.0,0.0,0.0,17245.0,5.0,20320.0,15843.0,5.0,20333.0
2.92543707099685,0.0,0.0,0.0,0.0,0.0,0.0,0.0,0.0,0.0,0.0,0.0,0.0,0.0,17246.0,5.0,20340.0,15844.0,5.0,20353.0
2.925497923992225,0.0,0.0,0.0,0.0,0.0,0.0,0.0,0.0,0.0,0.0,0.0,0.0,0.0,17247.0,5.0,20360.0,15845.0,5.0,20373.0
2.925557915994432,0.0,0.0,0.0,0.0,0.0,0.0,0.0,0.0,0.0,0.0,0.0,0.0,0.0,17248.0,5.0,20380.0,15846.0,5.0,20383.0
2.925620362002519,0.0,0.0,0.0,0.0,0.0,0.0,0.0,0.0,0.0,0.0,0.0,0.0,0.0,17249.0,5.0,20400.0,15847.0,5.0,20413.0
2.9256803129974287,0.0,0.0,0.0,0.0,0.0,0.0,0.0,0.0,0.0,0.0,0.0,0.0,0.0,17250.0,5.0,20420.0,15848.0,5.0,20433.0
2.925740726001095,0.0,0.0,0.0,0.0,0.0,0.0,0.0,0.0,0.0,0.0,0.0,0.0,0.0,17251.0,5.0,20440.0,15849.0,5.0,20453.0
2.9258004470029846,0.0,0.0,0.0,0.0,0.0,0.0,0.0,0.0,0.0,0.0,0.0,0.0,0.0,17252.0,5.0,20460.0,15850.0,5.0,20473.0
2.9258666889945744,0.0,0.0,0.0,0.0,0.0,0.0,0.0,0.0,0.0,0.0,0.0,0.0,0.0,17253.0,5.0,20480.0,15851.0,5.0,20483.0
2.925926720999996,0.0,0.0,0.0,0.0,0.0,0.0,0.0,0.0,0.0,0.0,0.0,0.0,0.0,17254.0,5.0,20500.0,15852.0,5.0,20513.0
2.925985049994779,0.0,0.0,0.0,0.0,0.0,0.0,0.0,0.0,0.0,0.0,0.0,0.0,0.0,17255.0,5.0,20520.0,15853.0,5.0,20533.0
2.9260438100027386,0.0,0.0,0.0,0.0,0.0,0.0,0.0,0.0,0.0,0.0,0.0,0.0,0.0,17256.0,5.0,20540.0,15854.0,5.0,20553.0
2.9261051539942855,0.0,0.0,0.0,0.0,0.0,0.0,0.0,0.0,0.0,0.0,0.0,0.0,0.0,17257.0,5.0,20560.0,15855.0,5.0,20573.0
2.926164313990739,0.0,0.0,0.0,0.0,0.0,0.0,0.0,0.0,0.0,0.0,0.0,0.0,0.0,17258.0,5.0,20580.0,15856.0,5.0,20583.0
2.9262234140041983,0.0,0.0,0.0,0.0,0.0,0.0,0.0,0.0,0.0,0.0,0.0,0.0,0.0,17259.0,5.0,20600.0,15857.0,5.0,20612.0
2.9397238489909796,0.0,0.0,0.0,0.0,0.0,0.0,0.0,0.0,0.0,0.0,0.0,0.0,0.0,17260.0,5.0,20620.0,15858.0,5.0,20633.0
2.9629150399996433,0.0,0.0,0.0,0.0,0.0,0.0,0.0,0.0,0.0,0.0,0.0,0.0,0.0,17261.0,5.0,20640.0,15859.0,5.0,20653.0
2.979949114000192,0.0,0.0,0.0,0.0,0.0,0.0,0.0,0.0,0.0,0.0,0.0,0.0,0.0,17262.0,5.0,20660.0,15860.0,5.0,20673.0
2.9917470929940464,0.0,0.0,0.0,0.0,0.0,0.0,0.0,0.0,0.0,0.0,0.0,0.0,0.0,17263.0,5.0,20680.0,15861.0,5.0,20683.0
3.0222233239910565,0.0,0.0,0.0,0.0,0.0,0.0,0.0,0.0,0.0,0.0,0.0,0.0,0.0,17264.0,5.0,20700.0,15862.0,5.0,20713.0
3.0303478650021134,0.0,0.0,0.0,0.0,0.0,0.0,0.0,0.0,0.0,0.0,0.0,0.0,0.0,17265.0,5.0,20720.0,15863.0,5.0,20722.0
3.072286715992959,0.0,0.0,0.0,0.0,0.0,0.0,0.0,0.0,0.0,0.0,0.0,0.0,0.0,17266.0,5.0,20740.0,15864.0,5.0,20753.0
3.0808016800001496,0.0,0.0,0.0,0.0,0.0,0.0,0.0,0.0,0.0,0.0,0.0,0.0,0.0,17267.0,5.0,20760.0,15865.0,5.0,20772.0
3.089722441000049,0.0,0.0,0.0,0.0,0.0,0.0,0.0,0.0,0.0,0.0,0.0,0.0,0.0,17268.0,5.0,20780.0,15866.0,5.0,20782.0
3.132223784996313,0.0,0.0,0.0,0.0,0.0,0.0,0.0,0.0,0.0,0.0,0.0,0.0,0.0,17269.0,5.0,20800.0,15867.0,5.0,20813.0
3.1398765179910697,0.0,0.0,0.0,0.0,0.0,0.0,0.0,0.0,0.0,0.0,0.0,0.0,0.0,17270.0,5.0,20820.0,15868.0,5.0,20833.0
3.1634930099971825,0.0,0.0,0.0,0.0,0.0,0.0,0.0,0.0,0.0,0.0,0.0,0.0,0.0,17271.0,5.0,20840.0,15869.0,5.0,20853.0
3.298340419991291,0.0,0.0,0.0,0.0,0.0,0.0,0.0,0.0,0.0,0.0,0.0,0.0,0.0,17272.0,5.0,20860.0,15870.0,5.0,20873.0
3.3083253349905135,0.0,0.0,0.0,0.0,0.0,0.0,0.0,0.0,0.0,0.0,0.0,0.0,0.0,17279.0,5.0,21000.0,15871.0,5.0,21002.0
3.3406124750035815,0.0,0.0,0.0,0.0,0.0,0.0,0.0,0.0,0.0,0.0,0.0,0.0,0.0,17280.0,5.0,21020.0,15872.0,5.0,21033.0
3.3613440170011017,0.0,0.0,0.0,0.0,0.0,0.0,0.0,0.0,0.0,0.0,0.0,0.0,0.0,17281.0,5.0,21040.0,15873.0,5.0,21053.0
3.3801422020042082,0.0,0.0,0.0,0.0,0.0,0.0,0.0,0.0,0.0,0.0,0.0,0.0,0.0,17282.0,5.0,21060.0,15874.0,5.0,21073.0
3.5079047619947232,0.0,0.0,0.0,0.0,0.0,0.0,0.0,0.0,0.0,0.0,0.0,0.0,0.0,17283.0,5.0,21080.0,15875.0,5.0,21093.0
3.508077284990577,0.0,0.0,0.0,0.0,0.0,0.0,0.0,0.0,0.0,0.0,0.0,0.0,0.0,17284.0,5.0,21100.0,15876.0,5.0,21103.0
3.5081478039937792,0.0,0.0,0.0,0.0,0.0,0.0,0.0,0.0,0.0,0.0,0.0,0.0,0.0,17285.0,5.0,21120.0,15877.0,5.0,21133.0
3.508210390995373,0.0,0.0,0.0,0.0,0.0,0.0,0.0,0.0,0.0,0.0,0.0,0.0,0.0,17286.0,5.0,21140.0,15878.0,5.0,21153.0
3.5082730669964803,0.0,0.0,0.0,0.0,0.0,0.0,0.0,0.0,0.0,0.0,0.0,0.0,0.0,17287.0,5.0,21160.0,15879.0,5.0,21173.0
3.5083316859963816,0.0,0.0,0.0,0.0,0.0,0.0,0.0,0.0,0.0,0.0,0.0,0.0,0.0,17288.0,5.0,21180.0,15880.0,5.0,21193.0
3.514199622994056,0.0,0.0,0.0,0.0,0.0,0.0,0.0,0.0,0.0,0.0,0.0,0.0,0.0,17289.0,5.0,21200.0,15881.0,5.0,21203.0
3.541244056003052,0.0,0.0,0.0,0.0,0.0,0.0,0.0,0.0,0.0,0.0,0.0,0.0,0.0,17290.0,5.0,21220.0,15882.0,5.0,21233.0
3.5609060449933168,0.0,0.0,0.0,0.0,0.0,0.0,0.0,0.0,0.0,0.0,0.0,0.0,0.0,17291.0,5.0,21240.0,15883.0,5.0,21253.0
3.6002533529972425,0.0,0.0,0.0,0.0,0.0,0.0,0.0,0.0,0.0,0.0,0.0,0.0,0.0,17292.0,5.0,21260.0,15884.0,5.0,21273.0
3.600653760993737,0.0,0.0,0.0,0.0,0.0,0.0,0.0,0.0,0.0,0.0,0.0,0.0,0.0,17293.0,5.0,21280.0,15885.0,5.0,21293.0
3.6102081470016856,0.0,0.0,0.0,0.0,0.0,0.0,0.0,0.0,0.0,0.0,0.0,0.0,0.0,17294.0,5.0,21300.0,15886.0,5.0,21303.0
3.7071041669987608,0.0,0.0,0.0,0.0,0.0,0.0,0.0,0.0,0.0,0.0,0.0,0.0,0.0,17295.0,5.0,21320.0,15887.0,5.0,21333.0
3.7072232689970406,0.0,0.0,0.0,0.0,0.0,0.0,0.0,0.0,0.0,0.0,0.0,0.0,0.0,17296.0,5.0,21340.0,15888.0,5.0,21353.0
3.70729436900001,0.0,0.0,0.0,0.0,0.0,0.0,0.0,0.0,0.0,0.0,0.0,0.0,0.0,17297.0,5.0,21360.0,15889.0,5.0,21373.0
3.7073562839941587,0.0,0.0,0.0,0.0,0.0,0.0,0.0,0.0,0.0,0.0,0.0,0.0,0.0,17298.0,5.0,21380.0,15890.0,5.0,21393.0
3.7283446319925133,0.0,0.0,0.0,0.0,0.0,0.0,0.0,0.0,0.0,0.0,0.0,0.0,0.0,17299.0,5.0,21400.0,15891.0,5.0,21404.0
3.7309461230033776,0.0,0.0,0.0,0.0,0.0,0.0,0.0,0.0,0.0,0.0,0.0,0.0,0.0,17300.0,5.0,21420.0,15892.0,5.0,21423.0
3.7605870620027417,0.0,0.0,0.0,0.0,0.0,0.0,0.0,0.0,0.0,0.0,0.0,0.0,0.0,17301.0,5.0,21440.0,15893.0,5.0,21453.0
3.782057096992503,0.0,0.0,0.0,0.0,0.0,0.0,0.0,0.0,0.0,0.0,0.0,0.0,0.0,17302.0,5.0,21460.0,15894.0,5.0,21473.0
3.8014059949928196,0.0,0.0,0.0,0.0,0.0,0.0,0.0,0.0,0.0,0.0,0.0,0.0,0.0,17303.0,5.0,21480.0,15895.0,5.0,21494.0
3.812475654995069,0.0,0.0,0.0,0.0,0.0,0.0,0.0,0.0,0.0,0.0,0.0,0.0,0.0,17304.0,5.0,21500.0,15896.0,5.0,21504.0
3.8307678109995322,0.0,0.0,0.0,0.0,0.0,0.0,0.0,0.0,0.0,0.0,0.0,0.0,0.0,17305.0,5.0,21520.0,15897.0,5.0,21523.0
3.9051308009948116,0.0,0.0,0.0,0.0,0.0,0.0,0.0,0.0,0.0,0.0,0.0,0.0,0.0,17306.0,5.0,21540.0,15898.0,5.0,21553.0
3.90561065399379,0.0,0.0,0.0,0.0,0.0,0.0,0.0,0.0,0.0,0.0,0.0,0.0,0.0,17307.0,5.0,21560.0,15899.0,5.0,21573.0
3.9489895879960386,0.0,0.0,0.0,0.0,0.0,0.0,0.0,0.0,0.0,0.0,0.0,0.0,0.0,17308.0,5.0,21580.0,15900.0,5.0,21593.0
3.9492085889942246,0.0,0.0,0.0,0.0,0.0,0.0,0.0,0.0,0.0,0.0,0.0,0.0,0.0,17309.0,5.0,21600.0,15901.0,5.0,21602.0
3.949285750000854,0.0,0.0,0.0,0.0,0.0,0.0,0.0,0.0,0.0,0.0,0.0,0.0,0.0,17310.0,5.0,21620.0,15902.0,5.0,21633.0
3.9614833219966386,0.0,0.0,0.0,0.0,0.0,0.0,0.0,0.0,0.0,0.0,0.0,0.0,0.0,17311.0,5.0,21640.0,15903.0,5.0,21653.0
3.982740895997267,0.0,0.0,0.0,0.0,0.0,0.0,0.0,0.0,0.0,0.0,0.0,0.0,0.0,17312.0,5.0,21660.0,15904.0,5.0,21673.0
4.003332380991196,0.0,0.0,0.0,0.0,0.0,0.0,0.0,0.0,0.0,0.0,0.0,0.0,0.0,17313.0,5.0,21680.0,15905.0,5.0,21693.0
4.010407658002805,0.0,0.0,0.0,0.0,0.0,0.0,0.0,0.0,0.0,0.0,0.0,0.0,0.0,17314.0,5.0,21700.0,15906.0,5.0,21703.0
4.040962426995975,0.0,0.0,0.0,0.0,0.0,0.0,0.0,0.0,0.0,0.0,0.0,0.0,0.0,17315.0,5.0,21720.0,15907.0,5.0,21733.0
4.168399578993558,0.0,0.0,0.0,0.0,0.0,0.0,0.0,0.0,0.0,0.0,0.0,0.0,0.0,17316.0,5.0,21740.0,15908.0,5.0,21753.0
4.168908381994697,0.0,0.0,0.0,0.0,0.0,0.0,0.0,0.0,0.0,0.0,0.0,0.0,0.0,17317.0,5.0,21760.0,15909.0,5.0,21773.0
4.169238130998565,0.0,0.0,0.0,0.0,0.0,0.0,0.0,0.0,0.0,0.0,0.0,0.0,0.0,17318.0,5.0,21780.0,15910.0,5.0,21793.0
4.169305054994766,0.0,0.0,0.0,0.0,0.0,0.0,0.0,0.0,0.0,0.0,0.0,0.0,0.0,17319.0,5.0,21800.0,15911.0,5.0,21803.0
4.169366939997417,0.0,0.0,0.0,0.0,0.0,0.0,0.0,0.0,0.0,0.0,0.0,0.0,0.0,17320.0,5.0,21820.0,15912.0,5.0,21833.0
4.169430566995288,0.0,0.0,0.0,0.0,0.0,0.0,0.0,0.0,0.0,0.0,0.0,0.0,0.0,17321.0,5.0,21840.0,15913.0,5.0,21853.0
4.181487701993319,0.0,0.0,0.0,0.0,0.0,0.0,0.0,0.0,0.0,0.0,0.0,0.0,0.0,17322.0,5.0,21860.0,15914.0,5.0,21873.0
4.200037004004116,0.0,0.0,0.0,0.0,0.0,0.0,0.0,0.0,0.0,0.0,0.0,0.0,0.0,17323.0,5.0,21880.0,15915.0,5.0,21893.0
4.2175246859987965,0.0,0.0,0.0,0.0,0.0,0.0,0.0,0.0,0.0,0.0,0.0,0.0,0.0,17324.0,5.0,21900.0,15916.0,5.0,21903.0
4.240613084999495,0.0,0.0,0.0,0.0,0.0,0.0,0.0,0.0,0.0,0.0,0.0,0.0,0.0,17325.0,5.0,21920.0,15917.0,5.0,21933.0
4.260037471001851,0.0,0.0,0.0,0.0,0.0,0.0,0.0,0.0,0.0,0.0,0.0,0.0,0.0,17326.0,5.0,21940.0,15918.0,5.0,21953.0
4.360023998000543,0.0,0.0,0.0,0.0,0.0,0.0,0.0,0.0,0.0,0.0,0.0,0.0,0.0,17327.0,5.0,21960.0,15919.0,5.0,21973.0
4.360427581996191,0.0,0.0,0.0,0.0,0.0,0.0,0.0,0.0,0.0,0.0,0.0,0.0,0.0,17328.0,5.0,21980.0,15920.0,5.0,21994.0
4.36060290900059,0.0,0.0,0.0,0.0,0.0,0.0,0.0,0.0,0.0,0.0,0.0,0.0,0.0,17330.0,5.0,22020.0,15921.0,5.0,22036.0
4.360670013003983,0.0,0.0,0.0,0.0,0.0,0.0,0.0,0.0,0.0,0.0,0.0,0.0,0.0,17331.0,5.0,22040.0,15922.0,5.0,22043.0
4.389998742990429,0.0,0.0,0.0,0.0,0.0,0.0,0.0,0.0,0.0,0.0,0.0,0.0,0.0,17332.0,5.0,22060.0,15923.0,5.0,22073.0
4.400271991995396,0.0,0.0,0.0,0.0,0.0,0.0,0.0,0.0,0.0,0.0,0.0,0.0,0.0,17333.0,5.0,22080.0,15924.0,5.0,22093.0
4.420198409992736,0.0,0.0,0.0,0.0,0.0,0.0,0.0,0.0,0.0,0.0,0.0,0.0,0.0,17334.0,5.0,22100.0,15925.0,5.0,22113.0
4.4305583859968465,0.0,0.0,0.0,0.0,0.0,0.0,0.0,0.0,0.0,0.0,0.0,0.0,0.0,17335.0,5.0,22120.0,15926.0,5.0,22123.0
4.461071673998958,0.0,0.0,0.0,0.0,0.0,0.0,0.0,0.0,0.0,0.0,0.0,0.0,0.0,17336.0,5.0,22140.0,15927.0,5.0,22153.0
4.4802118279912975,0.0,0.0,0.0,0.0,0.0,0.0,0.0,0.0,0.0,0.0,0.0,0.0,0.0,17337.0,5.0,22160.0,15928.0,5.0,22173.0
4.513833908000379,0.0,0.0,0.0,0.0,0.0,0.0,0.0,0.0,0.0,0.0,0.0,0.0,0.0,17338.0,5.0,22180.0,15929.0,5.0,22193.0
4.616797583003063,0.0,0.0,0.0,0.0,0.0,0.0,0.0,0.0,0.0,0.0,0.0,0.0,0.0,17339.0,5.0,22200.0,15930.0,5.0,22213.0
4.617101237992756,0.0,0.0,0.0,0.0,0.0,0.0,0.0,0.0,0.0,0.0,0.0,0.0,0.0,17340.0,5.0,22220.0,15931.0,5.0,22223.0
4.617169634002494,0.0,0.0,0.0,0.0,0.0,0.0,0.0,0.0,0.0,0.0,0.0,0.0,0.0,17341.0,5.0,22240.0,15932.0,5.0,22253.0
4.617234463992645,0.0,0.0,0.0,0.0,0.0,0.0,0.0,0.0,0.0,0.0,0.0,0.0,0.0,17342.0,5.0,22260.0,15933.0,5.0,22273.0
4.617294184994535,0.0,0.0,0.0,0.0,0.0,0.0,0.0,0.0,0.0,0.0,0.0,0.0,0.0,17343.0,5.0,22280.0,15934.0,5.0,22293.0
4.6202950430015335,0.0,0.0,0.0,0.0,0.0,0.0,0.0,0.0,0.0,0.0,0.0,0.0,0.0,17344.0,5.0,22300.0,15935.0,5.0,22313.0
4.629283724993002,0.0,0.0,0.0,0.0,0.0,0.0,0.0,0.0,0.0,0.0,0.0,0.0,0.0,17345.0,5.0,22320.0,15936.0,5.0,22323.0
4.660376935993554,0.0,0.0,0.0,0.0,0.0,0.0,0.0,0.0,0.0,0.0,0.0,0.0,0.0,17346.0,5.0,22340.0,15937.0,5.0,22353.0
4.67988779899315,0.0,0.0,0.0,0.0,0.0,0.0,0.0,0.0,0.0,0.0,0.0,0.0,0.0,17347.0,5.0,22360.0,15938.0,5.0,22373.0
4.712856022990309,0.0,0.0,0.0,0.0,0.0,0.0,0.0,0.0,0.0,0.0,0.0,0.0,0.0,17348.0,5.0,22380.0,15939.0,5.0,22393.0
4.828976064003655,0.0,0.0,0.0,0.0,0.0,0.0,0.0,0.0,0.0,0.0,0.0,0.0,0.0,17349.0,5.0,22400.0,15940.0,5.0,22413.0
4.829340062002302,0.0,0.0,0.0,0.0,0.0,0.0,0.0,0.0,0.0,0.0,0.0,0.0,0.0,17350.0,5.0,22420.0,15941.0,5.0,22423.0
4.829444889997831,0.0,0.0,0.0,0.0,0.0,0.0,0.0,0.0,0.0,0.0,0.0,0.0,0.0,17351.0,5.0,22440.0,15942.0,5.0,22453.0
4.829505401998176,0.0,0.0,0.0,0.0,0.0,0.0,0.0,0.0,0.0,0.0,0.0,0.0,0.0,17352.0,5.0,22460.0,15943.0,5.0,22473.0
4.8295638609997695,0.0,0.0,0.0,0.0,0.0,0.0,0.0,0.0,0.0,0.0,0.0,0.0,0.0,17353.0,5.0,22480.0,15944.0,5.0,22494.0
4.8296262770018075,0.0,0.0,0.0,0.0,0.0,0.0,0.0,0.0,0.0,0.0,0.0,0.0,0.0,17354.0,5.0,22500.0,15945.0,5.0,22501.0
4.832564921001904,0.0,0.0,0.0,0.0,0.0,0.0,0.0,0.0,0.0,0.0,0.0,0.0,0.0,17355.0,5.0,22520.0,15946.0,5.0,22523.0
4.860598258994287,0.0,0.0,0.0,0.0,0.0,0.0,0.0,0.0,0.0,0.0,0.0,0.0,0.0,17356.0,5.0,22540.0,15947.0,5.0,22553.0
4.879917917001876,0.0,0.0,0.0,0.0,0.0,0.0,0.0,0.0,0.0,0.0,0.0,0.0,0.0,17357.0,5.0,22560.0,15948.0,5.0,22573.0
4.901928829000099,0.0,0.0,0.0,0.0,0.0,0.0,0.0,0.0,0.0,0.0,0.0,0.0,0.0,17358.0,5.0,22580.0,15949.0,5.0,22593.0
4.930531221994897,0.0,0.0,0.0,0.0,0.0,0.0,0.0,0.0,0.0,0.0,0.0,0.0,0.0,17359.0,5.0,22600.0,15950.0,5.0,22613.0
4.930871208998724,0.0,0.0,0.0,0.0,0.0,0.0,0.0,0.0,0.0,0.0,0.0,0.0,0.0,17360.0,5.0,22620.0,15951.0,5.0,22623.0
5.0503931190032745,0.0,0.0,0.0,0.0,0.0,0.0,0.0,0.0,0.0,0.0,0.0,0.0,0.0,17361.0,5.0,22640.0,15952.0,5.0,22653.0
5.050500842000474,0.0,0.0,0.0,0.0,0.0,0.0,0.0,0.0,0.0,0.0,0.0,0.0,0.0,17362.0,5.0,22660.0,15953.0,5.0,22673.0
5.050568806997035,0.0,0.0,0.0,0.0,0.0,0.0,0.0,0.0,0.0,0.0,0.0,0.0,0.0,17363.0,5.0,22680.0,15954.0,5.0,22693.0
5.050635389998206,0.0,0.0,0.0,0.0,0.0,0.0,0.0,0.0,0.0,0.0,0.0,0.0,0.0,17364.0,5.0,22700.0,15955.0,5.0,22713.0
5.050694039993687,0.0,0.0,0.0,0.0,0.0,0.0,0.0,0.0,0.0,0.0,0.0,0.0,0.0,17365.0,5.0,22720.0,15956.0,5.0,22724.0
5.059770284002298,0.0,0.0,0.0,0.0,0.0,0.0,0.0,0.0,0.0,0.0,0.0,0.0,0.0,17366.0,5.0,22740.0,15957.0,5.0,22753.0
5.07999367499724,0.0,0.0,0.0,0.0,0.0,0.0,0.0,0.0,0.0,0.0,0.0,0.0,0.0,17367.0,5.0,22760.0,15958.0,5.0,22773.0
5.101607192991651,0.0,0.0,0.0,0.0,0.0,0.0,0.0,0.0,0.0,0.0,0.0,0.0,0.0,17368.0,5.0,22780.0,15959.0,5.0,22793.0
5.1197648310044315,0.0,0.0,0.0,0.0,0.0,0.0,0.0,0.0,0.0,0.0,0.0,0.0,0.0,17369.0,5.0,22800.0,15960.0,5.0,22813.0
5.137222870995174,0.0,0.0,0.0,0.0,0.0,0.0,0.0,0.0,0.0,0.0,0.0,0.0,0.0,17370.0,5.0,22820.0,15961.0,5.0,22823.0
5.27975721299299,0.0,0.0,0.0,0.0,0.0,0.0,0.0,0.0,0.0,0.0,0.0,0.0,0.0,17371.0,5.0,22840.0,15962.0,5.0,22853.0
5.280313305993332,0.0,0.0,0.0,0.0,0.0,0.0,0.0,0.0,0.0,0.0,0.0,0.0,0.0,17372.0,5.0,22860.0,15963.0,5.0,22873.0
5.291996321990155,0.0,0.0,0.0,0.0,0.0,0.0,0.0,0.0,0.0,0.0,0.0,0.0,0.0,17378.0,5.0,22980.0,15964.0,5.0,22984.0
5.311755054994137,0.0,0.0,0.0,0.0,0.0,0.0,0.0,0.0,0.0,0.0,0.0,0.0,0.0,17379.0,5.0,23000.0,15965.0,5.0,23003.0
5.340509916000883,0.0,0.0,0.0,0.0,0.0,0.0,0.0,0.0,0.0,0.0,0.0,0.0,0.0,17380.0,5.0,23020.0,15966.0,5.0,23033.0
5.3603379059932195,0.0,0.0,0.0,0.0,0.0,0.0,0.0,0.0,0.0,0.0,0.0,0.0,0.0,17381.0,5.0,23040.0,15967.0,5.0,23053.0
5.489318859996274,0.0,0.0,0.0,0.0,0.0,0.0,0.0,0.0,0.0,0.0,0.0,0.0,0.0,17382.0,5.0,23060.0,15968.0,5.0,23073.0
5.489739533993998,0.0,0.0,0.0,0.0,0.0,0.0,0.0,0.0,0.0,0.0,0.0,0.0,0.0,17383.0,5.0,23080.0,15969.0,5.0,23093.0
5.489818877991638,0.0,0.0,0.0,0.0,0.0,0.0,0.0,0.0,0.0,0.0,0.0,0.0,0.0,17384.0,5.0,23100.0,15970.0,5.0,23113.0
5.489884519993211,0.0,0.0,0.0,0.0,0.0,0.0,0.0,0.0,0.0,0.0,0.0,0.0,0.0,17385.0,5.0,23120.0,15971.0,5.0,23123.0
5.489947857000516,0.0,0.0,0.0,0.0,0.0,0.0,0.0,0.0,0.0,0.0,0.0,0.0,0.0,17386.0,5.0,23140.0,15972.0,5.0,23153.0
5.49001051299274,0.0,0.0,0.0,0.0,0.0,0.0,0.0,0.0,0.0,0.0,0.0,0.0,0.0,17387.0,5.0,23160.0,15973.0,5.0,23172.0
5.499748860995169,0.0,0.0,0.0,0.0,0.0,0.0,0.0,0.0,0.0,0.0,0.0,0.0,0.0,17388.0,5.0,23180.0,15974.0,5.0,23193.0
5.527379434992326,0.0,0.0,0.0,0.0,0.0,0.0,0.0,0.0,0.0,0.0,0.0,0.0,0.0,17389.0,5.0,23200.0,15975.0,5.0,23213.0
5.529123853993951,0.0,0.0,0.0,0.0,0.0,0.0,0.0,0.0,0.0,0.0,0.0,0.0,0.0,17390.0,5.0,23220.0,15976.0,5.0,23223.0
5.56036643400148,0.0,0.0,0.0,0.0,0.0,0.0,0.0,0.0,0.0,0.0,0.0,0.0,0.0,17391.0,5.0,23240.0,15977.0,5.0,23253.0
5.582188827000209,0.0,0.0,0.0,0.0,0.0,0.0,0.0,0.0,0.0,0.0,0.0,0.0,0.0,17392.0,5.0,23260.0,15978.0,5.0,23273.0
5.708907847001683,0.0,0.0,0.0,0.0,0.0,0.0,0.0,0.0,0.0,0.0,0.0,0.0,0.0,17393.0,5.0,23280.0,15979.0,5.0,23293.0
5.709237877003034,0.0,0.0,0.0,0.0,0.0,0.0,0.0,0.0,0.0,0.0,0.0,0.0,0.0,17394.0,5.0,23300.0,15980.0,5.0,23313.0
5.709316359992954,0.0,0.0,0.0,0.0,0.0,0.0,0.0,0.0,0.0,0.0,0.0,0.0,0.0,17395.0,5.0,23320.0,15981.0,5.0,23322.0
5.709381280001253,0.0,0.0,0.0,0.0,0.0,0.0,0.0,0.0,0.0,0.0,0.0,0.0,0.0,17396.0,5.0,23340.0,15982.0,5.0,23353.0
5.709450216992991,0.0,0.0,0.0,0.0,0.0,0.0,0.0,0.0,0.0,0.0,0.0,0.0,0.0,17397.0,5.0,23360.0,15983.0,5.0,23373.0
5.709518413001206,0.0,0.0,0.0,0.0,0.0,0.0,0.0,0.0,0.0,0.0,0.0,0.0,0.0,17398.0,5.0,23380.0,15984.0,5.0,23393.0
5.721038217001478,0.0,0.0,0.0,0.0,0.0,0.0,0.0,0.0,0.0,0.0,0.0,0.0,0.0,17399.0,5.0,23400.0,15985.0,5.0,23413.0
5.7306683659990085,0.0,0.0,0.0,0.0,0.0,0.0,0.0,0.0,0.0,0.0,0.0,0.0,0.0,17400.0,5.0,23420.0,15986.0,5.0,23423.0
5.760266761993989,0.0,0.0,0.0,0.0,0.0,0.0,0.0,0.0,0.0,0.0,0.0,0.0,0.0,17401.0,5.0,23440.0,15987.0,5.0,23453.0
5.779731806003838,0.0,0.0,0.0,0.0,0.0,0.0,0.0,0.0,0.0,0.0,0.0,0.0,0.0,17402.0,5.0,23460.0,15988.0,5.0,23473.0
5.801508983000531,0.0,0.0,0.0,0.0,0.0,0.0,0.0,0.0,0.0,0.0,0.0,0.0,0.0,17403.0,5.0,23480.0,15989.0,5.0,23494.0
5.809592377001536,0.0,0.0,0.0,0.0,0.0,0.0,0.0,0.0,0.0,0.0,0.0,0.0,0.0,17404.0,5.0,23500.0,15990.0,5.0,23502.0
5.856999277995783,0.0,0.0,0.0,0.0,0.0,0.0,0.0,0.0,0.0,0.0,0.0,0.0,0.0,17405.0,5.0,23520.0,15991.0,5.0,23523.0
5.927416917998926,0.0,0.0,0.0,0.0,0.0,0.0,0.0,0.0,0.0,0.0,0.0,0.0,0.0,17406.0,5.0,23540.0,15992.0,5.0,23553.0
5.9277421699953265,0.0,0.0,0.0,0.0,0.0,0.0,0.0,0.0,0.0,0.0,0.0,0.0,0.0,17407.0,5.0,23560.0,15993.0,5.0,23573.0
5.927999014995294,0.0,0.0,0.0,0.0,0.0,0.0,0.0,0.0,0.0,0.0,0.0,0.0,0.0,17408.0,5.0,23580.0,15994.0,5.0,23593.0
5.928230598001392,0.0,0.0,0.0,0.0,0.0,0.0,0.0,0.0,0.0,0.0,0.0,0.0,0.0,17409.0,5.0,23600.0,15995.0,5.0,23613.0
5.932063050000579,0.0,0.0,0.0,0.0,0.0,0.0,0.0,0.0,0.0,0.0,0.0,0.0,0.0,17410.0,5.0,23620.0,15996.0,5.0,23623.0
5.960685099998955,0.0,0.0,0.0,0.0,0.0,0.0,0.0,0.0,0.0,0.0,0.0,0.0,0.0,17411.0,5.0,23640.0,15997.0,5.0,23653.0
5.979348634995404,0.0,0.0,0.0,0.0,0.0,0.0,0.0,0.0,0.0,0.0,0.0,0.0,0.0,17412.0,5.0,23660.0,15998.0,5.0,23673.0
6.001106348994654,0.0,0.0,0.0,0.0,0.0,0.0,0.0,0.0,0.0,0.0,0.0,0.0,0.0,17413.0,5.0,23680.0,15999.0,5.0,23693.0
6.020092450999073,0.0,0.0,0.0,0.0,0.0,0.0,0.0,0.0,0.0,0.0,0.0,0.0,0.0,17414.0,5.0,23700.0,16000.0,5.0,23713.0
6.151219228995615,0.0,0.0,0.0,0.0,0.0,0.0,0.0,0.0,0.0,0.0,0.0,0.0,0.0,17415.0,5.0,23720.0,16001.0,5.0,23723.0
6.151602849990013,0.0,0.0,0.0,0.0,0.0,0.0,0.0,0.0,0.0,0.0,0.0,0.0,0.0,17416.0,5.0,23740.0,16002.0,5.0,23753.0
6.1517772959923605,0.0,0.0,0.0,0.0,0.0,0.0,0.0,0.0,0.0,0.0,0.0,0.0,0.0,17417.0,5.0,23760.0,16003.0,5.0,23773.0
6.151840763996006,0.0,0.0,0.0,0.0,0.0,0.0,0.0,0.0,0.0,0.0,0.0,0.0,0.0,17418.0,5.0,23780.0,16004.0,5.0,23793.0
6.151901706994977,0.0,0.0,0.0,0.0,0.0,0.0,0.0,0.0,0.0,0.0,0.0,0.0,0.0,17419.0,5.0,23800.0,16005.0,5.0,23813.0
6.151963582000462,0.0,0.0,0.0,0.0,0.0,0.0,0.0,0.0,0.0,0.0,0.0,0.0,0.0,17420.0,5.0,23820.0,16006.0,5.0,23823.0
6.159535468992544,0.0,0.0,0.0,0.0,0.0,0.0,0.0,0.0,0.0,0.0,0.0,0.0,0.0,17421.0,5.0,23840.0,16007.0,5.0,23853.0
6.179559951997362,0.0,0.0,0.0,0.0,0.0,0.0,0.0,0.0,0.0,0.0,0.0,0.0,0.0,17422.0,5.0,23860.0,16008.0,5.0,23873.0
6.199567196003045,0.0,0.0,0.0,0.0,0.0,0.0,0.0,0.0,0.0,0.0,0.0,0.0,0.0,17423.0,5.0,23880.0,16009.0,5.0,23893.0
6.21947276800347,0.0,0.0,0.0,0.0,0.0,0.0,0.0,0.0,0.0,0.0,0.0,0.0,0.0,17424.0,5.0,23900.0,16010.0,5.0,23913.0
6.232731291995151,0.0,0.0,0.0,0.0,0.0,0.0,0.0,0.0,0.0,0.0,0.0,0.0,0.0,17425.0,5.0,23920.0,16011.0,5.0,23923.0
6.262000089001958,0.0,0.0,0.0,0.0,0.0,0.0,0.0,0.0,0.0,0.0,0.0,0.0,0.0,17426.0,5.0,23940.0,16012.0,5.0,23953.0
6.3676435929955915,0.0,0.0,0.0,0.0,0.0,0.0,0.0,0.0,0.0,0.0,0.0,0.0,0.0,17427.0,5.0,23960.0,16013.0,5.0,23973.0
6.367994970001746,0.0,0.0,0.0,0.0,0.0,0.0,0.0,0.0,0.0,0.0,0.0,0.0,0.0,17428.0,5.0,23980.0,16014.0,5.0,23995.0
6.368065578993992,0.0,0.0,0.0,0.0,0.0,0.0,0.0,0.0,0.0,0.0,0.0,0.0,0.0,17429.0,5.0,24000.0,16015.0,5.0,24002.0
6.368127013993217,0.0,0.0,0.0,0.0,0.0,0.0,0.0,0.0,0.0,0.0,0.0,0.0,0.0,17430.0,5.0,24020.0,16016.0,5.0,24023.0
6.368188558000838,0.0,0.0,0.0,0.0,0.0,0.0,0.0,0.0,0.0,0.0,0.0,0.0,0.0,17431.0,5.0,24040.0,16017.0,5.0,24053.0
6.379918538994389,0.0,0.0,0.0,0.0,0.0,0.0,0.0,0.0,0.0,0.0,0.0,0.0,0.0,17432.0,5.0,24060.0,16018.0,5.0,24073.0
6.401641814998584,0.0,0.0,0.0,0.0,0.0,0.0,0.0,0.0,0.0,0.0,0.0,0.0,0.0,17433.0,5.0,24080.0,16019.0,5.0,24093.0
6.410456979996525,0.0,0.0,0.0,0.0,0.0,0.0,0.0,0.0,0.0,0.0,0.0,0.0,0.0,17434.0,5.0,24100.0,16020.0,5.0,24102.0
6.430719087002217,0.0,0.0,0.0,0.0,0.0,0.0,0.0,0.0,0.0,0.0,0.0,0.0,0.0,17435.0,5.0,24120.0,16021.0,5.0,24123.0
6.464216648993897,0.0,0.0,0.0,0.0,0.0,0.0,0.0,0.0,0.0,0.0,0.0,0.0,0.0,17436.0,5.0,24140.0,16022.0,5.0,24153.0
6.5923815419955645,0.0,0.0,0.0,0.0,0.0,0.0,0.0,0.0,0.0,0.0,0.0,0.0,0.0,17437.0,5.0,24160.0,16023.0,5.0,24173.0
6.593014536003466,0.0,0.0,0.0,0.0,0.0,0.0,0.0,0.0,0.0,0.0,0.0,0.0,0.0,17438.0,5.0,24180.0,16024.0,5.0,24193.0
6.59312143799616,0.0,0.0,0.0,0.0,0.0,0.0,0.0,0.0,0.0,0.0,0.0,0.0,0.0,17439.0,5.0,24200.0,16025.0,5.0,24213.0
6.593190404993948,0.0,0.0,0.0,0.0,0.0,0.0,0.0,0.0,0.0,0.0,0.0,0.0,0.0,17440.0,5.0,24220.0,16026.0,5.0,24223.0
6.593251648999285,0.0,0.0,0.0,0.0,0.0,0.0,0.0,0.0,0.0,0.0,0.0,0.0,0.0,17441.0,5.0,24240.0,16027.0,5.0,24253.0
6.593311129996437,0.0,0.0,0.0,0.0,0.0,0.0,0.0,0.0,0.0,0.0,0.0,0.0,0.0,17442.0,5.0,24260.0,16028.0,5.0,24273.0
6.599677870995947,0.0,0.0,0.0,0.0,0.0,0.0,0.0,0.0,0.0,0.0,0.0,0.0,0.0,17443.0,5.0,24280.0,16029.0,5.0,24293.0
6.620040187990526,0.0,0.0,0.0,0.0,0.0,0.0,0.0,0.0,0.0,0.0,0.0,0.0,0.0,17444.0,5.0,24300.0,16030.0,5.0,24313.0
6.630106986995088,0.0,0.0,0.0,0.0,0.0,0.0,0.0,0.0,0.0,0.0,0.0,0.0,0.0,17445.0,5.0,24320.0,16031.0,5.0,24323.0
6.662308950995794,0.0,0.0,0.0,0.0,0.0,0.0,0.0,0.0,0.0,0.0,0.0,0.0,0.0,17446.0,5.0,24340.0,16032.0,5.0,24353.0
6.680328742993879,0.0,0.0,0.0,0.0,0.0,0.0,0.0,0.0,0.0,0.0,0.0,0.0,0.0,17447.0,5.0,24360.0,16033.0,5.0,24373.0
6.783140090992674,0.0,0.0,0.0,0.0,0.0,0.0,0.0,0.0,0.0,0.0,0.0,0.0,0.0,17448.0,5.0,24380.0,16034.0,5.0,24393.0
6.783524472994031,0.0,0.0,0.0,0.0,0.0,0.0,0.0,0.0,0.0,0.0,0.0,0.0,0.0,17449.0,5.0,24400.0,16035.0,5.0,24413.0
6.78382806800073,0.0,0.0,0.0,0.0,0.0,0.0,0.0,0.0,0.0,0.0,0.0,0.0,0.0,17450.0,5.0,24420.0,16036.0,5.0,24423.0
6.783893660001922,0.0,0.0,0.0,0.0,0.0,0.0,0.0,0.0,0.0,0.0,0.0,0.0,0.0,17451.0,5.0,24440.0,16037.0,5.0,24453.0
6.783950715995161,0.0,0.0,0.0,0.0,0.0,0.0,0.0,0.0,0.0,0.0,0.0,0.0,0.0,17452.0,5.0,24460.0,16038.0,5.0,24473.0
6.8086836699949345,0.0,0.0,0.0,0.0,0.0,0.0,0.0,0.0,0.0,0.0,0.0,0.0,0.0,17453.0,5.0,24480.0,16039.0,5.0,24494.0
6.813729583998793,0.0,0.0,0.0,0.0,0.0,0.0,0.0,0.0,0.0,0.0,0.0,0.0,0.0,17454.0,5.0,24500.0,16040.0,5.0,24502.0
6.830884447001154,0.0,0.0,0.0,0.0,0.0,0.0,0.0,0.0,0.0,0.0,0.0,0.0,0.0,17455.0,5.0,24520.0,16041.0,5.0,24523.0
6.859129520991701,0.0,0.0,0.0,0.0,0.0,0.0,0.0,0.0,0.0,0.0,0.0,0.0,0.0,17456.0,5.0,24540.0,16042.0,5.0,24553.0
6.879135362993111,0.0,0.0,0.0,0.0,0.0,0.0,0.0,0.0,0.0,0.0,0.0,0.0,0.0,17457.0,5.0,24560.0,16043.0,5.0,24573.0
6.89956309099216,0.0,0.0,0.0,0.0,0.0,0.0,0.0,0.0,0.0,0.0,0.0,0.0,0.0,17458.0,5.0,24580.0,16044.0,5.0,24593.0
6.98814467099146,0.0,0.0,0.0,0.0,0.0,0.0,0.0,0.0,0.0,0.0,0.0,0.0,0.0,17459.0,5.0,24600.0,16045.0,5.0,24613.0
6.988529984999332,0.0,0.0,0.0,0.0,0.0,0.0,0.0,0.0,0.0,0.0,0.0,0.0,0.0,17460.0,5.0,24620.0,16046.0,5.0,24623.0
6.988804270993569,0.0,0.0,0.0,0.0,0.0,0.0,0.0,0.0,0.0,0.0,0.0,0.0,0.0,17461.0,5.0,24640.0,16047.0,5.0,24653.0
6.98903842800064,0.0,0.0,0.0,0.0,0.0,0.0,0.0,0.0,0.0,0.0,0.0,0.0,0.0,17462.0,5.0,24660.0,16048.0,5.0,24673.0
7.0275719729979755,0.0,0.0,0.0,0.0,0.0,0.0,0.0,0.0,0.0,0.0,0.0,0.0,0.0,17463.0,5.0,24680.0,16049.0,5.0,24693.0
7.027982289000647,0.0,0.0,0.0,0.0,0.0,0.0,0.0,0.0,0.0,0.0,0.0,0.0,0.0,17464.0,5.0,24700.0,16050.0,5.0,24713.0
7.029248477992951,0.0,0.0,0.0,0.0,0.0,0.0,0.0,0.0,0.0,0.0,0.0,0.0,0.0,17465.0,5.0,24720.0,16051.0,5.0,24723.0
7.0606547170027625,0.0,0.0,0.0,0.0,0.0,0.0,0.0,0.0,0.0,0.0,0.0,0.0,0.0,17466.0,5.0,24740.0,16052.0,5.0,24753.0
7.0807521940005245,0.0,0.0,0.0,0.0,0.0,0.0,0.0,0.0,0.0,0.0,0.0,0.0,0.0,17467.0,5.0,24760.0,16053.0,5.0,24773.0
7.099649975003558,0.0,0.0,0.0,0.0,0.0,0.0,0.0,0.0,0.0,0.0,0.0,0.0,0.0,17468.0,5.0,24780.0,16054.0,5.0,24793.0
7.125207869001315,0.0,0.0,0.0,0.0,0.0,0.0,0.0,0.0,0.0,0.0,0.0,0.0,0.0,17469.0,5.0,24800.0,16055.0,5.0,24813.0
7.1290157019975595,0.0,0.0,0.0,0.0,0.0,0.0,0.0,0.0,0.0,0.0,0.0,0.0,0.0,17470.0,5.0,24820.0,16056.0,5.0,24823.0
7.25793724299001,0.0,0.0,0.0,0.0,0.0,0.0,0.0,0.0,0.0,0.0,0.0,0.0,0.0,17471.0,5.0,24840.0,16057.0,5.0,24853.0
7.258333274992765,0.0,0.0,0.0,0.0,0.0,0.0,0.0,0.0,0.0,0.0,0.0,0.0,0.0,17472.0,5.0,24860.0,16058.0,5.0,24873.0
7.26977795700077,0.0,0.0,0.0,0.0,0.0,0.0,0.0,0.0,0.0,0.0,0.0,0.0,0.0,17477.0,5.0,24960.0,16059.0,5.0,24963.0
7.302632974999142,0.0,0.0,0.0,0.0,0.0,0.0,0.0,0.0,0.0,0.0,0.0,0.0,0.0,17478.0,5.0,24980.0,16060.0,5.0,24994.0
7.320255161990644,0.0,0.0,0.0,0.0,0.0,0.0,0.0,0.0,0.0,0.0,0.0,0.0,0.0,17479.0,5.0,25000.0,16061.0,5.0,25005.0
7.350940627991804,0.0,0.0,0.0,0.0,0.0,0.0,0.0,0.0,0.0,0.0,0.0,0.0,0.0,17480.0,5.0,25020.0,16062.0,5.0,25023.0
7.4705695180018665,0.0,0.0,0.0,0.0,0.0,0.0,0.0,0.0,0.0,0.0,0.0,0.0,0.0,17481.0,5.0,25040.0,16063.0,5.0,25053.0
7.470945856999606,0.0,0.0,0.0,0.0,0.0,0.0,0.0,0.0,0.0,0.0,0.0,0.0,0.0,17482.0,5.0,25060.0,16064.0,5.0,25073.0
7.4710694270033855,0.0,0.0,0.0,0.0,0.0,0.0,0.0,0.0,0.0,0.0,0.0,0.0,0.0,17483.0,5.0,25080.0,16065.0,5.0,25093.0
7.471130179997999,0.0,0.0,0.0,0.0,0.0,0.0,0.0,0.0,0.0,0.0,0.0,0.0,0.0,17484.0,5.0,25100.0,16066.0,5.0,25103.0
7.471189591000439,0.0,0.0,0.0,0.0,0.0,0.0,0.0,0.0,0.0,0.0,0.0,0.0,0.0,17485.0,5.0,25120.0,16067.0,5.0,25133.0
7.471246977991541,0.0,0.0,0.0,0.0,0.0,0.0,0.0,0.0,0.0,0.0,0.0,0.0,0.0,17486.0,5.0,25140.0,16068.0,5.0,25153.0
7.4829480159969535,0.0,0.0,0.0,0.0,0.0,0.0,0.0,0.0,0.0,0.0,0.0,0.0,0.0,17487.0,5.0,25160.0,16069.0,5.0,25173.0
7.499180133003392,0.0,0.0,0.0,0.0,0.0,0.0,0.0,0.0,0.0,0.0,0.0,0.0,0.0,17488.0,5.0,25180.0,16070.0,5.0,25193.0
7.510381803003838,0.0,0.0,0.0,0.0,0.0,0.0,0.0,0.0,0.0,0.0,0.0,0.0,0.0,17489.0,5.0,25200.0,16071.0,5.0,25203.0
7.539287719002459,0.0,0.0,0.0,0.0,0.0,0.0,0.0,0.0,0.0,0.0,0.0,0.0,0.0,17490.0,5.0,25220.0,16072.0,5.0,25233.0
7.5603817669907585,0.0,0.0,0.0,0.0,0.0,0.0,0.0,0.0,0.0,0.0,0.0,0.0,0.0,17491.0,5.0,25240.0,16073.0,5.0,25253.0
7.6803876379999565,0.0,0.0,0.0,0.0,0.0,0.0,0.0,0.0,0.0,0.0,0.0,0.0,0.0,17492.0,5.0,25260.0,16074.0,5.0,25273.0
7.680524088995298,0.0,0.0,0.0,0.0,0.0,0.0,0.0,0.0,0.0,0.0,0.0,0.0,0.0,17493.0,5.0,25280.0,16075.0,5.0,25293.0
7.680597914993996,0.0,0.0,0.0,0.0,0.0,0.0,0.0,0.0,0.0,0.0,0.0,0.0,0.0,17494.0,5.0,25300.0,16076.0,5.0,25303.0
7.680666390995611,0.0,0.0,0.0,0.0,0.0,0.0,0.0,0.0,0.0,0.0,0.0,0.0,0.0,17495.0,5.0,25320.0,16077.0,5.0,25333.0
7.680726352991769,0.0,0.0,0.0,0.0,0.0,0.0,0.0,0.0,0.0,0.0,0.0,0.0,0.0,17496.0,5.0,25340.0,16078.0,5.0,25353.0
7.680784470998333,0.0,0.0,0.0,0.0,0.0,0.0,0.0,0.0,0.0,0.0,0.0,0.0,0.0,17497.0,5.0,25360.0,16079.0,5.0,25373.0
7.699020867003128,0.0,0.0,0.0,0.0,0.0,0.0,0.0,0.0,0.0,0.0,0.0,0.0,0.0,17498.0,5.0,25380.0,16080.0,5.0,25393.0
7.709817534996546,0.0,0.0,0.0,0.0,0.0,0.0,0.0,0.0,0.0,0.0,0.0,0.0,0.0,17499.0,5.0,25400.0,16081.0,5.0,25403.0
7.738886050996371,0.0,0.0,0.0,0.0,0.0,0.0,0.0,0.0,0.0,0.0,0.0,0.0,0.0,17500.0,5.0,25420.0,16082.0,5.0,25433.0
7.759978717993363,0.0,0.0,0.0,0.0,0.0,0.0,0.0,0.0,0.0,0.0,0.0,0.0,0.0,17501.0,5.0,25440.0,16083.0,5.0,25453.0
7.779898433000199,0.0,0.0,0.0,0.0,0.0,0.0,0.0,0.0,0.0,0.0,0.0,0.0,0.0,17502.0,5.0,25460.0,16084.0,5.0,25473.0
7.907308180991095,0.0,0.0,0.0,0.0,0.0,0.0,0.0,0.0,0.0,0.0,0.0,0.0,0.0,17503.0,5.0,25480.0,16085.0,5.0,25495.0
7.907714000000851,0.0,0.0,0.0,0.0,0.0,0.0,0.0,0.0,0.0,0.0,0.0,0.0,0.0,17504.0,5.0,25500.0,16086.0,5.0,25505.0
7.90780306099623,0.0,0.0,0.0,0.0,0.0,0.0,0.0,0.0,0.0,0.0,0.0,0.0,0.0,17505.0,5.0,25520.0,16087.0,5.0,25523.0
7.907864726003027,0.0,0.0,0.0,0.0,0.0,0.0,0.0,0.0,0.0,0.0,0.0,0.0,0.0,17506.0,5.0,25540.0,16088.0,5.0,25543.0
7.907924166996963,0.0,0.0,0.0,0.0,0.0,0.0,0.0,0.0,0.0,0.0,0.0,0.0,0.0,17507.0,5.0,25560.0,16089.0,5.0,25573.0
7.907981573996949,0.0,0.0,0.0,0.0,0.0,0.0,0.0,0.0,0.0,0.0,0.0,0.0,0.0,17508.0,5.0,25580.0,16090.0,5.0,25593.0
7.908973647994571,0.0,0.0,0.0,0.0,0.0,0.0,0.0,0.0,0.0,0.0,0.0,0.0,0.0,17509.0,5.0,25600.0,16091.0,5.0,25603.0
7.938976249992265,0.0,0.0,0.0,0.0,0.0,0.0,0.0,0.0,0.0,0.0,0.0,0.0,0.0,17510.0,5.0,25620.0,16092.0,5.0,25633.0
7.960139886999968,0.0,0.0,0.0,0.0,0.0,0.0,0.0,0.0,0.0,0.0,0.0,0.0,0.0,17511.0,5.0,25640.0,16093.0,5.0,25653.0
7.992672434003907,0.0,0.0,0.0,0.0,0.0,0.0,0.0,0.0,0.0,0.0,0.0,0.0,0.0,17512.0,5.0,25660.0,16094.0,5.0,25673.0
7.999663160997443,0.0,0.0,0.0,0.0,0.0,0.0,0.0,0.0,0.0,0.0,0.0,0.0,0.0,17513.0,5.0,25680.0,16095.0,5.0,25693.0
8.010082888999023,0.0,0.0,0.0,0.0,0.0,0.0,0.0,0.0,0.0,0.0,0.0,0.0,0.0,17514.0,5.0,25700.0,16096.0,5.0,25703.0
8.085187054995913,0.0,0.0,0.0,0.0,0.0,0.0,0.0,0.0,0.0,0.0,0.0,0.0,0.0,17515.0,5.0,25720.0,16097.0,5.0,25732.0
8.085302229999797,0.0,0.0,0.0,0.0,0.0,0.0,0.0,0.0,0.0,0.0,0.0,0.0,0.0,17516.0,5.0,25740.0,16098.0,5.0,25753.0
8.128282802994363,0.0,0.0,0.0,0.0,0.0,0.0,0.0,0.0,0.0,0.0,0.0,0.0,0.0,17517.0,5.0,25760.0,16099.0,5.0,25773.0
8.128386919997865,0.0,0.0,0.0,0.0,0.0,0.0,0.0,0.0,0.0,0.0,0.0,0.0,0.0,17518.0,5.0,25780.0,16100.0,5.0,25793.0
8.128456167003606,0.0,0.0,0.0,0.0,0.0,0.0,0.0,0.0,0.0,0.0,0.0,0.0,0.0,17519.0,5.0,25800.0,16101.0,5.0,25803.0
8.141247772000497,0.0,0.0,0.0,0.0,0.0,0.0,0.0,0.0,0.0,0.0,0.0,0.0,0.0,17520.0,5.0,25820.0,16102.0,5.0,25833.0
8.159528395000962,0.0,0.0,0.0,0.0,0.0,0.0,0.0,0.0,0.0,0.0,0.0,0.0,0.0,17521.0,5.0,25840.0,16103.0,5.0,25853.0
8.180786982993595,0.0,0.0,0.0,0.0,0.0,0.0,0.0,0.0,0.0,0.0,0.0,0.0,0.0,17522.0,5.0,25860.0,16104.0,5.0,25873.0
8.207601412999793,0.0,0.0,0.0,0.0,0.0,0.0,0.0,0.0,0.0,0.0,0.0,0.0,0.0,17523.0,5.0,25880.0,16105.0,5.0,25893.0
8.209233653004048,0.0,0.0,0.0,0.0,0.0,0.0,0.0,0.0,0.0,0.0,0.0,0.0,0.0,17524.0,5.0,25901.0,16106.0,5.0,25902.0
8.350125668992405,0.0,0.0,0.0,0.0,0.0,0.0,0.0,0.0,0.0,0.0,0.0,0.0,0.0,17525.0,5.0,25920.0,16107.0,5.0,25933.0
8.350453434992232,0.0,0.0,0.0,0.0,0.0,0.0,0.0,0.0,0.0,0.0,0.0,0.0,0.0,17526.0,5.0,25940.0,16108.0,5.0,25953.0
8.350527160000638,0.0,0.0,0.0,0.0,0.0,0.0,0.0,0.0,0.0,0.0,0.0,0.0,0.0,17527.0,5.0,25960.0,16109.0,5.0,25973.0
8.350588323999546,0.0,0.0,0.0,0.0,0.0,0.0,0.0,0.0,0.0,0.0,0.0,0.0,0.0,17528.0,5.0,25980.0,16110.0,5.0,25994.0
8.350654285997734,0.0,0.0,0.0,0.0,0.0,0.0,0.0,0.0,0.0,0.0,0.0,0.0,0.0,17529.0,5.0,26000.0,16111.0,5.0,26004.0
8.350711944003706,0.0,0.0,0.0,0.0,0.0,0.0,0.0,0.0,0.0,0.0,0.0,0.0,0.0,17530.0,5.0,26020.0,16112.0,5.0,26023.0
8.359556527997483,0.0,0.0,0.0,0.0,0.0,0.0,0.0,0.0,0.0,0.0,0.0,0.0,0.0,17531.0,5.0,26040.0,16113.0,5.0,26053.0
8.380106493990752,0.0,0.0,0.0,0.0,0.0,0.0,0.0,0.0,0.0,0.0,0.0,0.0,0.0,17532.0,5.0,26060.0,16114.0,5.0,26073.0
8.402554029991734,0.0,0.0,0.0,0.0,0.0,0.0,0.0,0.0,0.0,0.0,0.0,0.0,0.0,17533.0,5.0,26080.0,16115.0,5.0,26093.0
8.415825930002029,0.0,0.0,0.0,0.0,0.0,0.0,0.0,0.0,0.0,0.0,0.0,0.0,0.0,17534.0,5.0,26100.0,16116.0,5.0,26103.0
8.439000660990132,0.0,0.0,0.0,0.0,0.0,0.0,0.0,0.0,0.0,0.0,0.0,0.0,0.0,17535.0,5.0,26120.0,16117.0,5.0,26133.0
8.658979332001763,0.0,0.0,0.0,0.0,0.0,0.0,0.0,0.0,0.0,0.0,0.0,0.0,0.0,17536.0,5.0,26140.0,16118.0,5.0,26153.0
8.659139092997066,0.0,0.0,0.0,0.0,0.0,0.0,0.0,0.0,0.0,0.0,0.0,0.0,0.0,17537.0,5.0,26160.0,16119.0,5.0,26173.0
8.659208511002362,0.0,0.0,0.0,0.0,0.0,0.0,0.0,0.0,0.0,0.0,0.0,0.0,0.0,17538.0,5.0,26180.0,16120.0,5.0,26193.0
8.659267832001206,0.0,0.0,0.0,0.0,0.0,0.0,0.0,0.0,0.0,0.0,0.0,0.0,0.0,17539.0,5.0,26200.0,16121.0,5.0,26203.0
8.659322605002671,0.0,0.0,0.0,0.0,0.0,0.0,0.0,0.0,0.0,0.0,0.0,0.0,0.0,17540.0,5.0,26220.0,16122.0,5.0,26233.0
8.659378609998384,0.0,0.0,0.0,0.0,0.0,0.0,0.0,0.0,0.0,0.0,0.0,0.0,0.0,17541.0,5.0,26240.0,16123.0,5.0,26253.0
8.659433061999152,0.0,0.0,0.0,0.0,0.0,0.0,0.0,0.0,0.0,0.0,0.0,0.0,0.0,17542.0,5.0,26260.0,16124.0,5.0,26273.0
8.659488175995648,0.0,0.0,0.0,0.0,0.0,0.0,0.0,0.0,0.0,0.0,0.0,0.0,0.0,17543.0,5.0,26280.0,16125.0,5.0,26293.0
8.659543679998023,0.0,0.0,0.0,0.0,0.0,0.0,0.0,0.0,0.0,0.0,0.0,0.0,0.0,17544.0,5.0,26300.0,16126.0,5.0,26303.0
8.659598543003085,0.0,0.0,0.0,0.0,0.0,0.0,0.0,0.0,0.0,0.0,0.0,0.0,0.0,17545.0,5.0,26320.0,16127.0,5.0,26333.0
8.659737269001198,0.0,0.0,0.0,0.0,0.0,0.0,0.0,0.0,0.0,0.0,0.0,0.0,0.0,17546.0,5.0,26340.0,16128.0,5.0,26353.0
9.080224792996887,0.0,0.0,0.0,0.0,0.0,0.0,0.0,0.0,0.0,0.0,0.0,0.0,0.0,17549.0,5.0,26400.0,16131.0,5.0,26403.0
9.080440930003533,0.0,0.0,0.0,0.0,0.0,0.0,0.0,0.0,0.0,0.0,0.0,0.0,0.0,17552.0,5.0,26460.0,16134.0,5.0,26473.0
9.080512821994489,0.0,0.0,0.0,0.0,0.0,0.0,0.0,0.0,0.0,0.0,0.0,0.0,0.0,17553.0,5.0,26480.0,16135.0,5.0,26494.0
9.08057517799898,0.0,0.0,0.0,0.0,0.0,0.0,0.0,0.0,0.0,0.0,0.0,0.0,0.0,17554.0,5.0,26500.0,16136.0,5.0,26504.0
9.080639067004086,0.0,0.0,0.0,0.0,0.0,0.0,0.0,0.0,0.0,0.0,0.0,0.0,0.0,17555.0,5.0,26520.0,16137.0,5.0,26523.0
9.0806968149991,0.0,0.0,0.0,0.0,0.0,0.0,0.0,0.0,0.0,0.0,0.0,0.0,0.0,17556.0,5.0,26540.0,16138.0,5.0,26553.0
9.080752598994877,0.0,0.0,0.0,0.0,0.0,0.0,0.0,0.0,0.0,0.0,0.0,0.0,0.0,17557.0,5.0,26560.0,16139.0,5.0,26573.0
9.080808894999791,0.0,0.0,0.0,0.0,0.0,0.0,0.0,0.0,0.0,0.0,0.0,0.0,0.0,17558.0,5.0,26580.0,16140.0,5.0,26593.0
9.080871009995462,0.0,0.0,0.0,0.0,0.0,0.0,0.0,0.0,0.0,0.0,0.0,0.0,0.0,17559.0,5.0,26600.0,16141.0,5.0,26603.0
9.080930001000524,0.0,0.0,0.0,0.0,0.0,0.0,0.0,0.0,0.0,0.0,0.0,0.0,0.0,17560.0,5.0,26620.0,16142.0,5.0,26633.0
9.080987627996365,0.0,0.0,0.0,0.0,0.0,0.0,0.0,0.0,0.0,0.0,0.0,0.0,0.0,17561.0,5.0,26640.0,16143.0,5.0,26653.0
9.081044935999671,0.0,0.0,0.0,0.0,0.0,0.0,0.0,0.0,0.0,0.0,0.0,0.0,0.0,17562.0,5.0,26660.0,16144.0,5.0,26673.0
9.081100369992782,0.0,0.0,0.0,0.0,0.0,0.0,0.0,0.0,0.0,0.0,0.0,0.0,0.0,17563.0,5.0,26680.0,16145.0,5.0,26693.0
9.081156454994925,0.0,0.0,0.0,0.0,0.0,0.0,0.0,0.0,0.0,0.0,0.0,0.0,0.0,17564.0,5.0,26700.0,16146.0,5.0,26703.0
9.081211708995397,0.0,0.0,0.0,0.0,0.0,0.0,0.0,0.0,0.0,0.0,0.0,0.0,0.0,17565.0,5.0,26720.0,16147.0,5.0,26733.0
9.08126654199441,0.0,0.0,0.0,0.0,0.0,0.0,0.0,0.0,0.0,0.0,0.0,0.0,0.0,17566.0,5.0,26740.0,16148.0,5.0,26753.0
9.081322236990673,0.0,0.0,0.0,0.0,0.0,0.0,0.0,0.0,0.0,0.0,0.0,0.0,0.0,17567.0,5.0,26760.0,16149.0,5.0,26773.0
9.101820723997662,0.0,0.0,0.0,0.0,0.0,0.0,0.0,0.0,0.0,0.0,0.0,0.0,0.0,17568.0,5.0,26780.0,16150.0,5.0,26793.0
9.120118705992354,0.0,0.0,0.0,0.0,0.0,0.0,0.0,0.0,0.0,0.0,0.0,0.0,0.0,17569.0,5.0,26800.0,16151.0,5.0,26802.0
9.138869135000277,0.0,0.0,0.0,0.0,0.0,0.0,0.0,0.0,0.0,0.0,0.0,0.0,0.0,17570.0,5.0,26820.0,16152.0,5.0,26833.0
9.15942138399987,0.0,0.0,0.0,0.0,0.0,0.0,0.0,0.0,0.0,0.0,0.0,0.0,0.0,17571.0,5.0,26840.0,16153.0,5.0,26853.0
9.178665711995563,0.0,0.0,0.0,0.0,0.0,0.0,0.0,0.0,0.0,0.0,0.0,0.0,0.0,17572.0,5.0,26860.0,16154.0,5.0,26873.0
9.588302122996538,0.0,0.0,0.0,0.0,0.0,0.0,0.0,0.0,0.0,0.0,0.0,0.0,0.0,17573.0,5.0,26880.0,16155.0,5.0,26887.0
9.588466171990149,0.0,0.0,0.0,0.0,0.0,0.0,0.0,0.0,0.0,0.0,0.0,0.0,0.0,17574.0,5.0,26900.0,16156.0,5.0,26913.0
9.58854040800361,0.0,0.0,0.0,0.0,0.0,0.0,0.0,0.0,0.0,0.0,0.0,0.0,0.0,17575.0,5.0,26920.0,16157.0,5.0,26933.0
9.588603764990694,0.0,0.0,0.0,0.0,0.0,0.0,0.0,0.0,0.0,0.0,0.0,0.0,0.0,17576.0,5.0,26940.0,16158.0,5.0,26953.0
9.58867093900335,0.0,0.0,0.0,0.0,0.0,0.0,0.0,0.0,0.0,0.0,0.0,0.0,0.0,17577.0,5.0,26960.0,16159.0,5.0,26973.0
9.588733825992676,0.0,0.0,0.0,0.0,0.0,0.0,0.0,0.0,0.0,0.0,0.0,0.0,0.0,17578.0,5.0,26980.0,16160.0,5.0,26994.0
9.588792595997802,0.0,0.0,0.0,0.0,0.0,0.0,0.0,0.0,0.0,0.0,0.0,0.0,0.0,17579.0,5.0,27000.0,16161.0,5.0,27005.0
9.588849733001553,0.0,0.0,0.0,0.0,0.0,0.0,0.0,0.0,0.0,0.0,0.0,0.0,0.0,17580.0,5.0,27020.0,16162.0,5.0,27023.0
9.588905477998196,0.0,0.0,0.0,0.0,0.0,0.0,0.0,0.0,0.0,0.0,0.0,0.0,0.0,17581.0,5.0,27040.0,16163.0,5.0,27053.0
9.5889625550044,0.0,0.0,0.0,0.0,0.0,0.0,0.0,0.0,0.0,0.0,0.0,0.0,0.0,17582.0,5.0,27060.0,16164.0,5.0,27073.0
9.589018098995439,0.0,0.0,0.0,0.0,0.0,0.0,0.0,0.0,0.0,0.0,0.0,0.0,0.0,17583.0,5.0,27080.0,16165.0,5.0,27093.0
9.589072540999041,0.0,0.0,0.0,0.0,0.0,0.0,0.0,0.0,0.0,0.0,0.0,0.0,0.0,17584.0,5.0,27100.0,16166.0,5.0,27103.0
9.589128556996002,0.0,0.0,0.0,0.0,0.0,0.0,0.0,0.0,0.0,0.0,0.0,0.0,0.0,17585.0,5.0,27120.0,16167.0,5.0,27123.0
9.589182958996389,0.0,0.0,0.0,0.0,0.0,0.0,0.0,0.0,0.0,0.0,0.0,0.0,0.0,17586.0,5.0,27140.0,16168.0,5.0,27143.0
9.589237812004285,0.0,0.0,0.0,0.0,0.0,0.0,0.0,0.0,0.0,0.0,0.0,0.0,0.0,17587.0,5.0,27160.0,16169.0,5.0,27173.0
9.58931831899099,0.0,0.0,0.0,0.0,0.0,0.0,0.0,0.0,0.0,0.0,0.0,0.0,0.0,17588.0,5.0,27180.0,16170.0,5.0,27193.0
9.589424698991934,0.0,0.0,0.0,0.0,0.0,0.0,0.0,0.0,0.0,0.0,0.0,0.0,0.0,17589.0,5.0,27200.0,16171.0,5.0,27203.0
9.589651754999068,0.0,0.0,0.0,0.0,0.0,0.0,0.0,0.0,0.0,0.0,0.0,0.0,0.0,17590.0,5.0,27220.0,16172.0,5.0,27233.0
9.589735146990279,0.0,0.0,0.0,0.0,0.0,0.0,0.0,0.0,0.0,0.0,0.0,0.0,0.0,17591.0,5.0,27240.0,16173.0,5.0,27253.0
9.591364252992207,0.0,0.0,0.0,0.0,0.0,0.0,0.0,0.0,0.0,0.0,0.0,0.0,0.0,17592.0,5.0,27260.0,16174.0,5.0,27274.0
9.591445740996278,0.0,0.0,0.0,0.0,0.0,0.0,0.0,0.0,0.0,0.0,0.0,0.0,0.0,17593.0,5.0,27280.0,16175.0,5.0,27282.0
9.611521261002054,0.0,0.0,0.0,0.0,0.0,0.0,0.0,0.0,0.0,0.0,0.0,0.0,0.0,17594.0,5.0,27300.0,16176.0,5.0,27303.0
9.64059258600173,0.0,0.0,0.0,0.0,0.0,0.0,0.0,0.0,0.0,0.0,0.0,0.0,0.0,17595.0,5.0,27320.0,16177.0,5.0,27333.0
9.658967737996136,0.0,0.0,0.0,0.0,0.0,0.0,0.0,0.0,0.0,0.0,0.0,0.0,0.0,17596.0,5.0,27340.0,16178.0,5.0,27353.0
9.678603730993927,0.0,0.0,0.0,0.0,0.0,0.0,0.0,0.0,0.0,0.0,0.0,0.0,0.0,17597.0,5.0,27360.0,16179.0,5.0,27373.0
10.098463913993328,0.0,0.0,0.0,0.0,0.0,0.0,0.0,0.0,0.0,0.0,0.0,0.0,0.0,17598.0,5.0,27380.0,16180.0,5.0,27393.0
10.09866032699938,0.0,0.0,0.0,0.0,0.0,0.0,0.0,0.0,0.0,0.0,0.0,0.0,0.0,17599.0,5.0,27400.0,16181.0,5.0,27403.0
10.09873121799319,0.0,0.0,0.0,0.0,0.0,0.0,0.0,0.0,0.0,0.0,0.0,0.0,0.0,17600.0,5.0,27420.0,16182.0,5.0,27423.0
10.098791671000072,0.0,0.0,0.0,0.0,0.0,0.0,0.0,0.0,0.0,0.0,0.0,0.0,0.0,17601.0,5.0,27440.0,16183.0,5.0,27453.0
10.098848105990328,0.0,0.0,0.0,0.0,0.0,0.0,0.0,0.0,0.0,0.0,0.0,0.0,0.0,17602.0,5.0,27460.0,16184.0,5.0,27473.0
10.098904422004125,0.0,0.0,0.0,0.0,0.0,0.0,0.0,0.0,0.0,0.0,0.0,0.0,0.0,17603.0,5.0,27480.0,16185.0,5.0,27494.0
10.098959426002693,0.0,0.0,0.0,0.0,0.0,0.0,0.0,0.0,0.0,0.0,0.0,0.0,0.0,17604.0,5.0,27500.0,16186.0,5.0,27504.0
10.099017854998237,0.0,0.0,0.0,0.0,0.0,0.0,0.0,0.0,0.0,0.0,0.0,0.0,0.0,17605.0,5.0,27520.0,16187.0,5.0,27523.0
10.099071245000232,0.0,0.0,0.0,0.0,0.0,0.0,0.0,0.0,0.0,0.0,0.0,0.0,0.0,17606.0,5.0,27540.0,16188.0,5.0,27553.0
10.099125287000788,0.0,0.0,0.0,0.0,0.0,0.0,0.0,0.0,0.0,0.0,0.0,0.0,0.0,17607.0,5.0,27560.0,16189.0,5.0,27573.0
10.099179769997136,0.0,0.0,0.0,0.0,0.0,0.0,0.0,0.0,0.0,0.0,0.0,0.0,0.0,17608.0,5.0,27580.0,16190.0,5.0,27593.0
10.099237688002177,0.0,0.0,0.0,0.0,0.0,0.0,0.0,0.0,0.0,0.0,0.0,0.0,0.0,17609.0,5.0,27600.0,16191.0,5.0,27603.0
10.099292692000745,0.0,0.0,0.0,0.0,0.0,0.0,0.0,0.0,0.0,0.0,0.0,0.0,0.0,17610.0,5.0,27620.0,16192.0,5.0,27633.0
10.09934871699079,0.0,0.0,0.0,0.0,0.0,0.0,0.0,0.0,0.0,0.0,0.0,0.0,0.0,17611.0,5.0,27640.0,16193.0,5.0,27653.0
10.099410651993821,0.0,0.0,0.0,0.0,0.0,0.0,0.0,0.0,0.0,0.0,0.0,0.0,0.0,17612.0,5.0,27660.0,16194.0,5.0,27673.0
10.099466086001485,0.0,0.0,0.0,0.0,0.0,0.0,0.0,0.0,0.0,0.0,0.0,0.0,0.0,17613.0,5.0,27680.0,16195.0,5.0,27693.0
10.099545700999442,0.0,0.0,0.0,0.0,0.0,0.0,0.0,0.0,0.0,0.0,0.0,0.0,0.0,17614.0,5.0,27700.0,16196.0,5.0,27703.0
10.099774739996064,0.0,0.0,0.0,0.0,0.0,0.0,0.0,0.0,0.0,0.0,0.0,0.0,0.0,17615.0,5.0,27720.0,16197.0,5.0,27723.0
10.099845720993471,0.0,0.0,0.0,0.0,0.0,0.0,0.0,0.0,0.0,0.0,0.0,0.0,0.0,17616.0,5.0,27740.0,16198.0,5.0,27753.0
10.099924915004522,0.0,0.0,0.0,0.0,0.0,0.0,0.0,0.0,0.0,0.0,0.0,0.0,0.0,17617.0,5.0,27760.0,16199.0,5.0,27773.0
10.100151370003005,0.0,0.0,0.0,0.0,0.0,0.0,0.0,0.0,0.0,0.0,0.0,0.0,0.0,17618.0,5.0,27780.0,16200.0,5.0,27793.0
10.109916948000318,0.0,0.0,0.0,0.0,0.0,0.0,0.0,0.0,0.0,0.0,0.0,0.0,0.0,17619.0,5.0,27800.0,16201.0,5.0,27803.0
10.142865632995381,0.0,0.0,0.0,0.0,0.0,0.0,0.0,0.0,0.0,0.0,0.0,0.0,0.0,17620.0,5.0,27820.0,16202.0,5.0,27833.0
10.15918298799079,0.0,0.0,0.0,0.0,0.0,0.0,0.0,0.0,0.0,0.0,0.0,0.0,0.0,17621.0,5.0,27840.0,16203.0,5.0,27853.0
10.178854240992223,0.0,0.0,0.0,0.0,0.0,0.0,0.0,0.0,0.0,0.0,0.0,0.0,0.0,17622.0,5.0,27860.0,16204.0,5.0,27873.0
10.198591164997197,0.0,0.0,0.0,0.0,0.0,0.0,0.0,0.0,0.0,0.0,0.0,0.0,0.0,17623.0,5.0,27880.0,16205.0,5.0,27893.0
10.609583379002288,0.0,0.0,0.0,0.0,0.0,0.0,0.0,0.0,0.0,0.0,0.0,0.0,0.0,17624.0,5.0,27900.0,16206.0,5.0,27903.0
10.609772240000893,0.0,0.0,0.0,0.0,0.0,0.0,0.0,0.0,0.0,0.0,0.0,0.0,0.0,17625.0,5.0,27920.0,16207.0,5.0,27933.0
10.609847247003927,0.0,0.0,0.0,0.0,0.0,0.0,0.0,0.0,0.0,0.0,0.0,0.0,0.0,17626.0,5.0,27940.0,16208.0,5.0,27953.0
10.609913128995686,0.0,0.0,0.0,0.0,0.0,0.0,0.0,0.0,0.0,0.0,0.0,0.0,0.0,17627.0,5.0,27960.0,16209.0,5.0,27972.0
10.609972168997047,0.0,0.0,0.0,0.0,0.0,0.0,0.0,0.0,0.0,0.0,0.0,0.0,0.0,17628.0,5.0,27980.0,16210.0,5.0,27994.0
10.610029567003949,0.0,0.0,0.0,0.0,0.0,0.0,0.0,0.0,0.0,0.0,0.0,0.0,0.0,17629.0,5.0,28000.0,16211.0,5.0,28005.0
10.610087013992597,0.0,0.0,0.0,0.0,0.0,0.0,0.0,0.0,0.0,0.0,0.0,0.0,0.0,17630.0,5.0,28020.0,16212.0,5.0,28023.0
10.610144031001255,0.0,0.0,0.0,0.0,0.0,0.0,0.0,0.0,0.0,0.0,0.0,0.0,0.0,17631.0,5.0,28040.0,16213.0,5.0,28043.0
10.610200155992061,0.0,0.0,0.0,0.0,0.0,0.0,0.0,0.0,0.0,0.0,0.0,0.0,0.0,17632.0,5.0,28060.0,16214.0,5.0,28073.0
10.610255539999343,0.0,0.0,0.0,0.0,0.0,0.0,0.0,0.0,0.0,0.0,0.0,0.0,0.0,17633.0,5.0,28080.0,16215.0,5.0,28093.0
10.61031005300174,0.0,0.0,0.0,0.0,0.0,0.0,0.0,0.0,0.0,0.0,0.0,0.0,0.0,17634.0,5.0,28100.0,16216.0,5.0,28103.0
10.610363553991192,0.0,0.0,0.0,0.0,0.0,0.0,0.0,0.0,0.0,0.0,0.0,0.0,0.0,17635.0,5.0,28120.0,16217.0,5.0,28133.0
10.610417014991981,0.0,0.0,0.0,0.0,0.0,0.0,0.0,0.0,0.0,0.0,0.0,0.0,0.0,17636.0,5.0,28140.0,16218.0,5.0,28152.0
10.61047167799552,0.0,0.0,0.0,0.0,0.0,0.0,0.0,0.0,0.0,0.0,0.0,0.0,0.0,17637.0,5.0,28160.0,16219.0,5.0,28173.0
10.610525208991021,0.0,0.0,0.0,0.0,0.0,0.0,0.0,0.0,0.0,0.0,0.0,0.0,0.0,17638.0,5.0,28180.0,16220.0,5.0,28193.0
10.610604422996403,0.0,0.0,0.0,0.0,0.0,0.0,0.0,0.0,0.0,0.0,0.0,0.0,0.0,17639.0,5.0,28200.0,16221.0,5.0,28203.0
10.610686572996201,0.0,0.0,0.0,0.0,0.0,0.0,0.0,0.0,0.0,0.0,0.0,0.0,0.0,17640.0,5.0,28220.0,16222.0,5.0,28223.0
10.610765796998749,0.0,0.0,0.0,0.0,0.0,0.0,0.0,0.0,0.0,0.0,0.0,0.0,0.0,17641.0,5.0,28240.0,16223.0,5.0,28253.0
10.610847044998081,0.0,0.0,0.0,0.0,0.0,0.0,0.0,0.0,0.0,0.0,0.0,0.0,0.0,17642.0,5.0,28260.0,16224.0,5.0,28273.0
10.611065646997304,0.0,0.0,0.0,0.0,0.0,0.0,0.0,0.0,0.0,0.0,0.0,0.0,0.0,17643.0,5.0,28280.0,16225.0,5.0,28292.0
10.611160417000065,0.0,0.0,0.0,0.0,0.0,0.0,0.0,0.0,0.0,0.0,0.0,0.0,0.0,17644.0,5.0,28300.0,16226.0,5.0,28303.0
10.643167803995311,0.0,0.0,0.0,0.0,0.0,0.0,0.0,0.0,0.0,0.0,0.0,0.0,0.0,17645.0,5.0,28320.0,16227.0,5.0,28333.0
10.659233882994158,0.0,0.0,0.0,0.0,0.0,0.0,0.0,0.0,0.0,0.0,0.0,0.0,0.0,17646.0,5.0,28340.0,16228.0,5.0,28353.0
10.679655219995766,0.0,0.0,0.0,0.0,0.0,0.0,0.0,0.0,0.0,0.0,0.0,0.0,0.0,17647.0,5.0,28360.0,16229.0,5.0,28373.0
10.701048235001508,0.0,0.0,0.0,0.0,0.0,0.0,0.0,0.0,0.0,0.0,0.0,0.0,0.0,17648.0,5.0,28380.0,16230.0,5.0,28393.0
10.708530677991803,0.0,0.0,0.0,0.0,0.0,0.0,0.0,0.0,0.0,0.0,0.0,0.0,0.0,17649.0,5.0,28400.0,16231.0,5.0,28403.0
11.117583835992264,0.0,0.0,0.0,0.0,0.0,0.0,0.0,0.0,0.0,0.0,0.0,0.0,0.0,17650.0,5.0,28420.0,16232.0,5.0,28433.0
11.117847203990095,0.0,0.0,0.0,0.0,0.0,0.0,0.0,0.0,0.0,0.0,0.0,0.0,0.0,17651.0,5.0,28440.0,16233.0,5.0,28453.0
11.117920497999876,0.0,0.0,0.0,0.0,0.0,0.0,0.0,0.0,0.0,0.0,0.0,0.0,0.0,17652.0,5.0,28460.0,16234.0,5.0,28473.0
11.117982023002696,0.0,0.0,0.0,0.0,0.0,0.0,0.0,0.0,0.0,0.0,0.0,0.0,0.0,17653.0,5.0,28480.0,16235.0,5.0,28495.0
11.118040611996548,0.0,0.0,0.0,0.0,0.0,0.0,0.0,0.0,0.0,0.0,0.0,0.0,0.0,17654.0,5.0,28500.0,16236.0,5.0,28504.0
11.118097970000235,0.0,0.0,0.0,0.0,0.0,0.0,0.0,0.0,0.0,0.0,0.0,0.0,0.0,17655.0,5.0,28520.0,16237.0,5.0,28523.0
11.118153534000157,0.0,0.0,0.0,0.0,0.0,0.0,0.0,0.0,0.0,0.0,0.0,0.0,0.0,17656.0,5.0,28540.0,16238.0,5.0,28553.0
11.118208817992127,0.0,0.0,0.0,0.0,0.0,0.0,0.0,0.0,0.0,0.0,0.0,0.0,0.0,17657.0,5.0,28560.0,16239.0,5.0,28573.0
11.11826498399023,0.0,0.0,0.0,0.0,0.0,0.0,0.0,0.0,0.0,0.0,0.0,0.0,0.0,17658.0,5.0,28580.0,16240.0,5.0,28593.0
11.1183200069936,0.0,0.0,0.0,0.0,0.0,0.0,0.0,0.0,0.0,0.0,0.0,0.0,0.0,17659.0,5.0,28600.0,16241.0,5.0,28603.0
11.118379879000713,0.0,0.0,0.0,0.0,0.0,0.0,0.0,0.0,0.0,0.0,0.0,0.0,0.0,17660.0,5.0,28620.0,16242.0,5.0,28623.0
11.118435764001333,0.0,0.0,0.0,0.0,0.0,0.0,0.0,0.0,0.0,0.0,0.0,0.0,0.0,17661.0,5.0,28640.0,16243.0,5.0,28653.0
11.11848977599584,0.0,0.0,0.0,0.0,0.0,0.0,0.0,0.0,0.0,0.0,0.0,0.0,0.0,17662.0,5.0,28660.0,16244.0,5.0,28673.0
11.118544287994155,0.0,0.0,0.0,0.0,0.0,0.0,0.0,0.0,0.0,0.0,0.0,0.0,0.0,17663.0,5.0,28680.0,16245.0,5.0,28693.0
11.118597538996255,0.0,0.0,0.0,0.0,0.0,0.0,0.0,0.0,0.0,0.0,0.0,0.0,0.0,17664.0,5.0,28700.0,16246.0,5.0,28704.0
11.118682663000072,0.0,0.0,0.0,0.0,0.0,0.0,0.0,0.0,0.0,0.0,0.0,0.0,0.0,17665.0,5.0,28720.0,16247.0,5.0,28723.0
11.118892329992377,0.0,0.0,0.0,0.0,0.0,0.0,0.0,0.0,0.0,0.0,0.0,0.0,0.0,17666.0,5.0,28740.0,16248.0,5.0,28753.0
11.118972675991245,0.0,0.0,0.0,0.0,0.0,0.0,0.0,0.0,0.0,0.0,0.0,0.0,0.0,17667.0,5.0,28760.0,16249.0,5.0,28773.0
11.119056347990409,0.0,0.0,0.0,0.0,0.0,0.0,0.0,0.0,0.0,0.0,0.0,0.0,0.0,17668.0,5.0,28780.0,16250.0,5.0,28793.0
11.119158742003492,0.0,0.0,0.0,0.0,0.0,0.0,0.0,0.0,0.0,0.0,0.0,0.0,0.0,17669.0,5.0,28800.0,16251.0,5.0,28803.0
11.139270081999712,0.0,0.0,0.0,0.0,0.0,0.0,0.0,0.0,0.0,0.0,0.0,0.0,0.0,17670.0,5.0,28820.0,16252.0,5.0,28833.0
11.166735165999853,0.0,0.0,0.0,0.0,0.0,0.0,0.0,0.0,0.0,0.0,0.0,0.0,0.0,17671.0,5.0,28840.0,16253.0,5.0,28853.0
11.178600746992743,0.0,0.0,0.0,0.0,0.0,0.0,0.0,0.0,0.0,0.0,0.0,0.0,0.0,17672.0,5.0,28860.0,16254.0,5.0,28873.0
11.20178757199028,0.0,0.0,0.0,0.0,0.0,0.0,0.0,0.0,0.0,0.0,0.0,0.0,0.0,17673.0,5.0,28880.0,16255.0,5.0,28896.0
11.21289650700055,0.0,0.0,0.0,0.0,0.0,0.0,0.0,0.0,0.0,0.0,0.0,0.0,0.0,17674.0,5.0,28900.0,16256.0,5.0,28906.0
11.630179487998248,0.0,0.0,0.0,0.0,0.0,0.0,0.0,0.0,0.0,0.0,0.0,0.0,0.0,17677.0,5.0,28960.0,16259.0,5.0,28973.0
11.630355186003726,0.0,0.0,0.0,0.0,0.0,0.0,0.0,0.0,0.0,0.0,0.0,0.0,0.0,17680.0,5.0,29020.0,16262.0,5.0,29023.0
11.630434831997263,0.0,0.0,0.0,0.0,0.0,0.0,0.0,0.0,0.0,0.0,0.0,0.0,0.0,17681.0,5.0,29040.0,16263.0,5.0,29053.0
11.63051369599998,0.0,0.0,0.0,0.0,0.0,0.0,0.0,0.0,0.0,0.0,0.0,0.0,0.0,17682.0,5.0,29060.0,16264.0,5.0,29073.0
11.630582251993474,0.0,0.0,0.0,0.0,0.0,0.0,0.0,0.0,0.0,0.0,0.0,0.0,0.0,17683.0,5.0,29080.0,16265.0,5.0,29093.0
11.630646320991218,0.0,0.0,0.0,0.0,0.0,0.0,0.0,0.0,0.0,0.0,0.0,0.0,0.0,17684.0,5.0,29100.0,16266.0,5.0,29103.0
11.63070612300362,0.0,0.0,0.0,0.0,0.0,0.0,0.0,0.0,0.0,0.0,0.0,0.0,0.0,17685.0,5.0,29120.0,16267.0,5.0,29133.0
11.630762378001236,0.0,0.0,0.0,0.0,0.0,0.0,0.0,0.0,0.0,0.0,0.0,0.0,0.0,17686.0,5.0,29140.0,16268.0,5.0,29153.0
11.630816810997203,0.0,0.0,0.0,0.0,0.0,0.0,0.0,0.0,0.0,0.0,0.0,0.0,0.0,17687.0,5.0,29160.0,16269.0,5.0,29173.0
11.630870180990314,0.0,0.0,0.0,0.0,0.0,0.0,0.0,0.0,0.0,0.0,0.0,0.0,0.0,17688.0,5.0,29180.0,16270.0,5.0,29193.0
11.630923492004513,0.0,0.0,0.0,0.0,0.0,0.0,0.0,0.0,0.0,0.0,0.0,0.0,0.0,17689.0,5.0,29200.0,16271.0,5.0,29203.0
11.630976401997032,0.0,0.0,0.0,0.0,0.0,0.0,0.0,0.0,0.0,0.0,0.0,0.0,0.0,17690.0,5.0,29220.0,16272.0,5.0,29233.0
11.63102976299706,0.0,0.0,0.0,0.0,0.0,0.0,0.0,0.0,0.0,0.0,0.0,0.0,0.0,17691.0,5.0,29240.0,16273.0,5.0,29253.0
11.631081550993258,0.0,0.0,0.0,0.0,0.0,0.0,0.0,0.0,0.0,0.0,0.0,0.0,0.0,17692.0,5.0,29260.0,16274.0,5.0,29273.0
11.631133157992736,0.0,0.0,0.0,0.0,0.0,0.0,0.0,0.0,0.0,0.0,0.0,0.0,0.0,17693.0,5.0,29280.0,16275.0,5.0,29293.0
11.631185898004333,0.0,0.0,0.0,0.0,0.0,0.0,0.0,0.0,0.0,0.0,0.0,0.0,0.0,17694.0,5.0,29300.0,16276.0,5.0,29303.0
11.638682395001524,0.0,0.0,0.0,0.0,0.0,0.0,0.0,0.0,0.0,0.0,0.0,0.0,0.0,17695.0,5.0,29320.0,16277.0,5.0,29333.0
11.661399221993634,0.0,0.0,0.0,0.0,0.0,0.0,0.0,0.0,0.0,0.0,0.0,0.0,0.0,17696.0,5.0,29340.0,16278.0,5.0,29353.0
11.687726313990424,0.0,0.0,0.0,0.0,0.0,0.0,0.0,0.0,0.0,0.0,0.0,0.0,0.0,17697.0,5.0,29360.0,16279.0,5.0,29373.0
11.699162409990095,0.0,0.0,0.0,0.0,0.0,0.0,0.0,0.0,0.0,0.0,0.0,0.0,0.0,17698.0,5.0,29380.0,16280.0,5.0,29393.0
11.709636380997836,0.0,0.0,0.0,0.0,0.0,0.0,0.0,0.0,0.0,0.0,0.0,0.0,0.0,17699.0,5.0,29400.0,16281.0,5.0,29403.0
12.139085110000451,0.0,0.0,0.0,0.0,0.0,0.0,0.0,0.0,0.0,0.0,0.0,0.0,0.0,17704.0,5.0,29500.0,16286.0,5.0,29504.0
12.139249889994971,0.0,0.0,0.0,0.0,0.0,0.0,0.0,0.0,0.0,0.0,0.0,0.0,0.0,17707.0,5.0,29560.0,16289.0,5.0,29573.0
12.139318165995064,0.0,0.0,0.0,0.0,0.0,0.0,0.0,0.0,0.0,0.0,0.0,0.0,0.0,17708.0,5.0,29580.0,16290.0,5.0,29593.0
12.139377136001713,0.0,0.0,0.0,0.0,0.0,0.0,0.0,0.0,0.0,0.0,0.0,0.0,0.0,17709.0,5.0,29600.0,16291.0,5.0,29603.0
12.13943329200265,0.0,0.0,0.0,0.0,0.0,0.0,0.0,0.0,0.0,0.0,0.0,0.0,0.0,17710.0,5.0,29620.0,16292.0,5.0,29633.0
12.139489077002509,0.0,0.0,0.0,0.0,0.0,0.0,0.0,0.0,0.0,0.0,0.0,0.0,0.0,17711.0,5.0,29640.0,16293.0,5.0,29653.0
12.139544941994245,0.0,0.0,0.0,0.0,0.0,0.0,0.0,0.0,0.0,0.0,0.0,0.0,0.0,17712.0,5.0,29660.0,16294.0,5.0,29673.0
12.13959945399256,0.0,0.0,0.0,0.0,0.0,0.0,0.0,0.0,0.0,0.0,0.0,0.0,0.0,17713.0,5.0,29680.0,16295.0,5.0,29693.0
12.139659926993772,0.0,0.0,0.0,0.0,0.0,0.0,0.0,0.0,0.0,0.0,0.0,0.0,0.0,17714.0,5.0,29700.0,16296.0,5.0,29703.0
12.13971717399545,0.0,0.0,0.0,0.0,0.0,0.0,0.0,0.0,0.0,0.0,0.0,0.0,0.0,17715.0,5.0,29720.0,16297.0,5.0,29733.0
12.139771536996705,0.0,0.0,0.0,0.0,0.0,0.0,0.0,0.0,0.0,0.0,0.0,0.0,0.0,17716.0,5.0,29740.0,16298.0,5.0,29753.0
12.139825467995252,0.0,0.0,0.0,0.0,0.0,0.0,0.0,0.0,0.0,0.0,0.0,0.0,0.0,17717.0,5.0,29760.0,16299.0,5.0,29773.0
12.139880021000863,0.0,0.0,0.0,0.0,0.0,0.0,0.0,0.0,0.0,0.0,0.0,0.0,0.0,17718.0,5.0,29780.0,16300.0,5.0,29793.0
12.139934102990082,0.0,0.0,0.0,0.0,0.0,0.0,0.0,0.0,0.0,0.0,0.0,0.0,0.0,17719.0,5.0,29800.0,16301.0,5.0,29803.0
12.139988454990089,0.0,0.0,0.0,0.0,0.0,0.0,0.0,0.0,0.0,0.0,0.0,0.0,0.0,17720.0,5.0,29820.0,16302.0,5.0,29823.0
12.159008449991234,0.0,0.0,0.0,0.0,0.0,0.0,0.0,0.0,0.0,0.0,0.0,0.0,0.0,17721.0,5.0,29840.0,16303.0,5.0,29853.0
12.17743159100064,0.0,0.0,0.0,0.0,0.0,0.0,0.0,0.0,0.0,0.0,0.0,0.0,0.0,17722.0,5.0,29860.0,16304.0,5.0,29873.0
12.199096732001635,0.0,0.0,0.0,0.0,0.0,0.0,0.0,0.0,0.0,0.0,0.0,0.0,0.0,17723.0,5.0,29880.0,16305.0,5.0,29893.0
12.208908596992842,0.0,0.0,0.0,0.0,0.0,0.0,0.0,0.0,0.0,0.0,0.0,0.0,0.0,17724.0,5.0,29900.0,16306.0,5.0,29903.0
12.240904184000101,0.0,0.0,0.0,0.0,0.0,0.0,0.0,0.0,0.0,0.0,0.0,0.0,0.0,17725.0,5.0,29920.0,16307.0,5.0,29934.0
12.653453733000788,0.0,0.0,0.0,0.0,0.0,0.0,0.0,0.0,0.0,0.0,0.0,0.0,0.0,17736.0,5.0,30140.0,16318.0,5.0,30153.0
12.653722349990858,0.0,0.0,0.0,0.0,0.0,0.0,0.0,0.0,0.0,0.0,0.0,0.0,0.0,17737.0,5.0,30160.0,16319.0,5.0,30173.0
12.653795984995668,0.0,0.0,0.0,0.0,0.0,0.0,0.0,0.0,0.0,0.0,0.0,0.0,0.0,17738.0,5.0,30180.0,16320.0,5.0,30193.0
12.653857979996246,0.0,0.0,0.0,0.0,0.0,0.0,0.0,0.0,0.0,0.0,0.0,0.0,0.0,17739.0,5.0,30200.0,16321.0,5.0,30203.0
12.653916579991346,0.0,0.0,0.0,0.0,0.0,0.0,0.0,0.0,0.0,0.0,0.0,0.0,0.0,17740.0,5.0,30220.0,16322.0,5.0,30233.0
12.653971302992431,0.0,0.0,0.0,0.0,0.0,0.0,0.0,0.0,0.0,0.0,0.0,0.0,0.0,17741.0,5.0,30240.0,16323.0,5.0,30253.0
12.65402713799267,0.0,0.0,0.0,0.0,0.0,0.0,0.0,0.0,0.0,0.0,0.0,0.0,0.0,17742.0,5.0,30260.0,16324.0,5.0,30273.0
12.654083984001772,0.0,0.0,0.0,0.0,0.0,0.0,0.0,0.0,0.0,0.0,0.0,0.0,0.0,17743.0,5.0,30280.0,16325.0,5.0,30293.0
12.654138176003471,0.0,0.0,0.0,0.0,0.0,0.0,0.0,0.0,0.0,0.0,0.0,0.0,0.0,17744.0,5.0,30300.0,16326.0,5.0,30303.0
12.654193599999417,0.0,0.0,0.0,0.0,0.0,0.0,0.0,0.0,0.0,0.0,0.0,0.0,0.0,17745.0,5.0,30320.0,16327.0,5.0,30333.0
12.659095130991773,0.0,0.0,0.0,0.0,0.0,0.0,0.0,0.0,0.0,0.0,0.0,0.0,0.0,17746.0,5.0,30340.0,16328.0,5.0,30352.0
12.678834569000173,0.0,0.0,0.0,0.0,0.0,0.0,0.0,0.0,0.0,0.0,0.0,0.0,0.0,17747.0,5.0,30360.0,16329.0,5.0,30373.0
12.698875294998288,0.0,0.0,0.0,0.0,0.0,0.0,0.0,0.0,0.0,0.0,0.0,0.0,0.0,17748.0,5.0,30380.0,16330.0,5.0,30393.0
12.708883218991105,0.0,0.0,0.0,0.0,0.0,0.0,0.0,0.0,0.0,0.0,0.0,0.0,0.0,17749.0,5.0,30400.0,16331.0,5.0,30403.0
12.73966237300192,0.0,0.0,0.0,0.0,0.0,0.0,0.0,0.0,0.0,0.0,0.0,0.0,0.0,17750.0,5.0,30420.0,16332.0,5.0,30433.0
13.160601843992481,0.0,0.0,0.0,0.0,0.0,0.0,0.0,0.0,0.0,0.0,0.0,0.0,0.0,17751.0,5.0,30440.0,16333.0,5.0,30453.0
13.160927638004068,0.0,0.0,0.0,0.0,0.0,0.0,0.0,0.0,0.0,0.0,0.0,0.0,0.0,17752.0,5.0,30460.0,16334.0,5.0,30473.0
13.161757629000931,0.0,0.0,0.0,0.0,0.0,0.0,0.0,0.0,0.0,0.0,0.0,0.0,0.0,17753.0,5.0,30480.0,16335.0,5.0,30494.0
13.1618754289957,0.0,0.0,0.0,0.0,0.0,0.0,0.0,0.0,0.0,0.0,0.0,0.0,0.0,17754.0,5.0,30500.0,16336.0,5.0,30505.0
13.161949695000658,0.0,0.0,0.0,0.0,0.0,0.0,0.0,0.0,0.0,0.0,0.0,0.0,0.0,17755.0,5.0,30520.0,16337.0,5.0,30523.0
13.162012401997345,0.0,0.0,0.0,0.0,0.0,0.0,0.0,0.0,0.0,0.0,0.0,0.0,0.0,17756.0,5.0,30540.0,16338.0,5.0,30544.0
13.162076310996781,0.0,0.0,0.0,0.0,0.0,0.0,0.0,0.0,0.0,0.0,0.0,0.0,0.0,17757.0,5.0,30560.0,16339.0,5.0,30563.0
13.162146299990127,0.0,0.0,0.0,0.0,0.0,0.0,0.0,0.0,0.0,0.0,0.0,0.0,0.0,17758.0,5.0,30580.0,16340.0,5.0,30593.0
13.162212080991594,0.0,0.0,0.0,0.0,0.0,0.0,0.0,0.0,0.0,0.0,0.0,0.0,0.0,17759.0,5.0,30600.0,16341.0,5.0,30603.0
13.162279034993844,0.0,0.0,0.0,0.0,0.0,0.0,0.0,0.0,0.0,0.0,0.0,0.0,0.0,17760.0,5.0,30620.0,16342.0,5.0,30633.0
13.162336252993555,0.0,0.0,0.0,0.0,0.0,0.0,0.0,0.0,0.0,0.0,0.0,0.0,0.0,17761.0,5.0,30640.0,16343.0,5.0,30653.0
13.162417309999,0.0,0.0,0.0,0.0,0.0,0.0,0.0,0.0,0.0,0.0,0.0,0.0,0.0,17762.0,5.0,30660.0,16344.0,5.0,30673.0
13.16249603399774,0.0,0.0,0.0,0.0,0.0,0.0,0.0,0.0,0.0,0.0,0.0,0.0,0.0,17763.0,5.0,30680.0,16345.0,5.0,30693.0
13.162605730991345,0.0,0.0,0.0,0.0,0.0,0.0,0.0,0.0,0.0,0.0,0.0,0.0,0.0,17764.0,5.0,30700.0,16346.0,5.0,30702.0
13.162695813996834,0.0,0.0,0.0,0.0,0.0,0.0,0.0,0.0,0.0,0.0,0.0,0.0,0.0,17765.0,5.0,30720.0,16347.0,5.0,30733.0
13.162777192002977,0.0,0.0,0.0,0.0,0.0,0.0,0.0,0.0,0.0,0.0,0.0,0.0,0.0,17766.0,5.0,30740.0,16348.0,5.0,30753.0
13.162854533991776,0.0,0.0,0.0,0.0,0.0,0.0,0.0,0.0,0.0,0.0,0.0,0.0,0.0,17767.0,5.0,30760.0,16349.0,5.0,30773.0
13.162940449998132,0.0,0.0,0.0,0.0,0.0,0.0,0.0,0.0,0.0,0.0,0.0,0.0,0.0,17768.0,5.0,30780.0,16350.0,5.0,30793.0
13.163048563001212,0.0,0.0,0.0,0.0,0.0,0.0,0.0,0.0,0.0,0.0,0.0,0.0,0.0,17769.0,5.0,30800.0,16351.0,5.0,30803.0
13.163124122002046,0.0,0.0,0.0,0.0,0.0,0.0,0.0,0.0,0.0,0.0,0.0,0.0,0.0,17770.0,5.0,30820.0,16352.0,5.0,30833.0
13.163344136002706,0.0,0.0,0.0,0.0,0.0,0.0,0.0,0.0,0.0,0.0,0.0,0.0,0.0,17771.0,5.0,30840.0,16353.0,5.0,30852.0
13.178419663992827,0.0,0.0,0.0,0.0,0.0,0.0,0.0,0.0,0.0,0.0,0.0,0.0,0.0,17772.0,5.0,30860.0,16354.0,5.0,30873.0
13.195543194990023,0.0,0.0,0.0,0.0,0.0,0.0,0.0,0.0,0.0,0.0,0.0,0.0,0.0,17773.0,5.0,30880.0,16355.0,5.0,30887.0
13.21800640199217,0.0,0.0,0.0,0.0,0.0,0.0,0.0,0.0,0.0,0.0,0.0,0.0,0.0,17774.0,5.0,30900.0,16356.0,5.0,30913.0
13.238282040998456,0.0,0.0,0.0,0.0,0.0,0.0,0.0,0.0,0.0,0.0,0.0,0.0,0.0,17775.0,5.0,30920.0,16357.0,5.0,30933.0
13.260701765000704,0.0,0.0,0.0,0.0,0.0,0.0,0.0,0.0,0.0,0.0,0.0,0.0,0.0,17776.0,5.0,30940.0,16358.0,5.0,30953.0
13.67719428500277,0.0,0.0,0.0,0.0,0.0,0.0,0.0,0.0,0.0,0.0,0.0,0.0,0.0,17777.0,5.0,30960.0,16359.0,5.0,30973.0
13.67736189000425,0.0,0.0,0.0,0.0,0.0,0.0,0.0,0.0,0.0,0.0,0.0,0.0,0.0,17778.0,5.0,30980.0,16360.0,5.0,30994.0
13.677435605990468,0.0,0.0,0.0,0.0,0.0,0.0,0.0,0.0,0.0,0.0,0.0,0.0,0.0,17779.0,5.0,31000.0,16361.0,5.0,31004.0
13.67749680999259,0.0,0.0,0.0,0.0,0.0,0.0,0.0,0.0,0.0,0.0,0.0,0.0,0.0,17780.0,5.0,31020.0,16362.0,5.0,31023.0
13.677554137000698,0.0,0.0,0.0,0.0,0.0,0.0,0.0,0.0,0.0,0.0,0.0,0.0,0.0,17781.0,5.0,31040.0,16363.0,5.0,31053.0
13.677610703001847,0.0,0.0,0.0,0.0,0.0,0.0,0.0,0.0,0.0,0.0,0.0,0.0,0.0,17782.0,5.0,31060.0,16364.0,5.0,31073.0
13.677680802997202,0.0,0.0,0.0,0.0,0.0,0.0,0.0,0.0,0.0,0.0,0.0,0.0,0.0,17783.0,5.0,31080.0,16365.0,5.0,31093.0
13.677738309997949,0.0,0.0,0.0,0.0,0.0,0.0,0.0,0.0,0.0,0.0,0.0,0.0,0.0,17784.0,5.0,31100.0,16366.0,5.0,31103.0
13.677791880996665,0.0,0.0,0.0,0.0,0.0,0.0,0.0,0.0,0.0,0.0,0.0,0.0,0.0,17785.0,5.0,31120.0,16367.0,5.0,31133.0
13.67784582299646,0.0,0.0,0.0,0.0,0.0,0.0,0.0,0.0,0.0,0.0,0.0,0.0,0.0,17786.0,5.0,31140.0,16368.0,5.0,31153.0
13.67789873300353,0.0,0.0,0.0,0.0,0.0,0.0,0.0,0.0,0.0,0.0,0.0,0.0,0.0,17787.0,5.0,31160.0,16369.0,5.0,31173.0
13.677977928004111,0.0,0.0,0.0,0.0,0.0,0.0,0.0,0.0,0.0,0.0,0.0,0.0,0.0,17788.0,5.0,31180.0,16370.0,5.0,31193.0
13.67806147999363,0.0,0.0,0.0,0.0,0.0,0.0,0.0,0.0,0.0,0.0,0.0,0.0,0.0,17789.0,5.0,31200.0,16371.0,5.0,31203.0
13.678148027000134,0.0,0.0,0.0,0.0,0.0,0.0,0.0,0.0,0.0,0.0,0.0,0.0,0.0,17790.0,5.0,31220.0,16372.0,5.0,31223.0
13.678227651995257,0.0,0.0,0.0,0.0,0.0,0.0,0.0,0.0,0.0,0.0,0.0,0.0,0.0,17791.0,5.0,31240.0,16373.0,5.0,31253.0
13.678316172998166,0.0,0.0,0.0,0.0,0.0,0.0,0.0,0.0,0.0,0.0,0.0,0.0,0.0,17792.0,5.0,31260.0,16374.0,5.0,31273.0
13.678393865004182,0.0,0.0,0.0,0.0,0.0,0.0,0.0,0.0,0.0,0.0,0.0,0.0,0.0,17793.0,5.0,31280.0,16375.0,5.0,31293.0
13.678653045004467,0.0,0.0,0.0,0.0,0.0,0.0,0.0,0.0,0.0,0.0,0.0,0.0,0.0,17794.0,5.0,31300.0,16376.0,5.0,31303.0
13.678791500991792,0.0,0.0,0.0,0.0,0.0,0.0,0.0,0.0,0.0,0.0,0.0,0.0,0.0,17795.0,5.0,31320.0,16377.0,5.0,31333.0
13.678845242000534,0.0,0.0,0.0,0.0,0.0,0.0,0.0,0.0,0.0,0.0,0.0,0.0,0.0,17796.0,5.0,31340.0,16378.0,5.0,31353.0
13.679048036996392,0.0,0.0,0.0,0.0,0.0,0.0,0.0,0.0,0.0,0.0,0.0,0.0,0.0,17797.0,5.0,31360.0,16379.0,5.0,31373.0
13.697594561992446,0.0,0.0,0.0,0.0,0.0,0.0,0.0,0.0,0.0,0.0,0.0,0.0,0.0,17798.0,5.0,31380.0,16380.0,5.0,31393.0
13.714394880997133,0.0,0.0,0.0,0.0,0.0,0.0,0.0,0.0,0.0,0.0,0.0,0.0,0.0,17799.0,5.0,31400.0,16381.0,5.0,31403.0
13.738548804001766,0.0,0.0,0.0,0.0,0.0,0.0,0.0,0.0,0.0,0.0,0.0,0.0,0.0,17800.0,5.0,31420.0,16382.0,5.0,31433.0
13.758372463998967,0.0,0.0,0.0,0.0,0.0,0.0,0.0,0.0,0.0,0.0,0.0,0.0,0.0,17801.0,5.0,31440.0,16383.0,5.0,31453.0
13.777914085003431,0.0,0.0,0.0,0.0,0.0,0.0,0.0,0.0,0.0,0.0,0.0,0.0,0.0,17802.0,5.0,31460.0,16384.0,5.0,31473.0
13.800606472999789,0.0,0.0,0.0,0.0,0.0,0.0,0.0,0.0,0.0,0.0,0.0,0.0,0.0,17803.0,5.0,31480.0,16385.0,5.0,31494.0
13.818476831002044,0.0,0.0,0.0,0.0,0.0,0.0,0.0,0.0,0.0,0.0,0.0,0.0,0.0,17804.0,5.0,31500.0,16386.0,5.0,31505.0
13.838740690000122,0.0,0.0,0.0,0.0,0.0,0.0,0.0,0.0,0.0,0.0,0.0,0.0,0.0,17805.0,5.0,31520.0,16387.0,5.0,31523.0
13.858978424002999,0.0,0.0,0.0,0.0,0.0,0.0,0.0,0.0,0.0,0.0,0.0,0.0,0.0,17806.0,5.0,31540.0,16388.0,5.0,31553.0
13.880843284990988,0.0,0.0,0.0,0.0,0.0,0.0,0.0,0.0,0.0,0.0,0.0,0.0,0.0,17807.0,5.0,31560.0,16389.0,5.0,31573.0
13.898976559998118,0.0,0.0,0.0,0.0,0.0,0.0,0.0,0.0,0.0,0.0,0.0,0.0,0.0,17808.0,5.0,31580.0,16390.0,5.0,31593.0
13.911542137997458,0.0,0.0,0.0,0.0,0.0,0.0,0.0,0.0,0.0,0.0,0.0,0.0,0.0,17809.0,5.0,31600.0,16391.0,5.0,31603.0
14.03851001500152,0.0,0.0,0.0,0.0,0.0,0.0,0.0,0.0,0.0,0.0,0.0,0.0,0.0,17810.0,5.0,31620.0,16392.0,5.0,31633.0
14.038628976995824,0.0,0.0,0.0,0.0,0.0,0.0,0.0,0.0,0.0,0.0,0.0,0.0,0.0,17811.0,5.0,31640.0,16393.0,5.0,31653.0
14.038702742996975,0.0,0.0,0.0,0.0,0.0,0.0,0.0,0.0,0.0,0.0,0.0,0.0,0.0,17812.0,5.0,31660.0,16394.0,5.0,31672.0
14.038765178993344,0.0,0.0,0.0,0.0,0.0,0.0,0.0,0.0,0.0,0.0,0.0,0.0,0.0,17813.0,5.0,31680.0,16395.0,5.0,31693.0
14.038824991002912,0.0,0.0,0.0,0.0,0.0,0.0,0.0,0.0,0.0,0.0,0.0,0.0,0.0,17814.0,5.0,31700.0,16396.0,5.0,31703.0
14.038880245003384,0.0,0.0,0.0,0.0,0.0,0.0,0.0,0.0,0.0,0.0,0.0,0.0,0.0,17815.0,5.0,31720.0,16397.0,5.0,31733.0
14.059165148995817,0.0,0.0,0.0,0.0,0.0,0.0,0.0,0.0,0.0,0.0,0.0,0.0,0.0,17816.0,5.0,31740.0,16398.0,5.0,31753.0
14.079822136001894,0.0,0.0,0.0,0.0,0.0,0.0,0.0,0.0,0.0,0.0,0.0,0.0,0.0,17817.0,5.0,31760.0,16399.0,5.0,31773.0
14.098608911997871,0.0,0.0,0.0,0.0,0.0,0.0,0.0,0.0,0.0,0.0,0.0,0.0,0.0,17818.0,5.0,31780.0,16400.0,5.0,31793.0
14.107673796999734,0.0,0.0,0.0,0.0,0.0,0.0,0.0,0.0,0.0,0.0,0.0,0.0,0.0,17819.0,5.0,31800.0,16401.0,5.0,31803.0
14.138803522990202,0.0,0.0,0.0,0.0,0.0,0.0,0.0,0.0,0.0,0.0,0.0,0.0,0.0,17820.0,5.0,31820.0,16402.0,5.0,31833.0
14.258206736994907,0.0,0.0,0.0,0.0,0.0,0.0,0.0,0.0,0.0,0.0,0.0,0.0,0.0,17821.0,5.0,31840.0,16403.0,5.0,31853.0
14.258381292995182,0.0,0.0,0.0,0.0,0.0,0.0,0.0,0.0,0.0,0.0,0.0,0.0,0.0,17822.0,5.0,31860.0,16404.0,5.0,31873.0
14.25844982000126,0.0,0.0,0.0,0.0,0.0,0.0,0.0,0.0,0.0,0.0,0.0,0.0,0.0,17823.0,5.0,31880.0,16405.0,5.0,31893.0
14.258509520994266,0.0,0.0,0.0,0.0,0.0,0.0,0.0,0.0,0.0,0.0,0.0,0.0,0.0,17824.0,5.0,31900.0,16406.0,5.0,31903.0
14.258566427990445,0.0,0.0,0.0,0.0,0.0,0.0,0.0,0.0,0.0,0.0,0.0,0.0,0.0,17825.0,5.0,31920.0,16407.0,5.0,31933.0
14.258629185002064,0.0,0.0,0.0,0.0,0.0,0.0,0.0,0.0,0.0,0.0,0.0,0.0,0.0,17826.0,5.0,31940.0,16408.0,5.0,31953.0
14.279518397001084,0.0,0.0,0.0,0.0,0.0,0.0,0.0,0.0,0.0,0.0,0.0,0.0,0.0,17827.0,5.0,31960.0,16409.0,5.0,31973.0
14.301145823992556,0.0,0.0,0.0,0.0,0.0,0.0,0.0,0.0,0.0,0.0,0.0,0.0,0.0,17828.0,5.0,31980.0,16410.0,5.0,31995.0
14.3112980779988,0.0,0.0,0.0,0.0,0.0,0.0,0.0,0.0,0.0,0.0,0.0,0.0,0.0,17829.0,5.0,32000.0,16411.0,5.0,32004.0
14.331047450992628,0.0,0.0,0.0,0.0,0.0,0.0,0.0,0.0,0.0,0.0,0.0,0.0,0.0,17830.0,5.0,32020.0,16412.0,5.0,32023.0
14.358394744995167,0.0,0.0,0.0,0.0,0.0,0.0,0.0,0.0,0.0,0.0,0.0,0.0,0.0,17831.0,5.0,32040.0,16413.0,5.0,32053.0
14.415914035998867,0.0,0.0,0.0,0.0,0.0,0.0,0.0,0.0,0.0,0.0,0.0,0.0,0.0,17833.0,5.0,32080.0,16414.0,5.0,32091.0
14.477704370001447,0.0,0.0,0.0,0.0,0.0,0.0,0.0,0.0,0.0,0.0,0.0,0.0,0.0,17834.0,5.0,32100.0,16415.0,5.0,32113.0
14.477834181001526,0.0,0.0,0.0,0.0,0.0,0.0,0.0,0.0,0.0,0.0,0.0,0.0,0.0,17835.0,5.0,32120.0,16416.0,5.0,32123.0
14.47790234599961,0.0,0.0,0.0,0.0,0.0,0.0,0.0,0.0,0.0,0.0,0.0,0.0,0.0,17836.0,5.0,32140.0,16417.0,5.0,32153.0
14.477961516997311,0.0,0.0,0.0,0.0,0.0,0.0,0.0,0.0,0.0,0.0,0.0,0.0,0.0,17837.0,5.0,32160.0,16418.0,5.0,32173.0
14.49880930899235,0.0,0.0,0.0,0.0,0.0,0.0,0.0,0.0,0.0,0.0,0.0,0.0,0.0,17838.0,5.0,32180.0,16419.0,5.0,32193.0
14.518620406990522,0.0,0.0,0.0,0.0,0.0,0.0,0.0,0.0,0.0,0.0,0.0,0.0,0.0,17839.0,5.0,32200.0,16420.0,5.0,32213.0
14.52844291999645,0.0,0.0,0.0,0.0,0.0,0.0,0.0,0.0,0.0,0.0,0.0,0.0,0.0,17840.0,5.0,32220.0,16421.0,5.0,32223.0
14.55839997199655,0.0,0.0,0.0,0.0,0.0,0.0,0.0,0.0,0.0,0.0,0.0,0.0,0.0,17841.0,5.0,32240.0,16422.0,5.0,32253.0
14.577925574994879,0.0,0.0,0.0,0.0,0.0,0.0,0.0,0.0,0.0,0.0,0.0,0.0,0.0,17842.0,5.0,32260.0,16423.0,5.0,32273.0
14.656175687996438,0.0,0.0,0.0,0.0,0.0,0.0,0.0,0.0,0.0,0.0,0.0,0.0,0.0,17843.0,5.0,32280.0,16424.0,5.0,32293.0
14.65628364199074,0.0,0.0,0.0,0.0,0.0,0.0,0.0,0.0,0.0,0.0,0.0,0.0,0.0,17844.0,5.0,32300.0,16425.0,5.0,32313.0
14.656352288002381,0.0,0.0,0.0,0.0,0.0,0.0,0.0,0.0,0.0,0.0,0.0,0.0,0.0,17845.0,5.0,32320.0,16426.0,5.0,32323.0
14.697659286990529,0.0,0.0,0.0,0.0,0.0,0.0,0.0,0.0,0.0,0.0,0.0,0.0,0.0,17846.0,5.0,32340.0,16427.0,5.0,32353.0
14.697759015994961,0.0,0.0,0.0,0.0,0.0,0.0,0.0,0.0,0.0,0.0,0.0,0.0,0.0,17847.0,5.0,32360.0,16428.0,5.0,32373.0
14.697824788003345,0.0,0.0,0.0,0.0,0.0,0.0,0.0,0.0,0.0,0.0,0.0,0.0,0.0,17848.0,5.0,32380.0,16429.0,5.0,32393.0
14.718953276998946,0.0,0.0,0.0,0.0,0.0,0.0,0.0,0.0,0.0,0.0,0.0,0.0,0.0,17849.0,5.0,32400.0,16430.0,5.0,32413.0
14.72759307299566,0.0,0.0,0.0,0.0,0.0,0.0,0.0,0.0,0.0,0.0,0.0,0.0,0.0,17850.0,5.0,32420.0,16431.0,5.0,32423.0
14.758508869999787,0.0,0.0,0.0,0.0,0.0,0.0,0.0,0.0,0.0,0.0,0.0,0.0,0.0,17851.0,5.0,32440.0,16432.0,5.0,32453.0
14.77796705799119,0.0,0.0,0.0,0.0,0.0,0.0,0.0,0.0,0.0,0.0,0.0,0.0,0.0,17852.0,5.0,32460.0,16433.0,5.0,32473.0
14.8015598780039,0.0,0.0,0.0,0.0,0.0,0.0,0.0,0.0,0.0,0.0,0.0,0.0,0.0,17853.0,5.0,32480.0,16434.0,5.0,32495.0
14.917761332995724,0.0,0.0,0.0,0.0,0.0,0.0,0.0,0.0,0.0,0.0,0.0,0.0,0.0,17854.0,5.0,32501.0,16435.0,5.0,32503.0
14.91803348599933,0.0,0.0,0.0,0.0,0.0,0.0,0.0,0.0,0.0,0.0,0.0,0.0,0.0,17855.0,5.0,32520.0,16436.0,5.0,32523.0
14.918102052994072,0.0,0.0,0.0,0.0,0.0,0.0,0.0,0.0,0.0,0.0,0.0,0.0,0.0,17856.0,5.0,32540.0,16437.0,5.0,32553.0
14.918161252993741,0.0,0.0,0.0,0.0,0.0,0.0,0.0,0.0,0.0,0.0,0.0,0.0,0.0,17857.0,5.0,32560.0,16438.0,5.0,32573.0
14.918218179998803,0.0,0.0,0.0,0.0,0.0,0.0,0.0,0.0,0.0,0.0,0.0,0.0,0.0,17858.0,5.0,32580.0,16439.0,5.0,32593.0
14.918272862996673,0.0,0.0,0.0,0.0,0.0,0.0,0.0,0.0,0.0,0.0,0.0,0.0,0.0,17859.0,5.0,32600.0,16440.0,5.0,32613.0
14.928769067002577,0.0,0.0,0.0,0.0,0.0,0.0,0.0,0.0,0.0,0.0,0.0,0.0,0.0,17860.0,5.0,32620.0,16441.0,5.0,32623.0
14.958776649000356,0.0,0.0,0.0,0.0,0.0,0.0,0.0,0.0,0.0,0.0,0.0,0.0,0.0,17861.0,5.0,32640.0,16442.0,5.0,32653.0
14.978690541000105,0.0,0.0,0.0,0.0,0.0,0.0,0.0,0.0,0.0,0.0,0.0,0.0,0.0,17862.0,5.0,32660.0,16443.0,5.0,32673.0
15.00142230799247,0.0,0.0,0.0,0.0,0.0,0.0,0.0,0.0,0.0,0.0,0.0,0.0,0.0,17863.0,5.0,32680.0,16444.0,5.0,32693.0
15.018093274004059,0.0,0.0,0.0,0.0,0.0,0.0,0.0,0.0,0.0,0.0,0.0,0.0,0.0,17864.0,5.0,32700.0,16445.0,5.0,32713.0
15.097578225992038,0.0,0.0,0.0,0.0,0.0,0.0,0.0,0.0,0.0,0.0,0.0,0.0,0.0,17865.0,5.0,32720.0,16446.0,5.0,32723.0
15.097846691991435,0.0,0.0,0.0,0.0,0.0,0.0,0.0,0.0,0.0,0.0,0.0,0.0,0.0,17866.0,5.0,32740.0,16447.0,5.0,32753.0
15.097917152001173,0.0,0.0,0.0,0.0,0.0,0.0,0.0,0.0,0.0,0.0,0.0,0.0,0.0,17867.0,5.0,32760.0,16448.0,5.0,32773.0
15.101325198993436,0.0,0.0,0.0,0.0,0.0,0.0,0.0,0.0,0.0,0.0,0.0,0.0,0.0,17868.0,5.0,32780.0,16449.0,5.0,32793.0
15.147933447995456,0.0,0.0,0.0,0.0,0.0,0.0,0.0,0.0,0.0,0.0,0.0,0.0,0.0,17869.0,5.0,32800.0,16450.0,5.0,32813.0
15.148294311991776,0.0,0.0,0.0,0.0,0.0,0.0,0.0,0.0,0.0,0.0,0.0,0.0,0.0,17870.0,5.0,32820.0,16451.0,5.0,32823.0
15.16013580399158,0.0,0.0,0.0,0.0,0.0,0.0,0.0,0.0,0.0,0.0,0.0,0.0,0.0,17871.0,5.0,32840.0,16452.0,5.0,32853.0
15.179821387995617,0.0,0.0,0.0,0.0,0.0,0.0,0.0,0.0,0.0,0.0,0.0,0.0,0.0,17872.0,5.0,32860.0,16453.0,5.0,32873.0
15.193581102997996,0.0,0.0,0.0,0.0,0.0,0.0,0.0,0.0,0.0,0.0,0.0,0.0,0.0,17873.0,5.0,32880.0,16454.0,5.0,32888.0
15.217755031990237,0.0,0.0,0.0,0.0,0.0,0.0,0.0,0.0,0.0,0.0,0.0,0.0,0.0,17874.0,5.0,32900.0,16455.0,5.0,32913.0
15.228997755999444,0.0,0.0,0.0,0.0,0.0,0.0,0.0,0.0,0.0,0.0,0.0,0.0,0.0,17875.0,5.0,32920.0,16456.0,5.0,32923.0
15.320755281994934,0.0,0.0,0.0,0.0,0.0,0.0,0.0,0.0,0.0,0.0,0.0,0.0,0.0,17876.0,5.0,32940.0,16457.0,5.0,32953.0
15.320877299993299,0.0,0.0,0.0,0.0,0.0,0.0,0.0,0.0,0.0,0.0,0.0,0.0,0.0,17877.0,5.0,32960.0,16458.0,5.0,32973.0
15.320944534003502,0.0,0.0,0.0,0.0,0.0,0.0,0.0,0.0,0.0,0.0,0.0,0.0,0.0,17878.0,5.0,32980.0,16459.0,5.0,32995.0
15.3210040749982,0.0,0.0,0.0,0.0,0.0,0.0,0.0,0.0,0.0,0.0,0.0,0.0,0.0,17879.0,5.0,33000.0,16460.0,5.0,33002.0
15.367892580994521,0.0,0.0,0.0,0.0,0.0,0.0,0.0,0.0,0.0,0.0,0.0,0.0,0.0,17880.0,5.0,33020.0,16461.0,5.0,33023.0
15.36799792999227,0.0,0.0,0.0,0.0,0.0,0.0,0.0,0.0,0.0,0.0,0.0,0.0,0.0,17881.0,5.0,33040.0,16462.0,5.0,33053.0
15.378795907003223,0.0,0.0,0.0,0.0,0.0,0.0,0.0,0.0,0.0,0.0,0.0,0.0,0.0,17882.0,5.0,33060.0,16463.0,5.0,33073.0
15.397854424998513,0.0,0.0,0.0,0.0,0.0,0.0,0.0,0.0,0.0,0.0,0.0,0.0,0.0,17883.0,5.0,33080.0,16464.0,5.0,33093.0
15.418369901992264,0.0,0.0,0.0,0.0,0.0,0.0,0.0,0.0,0.0,0.0,0.0,0.0,0.0,17884.0,5.0,33100.0,16465.0,5.0,33113.0
15.428534331003902,0.0,0.0,0.0,0.0,0.0,0.0,0.0,0.0,0.0,0.0,0.0,0.0,0.0,17885.0,5.0,33120.0,16466.0,5.0,33123.0
15.463100826993468,0.0,0.0,0.0,0.0,0.0,0.0,0.0,0.0,0.0,0.0,0.0,0.0,0.0,17886.0,5.0,33140.0,16467.0,5.0,33153.0
15.582519454997964,0.0,0.0,0.0,0.0,0.0,0.0,0.0,0.0,0.0,0.0,0.0,0.0,0.0,17887.0,5.0,33160.0,16468.0,5.0,33173.0
15.582648304000031,0.0,0.0,0.0,0.0,0.0,0.0,0.0,0.0,0.0,0.0,0.0,0.0,0.0,17888.0,5.0,33180.0,16469.0,5.0,33193.0
15.582718673002091,0.0,0.0,0.0,0.0,0.0,0.0,0.0,0.0,0.0,0.0,0.0,0.0,0.0,17889.0,5.0,33200.0,16470.0,5.0,33213.0
15.582777753996197,0.0,0.0,0.0,0.0,0.0,0.0,0.0,0.0,0.0,0.0,0.0,0.0,0.0,17890.0,5.0,33220.0,16471.0,5.0,33223.0
15.582833648993983,0.0,0.0,0.0,0.0,0.0,0.0,0.0,0.0,0.0,0.0,0.0,0.0,0.0,17891.0,5.0,33240.0,16472.0,5.0,33243.0
15.58288891299162,0.0,0.0,0.0,0.0,0.0,0.0,0.0,0.0,0.0,0.0,0.0,0.0,0.0,17892.0,5.0,33260.0,16473.0,5.0,33273.0
15.597642798995366,0.0,0.0,0.0,0.0,0.0,0.0,0.0,0.0,0.0,0.0,0.0,0.0,0.0,17893.0,5.0,33280.0,16474.0,5.0,33293.0
15.617694065003889,0.0,0.0,0.0,0.0,0.0,0.0,0.0,0.0,0.0,0.0,0.0,0.0,0.0,17894.0,5.0,33300.0,16475.0,5.0,33313.0
15.627791310995235,0.0,0.0,0.0,0.0,0.0,0.0,0.0,0.0,0.0,0.0,0.0,0.0,0.0,17895.0,5.0,33320.0,16476.0,5.0,33323.0
15.660467270994559,0.0,0.0,0.0,0.0,0.0,0.0,0.0,0.0,0.0,0.0,0.0,0.0,0.0,17896.0,5.0,33340.0,16477.0,5.0,33353.0
15.680257593994611,0.0,0.0,0.0,0.0,0.0,0.0,0.0,0.0,0.0,0.0,0.0,0.0,0.0,17897.0,5.0,33360.0,16478.0,5.0,33373.0
15.799240815002122,0.0,0.0,0.0,0.0,0.0,0.0,0.0,0.0,0.0,0.0,0.0,0.0,0.0,17898.0,5.0,33380.0,16479.0,5.0,33393.0
15.799393255001632,0.0,0.0,0.0,0.0,0.0,0.0,0.0,0.0,0.0,0.0,0.0,0.0,0.0,17899.0,5.0,33400.0,16480.0,5.0,33412.0
15.79946219199337,0.0,0.0,0.0,0.0,0.0,0.0,0.0,0.0,0.0,0.0,0.0,0.0,0.0,17900.0,5.0,33420.0,16481.0,5.0,33422.0
15.799522695000633,0.0,0.0,0.0,0.0,0.0,0.0,0.0,0.0,0.0,0.0,0.0,0.0,0.0,17901.0,5.0,33440.0,16482.0,5.0,33453.0
15.799585200991714,0.0,0.0,0.0,0.0,0.0,0.0,0.0,0.0,0.0,0.0,0.0,0.0,0.0,17902.0,5.0,33460.0,16483.0,5.0,33473.0
15.799649209991912,0.0,0.0,0.0,0.0,0.0,0.0,0.0,0.0,0.0,0.0,0.0,0.0,0.0,17903.0,5.0,33480.0,16484.0,5.0,33494.0
15.805894635996083,0.0,0.0,0.0,0.0,0.0,0.0,0.0,0.0,0.0,0.0,0.0,0.0,0.0,17904.0,5.0,33500.0,16485.0,5.0,33501.0
15.830388531001518,0.0,0.0,0.0,0.0,0.0,0.0,0.0,0.0,0.0,0.0,0.0,0.0,0.0,17905.0,5.0,33520.0,16486.0,5.0,33523.0
15.871532354998635,0.0,0.0,0.0,0.0,0.0,0.0,0.0,0.0,0.0,0.0,0.0,0.0,0.0,17906.0,5.0,33540.0,16487.0,5.0,33553.0
15.881635124998866,0.0,0.0,0.0,0.0,0.0,0.0,0.0,0.0,0.0,0.0,0.0,0.0,0.0,17907.0,5.0,33560.0,16488.0,5.0,33573.0
15.899431473997538,0.0,0.0,0.0,0.0,0.0,0.0,0.0,0.0,0.0,0.0,0.0,0.0,0.0,17908.0,5.0,33580.0,16489.0,5.0,33593.0
15.98201056799735,0.0,0.0,0.0,0.0,0.0,0.0,0.0,0.0,0.0,0.0,0.0,0.0,0.0,17909.0,5.0,33600.0,16490.0,5.0,33613.0
15.98214911299874,0.0,0.0,0.0,0.0,0.0,0.0,0.0,0.0,0.0,0.0,0.0,0.0,0.0,17910.0,5.0,33620.0,16491.0,5.0,33623.0
15.982218971999828,0.0,0.0,0.0,0.0,0.0,0.0,0.0,0.0,0.0,0.0,0.0,0.0,0.0,17911.0,5.0,33640.0,16492.0,5.0,33653.0
15.982280757001718,0.0,0.0,0.0,0.0,0.0,0.0,0.0,0.0,0.0,0.0,0.0,0.0,0.0,17912.0,5.0,33660.0,16493.0,5.0,33673.0
16.001489941001637,0.0,0.0,0.0,0.0,0.0,0.0,0.0,0.0,0.0,0.0,0.0,0.0,0.0,17913.0,5.0,33680.0,16494.0,5.0,33693.0
16.019274370002677,0.0,0.0,0.0,0.0,0.0,0.0,0.0,0.0,0.0,0.0,0.0,0.0,0.0,17914.0,5.0,33700.0,16495.0,5.0,33713.0
16.03042480199656,0.0,0.0,0.0,0.0,0.0,0.0,0.0,0.0,0.0,0.0,0.0,0.0,0.0,17915.0,5.0,33720.0,16496.0,5.0,33724.0
16.048553636996076,0.0,0.0,0.0,0.0,0.0,0.0,0.0,0.0,0.0,0.0,0.0,0.0,0.0,17916.0,5.0,33740.0,16497.0,5.0,33743.0
16.077573813003255,0.0,0.0,0.0,0.0,0.0,0.0,0.0,0.0,0.0,0.0,0.0,0.0,0.0,17917.0,5.0,33760.0,16498.0,5.0,33773.0
16.097434905997943,0.0,0.0,0.0,0.0,0.0,0.0,0.0,0.0,0.0,0.0,0.0,0.0,0.0,17918.0,5.0,33780.0,16499.0,5.0,33793.0
16.117808720999165,0.0,0.0,0.0,0.0,0.0,0.0,0.0,0.0,0.0,0.0,0.0,0.0,0.0,17919.0,5.0,33800.0,16500.0,5.0,33813.0
16.48365735099651,0.0,0.0,0.0,0.0,0.0,0.0,0.0,0.0,0.0,0.0,0.0,0.0,0.0,17920.0,5.0,33820.0,16501.0,5.0,33823.0
16.483843287991476,0.0,0.0,0.0,0.0,0.0,0.0,0.0,0.0,0.0,0.0,0.0,0.0,0.0,17921.0,5.0,33840.0,16502.0,5.0,33853.0
16.48391471899231,0.0,0.0,0.0,0.0,0.0,0.0,0.0,0.0,0.0,0.0,0.0,0.0,0.0,17922.0,5.0,33860.0,16503.0,5.0,33873.0
16.483977515992592,0.0,0.0,0.0,0.0,0.0,0.0,0.0,0.0,0.0,0.0,0.0,0.0,0.0,17923.0,5.0,33880.0,16504.0,5.0,33893.0
16.4840374780033,0.0,0.0,0.0,0.0,0.0,0.0,0.0,0.0,0.0,0.0,0.0,0.0,0.0,17924.0,5.0,33900.0,16505.0,5.0,33913.0
16.48409576699487,0.0,0.0,0.0,0.0,0.0,0.0,0.0,0.0,0.0,0.0,0.0,0.0,0.0,17925.0,5.0,33920.0,16506.0,5.0,33923.0
16.484150810996653,0.0,0.0,0.0,0.0,0.0,0.0,0.0,0.0,0.0,0.0,0.0,0.0,0.0,17926.0,5.0,33940.0,16507.0,5.0,33953.0
16.484204912994755,0.0,0.0,0.0,0.0,0.0,0.0,0.0,0.0,0.0,0.0,0.0,0.0,0.0,17927.0,5.0,33960.0,16508.0,5.0,33973.0
16.484258844997385,0.0,0.0,0.0,0.0,0.0,0.0,0.0,0.0,0.0,0.0,0.0,0.0,0.0,17928.0,5.0,33980.0,16509.0,5.0,33994.0
16.484312405998935,0.0,0.0,0.0,0.0,0.0,0.0,0.0,0.0,0.0,0.0,0.0,0.0,0.0,17929.0,5.0,34000.0,16510.0,5.0,34002.0
16.484365134994732,0.0,0.0,0.0,0.0,0.0,0.0,0.0,0.0,0.0,0.0,0.0,0.0,0.0,17930.0,5.0,34020.0,16511.0,5.0,34023.0
16.48441781499423,0.0,0.0,0.0,0.0,0.0,0.0,0.0,0.0,0.0,0.0,0.0,0.0,0.0,17931.0,5.0,34040.0,16512.0,5.0,34043.0
16.484472458003438,0.0,0.0,0.0,0.0,0.0,0.0,0.0,0.0,0.0,0.0,0.0,0.0,0.0,17932.0,5.0,34060.0,16513.0,5.0,34073.0
16.484526679996634,0.0,0.0,0.0,0.0,0.0,0.0,0.0,0.0,0.0,0.0,0.0,0.0,0.0,17933.0,5.0,34080.0,16514.0,5.0,34093.0
16.48458023100102,0.0,0.0,0.0,0.0,0.0,0.0,0.0,0.0,0.0,0.0,0.0,0.0,0.0,17934.0,5.0,34100.0,16515.0,5.0,34113.0
16.484637057990767,0.0,0.0,0.0,0.0,0.0,0.0,0.0,0.0,0.0,0.0,0.0,0.0,0.0,17935.0,5.0,34120.0,16516.0,5.0,34123.0
16.48471955799323,0.0,0.0,0.0,0.0,0.0,0.0,0.0,0.0,0.0,0.0,0.0,0.0,0.0,17936.0,5.0,34140.0,16517.0,5.0,34153.0
16.48638607400062,0.0,0.0,0.0,0.0,0.0,0.0,0.0,0.0,0.0,0.0,0.0,0.0,0.0,17937.0,5.0,34160.0,16518.0,5.0,34173.0
16.497322170995176,0.0,0.0,0.0,0.0,0.0,0.0,0.0,0.0,0.0,0.0,0.0,0.0,0.0,17938.0,5.0,34180.0,16519.0,5.0,34193.0
16.517812584002968,0.0,0.0,0.0,0.0,0.0,0.0,0.0,0.0,0.0,0.0,0.0,0.0,0.0,17939.0,5.0,34200.0,16520.0,5.0,34213.0
16.527872450998984,0.0,0.0,0.0,0.0,0.0,0.0,0.0,0.0,0.0,0.0,0.0,0.0,0.0,17940.0,5.0,34220.0,16521.0,5.0,34223.0
16.558224342996255,0.0,0.0,0.0,0.0,0.0,0.0,0.0,0.0,0.0,0.0,0.0,0.0,0.0,17941.0,5.0,34240.0,16522.0,5.0,34253.0
16.678100003991858,0.0,0.0,0.0,0.0,0.0,0.0,0.0,0.0,0.0,0.0,0.0,0.0,0.0,17942.0,5.0,34260.0,16523.0,5.0,34273.0
16.67828604100214,0.0,0.0,0.0,0.0,0.0,0.0,0.0,0.0,0.0,0.0,0.0,0.0,0.0,17943.0,5.0,34280.0,16524.0,5.0,34293.0
16.678356810996775,0.0,0.0,0.0,0.0,0.0,0.0,0.0,0.0,0.0,0.0,0.0,0.0,0.0,17944.0,5.0,34300.0,16525.0,5.0,34313.0
16.678417233997607,0.0,0.0,0.0,0.0,0.0,0.0,0.0,0.0,0.0,0.0,0.0,0.0,0.0,17945.0,5.0,34320.0,16526.0,5.0,34323.0
16.678473680003663,0.0,0.0,0.0,0.0,0.0,0.0,0.0,0.0,0.0,0.0,0.0,0.0,0.0,17946.0,5.0,34340.0,16527.0,5.0,34353.0
16.68563118900056,0.0,0.0,0.0,0.0,0.0,0.0,0.0,0.0,0.0,0.0,0.0,0.0,0.0,17947.0,5.0,34360.0,16528.0,5.0,34373.0
16.700558173004538,0.0,0.0,0.0,0.0,0.0,0.0,0.0,0.0,0.0,0.0,0.0,0.0,0.0,17948.0,5.0,34380.0,16529.0,5.0,34393.0
16.718754000990884,0.0,0.0,0.0,0.0,0.0,0.0,0.0,0.0,0.0,0.0,0.0,0.0,0.0,17949.0,5.0,34400.0,16530.0,5.0,34413.0
16.727572939998936,0.0,0.0,0.0,0.0,0.0,0.0,0.0,0.0,0.0,0.0,0.0,0.0,0.0,17950.0,5.0,34420.0,16531.0,5.0,34423.0
16.757678977999603,0.0,0.0,0.0,0.0,0.0,0.0,0.0,0.0,0.0,0.0,0.0,0.0,0.0,17951.0,5.0,34440.0,16532.0,5.0,34453.0
16.903294593997998,0.0,0.0,0.0,0.0,0.0,0.0,0.0,0.0,0.0,0.0,0.0,0.0,0.0,17952.0,5.0,34460.0,16533.0,5.0,34473.0
16.903465804993175,0.0,0.0,0.0,0.0,0.0,0.0,0.0,0.0,0.0,0.0,0.0,0.0,0.0,17953.0,5.0,34480.0,16534.0,5.0,34494.0
16.903536935991724,0.0,0.0,0.0,0.0,0.0,0.0,0.0,0.0,0.0,0.0,0.0,0.0,0.0,17954.0,5.0,34500.0,16535.0,5.0,34501.0
16.90359557599004,0.0,0.0,0.0,0.0,0.0,0.0,0.0,0.0,0.0,0.0,0.0,0.0,0.0,17955.0,5.0,34520.0,16536.0,5.0,34523.0
16.90366490399174,0.0,0.0,0.0,0.0,0.0,0.0,0.0,0.0,0.0,0.0,0.0,0.0,0.0,17956.0,5.0,34540.0,16537.0,5.0,34553.0
16.903721661001327,0.0,0.0,0.0,0.0,0.0,0.0,0.0,0.0,0.0,0.0,0.0,0.0,0.0,17957.0,5.0,34560.0,16538.0,5.0,34573.0
16.90377678499499,0.0,0.0,0.0,0.0,0.0,0.0,0.0,0.0,0.0,0.0,0.0,0.0,0.0,17958.0,5.0,34580.0,16539.0,5.0,34593.0
16.917665471992223,0.0,0.0,0.0,0.0,0.0,0.0,0.0,0.0,0.0,0.0,0.0,0.0,0.0,17959.0,5.0,34600.0,16540.0,5.0,34613.0
16.927374225997482,0.0,0.0,0.0,0.0,0.0,0.0,0.0,0.0,0.0,0.0,0.0,0.0,0.0,17960.0,5.0,34620.0,16541.0,5.0,34623.0
16.95870456699049,0.0,0.0,0.0,0.0,0.0,0.0,0.0,0.0,0.0,0.0,0.0,0.0,0.0,17961.0,5.0,34640.0,16542.0,5.0,34653.0
16.978130178002175,0.0,0.0,0.0,0.0,0.0,0.0,0.0,0.0,0.0,0.0,0.0,0.0,0.0,17962.0,5.0,34660.0,16543.0,5.0,34673.0
16.99846594799601,0.0,0.0,0.0,0.0,0.0,0.0,0.0,0.0,0.0,0.0,0.0,0.0,0.0,17963.0,5.0,34680.0,16544.0,5.0,34693.0
17.118942398999934,0.0,0.0,0.0,0.0,0.0,0.0,0.0,0.0,0.0,0.0,0.0,0.0,0.0,17964.0,5.0,34700.0,16545.0,5.0,34713.0
17.119051543995738,0.0,0.0,0.0,0.0,0.0,0.0,0.0,0.0,0.0,0.0,0.0,0.0,0.0,17965.0,5.0,34720.0,16546.0,5.0,34723.0
17.11912084199139,0.0,0.0,0.0,0.0,0.0,0.0,0.0,0.0,0.0,0.0,0.0,0.0,0.0,17966.0,5.0,34740.0,16547.0,5.0,34753.0
17.119180583991692,0.0,0.0,0.0,0.0,0.0,0.0,0.0,0.0,0.0,0.0,0.0,0.0,0.0,17967.0,5.0,34760.0,16548.0,5.0,34773.0
17.119236229002126,0.0,0.0,0.0,0.0,0.0,0.0,0.0,0.0,0.0,0.0,0.0,0.0,0.0,17968.0,5.0,34780.0,16549.0,5.0,34793.0
17.119292474992108,0.0,0.0,0.0,0.0,0.0,0.0,0.0,0.0,0.0,0.0,0.0,0.0,0.0,17969.0,5.0,34800.0,16550.0,5.0,34813.0
17.127365573993302,0.0,0.0,0.0,0.0,0.0,0.0,0.0,0.0,0.0,0.0,0.0,0.0,0.0,17970.0,5.0,34820.0,16551.0,5.0,34823.0
17.157580507991952,0.0,0.0,0.0,0.0,0.0,0.0,0.0,0.0,0.0,0.0,0.0,0.0,0.0,17971.0,5.0,34840.0,16552.0,5.0,34853.0
17.177838816001895,0.0,0.0,0.0,0.0,0.0,0.0,0.0,0.0,0.0,0.0,0.0,0.0,0.0,17972.0,5.0,34860.0,16553.0,5.0,34873.0
17.194160243001534,0.0,0.0,0.0,0.0,0.0,0.0,0.0,0.0,0.0,0.0,0.0,0.0,0.0,17973.0,5.0,34880.0,16554.0,5.0,34887.0
17.218171157990582,0.0,0.0,0.0,0.0,0.0,0.0,0.0,0.0,0.0,0.0,0.0,0.0,0.0,17974.0,5.0,34900.0,16555.0,5.0,34913.0
17.33860834199004,0.0,0.0,0.0,0.0,0.0,0.0,0.0,0.0,0.0,0.0,0.0,0.0,0.0,17975.0,5.0,34920.0,16556.0,5.0,34923.0
17.338742209991324,0.0,0.0,0.0,0.0,0.0,0.0,0.0,0.0,0.0,0.0,0.0,0.0,0.0,17976.0,5.0,34940.0,16557.0,5.0,34953.0
17.33881029600161,0.0,0.0,0.0,0.0,0.0,0.0,0.0,0.0,0.0,0.0,0.0,0.0,0.0,17977.0,5.0,34960.0,16558.0,5.0,34973.0
17.338870317995315,0.0,0.0,0.0,0.0,0.0,0.0,0.0,0.0,0.0,0.0,0.0,0.0,0.0,17978.0,5.0,34980.0,16559.0,5.0,34994.0
17.338927094999235,0.0,0.0,0.0,0.0,0.0,0.0,0.0,0.0,0.0,0.0,0.0,0.0,0.0,17979.0,5.0,35000.0,16560.0,5.0,35002.0
17.338982799003134,0.0,0.0,0.0,0.0,0.0,0.0,0.0,0.0,0.0,0.0,0.0,0.0,0.0,17980.0,5.0,35020.0,16561.0,5.0,35023.0
17.358280291999108,0.0,0.0,0.0,0.0,0.0,0.0,0.0,0.0,0.0,0.0,0.0,0.0,0.0,17981.0,5.0,35040.0,16562.0,5.0,35053.0
17.377951331000077,0.0,0.0,0.0,0.0,0.0,0.0,0.0,0.0,0.0,0.0,0.0,0.0,0.0,17982.0,5.0,35060.0,16563.0,5.0,35073.0
17.39869524499227,0.0,0.0,0.0,0.0,0.0,0.0,0.0,0.0,0.0,0.0,0.0,0.0,0.0,17983.0,5.0,35080.0,16564.0,5.0,35093.0
17.4186074140016,0.0,0.0,0.0,0.0,0.0,0.0,0.0,0.0,0.0,0.0,0.0,0.0,0.0,17984.0,5.0,35100.0,16565.0,5.0,35113.0
17.427886846999172,0.0,0.0,0.0,0.0,0.0,0.0,0.0,0.0,0.0,0.0,0.0,0.0,0.0,17985.0,5.0,35120.0,16566.0,5.0,35123.0
17.56285461099469,0.0,0.0,0.0,0.0,0.0,0.0,0.0,0.0,0.0,0.0,0.0,0.0,0.0,17986.0,5.0,35140.0,16567.0,5.0,35153.0
17.562967363002826,0.0,0.0,0.0,0.0,0.0,0.0,0.0,0.0,0.0,0.0,0.0,0.0,0.0,17987.0,5.0,35160.0,16568.0,5.0,35173.0
17.563038313994184,0.0,0.0,0.0,0.0,0.0,0.0,0.0,0.0,0.0,0.0,0.0,0.0,0.0,17988.0,5.0,35180.0,16569.0,5.0,35193.0
17.563098204991547,0.0,0.0,0.0,0.0,0.0,0.0,0.0,0.0,0.0,0.0,0.0,0.0,0.0,17989.0,5.0,35200.0,16570.0,5.0,35213.0
17.563156504998915,0.0,0.0,0.0,0.0,0.0,0.0,0.0,0.0,0.0,0.0,0.0,0.0,0.0,17990.0,5.0,35220.0,16571.0,5.0,35222.0
17.564745718991617,0.0,0.0,0.0,0.0,0.0,0.0,0.0,0.0,0.0,0.0,0.0,0.0,0.0,17991.0,5.0,35240.0,16572.0,5.0,35253.0
17.577181283995742,0.0,0.0,0.0,0.0,0.0,0.0,0.0,0.0,0.0,0.0,0.0,0.0,0.0,17992.0,5.0,35261.0,16573.0,5.0,35273.0
17.5973137379915,0.0,0.0,0.0,0.0,0.0,0.0,0.0,0.0,0.0,0.0,0.0,0.0,0.0,17993.0,5.0,35280.0,16574.0,5.0,35293.0
17.619460739995702,0.0,0.0,0.0,0.0,0.0,0.0,0.0,0.0,0.0,0.0,0.0,0.0,0.0,17994.0,5.0,35300.0,16575.0,5.0,35313.0
17.62831237500359,0.0,0.0,0.0,0.0,0.0,0.0,0.0,0.0,0.0,0.0,0.0,0.0,0.0,17995.0,5.0,35320.0,16576.0,5.0,35323.0
17.661239202992874,0.0,0.0,0.0,0.0,0.0,0.0,0.0,0.0,0.0,0.0,0.0,0.0,0.0,17996.0,5.0,35340.0,16577.0,5.0,35353.0
17.777053783996962,0.0,0.0,0.0,0.0,0.0,0.0,0.0,0.0,0.0,0.0,0.0,0.0,0.0,17997.0,5.0,35360.0,16578.0,5.0,35373.0
17.777181782003026,0.0,0.0,0.0,0.0,0.0,0.0,0.0,0.0,0.0,0.0,0.0,0.0,0.0,17998.0,5.0,35380.0,16579.0,5.0,35393.0
17.777262920004432,0.0,0.0,0.0,0.0,0.0,0.0,0.0,0.0,0.0,0.0,0.0,0.0,0.0,17999.0,5.0,35400.0,16580.0,5.0,35413.0
17.777345440990757,0.0,0.0,0.0,0.0,0.0,0.0,0.0,0.0,0.0,0.0,0.0,0.0,0.0,18000.0,5.0,35420.0,16581.0,5.0,35423.0
17.77741311599675,0.0,0.0,0.0,0.0,0.0,0.0,0.0,0.0,0.0,0.0,0.0,0.0,0.0,18001.0,5.0,35440.0,16582.0,5.0,35453.0
17.778697501998977,0.0,0.0,0.0,0.0,0.0,0.0,0.0,0.0,0.0,0.0,0.0,0.0,0.0,18002.0,5.0,35460.0,16583.0,5.0,35473.0
17.801915818999987,0.0,0.0,0.0,0.0,0.0,0.0,0.0,0.0,0.0,0.0,0.0,0.0,0.0,18003.0,5.0,35480.0,16584.0,5.0,35494.0
17.80541641799209,0.0,0.0,0.0,0.0,0.0,0.0,0.0,0.0,0.0,0.0,0.0,0.0,0.0,18004.0,5.0,35500.0,16585.0,5.0,35502.0
17.828857785003493,0.0,0.0,0.0,0.0,0.0,0.0,0.0,0.0,0.0,0.0,0.0,0.0,0.0,18005.0,5.0,35520.0,16586.0,5.0,35523.0
17.857723174995044,0.0,0.0,0.0,0.0,0.0,0.0,0.0,0.0,0.0,0.0,0.0,0.0,0.0,18006.0,5.0,35540.0,16587.0,5.0,35553.0
17.87859736099199,0.0,0.0,0.0,0.0,0.0,0.0,0.0,0.0,0.0,0.0,0.0,0.0,0.0,18007.0,5.0,35560.0,16588.0,5.0,35574.0
17.997149642993463,0.0,0.0,0.0,0.0,0.0,0.0,0.0,0.0,0.0,0.0,0.0,0.0,0.0,18008.0,5.0,35580.0,16589.0,5.0,35593.0
17.99727507699572,0.0,0.0,0.0,0.0,0.0,0.0,0.0,0.0,0.0,0.0,0.0,0.0,0.0,18009.0,5.0,35600.0,16590.0,5.0,35613.0
17.997342871996807,0.0,0.0,0.0,0.0,0.0,0.0,0.0,0.0,0.0,0.0,0.0,0.0,0.0,18010.0,5.0,35620.0,16591.0,5.0,35623.0
17.99740261399711,0.0,0.0,0.0,0.0,0.0,0.0,0.0,0.0,0.0,0.0,0.0,0.0,0.0,18011.0,5.0,35640.0,16592.0,5.0,35653.0
17.99745917999826,0.0,0.0,0.0,0.0,0.0,0.0,0.0,0.0,0.0,0.0,0.0,0.0,0.0,18012.0,5.0,35660.0,16593.0,5.0,35673.0
17.997514493996277,0.0,0.0,0.0,0.0,0.0,0.0,0.0,0.0,0.0,0.0,0.0,0.0,0.0,18013.0,5.0,35680.0,16594.0,5.0,35693.0
18.017847338996944,0.0,0.0,0.0,0.0,0.0,0.0,0.0,0.0,0.0,0.0,0.0,0.0,0.0,18014.0,5.0,35700.0,16595.0,5.0,35713.0
18.030700208997587,0.0,0.0,0.0,0.0,0.0,0.0,0.0,0.0,0.0,0.0,0.0,0.0,0.0,18015.0,5.0,35720.0,16596.0,5.0,35723.0
18.05725450499449,0.0,0.0,0.0,0.0,0.0,0.0,0.0,0.0,0.0,0.0,0.0,0.0,0.0,18016.0,5.0,35740.0,16597.0,5.0,35753.0
18.077098887995817,0.0,0.0,0.0,0.0,0.0,0.0,0.0,0.0,0.0,0.0,0.0,0.0,0.0,18017.0,5.0,35760.0,16598.0,5.0,35773.0
18.097095860997797,0.0,0.0,0.0,0.0,0.0,0.0,0.0,0.0,0.0,0.0,0.0,0.0,0.0,18018.0,5.0,35780.0,16599.0,5.0,35793.0
18.219821327002137,0.0,0.0,0.0,0.0,0.0,0.0,0.0,0.0,0.0,0.0,0.0,0.0,0.0,18019.0,5.0,35800.0,16600.0,5.0,35813.0
18.219924803997856,0.0,0.0,0.0,0.0,0.0,0.0,0.0,0.0,0.0,0.0,0.0,0.0,0.0,18020.0,5.0,35820.0,16601.0,5.0,35822.0
18.219996835992788,0.0,0.0,0.0,0.0,0.0,0.0,0.0,0.0,0.0,0.0,0.0,0.0,0.0,18021.0,5.0,35840.0,16602.0,5.0,35853.0
18.220057639991865,0.0,0.0,0.0,0.0,0.0,0.0,0.0,0.0,0.0,0.0,0.0,0.0,0.0,18022.0,5.0,35860.0,16603.0,5.0,35873.0
18.220113925999613,0.0,0.0,0.0,0.0,0.0,0.0,0.0,0.0,0.0,0.0,0.0,0.0,0.0,18023.0,5.0,35880.0,16604.0,5.0,35893.0
18.22235596200335,0.0,0.0,0.0,0.0,0.0,0.0,0.0,0.0,0.0,0.0,0.0,0.0,0.0,18024.0,5.0,35900.0,16605.0,5.0,35913.0
18.226198162999935,0.0,0.0,0.0,0.0,0.0,0.0,0.0,0.0,0.0,0.0,0.0,0.0,0.0,18025.0,5.0,35921.0,16606.0,5.0,35922.0
18.257552180002676,0.0,0.0,0.0,0.0,0.0,0.0,0.0,0.0,0.0,0.0,0.0,0.0,0.0,18026.0,5.0,35940.0,16607.0,5.0,35953.0
18.277287546996376,0.0,0.0,0.0,0.0,0.0,0.0,0.0,0.0,0.0,0.0,0.0,0.0,0.0,18027.0,5.0,35960.0,16608.0,5.0,35972.0
18.298650425000233,0.0,0.0,0.0,0.0,0.0,0.0,0.0,0.0,0.0,0.0,0.0,0.0,0.0,18028.0,5.0,35980.0,16609.0,5.0,35994.0
18.307215816996177,0.0,0.0,0.0,0.0,0.0,0.0,0.0,0.0,0.0,0.0,0.0,0.0,0.0,18029.0,5.0,36000.0,16610.0,5.0,36002.0
18.40992679099145,0.0,0.0,0.0,0.0,0.0,0.0,0.0,0.0,0.0,0.0,0.0,0.0,0.0,18030.0,5.0,36020.0,16611.0,5.0,36023.0
18.410292664004373,0.0,0.0,0.0,0.0,0.0,0.0,0.0,0.0,0.0,0.0,0.0,0.0,0.0,18031.0,5.0,36040.0,16612.0,5.0,36053.0
18.410397753003053,0.0,0.0,0.0,0.0,0.0,0.0,0.0,0.0,0.0,0.0,0.0,0.0,0.0,18032.0,5.0,36060.0,16613.0,5.0,36073.0
18.4104579059931,0.0,0.0,0.0,0.0,0.0,0.0,0.0,0.0,0.0,0.0,0.0,0.0,0.0,18033.0,5.0,36080.0,16614.0,5.0,36093.0
18.438771717002965,0.0,0.0,0.0,0.0,0.0,0.0,0.0,0.0,0.0,0.0,0.0,0.0,0.0,18034.0,5.0,36100.0,16615.0,5.0,36113.0
18.43886794100399,0.0,0.0,0.0,0.0,0.0,0.0,0.0,0.0,0.0,0.0,0.0,0.0,0.0,18035.0,5.0,36120.0,16616.0,5.0,36123.0
18.458743576993584,0.0,0.0,0.0,0.0,0.0,0.0,0.0,0.0,0.0,0.0,0.0,0.0,0.0,18036.0,5.0,36140.0,16617.0,5.0,36153.0
18.480061808004393,0.0,0.0,0.0,0.0,0.0,0.0,0.0,0.0,0.0,0.0,0.0,0.0,0.0,18037.0,5.0,36160.0,16618.0,5.0,36173.0
18.498276336991694,0.0,0.0,0.0,0.0,0.0,0.0,0.0,0.0,0.0,0.0,0.0,0.0,0.0,18038.0,5.0,36180.0,16619.0,5.0,36193.0
18.520370029000333,0.0,0.0,0.0,0.0,0.0,0.0,0.0,0.0,0.0,0.0,0.0,0.0,0.0,18039.0,5.0,36200.0,16620.0,5.0,36213.0
18.527044871996623,0.0,0.0,0.0,0.0,0.0,0.0,0.0,0.0,0.0,0.0,0.0,0.0,0.0,18040.0,5.0,36221.0,16621.0,5.0,36222.0
18.657315232994733,0.0,0.0,0.0,0.0,0.0,0.0,0.0,0.0,0.0,0.0,0.0,0.0,0.0,18041.0,5.0,36240.0,16622.0,5.0,36253.0
18.657485863994225,0.0,0.0,0.0,0.0,0.0,0.0,0.0,0.0,0.0,0.0,0.0,0.0,0.0,18042.0,5.0,36260.0,16623.0,5.0,36273.0
18.657554920995608,0.0,0.0,0.0,0.0,0.0,0.0,0.0,0.0,0.0,0.0,0.0,0.0,0.0,18043.0,5.0,36280.0,16624.0,5.0,36293.0
18.657623787992634,0.0,0.0,0.0,0.0,0.0,0.0,0.0,0.0,0.0,0.0,0.0,0.0,0.0,18044.0,5.0,36300.0,16625.0,5.0,36313.0
18.657688007995603,0.0,0.0,0.0,0.0,0.0,0.0,0.0,0.0,0.0,0.0,0.0,0.0,0.0,18045.0,5.0,36320.0,16626.0,5.0,36323.0
18.657746837998275,0.0,0.0,0.0,0.0,0.0,0.0,0.0,0.0,0.0,0.0,0.0,0.0,0.0,18046.0,5.0,36340.0,16627.0,5.0,36343.0
18.67740896999021,0.0,0.0,0.0,0.0,0.0,0.0,0.0,0.0,0.0,0.0,0.0,0.0,0.0,18047.0,5.0,36360.0,16628.0,5.0,36373.0
18.69831100999727,0.0,0.0,0.0,0.0,0.0,0.0,0.0,0.0,0.0,0.0,0.0,0.0,0.0,18048.0,5.0,36380.0,16629.0,5.0,36393.0
18.71729180199327,0.0,0.0,0.0,0.0,0.0,0.0,0.0,0.0,0.0,0.0,0.0,0.0,0.0,18049.0,5.0,36400.0,16630.0,5.0,36413.0
18.729962579003768,0.0,0.0,0.0,0.0,0.0,0.0,0.0,0.0,0.0,0.0,0.0,0.0,0.0,18050.0,5.0,36420.0,16631.0,5.0,36423.0
18.757783063003444,0.0,0.0,0.0,0.0,0.0,0.0,0.0,0.0,0.0,0.0,0.0,0.0,0.0,18051.0,5.0,36440.0,16632.0,5.0,36453.0
18.781478773991694,0.0,0.0,0.0,0.0,0.0,0.0,0.0,0.0,0.0,0.0,0.0,0.0,0.0,18052.0,5.0,36460.0,16633.0,5.0,36473.0
18.88086807000218,0.0,0.0,0.0,0.0,0.0,0.0,0.0,0.0,0.0,0.0,0.0,0.0,0.0,18053.0,5.0,36480.0,16634.0,5.0,36494.0
18.88098725299642,0.0,0.0,0.0,0.0,0.0,0.0,0.0,0.0,0.0,0.0,0.0,0.0,0.0,18054.0,5.0,36500.0,16635.0,5.0,36502.0
18.881055388992536,0.0,0.0,0.0,0.0,0.0,0.0,0.0,0.0,0.0,0.0,0.0,0.0,0.0,18055.0,5.0,36520.0,16636.0,5.0,36523.0
18.881117594995885,0.0,0.0,0.0,0.0,0.0,0.0,0.0,0.0,0.0,0.0,0.0,0.0,0.0,18056.0,5.0,36540.0,16637.0,5.0,36553.0
18.881175592992804,0.0,0.0,0.0,0.0,0.0,0.0,0.0,0.0,0.0,0.0,0.0,0.0,0.0,18057.0,5.0,36560.0,16638.0,5.0,36573.0
18.897898149996763,0.0,0.0,0.0,0.0,0.0,0.0,0.0,0.0,0.0,0.0,0.0,0.0,0.0,18058.0,5.0,36580.0,16639.0,5.0,36593.0
18.91727468499448,0.0,0.0,0.0,0.0,0.0,0.0,0.0,0.0,0.0,0.0,0.0,0.0,0.0,18059.0,5.0,36600.0,16640.0,5.0,36613.0
18.928294169993023,0.0,0.0,0.0,0.0,0.0,0.0,0.0,0.0,0.0,0.0,0.0,0.0,0.0,18060.0,5.0,36620.0,16641.0,5.0,36623.0
18.957347463991027,0.0,0.0,0.0,0.0,0.0,0.0,0.0,0.0,0.0,0.0,0.0,0.0,0.0,18061.0,5.0,36640.0,16642.0,5.0,36653.0
18.976964828994824,0.0,0.0,0.0,0.0,0.0,0.0,0.0,0.0,0.0,0.0,0.0,0.0,0.0,18062.0,5.0,36660.0,16643.0,5.0,36673.0
19.03971064700454,0.0,0.0,0.0,0.0,0.0,0.0,0.0,0.0,0.0,0.0,0.0,0.0,0.0,18063.0,5.0,36680.0,16644.0,5.0,36693.0
19.04004233199521,0.0,0.0,0.0,0.0,0.0,0.0,0.0,0.0,0.0,0.0,0.0,0.0,0.0,18064.0,5.0,36700.0,16645.0,5.0,36713.0
19.040110447996994,0.0,0.0,0.0,0.0,0.0,0.0,0.0,0.0,0.0,0.0,0.0,0.0,0.0,18065.0,5.0,36720.0,16646.0,5.0,36723.0
19.098513859993545,0.0,0.0,0.0,0.0,0.0,0.0,0.0,0.0,0.0,0.0,0.0,0.0,0.0,18066.0,5.0,36740.0,16647.0,5.0,36753.0
19.098643991994322,0.0,0.0,0.0,0.0,0.0,0.0,0.0,0.0,0.0,0.0,0.0,0.0,0.0,18067.0,5.0,36760.0,16648.0,5.0,36773.0
19.09871784799907,0.0,0.0,0.0,0.0,0.0,0.0,0.0,0.0,0.0,0.0,0.0,0.0,0.0,18068.0,5.0,36780.0,16649.0,5.0,36792.0
19.117239578001318,0.0,0.0,0.0,0.0,0.0,0.0,0.0,0.0,0.0,0.0,0.0,0.0,0.0,18069.0,5.0,36800.0,16650.0,5.0,36813.0
19.126846686995123,0.0,0.0,0.0,0.0,0.0,0.0,0.0,0.0,0.0,0.0,0.0,0.0,0.0,18070.0,5.0,36820.0,16651.0,5.0,36823.0
19.15808565299085,0.0,0.0,0.0,0.0,0.0,0.0,0.0,0.0,0.0,0.0,0.0,0.0,0.0,18071.0,5.0,36840.0,16652.0,5.0,36853.0
19.177869421997457,0.0,0.0,0.0,0.0,0.0,0.0,0.0,0.0,0.0,0.0,0.0,0.0,0.0,18072.0,5.0,36860.0,16653.0,5.0,36873.0
19.192301567993127,0.0,0.0,0.0,0.0,0.0,0.0,0.0,0.0,0.0,0.0,0.0,0.0,0.0,18073.0,5.0,36880.0,16654.0,5.0,36887.0
19.407838076993357,0.0,0.0,0.0,0.0,0.0,0.0,0.0,0.0,0.0,0.0,0.0,0.0,0.0,18074.0,5.0,36900.0,16655.0,5.0,36913.0
19.40831859500031,0.0,0.0,0.0,0.0,0.0,0.0,0.0,0.0,0.0,0.0,0.0,0.0,0.0,18075.0,5.0,36920.0,16656.0,5.0,36923.0
19.40858695199131,0.0,0.0,0.0,0.0,0.0,0.0,0.0,0.0,0.0,0.0,0.0,0.0,0.0,18076.0,5.0,36940.0,16657.0,5.0,36953.0
19.408790849003708,0.0,0.0,0.0,0.0,0.0,0.0,0.0,0.0,0.0,0.0,0.0,0.0,0.0,18077.0,5.0,36960.0,16658.0,5.0,36973.0
19.408849137995276,0.0,0.0,0.0,0.0,0.0,0.0,0.0,0.0,0.0,0.0,0.0,0.0,0.0,18078.0,5.0,36980.0,16659.0,5.0,36995.0
19.408904341995367,0.0,0.0,0.0,0.0,0.0,0.0,0.0,0.0,0.0,0.0,0.0,0.0,0.0,18079.0,5.0,37000.0,16660.0,5.0,37002.0
19.408958885003813,0.0,0.0,0.0,0.0,0.0,0.0,0.0,0.0,0.0,0.0,0.0,0.0,0.0,18080.0,5.0,37020.0,16661.0,5.0,37023.0
19.409013689000858,0.0,0.0,0.0,0.0,0.0,0.0,0.0,0.0,0.0,0.0,0.0,0.0,0.0,18081.0,5.0,37040.0,16662.0,5.0,37053.0
19.409068091001245,0.0,0.0,0.0,0.0,0.0,0.0,0.0,0.0,0.0,0.0,0.0,0.0,0.0,18082.0,5.0,37060.0,16663.0,5.0,37073.0
19.4091221330018,0.0,0.0,0.0,0.0,0.0,0.0,0.0,0.0,0.0,0.0,0.0,0.0,0.0,18083.0,5.0,37080.0,16664.0,5.0,37093.0
19.417739847995108,0.0,0.0,0.0,0.0,0.0,0.0,0.0,0.0,0.0,0.0,0.0,0.0,0.0,18084.0,5.0,37100.0,16665.0,5.0,37113.0
19.829597201998695,0.0,0.0,0.0,0.0,0.0,0.0,0.0,0.0,0.0,0.0,0.0,0.0,0.0,18096.0,5.0,37340.0,16677.0,5.0,37353.0
19.829779872990912,0.0,0.0,0.0,0.0,0.0,0.0,0.0,0.0,0.0,0.0,0.0,0.0,0.0,18097.0,5.0,37360.0,16678.0,5.0,37373.0
19.829849822999677,0.0,0.0,0.0,0.0,0.0,0.0,0.0,0.0,0.0,0.0,0.0,0.0,0.0,18098.0,5.0,37380.0,16679.0,5.0,37393.0
19.829909705003956,0.0,0.0,0.0,0.0,0.0,0.0,0.0,0.0,0.0,0.0,0.0,0.0,0.0,18099.0,5.0,37400.0,16680.0,5.0,37413.0
19.829971359999035,0.0,0.0,0.0,0.0,0.0,0.0,0.0,0.0,0.0,0.0,0.0,0.0,0.0,18100.0,5.0,37420.0,16681.0,5.0,37423.0
19.830031702003907,0.0,0.0,0.0,0.0,0.0,0.0,0.0,0.0,0.0,0.0,0.0,0.0,0.0,18101.0,5.0,37440.0,16682.0,5.0,37453.0
19.830085954992683,0.0,0.0,0.0,0.0,0.0,0.0,0.0,0.0,0.0,0.0,0.0,0.0,0.0,18102.0,5.0,37460.0,16683.0,5.0,37473.0
19.830140748003032,0.0,0.0,0.0,0.0,0.0,0.0,0.0,0.0,0.0,0.0,0.0,0.0,0.0,18103.0,5.0,37480.0,16684.0,5.0,37495.0
19.830194098991342,0.0,0.0,0.0,0.0,0.0,0.0,0.0,0.0,0.0,0.0,0.0,0.0,0.0,18104.0,5.0,37500.0,16685.0,5.0,37502.0
19.830248491998645,0.0,0.0,0.0,0.0,0.0,0.0,0.0,0.0,0.0,0.0,0.0,0.0,0.0,18105.0,5.0,37520.0,16686.0,5.0,37523.0
19.858147683000425,0.0,0.0,0.0,0.0,0.0,0.0,0.0,0.0,0.0,0.0,0.0,0.0,0.0,18106.0,5.0,37540.0,16687.0,5.0,37553.0
19.877197280991822,0.0,0.0,0.0,0.0,0.0,0.0,0.0,0.0,0.0,0.0,0.0,0.0,0.0,18107.0,5.0,37560.0,16688.0,5.0,37573.0
19.896908775990596,0.0,0.0,0.0,0.0,0.0,0.0,0.0,0.0,0.0,0.0,0.0,0.0,0.0,18108.0,5.0,37580.0,16689.0,5.0,37593.0
19.918020746990805,0.0,0.0,0.0,0.0,0.0,0.0,0.0,0.0,0.0,0.0,0.0,0.0,0.0,18109.0,5.0,37600.0,16690.0,5.0,37613.0
19.927535342998453,0.0,0.0,0.0,0.0,0.0,0.0,0.0,0.0,0.0,0.0,0.0,0.0,0.0,18110.0,5.0,37620.0,16691.0,5.0,37623.0
20.338235110990354,0.0,0.0,0.0,0.0,0.0,0.0,0.0,0.0,0.0,0.0,0.0,0.0,0.0,18111.0,5.0,37640.0,16692.0,5.0,37653.0
20.338396965991706,0.0,0.0,0.0,0.0,0.0,0.0,0.0,0.0,0.0,0.0,0.0,0.0,0.0,18112.0,5.0,37660.0,16693.0,5.0,37673.0
20.338465282999096,0.0,0.0,0.0,0.0,0.0,0.0,0.0,0.0,0.0,0.0,0.0,0.0,0.0,18113.0,5.0,37680.0,16694.0,5.0,37693.0
20.338529551998363,0.0,0.0,0.0,0.0,0.0,0.0,0.0,0.0,0.0,0.0,0.0,0.0,0.0,18114.0,5.0,37700.0,16695.0,5.0,37713.0
20.338585927995155,0.0,0.0,0.0,0.0,0.0,0.0,0.0,0.0,0.0,0.0,0.0,0.0,0.0,18115.0,5.0,37721.0,16696.0,5.0,37723.0
20.338645940995775,0.0,0.0,0.0,0.0,0.0,0.0,0.0,0.0,0.0,0.0,0.0,0.0,0.0,18116.0,5.0,37740.0,16697.0,5.0,37753.0
20.338707825998426,0.0,0.0,0.0,0.0,0.0,0.0,0.0,0.0,0.0,0.0,0.0,0.0,0.0,18117.0,5.0,37760.0,16698.0,5.0,37773.0
20.338762910003425,0.0,0.0,0.0,0.0,0.0,0.0,0.0,0.0,0.0,0.0,0.0,0.0,0.0,18118.0,5.0,37780.0,16699.0,5.0,37793.0
20.33881710199057,0.0,0.0,0.0,0.0,0.0,0.0,0.0,0.0,0.0,0.0,0.0,0.0,0.0,18119.0,5.0,37800.0,16700.0,5.0,37813.0
20.338870583000244,0.0,0.0,0.0,0.0,0.0,0.0,0.0,0.0,0.0,0.0,0.0,0.0,0.0,18120.0,5.0,37820.0,16701.0,5.0,37823.0
20.338923963994603,0.0,0.0,0.0,0.0,0.0,0.0,0.0,0.0,0.0,0.0,0.0,0.0,0.0,18121.0,5.0,37840.0,16702.0,5.0,37853.0
20.338976262995857,0.0,0.0,0.0,0.0,0.0,0.0,0.0,0.0,0.0,0.0,0.0,0.0,0.0,18122.0,5.0,37860.0,16703.0,5.0,37873.0
20.33902833200409,0.0,0.0,0.0,0.0,0.0,0.0,0.0,0.0,0.0,0.0,0.0,0.0,0.0,18123.0,5.0,37880.0,16704.0,5.0,37893.0
20.339130114996806,0.0,0.0,0.0,0.0,0.0,0.0,0.0,0.0,0.0,0.0,0.0,0.0,0.0,18124.0,5.0,37900.0,16705.0,5.0,37913.0
20.33921893699153,0.0,0.0,0.0,0.0,0.0,0.0,0.0,0.0,0.0,0.0,0.0,0.0,0.0,18125.0,5.0,37920.0,16706.0,5.0,37923.0
20.339299493993167,0.0,0.0,0.0,0.0,0.0,0.0,0.0,0.0,0.0,0.0,0.0,0.0,0.0,18126.0,5.0,37940.0,16707.0,5.0,37943.0
20.339389025990386,0.0,0.0,0.0,0.0,0.0,0.0,0.0,0.0,0.0,0.0,0.0,0.0,0.0,18127.0,5.0,37960.0,16708.0,5.0,37973.0
20.339465636992827,0.0,0.0,0.0,0.0,0.0,0.0,0.0,0.0,0.0,0.0,0.0,0.0,0.0,18128.0,5.0,37980.0,16709.0,5.0,37994.0
20.339726731996052,0.0,0.0,0.0,0.0,0.0,0.0,0.0,0.0,0.0,0.0,0.0,0.0,0.0,18129.0,5.0,38000.0,16710.0,5.0,38002.0
20.3398234960041,0.0,0.0,0.0,0.0,0.0,0.0,0.0,0.0,0.0,0.0,0.0,0.0,0.0,18130.0,5.0,38020.0,16711.0,5.0,38023.0
20.3467062599957,0.0,0.0,0.0,0.0,0.0,0.0,0.0,0.0,0.0,0.0,0.0,0.0,0.0,18131.0,5.0,38040.0,16712.0,5.0,38043.0
20.381128011998953,0.0,0.0,0.0,0.0,0.0,0.0,0.0,0.0,0.0,0.0,0.0,0.0,0.0,18132.0,5.0,38060.0,16713.0,5.0,38073.0
20.39710997400107,0.0,0.0,0.0,0.0,0.0,0.0,0.0,0.0,0.0,0.0,0.0,0.0,0.0,18133.0,5.0,38080.0,16714.0,5.0,38093.0
20.416627308994066,0.0,0.0,0.0,0.0,0.0,0.0,0.0,0.0,0.0,0.0,0.0,0.0,0.0,18134.0,5.0,38100.0,16715.0,5.0,38113.0
20.426878569996916,0.0,0.0,0.0,0.0,0.0,0.0,0.0,0.0,0.0,0.0,0.0,0.0,0.0,18135.0,5.0,38120.0,16716.0,5.0,38123.0
20.848102559990366,0.0,0.0,0.0,0.0,0.0,0.0,0.0,0.0,0.0,0.0,0.0,0.0,0.0,18136.0,5.0,38140.0,16717.0,5.0,38153.0
20.848274132004008,0.0,0.0,0.0,0.0,0.0,0.0,0.0,0.0,0.0,0.0,0.0,0.0,0.0,18137.0,5.0,38160.0,16718.0,5.0,38173.0
20.848345844002324,0.0,0.0,0.0,0.0,0.0,0.0,0.0,0.0,0.0,0.0,0.0,0.0,0.0,18138.0,5.0,38180.0,16719.0,5.0,38193.0
20.848406977995182,0.0,0.0,0.0,0.0,0.0,0.0,0.0,0.0,0.0,0.0,0.0,0.0,0.0,18139.0,5.0,38200.0,16720.0,5.0,38213.0
20.848465207993286,0.0,0.0,0.0,0.0,0.0,0.0,0.0,0.0,0.0,0.0,0.0,0.0,0.0,18140.0,5.0,38220.0,16721.0,5.0,38223.0
20.84852121300355,0.0,0.0,0.0,0.0,0.0,0.0,0.0,0.0,0.0,0.0,0.0,0.0,0.0,18141.0,5.0,38240.0,16722.0,5.0,38253.0
20.848577808996197,0.0,0.0,0.0,0.0,0.0,0.0,0.0,0.0,0.0,0.0,0.0,0.0,0.0,18142.0,5.0,38260.0,16723.0,5.0,38273.0
20.84863964500255,0.0,0.0,0.0,0.0,0.0,0.0,0.0,0.0,0.0,0.0,0.0,0.0,0.0,18143.0,5.0,38280.0,16724.0,5.0,38293.0
20.848696892004227,0.0,0.0,0.0,0.0,0.0,0.0,0.0,0.0,0.0,0.0,0.0,0.0,0.0,18144.0,5.0,38300.0,16725.0,5.0,38313.0
20.848751215002267,0.0,0.0,0.0,0.0,0.0,0.0,0.0,0.0,0.0,0.0,0.0,0.0,0.0,18145.0,5.0,38320.0,16726.0,5.0,38323.0
20.848807279995526,0.0,0.0,0.0,0.0,0.0,0.0,0.0,0.0,0.0,0.0,0.0,0.0,0.0,18146.0,5.0,38340.0,16727.0,5.0,38343.0
20.848861092003062,0.0,0.0,0.0,0.0,0.0,0.0,0.0,0.0,0.0,0.0,0.0,0.0,0.0,18147.0,5.0,38360.0,16728.0,5.0,38373.0
20.8489133809926,0.0,0.0,0.0,0.0,0.0,0.0,0.0,0.0,0.0,0.0,0.0,0.0,0.0,18148.0,5.0,38380.0,16729.0,5.0,38393.0
20.84896681200189,0.0,0.0,0.0,0.0,0.0,0.0,0.0,0.0,0.0,0.0,0.0,0.0,0.0,18149.0,5.0,38400.0,16730.0,5.0,38413.0
20.849024821000057,0.0,0.0,0.0,0.0,0.0,0.0,0.0,0.0,0.0,0.0,0.0,0.0,0.0,18150.0,5.0,38420.0,16731.0,5.0,38423.0
20.84910771199793,0.0,0.0,0.0,0.0,0.0,0.0,0.0,0.0,0.0,0.0,0.0,0.0,0.0,18151.0,5.0,38440.0,16732.0,5.0,38453.0
20.84918511399883,0.0,0.0,0.0,0.0,0.0,0.0,0.0,0.0,0.0,0.0,0.0,0.0,0.0,18152.0,5.0,38460.0,16733.0,5.0,38473.0
20.84926437899412,0.0,0.0,0.0,0.0,0.0,0.0,0.0,0.0,0.0,0.0,0.0,0.0,0.0,18153.0,5.0,38480.0,16734.0,5.0,38494.0
20.849581418995513,0.0,0.0,0.0,0.0,0.0,0.0,0.0,0.0,0.0,0.0,0.0,0.0,0.0,18154.0,5.0,38500.0,16735.0,5.0,38502.0
20.84967941600189,0.0,0.0,0.0,0.0,0.0,0.0,0.0,0.0,0.0,0.0,0.0,0.0,0.0,18155.0,5.0,38520.0,16736.0,5.0,38523.0
20.85691604600288,0.0,0.0,0.0,0.0,0.0,0.0,0.0,0.0,0.0,0.0,0.0,0.0,0.0,18156.0,5.0,38540.0,16737.0,5.0,38553.0
20.879919148996123,0.0,0.0,0.0,0.0,0.0,0.0,0.0,0.0,0.0,0.0,0.0,0.0,0.0,18157.0,5.0,38560.0,16738.0,5.0,38573.0
20.89753243800078,0.0,0.0,0.0,0.0,0.0,0.0,0.0,0.0,0.0,0.0,0.0,0.0,0.0,18158.0,5.0,38580.0,16739.0,5.0,38593.0
20.917347169001005,0.0,0.0,0.0,0.0,0.0,0.0,0.0,0.0,0.0,0.0,0.0,0.0,0.0,18159.0,5.0,38600.0,16740.0,5.0,38613.0
20.92645422500209,0.0,0.0,0.0,0.0,0.0,0.0,0.0,0.0,0.0,0.0,0.0,0.0,0.0,18160.0,5.0,38620.0,16741.0,5.0,38623.0
21.359429828997236,0.0,0.0,0.0,0.0,0.0,0.0,0.0,0.0,0.0,0.0,0.0,0.0,0.0,18161.0,5.0,38640.0,16742.0,5.0,38653.0
21.35989144499763,0.0,0.0,0.0,0.0,0.0,0.0,0.0,0.0,0.0,0.0,0.0,0.0,0.0,18162.0,5.0,38660.0,16743.0,5.0,38673.0
21.36009627400199,0.0,0.0,0.0,0.0,0.0,0.0,0.0,0.0,0.0,0.0,0.0,0.0,0.0,18163.0,5.0,38680.0,16744.0,5.0,38693.0
21.360156766997534,0.0,0.0,0.0,0.0,0.0,0.0,0.0,0.0,0.0,0.0,0.0,0.0,0.0,18164.0,5.0,38700.0,16745.0,5.0,38713.0
21.36021462599456,0.0,0.0,0.0,0.0,0.0,0.0,0.0,0.0,0.0,0.0,0.0,0.0,0.0,18165.0,5.0,38720.0,16746.0,5.0,38723.0
21.36027121199004,0.0,0.0,0.0,0.0,0.0,0.0,0.0,0.0,0.0,0.0,0.0,0.0,0.0,18166.0,5.0,38740.0,16747.0,5.0,38753.0
21.360326907000854,0.0,0.0,0.0,0.0,0.0,0.0,0.0,0.0,0.0,0.0,0.0,0.0,0.0,18167.0,5.0,38760.0,16748.0,5.0,38773.0
21.360386599000776,0.0,0.0,0.0,0.0,0.0,0.0,0.0,0.0,0.0,0.0,0.0,0.0,0.0,18168.0,5.0,38780.0,16749.0,5.0,38793.0
21.360442042991053,0.0,0.0,0.0,0.0,0.0,0.0,0.0,0.0,0.0,0.0,0.0,0.0,0.0,18169.0,5.0,38800.0,16750.0,5.0,38813.0
21.36049486299453,0.0,0.0,0.0,0.0,0.0,0.0,0.0,0.0,0.0,0.0,0.0,0.0,0.0,18170.0,5.0,38820.0,16751.0,5.0,38823.0
21.360549024990178,0.0,0.0,0.0,0.0,0.0,0.0,0.0,0.0,0.0,0.0,0.0,0.0,0.0,18171.0,5.0,38840.0,16752.0,5.0,38853.0
21.360602155997185,0.0,0.0,0.0,0.0,0.0,0.0,0.0,0.0,0.0,0.0,0.0,0.0,0.0,18172.0,5.0,38860.0,16753.0,5.0,38873.0
21.372519821001333,0.0,0.0,0.0,0.0,0.0,0.0,0.0,0.0,0.0,0.0,0.0,0.0,0.0,18182.0,5.0,39060.0,16754.0,5.0,39069.0
21.398329385992838,0.0,0.0,0.0,0.0,0.0,0.0,0.0,0.0,0.0,0.0,0.0,0.0,0.0,18183.0,5.0,39080.0,16755.0,5.0,39093.0
21.414740295993397,0.0,0.0,0.0,0.0,0.0,0.0,0.0,0.0,0.0,0.0,0.0,0.0,0.0,18184.0,5.0,39100.0,16756.0,5.0,39103.0
21.437346291990252,0.0,0.0,0.0,0.0,0.0,0.0,0.0,0.0,0.0,0.0,0.0,0.0,0.0,18185.0,5.0,39120.0,16757.0,5.0,39133.0
21.45739831699757,0.0,0.0,0.0,0.0,0.0,0.0,0.0,0.0,0.0,0.0,0.0,0.0,0.0,18186.0,5.0,39140.0,16758.0,5.0,39153.0
21.869470049990923,0.0,0.0,0.0,0.0,0.0,0.0,0.0,0.0,0.0,0.0,0.0,0.0,0.0,18197.0,5.0,39360.0,16769.0,5.0,39373.0
21.86980362900067,0.0,0.0,0.0,0.0,0.0,0.0,0.0,0.0,0.0,0.0,0.0,0.0,0.0,18198.0,5.0,39380.0,16770.0,5.0,39393.0
21.869912954993197,0.0,0.0,0.0,0.0,0.0,0.0,0.0,0.0,0.0,0.0,0.0,0.0,0.0,18199.0,5.0,39400.0,16771.0,5.0,39403.0
21.870003349002218,0.0,0.0,0.0,0.0,0.0,0.0,0.0,0.0,0.0,0.0,0.0,0.0,0.0,18200.0,5.0,39420.0,16772.0,5.0,39423.0
21.870087011993746,0.0,0.0,0.0,0.0,0.0,0.0,0.0,0.0,0.0,0.0,0.0,0.0,0.0,18201.0,5.0,39440.0,16773.0,5.0,39453.0
21.870169863002957,0.0,0.0,0.0,0.0,0.0,0.0,0.0,0.0,0.0,0.0,0.0,0.0,0.0,18202.0,5.0,39460.0,16774.0,5.0,39473.0
21.87025074099074,0.0,0.0,0.0,0.0,0.0,0.0,0.0,0.0,0.0,0.0,0.0,0.0,0.0,18203.0,5.0,39480.0,16775.0,5.0,39494.0
21.87062539899489,0.0,0.0,0.0,0.0,0.0,0.0,0.0,0.0,0.0,0.0,0.0,0.0,0.0,18204.0,5.0,39500.0,16776.0,5.0,39504.0
21.870788817992434,0.0,0.0,0.0,0.0,0.0,0.0,0.0,0.0,0.0,0.0,0.0,0.0,0.0,18205.0,5.0,39520.0,16777.0,5.0,39523.0
21.870876136992592,0.0,0.0,0.0,0.0,0.0,0.0,0.0,0.0,0.0,0.0,0.0,0.0,0.0,18206.0,5.0,39540.0,16778.0,5.0,39553.0
21.876688281990937,0.0,0.0,0.0,0.0,0.0,0.0,0.0,0.0,0.0,0.0,0.0,0.0,0.0,18207.0,5.0,39560.0,16779.0,5.0,39573.0
21.911400740995305,0.0,0.0,0.0,0.0,0.0,0.0,0.0,0.0,0.0,0.0,0.0,0.0,0.0,18208.0,5.0,39580.0,16780.0,5.0,39593.0
21.91171759099234,0.0,0.0,0.0,0.0,0.0,0.0,0.0,0.0,0.0,0.0,0.0,0.0,0.0,18209.0,5.0,39600.0,16781.0,5.0,39603.0
21.937853883995558,0.0,0.0,0.0,0.0,0.0,0.0,0.0,0.0,0.0,0.0,0.0,0.0,0.0,18210.0,5.0,39620.0,16782.0,5.0,39633.0
21.957492903995444,0.0,0.0,0.0,0.0,0.0,0.0,0.0,0.0,0.0,0.0,0.0,0.0,0.0,18211.0,5.0,39640.0,16783.0,5.0,39653.0
22.37816917800228,0.0,0.0,0.0,0.0,0.0,0.0,0.0,0.0,0.0,0.0,0.0,0.0,0.0,18212.0,5.0,39660.0,16784.0,5.0,39673.0
22.378565413004253,0.0,0.0,0.0,0.0,0.0,0.0,0.0,0.0,0.0,0.0,0.0,0.0,0.0,18217.0,5.0,39760.0,16789.0,5.0,39773.0
22.378856969997287,0.0,0.0,0.0,0.0,0.0,0.0,0.0,0.0,0.0,0.0,0.0,0.0,0.0,18220.0,5.0,39820.0,16792.0,5.0,39823.0
22.37893727699702,0.0,0.0,0.0,0.0,0.0,0.0,0.0,0.0,0.0,0.0,0.0,0.0,0.0,18221.0,5.0,39840.0,16793.0,5.0,39853.0
22.37899961299263,0.0,0.0,0.0,0.0,0.0,0.0,0.0,0.0,0.0,0.0,0.0,0.0,0.0,18222.0,5.0,39860.0,16794.0,5.0,39873.0
22.379063180997036,0.0,0.0,0.0,0.0,0.0,0.0,0.0,0.0,0.0,0.0,0.0,0.0,0.0,18223.0,5.0,39880.0,16795.0,5.0,39893.0
22.3791245159955,0.0,0.0,0.0,0.0,0.0,0.0,0.0,0.0,0.0,0.0,0.0,0.0,0.0,18224.0,5.0,39900.0,16796.0,5.0,39903.0
22.379185038997093,0.0,0.0,0.0,0.0,0.0,0.0,0.0,0.0,0.0,0.0,0.0,0.0,0.0,18225.0,5.0,39920.0,16797.0,5.0,39933.0
22.37924414999725,0.0,0.0,0.0,0.0,0.0,0.0,0.0,0.0,0.0,0.0,0.0,0.0,0.0,18226.0,5.0,39940.0,16798.0,5.0,39953.0
22.379302999994252,0.0,0.0,0.0,0.0,0.0,0.0,0.0,0.0,0.0,0.0,0.0,0.0,0.0,18227.0,5.0,39960.0,16799.0,5.0,39973.0
22.37936536599591,0.0,0.0,0.0,0.0,0.0,0.0,0.0,0.0,0.0,0.0,0.0,0.0,0.0,18228.0,5.0,39980.0,16800.0,5.0,39994.0
22.37942443699285,0.0,0.0,0.0,0.0,0.0,0.0,0.0,0.0,0.0,0.0,0.0,0.0,0.0,18229.0,5.0,40000.0,16801.0,5.0,40004.0
22.379482365999138,0.0,0.0,0.0,0.0,0.0,0.0,0.0,0.0,0.0,0.0,0.0,0.0,0.0,18230.0,5.0,40020.0,16802.0,5.0,40023.0
22.37954051500128,0.0,0.0,0.0,0.0,0.0,0.0,0.0,0.0,0.0,0.0,0.0,0.0,0.0,18231.0,5.0,40040.0,16803.0,5.0,40053.0
22.379598714003805,0.0,0.0,0.0,0.0,0.0,0.0,0.0,0.0,0.0,0.0,0.0,0.0,0.0,18232.0,5.0,40060.0,16804.0,5.0,40073.0
22.396248849996482,0.0,0.0,0.0,0.0,0.0,0.0,0.0,0.0,0.0,0.0,0.0,0.0,0.0,18233.0,5.0,40080.0,16805.0,5.0,40093.0
22.409341763996053,0.0,0.0,0.0,0.0,0.0,0.0,0.0,0.0,0.0,0.0,0.0,0.0,0.0,18234.0,5.0,40100.0,16806.0,5.0,40103.0
22.438367822003784,0.0,0.0,0.0,0.0,0.0,0.0,0.0,0.0,0.0,0.0,0.0,0.0,0.0,18235.0,5.0,40120.0,16807.0,5.0,40133.0
22.456526969996048,0.0,0.0,0.0,0.0,0.0,0.0,0.0,0.0,0.0,0.0,0.0,0.0,0.0,18236.0,5.0,40140.0,16808.0,5.0,40153.0
22.47727362799924,0.0,0.0,0.0,0.0,0.0,0.0,0.0,0.0,0.0,0.0,0.0,0.0,0.0,18237.0,5.0,40160.0,16809.0,5.0,40173.0
22.888375216993154,0.0,0.0,0.0,0.0,0.0,0.0,0.0,0.0,0.0,0.0,0.0,0.0,0.0,18240.0,5.0,40220.0,16812.0,5.0,40233.0
22.888694241002668,0.0,0.0,0.0,0.0,0.0,0.0,0.0,0.0,0.0,0.0,0.0,0.0,0.0,18244.0,5.0,40300.0,16816.0,5.0,40303.0
22.88889047599514,0.0,0.0,0.0,0.0,0.0,0.0,0.0,0.0,0.0,0.0,0.0,0.0,0.0,18246.0,5.0,40340.0,16818.0,5.0,40353.0
22.88895030799904,0.0,0.0,0.0,0.0,0.0,0.0,0.0,0.0,0.0,0.0,0.0,0.0,0.0,18247.0,5.0,40360.0,16819.0,5.0,40373.0
22.889010800994583,0.0,0.0,0.0,0.0,0.0,0.0,0.0,0.0,0.0,0.0,0.0,0.0,0.0,18248.0,5.0,40380.0,16820.0,5.0,40393.0
22.889069240991375,0.0,0.0,0.0,0.0,0.0,0.0,0.0,0.0,0.0,0.0,0.0,0.0,0.0,18249.0,5.0,40400.0,16821.0,5.0,40403.0
22.889130946001387,0.0,0.0,0.0,0.0,0.0,0.0,0.0,0.0,0.0,0.0,0.0,0.0,0.0,18250.0,5.0,40420.0,16822.0,5.0,40433.0
22.889188663990353,0.0,0.0,0.0,0.0,0.0,0.0,0.0,0.0,0.0,0.0,0.0,0.0,0.0,18251.0,5.0,40440.0,16823.0,5.0,40453.0
22.889260365991504,0.0,0.0,0.0,0.0,0.0,0.0,0.0,0.0,0.0,0.0,0.0,0.0,0.0,18252.0,5.0,40460.0,16824.0,5.0,40473.0
22.889322952993098,0.0,0.0,0.0,0.0,0.0,0.0,0.0,0.0,0.0,0.0,0.0,0.0,0.0,18253.0,5.0,40480.0,16825.0,5.0,40494.0
22.88938079199579,0.0,0.0,0.0,0.0,0.0,0.0,0.0,0.0,0.0,0.0,0.0,0.0,0.0,18254.0,5.0,40500.0,16826.0,5.0,40505.0
22.889445312001044,0.0,0.0,0.0,0.0,0.0,0.0,0.0,0.0,0.0,0.0,0.0,0.0,0.0,18255.0,5.0,40520.0,16827.0,5.0,40523.0
22.889503490994684,0.0,0.0,0.0,0.0,0.0,0.0,0.0,0.0,0.0,0.0,0.0,0.0,0.0,18256.0,5.0,40540.0,16828.0,5.0,40553.0
22.889560468000127,0.0,0.0,0.0,0.0,0.0,0.0,0.0,0.0,0.0,0.0,0.0,0.0,0.0,18257.0,5.0,40560.0,16829.0,5.0,40573.0
22.897795626995503,0.0,0.0,0.0,0.0,0.0,0.0,0.0,0.0,0.0,0.0,0.0,0.0,0.0,18258.0,5.0,40580.0,16830.0,5.0,40592.0
22.90610465100326,0.0,0.0,0.0,0.0,0.0,0.0,0.0,0.0,0.0,0.0,0.0,0.0,0.0,18259.0,5.0,40600.0,16831.0,5.0,40601.0
22.9363139699999,0.0,0.0,0.0,0.0,0.0,0.0,0.0,0.0,0.0,0.0,0.0,0.0,0.0,18260.0,5.0,40620.0,16832.0,5.0,40633.0
22.957040121997125,0.0,0.0,0.0,0.0,0.0,0.0,0.0,0.0,0.0,0.0,0.0,0.0,0.0,18261.0,5.0,40640.0,16833.0,5.0,40653.0
22.976343178990646,0.0,0.0,0.0,0.0,0.0,0.0,0.0,0.0,0.0,0.0,0.0,0.0,0.0,18262.0,5.0,40660.0,16834.0,5.0,40673.0
23.39809828599391,0.0,0.0,0.0,0.0,0.0,0.0,0.0,0.0,0.0,0.0,0.0,0.0,0.0,18264.0,5.0,40700.0,16836.0,5.0,40704.0
23.398445437996997,0.0,0.0,0.0,0.0,0.0,0.0,0.0,0.0,0.0,0.0,0.0,0.0,0.0,18265.0,5.0,40720.0,16837.0,5.0,40723.0
23.398709257991868,0.0,0.0,0.0,0.0,0.0,0.0,0.0,0.0,0.0,0.0,0.0,0.0,0.0,18266.0,5.0,40740.0,16838.0,5.0,40753.0
23.398817772991606,0.0,0.0,0.0,0.0,0.0,0.0,0.0,0.0,0.0,0.0,0.0,0.0,0.0,18267.0,5.0,40760.0,16839.0,5.0,40773.0
23.398877113999333,0.0,0.0,0.0,0.0,0.0,0.0,0.0,0.0,0.0,0.0,0.0,0.0,0.0,18268.0,5.0,40780.0,16840.0,5.0,40793.0
23.398932858995977,0.0,0.0,0.0,0.0,0.0,0.0,0.0,0.0,0.0,0.0,0.0,0.0,0.0,18269.0,5.0,40800.0,16841.0,5.0,40803.0
23.39898798300419,0.0,0.0,0.0,0.0,0.0,0.0,0.0,0.0,0.0,0.0,0.0,0.0,0.0,18270.0,5.0,40820.0,16842.0,5.0,40833.0
23.399043326993706,0.0,0.0,0.0,0.0,0.0,0.0,0.0,0.0,0.0,0.0,0.0,0.0,0.0,18271.0,5.0,40840.0,16843.0,5.0,40853.0
23.399098591995426,0.0,0.0,0.0,0.0,0.0,0.0,0.0,0.0,0.0,0.0,0.0,0.0,0.0,18272.0,5.0,40860.0,16844.0,5.0,40873.0
23.399153505000868,0.0,0.0,0.0,0.0,0.0,0.0,0.0,0.0,0.0,0.0,0.0,0.0,0.0,18283.0,5.0,41080.0,16845.0,5.0,41085.0
23.408388048002962,0.0,0.0,0.0,0.0,0.0,0.0,0.0,0.0,0.0,0.0,0.0,0.0,0.0,18284.0,5.0,41100.0,16846.0,5.0,41105.0
23.426811373996316,0.0,0.0,0.0,0.0,0.0,0.0,0.0,0.0,0.0,0.0,0.0,0.0,0.0,18285.0,5.0,41120.0,16847.0,5.0,41123.0
23.45677268000145,0.0,0.0,0.0,0.0,0.0,0.0,0.0,0.0,0.0,0.0,0.0,0.0,0.0,18286.0,5.0,41140.0,16848.0,5.0,41153.0
23.476078020990826,0.0,0.0,0.0,0.0,0.0,0.0,0.0,0.0,0.0,0.0,0.0,0.0,0.0,18287.0,5.0,41160.0,16849.0,5.0,41173.0
23.498835466001765,0.0,0.0,0.0,0.0,0.0,0.0,0.0,0.0,0.0,0.0,0.0,0.0,0.0,18288.0,5.0,41180.0,16850.0,5.0,41193.0
23.910955903003924,0.0,0.0,0.0,0.0,0.0,0.0,0.0,0.0,0.0,0.0,0.0,0.0,0.0,18294.0,5.0,41300.0,16856.0,5.0,41303.0
23.91104302200256,0.0,0.0,0.0,0.0,0.0,0.0,0.0,0.0,0.0,0.0,0.0,0.0,0.0,18295.0,5.0,41320.0,16857.0,5.0,41333.0
23.91110926499823,0.0,0.0,0.0,0.0,0.0,0.0,0.0,0.0,0.0,0.0,0.0,0.0,0.0,18297.0,5.0,41360.0,16859.0,5.0,41373.0
23.91117008800211,0.0,0.0,0.0,0.0,0.0,0.0,0.0,0.0,0.0,0.0,0.0,0.0,0.0,18298.0,5.0,41380.0,16860.0,5.0,41393.0
23.911228587996447,0.0,0.0,0.0,0.0,0.0,0.0,0.0,0.0,0.0,0.0,0.0,0.0,0.0,18299.0,5.0,41400.0,16861.0,5.0,41403.0
23.91128515500168,0.0,0.0,0.0,0.0,0.0,0.0,0.0,0.0,0.0,0.0,0.0,0.0,0.0,18300.0,5.0,41420.0,16862.0,5.0,41433.0
23.91134453599807,0.0,0.0,0.0,0.0,0.0,0.0,0.0,0.0,0.0,0.0,0.0,0.0,0.0,18301.0,5.0,41440.0,16863.0,5.0,41453.0
23.911402654994163,0.0,0.0,0.0,0.0,0.0,0.0,0.0,0.0,0.0,0.0,0.0,0.0,0.0,18302.0,5.0,41460.0,16864.0,5.0,41473.0
23.911460493996856,0.0,0.0,0.0,0.0,0.0,0.0,0.0,0.0,0.0,0.0,0.0,0.0,0.0,18303.0,5.0,41480.0,16865.0,5.0,41494.0
23.91151722999348,0.0,0.0,0.0,0.0,0.0,0.0,0.0,0.0,0.0,0.0,0.0,0.0,0.0,18304.0,5.0,41500.0,16866.0,5.0,41505.0
23.911574507990736,0.0,0.0,0.0,0.0,0.0,0.0,0.0,0.0,0.0,0.0,0.0,0.0,0.0,18305.0,5.0,41520.0,16867.0,5.0,41523.0
23.91163701500045,0.0,0.0,0.0,0.0,0.0,0.0,0.0,0.0,0.0,0.0,0.0,0.0,0.0,18306.0,5.0,41540.0,16868.0,5.0,41553.0
23.91169770799752,0.0,0.0,0.0,0.0,0.0,0.0,0.0,0.0,0.0,0.0,0.0,0.0,0.0,18307.0,5.0,41560.0,16869.0,5.0,41573.0
23.91175907300203,0.0,0.0,0.0,0.0,0.0,0.0,0.0,0.0,0.0,0.0,0.0,0.0,0.0,18308.0,5.0,41580.0,16870.0,5.0,41593.0
23.914186391994008,0.0,0.0,0.0,0.0,0.0,0.0,0.0,0.0,0.0,0.0,0.0,0.0,0.0,18309.0,5.0,41600.0,16871.0,5.0,41604.0
23.936201060991152,0.0,0.0,0.0,0.0,0.0,0.0,0.0,0.0,0.0,0.0,0.0,0.0,0.0,18310.0,5.0,41620.0,16872.0,5.0,41633.0
23.95692289499857,0.0,0.0,0.0,0.0,0.0,0.0,0.0,0.0,0.0,0.0,0.0,0.0,0.0,18311.0,5.0,41640.0,16873.0,5.0,41653.0
23.975920540004154,0.0,0.0,0.0,0.0,0.0,0.0,0.0,0.0,0.0,0.0,0.0,0.0,0.0,18312.0,5.0,41660.0,16874.0,5.0,41673.0
23.99673655499646,0.0,0.0,0.0,0.0,0.0,0.0,0.0,0.0,0.0,0.0,0.0,0.0,0.0,18313.0,5.0,41680.0,16875.0,5.0,41693.0
24.008407877001446,0.0,0.0,0.0,0.0,0.0,0.0,0.0,0.0,0.0,0.0,0.0,0.0,0.0,18314.0,5.0,41700.0,16876.0,5.0,41703.0
24.422479857996223,0.0,0.0,0.0,0.0,0.0,0.0,0.0,0.0,0.0,0.0,0.0,0.0,0.0,18324.0,5.0,41900.0,16886.0,5.0,41903.0
24.42259113799082,0.0,0.0,0.0,0.0,0.0,0.0,0.0,0.0,0.0,0.0,0.0,0.0,0.0,18325.0,5.0,41920.0,16887.0,5.0,41933.0
24.42266829899745,0.0,0.0,0.0,0.0,0.0,0.0,0.0,0.0,0.0,0.0,0.0,0.0,0.0,18326.0,5.0,41940.0,16888.0,5.0,41953.0
24.42273110699898,0.0,0.0,0.0,0.0,0.0,0.0,0.0,0.0,0.0,0.0,0.0,0.0,0.0,18327.0,5.0,41960.0,16889.0,5.0,41973.0
24.422792751996894,0.0,0.0,0.0,0.0,0.0,0.0,0.0,0.0,0.0,0.0,0.0,0.0,0.0,18328.0,5.0,41980.0,16890.0,5.0,41994.0
24.422851381998044,0.0,0.0,0.0,0.0,0.0,0.0,0.0,0.0,0.0,0.0,0.0,0.0,0.0,18329.0,5.0,42000.0,16891.0,5.0,42004.0
24.422908098000335,0.0,0.0,0.0,0.0,0.0,0.0,0.0,0.0,0.0,0.0,0.0,0.0,0.0,18330.0,5.0,42020.0,16892.0,5.0,42023.0
24.422965366000426,0.0,0.0,0.0,0.0,0.0,0.0,0.0,0.0,0.0,0.0,0.0,0.0,0.0,18331.0,5.0,42040.0,16893.0,5.0,42043.0
24.423022322996985,0.0,0.0,0.0,0.0,0.0,0.0,0.0,0.0,0.0,0.0,0.0,0.0,0.0,18332.0,5.0,42060.0,16894.0,5.0,42073.0
24.423079640997457,0.0,0.0,0.0,0.0,0.0,0.0,0.0,0.0,0.0,0.0,0.0,0.0,0.0,18333.0,5.0,42080.0,16895.0,5.0,42093.0
24.439192687001196,0.0,0.0,0.0,0.0,0.0,0.0,0.0,0.0,0.0,0.0,0.0,0.0,0.0,18335.0,5.0,42120.0,16896.0,5.0,42135.0
24.446303812001133,0.0,0.0,0.0,0.0,0.0,0.0,0.0,0.0,0.0,0.0,0.0,0.0,0.0,18336.0,5.0,42140.0,16897.0,5.0,42142.0
24.47910836999654,0.0,0.0,0.0,0.0,0.0,0.0,0.0,0.0,0.0,0.0,0.0,0.0,0.0,18337.0,5.0,42160.0,16898.0,5.0,42173.0
24.497020092996536,0.0,0.0,0.0,0.0,0.0,0.0,0.0,0.0,0.0,0.0,0.0,0.0,0.0,18338.0,5.0,42180.0,16899.0,5.0,42193.0
24.51703570400423,0.0,0.0,0.0,0.0,0.0,0.0,0.0,0.0,0.0,0.0,0.0,0.0,0.0,18339.0,5.0,42200.0,16900.0,5.0,42213.0
24.52888241400069,0.0,0.0,0.0,0.0,0.0,0.0,0.0,0.0,0.0,0.0,0.0,0.0,0.0,18340.0,5.0,42221.0,16901.0,5.0,42224.0
24.54720496799564,0.0,0.0,0.0,0.0,0.0,0.0,0.0,0.0,0.0,0.0,0.0,0.0,0.0,18341.0,5.0,42240.0,16902.0,5.0,42243.0
24.579794017990935,0.0,0.0,0.0,0.0,0.0,0.0,0.0,0.0,0.0,0.0,0.0,0.0,0.0,18342.0,5.0,42260.0,16903.0,5.0,42273.0
24.597419041994726,0.0,0.0,0.0,0.0,0.0,0.0,0.0,0.0,0.0,0.0,0.0,0.0,0.0,18343.0,5.0,42280.0,16904.0,5.0,42293.0
24.617546613997547,0.0,0.0,0.0,0.0,0.0,0.0,0.0,0.0,0.0,0.0,0.0,0.0,0.0,18344.0,5.0,42300.0,16905.0,5.0,42313.0
24.629042846994707,0.0,0.0,0.0,0.0,0.0,0.0,0.0,0.0,0.0,0.0,0.0,0.0,0.0,18345.0,5.0,42320.0,16906.0,5.0,42324.0
24.647383150993846,0.0,0.0,0.0,0.0,0.0,0.0,0.0,0.0,0.0,0.0,0.0,0.0,0.0,18346.0,5.0,42340.0,16907.0,5.0,42343.0
24.78981998100062,0.0,0.0,0.0,0.0,0.0,0.0,0.0,0.0,0.0,0.0,0.0,0.0,0.0,18347.0,5.0,42360.0,16908.0,5.0,42373.0
24.789958095992915,0.0,0.0,0.0,0.0,0.0,0.0,0.0,0.0,0.0,0.0,0.0,0.0,0.0,18348.0,5.0,42380.0,16909.0,5.0,42393.0
24.790028606003034,0.0,0.0,0.0,0.0,0.0,0.0,0.0,0.0,0.0,0.0,0.0,0.0,0.0,18349.0,5.0,42400.0,16910.0,5.0,42413.0
24.790089520000038,0.0,0.0,0.0,0.0,0.0,0.0,0.0,0.0,0.0,0.0,0.0,0.0,0.0,18350.0,5.0,42420.0,16911.0,5.0,42423.0
24.790145987004507,0.0,0.0,0.0,0.0,0.0,0.0,0.0,0.0,0.0,0.0,0.0,0.0,0.0,18351.0,5.0,42440.0,16912.0,5.0,42443.0
24.790200418996392,0.0,0.0,0.0,0.0,0.0,0.0,0.0,0.0,0.0,0.0,0.0,0.0,0.0,18352.0,5.0,42460.0,16913.0,5.0,42473.0
24.800529326996184,0.0,0.0,0.0,0.0,0.0,0.0,0.0,0.0,0.0,0.0,0.0,0.0,0.0,18353.0,5.0,42480.0,16914.0,5.0,42494.0
24.80588079500012,0.0,0.0,0.0,0.0,0.0,0.0,0.0,0.0,0.0,0.0,0.0,0.0,0.0,18354.0,5.0,42500.0,16915.0,5.0,42502.0
24.83272844699968,0.0,0.0,0.0,0.0,0.0,0.0,0.0,0.0,0.0,0.0,0.0,0.0,0.0,18355.0,5.0,42520.0,16916.0,5.0,42524.0
24.847470883003552,0.0,0.0,0.0,0.0,0.0,0.0,0.0,0.0,0.0,0.0,0.0,0.0,0.0,18356.0,5.0,42540.0,16917.0,5.0,42543.0
24.87691740799346,0.0,0.0,0.0,0.0,0.0,0.0,0.0,0.0,0.0,0.0,0.0,0.0,0.0,18357.0,5.0,42560.0,16918.0,5.0,42573.0
25.009071587002836,0.0,0.0,0.0,0.0,0.0,0.0,0.0,0.0,0.0,0.0,0.0,0.0,0.0,18358.0,5.0,42580.0,16919.0,5.0,42593.0
25.009260990002076,0.0,0.0,0.0,0.0,0.0,0.0,0.0,0.0,0.0,0.0,0.0,0.0,0.0,18359.0,5.0,42600.0,16920.0,5.0,42613.0
25.009336408998934,0.0,0.0,0.0,0.0,0.0,0.0,0.0,0.0,0.0,0.0,0.0,0.0,0.0,18360.0,5.0,42620.0,16921.0,5.0,42623.0
25.009398574999068,0.0,0.0,0.0,0.0,0.0,0.0,0.0,0.0,0.0,0.0,0.0,0.0,0.0,18361.0,5.0,42640.0,16922.0,5.0,42653.0
25.009462433998124,0.0,0.0,0.0,0.0,0.0,0.0,0.0,0.0,0.0,0.0,0.0,0.0,0.0,18362.0,5.0,42660.0,16923.0,5.0,42673.0
25.009522526001092,0.0,0.0,0.0,0.0,0.0,0.0,0.0,0.0,0.0,0.0,0.0,0.0,0.0,18363.0,5.0,42680.0,16924.0,5.0,42693.0
25.01580498200201,0.0,0.0,0.0,0.0,0.0,0.0,0.0,0.0,0.0,0.0,0.0,0.0,0.0,18364.0,5.0,42700.0,16925.0,5.0,42713.0
25.042599733991665,0.0,0.0,0.0,0.0,0.0,0.0,0.0,0.0,0.0,0.0,0.0,0.0,0.0,18365.0,5.0,42720.0,16926.0,5.0,42723.0
25.046380472995224,0.0,0.0,0.0,0.0,0.0,0.0,0.0,0.0,0.0,0.0,0.0,0.0,0.0,18366.0,5.0,42740.0,16927.0,5.0,42743.0
25.077449424992665,0.0,0.0,0.0,0.0,0.0,0.0,0.0,0.0,0.0,0.0,0.0,0.0,0.0,18367.0,5.0,42760.0,16928.0,5.0,42773.0
25.097128280991456,0.0,0.0,0.0,0.0,0.0,0.0,0.0,0.0,0.0,0.0,0.0,0.0,0.0,18368.0,5.0,42780.0,16929.0,5.0,42793.0
25.205975435994333,0.0,0.0,0.0,0.0,0.0,0.0,0.0,0.0,0.0,0.0,0.0,0.0,0.0,18369.0,5.0,42800.0,16930.0,5.0,42813.0
25.206086164995213,0.0,0.0,0.0,0.0,0.0,0.0,0.0,0.0,0.0,0.0,0.0,0.0,0.0,18370.0,5.0,42820.0,16931.0,5.0,42823.0
25.20616043100017,0.0,0.0,0.0,0.0,0.0,0.0,0.0,0.0,0.0,0.0,0.0,0.0,0.0,18371.0,5.0,42840.0,16932.0,5.0,42853.0
25.206220723994193,0.0,0.0,0.0,0.0,0.0,0.0,0.0,0.0,0.0,0.0,0.0,0.0,0.0,18372.0,5.0,42860.0,16933.0,5.0,42873.0
25.228324174997397,0.0,0.0,0.0,0.0,0.0,0.0,0.0,0.0,0.0,0.0,0.0,0.0,0.0,18374.0,5.0,42900.0,16934.0,5.0,42914.0
25.228516773000592,0.0,0.0,0.0,0.0,0.0,0.0,0.0,0.0,0.0,0.0,0.0,0.0,0.0,18375.0,5.0,42920.0,16935.0,5.0,42921.0
25.246978021998075,0.0,0.0,0.0,0.0,0.0,0.0,0.0,0.0,0.0,0.0,0.0,0.0,0.0,18376.0,5.0,42940.0,16936.0,5.0,42943.0
25.28426352799579,0.0,0.0,0.0,0.0,0.0,0.0,0.0,0.0,0.0,0.0,0.0,0.0,0.0,18377.0,5.0,42960.0,16937.0,5.0,42973.0
25.309158108997508,0.0,0.0,0.0,0.0,0.0,0.0,0.0,0.0,0.0,0.0,0.0,0.0,0.0,18378.0,5.0,42980.0,16938.0,5.0,42994.0
25.30951788299717,0.0,0.0,0.0,0.0,0.0,0.0,0.0,0.0,0.0,0.0,0.0,0.0,0.0,18379.0,5.0,43000.0,16939.0,5.0,43002.0
25.411236108004232,0.0,0.0,0.0,0.0,0.0,0.0,0.0,0.0,0.0,0.0,0.0,0.0,0.0,18380.0,5.0,43020.0,16940.0,5.0,43033.0
25.41166039199743,0.0,0.0,0.0,0.0,0.0,0.0,0.0,0.0,0.0,0.0,0.0,0.0,0.0,18381.0,5.0,43040.0,16941.0,5.0,43043.0
25.41193212500366,0.0,0.0,0.0,0.0,0.0,0.0,0.0,0.0,0.0,0.0,0.0,0.0,0.0,18382.0,5.0,43060.0,16942.0,5.0,43073.0
25.412161626998568,0.0,0.0,0.0,0.0,0.0,0.0,0.0,0.0,0.0,0.0,0.0,0.0,0.0,18383.0,5.0,43080.0,16943.0,5.0,43093.0
25.44902550400002,0.0,0.0,0.0,0.0,0.0,0.0,0.0,0.0,0.0,0.0,0.0,0.0,0.0,18384.0,5.0,43100.0,16944.0,5.0,43113.0
25.449311931995908,0.0,0.0,0.0,0.0,0.0,0.0,0.0,0.0,0.0,0.0,0.0,0.0,0.0,18385.0,5.0,43120.0,16945.0,5.0,43133.0
25.449376802993356,0.0,0.0,0.0,0.0,0.0,0.0,0.0,0.0,0.0,0.0,0.0,0.0,0.0,18386.0,5.0,43140.0,16946.0,5.0,43143.0
25.476870557991788,0.0,0.0,0.0,0.0,0.0,0.0,0.0,0.0,0.0,0.0,0.0,0.0,0.0,18387.0,5.0,43160.0,16947.0,5.0,43173.0
25.496282177002286,0.0,0.0,0.0,0.0,0.0,0.0,0.0,0.0,0.0,0.0,0.0,0.0,0.0,18388.0,5.0,43180.0,16948.0,5.0,43193.0
25.516404367997893,0.0,0.0,0.0,0.0,0.0,0.0,0.0,0.0,0.0,0.0,0.0,0.0,0.0,18389.0,5.0,43200.0,16949.0,5.0,43213.0
25.537952080994728,0.0,0.0,0.0,0.0,0.0,0.0,0.0,0.0,0.0,0.0,0.0,0.0,0.0,18390.0,5.0,43220.0,16950.0,5.0,43233.0
25.550747204993968,0.0,0.0,0.0,0.0,0.0,0.0,0.0,0.0,0.0,0.0,0.0,0.0,0.0,18391.0,5.0,43240.0,16951.0,5.0,43243.0
25.668581047997577,0.0,0.0,0.0,0.0,0.0,0.0,0.0,0.0,0.0,0.0,0.0,0.0,0.0,18392.0,5.0,43260.0,16952.0,5.0,43273.0
25.668786177993752,0.0,0.0,0.0,0.0,0.0,0.0,0.0,0.0,0.0,0.0,0.0,0.0,0.0,18393.0,5.0,43280.0,16953.0,5.0,43293.0
25.668870612003957,0.0,0.0,0.0,0.0,0.0,0.0,0.0,0.0,0.0,0.0,0.0,0.0,0.0,18394.0,5.0,43300.0,16954.0,5.0,43313.0
25.66893510200316,0.0,0.0,0.0,0.0,0.0,0.0,0.0,0.0,0.0,0.0,0.0,0.0,0.0,18395.0,5.0,43320.0,16955.0,5.0,43333.0
25.668993011000566,0.0,0.0,0.0,0.0,0.0,0.0,0.0,0.0,0.0,0.0,0.0,0.0,0.0,18396.0,5.0,43340.0,16956.0,5.0,43343.0
25.66904877599154,0.0,0.0,0.0,0.0,0.0,0.0,0.0,0.0,0.0,0.0,0.0,0.0,0.0,18397.0,5.0,43360.0,16957.0,5.0,43363.0
25.697083730003214,0.0,0.0,0.0,0.0,0.0,0.0,0.0,0.0,0.0,0.0,0.0,0.0,0.0,18398.0,5.0,43380.0,16958.0,5.0,43393.0
25.716078846991877,0.0,0.0,0.0,0.0,0.0,0.0,0.0,0.0,0.0,0.0,0.0,0.0,0.0,18399.0,5.0,43400.0,16959.0,5.0,43413.0
25.737183563993312,0.0,0.0,0.0,0.0,0.0,0.0,0.0,0.0,0.0,0.0,0.0,0.0,0.0,18400.0,5.0,43420.0,16960.0,5.0,43433.0
25.745668160001514,0.0,0.0,0.0,0.0,0.0,0.0,0.0,0.0,0.0,0.0,0.0,0.0,0.0,18401.0,5.0,43440.0,16961.0,5.0,43443.0
25.89153234999685,0.0,0.0,0.0,0.0,0.0,0.0,0.0,0.0,0.0,0.0,0.0,0.0,0.0,18402.0,5.0,43460.0,16962.0,5.0,43473.0
25.891983068999252,0.0,0.0,0.0,0.0,0.0,0.0,0.0,0.0,0.0,0.0,0.0,0.0,0.0,18403.0,5.0,43480.0,16963.0,5.0,43494.0
25.892085183004383,0.0,0.0,0.0,0.0,0.0,0.0,0.0,0.0,0.0,0.0,0.0,0.0,0.0,18404.0,5.0,43500.0,16964.0,5.0,43501.0
25.892142992001027,0.0,0.0,0.0,0.0,0.0,0.0,0.0,0.0,0.0,0.0,0.0,0.0,0.0,18405.0,5.0,43520.0,16965.0,5.0,43533.0
25.892201861992362,0.0,0.0,0.0,0.0,0.0,0.0,0.0,0.0,0.0,0.0,0.0,0.0,0.0,18406.0,5.0,43540.0,16966.0,5.0,43543.0
25.892258057996514,0.0,0.0,0.0,0.0,0.0,0.0,0.0,0.0,0.0,0.0,0.0,0.0,0.0,18407.0,5.0,43560.0,16967.0,5.0,43573.0
25.904181370002334,0.0,0.0,0.0,0.0,0.0,0.0,0.0,0.0,0.0,0.0,0.0,0.0,0.0,18408.0,5.0,43580.0,16968.0,5.0,43593.0
25.91728747099114,0.0,0.0,0.0,0.0,0.0,0.0,0.0,0.0,0.0,0.0,0.0,0.0,0.0,18409.0,5.0,43600.0,16969.0,5.0,43613.0
25.936004403993138,0.0,0.0,0.0,0.0,0.0,0.0,0.0,0.0,0.0,0.0,0.0,0.0,0.0,18410.0,5.0,43620.0,16970.0,5.0,43633.0
25.946450606003054,0.0,0.0,0.0,0.0,0.0,0.0,0.0,0.0,0.0,0.0,0.0,0.0,0.0,18411.0,5.0,43640.0,16971.0,5.0,43643.0
25.976813999994192,0.0,0.0,0.0,0.0,0.0,0.0,0.0,0.0,0.0,0.0,0.0,0.0,0.0,18412.0,5.0,43660.0,16972.0,5.0,43673.0
26.10928516999411,0.0,0.0,0.0,0.0,0.0,0.0,0.0,0.0,0.0,0.0,0.0,0.0,0.0,18413.0,5.0,43680.0,16973.0,5.0,43693.0
26.109526471002027,0.0,0.0,0.0,0.0,0.0,0.0,0.0,0.0,0.0,0.0,0.0,0.0,0.0,18414.0,5.0,43700.0,16974.0,5.0,43713.0
26.109593585992116,0.0,0.0,0.0,0.0,0.0,0.0,0.0,0.0,0.0,0.0,0.0,0.0,0.0,18415.0,5.0,43720.0,16975.0,5.0,43733.0
26.10965958799352,0.0,0.0,0.0,0.0,0.0,0.0,0.0,0.0,0.0,0.0,0.0,0.0,0.0,18416.0,5.0,43740.0,16976.0,5.0,43743.0
26.10972072299046,0.0,0.0,0.0,0.0,0.0,0.0,0.0,0.0,0.0,0.0,0.0,0.0,0.0,18417.0,5.0,43760.0,16977.0,5.0,43773.0
26.10977587699017,0.0,0.0,0.0,0.0,0.0,0.0,0.0,0.0,0.0,0.0,0.0,0.0,0.0,18418.0,5.0,43780.0,16978.0,5.0,43793.0
26.124150912000914,0.0,0.0,0.0,0.0,0.0,0.0,0.0,0.0,0.0,0.0,0.0,0.0,0.0,18419.0,5.0,43800.0,16979.0,5.0,43813.0
26.136875841999426,0.0,0.0,0.0,0.0,0.0,0.0,0.0,0.0,0.0,0.0,0.0,0.0,0.0,18420.0,5.0,43820.0,16980.0,5.0,43833.0
26.146938760997728,0.0,0.0,0.0,0.0,0.0,0.0,0.0,0.0,0.0,0.0,0.0,0.0,0.0,18421.0,5.0,43840.0,16981.0,5.0,43843.0
26.175834609995945,0.0,0.0,0.0,0.0,0.0,0.0,0.0,0.0,0.0,0.0,0.0,0.0,0.0,18422.0,5.0,43860.0,16982.0,5.0,43873.0
26.199505063996185,0.0,0.0,0.0,0.0,0.0,0.0,0.0,0.0,0.0,0.0,0.0,0.0,0.0,18423.0,5.0,43880.0,16983.0,5.0,43893.0
26.328933202996268,0.0,0.0,0.0,0.0,0.0,0.0,0.0,0.0,0.0,0.0,0.0,0.0,0.0,18424.0,5.0,43900.0,16984.0,5.0,43913.0
26.329093426000327,0.0,0.0,0.0,0.0,0.0,0.0,0.0,0.0,0.0,0.0,0.0,0.0,0.0,18425.0,5.0,43920.0,16985.0,5.0,43933.0
26.329160230001435,0.0,0.0,0.0,0.0,0.0,0.0,0.0,0.0,0.0,0.0,0.0,0.0,0.0,18426.0,5.0,43940.0,16986.0,5.0,43943.0
26.329217417995096,0.0,0.0,0.0,0.0,0.0,0.0,0.0,0.0,0.0,0.0,0.0,0.0,0.0,18427.0,5.0,43960.0,16987.0,5.0,43973.0
26.329272661998402,0.0,0.0,0.0,0.0,0.0,0.0,0.0,0.0,0.0,0.0,0.0,0.0,0.0,18428.0,5.0,43980.0,16988.0,5.0,43995.0
26.329336089998833,0.0,0.0,0.0,0.0,0.0,0.0,0.0,0.0,0.0,0.0,0.0,0.0,0.0,18429.0,5.0,44000.0,16989.0,5.0,44002.0
26.33568973999354,0.0,0.0,0.0,0.0,0.0,0.0,0.0,0.0,0.0,0.0,0.0,0.0,0.0,18430.0,5.0,44020.0,16990.0,5.0,44033.0
26.345870349003235,0.0,0.0,0.0,0.0,0.0,0.0,0.0,0.0,0.0,0.0,0.0,0.0,0.0,18431.0,5.0,44040.0,16991.0,5.0,44043.0
26.377170601001126,0.0,0.0,0.0,0.0,0.0,0.0,0.0,0.0,0.0,0.0,0.0,0.0,0.0,18432.0,5.0,44060.0,16992.0,5.0,44073.0
26.396174573994358,0.0,0.0,0.0,0.0,0.0,0.0,0.0,0.0,0.0,0.0,0.0,0.0,0.0,18433.0,5.0,44080.0,16993.0,5.0,44093.0
26.415762302000076,0.0,0.0,0.0,0.0,0.0,0.0,0.0,0.0,0.0,0.0,0.0,0.0,0.0,18434.0,5.0,44100.0,16994.0,5.0,44113.0
26.552903018993675,0.0,0.0,0.0,0.0,0.0,0.0,0.0,0.0,0.0,0.0,0.0,0.0,0.0,18435.0,5.0,44120.0,16995.0,5.0,44133.0
26.553078668992384,0.0,0.0,0.0,0.0,0.0,0.0,0.0,0.0,0.0,0.0,0.0,0.0,0.0,18436.0,5.0,44140.0,16996.0,5.0,44143.0
26.553147136000916,0.0,0.0,0.0,0.0,0.0,0.0,0.0,0.0,0.0,0.0,0.0,0.0,0.0,18437.0,5.0,44160.0,16997.0,5.0,44173.0
26.55320673699316,0.0,0.0,0.0,0.0,0.0,0.0,0.0,0.0,0.0,0.0,0.0,0.0,0.0,18438.0,5.0,44180.0,16998.0,5.0,44193.0
26.553262692992575,0.0,0.0,0.0,0.0,0.0,0.0,0.0,0.0,0.0,0.0,0.0,0.0,0.0,18439.0,5.0,44200.0,16999.0,5.0,44213.0
26.553316955003538,0.0,0.0,0.0,0.0,0.0,0.0,0.0,0.0,0.0,0.0,0.0,0.0,0.0,18440.0,5.0,44220.0,17000.0,5.0,44233.0
26.553372709997348,0.0,0.0,0.0,0.0,0.0,0.0,0.0,0.0,0.0,0.0,0.0,0.0,0.0,18441.0,5.0,44240.0,17001.0,5.0,44243.0
26.577203938999446,0.0,0.0,0.0,0.0,0.0,0.0,0.0,0.0,0.0,0.0,0.0,0.0,0.0,18442.0,5.0,44260.0,17002.0,5.0,44273.0
26.595834674997604,0.0,0.0,0.0,0.0,0.0,0.0,0.0,0.0,0.0,0.0,0.0,0.0,0.0,18443.0,5.0,44280.0,17003.0,5.0,44293.0
26.630238691999693,0.0,0.0,0.0,0.0,0.0,0.0,0.0,0.0,0.0,0.0,0.0,0.0,0.0,18444.0,5.0,44300.0,17004.0,5.0,44313.0
26.636745923999115,0.0,0.0,0.0,0.0,0.0,0.0,0.0,0.0,0.0,0.0,0.0,0.0,0.0,18445.0,5.0,44320.0,17005.0,5.0,44333.0
26.64684934199613,0.0,0.0,0.0,0.0,0.0,0.0,0.0,0.0,0.0,0.0,0.0,0.0,0.0,18446.0,5.0,44340.0,17006.0,5.0,44343.0
26.697930497000925,0.0,0.0,0.0,0.0,0.0,0.0,0.0,0.0,0.0,0.0,0.0,0.0,0.0,18447.0,5.0,44360.0,17007.0,5.0,44373.0
26.698030788000324,0.0,0.0,0.0,0.0,0.0,0.0,0.0,0.0,0.0,0.0,0.0,0.0,0.0,18448.0,5.0,44380.0,17008.0,5.0,44393.0
26.767815339990193,0.0,0.0,0.0,0.0,0.0,0.0,0.0,0.0,0.0,0.0,0.0,0.0,0.0,18449.0,5.0,44400.0,17009.0,5.0,44413.0
26.768123825997463,0.0,0.0,0.0,0.0,0.0,0.0,0.0,0.0,0.0,0.0,0.0,0.0,0.0,18450.0,5.0,44420.0,17010.0,5.0,44433.0
26.768191091003246,0.0,0.0,0.0,0.0,0.0,0.0,0.0,0.0,0.0,0.0,0.0,0.0,0.0,18451.0,5.0,44440.0,17011.0,5.0,44443.0
26.775567078992026,0.0,0.0,0.0,0.0,0.0,0.0,0.0,0.0,0.0,0.0,0.0,0.0,0.0,18452.0,5.0,44460.0,17012.0,5.0,44473.0
26.798320788991987,0.0,0.0,0.0,0.0,0.0,0.0,0.0,0.0,0.0,0.0,0.0,0.0,0.0,18453.0,5.0,44480.0,17013.0,5.0,44494.0
26.805179143004352,0.0,0.0,0.0,0.0,0.0,0.0,0.0,0.0,0.0,0.0,0.0,0.0,0.0,18454.0,5.0,44500.0,17014.0,5.0,44502.0
26.834933741993154,0.0,0.0,0.0,0.0,0.0,0.0,0.0,0.0,0.0,0.0,0.0,0.0,0.0,18455.0,5.0,44520.0,17015.0,5.0,44533.0
26.845733522000955,0.0,0.0,0.0,0.0,0.0,0.0,0.0,0.0,0.0,0.0,0.0,0.0,0.0,18456.0,5.0,44540.0,17016.0,5.0,44543.0
26.987349838993396,0.0,0.0,0.0,0.0,0.0,0.0,0.0,0.0,0.0,0.0,0.0,0.0,0.0,18457.0,5.0,44560.0,17017.0,5.0,44573.0
26.98750762900454,0.0,0.0,0.0,0.0,0.0,0.0,0.0,0.0,0.0,0.0,0.0,0.0,0.0,18458.0,5.0,44580.0,17018.0,5.0,44593.0
26.987579060994904,0.0,0.0,0.0,0.0,0.0,0.0,0.0,0.0,0.0,0.0,0.0,0.0,0.0,18459.0,5.0,44600.0,17019.0,5.0,44613.0
26.987646164998296,0.0,0.0,0.0,0.0,0.0,0.0,0.0,0.0,0.0,0.0,0.0,0.0,0.0,18460.0,5.0,44620.0,17020.0,5.0,44632.0
26.987706758998684,0.0,0.0,0.0,0.0,0.0,0.0,0.0,0.0,0.0,0.0,0.0,0.0,0.0,18461.0,5.0,44640.0,17021.0,5.0,44642.0
26.987765899000806,0.0,0.0,0.0,0.0,0.0,0.0,0.0,0.0,0.0,0.0,0.0,0.0,0.0,18462.0,5.0,44660.0,17022.0,5.0,44673.0
26.995097070990596,0.0,0.0,0.0,0.0,0.0,0.0,0.0,0.0,0.0,0.0,0.0,0.0,0.0,18463.0,5.0,44680.0,17023.0,5.0,44693.0
27.01674136800284,0.0,0.0,0.0,0.0,0.0,0.0,0.0,0.0,0.0,0.0,0.0,0.0,0.0,18464.0,5.0,44700.0,17024.0,5.0,44713.0
27.05293334199814,0.0,0.0,0.0,0.0,0.0,0.0,0.0,0.0,0.0,0.0,0.0,0.0,0.0,18465.0,5.0,44720.0,17025.0,5.0,44733.0
27.053209523000987,0.0,0.0,0.0,0.0,0.0,0.0,0.0,0.0,0.0,0.0,0.0,0.0,0.0,18466.0,5.0,44740.0,17026.0,5.0,44743.0
27.07622235600138,0.0,0.0,0.0,0.0,0.0,0.0,0.0,0.0,0.0,0.0,0.0,0.0,0.0,18467.0,5.0,44760.0,17027.0,5.0,44773.0
27.209727801993722,0.0,0.0,0.0,0.0,0.0,0.0,0.0,0.0,0.0,0.0,0.0,0.0,0.0,18468.0,5.0,44780.0,17028.0,5.0,44793.0
27.209886491997167,0.0,0.0,0.0,0.0,0.0,0.0,0.0,0.0,0.0,0.0,0.0,0.0,0.0,18469.0,5.0,44800.0,17029.0,5.0,44813.0
27.209953616998973,0.0,0.0,0.0,0.0,0.0,0.0,0.0,0.0,0.0,0.0,0.0,0.0,0.0,18470.0,5.0,44820.0,17030.0,5.0,44833.0
27.210013067990076,0.0,0.0,0.0,0.0,0.0,0.0,0.0,0.0,0.0,0.0,0.0,0.0,0.0,18471.0,5.0,44840.0,17031.0,5.0,44843.0
27.210073260997888,0.0,0.0,0.0,0.0,0.0,0.0,0.0,0.0,0.0,0.0,0.0,0.0,0.0,18472.0,5.0,44860.0,17032.0,5.0,44873.0
27.221285045001423,0.0,0.0,0.0,0.0,0.0,0.0,0.0,0.0,0.0,0.0,0.0,0.0,0.0,18474.0,5.0,44900.0,17033.0,5.0,44918.0
27.22832370699325,0.0,0.0,0.0,0.0,0.0,0.0,0.0,0.0,0.0,0.0,0.0,0.0,0.0,18475.0,5.0,44920.0,17034.0,5.0,44925.0
27.24598225200316,0.0,0.0,0.0,0.0,0.0,0.0,0.0,0.0,0.0,0.0,0.0,0.0,0.0,18476.0,5.0,44940.0,17035.0,5.0,44943.0
27.28483609900286,0.0,0.0,0.0,0.0,0.0,0.0,0.0,0.0,0.0,0.0,0.0,0.0,0.0,18477.0,5.0,44960.0,17036.0,5.0,44973.0
27.29800729599083,0.0,0.0,0.0,0.0,0.0,0.0,0.0,0.0,0.0,0.0,0.0,0.0,0.0,18478.0,5.0,44980.0,17037.0,5.0,44994.0
27.306002440003795,0.0,0.0,0.0,0.0,0.0,0.0,0.0,0.0,0.0,0.0,0.0,0.0,0.0,18479.0,5.0,45000.0,17038.0,5.0,45001.0
27.446740699000657,0.0,0.0,0.0,0.0,0.0,0.0,0.0,0.0,0.0,0.0,0.0,0.0,0.0,18480.0,5.0,45020.0,17039.0,5.0,45033.0
27.4470564279909,0.0,0.0,0.0,0.0,0.0,0.0,0.0,0.0,0.0,0.0,0.0,0.0,0.0,18481.0,5.0,45040.0,17040.0,5.0,45053.0
27.44728666100127,0.0,0.0,0.0,0.0,0.0,0.0,0.0,0.0,0.0,0.0,0.0,0.0,0.0,18482.0,5.0,45060.0,17041.0,5.0,45063.0
27.447513748003985,0.0,0.0,0.0,0.0,0.0,0.0,0.0,0.0,0.0,0.0,0.0,0.0,0.0,18483.0,5.0,45080.0,17042.0,5.0,45093.0
27.447713048997684,0.0,0.0,0.0,0.0,0.0,0.0,0.0,0.0,0.0,0.0,0.0,0.0,0.0,18484.0,5.0,45100.0,17043.0,5.0,45113.0
27.44776759199158,0.0,0.0,0.0,0.0,0.0,0.0,0.0,0.0,0.0,0.0,0.0,0.0,0.0,18485.0,5.0,45120.0,17044.0,5.0,45133.0
27.458006865999778,0.0,0.0,0.0,0.0,0.0,0.0,0.0,0.0,0.0,0.0,0.0,0.0,0.0,18486.0,5.0,45140.0,17045.0,5.0,45153.0
27.475833438002155,0.0,0.0,0.0,0.0,0.0,0.0,0.0,0.0,0.0,0.0,0.0,0.0,0.0,18487.0,5.0,45160.0,17046.0,5.0,45163.0
27.505738973995904,0.0,0.0,0.0,0.0,0.0,0.0,0.0,0.0,0.0,0.0,0.0,0.0,0.0,18488.0,5.0,45180.0,17047.0,5.0,45193.0
27.51645807600289,0.0,0.0,0.0,0.0,0.0,0.0,0.0,0.0,0.0,0.0,0.0,0.0,0.0,18489.0,5.0,45200.0,17048.0,5.0,45212.0
27.652637785999104,0.0,0.0,0.0,0.0,0.0,0.0,0.0,0.0,0.0,0.0,0.0,0.0,0.0,18490.0,5.0,45220.0,17049.0,5.0,45233.0
27.652736653995817,0.0,0.0,0.0,0.0,0.0,0.0,0.0,0.0,0.0,0.0,0.0,0.0,0.0,18491.0,5.0,45240.0,17050.0,5.0,45253.0
27.652801945994725,0.0,0.0,0.0,0.0,0.0,0.0,0.0,0.0,0.0,0.0,0.0,0.0,0.0,18492.0,5.0,45260.0,17051.0,5.0,45263.0
27.6528630899993,0.0,0.0,0.0,0.0,0.0,0.0,0.0,0.0,0.0,0.0,0.0,0.0,0.0,18493.0,5.0,45280.0,17052.0,5.0,45293.0
27.652923382993322,0.0,0.0,0.0,0.0,0.0,0.0,0.0,0.0,0.0,0.0,0.0,0.0,0.0,18494.0,5.0,45300.0,17053.0,5.0,45313.0
27.653009148998535,0.0,0.0,0.0,0.0,0.0,0.0,0.0,0.0,0.0,0.0,0.0,0.0,0.0,18495.0,5.0,45320.0,17054.0,5.0,45333.0
27.675793982998584,0.0,0.0,0.0,0.0,0.0,0.0,0.0,0.0,0.0,0.0,0.0,0.0,0.0,18496.0,5.0,45340.0,17055.0,5.0,45353.0
27.67588820400124,0.0,0.0,0.0,0.0,0.0,0.0,0.0,0.0,0.0,0.0,0.0,0.0,0.0,18497.0,5.0,45361.0,17056.0,5.0,45362.0
27.712471798993647,0.0,0.0,0.0,0.0,0.0,0.0,0.0,0.0,0.0,0.0,0.0,0.0,0.0,18498.0,5.0,45380.0,17057.0,5.0,45393.0
27.71659458699287,0.0,0.0,0.0,0.0,0.0,0.0,0.0,0.0,0.0,0.0,0.0,0.0,0.0,18499.0,5.0,45400.0,17058.0,5.0,45413.0
27.741175115996157,0.0,0.0,0.0,0.0,0.0,0.0,0.0,0.0,0.0,0.0,0.0,0.0,0.0,18500.0,5.0,45420.0,17059.0,5.0,45433.0
27.86928922899824,0.0,0.0,0.0,0.0,0.0,0.0,0.0,0.0,0.0,0.0,0.0,0.0,0.0,18501.0,5.0,45440.0,17060.0,5.0,45453.0
27.869399998002336,0.0,0.0,0.0,0.0,0.0,0.0,0.0,0.0,0.0,0.0,0.0,0.0,0.0,18502.0,5.0,45460.0,17061.0,5.0,45463.0
27.869466902004206,0.0,0.0,0.0,0.0,0.0,0.0,0.0,0.0,0.0,0.0,0.0,0.0,0.0,18503.0,5.0,45480.0,17062.0,5.0,45494.0
27.86953251399973,0.0,0.0,0.0,0.0,0.0,0.0,0.0,0.0,0.0,0.0,0.0,0.0,0.0,18504.0,5.0,45500.0,17063.0,5.0,45502.0
27.86958928099193,0.0,0.0,0.0,0.0,0.0,0.0,0.0,0.0,0.0,0.0,0.0,0.0,0.0,18505.0,5.0,45520.0,17064.0,5.0,45533.0
27.86965340099414,0.0,0.0,0.0,0.0,0.0,0.0,0.0,0.0,0.0,0.0,0.0,0.0,0.0,18506.0,5.0,45540.0,17065.0,5.0,45553.0
27.8697543629969,0.0,0.0,0.0,0.0,0.0,0.0,0.0,0.0,0.0,0.0,0.0,0.0,0.0,18507.0,5.0,45560.0,17066.0,5.0,45562.0
27.89660725099384,0.0,0.0,0.0,0.0,0.0,0.0,0.0,0.0,0.0,0.0,0.0,0.0,0.0,18508.0,5.0,45580.0,17067.0,5.0,45593.0
27.91620067799522,0.0,0.0,0.0,0.0,0.0,0.0,0.0,0.0,0.0,0.0,0.0,0.0,0.0,18509.0,5.0,45600.0,17068.0,5.0,45613.0
27.937975958004245,0.0,0.0,0.0,0.0,0.0,0.0,0.0,0.0,0.0,0.0,0.0,0.0,0.0,18510.0,5.0,45620.0,17069.0,5.0,45633.0
27.957937212995603,0.0,0.0,0.0,0.0,0.0,0.0,0.0,0.0,0.0,0.0,0.0,0.0,0.0,18511.0,5.0,45640.0,17070.0,5.0,45653.0
27.966480296003283,0.0,0.0,0.0,0.0,0.0,0.0,0.0,0.0,0.0,0.0,0.0,0.0,0.0,18512.0,5.0,45660.0,17071.0,5.0,45663.0
28.087373722999473,0.0,0.0,0.0,0.0,0.0,0.0,0.0,0.0,0.0,0.0,0.0,0.0,0.0,18513.0,5.0,45680.0,17072.0,5.0,45693.0
28.087486876000185,0.0,0.0,0.0,0.0,0.0,0.0,0.0,0.0,0.0,0.0,0.0,0.0,0.0,18514.0,5.0,45700.0,17073.0,5.0,45713.0
28.0875549929915,0.0,0.0,0.0,0.0,0.0,0.0,0.0,0.0,0.0,0.0,0.0,0.0,0.0,18515.0,5.0,45720.0,17074.0,5.0,45733.0
28.087616267002886,0.0,0.0,0.0,0.0,0.0,0.0,0.0,0.0,0.0,0.0,0.0,0.0,0.0,18516.0,5.0,45740.0,17075.0,5.0,45753.0
28.08768634700391,0.0,0.0,0.0,0.0,0.0,0.0,0.0,0.0,0.0,0.0,0.0,0.0,0.0,18517.0,5.0,45760.0,17076.0,5.0,45763.0
28.096931357998983,0.0,0.0,0.0,0.0,0.0,0.0,0.0,0.0,0.0,0.0,0.0,0.0,0.0,18518.0,5.0,45780.0,17077.0,5.0,45793.0
28.116676863995963,0.0,0.0,0.0,0.0,0.0,0.0,0.0,0.0,0.0,0.0,0.0,0.0,0.0,18519.0,5.0,45800.0,17078.0,5.0,45813.0
28.13801778400375,0.0,0.0,0.0,0.0,0.0,0.0,0.0,0.0,0.0,0.0,0.0,0.0,0.0,18520.0,5.0,45820.0,17079.0,5.0,45833.0
28.15569098199194,0.0,0.0,0.0,0.0,0.0,0.0,0.0,0.0,0.0,0.0,0.0,0.0,0.0,18521.0,5.0,45840.0,17080.0,5.0,45853.0
28.18950600500102,0.0,0.0,0.0,0.0,0.0,0.0,0.0,0.0,0.0,0.0,0.0,0.0,0.0,18522.0,5.0,45860.0,17081.0,5.0,45863.0
28.21204205400136,0.0,0.0,0.0,0.0,0.0,0.0,0.0,0.0,0.0,0.0,0.0,0.0,0.0,18523.0,5.0,45880.0,17082.0,5.0,45893.0
28.230372545003775,0.0,0.0,0.0,0.0,0.0,0.0,0.0,0.0,0.0,0.0,0.0,0.0,0.0,18524.0,5.0,45900.0,17083.0,5.0,45912.0
28.269961072990554,0.0,0.0,0.0,0.0,0.0,0.0,0.0,0.0,0.0,0.0,0.0,0.0,0.0,18525.0,5.0,45920.0,17084.0,5.0,45933.0
28.270108133991016,0.0,0.0,0.0,0.0,0.0,0.0,0.0,0.0,0.0,0.0,0.0,0.0,0.0,18526.0,5.0,45940.0,17085.0,5.0,45953.0
28.27096695000364,0.0,0.0,0.0,0.0,0.0,0.0,0.0,0.0,0.0,0.0,0.0,0.0,0.0,18527.0,5.0,45960.0,17086.0,5.0,45963.0
28.30864318399108,0.0,0.0,0.0,0.0,0.0,0.0,0.0,0.0,0.0,0.0,0.0,0.0,0.0,18528.0,5.0,45980.0,17087.0,5.0,45994.0
28.308742733992403,0.0,0.0,0.0,0.0,0.0,0.0,0.0,0.0,0.0,0.0,0.0,0.0,0.0,18529.0,5.0,46000.0,17088.0,5.0,46002.0
28.335556855992763,0.0,0.0,0.0,0.0,0.0,0.0,0.0,0.0,0.0,0.0,0.0,0.0,0.0,18530.0,5.0,46020.0,17089.0,5.0,46033.0
28.356449159997283,0.0,0.0,0.0,0.0,0.0,0.0,0.0,0.0,0.0,0.0,0.0,0.0,0.0,18531.0,5.0,46040.0,17090.0,5.0,46053.0
28.36952032300178,0.0,0.0,0.0,0.0,0.0,0.0,0.0,0.0,0.0,0.0,0.0,0.0,0.0,18532.0,5.0,46060.0,17091.0,5.0,46063.0
28.396238521003397,0.0,0.0,0.0,0.0,0.0,0.0,0.0,0.0,0.0,0.0,0.0,0.0,0.0,18533.0,5.0,46080.0,17092.0,5.0,46093.0
28.531082001994946,0.0,0.0,0.0,0.0,0.0,0.0,0.0,0.0,0.0,0.0,0.0,0.0,0.0,18534.0,5.0,46100.0,17093.0,5.0,46113.0
28.53126744799374,0.0,0.0,0.0,0.0,0.0,0.0,0.0,0.0,0.0,0.0,0.0,0.0,0.0,18535.0,5.0,46120.0,17094.0,5.0,46133.0
28.531336927000666,0.0,0.0,0.0,0.0,0.0,0.0,0.0,0.0,0.0,0.0,0.0,0.0,0.0,18536.0,5.0,46140.0,17095.0,5.0,46153.0
28.531398060993524,0.0,0.0,0.0,0.0,0.0,0.0,0.0,0.0,0.0,0.0,0.0,0.0,0.0,18537.0,5.0,46160.0,17096.0,5.0,46162.0
28.531455378993996,0.0,0.0,0.0,0.0,0.0,0.0,0.0,0.0,0.0,0.0,0.0,0.0,0.0,18538.0,5.0,46180.0,17097.0,5.0,46193.0
28.531512255998678,0.0,0.0,0.0,0.0,0.0,0.0,0.0,0.0,0.0,0.0,0.0,0.0,0.0,18539.0,5.0,46200.0,17098.0,5.0,46212.0
28.53586002800148,0.0,0.0,0.0,0.0,0.0,0.0,0.0,0.0,0.0,0.0,0.0,0.0,0.0,18540.0,5.0,46220.0,17099.0,5.0,46233.0
28.571987567993347,0.0,0.0,0.0,0.0,0.0,0.0,0.0,0.0,0.0,0.0,0.0,0.0,0.0,18541.0,5.0,46240.0,17100.0,5.0,46253.0
28.572264981994522,0.0,0.0,0.0,0.0,0.0,0.0,0.0,0.0,0.0,0.0,0.0,0.0,0.0,18542.0,5.0,46260.0,17101.0,5.0,46263.0
28.596257466997486,0.0,0.0,0.0,0.0,0.0,0.0,0.0,0.0,0.0,0.0,0.0,0.0,0.0,18543.0,5.0,46280.0,17102.0,5.0,46293.0
28.61826290099998,0.0,0.0,0.0,0.0,0.0,0.0,0.0,0.0,0.0,0.0,0.0,0.0,0.0,18544.0,5.0,46300.0,17103.0,5.0,46313.0
28.62371018900012,0.0,0.0,0.0,0.0,0.0,0.0,0.0,0.0,0.0,0.0,0.0,0.0,0.0,18545.0,5.0,46320.0,17104.0,5.0,46321.0
28.748256480990676,0.0,0.0,0.0,0.0,0.0,0.0,0.0,0.0,0.0,0.0,0.0,0.0,0.0,18546.0,5.0,46340.0,17105.0,5.0,46353.0
28.748381625002366,0.0,0.0,0.0,0.0,0.0,0.0,0.0,0.0,0.0,0.0,0.0,0.0,0.0,18547.0,5.0,46360.0,17106.0,5.0,46362.0
28.74844522299827,0.0,0.0,0.0,0.0,0.0,0.0,0.0,0.0,0.0,0.0,0.0,0.0,0.0,18548.0,5.0,46380.0,17107.0,5.0,46393.0
28.74850573699223,0.0,0.0,0.0,0.0,0.0,0.0,0.0,0.0,0.0,0.0,0.0,0.0,0.0,18549.0,5.0,46400.0,17108.0,5.0,46413.0
28.74856018999708,0.0,0.0,0.0,0.0,0.0,0.0,0.0,0.0,0.0,0.0,0.0,0.0,0.0,18550.0,5.0,46420.0,17109.0,5.0,46433.0
28.75882680999348,0.0,0.0,0.0,0.0,0.0,0.0,0.0,0.0,0.0,0.0,0.0,0.0,0.0,18551.0,5.0,46440.0,17110.0,5.0,46453.0
28.766447150992462,0.0,0.0,0.0,0.0,0.0,0.0,0.0,0.0,0.0,0.0,0.0,0.0,0.0,18552.0,5.0,46460.0,17111.0,5.0,46463.0
28.797952615990653,0.0,0.0,0.0,0.0,0.0,0.0,0.0,0.0,0.0,0.0,0.0,0.0,0.0,18553.0,5.0,46480.0,17112.0,5.0,46494.0
28.803725502992165,0.0,0.0,0.0,0.0,0.0,0.0,0.0,0.0,0.0,0.0,0.0,0.0,0.0,18554.0,5.0,46500.0,17113.0,5.0,46502.0
28.835964029000024,0.0,0.0,0.0,0.0,0.0,0.0,0.0,0.0,0.0,0.0,0.0,0.0,0.0,18555.0,5.0,46520.0,17114.0,5.0,46533.0
28.968866166003863,0.0,0.0,0.0,0.0,0.0,0.0,0.0,0.0,0.0,0.0,0.0,0.0,0.0,18556.0,5.0,46540.0,17115.0,5.0,46553.0
28.969040342999506,0.0,0.0,0.0,0.0,0.0,0.0,0.0,0.0,0.0,0.0,0.0,0.0,0.0,18557.0,5.0,46560.0,17116.0,5.0,46563.0
28.969110953999916,0.0,0.0,0.0,0.0,0.0,0.0,0.0,0.0,0.0,0.0,0.0,0.0,0.0,18558.0,5.0,46580.0,17117.0,5.0,46593.0
28.969170725991717,0.0,0.0,0.0,0.0,0.0,0.0,0.0,0.0,0.0,0.0,0.0,0.0,0.0,18559.0,5.0,46600.0,17118.0,5.0,46613.0
28.969226330998936,0.0,0.0,0.0,0.0,0.0,0.0,0.0,0.0,0.0,0.0,0.0,0.0,0.0,18560.0,5.0,46620.0,17119.0,5.0,46633.0
28.969282135993126,0.0,0.0,0.0,0.0,0.0,0.0,0.0,0.0,0.0,0.0,0.0,0.0,0.0,18561.0,5.0,46640.0,17120.0,5.0,46653.0
28.969345623991103,0.0,0.0,0.0,0.0,0.0,0.0,0.0,0.0,0.0,0.0,0.0,0.0,0.0,18562.0,5.0,46660.0,17121.0,5.0,46663.0
28.99766804400133,0.0,0.0,0.0,0.0,0.0,0.0,0.0,0.0,0.0,0.0,0.0,0.0,0.0,18563.0,5.0,46680.0,17122.0,5.0,46693.0
29.01470190899272,0.0,0.0,0.0,0.0,0.0,0.0,0.0,0.0,0.0,0.0,0.0,0.0,0.0,18564.0,5.0,46700.0,17123.0,5.0,46713.0
29.03712630800146,0.0,0.0,0.0,0.0,0.0,0.0,0.0,0.0,0.0,0.0,0.0,0.0,0.0,18565.0,5.0,46720.0,17124.0,5.0,46733.0
29.05681892199209,0.0,0.0,0.0,0.0,0.0,0.0,0.0,0.0,0.0,0.0,0.0,0.0,0.0,18566.0,5.0,46740.0,17125.0,5.0,46753.0
29.188726851003594,0.0,0.0,0.0,0.0,0.0,0.0,0.0,0.0,0.0,0.0,0.0,0.0,0.0,18567.0,5.0,46760.0,17126.0,5.0,46763.0
29.188880002999213,0.0,0.0,0.0,0.0,0.0,0.0,0.0,0.0,0.0,0.0,0.0,0.0,0.0,18568.0,5.0,46780.0,17127.0,5.0,46793.0
29.188948990995414,0.0,0.0,0.0,0.0,0.0,0.0,0.0,0.0,0.0,0.0,0.0,0.0,0.0,18569.0,5.0,46800.0,17128.0,5.0,46813.0
29.189007770997705,0.0,0.0,0.0,0.0,0.0,0.0,0.0,0.0,0.0,0.0,0.0,0.0,0.0,18570.0,5.0,46820.0,17129.0,5.0,46833.0
29.18906395699014,0.0,0.0,0.0,0.0,0.0,0.0,0.0,0.0,0.0,0.0,0.0,0.0,0.0,18571.0,5.0,46840.0,17130.0,5.0,46853.0
29.189120123002795,0.0,0.0,0.0,0.0,0.0,0.0,0.0,0.0,0.0,0.0,0.0,0.0,0.0,18572.0,5.0,46860.0,17131.0,5.0,46863.0
29.196061374997953,0.0,0.0,0.0,0.0,0.0,0.0,0.0,0.0,0.0,0.0,0.0,0.0,0.0,18573.0,5.0,46880.0,17132.0,5.0,46893.0
29.21152031100064,0.0,0.0,0.0,0.0,0.0,0.0,0.0,0.0,0.0,0.0,0.0,0.0,0.0,18574.0,5.0,46900.0,17133.0,5.0,46909.0
29.235459025003365,0.0,0.0,0.0,0.0,0.0,0.0,0.0,0.0,0.0,0.0,0.0,0.0,0.0,18575.0,5.0,46920.0,17134.0,5.0,46933.0
29.255609992003883,0.0,0.0,0.0,0.0,0.0,0.0,0.0,0.0,0.0,0.0,0.0,0.0,0.0,18576.0,5.0,46940.0,17135.0,5.0,46953.0
29.26876017599716,0.0,0.0,0.0,0.0,0.0,0.0,0.0,0.0,0.0,0.0,0.0,0.0,0.0,18577.0,5.0,46960.0,17136.0,5.0,46963.0
29.351655798003776,0.0,0.0,0.0,0.0,0.0,0.0,0.0,0.0,0.0,0.0,0.0,0.0,0.0,18578.0,5.0,46980.0,17137.0,5.0,46994.0
29.35177141499298,0.0,0.0,0.0,0.0,0.0,0.0,0.0,0.0,0.0,0.0,0.0,0.0,0.0,18579.0,5.0,47000.0,17138.0,5.0,47002.0
29.35183877000236,0.0,0.0,0.0,0.0,0.0,0.0,0.0,0.0,0.0,0.0,0.0,0.0,0.0,18580.0,5.0,47020.0,17139.0,5.0,47033.0
29.408130566996988,0.0,0.0,0.0,0.0,0.0,0.0,0.0,0.0,0.0,0.0,0.0,0.0,0.0,18581.0,5.0,47040.0,17140.0,5.0,47053.0
29.40830890199868,0.0,0.0,0.0,0.0,0.0,0.0,0.0,0.0,0.0,0.0,0.0,0.0,0.0,18582.0,5.0,47060.0,17141.0,5.0,47063.0
29.40837681699486,0.0,0.0,0.0,0.0,0.0,0.0,0.0,0.0,0.0,0.0,0.0,0.0,0.0,18583.0,5.0,47080.0,17142.0,5.0,47093.0
29.416841019992717,0.0,0.0,0.0,0.0,0.0,0.0,0.0,0.0,0.0,0.0,0.0,0.0,0.0,18584.0,5.0,47100.0,17143.0,5.0,47113.0
29.43710231500154,0.0,0.0,0.0,0.0,0.0,0.0,0.0,0.0,0.0,0.0,0.0,0.0,0.0,18585.0,5.0,47120.0,17144.0,5.0,47133.0
29.455516567002633,0.0,0.0,0.0,0.0,0.0,0.0,0.0,0.0,0.0,0.0,0.0,0.0,0.0,18586.0,5.0,47140.0,17145.0,5.0,47153.0
29.467503705003764,0.0,0.0,0.0,0.0,0.0,0.0,0.0,0.0,0.0,0.0,0.0,0.0,0.0,18587.0,5.0,47160.0,17146.0,5.0,47164.0
29.486272241992992,0.0,0.0,0.0,0.0,0.0,0.0,0.0,0.0,0.0,0.0,0.0,0.0,0.0,18588.0,5.0,47180.0,17147.0,5.0,47183.0
29.627594655990833,0.0,0.0,0.0,0.0,0.0,0.0,0.0,0.0,0.0,0.0,0.0,0.0,0.0,18589.0,5.0,47200.0,17148.0,5.0,47213.0
29.627762111995253,0.0,0.0,0.0,0.0,0.0,0.0,0.0,0.0,0.0,0.0,0.0,0.0,0.0,18590.0,5.0,47220.0,17149.0,5.0,47233.0
29.627830268000253,0.0,0.0,0.0,0.0,0.0,0.0,0.0,0.0,0.0,0.0,0.0,0.0,0.0,18591.0,5.0,47240.0,17150.0,5.0,47253.0
29.6278907310043,0.0,0.0,0.0,0.0,0.0,0.0,0.0,0.0,0.0,0.0,0.0,0.0,0.0,18592.0,5.0,47260.0,17151.0,5.0,47263.0
29.62794804899022,0.0,0.0,0.0,0.0,0.0,0.0,0.0,0.0,0.0,0.0,0.0,0.0,0.0,18593.0,5.0,47280.0,17152.0,5.0,47293.0
29.628003222998814,0.0,0.0,0.0,0.0,0.0,0.0,0.0,0.0,0.0,0.0,0.0,0.0,0.0,18594.0,5.0,47300.0,17153.0,5.0,47313.0
29.63563728799636,0.0,0.0,0.0,0.0,0.0,0.0,0.0,0.0,0.0,0.0,0.0,0.0,0.0,18595.0,5.0,47320.0,17154.0,5.0,47333.0
29.656841433999944,0.0,0.0,0.0,0.0,0.0,0.0,0.0,0.0,0.0,0.0,0.0,0.0,0.0,18596.0,5.0,47340.0,17155.0,5.0,47353.0
29.6663288330019,0.0,0.0,0.0,0.0,0.0,0.0,0.0,0.0,0.0,0.0,0.0,0.0,0.0,18597.0,5.0,47360.0,17156.0,5.0,47363.0
29.697997272000066,0.0,0.0,0.0,0.0,0.0,0.0,0.0,0.0,0.0,0.0,0.0,0.0,0.0,18598.0,5.0,47380.0,17157.0,5.0,47393.0
29.71554931999708,0.0,0.0,0.0,0.0,0.0,0.0,0.0,0.0,0.0,0.0,0.0,0.0,0.0,18599.0,5.0,47400.0,17158.0,5.0,47413.0
29.850141431990778,0.0,0.0,0.0,0.0,0.0,0.0,0.0,0.0,0.0,0.0,0.0,0.0,0.0,18600.0,5.0,47420.0,17159.0,5.0,47433.0
29.850530095995055,0.0,0.0,0.0,0.0,0.0,0.0,0.0,0.0,0.0,0.0,0.0,0.0,0.0,18601.0,5.0,47440.0,17160.0,5.0,47453.0
29.850824619003106,0.0,0.0,0.0,0.0,0.0,0.0,0.0,0.0,0.0,0.0,0.0,0.0,0.0,18602.0,5.0,47460.0,17161.0,5.0,47464.0
29.851007110992214,0.0,0.0,0.0,0.0,0.0,0.0,0.0,0.0,0.0,0.0,0.0,0.0,0.0,18603.0,5.0,47480.0,17162.0,5.0,47494.0
29.851063937996514,0.0,0.0,0.0,0.0,0.0,0.0,0.0,0.0,0.0,0.0,0.0,0.0,0.0,18604.0,5.0,47500.0,17163.0,5.0,47502.0
29.85111797999707,0.0,0.0,0.0,0.0,0.0,0.0,0.0,0.0,0.0,0.0,0.0,0.0,0.0,18605.0,5.0,47520.0,17164.0,5.0,47533.0
29.85577437299071,0.0,0.0,0.0,0.0,0.0,0.0,0.0,0.0,0.0,0.0,0.0,0.0,0.0,18606.0,5.0,47540.0,17165.0,5.0,47553.0
29.866456317002303,0.0,0.0,0.0,0.0,0.0,0.0,0.0,0.0,0.0,0.0,0.0,0.0,0.0,18607.0,5.0,47560.0,17166.0,5.0,47563.0
29.89714054299111,0.0,0.0,0.0,0.0,0.0,0.0,0.0,0.0,0.0,0.0,0.0,0.0,0.0,18608.0,5.0,47580.0,17167.0,5.0,47593.0
29.9181214870041,0.0,0.0,0.0,0.0,0.0,0.0,0.0,0.0,0.0,0.0,0.0,0.0,0.0,18609.0,5.0,47600.0,17168.0,5.0,47613.0
29.935833146999357,0.0,0.0,0.0,0.0,0.0,0.0,0.0,0.0,0.0,0.0,0.0,0.0,0.0,18610.0,5.0,47620.0,17169.0,5.0,47633.0
30.15666729499935,0.0,0.0,0.0,0.0,0.0,0.0,0.0,0.0,0.0,0.0,0.0,0.0,0.0,18611.0,5.0,47640.0,17170.0,5.0,47653.0
30.15681566800049,0.0,0.0,0.0,0.0,0.0,0.0,0.0,0.0,0.0,0.0,0.0,0.0,0.0,18612.0,5.0,47660.0,17171.0,5.0,47663.0
30.15689078599098,0.0,0.0,0.0,0.0,0.0,0.0,0.0,0.0,0.0,0.0,0.0,0.0,0.0,18613.0,5.0,47680.0,17172.0,5.0,47693.0
30.156962900000508,0.0,0.0,0.0,0.0,0.0,0.0,0.0,0.0,0.0,0.0,0.0,0.0,0.0,18614.0,5.0,47700.0,17173.0,5.0,47713.0
30.157024485000875,0.0,0.0,0.0,0.0,0.0,0.0,0.0,0.0,0.0,0.0,0.0,0.0,0.0,18615.0,5.0,47720.0,17174.0,5.0,47733.0
30.15708395600086,0.0,0.0,0.0,0.0,0.0,0.0,0.0,0.0,0.0,0.0,0.0,0.0,0.0,18616.0,5.0,47740.0,17175.0,5.0,47753.0
30.15714624300017,0.0,0.0,0.0,0.0,0.0,0.0,0.0,0.0,0.0,0.0,0.0,0.0,0.0,18617.0,5.0,47760.0,17176.0,5.0,47763.0
30.1572079280013,0.0,0.0,0.0,0.0,0.0,0.0,0.0,0.0,0.0,0.0,0.0,0.0,0.0,18618.0,5.0,47780.0,17177.0,5.0,47793.0
30.157265005997033,0.0,0.0,0.0,0.0,0.0,0.0,0.0,0.0,0.0,0.0,0.0,0.0,0.0,18619.0,5.0,47800.0,17178.0,5.0,47813.0
30.157320600992534,0.0,0.0,0.0,0.0,0.0,0.0,0.0,0.0,0.0,0.0,0.0,0.0,0.0,18620.0,5.0,47820.0,17179.0,5.0,47833.0
30.157375815004343,0.0,0.0,0.0,0.0,0.0,0.0,0.0,0.0,0.0,0.0,0.0,0.0,0.0,18621.0,5.0,47840.0,17180.0,5.0,47853.0
30.165908227994805,0.0,0.0,0.0,0.0,0.0,0.0,0.0,0.0,0.0,0.0,0.0,0.0,0.0,18622.0,5.0,47860.0,17181.0,5.0,47863.0
30.584850789004122,0.0,0.0,0.0,0.0,0.0,0.0,0.0,0.0,0.0,0.0,0.0,0.0,0.0,18623.0,5.0,47880.0,17182.0,5.0,47893.0
30.58624903699092,0.0,0.0,0.0,0.0,0.0,0.0,0.0,0.0,0.0,0.0,0.0,0.0,0.0,18624.0,5.0,47900.0,17183.0,5.0,47913.0
30.586389096002677,0.0,0.0,0.0,0.0,0.0,0.0,0.0,0.0,0.0,0.0,0.0,0.0,0.0,18625.0,5.0,47920.0,17184.0,5.0,47933.0
30.58647240800201,0.0,0.0,0.0,0.0,0.0,0.0,0.0,0.0,0.0,0.0,0.0,0.0,0.0,18626.0,5.0,47940.0,17185.0,5.0,47953.0
30.586542588003795,0.0,0.0,0.0,0.0,0.0,0.0,0.0,0.0,0.0,0.0,0.0,0.0,0.0,18627.0,5.0,47960.0,17186.0,5.0,47962.0
30.586624297997332,0.0,0.0,0.0,0.0,0.0,0.0,0.0,0.0,0.0,0.0,0.0,0.0,0.0,18628.0,5.0,47980.0,17187.0,5.0,47994.0
30.586696180995204,0.0,0.0,0.0,0.0,0.0,0.0,0.0,0.0,0.0,0.0,0.0,0.0,0.0,18631.0,5.0,48040.0,17190.0,5.0,48053.0
30.586764456995297,0.0,0.0,0.0,0.0,0.0,0.0,0.0,0.0,0.0,0.0,0.0,0.0,0.0,18632.0,5.0,48060.0,17191.0,5.0,48064.0
30.586824860001798,0.0,0.0,0.0,0.0,0.0,0.0,0.0,0.0,0.0,0.0,0.0,0.0,0.0,18633.0,5.0,48080.0,17192.0,5.0,48083.0
30.586879994996707,0.0,0.0,0.0,0.0,0.0,0.0,0.0,0.0,0.0,0.0,0.0,0.0,0.0,18634.0,5.0,48100.0,17193.0,5.0,48113.0
30.586934637991362,0.0,0.0,0.0,0.0,0.0,0.0,0.0,0.0,0.0,0.0,0.0,0.0,0.0,18635.0,5.0,48120.0,17194.0,5.0,48133.0
30.58699989899469,0.0,0.0,0.0,0.0,0.0,0.0,0.0,0.0,0.0,0.0,0.0,0.0,0.0,18636.0,5.0,48140.0,17195.0,5.0,48153.0
30.58705587500299,0.0,0.0,0.0,0.0,0.0,0.0,0.0,0.0,0.0,0.0,0.0,0.0,0.0,18637.0,5.0,48160.0,17196.0,5.0,48163.0
30.5871130329906,0.0,0.0,0.0,0.0,0.0,0.0,0.0,0.0,0.0,0.0,0.0,0.0,0.0,18638.0,5.0,48180.0,17197.0,5.0,48193.0
30.587166373996297,0.0,0.0,0.0,0.0,0.0,0.0,0.0,0.0,0.0,0.0,0.0,0.0,0.0,18639.0,5.0,48200.0,17198.0,5.0,48213.0
30.58721909399901,0.0,0.0,0.0,0.0,0.0,0.0,0.0,0.0,0.0,0.0,0.0,0.0,0.0,18640.0,5.0,48220.0,17199.0,5.0,48233.0
30.587271764001343,0.0,0.0,0.0,0.0,0.0,0.0,0.0,0.0,0.0,0.0,0.0,0.0,0.0,18641.0,5.0,48240.0,17200.0,5.0,48253.0
30.587324744003126,0.0,0.0,0.0,0.0,0.0,0.0,0.0,0.0,0.0,0.0,0.0,0.0,0.0,18642.0,5.0,48260.0,17201.0,5.0,48264.0
30.589050822003628,0.0,0.0,0.0,0.0,0.0,0.0,0.0,0.0,0.0,0.0,0.0,0.0,0.0,18643.0,5.0,48280.0,17202.0,5.0,48283.0
30.619446525990497,0.0,0.0,0.0,0.0,0.0,0.0,0.0,0.0,0.0,0.0,0.0,0.0,0.0,18644.0,5.0,48300.0,17203.0,5.0,48313.0
30.63537351800187,0.0,0.0,0.0,0.0,0.0,0.0,0.0,0.0,0.0,0.0,0.0,0.0,0.0,18645.0,5.0,48320.0,17204.0,5.0,48333.0
30.65619355699164,0.0,0.0,0.0,0.0,0.0,0.0,0.0,0.0,0.0,0.0,0.0,0.0,0.0,18646.0,5.0,48340.0,17205.0,5.0,48353.0
30.666608954998082,0.0,0.0,0.0,0.0,0.0,0.0,0.0,0.0,0.0,0.0,0.0,0.0,0.0,18647.0,5.0,48360.0,17206.0,5.0,48363.0
31.1063602459908,0.0,0.0,0.0,0.0,0.0,0.0,0.0,0.0,0.0,0.0,0.0,0.0,0.0,18648.0,5.0,48380.0,17207.0,5.0,48393.0
31.106551802993636,0.0,0.0,0.0,0.0,0.0,0.0,0.0,0.0,0.0,0.0,0.0,0.0,0.0,18649.0,5.0,48400.0,17208.0,5.0,48413.0
31.10664028399333,0.0,0.0,0.0,0.0,0.0,0.0,0.0,0.0,0.0,0.0,0.0,0.0,0.0,18650.0,5.0,48420.0,17209.0,5.0,48433.0
31.10672514900216,0.0,0.0,0.0,0.0,0.0,0.0,0.0,0.0,0.0,0.0,0.0,0.0,0.0,18651.0,5.0,48440.0,17210.0,5.0,48453.0
31.106792423990555,0.0,0.0,0.0,0.0,0.0,0.0,0.0,0.0,0.0,0.0,0.0,0.0,0.0,18652.0,5.0,48460.0,17211.0,5.0,48464.0
31.10686738199729,0.0,0.0,0.0,0.0,0.0,0.0,0.0,0.0,0.0,0.0,0.0,0.0,0.0,18653.0,5.0,48480.0,17212.0,5.0,48483.0
31.106931080998038,0.0,0.0,0.0,0.0,0.0,0.0,0.0,0.0,0.0,0.0,0.0,0.0,0.0,18654.0,5.0,48500.0,17213.0,5.0,48513.0
31.106999587995233,0.0,0.0,0.0,0.0,0.0,0.0,0.0,0.0,0.0,0.0,0.0,0.0,0.0,18655.0,5.0,48520.0,17214.0,5.0,48533.0
31.107142783002928,0.0,0.0,0.0,0.0,0.0,0.0,0.0,0.0,0.0,0.0,0.0,0.0,0.0,18656.0,5.0,48540.0,17215.0,5.0,48553.0
31.10724706099427,0.0,0.0,0.0,0.0,0.0,0.0,0.0,0.0,0.0,0.0,0.0,0.0,0.0,18657.0,5.0,48560.0,17216.0,5.0,48563.0
31.107316419002018,0.0,0.0,0.0,0.0,0.0,0.0,0.0,0.0,0.0,0.0,0.0,0.0,0.0,18658.0,5.0,48580.0,17217.0,5.0,48584.0
31.107375710998895,0.0,0.0,0.0,0.0,0.0,0.0,0.0,0.0,0.0,0.0,0.0,0.0,0.0,18659.0,5.0,48600.0,17218.0,5.0,48613.0
31.107431936994544,0.0,0.0,0.0,0.0,0.0,0.0,0.0,0.0,0.0,0.0,0.0,0.0,0.0,18660.0,5.0,48620.0,17219.0,5.0,48633.0
31.10748765199969,0.0,0.0,0.0,0.0,0.0,0.0,0.0,0.0,0.0,0.0,0.0,0.0,0.0,18661.0,5.0,48640.0,17220.0,5.0,48653.0
31.107542815996567,0.0,0.0,0.0,0.0,0.0,0.0,0.0,0.0,0.0,0.0,0.0,0.0,0.0,18662.0,5.0,48660.0,17221.0,5.0,48663.0
31.107597248992533,0.0,0.0,0.0,0.0,0.0,0.0,0.0,0.0,0.0,0.0,0.0,0.0,0.0,18663.0,5.0,48680.0,17222.0,5.0,48693.0
31.10765857399383,0.0,0.0,0.0,0.0,0.0,0.0,0.0,0.0,0.0,0.0,0.0,0.0,0.0,18664.0,5.0,48700.0,17223.0,5.0,48713.0
31.1077174940001,0.0,0.0,0.0,0.0,0.0,0.0,0.0,0.0,0.0,0.0,0.0,0.0,0.0,18665.0,5.0,48720.0,17224.0,5.0,48733.0
31.10777167699416,0.0,0.0,0.0,0.0,0.0,0.0,0.0,0.0,0.0,0.0,0.0,0.0,0.0,18666.0,5.0,48740.0,17225.0,5.0,48753.0
31.10785132300225,0.0,0.0,0.0,0.0,0.0,0.0,0.0,0.0,0.0,0.0,0.0,0.0,0.0,18667.0,5.0,48760.0,17226.0,5.0,48763.0
31.108073212002637,0.0,0.0,0.0,0.0,0.0,0.0,0.0,0.0,0.0,0.0,0.0,0.0,0.0,18668.0,5.0,48780.0,17227.0,5.0,48793.0
31.139316728003905,0.0,0.0,0.0,0.0,0.0,0.0,0.0,0.0,0.0,0.0,0.0,0.0,0.0,18669.0,5.0,48800.0,17228.0,5.0,48813.0
31.13942579399736,0.0,0.0,0.0,0.0,0.0,0.0,0.0,0.0,0.0,0.0,0.0,0.0,0.0,18670.0,5.0,48820.0,17229.0,5.0,48833.0
31.15452783399087,0.0,0.0,0.0,0.0,0.0,0.0,0.0,0.0,0.0,0.0,0.0,0.0,0.0,18671.0,5.0,48840.0,17230.0,5.0,48853.0
31.17525128700072,0.0,0.0,0.0,0.0,0.0,0.0,0.0,0.0,0.0,0.0,0.0,0.0,0.0,18672.0,5.0,48860.0,17231.0,5.0,48863.0
31.60143645000062,0.0,0.0,0.0,0.0,0.0,0.0,0.0,0.0,0.0,0.0,0.0,0.0,0.0,18673.0,5.0,48880.0,17232.0,5.0,48893.0
31.601646298004198,0.0,0.0,0.0,0.0,0.0,0.0,0.0,0.0,0.0,0.0,0.0,0.0,0.0,18684.0,5.0,49100.0,17233.0,5.0,49105.0
31.60172123600205,0.0,0.0,0.0,0.0,0.0,0.0,0.0,0.0,0.0,0.0,0.0,0.0,0.0,18685.0,5.0,49120.0,17234.0,5.0,49123.0
31.601783532998525,0.0,0.0,0.0,0.0,0.0,0.0,0.0,0.0,0.0,0.0,0.0,0.0,0.0,18686.0,5.0,49140.0,17235.0,5.0,49153.0
31.60184105100052,0.0,0.0,0.0,0.0,0.0,0.0,0.0,0.0,0.0,0.0,0.0,0.0,0.0,18687.0,5.0,49160.0,17236.0,5.0,49163.0
31.601898118999088,0.0,0.0,0.0,0.0,0.0,0.0,0.0,0.0,0.0,0.0,0.0,0.0,0.0,18688.0,5.0,49180.0,17237.0,5.0,49193.0
31.601954896003008,0.0,0.0,0.0,0.0,0.0,0.0,0.0,0.0,0.0,0.0,0.0,0.0,0.0,18689.0,5.0,49200.0,17238.0,5.0,49213.0
31.602010289992904,0.0,0.0,0.0,0.0,0.0,0.0,0.0,0.0,0.0,0.0,0.0,0.0,0.0,18690.0,5.0,49220.0,17239.0,5.0,49233.0
31.602064662991324,0.0,0.0,0.0,0.0,0.0,0.0,0.0,0.0,0.0,0.0,0.0,0.0,0.0,18691.0,5.0,49240.0,17240.0,5.0,49253.0
31.60211845500453,0.0,0.0,0.0,0.0,0.0,0.0,0.0,0.0,0.0,0.0,0.0,0.0,0.0,18692.0,5.0,49260.0,17241.0,5.0,49263.0
31.60217261800426,0.0,0.0,0.0,0.0,0.0,0.0,0.0,0.0,0.0,0.0,0.0,0.0,0.0,18693.0,5.0,49280.0,17242.0,5.0,49293.0
31.615216641992447,0.0,0.0,0.0,0.0,0.0,0.0,0.0,0.0,0.0,0.0,0.0,0.0,0.0,18694.0,5.0,49300.0,17243.0,5.0,49311.0
31.634842769999523,0.0,0.0,0.0,0.0,0.0,0.0,0.0,0.0,0.0,0.0,0.0,0.0,0.0,18695.0,5.0,49320.0,17244.0,5.0,49333.0
31.655874160001986,0.0,0.0,0.0,0.0,0.0,0.0,0.0,0.0,0.0,0.0,0.0,0.0,0.0,18696.0,5.0,49340.0,17245.0,5.0,49353.0
31.666892011999153,0.0,0.0,0.0,0.0,0.0,0.0,0.0,0.0,0.0,0.0,0.0,0.0,0.0,18697.0,5.0,49360.0,17246.0,5.0,49363.0
31.696481156992377,0.0,0.0,0.0,0.0,0.0,0.0,0.0,0.0,0.0,0.0,0.0,0.0,0.0,18698.0,5.0,49380.0,17247.0,5.0,49393.0
32.11360671899456,0.0,0.0,0.0,0.0,0.0,0.0,0.0,0.0,0.0,0.0,0.0,0.0,0.0,18709.0,5.0,49600.0,17258.0,5.0,49613.0
32.11401594900235,0.0,0.0,0.0,0.0,0.0,0.0,0.0,0.0,0.0,0.0,0.0,0.0,0.0,18710.0,5.0,49620.0,17259.0,5.0,49633.0
32.1140846759954,0.0,0.0,0.0,0.0,0.0,0.0,0.0,0.0,0.0,0.0,0.0,0.0,0.0,18711.0,5.0,49640.0,17260.0,5.0,49653.0
32.114143686994794,0.0,0.0,0.0,0.0,0.0,0.0,0.0,0.0,0.0,0.0,0.0,0.0,0.0,18712.0,5.0,49660.0,17261.0,5.0,49663.0
32.114200062991586,0.0,0.0,0.0,0.0,0.0,0.0,0.0,0.0,0.0,0.0,0.0,0.0,0.0,18713.0,5.0,49680.0,17262.0,5.0,49693.0
32.1142555080005,0.0,0.0,0.0,0.0,0.0,0.0,0.0,0.0,0.0,0.0,0.0,0.0,0.0,18714.0,5.0,49700.0,17263.0,5.0,49713.0
32.11430915999517,0.0,0.0,0.0,0.0,0.0,0.0,0.0,0.0,0.0,0.0,0.0,0.0,0.0,18715.0,5.0,49720.0,17264.0,5.0,49733.0
32.114363241998944,0.0,0.0,0.0,0.0,0.0,0.0,0.0,0.0,0.0,0.0,0.0,0.0,0.0,18716.0,5.0,49740.0,17265.0,5.0,49753.0
32.11441647299216,0.0,0.0,0.0,0.0,0.0,0.0,0.0,0.0,0.0,0.0,0.0,0.0,0.0,18717.0,5.0,49760.0,17266.0,5.0,49763.0
32.11446943299961,0.0,0.0,0.0,0.0,0.0,0.0,0.0,0.0,0.0,0.0,0.0,0.0,0.0,18718.0,5.0,49780.0,17267.0,5.0,49793.0
32.1203787419945,0.0,0.0,0.0,0.0,0.0,0.0,0.0,0.0,0.0,0.0,0.0,0.0,0.0,18719.0,5.0,49800.0,17268.0,5.0,49813.0
32.13576089699927,0.0,0.0,0.0,0.0,0.0,0.0,0.0,0.0,0.0,0.0,0.0,0.0,0.0,18720.0,5.0,49820.0,17269.0,5.0,49833.0
32.15702882000187,0.0,0.0,0.0,0.0,0.0,0.0,0.0,0.0,0.0,0.0,0.0,0.0,0.0,18721.0,5.0,49840.0,17270.0,5.0,49853.0
32.164890354004456,0.0,0.0,0.0,0.0,0.0,0.0,0.0,0.0,0.0,0.0,0.0,0.0,0.0,18722.0,5.0,49860.0,17271.0,5.0,49863.0
32.195094366994454,0.0,0.0,0.0,0.0,0.0,0.0,0.0,0.0,0.0,0.0,0.0,0.0,0.0,18723.0,5.0,49880.0,17272.0,5.0,49893.0
32.619224087990006,0.0,0.0,0.0,0.0,0.0,0.0,0.0,0.0,0.0,0.0,0.0,0.0,0.0,18724.0,5.0,49900.0,17273.0,5.0,49913.0
32.61945120600285,0.0,0.0,0.0,0.0,0.0,0.0,0.0,0.0,0.0,0.0,0.0,0.0,0.0,18725.0,5.0,49920.0,17274.0,5.0,49933.0
32.61953118199017,0.0,0.0,0.0,0.0,0.0,0.0,0.0,0.0,0.0,0.0,0.0,0.0,0.0,18726.0,5.0,49940.0,17275.0,5.0,49953.0
32.619592586997896,0.0,0.0,0.0,0.0,0.0,0.0,0.0,0.0,0.0,0.0,0.0,0.0,0.0,18727.0,5.0,49960.0,17276.0,5.0,49963.0
32.619657557996106,0.0,0.0,0.0,0.0,0.0,0.0,0.0,0.0,0.0,0.0,0.0,0.0,0.0,18728.0,5.0,49980.0,17277.0,5.0,49994.0
32.6197172300017,0.0,0.0,0.0,0.0,0.0,0.0,0.0,0.0,0.0,0.0,0.0,0.0,0.0,18729.0,5.0,50000.0,17278.0,5.0,50001.0
32.61977289499191,0.0,0.0,0.0,0.0,0.0,0.0,0.0,0.0,0.0,0.0,0.0,0.0,0.0,18730.0,5.0,50020.0,17279.0,5.0,50033.0
32.61982834999799,0.0,0.0,0.0,0.0,0.0,0.0,0.0,0.0,0.0,0.0,0.0,0.0,0.0,18731.0,5.0,50040.0,17280.0,5.0,50053.0
32.61988452599326,0.0,0.0,0.0,0.0,0.0,0.0,0.0,0.0,0.0,0.0,0.0,0.0,0.0,18732.0,5.0,50060.0,17281.0,5.0,50063.0
32.61993905900454,0.0,0.0,0.0,0.0,0.0,0.0,0.0,0.0,0.0,0.0,0.0,0.0,0.0,18733.0,5.0,50080.0,17282.0,5.0,50083.0
32.619993461994454,0.0,0.0,0.0,0.0,0.0,0.0,0.0,0.0,0.0,0.0,0.0,0.0,0.0,18734.0,5.0,50100.0,17283.0,5.0,50113.0
32.62004740399425,0.0,0.0,0.0,0.0,0.0,0.0,0.0,0.0,0.0,0.0,0.0,0.0,0.0,18735.0,5.0,50120.0,17284.0,5.0,50133.0
32.62010010400263,0.0,0.0,0.0,0.0,0.0,0.0,0.0,0.0,0.0,0.0,0.0,0.0,0.0,18736.0,5.0,50140.0,17285.0,5.0,50153.0
32.62015375599731,0.0,0.0,0.0,0.0,0.0,0.0,0.0,0.0,0.0,0.0,0.0,0.0,0.0,18737.0,5.0,50160.0,17286.0,5.0,50163.0
32.620206837003934,0.0,0.0,0.0,0.0,0.0,0.0,0.0,0.0,0.0,0.0,0.0,0.0,0.0,18738.0,5.0,50180.0,17287.0,5.0,50193.0
32.62026001799677,0.0,0.0,0.0,0.0,0.0,0.0,0.0,0.0,0.0,0.0,0.0,0.0,0.0,18739.0,5.0,50200.0,17288.0,5.0,50214.0
32.62031230700086,0.0,0.0,0.0,0.0,0.0,0.0,0.0,0.0,0.0,0.0,0.0,0.0,0.0,18740.0,5.0,50220.0,17289.0,5.0,50233.0
32.620366089002346,0.0,0.0,0.0,0.0,0.0,0.0,0.0,0.0,0.0,0.0,0.0,0.0,0.0,18741.0,5.0,50240.0,17290.0,5.0,50253.0
32.62045055300405,0.0,0.0,0.0,0.0,0.0,0.0,0.0,0.0,0.0,0.0,0.0,0.0,0.0,18742.0,5.0,50260.0,17291.0,5.0,50263.0
32.620531531996676,0.0,0.0,0.0,0.0,0.0,0.0,0.0,0.0,0.0,0.0,0.0,0.0,0.0,18743.0,5.0,50280.0,17292.0,5.0,50293.0
32.6206099659903,0.0,0.0,0.0,0.0,0.0,0.0,0.0,0.0,0.0,0.0,0.0,0.0,0.0,18744.0,5.0,50300.0,17293.0,5.0,50313.0
32.634960237992345,0.0,0.0,0.0,0.0,0.0,0.0,0.0,0.0,0.0,0.0,0.0,0.0,0.0,18745.0,5.0,50320.0,17294.0,5.0,50333.0
32.655468151991954,0.0,0.0,0.0,0.0,0.0,0.0,0.0,0.0,0.0,0.0,0.0,0.0,0.0,18746.0,5.0,50340.0,17295.0,5.0,50353.0
32.6670990470011,0.0,0.0,0.0,0.0,0.0,0.0,0.0,0.0,0.0,0.0,0.0,0.0,0.0,18747.0,5.0,50360.0,17296.0,5.0,50363.0
32.696300181996776,0.0,0.0,0.0,0.0,0.0,0.0,0.0,0.0,0.0,0.0,0.0,0.0,0.0,18748.0,5.0,50380.0,17297.0,5.0,50393.0
32.71602112999244,0.0,0.0,0.0,0.0,0.0,0.0,0.0,0.0,0.0,0.0,0.0,0.0,0.0,18749.0,5.0,50400.0,17298.0,5.0,50413.0
33.12998425299884,0.0,0.0,0.0,0.0,0.0,0.0,0.0,0.0,0.0,0.0,0.0,0.0,0.0,18757.0,5.0,50560.0,17306.0,5.0,50562.0
33.130150256998604,0.0,0.0,0.0,0.0,0.0,0.0,0.0,0.0,0.0,0.0,0.0,0.0,0.0,18760.0,5.0,50620.0,17309.0,5.0,50633.0
33.1302217689954,0.0,0.0,0.0,0.0,0.0,0.0,0.0,0.0,0.0,0.0,0.0,0.0,0.0,18761.0,5.0,50640.0,17310.0,5.0,50653.0
33.13028313399991,0.0,0.0,0.0,0.0,0.0,0.0,0.0,0.0,0.0,0.0,0.0,0.0,0.0,18762.0,5.0,50660.0,17311.0,5.0,50663.0
33.13034106299165,0.0,0.0,0.0,0.0,0.0,0.0,0.0,0.0,0.0,0.0,0.0,0.0,0.0,18763.0,5.0,50680.0,17312.0,5.0,50693.0
33.13039738900261,0.0,0.0,0.0,0.0,0.0,0.0,0.0,0.0,0.0,0.0,0.0,0.0,0.0,18764.0,5.0,50700.0,17313.0,5.0,50713.0
33.13045105099445,0.0,0.0,0.0,0.0,0.0,0.0,0.0,0.0,0.0,0.0,0.0,0.0,0.0,18765.0,5.0,50720.0,17314.0,5.0,50733.0
33.13050323000061,0.0,0.0,0.0,0.0,0.0,0.0,0.0,0.0,0.0,0.0,0.0,0.0,0.0,18766.0,5.0,50740.0,17315.0,5.0,50753.0
33.13055562999216,0.0,0.0,0.0,0.0,0.0,0.0,0.0,0.0,0.0,0.0,0.0,0.0,0.0,18767.0,5.0,50760.0,17316.0,5.0,50763.0
33.13060795899946,0.0,0.0,0.0,0.0,0.0,0.0,0.0,0.0,0.0,0.0,0.0,0.0,0.0,18768.0,5.0,50780.0,17317.0,5.0,50793.0
33.130669274003594,0.0,0.0,0.0,0.0,0.0,0.0,0.0,0.0,0.0,0.0,0.0,0.0,0.0,18769.0,5.0,50800.0,17318.0,5.0,50813.0
33.13780562199827,0.0,0.0,0.0,0.0,0.0,0.0,0.0,0.0,0.0,0.0,0.0,0.0,0.0,18770.0,5.0,50820.0,17319.0,5.0,50833.0
33.15445944700332,0.0,0.0,0.0,0.0,0.0,0.0,0.0,0.0,0.0,0.0,0.0,0.0,0.0,18771.0,5.0,50840.0,17320.0,5.0,50853.0
33.17472278299101,0.0,0.0,0.0,0.0,0.0,0.0,0.0,0.0,0.0,0.0,0.0,0.0,0.0,18772.0,5.0,50860.0,17321.0,5.0,50863.0
33.195736701003625,0.0,0.0,0.0,0.0,0.0,0.0,0.0,0.0,0.0,0.0,0.0,0.0,0.0,18773.0,5.0,50880.0,17322.0,5.0,50893.0
33.20965197599435,0.0,0.0,0.0,0.0,0.0,0.0,0.0,0.0,0.0,0.0,0.0,0.0,0.0,18774.0,5.0,50900.0,17323.0,5.0,50907.0
33.64060839499871,0.0,0.0,0.0,0.0,0.0,0.0,0.0,0.0,0.0,0.0,0.0,0.0,0.0,18775.0,5.0,50920.0,17324.0,5.0,50933.0
33.64083501200366,0.0,0.0,0.0,0.0,0.0,0.0,0.0,0.0,0.0,0.0,0.0,0.0,0.0,18776.0,5.0,50940.0,17325.0,5.0,50953.0
33.640905191990896,0.0,0.0,0.0,0.0,0.0,0.0,0.0,0.0,0.0,0.0,0.0,0.0,0.0,18777.0,5.0,50960.0,17326.0,5.0,50963.0
33.64096754899947,0.0,0.0,0.0,0.0,0.0,0.0,0.0,0.0,0.0,0.0,0.0,0.0,0.0,18778.0,5.0,50980.0,17327.0,5.0,50983.0
33.6410246759915,0.0,0.0,0.0,0.0,0.0,0.0,0.0,0.0,0.0,0.0,0.0,0.0,0.0,18779.0,5.0,51000.0,17328.0,5.0,51013.0
33.641080171000795,0.0,0.0,0.0,0.0,0.0,0.0,0.0,0.0,0.0,0.0,0.0,0.0,0.0,18780.0,5.0,51020.0,17329.0,5.0,51033.0
33.641138901002705,0.0,0.0,0.0,0.0,0.0,0.0,0.0,0.0,0.0,0.0,0.0,0.0,0.0,18781.0,5.0,51040.0,17330.0,5.0,51053.0
33.641196540003875,0.0,0.0,0.0,0.0,0.0,0.0,0.0,0.0,0.0,0.0,0.0,0.0,0.0,18782.0,5.0,51060.0,17331.0,5.0,51063.0
33.64124954100407,0.0,0.0,0.0,0.0,0.0,0.0,0.0,0.0,0.0,0.0,0.0,0.0,0.0,18783.0,5.0,51080.0,17332.0,5.0,51083.0
33.641303643002175,0.0,0.0,0.0,0.0,0.0,0.0,0.0,0.0,0.0,0.0,0.0,0.0,0.0,18784.0,5.0,51100.0,17333.0,5.0,51113.0
33.641357464992325,0.0,0.0,0.0,0.0,0.0,0.0,0.0,0.0,0.0,0.0,0.0,0.0,0.0,18785.0,5.0,51120.0,17334.0,5.0,51133.0
33.641415884994785,0.0,0.0,0.0,0.0,0.0,0.0,0.0,0.0,0.0,0.0,0.0,0.0,0.0,18786.0,5.0,51140.0,17335.0,5.0,51153.0
33.641474905991345,0.0,0.0,0.0,0.0,0.0,0.0,0.0,0.0,0.0,0.0,0.0,0.0,0.0,18787.0,5.0,51160.0,17336.0,5.0,51163.0
33.64152772599482,0.0,0.0,0.0,0.0,0.0,0.0,0.0,0.0,0.0,0.0,0.0,0.0,0.0,18788.0,5.0,51180.0,17337.0,5.0,51193.0
33.641580024996074,0.0,0.0,0.0,0.0,0.0,0.0,0.0,0.0,0.0,0.0,0.0,0.0,0.0,18789.0,5.0,51200.0,17338.0,5.0,51213.0
33.64163787399593,0.0,0.0,0.0,0.0,0.0,0.0,0.0,0.0,0.0,0.0,0.0,0.0,0.0,18790.0,5.0,51220.0,17339.0,5.0,51233.0
33.64169455099909,0.0,0.0,0.0,0.0,0.0,0.0,0.0,0.0,0.0,0.0,0.0,0.0,0.0,18791.0,5.0,51240.0,17340.0,5.0,51253.0
33.641754002994276,0.0,0.0,0.0,0.0,0.0,0.0,0.0,0.0,0.0,0.0,0.0,0.0,0.0,18792.0,5.0,51260.0,17341.0,5.0,51263.0
33.64180786500219,0.0,0.0,0.0,0.0,0.0,0.0,0.0,0.0,0.0,0.0,0.0,0.0,0.0,18793.0,5.0,51280.0,17342.0,5.0,51293.0
33.641861365991645,0.0,0.0,0.0,0.0,0.0,0.0,0.0,0.0,0.0,0.0,0.0,0.0,0.0,18794.0,5.0,51300.0,17343.0,5.0,51313.0
33.64191463700263,0.0,0.0,0.0,0.0,0.0,0.0,0.0,0.0,0.0,0.0,0.0,0.0,0.0,18795.0,5.0,51320.0,17344.0,5.0,51332.0
33.65452384999662,0.0,0.0,0.0,0.0,0.0,0.0,0.0,0.0,0.0,0.0,0.0,0.0,0.0,18796.0,5.0,51340.0,17345.0,5.0,51353.0
33.665258207998704,0.0,0.0,0.0,0.0,0.0,0.0,0.0,0.0,0.0,0.0,0.0,0.0,0.0,18797.0,5.0,51360.0,17346.0,5.0,51363.0
33.706709888996556,0.0,0.0,0.0,0.0,0.0,0.0,0.0,0.0,0.0,0.0,0.0,0.0,0.0,18798.0,5.0,51380.0,17347.0,5.0,51393.0
33.71547081800236,0.0,0.0,0.0,0.0,0.0,0.0,0.0,0.0,0.0,0.0,0.0,0.0,0.0,18799.0,5.0,51400.0,17348.0,5.0,51413.0
33.737641212996095,0.0,0.0,0.0,0.0,0.0,0.0,0.0,0.0,0.0,0.0,0.0,0.0,0.0,18800.0,5.0,51420.0,17349.0,5.0,51433.0
34.15031508500397,0.0,0.0,0.0,0.0,0.0,0.0,0.0,0.0,0.0,0.0,0.0,0.0,0.0,18801.0,5.0,51440.0,17350.0,5.0,51453.0
34.150489382998785,0.0,0.0,0.0,0.0,0.0,0.0,0.0,0.0,0.0,0.0,0.0,0.0,0.0,18802.0,5.0,51460.0,17351.0,5.0,51464.0
34.15056212700438,0.0,0.0,0.0,0.0,0.0,0.0,0.0,0.0,0.0,0.0,0.0,0.0,0.0,18811.0,5.0,51640.0,17360.0,5.0,51653.0
34.15063956999802,0.0,0.0,0.0,0.0,0.0,0.0,0.0,0.0,0.0,0.0,0.0,0.0,0.0,18812.0,5.0,51660.0,17361.0,5.0,51664.0
34.150698550991365,0.0,0.0,0.0,0.0,0.0,0.0,0.0,0.0,0.0,0.0,0.0,0.0,0.0,18813.0,5.0,51680.0,17362.0,5.0,51683.0
34.150753834997886,0.0,0.0,0.0,0.0,0.0,0.0,0.0,0.0,0.0,0.0,0.0,0.0,0.0,18814.0,5.0,51700.0,17363.0,5.0,51713.0
34.150808578997385,0.0,0.0,0.0,0.0,0.0,0.0,0.0,0.0,0.0,0.0,0.0,0.0,0.0,18815.0,5.0,51720.0,17364.0,5.0,51733.0
34.150862901995424,0.0,0.0,0.0,0.0,0.0,0.0,0.0,0.0,0.0,0.0,0.0,0.0,0.0,18816.0,5.0,51740.0,17365.0,5.0,51753.0
34.15091624300112,0.0,0.0,0.0,0.0,0.0,0.0,0.0,0.0,0.0,0.0,0.0,0.0,0.0,18817.0,5.0,51760.0,17366.0,5.0,51763.0
34.15096951399755,0.0,0.0,0.0,0.0,0.0,0.0,0.0,0.0,0.0,0.0,0.0,0.0,0.0,18818.0,5.0,51780.0,17367.0,5.0,51793.0
34.15102245399612,0.0,0.0,0.0,0.0,0.0,0.0,0.0,0.0,0.0,0.0,0.0,0.0,0.0,18819.0,5.0,51800.0,17368.0,5.0,51813.0
34.151075014000526,0.0,0.0,0.0,0.0,0.0,0.0,0.0,0.0,0.0,0.0,0.0,0.0,0.0,18820.0,5.0,51820.0,17369.0,5.0,51833.0
34.15574011999706,0.0,0.0,0.0,0.0,0.0,0.0,0.0,0.0,0.0,0.0,0.0,0.0,0.0,18821.0,5.0,51840.0,17370.0,5.0,51853.0
34.16491074899386,0.0,0.0,0.0,0.0,0.0,0.0,0.0,0.0,0.0,0.0,0.0,0.0,0.0,18822.0,5.0,51860.0,17371.0,5.0,51863.0
34.19631966899033,0.0,0.0,0.0,0.0,0.0,0.0,0.0,0.0,0.0,0.0,0.0,0.0,0.0,18823.0,5.0,51880.0,17372.0,5.0,51893.0
34.216352649993496,0.0,0.0,0.0,0.0,0.0,0.0,0.0,0.0,0.0,0.0,0.0,0.0,0.0,18824.0,5.0,51900.0,17373.0,5.0,51913.0
34.235464065001,0.0,0.0,0.0,0.0,0.0,0.0,0.0,0.0,0.0,0.0,0.0,0.0,0.0,18825.0,5.0,51920.0,17374.0,5.0,51933.0
34.661886303001666,0.0,0.0,0.0,0.0,0.0,0.0,0.0,0.0,0.0,0.0,0.0,0.0,0.0,18826.0,5.0,51940.0,17375.0,5.0,51953.0
34.662061902999994,0.0,0.0,0.0,0.0,0.0,0.0,0.0,0.0,0.0,0.0,0.0,0.0,0.0,18827.0,5.0,51960.0,17376.0,5.0,51963.0
34.66214479500195,0.0,0.0,0.0,0.0,0.0,0.0,0.0,0.0,0.0,0.0,0.0,0.0,0.0,18828.0,5.0,51980.0,17377.0,5.0,51994.0
34.6622138130042,0.0,0.0,0.0,0.0,0.0,0.0,0.0,0.0,0.0,0.0,0.0,0.0,0.0,18829.0,5.0,52000.0,17378.0,5.0,52001.0
34.66227969600004,0.0,0.0,0.0,0.0,0.0,0.0,0.0,0.0,0.0,0.0,0.0,0.0,0.0,18830.0,5.0,52020.0,17379.0,5.0,52033.0
34.66234124099719,0.0,0.0,0.0,0.0,0.0,0.0,0.0,0.0,0.0,0.0,0.0,0.0,0.0,18831.0,5.0,52040.0,17380.0,5.0,52053.0
34.66240254600416,0.0,0.0,0.0,0.0,0.0,0.0,0.0,0.0,0.0,0.0,0.0,0.0,0.0,18832.0,5.0,52060.0,17381.0,5.0,52063.0
34.662466194000444,0.0,0.0,0.0,0.0,0.0,0.0,0.0,0.0,0.0,0.0,0.0,0.0,0.0,18833.0,5.0,52080.0,17382.0,5.0,52093.0
34.66252784000244,0.0,0.0,0.0,0.0,0.0,0.0,0.0,0.0,0.0,0.0,0.0,0.0,0.0,18834.0,5.0,52100.0,17383.0,5.0,52113.0
34.66258650999225,0.0,0.0,0.0,0.0,0.0,0.0,0.0,0.0,0.0,0.0,0.0,0.0,0.0,18835.0,5.0,52120.0,17384.0,5.0,52133.0
34.66265102000034,0.0,0.0,0.0,0.0,0.0,0.0,0.0,0.0,0.0,0.0,0.0,0.0,0.0,18837.0,5.0,52160.0,17385.0,5.0,52171.0
34.66272243199637,0.0,0.0,0.0,0.0,0.0,0.0,0.0,0.0,0.0,0.0,0.0,0.0,0.0,18838.0,5.0,52180.0,17386.0,5.0,52182.0
34.66278343700105,0.0,0.0,0.0,0.0,0.0,0.0,0.0,0.0,0.0,0.0,0.0,0.0,0.0,18839.0,5.0,52200.0,17387.0,5.0,52213.0
34.66284001400345,0.0,0.0,0.0,0.0,0.0,0.0,0.0,0.0,0.0,0.0,0.0,0.0,0.0,18840.0,5.0,52220.0,17388.0,5.0,52233.0
34.66290145899984,0.0,0.0,0.0,0.0,0.0,0.0,0.0,0.0,0.0,0.0,0.0,0.0,0.0,18841.0,5.0,52240.0,17389.0,5.0,52253.0
34.662959398003295,0.0,0.0,0.0,0.0,0.0,0.0,0.0,0.0,0.0,0.0,0.0,0.0,0.0,18842.0,5.0,52260.0,17390.0,5.0,52273.0
34.66301855900383,0.0,0.0,0.0,0.0,0.0,0.0,0.0,0.0,0.0,0.0,0.0,0.0,0.0,18843.0,5.0,52280.0,17391.0,5.0,52284.0
34.66307697899174,0.0,0.0,0.0,0.0,0.0,0.0,0.0,0.0,0.0,0.0,0.0,0.0,0.0,18844.0,5.0,52300.0,17392.0,5.0,52303.0
34.66331313199771,0.0,0.0,0.0,0.0,0.0,0.0,0.0,0.0,0.0,0.0,0.0,0.0,0.0,18845.0,5.0,52320.0,17393.0,5.0,52333.0
34.663399450000725,0.0,0.0,0.0,0.0,0.0,0.0,0.0,0.0,0.0,0.0,0.0,0.0,0.0,18846.0,5.0,52340.0,17394.0,5.0,52353.0
34.67529659099819,0.0,0.0,0.0,0.0,0.0,0.0,0.0,0.0,0.0,0.0,0.0,0.0,0.0,18847.0,5.0,52360.0,17395.0,5.0,52372.0
34.6838955419953,0.0,0.0,0.0,0.0,0.0,0.0,0.0,0.0,0.0,0.0,0.0,0.0,0.0,18848.0,5.0,52380.0,17396.0,5.0,52383.0
34.71630163099326,0.0,0.0,0.0,0.0,0.0,0.0,0.0,0.0,0.0,0.0,0.0,0.0,0.0,18849.0,5.0,52400.0,17397.0,5.0,52413.0
34.73472940600186,0.0,0.0,0.0,0.0,0.0,0.0,0.0,0.0,0.0,0.0,0.0,0.0,0.0,18850.0,5.0,52420.0,17398.0,5.0,52433.0
34.75450770999305,0.0,0.0,0.0,0.0,0.0,0.0,0.0,0.0,0.0,0.0,0.0,0.0,0.0,18851.0,5.0,52440.0,17399.0,5.0,52453.0
35.1731794619991,0.0,0.0,0.0,0.0,0.0,0.0,0.0,0.0,0.0,0.0,0.0,0.0,0.0,18862.0,5.0,52660.0,17410.0,5.0,52673.0
35.17336847499246,0.0,0.0,0.0,0.0,0.0,0.0,0.0,0.0,0.0,0.0,0.0,0.0,0.0,18863.0,5.0,52680.0,17411.0,5.0,52683.0
35.17343743299716,0.0,0.0,0.0,0.0,0.0,0.0,0.0,0.0,0.0,0.0,0.0,0.0,0.0,18864.0,5.0,52700.0,17412.0,5.0,52713.0
35.17349914800434,0.0,0.0,0.0,0.0,0.0,0.0,0.0,0.0,0.0,0.0,0.0,0.0,0.0,18865.0,5.0,52720.0,17413.0,5.0,52733.0
35.173556376001216,0.0,0.0,0.0,0.0,0.0,0.0,0.0,0.0,0.0,0.0,0.0,0.0,0.0,18866.0,5.0,52740.0,17414.0,5.0,52753.0
35.17361157099367,0.0,0.0,0.0,0.0,0.0,0.0,0.0,0.0,0.0,0.0,0.0,0.0,0.0,18867.0,5.0,52760.0,17415.0,5.0,52773.0
35.17367460799869,0.0,0.0,0.0,0.0,0.0,0.0,0.0,0.0,0.0,0.0,0.0,0.0,0.0,18868.0,5.0,52780.0,17416.0,5.0,52783.0
35.17372915199667,0.0,0.0,0.0,0.0,0.0,0.0,0.0,0.0,0.0,0.0,0.0,0.0,0.0,18869.0,5.0,52800.0,17417.0,5.0,52813.0
35.1737823930016,0.0,0.0,0.0,0.0,0.0,0.0,0.0,0.0,0.0,0.0,0.0,0.0,0.0,18870.0,5.0,52820.0,17418.0,5.0,52833.0
35.17384331699577,0.0,0.0,0.0,0.0,0.0,0.0,0.0,0.0,0.0,0.0,0.0,0.0,0.0,18871.0,5.0,52840.0,17419.0,5.0,52853.0
35.17634786000417,0.0,0.0,0.0,0.0,0.0,0.0,0.0,0.0,0.0,0.0,0.0,0.0,0.0,18872.0,5.0,52860.0,17420.0,5.0,52872.0
35.18601946000126,0.0,0.0,0.0,0.0,0.0,0.0,0.0,0.0,0.0,0.0,0.0,0.0,0.0,18873.0,5.0,52880.0,17421.0,5.0,52882.0
35.21614495899121,0.0,0.0,0.0,0.0,0.0,0.0,0.0,0.0,0.0,0.0,0.0,0.0,0.0,18874.0,5.0,52900.0,17422.0,5.0,52913.0
35.238824113999726,0.0,0.0,0.0,0.0,0.0,0.0,0.0,0.0,0.0,0.0,0.0,0.0,0.0,18875.0,5.0,52920.0,17423.0,5.0,52928.0
35.25591876800172,0.0,0.0,0.0,0.0,0.0,0.0,0.0,0.0,0.0,0.0,0.0,0.0,0.0,18876.0,5.0,52940.0,17424.0,5.0,52953.0
35.279187562002335,0.0,0.0,0.0,0.0,0.0,0.0,0.0,0.0,0.0,0.0,0.0,0.0,0.0,18877.0,5.0,52960.0,17425.0,5.0,52973.0
35.28412447399751,0.0,0.0,0.0,0.0,0.0,0.0,0.0,0.0,0.0,0.0,0.0,0.0,0.0,18878.0,5.0,52980.0,17426.0,5.0,52983.0
35.315955008991295,0.0,0.0,0.0,0.0,0.0,0.0,0.0,0.0,0.0,0.0,0.0,0.0,0.0,18879.0,5.0,53000.0,17427.0,5.0,53013.0
35.34140263899462,0.0,0.0,0.0,0.0,0.0,0.0,0.0,0.0,0.0,0.0,0.0,0.0,0.0,18880.0,5.0,53020.0,17428.0,5.0,53032.0
35.35503322900331,0.0,0.0,0.0,0.0,0.0,0.0,0.0,0.0,0.0,0.0,0.0,0.0,0.0,18881.0,5.0,53040.0,17429.0,5.0,53053.0
35.374963802998536,0.0,0.0,0.0,0.0,0.0,0.0,0.0,0.0,0.0,0.0,0.0,0.0,0.0,18882.0,5.0,53060.0,17430.0,5.0,53073.0
35.383336601997144,0.0,0.0,0.0,0.0,0.0,0.0,0.0,0.0,0.0,0.0,0.0,0.0,0.0,18883.0,5.0,53081.0,17431.0,5.0,53082.0
35.41317053299281,0.0,0.0,0.0,0.0,0.0,0.0,0.0,0.0,0.0,0.0,0.0,0.0,0.0,18884.0,5.0,53100.0,17432.0,5.0,53112.0
35.54815669899108,0.0,0.0,0.0,0.0,0.0,0.0,0.0,0.0,0.0,0.0,0.0,0.0,0.0,18885.0,5.0,53120.0,17433.0,5.0,53132.0
35.54865164599323,0.0,0.0,0.0,0.0,0.0,0.0,0.0,0.0,0.0,0.0,0.0,0.0,0.0,18886.0,5.0,53140.0,17434.0,5.0,53153.0
35.54891109999153,0.0,0.0,0.0,0.0,0.0,0.0,0.0,0.0,0.0,0.0,0.0,0.0,0.0,18887.0,5.0,53160.0,17435.0,5.0,53173.0
35.548977091995766,0.0,0.0,0.0,0.0,0.0,0.0,0.0,0.0,0.0,0.0,0.0,0.0,0.0,18888.0,5.0,53180.0,17436.0,5.0,53183.0
35.549031835995265,0.0,0.0,0.0,0.0,0.0,0.0,0.0,0.0,0.0,0.0,0.0,0.0,0.0,18889.0,5.0,53200.0,17437.0,5.0,53213.0
35.549090596992755,0.0,0.0,0.0,0.0,0.0,0.0,0.0,0.0,0.0,0.0,0.0,0.0,0.0,18890.0,5.0,53220.0,17438.0,5.0,53233.0
35.55596500300453,0.0,0.0,0.0,0.0,0.0,0.0,0.0,0.0,0.0,0.0,0.0,0.0,0.0,18891.0,5.0,53240.0,17439.0,5.0,53253.0
35.582827972990344,0.0,0.0,0.0,0.0,0.0,0.0,0.0,0.0,0.0,0.0,0.0,0.0,0.0,18892.0,5.0,53260.0,17440.0,5.0,53273.0
35.58616745399195,0.0,0.0,0.0,0.0,0.0,0.0,0.0,0.0,0.0,0.0,0.0,0.0,0.0,18893.0,5.0,53280.0,17441.0,5.0,53284.0
35.61676787499164,0.0,0.0,0.0,0.0,0.0,0.0,0.0,0.0,0.0,0.0,0.0,0.0,0.0,18894.0,5.0,53300.0,17442.0,5.0,53303.0
35.64584209599707,0.0,0.0,0.0,0.0,0.0,0.0,0.0,0.0,0.0,0.0,0.0,0.0,0.0,18895.0,5.0,53320.0,17443.0,5.0,53333.0
35.77139751300274,0.0,0.0,0.0,0.0,0.0,0.0,0.0,0.0,0.0,0.0,0.0,0.0,0.0,18896.0,5.0,53340.0,17444.0,5.0,53353.0
35.771538453991525,0.0,0.0,0.0,0.0,0.0,0.0,0.0,0.0,0.0,0.0,0.0,0.0,0.0,18897.0,5.0,53360.0,17445.0,5.0,53373.0
35.771610347001115,0.0,0.0,0.0,0.0,0.0,0.0,0.0,0.0,0.0,0.0,0.0,0.0,0.0,18898.0,5.0,53380.0,17446.0,5.0,53384.0
35.77167908499541,0.0,0.0,0.0,0.0,0.0,0.0,0.0,0.0,0.0,0.0,0.0,0.0,0.0,18899.0,5.0,53400.0,17447.0,5.0,53403.0
35.77173636299267,0.0,0.0,0.0,0.0,0.0,0.0,0.0,0.0,0.0,0.0,0.0,0.0,0.0,18900.0,5.0,53420.0,17448.0,5.0,53433.0
35.77179081599752,0.0,0.0,0.0,0.0,0.0,0.0,0.0,0.0,0.0,0.0,0.0,0.0,0.0,18901.0,5.0,53440.0,17449.0,5.0,53453.0
35.774089387996355,0.0,0.0,0.0,0.0,0.0,0.0,0.0,0.0,0.0,0.0,0.0,0.0,0.0,18902.0,5.0,53460.0,17450.0,5.0,53473.0
35.78618888500205,0.0,0.0,0.0,0.0,0.0,0.0,0.0,0.0,0.0,0.0,0.0,0.0,0.0,18903.0,5.0,53480.0,17451.0,5.0,53483.0
35.81547638399934,0.0,0.0,0.0,0.0,0.0,0.0,0.0,0.0,0.0,0.0,0.0,0.0,0.0,18904.0,5.0,53500.0,17452.0,5.0,53513.0
35.85726453700045,0.0,0.0,0.0,0.0,0.0,0.0,0.0,0.0,0.0,0.0,0.0,0.0,0.0,18905.0,5.0,53520.0,17453.0,5.0,53533.0
35.86429372099519,0.0,0.0,0.0,0.0,0.0,0.0,0.0,0.0,0.0,0.0,0.0,0.0,0.0,18906.0,5.0,53540.0,17454.0,5.0,53553.0
35.97099152699229,0.0,0.0,0.0,0.0,0.0,0.0,0.0,0.0,0.0,0.0,0.0,0.0,0.0,18907.0,5.0,53560.0,17455.0,5.0,53573.0
35.97136933299771,0.0,0.0,0.0,0.0,0.0,0.0,0.0,0.0,0.0,0.0,0.0,0.0,0.0,18908.0,5.0,53580.0,17456.0,5.0,53583.0
35.971626753991586,0.0,0.0,0.0,0.0,0.0,0.0,0.0,0.0,0.0,0.0,0.0,0.0,0.0,18909.0,5.0,53600.0,17457.0,5.0,53613.0
35.97185517399339,0.0,0.0,0.0,0.0,0.0,0.0,0.0,0.0,0.0,0.0,0.0,0.0,0.0,18910.0,5.0,53620.0,17458.0,5.0,53633.0
35.97195884199755,0.0,0.0,0.0,0.0,0.0,0.0,0.0,0.0,0.0,0.0,0.0,0.0,0.0,18911.0,5.0,53640.0,17459.0,5.0,53653.0
35.98134944499179,0.0,0.0,0.0,0.0,0.0,0.0,0.0,0.0,0.0,0.0,0.0,0.0,0.0,18912.0,5.0,53660.0,17460.0,5.0,53673.0
35.984937813991564,0.0,0.0,0.0,0.0,0.0,0.0,0.0,0.0,0.0,0.0,0.0,0.0,0.0,18913.0,5.0,53680.0,17461.0,5.0,53683.0
36.01467637399037,0.0,0.0,0.0,0.0,0.0,0.0,0.0,0.0,0.0,0.0,0.0,0.0,0.0,18914.0,5.0,53700.0,17462.0,5.0,53713.0
36.03681135800434,0.0,0.0,0.0,0.0,0.0,0.0,0.0,0.0,0.0,0.0,0.0,0.0,0.0,18915.0,5.0,53720.0,17463.0,5.0,53733.0
36.055348046997096,0.0,0.0,0.0,0.0,0.0,0.0,0.0,0.0,0.0,0.0,0.0,0.0,0.0,18916.0,5.0,53740.0,17464.0,5.0,53753.0
36.074604766996345,0.0,0.0,0.0,0.0,0.0,0.0,0.0,0.0,0.0,0.0,0.0,0.0,0.0,18917.0,5.0,53760.0,17465.0,5.0,53773.0
36.08513994899113,0.0,0.0,0.0,0.0,0.0,0.0,0.0,0.0,0.0,0.0,0.0,0.0,0.0,18918.0,5.0,53780.0,17466.0,5.0,53783.0
36.199525504998746,0.0,0.0,0.0,0.0,0.0,0.0,0.0,0.0,0.0,0.0,0.0,0.0,0.0,18919.0,5.0,53800.0,17467.0,5.0,53812.0
36.19963937999273,0.0,0.0,0.0,0.0,0.0,0.0,0.0,0.0,0.0,0.0,0.0,0.0,0.0,18920.0,5.0,53820.0,17468.0,5.0,53833.0
36.19972177100135,0.0,0.0,0.0,0.0,0.0,0.0,0.0,0.0,0.0,0.0,0.0,0.0,0.0,18921.0,5.0,53840.0,17469.0,5.0,53853.0
36.19978368699958,0.0,0.0,0.0,0.0,0.0,0.0,0.0,0.0,0.0,0.0,0.0,0.0,0.0,18922.0,5.0,53860.0,17470.0,5.0,53873.0
36.199838781001745,0.0,0.0,0.0,0.0,0.0,0.0,0.0,0.0,0.0,0.0,0.0,0.0,0.0,18923.0,5.0,53880.0,17471.0,5.0,53883.0
36.21556358000089,0.0,0.0,0.0,0.0,0.0,0.0,0.0,0.0,0.0,0.0,0.0,0.0,0.0,18924.0,5.0,53900.0,17472.0,5.0,53913.0
36.2510626650037,0.0,0.0,0.0,0.0,0.0,0.0,0.0,0.0,0.0,0.0,0.0,0.0,0.0,18925.0,5.0,53920.0,17473.0,5.0,53933.0
36.25462667099782,0.0,0.0,0.0,0.0,0.0,0.0,0.0,0.0,0.0,0.0,0.0,0.0,0.0,18926.0,5.0,53940.0,17474.0,5.0,53952.0
36.27402723800333,0.0,0.0,0.0,0.0,0.0,0.0,0.0,0.0,0.0,0.0,0.0,0.0,0.0,18927.0,5.0,53960.0,17475.0,5.0,53973.0
36.284079061995726,0.0,0.0,0.0,0.0,0.0,0.0,0.0,0.0,0.0,0.0,0.0,0.0,0.0,18928.0,5.0,53980.0,17476.0,5.0,53983.0
36.41991989999951,0.0,0.0,0.0,0.0,0.0,0.0,0.0,0.0,0.0,0.0,0.0,0.0,0.0,18929.0,5.0,54000.0,17477.0,5.0,54013.0
36.42003974500403,0.0,0.0,0.0,0.0,0.0,0.0,0.0,0.0,0.0,0.0,0.0,0.0,0.0,18930.0,5.0,54020.0,17478.0,5.0,54033.0
36.42010786199535,0.0,0.0,0.0,0.0,0.0,0.0,0.0,0.0,0.0,0.0,0.0,0.0,0.0,18931.0,5.0,54040.0,17479.0,5.0,54052.0
36.42017375500291,0.0,0.0,0.0,0.0,0.0,0.0,0.0,0.0,0.0,0.0,0.0,0.0,0.0,18932.0,5.0,54060.0,17480.0,5.0,54073.0
36.42023193399655,0.0,0.0,0.0,0.0,0.0,0.0,0.0,0.0,0.0,0.0,0.0,0.0,0.0,18933.0,5.0,54080.0,17481.0,5.0,54083.0
36.420288740991964,0.0,0.0,0.0,0.0,0.0,0.0,0.0,0.0,0.0,0.0,0.0,0.0,0.0,18934.0,5.0,54100.0,17482.0,5.0,54113.0
36.4357605969999,0.0,0.0,0.0,0.0,0.0,0.0,0.0,0.0,0.0,0.0,0.0,0.0,0.0,18935.0,5.0,54120.0,17483.0,5.0,54133.0
36.457883590992424,0.0,0.0,0.0,0.0,0.0,0.0,0.0,0.0,0.0,0.0,0.0,0.0,0.0,18936.0,5.0,54140.0,17484.0,5.0,54153.0
36.48315020199516,0.0,0.0,0.0,0.0,0.0,0.0,0.0,0.0,0.0,0.0,0.0,0.0,0.0,18937.0,5.0,54160.0,17485.0,5.0,54173.0
36.4849111539952,0.0,0.0,0.0,0.0,0.0,0.0,0.0,0.0,0.0,0.0,0.0,0.0,0.0,18938.0,5.0,54180.0,17486.0,5.0,54183.0
36.51413793899701,0.0,0.0,0.0,0.0,0.0,0.0,0.0,0.0,0.0,0.0,0.0,0.0,0.0,18939.0,5.0,54200.0,17487.0,5.0,54212.0
36.55143193399999,0.0,0.0,0.0,0.0,0.0,0.0,0.0,0.0,0.0,0.0,0.0,0.0,0.0,18940.0,5.0,54220.0,17488.0,5.0,54233.0
36.572652943999856,0.0,0.0,0.0,0.0,0.0,0.0,0.0,0.0,0.0,0.0,0.0,0.0,0.0,18941.0,5.0,54240.0,17489.0,5.0,54253.0
36.644095273004496,0.0,0.0,0.0,0.0,0.0,0.0,0.0,0.0,0.0,0.0,0.0,0.0,0.0,18942.0,5.0,54260.0,17490.0,5.0,54273.0
36.64422862099309,0.0,0.0,0.0,0.0,0.0,0.0,0.0,0.0,0.0,0.0,0.0,0.0,0.0,18943.0,5.0,54280.0,17491.0,5.0,54283.0
36.6443022369931,0.0,0.0,0.0,0.0,0.0,0.0,0.0,0.0,0.0,0.0,0.0,0.0,0.0,18944.0,5.0,54300.0,17492.0,5.0,54313.0
36.64436345199647,0.0,0.0,0.0,0.0,0.0,0.0,0.0,0.0,0.0,0.0,0.0,0.0,0.0,18945.0,5.0,54320.0,17493.0,5.0,54333.0
36.662781598002766,0.0,0.0,0.0,0.0,0.0,0.0,0.0,0.0,0.0,0.0,0.0,0.0,0.0,18946.0,5.0,54340.0,17494.0,5.0,54353.0
36.673994127995684,0.0,0.0,0.0,0.0,0.0,0.0,0.0,0.0,0.0,0.0,0.0,0.0,0.0,18947.0,5.0,54360.0,17495.0,5.0,54373.0
36.68493765799212,0.0,0.0,0.0,0.0,0.0,0.0,0.0,0.0,0.0,0.0,0.0,0.0,0.0,18948.0,5.0,54380.0,17496.0,5.0,54383.0
36.71645068799262,0.0,0.0,0.0,0.0,0.0,0.0,0.0,0.0,0.0,0.0,0.0,0.0,0.0,18949.0,5.0,54400.0,17497.0,5.0,54413.0
36.73572061899176,0.0,0.0,0.0,0.0,0.0,0.0,0.0,0.0,0.0,0.0,0.0,0.0,0.0,18950.0,5.0,54420.0,17498.0,5.0,54433.0
36.833484827002394,0.0,0.0,0.0,0.0,0.0,0.0,0.0,0.0,0.0,0.0,0.0,0.0,0.0,18951.0,5.0,54440.0,17499.0,5.0,54453.0
36.83387007599231,0.0,0.0,0.0,0.0,0.0,0.0,0.0,0.0,0.0,0.0,0.0,0.0,0.0,18952.0,5.0,54460.0,17500.0,5.0,54473.0
36.83412851799221,0.0,0.0,0.0,0.0,0.0,0.0,0.0,0.0,0.0,0.0,0.0,0.0,0.0,18953.0,5.0,54480.0,17501.0,5.0,54483.0
36.834233478002716,0.0,0.0,0.0,0.0,0.0,0.0,0.0,0.0,0.0,0.0,0.0,0.0,0.0,18954.0,5.0,54500.0,17502.0,5.0,54513.0
36.86055066699919,0.0,0.0,0.0,0.0,0.0,0.0,0.0,0.0,0.0,0.0,0.0,0.0,0.0,18955.0,5.0,54520.0,17503.0,5.0,54533.0
36.86065190999943,0.0,0.0,0.0,0.0,0.0,0.0,0.0,0.0,0.0,0.0,0.0,0.0,0.0,18956.0,5.0,54540.0,17504.0,5.0,54552.0
36.87568307899346,0.0,0.0,0.0,0.0,0.0,0.0,0.0,0.0,0.0,0.0,0.0,0.0,0.0,18957.0,5.0,54560.0,17505.0,5.0,54573.0
36.88565850700252,0.0,0.0,0.0,0.0,0.0,0.0,0.0,0.0,0.0,0.0,0.0,0.0,0.0,18958.0,5.0,54580.0,17506.0,5.0,54583.0
36.91605897300178,0.0,0.0,0.0,0.0,0.0,0.0,0.0,0.0,0.0,0.0,0.0,0.0,0.0,18959.0,5.0,54600.0,17507.0,5.0,54613.0
36.934359075996326,0.0,0.0,0.0,0.0,0.0,0.0,0.0,0.0,0.0,0.0,0.0,0.0,0.0,18960.0,5.0,54620.0,17508.0,5.0,54633.0
36.95598980599607,0.0,0.0,0.0,0.0,0.0,0.0,0.0,0.0,0.0,0.0,0.0,0.0,0.0,18961.0,5.0,54640.0,17509.0,5.0,54653.0
37.080516414993326,0.0,0.0,0.0,0.0,0.0,0.0,0.0,0.0,0.0,0.0,0.0,0.0,0.0,18962.0,5.0,54660.0,17510.0,5.0,54673.0
37.080810168001335,0.0,0.0,0.0,0.0,0.0,0.0,0.0,0.0,0.0,0.0,0.0,0.0,0.0,18963.0,5.0,54680.0,17511.0,5.0,54683.0
37.08107142499648,0.0,0.0,0.0,0.0,0.0,0.0,0.0,0.0,0.0,0.0,0.0,0.0,0.0,18964.0,5.0,54700.0,17512.0,5.0,54712.0
37.08129972500319,0.0,0.0,0.0,0.0,0.0,0.0,0.0,0.0,0.0,0.0,0.0,0.0,0.0,18965.0,5.0,54720.0,17513.0,5.0,54733.0
37.081520813997486,0.0,0.0,0.0,0.0,0.0,0.0,0.0,0.0,0.0,0.0,0.0,0.0,0.0,18966.0,5.0,54740.0,17514.0,5.0,54753.0
37.08167789199797,0.0,0.0,0.0,0.0,0.0,0.0,0.0,0.0,0.0,0.0,0.0,0.0,0.0,18967.0,5.0,54760.0,17515.0,5.0,54773.0
37.084815049995086,0.0,0.0,0.0,0.0,0.0,0.0,0.0,0.0,0.0,0.0,0.0,0.0,0.0,18968.0,5.0,54780.0,17516.0,5.0,54783.0
37.11615084699588,0.0,0.0,0.0,0.0,0.0,0.0,0.0,0.0,0.0,0.0,0.0,0.0,0.0,18969.0,5.0,54800.0,17517.0,5.0,54813.0
37.13418289000401,0.0,0.0,0.0,0.0,0.0,0.0,0.0,0.0,0.0,0.0,0.0,0.0,0.0,18970.0,5.0,54820.0,17518.0,5.0,54833.0
37.16368996800156,0.0,0.0,0.0,0.0,0.0,0.0,0.0,0.0,0.0,0.0,0.0,0.0,0.0,18971.0,5.0,54840.0,17519.0,5.0,54852.0
37.18242068600375,0.0,0.0,0.0,0.0,0.0,0.0,0.0,0.0,0.0,0.0,0.0,0.0,0.0,18972.0,5.0,54860.0,17520.0,5.0,54873.0
37.18429290999484,0.0,0.0,0.0,0.0,0.0,0.0,0.0,0.0,0.0,0.0,0.0,0.0,0.0,18973.0,5.0,54880.0,17521.0,5.0,54882.0
37.301900279999245,0.0,0.0,0.0,0.0,0.0,0.0,0.0,0.0,0.0,0.0,0.0,0.0,0.0,18974.0,5.0,54900.0,17522.0,5.0,54913.0
37.31250880099833,0.0,0.0,0.0,0.0,0.0,0.0,0.0,0.0,0.0,0.0,0.0,0.0,0.0,18979.0,5.0,55000.0,17523.0,5.0,55011.0
37.33404111399432,0.0,0.0,0.0,0.0,0.0,0.0,0.0,0.0,0.0,0.0,0.0,0.0,0.0,18980.0,5.0,55020.0,17524.0,5.0,55033.0
37.35413200999028,0.0,0.0,0.0,0.0,0.0,0.0,0.0,0.0,0.0,0.0,0.0,0.0,0.0,18981.0,5.0,55040.0,17525.0,5.0,55053.0
37.371492794991354,0.0,0.0,0.0,0.0,0.0,0.0,0.0,0.0,0.0,0.0,0.0,0.0,0.0,18982.0,5.0,55060.0,17526.0,5.0,55063.0
37.39520352499676,0.0,0.0,0.0,0.0,0.0,0.0,0.0,0.0,0.0,0.0,0.0,0.0,0.0,18983.0,5.0,55080.0,17527.0,5.0,55093.0
37.51528028899338,0.0,0.0,0.0,0.0,0.0,0.0,0.0,0.0,0.0,0.0,0.0,0.0,0.0,18984.0,5.0,55100.0,17528.0,5.0,55113.0
37.51538644099492,0.0,0.0,0.0,0.0,0.0,0.0,0.0,0.0,0.0,0.0,0.0,0.0,0.0,18985.0,5.0,55120.0,17529.0,5.0,55133.0
37.51564460300142,0.0,0.0,0.0,0.0,0.0,0.0,0.0,0.0,0.0,0.0,0.0,0.0,0.0,18986.0,5.0,55140.0,17530.0,5.0,55153.0
37.515877040990745,0.0,0.0,0.0,0.0,0.0,0.0,0.0,0.0,0.0,0.0,0.0,0.0,0.0,18987.0,5.0,55160.0,17531.0,5.0,55163.0
37.51608734000183,0.0,0.0,0.0,0.0,0.0,0.0,0.0,0.0,0.0,0.0,0.0,0.0,0.0,18988.0,5.0,55180.0,17532.0,5.0,55193.0
37.51629645799403,0.0,0.0,0.0,0.0,0.0,0.0,0.0,0.0,0.0,0.0,0.0,0.0,0.0,18989.0,5.0,55200.0,17533.0,5.0,55213.0
37.534883961998275,0.0,0.0,0.0,0.0,0.0,0.0,0.0,0.0,0.0,0.0,0.0,0.0,0.0,18990.0,5.0,55220.0,17534.0,5.0,55233.0
37.55438196400064,0.0,0.0,0.0,0.0,0.0,0.0,0.0,0.0,0.0,0.0,0.0,0.0,0.0,18991.0,5.0,55240.0,17535.0,5.0,55253.0
37.568337952994625,0.0,0.0,0.0,0.0,0.0,0.0,0.0,0.0,0.0,0.0,0.0,0.0,0.0,18992.0,5.0,55260.0,17536.0,5.0,55263.0
37.59460564800247,0.0,0.0,0.0,0.0,0.0,0.0,0.0,0.0,0.0,0.0,0.0,0.0,0.0,18993.0,5.0,55280.0,17537.0,5.0,55293.0
37.61400040300214,0.0,0.0,0.0,0.0,0.0,0.0,0.0,0.0,0.0,0.0,0.0,0.0,0.0,18994.0,5.0,55300.0,17538.0,5.0,55313.0
37.739433996990556,0.0,0.0,0.0,0.0,0.0,0.0,0.0,0.0,0.0,0.0,0.0,0.0,0.0,18995.0,5.0,55320.0,17539.0,5.0,55333.0
37.73955519500305,0.0,0.0,0.0,0.0,0.0,0.0,0.0,0.0,0.0,0.0,0.0,0.0,0.0,18996.0,5.0,55340.0,17540.0,5.0,55353.0
37.73963218599965,0.0,0.0,0.0,0.0,0.0,0.0,0.0,0.0,0.0,0.0,0.0,0.0,0.0,18997.0,5.0,55360.0,17541.0,5.0,55363.0
37.739694313000655,0.0,0.0,0.0,0.0,0.0,0.0,0.0,0.0,0.0,0.0,0.0,0.0,0.0,18998.0,5.0,55380.0,17542.0,5.0,55393.0
37.73975680000149,0.0,0.0,0.0,0.0,0.0,0.0,0.0,0.0,0.0,0.0,0.0,0.0,0.0,18999.0,5.0,55400.0,17543.0,5.0,55413.0
37.73981363700295,0.0,0.0,0.0,0.0,0.0,0.0,0.0,0.0,0.0,0.0,0.0,0.0,0.0,19000.0,5.0,55420.0,17544.0,5.0,55433.0
37.75398934799887,0.0,0.0,0.0,0.0,0.0,0.0,0.0,0.0,0.0,0.0,0.0,0.0,0.0,19001.0,5.0,55440.0,17545.0,5.0,55453.0
37.766969032993075,0.0,0.0,0.0,0.0,0.0,0.0,0.0,0.0,0.0,0.0,0.0,0.0,0.0,19002.0,5.0,55460.0,17546.0,5.0,55464.0
37.795565934997285,0.0,0.0,0.0,0.0,0.0,0.0,0.0,0.0,0.0,0.0,0.0,0.0,0.0,19003.0,5.0,55480.0,17547.0,5.0,55494.0
37.804053220999776,0.0,0.0,0.0,0.0,0.0,0.0,0.0,0.0,0.0,0.0,0.0,0.0,0.0,19004.0,5.0,55500.0,17548.0,5.0,55502.0
37.8340295139933,0.0,0.0,0.0,0.0,0.0,0.0,0.0,0.0,0.0,0.0,0.0,0.0,0.0,19005.0,5.0,55520.0,17549.0,5.0,55533.0
37.96020321699325,0.0,0.0,0.0,0.0,0.0,0.0,0.0,0.0,0.0,0.0,0.0,0.0,0.0,19006.0,5.0,55540.0,17550.0,5.0,55553.0
37.960658536001574,0.0,0.0,0.0,0.0,0.0,0.0,0.0,0.0,0.0,0.0,0.0,0.0,0.0,19007.0,5.0,55560.0,17551.0,5.0,55563.0
37.96092441100336,0.0,0.0,0.0,0.0,0.0,0.0,0.0,0.0,0.0,0.0,0.0,0.0,0.0,19008.0,5.0,55580.0,17552.0,5.0,55593.0
37.96114477800438,0.0,0.0,0.0,0.0,0.0,0.0,0.0,0.0,0.0,0.0,0.0,0.0,0.0,19009.0,5.0,55600.0,17553.0,5.0,55613.0
37.961356940999394,0.0,0.0,0.0,0.0,0.0,0.0,0.0,0.0,0.0,0.0,0.0,0.0,0.0,19010.0,5.0,55620.0,17554.0,5.0,55633.0
37.96142101100122,0.0,0.0,0.0,0.0,0.0,0.0,0.0,0.0,0.0,0.0,0.0,0.0,0.0,19011.0,5.0,55640.0,17555.0,5.0,55653.0
37.96399861200189,0.0,0.0,0.0,0.0,0.0,0.0,0.0,0.0,0.0,0.0,0.0,0.0,0.0,19012.0,5.0,55660.0,17556.0,5.0,55663.0
37.99852726700192,0.0,0.0,0.0,0.0,0.0,0.0,0.0,0.0,0.0,0.0,0.0,0.0,0.0,19013.0,5.0,55680.0,17557.0,5.0,55693.0
38.01395550199959,0.0,0.0,0.0,0.0,0.0,0.0,0.0,0.0,0.0,0.0,0.0,0.0,0.0,19014.0,5.0,55700.0,17558.0,5.0,55713.0
38.037441608001245,0.0,0.0,0.0,0.0,0.0,0.0,0.0,0.0,0.0,0.0,0.0,0.0,0.0,19015.0,5.0,55720.0,17559.0,5.0,55733.0
38.05906744999811,0.0,0.0,0.0,0.0,0.0,0.0,0.0,0.0,0.0,0.0,0.0,0.0,0.0,19016.0,5.0,55740.0,17560.0,5.0,55753.0
38.06528594199335,0.0,0.0,0.0,0.0,0.0,0.0,0.0,0.0,0.0,0.0,0.0,0.0,0.0,19017.0,5.0,55760.0,17561.0,5.0,55763.0
38.17899490200216,0.0,0.0,0.0,0.0,0.0,0.0,0.0,0.0,0.0,0.0,0.0,0.0,0.0,19018.0,5.0,55780.0,17562.0,5.0,55793.0
38.179113655001856,0.0,0.0,0.0,0.0,0.0,0.0,0.0,0.0,0.0,0.0,0.0,0.0,0.0,19019.0,5.0,55800.0,17563.0,5.0,55813.0
38.17921047999698,0.0,0.0,0.0,0.0,0.0,0.0,0.0,0.0,0.0,0.0,0.0,0.0,0.0,19020.0,5.0,55820.0,17564.0,5.0,55833.0
38.179309881001245,0.0,0.0,0.0,0.0,0.0,0.0,0.0,0.0,0.0,0.0,0.0,0.0,0.0,19021.0,5.0,55840.0,17565.0,5.0,55853.0
38.179415831997176,0.0,0.0,0.0,0.0,0.0,0.0,0.0,0.0,0.0,0.0,0.0,0.0,0.0,19022.0,5.0,55860.0,17566.0,5.0,55863.0
38.1991252739972,0.0,0.0,0.0,0.0,0.0,0.0,0.0,0.0,0.0,0.0,0.0,0.0,0.0,19023.0,5.0,55880.0,17567.0,5.0,55893.0
38.214213988001575,0.0,0.0,0.0,0.0,0.0,0.0,0.0,0.0,0.0,0.0,0.0,0.0,0.0,19024.0,5.0,55900.0,17568.0,5.0,55913.0
38.23411719199794,0.0,0.0,0.0,0.0,0.0,0.0,0.0,0.0,0.0,0.0,0.0,0.0,0.0,19025.0,5.0,55920.0,17569.0,5.0,55933.0
38.25468412099872,0.0,0.0,0.0,0.0,0.0,0.0,0.0,0.0,0.0,0.0,0.0,0.0,0.0,19026.0,5.0,55940.0,17570.0,5.0,55953.0
38.265743398995255,0.0,0.0,0.0,0.0,0.0,0.0,0.0,0.0,0.0,0.0,0.0,0.0,0.0,19027.0,5.0,55960.0,17571.0,5.0,55963.0
38.40230388699274,0.0,0.0,0.0,0.0,0.0,0.0,0.0,0.0,0.0,0.0,0.0,0.0,0.0,19028.0,5.0,55980.0,17572.0,5.0,55994.0
38.402722664002795,0.0,0.0,0.0,0.0,0.0,0.0,0.0,0.0,0.0,0.0,0.0,0.0,0.0,19029.0,5.0,56000.0,17573.0,5.0,56002.0
38.40293463699345,0.0,0.0,0.0,0.0,0.0,0.0,0.0,0.0,0.0,0.0,0.0,0.0,0.0,19030.0,5.0,56020.0,17574.0,5.0,56033.0
38.40299866600253,0.0,0.0,0.0,0.0,0.0,0.0,0.0,0.0,0.0,0.0,0.0,0.0,0.0,19031.0,5.0,56040.0,17575.0,5.0,56053.0
38.40305855899351,0.0,0.0,0.0,0.0,0.0,0.0,0.0,0.0,0.0,0.0,0.0,0.0,0.0,19032.0,5.0,56060.0,17576.0,5.0,56063.0
38.40311833099986,0.0,0.0,0.0,0.0,0.0,0.0,0.0,0.0,0.0,0.0,0.0,0.0,0.0,19033.0,5.0,56080.0,17577.0,5.0,56093.0
38.41366283799289,0.0,0.0,0.0,0.0,0.0,0.0,0.0,0.0,0.0,0.0,0.0,0.0,0.0,19034.0,5.0,56100.0,17578.0,5.0,56113.0
38.43346030000248,0.0,0.0,0.0,0.0,0.0,0.0,0.0,0.0,0.0,0.0,0.0,0.0,0.0,19035.0,5.0,56120.0,17579.0,5.0,56133.0
38.45407476100081,0.0,0.0,0.0,0.0,0.0,0.0,0.0,0.0,0.0,0.0,0.0,0.0,0.0,19036.0,5.0,56140.0,17580.0,5.0,56153.0
38.465119614003925,0.0,0.0,0.0,0.0,0.0,0.0,0.0,0.0,0.0,0.0,0.0,0.0,0.0,19037.0,5.0,56160.0,17581.0,5.0,56163.0
38.49417519199778,0.0,0.0,0.0,0.0,0.0,0.0,0.0,0.0,0.0,0.0,0.0,0.0,0.0,19038.0,5.0,56180.0,17582.0,5.0,56193.0
38.567530207001255,0.0,0.0,0.0,0.0,0.0,0.0,0.0,0.0,0.0,0.0,0.0,0.0,0.0,19039.0,5.0,56200.0,17583.0,5.0,56213.0
38.56762597100169,0.0,0.0,0.0,0.0,0.0,0.0,0.0,0.0,0.0,0.0,0.0,0.0,0.0,19040.0,5.0,56220.0,17584.0,5.0,56233.0
38.56769730299129,0.0,0.0,0.0,0.0,0.0,0.0,0.0,0.0,0.0,0.0,0.0,0.0,0.0,19041.0,5.0,56240.0,17585.0,5.0,56253.0
38.56775743600156,0.0,0.0,0.0,0.0,0.0,0.0,0.0,0.0,0.0,0.0,0.0,0.0,0.0,19042.0,5.0,56260.0,17586.0,5.0,56263.0
38.6197302149958,0.0,0.0,0.0,0.0,0.0,0.0,0.0,0.0,0.0,0.0,0.0,0.0,0.0,19043.0,5.0,56280.0,17587.0,5.0,56293.0
38.62006567900244,0.0,0.0,0.0,0.0,0.0,0.0,0.0,0.0,0.0,0.0,0.0,0.0,0.0,19044.0,5.0,56300.0,17588.0,5.0,56313.0
38.63369389399304,0.0,0.0,0.0,0.0,0.0,0.0,0.0,0.0,0.0,0.0,0.0,0.0,0.0,19045.0,5.0,56320.0,17589.0,5.0,56333.0
38.65347301500151,0.0,0.0,0.0,0.0,0.0,0.0,0.0,0.0,0.0,0.0,0.0,0.0,0.0,19046.0,5.0,56340.0,17590.0,5.0,56353.0
38.66511776499101,0.0,0.0,0.0,0.0,0.0,0.0,0.0,0.0,0.0,0.0,0.0,0.0,0.0,19047.0,5.0,56360.0,17591.0,5.0,56363.0
38.69682576699415,0.0,0.0,0.0,0.0,0.0,0.0,0.0,0.0,0.0,0.0,0.0,0.0,0.0,19048.0,5.0,56380.0,17592.0,5.0,56393.0
38.7158743859909,0.0,0.0,0.0,0.0,0.0,0.0,0.0,0.0,0.0,0.0,0.0,0.0,0.0,19049.0,5.0,56400.0,17593.0,5.0,56413.0
38.842350460996386,0.0,0.0,0.0,0.0,0.0,0.0,0.0,0.0,0.0,0.0,0.0,0.0,0.0,19050.0,5.0,56420.0,17594.0,5.0,56433.0
38.84300146599708,0.0,0.0,0.0,0.0,0.0,0.0,0.0,0.0,0.0,0.0,0.0,0.0,0.0,19051.0,5.0,56440.0,17595.0,5.0,56452.0
38.843146633997094,0.0,0.0,0.0,0.0,0.0,0.0,0.0,0.0,0.0,0.0,0.0,0.0,0.0,19052.0,5.0,56461.0,17596.0,5.0,56462.0
38.8432125870022,0.0,0.0,0.0,0.0,0.0,0.0,0.0,0.0,0.0,0.0,0.0,0.0,0.0,19053.0,5.0,56480.0,17597.0,5.0,56494.0
38.84327077699709,0.0,0.0,0.0,0.0,0.0,0.0,0.0,0.0,0.0,0.0,0.0,0.0,0.0,19054.0,5.0,56500.0,17598.0,5.0,56502.0
38.843327013004455,0.0,0.0,0.0,0.0,0.0,0.0,0.0,0.0,0.0,0.0,0.0,0.0,0.0,19055.0,5.0,56520.0,17599.0,5.0,56533.0
38.856177991998265,0.0,0.0,0.0,0.0,0.0,0.0,0.0,0.0,0.0,0.0,0.0,0.0,0.0,19056.0,5.0,56540.0,17600.0,5.0,56553.0
38.86469463199319,0.0,0.0,0.0,0.0,0.0,0.0,0.0,0.0,0.0,0.0,0.0,0.0,0.0,19057.0,5.0,56560.0,17601.0,5.0,56563.0
38.89500038299593,0.0,0.0,0.0,0.0,0.0,0.0,0.0,0.0,0.0,0.0,0.0,0.0,0.0,19058.0,5.0,56580.0,17602.0,5.0,56593.0
38.91506193600071,0.0,0.0,0.0,0.0,0.0,0.0,0.0,0.0,0.0,0.0,0.0,0.0,0.0,19059.0,5.0,56600.0,17603.0,5.0,56612.0
38.93435914099973,0.0,0.0,0.0,0.0,0.0,0.0,0.0,0.0,0.0,0.0,0.0,0.0,0.0,19060.0,5.0,56620.0,17604.0,5.0,56633.0
39.01525803199911,0.0,0.0,0.0,0.0,0.0,0.0,0.0,0.0,0.0,0.0,0.0,0.0,0.0,19061.0,5.0,56640.0,17605.0,5.0,56653.0
39.01538299600361,0.0,0.0,0.0,0.0,0.0,0.0,0.0,0.0,0.0,0.0,0.0,0.0,0.0,19062.0,5.0,56660.0,17606.0,5.0,56664.0
39.01544838800328,0.0,0.0,0.0,0.0,0.0,0.0,0.0,0.0,0.0,0.0,0.0,0.0,0.0,19063.0,5.0,56680.0,17607.0,5.0,56693.0
39.064887503001955,0.0,0.0,0.0,0.0,0.0,0.0,0.0,0.0,0.0,0.0,0.0,0.0,0.0,19064.0,5.0,56700.0,17608.0,5.0,56713.0
39.06499827299558,0.0,0.0,0.0,0.0,0.0,0.0,0.0,0.0,0.0,0.0,0.0,0.0,0.0,19065.0,5.0,56720.0,17609.0,5.0,56733.0
39.06506262299081,0.0,0.0,0.0,0.0,0.0,0.0,0.0,0.0,0.0,0.0,0.0,0.0,0.0,19066.0,5.0,56740.0,17610.0,5.0,56753.0
39.065269878003164,0.0,0.0,0.0,0.0,0.0,0.0,0.0,0.0,0.0,0.0,0.0,0.0,0.0,19067.0,5.0,56760.0,17611.0,5.0,56764.0
39.08487860599416,0.0,0.0,0.0,0.0,0.0,0.0,0.0,0.0,0.0,0.0,0.0,0.0,0.0,19068.0,5.0,56780.0,17612.0,5.0,56783.0
39.117854807991534,0.0,0.0,0.0,0.0,0.0,0.0,0.0,0.0,0.0,0.0,0.0,0.0,0.0,19069.0,5.0,56800.0,17613.0,5.0,56813.0
39.133844711002894,0.0,0.0,0.0,0.0,0.0,0.0,0.0,0.0,0.0,0.0,0.0,0.0,0.0,19070.0,5.0,56820.0,17614.0,5.0,56833.0
39.15359626399004,0.0,0.0,0.0,0.0,0.0,0.0,0.0,0.0,0.0,0.0,0.0,0.0,0.0,19071.0,5.0,56840.0,17615.0,5.0,56853.0
39.1646886029921,0.0,0.0,0.0,0.0,0.0,0.0,0.0,0.0,0.0,0.0,0.0,0.0,0.0,19072.0,5.0,56860.0,17616.0,5.0,56863.0
39.20131257000321,0.0,0.0,0.0,0.0,0.0,0.0,0.0,0.0,0.0,0.0,0.0,0.0,0.0,19073.0,5.0,56880.0,17617.0,5.0,56893.0
39.28094085599878,0.0,0.0,0.0,0.0,0.0,0.0,0.0,0.0,0.0,0.0,0.0,0.0,0.0,19074.0,5.0,56900.0,17618.0,5.0,56913.0
39.293042352001066,0.0,0.0,0.0,0.0,0.0,0.0,0.0,0.0,0.0,0.0,0.0,0.0,0.0,19078.0,5.0,56980.0,17619.0,5.0,56992.0
39.31411027799186,0.0,0.0,0.0,0.0,0.0,0.0,0.0,0.0,0.0,0.0,0.0,0.0,0.0,19079.0,5.0,57000.0,17620.0,5.0,57013.0
39.32390055900032,0.0,0.0,0.0,0.0,0.0,0.0,0.0,0.0,0.0,0.0,0.0,0.0,0.0,19080.0,5.0,57020.0,17621.0,5.0,57023.0
39.353629010991426,0.0,0.0,0.0,0.0,0.0,0.0,0.0,0.0,0.0,0.0,0.0,0.0,0.0,19081.0,5.0,57040.0,17622.0,5.0,57053.0
39.374070484991535,0.0,0.0,0.0,0.0,0.0,0.0,0.0,0.0,0.0,0.0,0.0,0.0,0.0,19082.0,5.0,57060.0,17623.0,5.0,57073.0
39.50177308899583,0.0,0.0,0.0,0.0,0.0,0.0,0.0,0.0,0.0,0.0,0.0,0.0,0.0,19083.0,5.0,57080.0,17624.0,5.0,57093.0
39.50187890000234,0.0,0.0,0.0,0.0,0.0,0.0,0.0,0.0,0.0,0.0,0.0,0.0,0.0,19084.0,5.0,57100.0,17625.0,5.0,57113.0
39.5019429899985,0.0,0.0,0.0,0.0,0.0,0.0,0.0,0.0,0.0,0.0,0.0,0.0,0.0,19085.0,5.0,57121.0,17626.0,5.0,57123.0
39.50200080899231,0.0,0.0,0.0,0.0,0.0,0.0,0.0,0.0,0.0,0.0,0.0,0.0,0.0,19086.0,5.0,57140.0,17627.0,5.0,57153.0
39.50205771600304,0.0,0.0,0.0,0.0,0.0,0.0,0.0,0.0,0.0,0.0,0.0,0.0,0.0,19087.0,5.0,57160.0,17628.0,5.0,57173.0
39.50211273100285,0.0,0.0,0.0,0.0,0.0,0.0,0.0,0.0,0.0,0.0,0.0,0.0,0.0,19088.0,5.0,57180.0,17629.0,5.0,57193.0
39.51917065199814,0.0,0.0,0.0,0.0,0.0,0.0,0.0,0.0,0.0,0.0,0.0,0.0,0.0,19089.0,5.0,57200.0,17630.0,5.0,57212.0
39.53218762599863,0.0,0.0,0.0,0.0,0.0,0.0,0.0,0.0,0.0,0.0,0.0,0.0,0.0,19090.0,5.0,57220.0,17631.0,5.0,57222.0
39.56576511700405,0.0,0.0,0.0,0.0,0.0,0.0,0.0,0.0,0.0,0.0,0.0,0.0,0.0,19091.0,5.0,57240.0,17632.0,5.0,57253.0
39.57228921599744,0.0,0.0,0.0,0.0,0.0,0.0,0.0,0.0,0.0,0.0,0.0,0.0,0.0,19092.0,5.0,57260.0,17633.0,5.0,57272.0
39.59449635200144,0.0,0.0,0.0,0.0,0.0,0.0,0.0,0.0,0.0,0.0,0.0,0.0,0.0,19093.0,5.0,57280.0,17634.0,5.0,57293.0
39.723854618001496,0.0,0.0,0.0,0.0,0.0,0.0,0.0,0.0,0.0,0.0,0.0,0.0,0.0,19094.0,5.0,57300.0,17635.0,5.0,57313.0
39.72398058399267,0.0,0.0,0.0,0.0,0.0,0.0,0.0,0.0,0.0,0.0,0.0,0.0,0.0,19095.0,5.0,57320.0,17636.0,5.0,57323.0
39.72405366899329,0.0,0.0,0.0,0.0,0.0,0.0,0.0,0.0,0.0,0.0,0.0,0.0,0.0,19096.0,5.0,57340.0,17637.0,5.0,57353.0
39.72412087400153,0.0,0.0,0.0,0.0,0.0,0.0,0.0,0.0,0.0,0.0,0.0,0.0,0.0,19097.0,5.0,57360.0,17638.0,5.0,57373.0
39.724180475997855,0.0,0.0,0.0,0.0,0.0,0.0,0.0,0.0,0.0,0.0,0.0,0.0,0.0,19098.0,5.0,57380.0,17639.0,5.0,57393.0
39.72423536000133,0.0,0.0,0.0,0.0,0.0,0.0,0.0,0.0,0.0,0.0,0.0,0.0,0.0,19099.0,5.0,57400.0,17640.0,5.0,57413.0
39.72615113099164,0.0,0.0,0.0,0.0,0.0,0.0,0.0,0.0,0.0,0.0,0.0,0.0,0.0,19100.0,5.0,57420.0,17641.0,5.0,57422.0
39.7548198709992,0.0,0.0,0.0,0.0,0.0,0.0,0.0,0.0,0.0,0.0,0.0,0.0,0.0,19101.0,5.0,57440.0,17642.0,5.0,57453.0
39.775328538991744,0.0,0.0,0.0,0.0,0.0,0.0,0.0,0.0,0.0,0.0,0.0,0.0,0.0,19102.0,5.0,57460.0,17643.0,5.0,57473.0
39.7961035729968,0.0,0.0,0.0,0.0,0.0,0.0,0.0,0.0,0.0,0.0,0.0,0.0,0.0,19103.0,5.0,57480.0,17644.0,5.0,57494.0
39.80245180299971,0.0,0.0,0.0,0.0,0.0,0.0,0.0,0.0,0.0,0.0,0.0,0.0,0.0,19104.0,5.0,57500.0,17645.0,5.0,57502.0
39.942520297990995,0.0,0.0,0.0,0.0,0.0,0.0,0.0,0.0,0.0,0.0,0.0,0.0,0.0,19105.0,5.0,57520.0,17646.0,5.0,57523.0
39.942670554999495,0.0,0.0,0.0,0.0,0.0,0.0,0.0,0.0,0.0,0.0,0.0,0.0,0.0,19106.0,5.0,57540.0,17647.0,5.0,57553.0
39.9427528160013,0.0,0.0,0.0,0.0,0.0,0.0,0.0,0.0,0.0,0.0,0.0,0.0,0.0,19107.0,5.0,57560.0,17648.0,5.0,57573.0
39.942816455004504,0.0,0.0,0.0,0.0,0.0,0.0,0.0,0.0,0.0,0.0,0.0,0.0,0.0,19108.0,5.0,57580.0,17649.0,5.0,57593.0
39.94287250099296,0.0,0.0,0.0,0.0,0.0,0.0,0.0,0.0,0.0,0.0,0.0,0.0,0.0,19109.0,5.0,57600.0,17650.0,5.0,57613.0
39.94292853699881,0.0,0.0,0.0,0.0,0.0,0.0,0.0,0.0,0.0,0.0,0.0,0.0,0.0,19110.0,5.0,57620.0,17651.0,5.0,57623.0
39.95351353200385,0.0,0.0,0.0,0.0,0.0,0.0,0.0,0.0,0.0,0.0,0.0,0.0,0.0,19111.0,5.0,57640.0,17652.0,5.0,57653.0
39.97370839200448,0.0,0.0,0.0,0.0,0.0,0.0,0.0,0.0,0.0,0.0,0.0,0.0,0.0,19112.0,5.0,57660.0,17653.0,5.0,57673.0
40.00184325900045,0.0,0.0,0.0,0.0,0.0,0.0,0.0,0.0,0.0,0.0,0.0,0.0,0.0,19113.0,5.0,57680.0,17654.0,5.0,57693.0
40.01397939000162,0.0,0.0,0.0,0.0,0.0,0.0,0.0,0.0,0.0,0.0,0.0,0.0,0.0,19114.0,5.0,57700.0,17655.0,5.0,57713.0
40.02534962899517,0.0,0.0,0.0,0.0,0.0,0.0,0.0,0.0,0.0,0.0,0.0,0.0,0.0,19115.0,5.0,57720.0,17656.0,5.0,57723.0
40.15353871199477,0.0,0.0,0.0,0.0,0.0,0.0,0.0,0.0,0.0,0.0,0.0,0.0,0.0,19116.0,5.0,57740.0,17657.0,5.0,57753.0
40.15364599600434,0.0,0.0,0.0,0.0,0.0,0.0,0.0,0.0,0.0,0.0,0.0,0.0,0.0,19117.0,5.0,57760.0,17658.0,5.0,57773.0
40.15371812999365,0.0,0.0,0.0,0.0,0.0,0.0,0.0,0.0,0.0,0.0,0.0,0.0,0.0,19118.0,5.0,57780.0,17659.0,5.0,57793.0
40.15377529700345,0.0,0.0,0.0,0.0,0.0,0.0,0.0,0.0,0.0,0.0,0.0,0.0,0.0,19119.0,5.0,57800.0,17660.0,5.0,57813.0
40.15383121299965,0.0,0.0,0.0,0.0,0.0,0.0,0.0,0.0,0.0,0.0,0.0,0.0,0.0,19120.0,5.0,57820.0,17661.0,5.0,57823.0
40.15975238199462,0.0,0.0,0.0,0.0,0.0,0.0,0.0,0.0,0.0,0.0,0.0,0.0,0.0,19121.0,5.0,57840.0,17662.0,5.0,57853.0
40.174078814001405,0.0,0.0,0.0,0.0,0.0,0.0,0.0,0.0,0.0,0.0,0.0,0.0,0.0,19122.0,5.0,57860.0,17663.0,5.0,57873.0
40.19367923599202,0.0,0.0,0.0,0.0,0.0,0.0,0.0,0.0,0.0,0.0,0.0,0.0,0.0,19123.0,5.0,57880.0,17664.0,5.0,57893.0
40.2143511739996,0.0,0.0,0.0,0.0,0.0,0.0,0.0,0.0,0.0,0.0,0.0,0.0,0.0,19124.0,5.0,57900.0,17665.0,5.0,57913.0
40.22599590299069,0.0,0.0,0.0,0.0,0.0,0.0,0.0,0.0,0.0,0.0,0.0,0.0,0.0,19125.0,5.0,57920.0,17666.0,5.0,57923.0
40.255098666995764,0.0,0.0,0.0,0.0,0.0,0.0,0.0,0.0,0.0,0.0,0.0,0.0,0.0,19126.0,5.0,57940.0,17667.0,5.0,57953.0
40.30398666999827,0.0,0.0,0.0,0.0,0.0,0.0,0.0,0.0,0.0,0.0,0.0,0.0,0.0,19127.0,5.0,57960.0,17668.0,5.0,57973.0
40.30407807599113,0.0,0.0,0.0,0.0,0.0,0.0,0.0,0.0,0.0,0.0,0.0,0.0,0.0,19128.0,5.0,57980.0,17669.0,5.0,57994.0
40.304140583000844,0.0,0.0,0.0,0.0,0.0,0.0,0.0,0.0,0.0,0.0,0.0,0.0,0.0,19129.0,5.0,58000.0,17670.0,5.0,58002.0
40.36248362599872,0.0,0.0,0.0,0.0,0.0,0.0,0.0,0.0,0.0,0.0,0.0,0.0,0.0,19130.0,5.0,58020.0,17671.0,5.0,58023.0
40.36282916799246,0.0,0.0,0.0,0.0,0.0,0.0,0.0,0.0,0.0,0.0,0.0,0.0,0.0,19131.0,5.0,58040.0,17672.0,5.0,58053.0
40.38129834400024,0.0,0.0,0.0,0.0,0.0,0.0,0.0,0.0,0.0,0.0,0.0,0.0,0.0,19132.0,5.0,58060.0,17673.0,5.0,58073.0
40.394466201003524,0.0,0.0,0.0,0.0,0.0,0.0,0.0,0.0,0.0,0.0,0.0,0.0,0.0,19133.0,5.0,58080.0,17674.0,5.0,58093.0
40.41377121799451,0.0,0.0,0.0,0.0,0.0,0.0,0.0,0.0,0.0,0.0,0.0,0.0,0.0,19134.0,5.0,58100.0,17675.0,5.0,58113.0
40.42320113499591,0.0,0.0,0.0,0.0,0.0,0.0,0.0,0.0,0.0,0.0,0.0,0.0,0.0,19135.0,5.0,58120.0,17676.0,5.0,58123.0
40.45512418799626,0.0,0.0,0.0,0.0,0.0,0.0,0.0,0.0,0.0,0.0,0.0,0.0,0.0,19136.0,5.0,58140.0,17677.0,5.0,58153.0
40.47255746999872,0.0,0.0,0.0,0.0,0.0,0.0,0.0,0.0,0.0,0.0,0.0,0.0,0.0,19137.0,5.0,58160.0,17678.0,5.0,58172.0
40.54460227499658,0.0,0.0,0.0,0.0,0.0,0.0,0.0,0.0,0.0,0.0,0.0,0.0,0.0,19138.0,5.0,58180.0,17679.0,5.0,58193.0
40.544743898004526,0.0,0.0,0.0,0.0,0.0,0.0,0.0,0.0,0.0,0.0,0.0,0.0,0.0,19139.0,5.0,58200.0,17680.0,5.0,58213.0
40.54480976999912,0.0,0.0,0.0,0.0,0.0,0.0,0.0,0.0,0.0,0.0,0.0,0.0,0.0,19140.0,5.0,58220.0,17681.0,5.0,58223.0
40.60046069299278,0.0,0.0,0.0,0.0,0.0,0.0,0.0,0.0,0.0,0.0,0.0,0.0,0.0,19141.0,5.0,58240.0,17682.0,5.0,58253.0
40.60101209799177,0.0,0.0,0.0,0.0,0.0,0.0,0.0,0.0,0.0,0.0,0.0,0.0,0.0,19142.0,5.0,58260.0,17683.0,5.0,58273.0
40.60135998300393,0.0,0.0,0.0,0.0,0.0,0.0,0.0,0.0,0.0,0.0,0.0,0.0,0.0,19143.0,5.0,58280.0,17684.0,5.0,58293.0
40.6143971769925,0.0,0.0,0.0,0.0,0.0,0.0,0.0,0.0,0.0,0.0,0.0,0.0,0.0,19144.0,5.0,58300.0,17685.0,5.0,58313.0
40.625530331002665,0.0,0.0,0.0,0.0,0.0,0.0,0.0,0.0,0.0,0.0,0.0,0.0,0.0,19145.0,5.0,58320.0,17686.0,5.0,58323.0
40.65545055500115,0.0,0.0,0.0,0.0,0.0,0.0,0.0,0.0,0.0,0.0,0.0,0.0,0.0,19146.0,5.0,58340.0,17687.0,5.0,58353.0
40.67474382100045,0.0,0.0,0.0,0.0,0.0,0.0,0.0,0.0,0.0,0.0,0.0,0.0,0.0,19147.0,5.0,58360.0,17688.0,5.0,58373.0
40.6967773350043,0.0,0.0,0.0,0.0,0.0,0.0,0.0,0.0,0.0,0.0,0.0,0.0,0.0,19148.0,5.0,58380.0,17689.0,5.0,58393.0
40.911670026995125,0.0,0.0,0.0,0.0,0.0,0.0,0.0,0.0,0.0,0.0,0.0,0.0,0.0,19149.0,5.0,58400.0,17690.0,5.0,58413.0
40.91464799699315,0.0,0.0,0.0,0.0,0.0,0.0,0.0,0.0,0.0,0.0,0.0,0.0,0.0,19150.0,5.0,58420.0,17691.0,5.0,58423.0
40.914731269993354,0.0,0.0,0.0,0.0,0.0,0.0,0.0,0.0,0.0,0.0,0.0,0.0,0.0,19151.0,5.0,58440.0,17692.0,5.0,58453.0
40.91480093899008,0.0,0.0,0.0,0.0,0.0,0.0,0.0,0.0,0.0,0.0,0.0,0.0,0.0,19152.0,5.0,58460.0,17693.0,5.0,58473.0
40.914858057003585,0.0,0.0,0.0,0.0,0.0,0.0,0.0,0.0,0.0,0.0,0.0,0.0,0.0,19153.0,5.0,58480.0,17694.0,5.0,58494.0
40.91493834499852,0.0,0.0,0.0,0.0,0.0,0.0,0.0,0.0,0.0,0.0,0.0,0.0,0.0,19154.0,5.0,58500.0,17695.0,5.0,58501.0
40.91507457799162,0.0,0.0,0.0,0.0,0.0,0.0,0.0,0.0,0.0,0.0,0.0,0.0,0.0,19155.0,5.0,58520.0,17696.0,5.0,58523.0
40.91513030299393,0.0,0.0,0.0,0.0,0.0,0.0,0.0,0.0,0.0,0.0,0.0,0.0,0.0,19156.0,5.0,58540.0,17697.0,5.0,58553.0
40.915209129001596,0.0,0.0,0.0,0.0,0.0,0.0,0.0,0.0,0.0,0.0,0.0,0.0,0.0,19157.0,5.0,58560.0,17698.0,5.0,58573.0
40.91528575999837,0.0,0.0,0.0,0.0,0.0,0.0,0.0,0.0,0.0,0.0,0.0,0.0,0.0,19158.0,5.0,58580.0,17699.0,5.0,58593.0
40.91536127899599,0.0,0.0,0.0,0.0,0.0,0.0,0.0,0.0,0.0,0.0,0.0,0.0,0.0,19159.0,5.0,58600.0,17700.0,5.0,58613.0
40.92492087300343,0.0,0.0,0.0,0.0,0.0,0.0,0.0,0.0,0.0,0.0,0.0,0.0,0.0,19160.0,5.0,58620.0,17701.0,5.0,58623.0
41.33358605200192,0.0,0.0,0.0,0.0,0.0,0.0,0.0,0.0,0.0,0.0,0.0,0.0,0.0,19161.0,5.0,58640.0,17702.0,5.0,58653.0
41.33384342199133,0.0,0.0,0.0,0.0,0.0,0.0,0.0,0.0,0.0,0.0,0.0,0.0,0.0,19162.0,5.0,58660.0,17703.0,5.0,58673.0
41.33393005099788,0.0,0.0,0.0,0.0,0.0,0.0,0.0,0.0,0.0,0.0,0.0,0.0,0.0,19163.0,5.0,58680.0,17704.0,5.0,58693.0
41.334011029000976,0.0,0.0,0.0,0.0,0.0,0.0,0.0,0.0,0.0,0.0,0.0,0.0,0.0,19164.0,5.0,58700.0,17705.0,5.0,58713.0
41.33407549999538,0.0,0.0,0.0,0.0,0.0,0.0,0.0,0.0,0.0,0.0,0.0,0.0,0.0,19165.0,5.0,58720.0,17706.0,5.0,58723.0
41.33413688499422,0.0,0.0,0.0,0.0,0.0,0.0,0.0,0.0,0.0,0.0,0.0,0.0,0.0,19166.0,5.0,58740.0,17707.0,5.0,58753.0
41.33420735599066,0.0,0.0,0.0,0.0,0.0,0.0,0.0,0.0,0.0,0.0,0.0,0.0,0.0,19167.0,5.0,58760.0,17708.0,5.0,58773.0
41.33427326899255,0.0,0.0,0.0,0.0,0.0,0.0,0.0,0.0,0.0,0.0,0.0,0.0,0.0,19168.0,5.0,58780.0,17709.0,5.0,58793.0
41.334383406996494,0.0,0.0,0.0,0.0,0.0,0.0,0.0,0.0,0.0,0.0,0.0,0.0,0.0,19169.0,5.0,58800.0,17710.0,5.0,58813.0
41.33448851699359,0.0,0.0,0.0,0.0,0.0,0.0,0.0,0.0,0.0,0.0,0.0,0.0,0.0,19170.0,5.0,58820.0,17711.0,5.0,58823.0
41.33455277699977,0.0,0.0,0.0,0.0,0.0,0.0,0.0,0.0,0.0,0.0,0.0,0.0,0.0,19171.0,5.0,58840.0,17712.0,5.0,58853.0
41.33460775199637,0.0,0.0,0.0,0.0,0.0,0.0,0.0,0.0,0.0,0.0,0.0,0.0,0.0,19172.0,5.0,58860.0,17713.0,5.0,58873.0
41.334668205003254,0.0,0.0,0.0,0.0,0.0,0.0,0.0,0.0,0.0,0.0,0.0,0.0,0.0,19173.0,5.0,58880.0,17714.0,5.0,58893.0
41.334728709000046,0.0,0.0,0.0,0.0,0.0,0.0,0.0,0.0,0.0,0.0,0.0,0.0,0.0,19174.0,5.0,58900.0,17715.0,5.0,58913.0
41.345115588992485,0.0,0.0,0.0,0.0,0.0,0.0,0.0,0.0,0.0,0.0,0.0,0.0,0.0,19181.0,5.0,59040.0,17716.0,5.0,59045.0
41.363972275998094,0.0,0.0,0.0,0.0,0.0,0.0,0.0,0.0,0.0,0.0,0.0,0.0,0.0,19182.0,5.0,59060.0,17717.0,5.0,59063.0
41.393860558004235,0.0,0.0,0.0,0.0,0.0,0.0,0.0,0.0,0.0,0.0,0.0,0.0,0.0,19183.0,5.0,59080.0,17718.0,5.0,59093.0
41.84384019799472,0.0,0.0,0.0,0.0,0.0,0.0,0.0,0.0,0.0,0.0,0.0,0.0,0.0,19184.0,5.0,59100.0,17719.0,5.0,59113.0
41.84409012600372,0.0,0.0,0.0,0.0,0.0,0.0,0.0,0.0,0.0,0.0,0.0,0.0,0.0,19185.0,5.0,59120.0,17720.0,5.0,59132.0
41.84416679700371,0.0,0.0,0.0,0.0,0.0,0.0,0.0,0.0,0.0,0.0,0.0,0.0,0.0,19186.0,5.0,59140.0,17721.0,5.0,59153.0
41.84423550499196,0.0,0.0,0.0,0.0,0.0,0.0,0.0,0.0,0.0,0.0,0.0,0.0,0.0,19187.0,5.0,59160.0,17722.0,5.0,59173.0
41.84429944399744,0.0,0.0,0.0,0.0,0.0,0.0,0.0,0.0,0.0,0.0,0.0,0.0,0.0,19188.0,5.0,59180.0,17723.0,5.0,59193.0
41.84435859599034,0.0,0.0,0.0,0.0,0.0,0.0,0.0,0.0,0.0,0.0,0.0,0.0,0.0,19189.0,5.0,59200.0,17724.0,5.0,59213.0
41.84441689599771,0.0,0.0,0.0,0.0,0.0,0.0,0.0,0.0,0.0,0.0,0.0,0.0,0.0,19190.0,5.0,59220.0,17725.0,5.0,59232.0
41.84447637699486,0.0,0.0,0.0,0.0,0.0,0.0,0.0,0.0,0.0,0.0,0.0,0.0,0.0,19191.0,5.0,59240.0,17726.0,5.0,59243.0
41.844542860999354,0.0,0.0,0.0,0.0,0.0,0.0,0.0,0.0,0.0,0.0,0.0,0.0,0.0,19192.0,5.0,59260.0,17727.0,5.0,59272.0
41.84460434700304,0.0,0.0,0.0,0.0,0.0,0.0,0.0,0.0,0.0,0.0,0.0,0.0,0.0,19193.0,5.0,59280.0,17728.0,5.0,59292.0
41.84467162199144,0.0,0.0,0.0,0.0,0.0,0.0,0.0,0.0,0.0,0.0,0.0,0.0,0.0,19194.0,5.0,59300.0,17729.0,5.0,59313.0
41.84472980200371,0.0,0.0,0.0,0.0,0.0,0.0,0.0,0.0,0.0,0.0,0.0,0.0,0.0,19195.0,5.0,59320.0,17730.0,5.0,59332.0
41.8447864990012,0.0,0.0,0.0,0.0,0.0,0.0,0.0,0.0,0.0,0.0,0.0,0.0,0.0,19196.0,5.0,59341.0,17731.0,5.0,59342.0
41.84484447799332,0.0,0.0,0.0,0.0,0.0,0.0,0.0,0.0,0.0,0.0,0.0,0.0,0.0,19197.0,5.0,59360.0,17732.0,5.0,59373.0
41.8448974990024,0.0,0.0,0.0,0.0,0.0,0.0,0.0,0.0,0.0,0.0,0.0,0.0,0.0,19198.0,5.0,59380.0,17733.0,5.0,59393.0
41.84494909699424,0.0,0.0,0.0,0.0,0.0,0.0,0.0,0.0,0.0,0.0,0.0,0.0,0.0,19199.0,5.0,59400.0,17734.0,5.0,59413.0
41.84500442199351,0.0,0.0,0.0,0.0,0.0,0.0,0.0,0.0,0.0,0.0,0.0,0.0,0.0,19200.0,5.0,59420.0,17735.0,5.0,59433.0
41.845062772001256,0.0,0.0,0.0,0.0,0.0,0.0,0.0,0.0,0.0,0.0,0.0,0.0,0.0,19201.0,5.0,59440.0,17736.0,5.0,59452.0
41.84511872800067,0.0,0.0,0.0,0.0,0.0,0.0,0.0,0.0,0.0,0.0,0.0,0.0,0.0,19202.0,5.0,59460.0,17737.0,5.0,59473.0
41.8451768369996,0.0,0.0,0.0,0.0,0.0,0.0,0.0,0.0,0.0,0.0,0.0,0.0,0.0,19203.0,5.0,59480.0,17738.0,5.0,59494.0
41.84523942499072,0.0,0.0,0.0,0.0,0.0,0.0,0.0,0.0,0.0,0.0,0.0,0.0,0.0,19204.0,5.0,59500.0,17739.0,5.0,59501.0
41.84529533999739,0.0,0.0,0.0,0.0,0.0,0.0,0.0,0.0,0.0,0.0,0.0,0.0,0.0,19205.0,5.0,59520.0,17740.0,5.0,59533.0
41.84535172699543,0.0,0.0,0.0,0.0,0.0,0.0,0.0,0.0,0.0,0.0,0.0,0.0,0.0,19206.0,5.0,59540.0,17741.0,5.0,59543.0
41.9076041179942,0.0,0.0,0.0,0.0,0.0,0.0,0.0,0.0,0.0,0.0,0.0,0.0,0.0,19207.0,5.0,59560.0,17742.0,5.0,59572.0
41.907996669993736,0.0,0.0,0.0,0.0,0.0,0.0,0.0,0.0,0.0,0.0,0.0,0.0,0.0,19208.0,5.0,59580.0,17743.0,5.0,59593.0
41.91382328199688,0.0,0.0,0.0,0.0,0.0,0.0,0.0,0.0,0.0,0.0,0.0,0.0,0.0,19209.0,5.0,59600.0,17744.0,5.0,59613.0
41.93396058199869,0.0,0.0,0.0,0.0,0.0,0.0,0.0,0.0,0.0,0.0,0.0,0.0,0.0,19210.0,5.0,59620.0,17745.0,5.0,59633.0
41.94391070799611,0.0,0.0,0.0,0.0,0.0,0.0,0.0,0.0,0.0,0.0,0.0,0.0,0.0,19211.0,5.0,59640.0,17746.0,5.0,59643.0
42.45229219699104,0.0,0.0,0.0,0.0,0.0,0.0,0.0,0.0,0.0,0.0,0.0,0.0,0.0,19212.0,5.0,59660.0,17747.0,5.0,59673.0
42.45276868400106,0.0,0.0,0.0,0.0,0.0,0.0,0.0,0.0,0.0,0.0,0.0,0.0,0.0,19213.0,5.0,59680.0,17748.0,5.0,59693.0
42.45297397499962,0.0,0.0,0.0,0.0,0.0,0.0,0.0,0.0,0.0,0.0,0.0,0.0,0.0,19214.0,5.0,59700.0,17749.0,5.0,59713.0
42.453031002994976,0.0,0.0,0.0,0.0,0.0,0.0,0.0,0.0,0.0,0.0,0.0,0.0,0.0,19215.0,5.0,59720.0,17750.0,5.0,59732.0
42.453085927001666,0.0,0.0,0.0,0.0,0.0,0.0,0.0,0.0,0.0,0.0,0.0,0.0,0.0,19216.0,5.0,59740.0,17751.0,5.0,59752.0
42.4531397989922,0.0,0.0,0.0,0.0,0.0,0.0,0.0,0.0,0.0,0.0,0.0,0.0,0.0,19217.0,5.0,59760.0,17752.0,5.0,59773.0
42.45319369199569,0.0,0.0,0.0,0.0,0.0,0.0,0.0,0.0,0.0,0.0,0.0,0.0,0.0,19218.0,5.0,59780.0,17753.0,5.0,59793.0
42.45324595099373,0.0,0.0,0.0,0.0,0.0,0.0,0.0,0.0,0.0,0.0,0.0,0.0,0.0,19219.0,5.0,59800.0,17754.0,5.0,59813.0
42.453298961991095,0.0,0.0,0.0,0.0,0.0,0.0,0.0,0.0,0.0,0.0,0.0,0.0,0.0,19220.0,5.0,59820.0,17755.0,5.0,59833.0
42.45335291400261,0.0,0.0,0.0,0.0,0.0,0.0,0.0,0.0,0.0,0.0,0.0,0.0,0.0,19221.0,5.0,59841.0,17756.0,5.0,59842.0
42.45340504399792,0.0,0.0,0.0,0.0,0.0,0.0,0.0,0.0,0.0,0.0,0.0,0.0,0.0,19222.0,5.0,59860.0,17757.0,5.0,59872.0
42.453458224990754,0.0,0.0,0.0,0.0,0.0,0.0,0.0,0.0,0.0,0.0,0.0,0.0,0.0,19223.0,5.0,59880.0,17758.0,5.0,59892.0
42.45350969299034,0.0,0.0,0.0,0.0,0.0,0.0,0.0,0.0,0.0,0.0,0.0,0.0,0.0,19224.0,5.0,59900.0,17759.0,5.0,59913.0
42.4535617819929,0.0,0.0,0.0,0.0,0.0,0.0,0.0,0.0,0.0,0.0,0.0,0.0,0.0,19225.0,5.0,59920.0,17760.0,5.0,59933.0
42.45362771500368,0.0,0.0,0.0,0.0,0.0,0.0,0.0,0.0,0.0,0.0,0.0,0.0,0.0,19226.0,5.0,59940.0,17761.0,5.0,59943.0
42.45378622699354,0.0,0.0,0.0,0.0,0.0,0.0,0.0,0.0,0.0,0.0,0.0,0.0,0.0,19227.0,5.0,59960.0,17762.0,5.0,59973.0
42.453860123001505,0.0,0.0,0.0,0.0,0.0,0.0,0.0,0.0,0.0,0.0,0.0,0.0,0.0,19228.0,5.0,59980.0,17763.0,5.0,59994.0
42.45392884100147,0.0,0.0,0.0,0.0,0.0,0.0,0.0,0.0,0.0,0.0,0.0,0.0,0.0,19229.0,5.0,60000.0,17764.0,5.0,60002.0
42.453986669992446,0.0,0.0,0.0,0.0,0.0,0.0,0.0,0.0,0.0,0.0,0.0,0.0,0.0,19230.0,5.0,60020.0,17765.0,5.0,60033.0
42.454041524004424,0.0,0.0,0.0,0.0,0.0,0.0,0.0,0.0,0.0,0.0,0.0,0.0,0.0,19231.0,5.0,60040.0,17766.0,5.0,60042.0
42.45409587699396,0.0,0.0,0.0,0.0,0.0,0.0,0.0,0.0,0.0,0.0,0.0,0.0,0.0,19232.0,5.0,60060.0,17767.0,5.0,60073.0
42.45414996999898,0.0,0.0,0.0,0.0,0.0,0.0,0.0,0.0,0.0,0.0,0.0,0.0,0.0,19233.0,5.0,60080.0,17768.0,5.0,60093.0
42.45420452299004,0.0,0.0,0.0,0.0,0.0,0.0,0.0,0.0,0.0,0.0,0.0,0.0,0.0,19234.0,5.0,60100.0,17769.0,5.0,60113.0
42.45425920699199,0.0,0.0,0.0,0.0,0.0,0.0,0.0,0.0,0.0,0.0,0.0,0.0,0.0,19235.0,5.0,60120.0,17770.0,5.0,60133.0
42.45431185699999,0.0,0.0,0.0,0.0,0.0,0.0,0.0,0.0,0.0,0.0,0.0,0.0,0.0,19236.0,5.0,60140.0,17771.0,5.0,60143.0
42.862436141993385,0.0,0.0,0.0,0.0,0.0,0.0,0.0,0.0,0.0,0.0,0.0,0.0,0.0,19243.0,5.0,60280.0,17778.0,5.0,60293.0
42.86278317699907,0.0,0.0,0.0,0.0,0.0,0.0,0.0,0.0,0.0,0.0,0.0,0.0,0.0,19247.0,5.0,60360.0,17782.0,5.0,60372.0
42.86285349699028,0.0,0.0,0.0,0.0,0.0,0.0,0.0,0.0,0.0,0.0,0.0,0.0,0.0,19248.0,5.0,60380.0,17783.0,5.0,60393.0
42.862911656993674,0.0,0.0,0.0,0.0,0.0,0.0,0.0,0.0,0.0,0.0,0.0,0.0,0.0,19249.0,5.0,60400.0,17784.0,5.0,60413.0
42.862967052002205,0.0,0.0,0.0,0.0,0.0,0.0,0.0,0.0,0.0,0.0,0.0,0.0,0.0,19250.0,5.0,60420.0,17785.0,5.0,60433.0
42.863021765995654,0.0,0.0,0.0,0.0,0.0,0.0,0.0,0.0,0.0,0.0,0.0,0.0,0.0,19251.0,5.0,60440.0,17786.0,5.0,60443.0
42.86307913399651,0.0,0.0,0.0,0.0,0.0,0.0,0.0,0.0,0.0,0.0,0.0,0.0,0.0,19252.0,5.0,60460.0,17787.0,5.0,60463.0
42.86313327700191,0.0,0.0,0.0,0.0,0.0,0.0,0.0,0.0,0.0,0.0,0.0,0.0,0.0,19253.0,5.0,60480.0,17788.0,5.0,60494.0
42.863187288996414,0.0,0.0,0.0,0.0,0.0,0.0,0.0,0.0,0.0,0.0,0.0,0.0,0.0,19254.0,5.0,60500.0,17789.0,5.0,60501.0
42.86323999999149,0.0,0.0,0.0,0.0,0.0,0.0,0.0,0.0,0.0,0.0,0.0,0.0,0.0,19255.0,5.0,60520.0,17790.0,5.0,60533.0
42.86329329099681,0.0,0.0,0.0,0.0,0.0,0.0,0.0,0.0,0.0,0.0,0.0,0.0,0.0,19256.0,5.0,60540.0,17791.0,5.0,60543.0
42.883017009997275,0.0,0.0,0.0,0.0,0.0,0.0,0.0,0.0,0.0,0.0,0.0,0.0,0.0,19257.0,5.0,60560.0,17792.0,5.0,60573.0
42.89450287299405,0.0,0.0,0.0,0.0,0.0,0.0,0.0,0.0,0.0,0.0,0.0,0.0,0.0,19258.0,5.0,60580.0,17793.0,5.0,60593.0
42.94571197600453,0.0,0.0,0.0,0.0,0.0,0.0,0.0,0.0,0.0,0.0,0.0,0.0,0.0,19259.0,5.0,60600.0,17794.0,5.0,60612.0
42.949609595001675,0.0,0.0,0.0,0.0,0.0,0.0,0.0,0.0,0.0,0.0,0.0,0.0,0.0,19260.0,5.0,60620.0,17795.0,5.0,60632.0
42.955350742995506,0.0,0.0,0.0,0.0,0.0,0.0,0.0,0.0,0.0,0.0,0.0,0.0,0.0,19261.0,5.0,60640.0,17796.0,5.0,60653.0
43.37206475599669,0.0,0.0,0.0,0.0,0.0,0.0,0.0,0.0,0.0,0.0,0.0,0.0,0.0,19262.0,5.0,60660.0,17797.0,5.0,60673.0
43.37229462999676,0.0,0.0,0.0,0.0,0.0,0.0,0.0,0.0,0.0,0.0,0.0,0.0,0.0,19263.0,5.0,60680.0,17798.0,5.0,60692.0
43.37237074099539,0.0,0.0,0.0,0.0,0.0,0.0,0.0,0.0,0.0,0.0,0.0,0.0,0.0,19264.0,5.0,60700.0,17799.0,5.0,60713.0
43.37282144300116,0.0,0.0,0.0,0.0,0.0,0.0,0.0,0.0,0.0,0.0,0.0,0.0,0.0,19265.0,5.0,60720.0,17800.0,5.0,60733.0
43.37302123499103,0.0,0.0,0.0,0.0,0.0,0.0,0.0,0.0,0.0,0.0,0.0,0.0,0.0,19266.0,5.0,60740.0,17801.0,5.0,60744.0
43.373095852992265,0.0,0.0,0.0,0.0,0.0,0.0,0.0,0.0,0.0,0.0,0.0,0.0,0.0,19267.0,5.0,60760.0,17802.0,5.0,60763.0
43.37316272799217,0.0,0.0,0.0,0.0,0.0,0.0,0.0,0.0,0.0,0.0,0.0,0.0,0.0,19268.0,5.0,60780.0,17803.0,5.0,60793.0
43.37323915900197,0.0,0.0,0.0,0.0,0.0,0.0,0.0,0.0,0.0,0.0,0.0,0.0,0.0,19269.0,5.0,60800.0,17804.0,5.0,60813.0
43.37329906100058,0.0,0.0,0.0,0.0,0.0,0.0,0.0,0.0,0.0,0.0,0.0,0.0,0.0,19270.0,5.0,60820.0,17805.0,5.0,60833.0
43.37335902400082,0.0,0.0,0.0,0.0,0.0,0.0,0.0,0.0,0.0,0.0,0.0,0.0,0.0,19271.0,5.0,60840.0,17806.0,5.0,60844.0
43.373418185001356,0.0,0.0,0.0,0.0,0.0,0.0,0.0,0.0,0.0,0.0,0.0,0.0,0.0,19272.0,5.0,60860.0,17807.0,5.0,60863.0
43.37347580399364,0.0,0.0,0.0,0.0,0.0,0.0,0.0,0.0,0.0,0.0,0.0,0.0,0.0,19273.0,5.0,60880.0,17808.0,5.0,60893.0
43.37353418399289,0.0,0.0,0.0,0.0,0.0,0.0,0.0,0.0,0.0,0.0,0.0,0.0,0.0,19274.0,5.0,60900.0,17809.0,5.0,60913.0
43.38440486299805,0.0,0.0,0.0,0.0,0.0,0.0,0.0,0.0,0.0,0.0,0.0,0.0,0.0,19283.0,5.0,61080.0,17810.0,5.0,61084.0
43.41374746499059,0.0,0.0,0.0,0.0,0.0,0.0,0.0,0.0,0.0,0.0,0.0,0.0,0.0,19284.0,5.0,61100.0,17811.0,5.0,61113.0
43.433752124998136,0.0,0.0,0.0,0.0,0.0,0.0,0.0,0.0,0.0,0.0,0.0,0.0,0.0,19285.0,5.0,61120.0,17812.0,5.0,61133.0
43.4537352490006,0.0,0.0,0.0,0.0,0.0,0.0,0.0,0.0,0.0,0.0,0.0,0.0,0.0,19286.0,5.0,61140.0,17813.0,5.0,61153.0
43.47323170899472,0.0,0.0,0.0,0.0,0.0,0.0,0.0,0.0,0.0,0.0,0.0,0.0,0.0,19287.0,5.0,61160.0,17814.0,5.0,61172.0
43.882871412992245,0.0,0.0,0.0,0.0,0.0,0.0,0.0,0.0,0.0,0.0,0.0,0.0,0.0,19288.0,5.0,61180.0,17815.0,5.0,61193.0
43.883376689002034,0.0,0.0,0.0,0.0,0.0,0.0,0.0,0.0,0.0,0.0,0.0,0.0,0.0,19298.0,5.0,61380.0,17825.0,5.0,61383.0
43.88357592000102,0.0,0.0,0.0,0.0,0.0,0.0,0.0,0.0,0.0,0.0,0.0,0.0,0.0,19299.0,5.0,61400.0,17826.0,5.0,61403.0
43.88364650099538,0.0,0.0,0.0,0.0,0.0,0.0,0.0,0.0,0.0,0.0,0.0,0.0,0.0,19300.0,5.0,61420.0,17827.0,5.0,61433.0
43.88371482799994,0.0,0.0,0.0,0.0,0.0,0.0,0.0,0.0,0.0,0.0,0.0,0.0,0.0,19301.0,5.0,61440.0,17828.0,5.0,61453.0
43.88377929899434,0.0,0.0,0.0,0.0,0.0,0.0,0.0,0.0,0.0,0.0,0.0,0.0,0.0,19302.0,5.0,61460.0,17829.0,5.0,61473.0
43.88384219699947,0.0,0.0,0.0,0.0,0.0,0.0,0.0,0.0,0.0,0.0,0.0,0.0,0.0,19303.0,5.0,61480.0,17830.0,5.0,61495.0
43.88391253699956,0.0,0.0,0.0,0.0,0.0,0.0,0.0,0.0,0.0,0.0,0.0,0.0,0.0,19304.0,5.0,61500.0,17831.0,5.0,61504.0
43.88397537499259,0.0,0.0,0.0,0.0,0.0,0.0,0.0,0.0,0.0,0.0,0.0,0.0,0.0,19305.0,5.0,61520.0,17832.0,5.0,61523.0
43.88403551800002,0.0,0.0,0.0,0.0,0.0,0.0,0.0,0.0,0.0,0.0,0.0,0.0,0.0,19306.0,5.0,61540.0,17833.0,5.0,61553.0
43.884095621004235,0.0,0.0,0.0,0.0,0.0,0.0,0.0,0.0,0.0,0.0,0.0,0.0,0.0,19307.0,5.0,61560.0,17834.0,5.0,61573.0
43.89310153799306,0.0,0.0,0.0,0.0,0.0,0.0,0.0,0.0,0.0,0.0,0.0,0.0,0.0,19308.0,5.0,61580.0,17835.0,5.0,61593.0
43.90317789900291,0.0,0.0,0.0,0.0,0.0,0.0,0.0,0.0,0.0,0.0,0.0,0.0,0.0,19309.0,5.0,61600.0,17836.0,5.0,61603.0
43.93283043499105,0.0,0.0,0.0,0.0,0.0,0.0,0.0,0.0,0.0,0.0,0.0,0.0,0.0,19310.0,5.0,61620.0,17837.0,5.0,61633.0
43.953513186992495,0.0,0.0,0.0,0.0,0.0,0.0,0.0,0.0,0.0,0.0,0.0,0.0,0.0,19311.0,5.0,61640.0,17838.0,5.0,61653.0
43.97290335199796,0.0,0.0,0.0,0.0,0.0,0.0,0.0,0.0,0.0,0.0,0.0,0.0,0.0,19312.0,5.0,61660.0,17839.0,5.0,61673.0
44.50212047000241,0.0,0.0,0.0,0.0,0.0,0.0,0.0,0.0,0.0,0.0,0.0,0.0,0.0,19315.0,5.0,61720.0,17842.0,5.0,61733.0
44.502302662003785,0.0,0.0,0.0,0.0,0.0,0.0,0.0,0.0,0.0,0.0,0.0,0.0,0.0,19316.0,5.0,61740.0,17843.0,5.0,61753.0
44.50238631600223,0.0,0.0,0.0,0.0,0.0,0.0,0.0,0.0,0.0,0.0,0.0,0.0,0.0,19318.0,5.0,61780.0,17845.0,5.0,61793.0
44.50245507300133,0.0,0.0,0.0,0.0,0.0,0.0,0.0,0.0,0.0,0.0,0.0,0.0,0.0,19319.0,5.0,61800.0,17846.0,5.0,61803.0
44.50252202799311,0.0,0.0,0.0,0.0,0.0,0.0,0.0,0.0,0.0,0.0,0.0,0.0,0.0,19320.0,5.0,61820.0,17847.0,5.0,61833.0
44.50258545699762,0.0,0.0,0.0,0.0,0.0,0.0,0.0,0.0,0.0,0.0,0.0,0.0,0.0,19321.0,5.0,61840.0,17848.0,5.0,61853.0
44.50265278200095,0.0,0.0,0.0,0.0,0.0,0.0,0.0,0.0,0.0,0.0,0.0,0.0,0.0,19323.0,5.0,61880.0,17850.0,5.0,61893.0
44.50272319299984,0.0,0.0,0.0,0.0,0.0,0.0,0.0,0.0,0.0,0.0,0.0,0.0,0.0,19324.0,5.0,61900.0,17851.0,5.0,61904.0
44.50278309600253,0.0,0.0,0.0,0.0,0.0,0.0,0.0,0.0,0.0,0.0,0.0,0.0,0.0,19326.0,5.0,61940.0,17853.0,5.0,61943.0
44.50284365899279,0.0,0.0,0.0,0.0,0.0,0.0,0.0,0.0,0.0,0.0,0.0,0.0,0.0,19328.0,5.0,61980.0,17855.0,5.0,61994.0
44.605155718003516,0.0,0.0,0.0,0.0,0.0,0.0,0.0,0.0,0.0,0.0,0.0,0.0,0.0,19330.0,5.0,62020.0,17857.0,5.0,62023.0
44.905818083992926,0.0,0.0,0.0,0.0,0.0,0.0,0.0,0.0,0.0,0.0,0.0,0.0,0.0,19331.0,5.0,62040.0,17858.0,5.0,62053.0
44.90601356899424,0.0,0.0,0.0,0.0,0.0,0.0,0.0,0.0,0.0,0.0,0.0,0.0,0.0,19332.0,5.0,62060.0,17859.0,5.0,62073.0
44.90609226399101,0.0,0.0,0.0,0.0,0.0,0.0,0.0,0.0,0.0,0.0,0.0,0.0,0.0,19333.0,5.0,62080.0,17860.0,5.0,62093.0
44.90615763599635,0.0,0.0,0.0,0.0,0.0,0.0,0.0,0.0,0.0,0.0,0.0,0.0,0.0,19334.0,5.0,62100.0,17861.0,5.0,62102.0
44.90622324899596,0.0,0.0,0.0,0.0,0.0,0.0,0.0,0.0,0.0,0.0,0.0,0.0,0.0,19335.0,5.0,62120.0,17862.0,5.0,62133.0
44.90629312899546,0.0,0.0,0.0,0.0,0.0,0.0,0.0,0.0,0.0,0.0,0.0,0.0,0.0,19336.0,5.0,62140.0,17863.0,5.0,62153.0
44.90635885100346,0.0,0.0,0.0,0.0,0.0,0.0,0.0,0.0,0.0,0.0,0.0,0.0,0.0,19337.0,5.0,62160.0,17864.0,5.0,62173.0
44.90642453399778,0.0,0.0,0.0,0.0,0.0,0.0,0.0,0.0,0.0,0.0,0.0,0.0,0.0,19339.0,5.0,62200.0,17865.0,5.0,62211.0
44.906483875995036,0.0,0.0,0.0,0.0,0.0,0.0,0.0,0.0,0.0,0.0,0.0,0.0,0.0,19340.0,5.0,62220.0,17866.0,5.0,62223.0
44.906545200996334,0.0,0.0,0.0,0.0,0.0,0.0,0.0,0.0,0.0,0.0,0.0,0.0,0.0,19341.0,5.0,62240.0,17867.0,5.0,62253.0
44.906609119992936,0.0,0.0,0.0,0.0,0.0,0.0,0.0,0.0,0.0,0.0,0.0,0.0,0.0,19342.0,5.0,62260.0,17868.0,5.0,62273.0
44.906678639003076,0.0,0.0,0.0,0.0,0.0,0.0,0.0,0.0,0.0,0.0,0.0,0.0,0.0,19343.0,5.0,62280.0,17869.0,5.0,62293.0
44.906745314001455,0.0,0.0,0.0,0.0,0.0,0.0,0.0,0.0,0.0,0.0,0.0,0.0,0.0,19344.0,5.0,62300.0,17870.0,5.0,62313.0
44.90680690899899,0.0,0.0,0.0,0.0,0.0,0.0,0.0,0.0,0.0,0.0,0.0,0.0,0.0,19345.0,5.0,62320.0,17871.0,5.0,62323.0
44.906869486992946,0.0,0.0,0.0,0.0,0.0,0.0,0.0,0.0,0.0,0.0,0.0,0.0,0.0,19346.0,5.0,62340.0,17872.0,5.0,62353.0
44.906963307992555,0.0,0.0,0.0,0.0,0.0,0.0,0.0,0.0,0.0,0.0,0.0,0.0,0.0,19347.0,5.0,62360.0,17873.0,5.0,62373.0
44.907125074998476,0.0,0.0,0.0,0.0,0.0,0.0,0.0,0.0,0.0,0.0,0.0,0.0,0.0,19348.0,5.0,62380.0,17874.0,5.0,62393.0
44.90731107399915,0.0,0.0,0.0,0.0,0.0,0.0,0.0,0.0,0.0,0.0,0.0,0.0,0.0,19349.0,5.0,62400.0,17875.0,5.0,62413.0
44.90751464299683,0.0,0.0,0.0,0.0,0.0,0.0,0.0,0.0,0.0,0.0,0.0,0.0,0.0,19350.0,5.0,62420.0,17876.0,5.0,62423.0
44.90766825599712,0.0,0.0,0.0,0.0,0.0,0.0,0.0,0.0,0.0,0.0,0.0,0.0,0.0,19351.0,5.0,62440.0,17877.0,5.0,62443.0
44.90798474899202,0.0,0.0,0.0,0.0,0.0,0.0,0.0,0.0,0.0,0.0,0.0,0.0,0.0,19352.0,5.0,62460.0,17878.0,5.0,62473.0
44.90816025999084,0.0,0.0,0.0,0.0,0.0,0.0,0.0,0.0,0.0,0.0,0.0,0.0,0.0,19353.0,5.0,62480.0,17879.0,5.0,62495.0
44.90831449399411,0.0,0.0,0.0,0.0,0.0,0.0,0.0,0.0,0.0,0.0,0.0,0.0,0.0,19354.0,5.0,62500.0,17880.0,5.0,62502.0
44.908535693000886,0.0,0.0,0.0,0.0,0.0,0.0,0.0,0.0,0.0,0.0,0.0,0.0,0.0,19355.0,5.0,62520.0,17881.0,5.0,62523.0
44.91112511299434,0.0,0.0,0.0,0.0,0.0,0.0,0.0,0.0,0.0,0.0,0.0,0.0,0.0,19356.0,5.0,62540.0,17882.0,5.0,62553.0
44.91130150499521,0.0,0.0,0.0,0.0,0.0,0.0,0.0,0.0,0.0,0.0,0.0,0.0,0.0,19357.0,5.0,62560.0,17883.0,5.0,62573.0
44.91143882100005,0.0,0.0,0.0,0.0,0.0,0.0,0.0,0.0,0.0,0.0,0.0,0.0,0.0,19358.0,5.0,62580.0,17884.0,5.0,62593.0
44.915604972993606,0.0,0.0,0.0,0.0,0.0,0.0,0.0,0.0,0.0,0.0,0.0,0.0,0.0,19359.0,5.0,62600.0,17885.0,5.0,62613.0
44.924641006000456,0.0,0.0,0.0,0.0,0.0,0.0,0.0,0.0,0.0,0.0,0.0,0.0,0.0,19360.0,5.0,62620.0,17886.0,5.0,62622.0
44.95611618900148,0.0,0.0,0.0,0.0,0.0,0.0,0.0,0.0,0.0,0.0,0.0,0.0,0.0,19361.0,5.0,62640.0,17887.0,5.0,62653.0
44.97296909299621,0.0,0.0,0.0,0.0,0.0,0.0,0.0,0.0,0.0,0.0,0.0,0.0,0.0,19362.0,5.0,62660.0,17888.0,5.0,62673.0
44.993418362995726,0.0,0.0,0.0,0.0,0.0,0.0,0.0,0.0,0.0,0.0,0.0,0.0,0.0,19363.0,5.0,62680.0,17889.0,5.0,62693.0
45.4142088899971,0.0,0.0,0.0,0.0,0.0,0.0,0.0,0.0,0.0,0.0,0.0,0.0,0.0,19364.0,5.0,62700.0,17890.0,5.0,62713.0
45.414311125990935,0.0,0.0,0.0,0.0,0.0,0.0,0.0,0.0,0.0,0.0,0.0,0.0,0.0,19365.0,5.0,62720.0,17891.0,5.0,62723.0
45.414383278999594,0.0,0.0,0.0,0.0,0.0,0.0,0.0,0.0,0.0,0.0,0.0,0.0,0.0,19366.0,5.0,62740.0,17892.0,5.0,62753.0
45.41444136899372,0.0,0.0,0.0,0.0,0.0,0.0,0.0,0.0,0.0,0.0,0.0,0.0,0.0,19367.0,5.0,62760.0,17893.0,5.0,62773.0
45.414497795994976,0.0,0.0,0.0,0.0,0.0,0.0,0.0,0.0,0.0,0.0,0.0,0.0,0.0,19368.0,5.0,62780.0,17894.0,5.0,62793.0
45.41455443299492,0.0,0.0,0.0,0.0,0.0,0.0,0.0,0.0,0.0,0.0,0.0,0.0,0.0,19369.0,5.0,62800.0,17895.0,5.0,62813.0
45.414611239990336,0.0,0.0,0.0,0.0,0.0,0.0,0.0,0.0,0.0,0.0,0.0,0.0,0.0,19370.0,5.0,62820.0,17896.0,5.0,62823.0
45.41467310600274,0.0,0.0,0.0,0.0,0.0,0.0,0.0,0.0,0.0,0.0,0.0,0.0,0.0,19371.0,5.0,62840.0,17897.0,5.0,62843.0
45.41472983399581,0.0,0.0,0.0,0.0,0.0,0.0,0.0,0.0,0.0,0.0,0.0,0.0,0.0,19372.0,5.0,62860.0,17898.0,5.0,62873.0
45.4147896959912,0.0,0.0,0.0,0.0,0.0,0.0,0.0,0.0,0.0,0.0,0.0,0.0,0.0,19373.0,5.0,62880.0,17899.0,5.0,62893.0
45.414845160994446,0.0,0.0,0.0,0.0,0.0,0.0,0.0,0.0,0.0,0.0,0.0,0.0,0.0,19374.0,5.0,62900.0,17900.0,5.0,62913.0
45.42483980699035,0.0,0.0,0.0,0.0,0.0,0.0,0.0,0.0,0.0,0.0,0.0,0.0,0.0,19385.0,5.0,63120.0,17901.0,5.0,63125.0
45.44540751999011,0.0,0.0,0.0,0.0,0.0,0.0,0.0,0.0,0.0,0.0,0.0,0.0,0.0,19386.0,5.0,63140.0,17902.0,5.0,63143.0
45.472832999992534,0.0,0.0,0.0,0.0,0.0,0.0,0.0,0.0,0.0,0.0,0.0,0.0,0.0,19387.0,5.0,63160.0,17903.0,5.0,63173.0
45.49442864599405,0.0,0.0,0.0,0.0,0.0,0.0,0.0,0.0,0.0,0.0,0.0,0.0,0.0,19388.0,5.0,63180.0,17904.0,5.0,63193.0
45.92815197899472,0.0,0.0,0.0,0.0,0.0,0.0,0.0,0.0,0.0,0.0,0.0,0.0,0.0,19389.0,5.0,63200.0,17905.0,5.0,63213.0
45.92854327999521,0.0,0.0,0.0,0.0,0.0,0.0,0.0,0.0,0.0,0.0,0.0,0.0,0.0,19391.0,5.0,63240.0,17907.0,5.0,63243.0
45.92866487900028,0.0,0.0,0.0,0.0,0.0,0.0,0.0,0.0,0.0,0.0,0.0,0.0,0.0,19392.0,5.0,63260.0,17908.0,5.0,63273.0
45.92873443799908,0.0,0.0,0.0,0.0,0.0,0.0,0.0,0.0,0.0,0.0,0.0,0.0,0.0,19393.0,5.0,63280.0,17909.0,5.0,63293.0
45.9288001209934,0.0,0.0,0.0,0.0,0.0,0.0,0.0,0.0,0.0,0.0,0.0,0.0,0.0,19394.0,5.0,63300.0,17910.0,5.0,63313.0
45.928860854997765,0.0,0.0,0.0,0.0,0.0,0.0,0.0,0.0,0.0,0.0,0.0,0.0,0.0,19395.0,5.0,63320.0,17911.0,5.0,63323.0
45.92893311899388,0.0,0.0,0.0,0.0,0.0,0.0,0.0,0.0,0.0,0.0,0.0,0.0,0.0,19396.0,5.0,63340.0,17912.0,5.0,63353.0
45.92899538599886,0.0,0.0,0.0,0.0,0.0,0.0,0.0,0.0,0.0,0.0,0.0,0.0,0.0,19397.0,5.0,63360.0,17913.0,5.0,63373.0
45.929056449997006,0.0,0.0,0.0,0.0,0.0,0.0,0.0,0.0,0.0,0.0,0.0,0.0,0.0,19398.0,5.0,63380.0,17914.0,5.0,63393.0
45.929118005995406,0.0,0.0,0.0,0.0,0.0,0.0,0.0,0.0,0.0,0.0,0.0,0.0,0.0,19399.0,5.0,63400.0,17915.0,5.0,63413.0
45.9291844899999,0.0,0.0,0.0,0.0,0.0,0.0,0.0,0.0,0.0,0.0,0.0,0.0,0.0,19400.0,5.0,63420.0,17916.0,5.0,63423.0
45.9292450639914,0.0,0.0,0.0,0.0,0.0,0.0,0.0,0.0,0.0,0.0,0.0,0.0,0.0,19401.0,5.0,63440.0,17917.0,5.0,63453.0
45.92930610799522,0.0,0.0,0.0,0.0,0.0,0.0,0.0,0.0,0.0,0.0,0.0,0.0,0.0,19402.0,5.0,63460.0,17918.0,5.0,63473.0
45.92936788400402,0.0,0.0,0.0,0.0,0.0,0.0,0.0,0.0,0.0,0.0,0.0,0.0,0.0,19403.0,5.0,63480.0,17919.0,5.0,63494.0
45.92942709599447,0.0,0.0,0.0,0.0,0.0,0.0,0.0,0.0,0.0,0.0,0.0,0.0,0.0,19404.0,5.0,63500.0,17920.0,5.0,63502.0
45.92948486500245,0.0,0.0,0.0,0.0,0.0,0.0,0.0,0.0,0.0,0.0,0.0,0.0,0.0,19405.0,5.0,63520.0,17921.0,5.0,63524.0
45.92957634199411,0.0,0.0,0.0,0.0,0.0,0.0,0.0,0.0,0.0,0.0,0.0,0.0,0.0,19406.0,5.0,63540.0,17922.0,5.0,63543.0
45.929759947001,0.0,0.0,0.0,0.0,0.0,0.0,0.0,0.0,0.0,0.0,0.0,0.0,0.0,19407.0,5.0,63560.0,17923.0,5.0,63573.0
45.929919100002735,0.0,0.0,0.0,0.0,0.0,0.0,0.0,0.0,0.0,0.0,0.0,0.0,0.0,19408.0,5.0,63580.0,17924.0,5.0,63593.0
45.93008985299093,0.0,0.0,0.0,0.0,0.0,0.0,0.0,0.0,0.0,0.0,0.0,0.0,0.0,19409.0,5.0,63600.0,17925.0,5.0,63613.0
45.93041461899702,0.0,0.0,0.0,0.0,0.0,0.0,0.0,0.0,0.0,0.0,0.0,0.0,0.0,19410.0,5.0,63620.0,17926.0,5.0,63623.0
45.963854394998634,0.0,0.0,0.0,0.0,0.0,0.0,0.0,0.0,0.0,0.0,0.0,0.0,0.0,19411.0,5.0,63640.0,17927.0,5.0,63653.0
45.97278623300372,0.0,0.0,0.0,0.0,0.0,0.0,0.0,0.0,0.0,0.0,0.0,0.0,0.0,19412.0,5.0,63660.0,17928.0,5.0,63673.0
45.99288479999814,0.0,0.0,0.0,0.0,0.0,0.0,0.0,0.0,0.0,0.0,0.0,0.0,0.0,19413.0,5.0,63680.0,17929.0,5.0,63693.0
46.01910941299866,0.0,0.0,0.0,0.0,0.0,0.0,0.0,0.0,0.0,0.0,0.0,0.0,0.0,19414.0,5.0,63700.0,17930.0,5.0,63713.0
46.02495841299242,0.0,0.0,0.0,0.0,0.0,0.0,0.0,0.0,0.0,0.0,0.0,0.0,0.0,19415.0,5.0,63720.0,17931.0,5.0,63723.0
46.05158519500401,0.0,0.0,0.0,0.0,0.0,0.0,0.0,0.0,0.0,0.0,0.0,0.0,0.0,19416.0,5.0,63740.0,17932.0,5.0,63743.0
46.08341959799873,0.0,0.0,0.0,0.0,0.0,0.0,0.0,0.0,0.0,0.0,0.0,0.0,0.0,19417.0,5.0,63760.0,17933.0,5.0,63773.0
46.09449744599988,0.0,0.0,0.0,0.0,0.0,0.0,0.0,0.0,0.0,0.0,0.0,0.0,0.0,19418.0,5.0,63780.0,17934.0,5.0,63793.0
46.2421574589971,0.0,0.0,0.0,0.0,0.0,0.0,0.0,0.0,0.0,0.0,0.0,0.0,0.0,19419.0,5.0,63800.0,17935.0,5.0,63813.0
46.24245953699574,0.0,0.0,0.0,0.0,0.0,0.0,0.0,0.0,0.0,0.0,0.0,0.0,0.0,19420.0,5.0,63820.0,17936.0,5.0,63823.0
46.24260879299254,0.0,0.0,0.0,0.0,0.0,0.0,0.0,0.0,0.0,0.0,0.0,0.0,0.0,19421.0,5.0,63840.0,17937.0,5.0,63853.0
46.242846439999994,0.0,0.0,0.0,0.0,0.0,0.0,0.0,0.0,0.0,0.0,0.0,0.0,0.0,19422.0,5.0,63860.0,17938.0,5.0,63873.0
46.24301863499568,0.0,0.0,0.0,0.0,0.0,0.0,0.0,0.0,0.0,0.0,0.0,0.0,0.0,19423.0,5.0,63880.0,17939.0,5.0,63893.0
46.24311287699675,0.0,0.0,0.0,0.0,0.0,0.0,0.0,0.0,0.0,0.0,0.0,0.0,0.0,19424.0,5.0,63900.0,17940.0,5.0,63913.0
46.24329700299131,0.0,0.0,0.0,0.0,0.0,0.0,0.0,0.0,0.0,0.0,0.0,0.0,0.0,19425.0,5.0,63920.0,17941.0,5.0,63923.0
46.2878014040034,0.0,0.0,0.0,0.0,0.0,0.0,0.0,0.0,0.0,0.0,0.0,0.0,0.0,19426.0,5.0,63940.0,17942.0,5.0,63953.0
46.288156722992426,0.0,0.0,0.0,0.0,0.0,0.0,0.0,0.0,0.0,0.0,0.0,0.0,0.0,19427.0,5.0,63960.0,17943.0,5.0,63972.0
46.295412856998155,0.0,0.0,0.0,0.0,0.0,0.0,0.0,0.0,0.0,0.0,0.0,0.0,0.0,19428.0,5.0,63980.0,17944.0,5.0,63994.0
46.3031116189959,0.0,0.0,0.0,0.0,0.0,0.0,0.0,0.0,0.0,0.0,0.0,0.0,0.0,19429.0,5.0,64000.0,17945.0,5.0,64002.0
46.32342463399982,0.0,0.0,0.0,0.0,0.0,0.0,0.0,0.0,0.0,0.0,0.0,0.0,0.0,19430.0,5.0,64020.0,17946.0,5.0,64023.0
46.3523906479968,0.0,0.0,0.0,0.0,0.0,0.0,0.0,0.0,0.0,0.0,0.0,0.0,0.0,19431.0,5.0,64040.0,17947.0,5.0,64053.0
46.375120356999105,0.0,0.0,0.0,0.0,0.0,0.0,0.0,0.0,0.0,0.0,0.0,0.0,0.0,19432.0,5.0,64060.0,17948.0,5.0,64073.0
46.39267650399415,0.0,0.0,0.0,0.0,0.0,0.0,0.0,0.0,0.0,0.0,0.0,0.0,0.0,19433.0,5.0,64080.0,17949.0,5.0,64093.0
46.464250777004054,0.0,0.0,0.0,0.0,0.0,0.0,0.0,0.0,0.0,0.0,0.0,0.0,0.0,19434.0,5.0,64100.0,17950.0,5.0,64113.0
46.464608790993225,0.0,0.0,0.0,0.0,0.0,0.0,0.0,0.0,0.0,0.0,0.0,0.0,0.0,19435.0,5.0,64120.0,17951.0,5.0,64123.0
46.46488292199501,0.0,0.0,0.0,0.0,0.0,0.0,0.0,0.0,0.0,0.0,0.0,0.0,0.0,19436.0,5.0,64140.0,17952.0,5.0,64153.0
46.51333752699429,0.0,0.0,0.0,0.0,0.0,0.0,0.0,0.0,0.0,0.0,0.0,0.0,0.0,19437.0,5.0,64160.0,17953.0,5.0,64173.0
46.51369527999486,0.0,0.0,0.0,0.0,0.0,0.0,0.0,0.0,0.0,0.0,0.0,0.0,0.0,19438.0,5.0,64180.0,17954.0,5.0,64193.0
46.51395163999405,0.0,0.0,0.0,0.0,0.0,0.0,0.0,0.0,0.0,0.0,0.0,0.0,0.0,19439.0,5.0,64200.0,17955.0,5.0,64212.0
46.52240289299516,0.0,0.0,0.0,0.0,0.0,0.0,0.0,0.0,0.0,0.0,0.0,0.0,0.0,19440.0,5.0,64220.0,17956.0,5.0,64222.0
46.55304887799139,0.0,0.0,0.0,0.0,0.0,0.0,0.0,0.0,0.0,0.0,0.0,0.0,0.0,19441.0,5.0,64240.0,17957.0,5.0,64253.0
46.57403581799008,0.0,0.0,0.0,0.0,0.0,0.0,0.0,0.0,0.0,0.0,0.0,0.0,0.0,19442.0,5.0,64260.0,17958.0,5.0,64273.0
46.60367628899985,0.0,0.0,0.0,0.0,0.0,0.0,0.0,0.0,0.0,0.0,0.0,0.0,0.0,19443.0,5.0,64280.0,17959.0,5.0,64292.0
46.61409006699978,0.0,0.0,0.0,0.0,0.0,0.0,0.0,0.0,0.0,0.0,0.0,0.0,0.0,19444.0,5.0,64300.0,17960.0,5.0,64313.0
46.6839271709905,0.0,0.0,0.0,0.0,0.0,0.0,0.0,0.0,0.0,0.0,0.0,0.0,0.0,19445.0,5.0,64320.0,17961.0,5.0,64323.0
46.684262105991365,0.0,0.0,0.0,0.0,0.0,0.0,0.0,0.0,0.0,0.0,0.0,0.0,0.0,19446.0,5.0,64340.0,17962.0,5.0,64353.0
46.68449626700021,0.0,0.0,0.0,0.0,0.0,0.0,0.0,0.0,0.0,0.0,0.0,0.0,0.0,19447.0,5.0,64360.0,17963.0,5.0,64373.0
46.72768185500172,0.0,0.0,0.0,0.0,0.0,0.0,0.0,0.0,0.0,0.0,0.0,0.0,0.0,19448.0,5.0,64380.0,17964.0,5.0,64393.0
46.727835537996725,0.0,0.0,0.0,0.0,0.0,0.0,0.0,0.0,0.0,0.0,0.0,0.0,0.0,19449.0,5.0,64400.0,17965.0,5.0,64413.0
46.72789801500039,0.0,0.0,0.0,0.0,0.0,0.0,0.0,0.0,0.0,0.0,0.0,0.0,0.0,19450.0,5.0,64420.0,17966.0,5.0,64423.0
46.75909995699476,0.0,0.0,0.0,0.0,0.0,0.0,0.0,0.0,0.0,0.0,0.0,0.0,0.0,19451.0,5.0,64440.0,17967.0,5.0,64453.0
46.77219188399613,0.0,0.0,0.0,0.0,0.0,0.0,0.0,0.0,0.0,0.0,0.0,0.0,0.0,19452.0,5.0,64460.0,17968.0,5.0,64473.0
46.79690190999827,0.0,0.0,0.0,0.0,0.0,0.0,0.0,0.0,0.0,0.0,0.0,0.0,0.0,19453.0,5.0,64480.0,17969.0,5.0,64494.0
46.80082765399129,0.0,0.0,0.0,0.0,0.0,0.0,0.0,0.0,0.0,0.0,0.0,0.0,0.0,19454.0,5.0,64500.0,17970.0,5.0,64502.0
46.833214568003314,0.0,0.0,0.0,0.0,0.0,0.0,0.0,0.0,0.0,0.0,0.0,0.0,0.0,19455.0,5.0,64520.0,17971.0,5.0,64523.0
46.86506315799488,0.0,0.0,0.0,0.0,0.0,0.0,0.0,0.0,0.0,0.0,0.0,0.0,0.0,19456.0,5.0,64540.0,17972.0,5.0,64553.0
46.94999946199823,0.0,0.0,0.0,0.0,0.0,0.0,0.0,0.0,0.0,0.0,0.0,0.0,0.0,19457.0,5.0,64560.0,17973.0,5.0,64573.0
46.950343873002566,0.0,0.0,0.0,0.0,0.0,0.0,0.0,0.0,0.0,0.0,0.0,0.0,0.0,19458.0,5.0,64580.0,17974.0,5.0,64593.0
46.95058673899621,0.0,0.0,0.0,0.0,0.0,0.0,0.0,0.0,0.0,0.0,0.0,0.0,0.0,19459.0,5.0,64600.0,17975.0,5.0,64613.0
46.95083171899023,0.0,0.0,0.0,0.0,0.0,0.0,0.0,0.0,0.0,0.0,0.0,0.0,0.0,19460.0,5.0,64620.0,17976.0,5.0,64623.0
46.95238526399771,0.0,0.0,0.0,0.0,0.0,0.0,0.0,0.0,0.0,0.0,0.0,0.0,0.0,19461.0,5.0,64640.0,17977.0,5.0,64653.0
46.974301276990445,0.0,0.0,0.0,0.0,0.0,0.0,0.0,0.0,0.0,0.0,0.0,0.0,0.0,19462.0,5.0,64660.0,17978.0,5.0,64673.0
46.99252677000186,0.0,0.0,0.0,0.0,0.0,0.0,0.0,0.0,0.0,0.0,0.0,0.0,0.0,19463.0,5.0,64680.0,17979.0,5.0,64693.0
47.012314783001784,0.0,0.0,0.0,0.0,0.0,0.0,0.0,0.0,0.0,0.0,0.0,0.0,0.0,19464.0,5.0,64700.0,17980.0,5.0,64713.0
47.02336130099138,0.0,0.0,0.0,0.0,0.0,0.0,0.0,0.0,0.0,0.0,0.0,0.0,0.0,19465.0,5.0,64720.0,17981.0,5.0,64723.0
47.05381638200197,0.0,0.0,0.0,0.0,0.0,0.0,0.0,0.0,0.0,0.0,0.0,0.0,0.0,19466.0,5.0,64740.0,17982.0,5.0,64753.0
47.167815818000236,0.0,0.0,0.0,0.0,0.0,0.0,0.0,0.0,0.0,0.0,0.0,0.0,0.0,19467.0,5.0,64760.0,17983.0,5.0,64773.0
47.16815218499687,0.0,0.0,0.0,0.0,0.0,0.0,0.0,0.0,0.0,0.0,0.0,0.0,0.0,19468.0,5.0,64780.0,17984.0,5.0,64792.0
47.168344645004254,0.0,0.0,0.0,0.0,0.0,0.0,0.0,0.0,0.0,0.0,0.0,0.0,0.0,19469.0,5.0,64800.0,17985.0,5.0,64813.0
47.168401943999925,0.0,0.0,0.0,0.0,0.0,0.0,0.0,0.0,0.0,0.0,0.0,0.0,0.0,19470.0,5.0,64820.0,17986.0,5.0,64823.0
47.16845998300414,0.0,0.0,0.0,0.0,0.0,0.0,0.0,0.0,0.0,0.0,0.0,0.0,0.0,19471.0,5.0,64840.0,17987.0,5.0,64853.0
47.17253427200194,0.0,0.0,0.0,0.0,0.0,0.0,0.0,0.0,0.0,0.0,0.0,0.0,0.0,19472.0,5.0,64860.0,17988.0,5.0,64873.0
47.19598906399915,0.0,0.0,0.0,0.0,0.0,0.0,0.0,0.0,0.0,0.0,0.0,0.0,0.0,19473.0,5.0,64880.0,17989.0,5.0,64893.0
47.21193689999927,0.0,0.0,0.0,0.0,0.0,0.0,0.0,0.0,0.0,0.0,0.0,0.0,0.0,19474.0,5.0,64900.0,17990.0,5.0,64913.0
47.22967139100365,0.0,0.0,0.0,0.0,0.0,0.0,0.0,0.0,0.0,0.0,0.0,0.0,0.0,19475.0,5.0,64920.0,17991.0,5.0,64930.0
47.25503790199582,0.0,0.0,0.0,0.0,0.0,0.0,0.0,0.0,0.0,0.0,0.0,0.0,0.0,19476.0,5.0,64940.0,17992.0,5.0,64953.0
47.27280107200204,0.0,0.0,0.0,0.0,0.0,0.0,0.0,0.0,0.0,0.0,0.0,0.0,0.0,19477.0,5.0,64960.0,17993.0,5.0,64973.0
47.3874529570021,0.0,0.0,0.0,0.0,0.0,0.0,0.0,0.0,0.0,0.0,0.0,0.0,0.0,19478.0,5.0,64980.0,17994.0,5.0,64994.0
47.38761090800108,0.0,0.0,0.0,0.0,0.0,0.0,0.0,0.0,0.0,0.0,0.0,0.0,0.0,19479.0,5.0,65000.0,17995.0,5.0,65002.0
47.3877905059926,0.0,0.0,0.0,0.0,0.0,0.0,0.0,0.0,0.0,0.0,0.0,0.0,0.0,19480.0,5.0,65020.0,17996.0,5.0,65023.0
47.38793343199359,0.0,0.0,0.0,0.0,0.0,0.0,0.0,0.0,0.0,0.0,0.0,0.0,0.0,19481.0,5.0,65040.0,17997.0,5.0,65053.0
47.38806944499083,0.0,0.0,0.0,0.0,0.0,0.0,0.0,0.0,0.0,0.0,0.0,0.0,0.0,19482.0,5.0,65060.0,17998.0,5.0,65073.0
47.39286940799502,0.0,0.0,0.0,0.0,0.0,0.0,0.0,0.0,0.0,0.0,0.0,0.0,0.0,19483.0,5.0,65080.0,17999.0,5.0,65092.0
47.414964057999896,0.0,0.0,0.0,0.0,0.0,0.0,0.0,0.0,0.0,0.0,0.0,0.0,0.0,19484.0,5.0,65100.0,18000.0,5.0,65113.0
47.43103906199394,0.0,0.0,0.0,0.0,0.0,0.0,0.0,0.0,0.0,0.0,0.0,0.0,0.0,19485.0,5.0,65120.0,18001.0,5.0,65122.0
47.45262486899446,0.0,0.0,0.0,0.0,0.0,0.0,0.0,0.0,0.0,0.0,0.0,0.0,0.0,19486.0,5.0,65140.0,18002.0,5.0,65153.0
47.47217581499717,0.0,0.0,0.0,0.0,0.0,0.0,0.0,0.0,0.0,0.0,0.0,0.0,0.0,19487.0,5.0,65160.0,18003.0,5.0,65173.0
47.50478041199676,0.0,0.0,0.0,0.0,0.0,0.0,0.0,0.0,0.0,0.0,0.0,0.0,0.0,19488.0,5.0,65180.0,18004.0,5.0,65193.0
47.60778937599389,0.0,0.0,0.0,0.0,0.0,0.0,0.0,0.0,0.0,0.0,0.0,0.0,0.0,19489.0,5.0,65200.0,18005.0,5.0,65213.0
47.60797137799091,0.0,0.0,0.0,0.0,0.0,0.0,0.0,0.0,0.0,0.0,0.0,0.0,0.0,19490.0,5.0,65220.0,18006.0,5.0,65222.0
47.60812927900406,0.0,0.0,0.0,0.0,0.0,0.0,0.0,0.0,0.0,0.0,0.0,0.0,0.0,19491.0,5.0,65240.0,18007.0,5.0,65253.0
47.60828598799708,0.0,0.0,0.0,0.0,0.0,0.0,0.0,0.0,0.0,0.0,0.0,0.0,0.0,19492.0,5.0,65260.0,18008.0,5.0,65273.0
47.608435834990814,0.0,0.0,0.0,0.0,0.0,0.0,0.0,0.0,0.0,0.0,0.0,0.0,0.0,19493.0,5.0,65280.0,18009.0,5.0,65293.0
47.61523952599964,0.0,0.0,0.0,0.0,0.0,0.0,0.0,0.0,0.0,0.0,0.0,0.0,0.0,19494.0,5.0,65300.0,18010.0,5.0,65313.0
47.62133458099561,0.0,0.0,0.0,0.0,0.0,0.0,0.0,0.0,0.0,0.0,0.0,0.0,0.0,19495.0,5.0,65320.0,18011.0,5.0,65322.0
47.652011441998184,0.0,0.0,0.0,0.0,0.0,0.0,0.0,0.0,0.0,0.0,0.0,0.0,0.0,19496.0,5.0,65340.0,18012.0,5.0,65353.0
47.672756265994394,0.0,0.0,0.0,0.0,0.0,0.0,0.0,0.0,0.0,0.0,0.0,0.0,0.0,19497.0,5.0,65360.0,18013.0,5.0,65373.0
47.69267906299501,0.0,0.0,0.0,0.0,0.0,0.0,0.0,0.0,0.0,0.0,0.0,0.0,0.0,19498.0,5.0,65380.0,18014.0,5.0,65393.0
47.71237420500256,0.0,0.0,0.0,0.0,0.0,0.0,0.0,0.0,0.0,0.0,0.0,0.0,0.0,19499.0,5.0,65400.0,18015.0,5.0,65413.0
47.769860186002916,0.0,0.0,0.0,0.0,0.0,0.0,0.0,0.0,0.0,0.0,0.0,0.0,0.0,19500.0,5.0,65420.0,18016.0,5.0,65423.0
47.77001963999646,0.0,0.0,0.0,0.0,0.0,0.0,0.0,0.0,0.0,0.0,0.0,0.0,0.0,19501.0,5.0,65440.0,18017.0,5.0,65453.0
47.82849657199404,0.0,0.0,0.0,0.0,0.0,0.0,0.0,0.0,0.0,0.0,0.0,0.0,0.0,19502.0,5.0,65460.0,18018.0,5.0,65473.0
47.82867877399258,0.0,0.0,0.0,0.0,0.0,0.0,0.0,0.0,0.0,0.0,0.0,0.0,0.0,19503.0,5.0,65480.0,18019.0,5.0,65494.0
47.82881482799712,0.0,0.0,0.0,0.0,0.0,0.0,0.0,0.0,0.0,0.0,0.0,0.0,0.0,19504.0,5.0,65500.0,18020.0,5.0,65502.0
47.82898510999803,0.0,0.0,0.0,0.0,0.0,0.0,0.0,0.0,0.0,0.0,0.0,0.0,0.0,19505.0,5.0,65520.0,18021.0,5.0,65523.0
47.85406644300383,0.0,0.0,0.0,0.0,0.0,0.0,0.0,0.0,0.0,0.0,0.0,0.0,0.0,19506.0,6.0,4.0,18022.0,6.0,17.0
47.87181753899495,0.0,0.0,0.0,0.0,0.0,0.0,0.0,0.0,0.0,0.0,0.0,0.0,0.0,19507.0,6.0,24.0,18023.0,6.0,37.0
47.89209703399683,0.0,0.0,0.0,0.0,0.0,0.0,0.0,0.0,0.0,0.0,0.0,0.0,0.0,19508.0,6.0,44.0,18024.0,6.0,57.0
47.91307753100409,0.0,0.0,0.0,0.0,0.0,0.0,0.0,0.0,0.0,0.0,0.0,0.0,0.0,19509.0,6.0,64.0,18025.0,6.0,77.0
47.92412329299259,0.0,0.0,0.0,0.0,0.0,0.0,0.0,0.0,0.0,0.0,0.0,0.0,0.0,19510.0,6.0,84.0,18026.0,6.0,87.0
47.99084747499728,0.0,0.0,0.0,0.0,0.0,0.0,0.0,0.0,0.0,0.0,0.0,0.0,0.0,19511.0,6.0,104.0,18027.0,6.0,117.0
47.99100640699908,0.0,0.0,0.0,0.0,0.0,0.0,0.0,0.0,0.0,0.0,0.0,0.0,0.0,19512.0,6.0,124.0,18028.0,6.0,136.0
47.993076408994966,0.0,0.0,0.0,0.0,0.0,0.0,0.0,0.0,0.0,0.0,0.0,0.0,0.0,19513.0,6.0,144.0,18029.0,6.0,157.0
48.03339799099194,0.0,0.0,0.0,0.0,0.0,0.0,0.0,0.0,0.0,0.0,0.0,0.0,0.0,19514.0,6.0,164.0,18030.0,6.0,177.0
48.033578649992705,0.0,0.0,0.0,0.0,0.0,0.0,0.0,0.0,0.0,0.0,0.0,0.0,0.0,19515.0,6.0,184.0,18031.0,6.0,186.0
48.0518958879984,0.0,0.0,0.0,0.0,0.0,0.0,0.0,0.0,0.0,0.0,0.0,0.0,0.0,19516.0,6.0,204.0,18032.0,6.0,217.0
48.07573617200251,0.0,0.0,0.0,0.0,0.0,0.0,0.0,0.0,0.0,0.0,0.0,0.0,0.0,19517.0,6.0,224.0,18033.0,6.0,237.0
48.09256621799432,0.0,0.0,0.0,0.0,0.0,0.0,0.0,0.0,0.0,0.0,0.0,0.0,0.0,19518.0,6.0,244.0,18034.0,6.0,257.0
48.11919616899104,0.0,0.0,0.0,0.0,0.0,0.0,0.0,0.0,0.0,0.0,0.0,0.0,0.0,19519.0,6.0,264.0,18035.0,6.0,277.0
48.122956701001385,0.0,0.0,0.0,0.0,0.0,0.0,0.0,0.0,0.0,0.0,0.0,0.0,0.0,19520.0,6.0,284.0,18036.0,6.0,287.0
48.153338688003714,0.0,0.0,0.0,0.0,0.0,0.0,0.0,0.0,0.0,0.0,0.0,0.0,0.0,19521.0,6.0,304.0,18037.0,6.0,317.0
48.25084813000285,0.0,0.0,0.0,0.0,0.0,0.0,0.0,0.0,0.0,0.0,0.0,0.0,0.0,19522.0,6.0,324.0,18038.0,6.0,337.0
48.250932013994316,0.0,0.0,0.0,0.0,0.0,0.0,0.0,0.0,0.0,0.0,0.0,0.0,0.0,19523.0,6.0,344.0,18039.0,6.0,357.0
48.250989943000604,0.0,0.0,0.0,0.0,0.0,0.0,0.0,0.0,0.0,0.0,0.0,0.0,0.0,19524.0,6.0,364.0,18040.0,6.0,376.0
48.25104673099122,0.0,0.0,0.0,0.0,0.0,0.0,0.0,0.0,0.0,0.0,0.0,0.0,0.0,19525.0,6.0,384.0,18041.0,6.0,386.0
48.26710045499203,0.0,0.0,0.0,0.0,0.0,0.0,0.0,0.0,0.0,0.0,0.0,0.0,0.0,19526.0,6.0,404.0,18042.0,6.0,417.0
48.27155840299383,0.0,0.0,0.0,0.0,0.0,0.0,0.0,0.0,0.0,0.0,0.0,0.0,0.0,19527.0,6.0,424.0,18043.0,6.0,437.0
48.29375593899749,0.0,0.0,0.0,0.0,0.0,0.0,0.0,0.0,0.0,0.0,0.0,0.0,0.0,19528.0,6.0,444.0,18044.0,6.0,458.0
48.30110224300006,0.0,0.0,0.0,0.0,0.0,0.0,0.0,0.0,0.0,0.0,0.0,0.0,0.0,19529.0,6.0,464.0,18045.0,6.0,466.0
48.3235579119937,0.0,0.0,0.0,0.0,0.0,0.0,0.0,0.0,0.0,0.0,0.0,0.0,0.0,19530.0,6.0,484.0,18046.0,6.0,487.0
48.353034175001085,0.0,0.0,0.0,0.0,0.0,0.0,0.0,0.0,0.0,0.0,0.0,0.0,0.0,19531.0,6.0,504.0,18047.0,6.0,517.0
48.37251595099224,0.0,0.0,0.0,0.0,0.0,0.0,0.0,0.0,0.0,0.0,0.0,0.0,0.0,19532.0,6.0,524.0,18048.0,6.0,537.0
48.49143775099947,0.0,0.0,0.0,0.0,0.0,0.0,0.0,0.0,0.0,0.0,0.0,0.0,0.0,19533.0,6.0,544.0,18049.0,6.0,557.0
48.49150843199459,0.0,0.0,0.0,0.0,0.0,0.0,0.0,0.0,0.0,0.0,0.0,0.0,0.0,19534.0,6.0,564.0,18050.0,6.0,577.0
48.49362789899169,0.0,0.0,0.0,0.0,0.0,0.0,0.0,0.0,0.0,0.0,0.0,0.0,0.0,19535.0,6.0,584.0,18051.0,6.0,587.0
48.493708497000625,0.0,0.0,0.0,0.0,0.0,0.0,0.0,0.0,0.0,0.0,0.0,0.0,0.0,19536.0,6.0,604.0,18052.0,6.0,617.0
48.49376567499712,0.0,0.0,0.0,0.0,0.0,0.0,0.0,0.0,0.0,0.0,0.0,0.0,0.0,19537.0,6.0,624.0,18053.0,6.0,637.0
48.4959149530041,0.0,0.0,0.0,0.0,0.0,0.0,0.0,0.0,0.0,0.0,0.0,0.0,0.0,19538.0,6.0,644.0,18054.0,6.0,657.0
48.512841634001234,0.0,0.0,0.0,0.0,0.0,0.0,0.0,0.0,0.0,0.0,0.0,0.0,0.0,19539.0,6.0,664.0,18055.0,6.0,676.0
48.52332020299218,0.0,0.0,0.0,0.0,0.0,0.0,0.0,0.0,0.0,0.0,0.0,0.0,0.0,19540.0,6.0,684.0,18056.0,6.0,686.0
48.55181230799644,0.0,0.0,0.0,0.0,0.0,0.0,0.0,0.0,0.0,0.0,0.0,0.0,0.0,19541.0,6.0,704.0,18057.0,6.0,717.0
48.571743295004126,0.0,0.0,0.0,0.0,0.0,0.0,0.0,0.0,0.0,0.0,0.0,0.0,0.0,19542.0,6.0,724.0,18058.0,6.0,737.0
48.64817258800031,0.0,0.0,0.0,0.0,0.0,0.0,0.0,0.0,0.0,0.0,0.0,0.0,0.0,19543.0,6.0,744.0,18059.0,6.0,757.0
48.65112629599753,0.0,0.0,0.0,0.0,0.0,0.0,0.0,0.0,0.0,0.0,0.0,0.0,0.0,19544.0,6.0,764.0,18060.0,6.0,777.0
48.651346623999416,0.0,0.0,0.0,0.0,0.0,0.0,0.0,0.0,0.0,0.0,0.0,0.0,0.0,19545.0,6.0,784.0,18061.0,6.0,786.0
48.713561019991175,0.0,0.0,0.0,0.0,0.0,0.0,0.0,0.0,0.0,0.0,0.0,0.0,0.0,19546.0,6.0,804.0,18062.0,6.0,817.0
48.71370832300454,0.0,0.0,0.0,0.0,0.0,0.0,0.0,0.0,0.0,0.0,0.0,0.0,0.0,19547.0,6.0,824.0,18063.0,6.0,837.0
48.7138497059932,0.0,0.0,0.0,0.0,0.0,0.0,0.0,0.0,0.0,0.0,0.0,0.0,0.0,19548.0,6.0,844.0,18064.0,6.0,857.0
48.71400990099937,0.0,0.0,0.0,0.0,0.0,0.0,0.0,0.0,0.0,0.0,0.0,0.0,0.0,19549.0,6.0,864.0,18065.0,6.0,876.0
48.7222660589905,0.0,0.0,0.0,0.0,0.0,0.0,0.0,0.0,0.0,0.0,0.0,0.0,0.0,19550.0,6.0,884.0,18066.0,6.0,886.0
48.7536692119902,0.0,0.0,0.0,0.0,0.0,0.0,0.0,0.0,0.0,0.0,0.0,0.0,0.0,19551.0,6.0,904.0,18067.0,6.0,917.0
48.772851141999126,0.0,0.0,0.0,0.0,0.0,0.0,0.0,0.0,0.0,0.0,0.0,0.0,0.0,19552.0,6.0,924.0,18068.0,6.0,937.0
48.79431550799927,0.0,0.0,0.0,0.0,0.0,0.0,0.0,0.0,0.0,0.0,0.0,0.0,0.0,19553.0,6.0,944.0,18069.0,6.0,958.0
48.8016609740007,0.0,0.0,0.0,0.0,0.0,0.0,0.0,0.0,0.0,0.0,0.0,0.0,0.0,19554.0,6.0,964.0,18070.0,6.0,966.0
48.92887976299971,0.0,0.0,0.0,0.0,0.0,0.0,0.0,0.0,0.0,0.0,0.0,0.0,0.0,19555.0,6.0,984.0,18071.0,6.0,987.0
48.92928365599073,0.0,0.0,0.0,0.0,0.0,0.0,0.0,0.0,0.0,0.0,0.0,0.0,0.0,19556.0,6.0,1004.0,18072.0,6.0,1017.0
48.92957598800422,0.0,0.0,0.0,0.0,0.0,0.0,0.0,0.0,0.0,0.0,0.0,0.0,0.0,19557.0,6.0,1024.0,18073.0,6.0,1037.0
48.92983410099987,0.0,0.0,0.0,0.0,0.0,0.0,0.0,0.0,0.0,0.0,0.0,0.0,0.0,19558.0,6.0,1044.0,18074.0,6.0,1057.0
48.93007263999607,0.0,0.0,0.0,0.0,0.0,0.0,0.0,0.0,0.0,0.0,0.0,0.0,0.0,19559.0,6.0,1064.0,18075.0,6.0,1077.0
48.93020971499209,0.0,0.0,0.0,0.0,0.0,0.0,0.0,0.0,0.0,0.0,0.0,0.0,0.0,19560.0,6.0,1084.0,18076.0,6.0,1087.0
48.95182479999494,0.0,0.0,0.0,0.0,0.0,0.0,0.0,0.0,0.0,0.0,0.0,0.0,0.0,19561.0,6.0,1104.0,18077.0,6.0,1117.0
48.971622035998735,0.0,0.0,0.0,0.0,0.0,0.0,0.0,0.0,0.0,0.0,0.0,0.0,0.0,19562.0,6.0,1124.0,18078.0,6.0,1137.0
48.993493460991886,0.0,0.0,0.0,0.0,0.0,0.0,0.0,0.0,0.0,0.0,0.0,0.0,0.0,19563.0,6.0,1144.0,18079.0,6.0,1157.0
49.012693961994955,0.0,0.0,0.0,0.0,0.0,0.0,0.0,0.0,0.0,0.0,0.0,0.0,0.0,19564.0,6.0,1164.0,18080.0,6.0,1177.0
49.02222674200311,0.0,0.0,0.0,0.0,0.0,0.0,0.0,0.0,0.0,0.0,0.0,0.0,0.0,19565.0,6.0,1184.0,18081.0,6.0,1187.0
49.06081557700236,0.0,0.0,0.0,0.0,0.0,0.0,0.0,0.0,0.0,0.0,0.0,0.0,0.0,19566.0,6.0,1204.0,18082.0,6.0,1217.0
49.14715156299644,0.0,0.0,0.0,0.0,0.0,0.0,0.0,0.0,0.0,0.0,0.0,0.0,0.0,19567.0,6.0,1224.0,18083.0,6.0,1237.0
49.14729209500365,0.0,0.0,0.0,0.0,0.0,0.0,0.0,0.0,0.0,0.0,0.0,0.0,0.0,19568.0,6.0,1244.0,18084.0,6.0,1257.0
49.14745155799028,0.0,0.0,0.0,0.0,0.0,0.0,0.0,0.0,0.0,0.0,0.0,0.0,0.0,19569.0,6.0,1264.0,18085.0,6.0,1277.0
49.147643256990705,0.0,0.0,0.0,0.0,0.0,0.0,0.0,0.0,0.0,0.0,0.0,0.0,0.0,19570.0,6.0,1284.0,18086.0,6.0,1287.0
49.15370558100403,0.0,0.0,0.0,0.0,0.0,0.0,0.0,0.0,0.0,0.0,0.0,0.0,0.0,19571.0,6.0,1304.0,18087.0,6.0,1317.0
49.17186212100205,0.0,0.0,0.0,0.0,0.0,0.0,0.0,0.0,0.0,0.0,0.0,0.0,0.0,19572.0,6.0,1324.0,18088.0,6.0,1337.0
49.19195451299311,0.0,0.0,0.0,0.0,0.0,0.0,0.0,0.0,0.0,0.0,0.0,0.0,0.0,19573.0,6.0,1344.0,18089.0,6.0,1357.0
49.2124332079984,0.0,0.0,0.0,0.0,0.0,0.0,0.0,0.0,0.0,0.0,0.0,0.0,0.0,19574.0,6.0,1364.0,18090.0,6.0,1377.0
49.227778332002345,0.0,0.0,0.0,0.0,0.0,0.0,0.0,0.0,0.0,0.0,0.0,0.0,0.0,19575.0,6.0,1384.0,18091.0,6.0,1393.0
49.333705901997746,0.0,0.0,0.0,0.0,0.0,0.0,0.0,0.0,0.0,0.0,0.0,0.0,0.0,19576.0,6.0,1404.0,18092.0,6.0,1417.0
49.33388604100037,0.0,0.0,0.0,0.0,0.0,0.0,0.0,0.0,0.0,0.0,0.0,0.0,0.0,19577.0,6.0,1424.0,18093.0,6.0,1437.0
49.33394842800044,0.0,0.0,0.0,0.0,0.0,0.0,0.0,0.0,0.0,0.0,0.0,0.0,0.0,19578.0,6.0,1444.0,18094.0,6.0,1458.0
49.3340056159941,0.0,0.0,0.0,0.0,0.0,0.0,0.0,0.0,0.0,0.0,0.0,0.0,0.0,19579.0,6.0,1464.0,18095.0,6.0,1466.0
49.33406214299612,0.0,0.0,0.0,0.0,0.0,0.0,0.0,0.0,0.0,0.0,0.0,0.0,0.0,19580.0,6.0,1484.0,18096.0,6.0,1487.0
49.36685692399624,0.0,0.0,0.0,0.0,0.0,0.0,0.0,0.0,0.0,0.0,0.0,0.0,0.0,19581.0,6.0,1504.0,18097.0,6.0,1507.0
49.3825427940028,0.0,0.0,0.0,0.0,0.0,0.0,0.0,0.0,0.0,0.0,0.0,0.0,0.0,19582.0,6.0,1524.0,18098.0,6.0,1537.0
49.39159642100276,0.0,0.0,0.0,0.0,0.0,0.0,0.0,0.0,0.0,0.0,0.0,0.0,0.0,19583.0,6.0,1544.0,18099.0,6.0,1557.0
49.412593585992,0.0,0.0,0.0,0.0,0.0,0.0,0.0,0.0,0.0,0.0,0.0,0.0,0.0,19584.0,6.0,1564.0,18100.0,6.0,1577.0
49.42423734899785,0.0,0.0,0.0,0.0,0.0,0.0,0.0,0.0,0.0,0.0,0.0,0.0,0.0,19585.0,6.0,1584.0,18101.0,6.0,1587.0
49.45255075900059,0.0,0.0,0.0,0.0,0.0,0.0,0.0,0.0,0.0,0.0,0.0,0.0,0.0,19586.0,6.0,1604.0,18102.0,6.0,1617.0
49.472584018993075,0.0,0.0,0.0,0.0,0.0,0.0,0.0,0.0,0.0,0.0,0.0,0.0,0.0,19587.0,6.0,1624.0,18103.0,6.0,1636.0
49.536651360002,0.0,0.0,0.0,0.0,0.0,0.0,0.0,0.0,0.0,0.0,0.0,0.0,0.0,19588.0,6.0,1644.0,18104.0,6.0,1657.0
49.53677920899645,0.0,0.0,0.0,0.0,0.0,0.0,0.0,0.0,0.0,0.0,0.0,0.0,0.0,19589.0,6.0,1664.0,18105.0,6.0,1677.0
49.53697775999899,0.0,0.0,0.0,0.0,0.0,0.0,0.0,0.0,0.0,0.0,0.0,0.0,0.0,19590.0,6.0,1684.0,18106.0,6.0,1687.0
49.58780522800225,0.0,0.0,0.0,0.0,0.0,0.0,0.0,0.0,0.0,0.0,0.0,0.0,0.0,19591.0,6.0,1704.0,18107.0,6.0,1717.0
49.587927647997276,0.0,0.0,0.0,0.0,0.0,0.0,0.0,0.0,0.0,0.0,0.0,0.0,0.0,19592.0,6.0,1724.0,18108.0,6.0,1737.0
49.59201786799531,0.0,0.0,0.0,0.0,0.0,0.0,0.0,0.0,0.0,0.0,0.0,0.0,0.0,19593.0,6.0,1744.0,18109.0,6.0,1757.0
49.61157605299377,0.0,0.0,0.0,0.0,0.0,0.0,0.0,0.0,0.0,0.0,0.0,0.0,0.0,19594.0,6.0,1764.0,18110.0,6.0,1777.0
49.6218342170032,0.0,0.0,0.0,0.0,0.0,0.0,0.0,0.0,0.0,0.0,0.0,0.0,0.0,19595.0,6.0,1784.0,18111.0,6.0,1787.0
49.650895521001075,0.0,0.0,0.0,0.0,0.0,0.0,0.0,0.0,0.0,0.0,0.0,0.0,0.0,19596.0,6.0,1804.0,18112.0,6.0,1816.0
49.67378456299775,0.0,0.0,0.0,0.0,0.0,0.0,0.0,0.0,0.0,0.0,0.0,0.0,0.0,19597.0,6.0,1824.0,18113.0,6.0,1837.0
49.69159361899074,0.0,0.0,0.0,0.0,0.0,0.0,0.0,0.0,0.0,0.0,0.0,0.0,0.0,19598.0,6.0,1844.0,18114.0,6.0,1857.0
49.810442482994404,0.0,0.0,0.0,0.0,0.0,0.0,0.0,0.0,0.0,0.0,0.0,0.0,0.0,19599.0,6.0,1864.0,18115.0,6.0,1876.0
49.81053519199486,0.0,0.0,0.0,0.0,0.0,0.0,0.0,0.0,0.0,0.0,0.0,0.0,0.0,19600.0,6.0,1884.0,18116.0,6.0,1886.0
49.81069972399564,0.0,0.0,0.0,0.0,0.0,0.0,0.0,0.0,0.0,0.0,0.0,0.0,0.0,19601.0,6.0,1904.0,18117.0,6.0,1917.0
49.81085883699416,0.0,0.0,0.0,0.0,0.0,0.0,0.0,0.0,0.0,0.0,0.0,0.0,0.0,19602.0,6.0,1924.0,18118.0,6.0,1937.0
49.81099613299011,0.0,0.0,0.0,0.0,0.0,0.0,0.0,0.0,0.0,0.0,0.0,0.0,0.0,19603.0,6.0,1944.0,18119.0,6.0,1959.0
49.81117119400005,0.0,0.0,0.0,0.0,0.0,0.0,0.0,0.0,0.0,0.0,0.0,0.0,0.0,19604.0,6.0,1964.0,18120.0,6.0,1966.0
49.82395037000242,0.0,0.0,0.0,0.0,0.0,0.0,0.0,0.0,0.0,0.0,0.0,0.0,0.0,19605.0,6.0,1984.0,18121.0,6.0,1987.0
49.84160723000241,0.0,0.0,0.0,0.0,0.0,0.0,0.0,0.0,0.0,0.0,0.0,0.0,0.0,19606.0,6.0,2004.0,18122.0,6.0,2007.0
49.88203949500166,0.0,0.0,0.0,0.0,0.0,0.0,0.0,0.0,0.0,0.0,0.0,0.0,0.0,19607.0,6.0,2024.0,18123.0,6.0,2037.0
49.89231371099595,0.0,0.0,0.0,0.0,0.0,0.0,0.0,0.0,0.0,0.0,0.0,0.0,0.0,19608.0,6.0,2044.0,18124.0,6.0,2057.0
50.02703235700028,0.0,0.0,0.0,0.0,0.0,0.0,0.0,0.0,0.0,0.0,0.0,0.0,0.0,19610.0,6.0,2084.0,18126.0,6.0,2087.0
50.02746537000348,0.0,0.0,0.0,0.0,0.0,0.0,0.0,0.0,0.0,0.0,0.0,0.0,0.0,19611.0,6.0,2104.0,18127.0,6.0,2117.0
50.02771573000064,0.0,0.0,0.0,0.0,0.0,0.0,0.0,0.0,0.0,0.0,0.0,0.0,0.0,19612.0,6.0,2124.0,18128.0,6.0,2136.0
50.027804672994534,0.0,0.0,0.0,0.0,0.0,0.0,0.0,0.0,0.0,0.0,0.0,0.0,0.0,19613.0,6.0,2144.0,18129.0,6.0,2157.0
50.02878715899715,0.0,0.0,0.0,0.0,0.0,0.0,0.0,0.0,0.0,0.0,0.0,0.0,0.0,19614.0,6.0,2164.0,18130.0,6.0,2177.0
50.029056542000035,0.0,0.0,0.0,0.0,0.0,0.0,0.0,0.0,0.0,0.0,0.0,0.0,0.0,19615.0,6.0,2184.0,18131.0,6.0,2187.0
50.055423812998924,0.0,0.0,0.0,0.0,0.0,0.0,0.0,0.0,0.0,0.0,0.0,0.0,0.0,19616.0,6.0,2204.0,18132.0,6.0,2217.0
50.08013012399897,0.0,0.0,0.0,0.0,0.0,0.0,0.0,0.0,0.0,0.0,0.0,0.0,0.0,19617.0,6.0,2224.0,18133.0,6.0,2237.0
50.09236597799463,0.0,0.0,0.0,0.0,0.0,0.0,0.0,0.0,0.0,0.0,0.0,0.0,0.0,19618.0,6.0,2244.0,18134.0,6.0,2257.0
50.112193542998284,0.0,0.0,0.0,0.0,0.0,0.0,0.0,0.0,0.0,0.0,0.0,0.0,0.0,19619.0,6.0,2264.0,18135.0,6.0,2277.0
50.122474150994094,0.0,0.0,0.0,0.0,0.0,0.0,0.0,0.0,0.0,0.0,0.0,0.0,0.0,19620.0,6.0,2284.0,18136.0,6.0,2287.0
50.21296746000007,0.0,0.0,0.0,0.0,0.0,0.0,0.0,0.0,0.0,0.0,0.0,0.0,0.0,19621.0,6.0,2304.0,18137.0,6.0,2317.0
50.21334213299269,0.0,0.0,0.0,0.0,0.0,0.0,0.0,0.0,0.0,0.0,0.0,0.0,0.0,19622.0,6.0,2324.0,18138.0,6.0,2337.0
50.21359016899078,0.0,0.0,0.0,0.0,0.0,0.0,0.0,0.0,0.0,0.0,0.0,0.0,0.0,19623.0,6.0,2344.0,18139.0,6.0,2357.0
50.21367289099726,0.0,0.0,0.0,0.0,0.0,0.0,0.0,0.0,0.0,0.0,0.0,0.0,0.0,19624.0,6.0,2364.0,18140.0,6.0,2377.0
50.247056906999205,0.0,0.0,0.0,0.0,0.0,0.0,0.0,0.0,0.0,0.0,0.0,0.0,0.0,19625.0,6.0,2384.0,18141.0,6.0,2387.0
50.25303515000269,0.0,0.0,0.0,0.0,0.0,0.0,0.0,0.0,0.0,0.0,0.0,0.0,0.0,19626.0,6.0,2404.0,18142.0,6.0,2417.0
50.272187326001585,0.0,0.0,0.0,0.0,0.0,0.0,0.0,0.0,0.0,0.0,0.0,0.0,0.0,19627.0,6.0,2424.0,18143.0,6.0,2437.0
50.293402062990936,0.0,0.0,0.0,0.0,0.0,0.0,0.0,0.0,0.0,0.0,0.0,0.0,0.0,19628.0,6.0,2444.0,18144.0,6.0,2458.0
50.300329884994426,0.0,0.0,0.0,0.0,0.0,0.0,0.0,0.0,0.0,0.0,0.0,0.0,0.0,19629.0,6.0,2464.0,18145.0,6.0,2466.0
50.324855806000414,0.0,0.0,0.0,0.0,0.0,0.0,0.0,0.0,0.0,0.0,0.0,0.0,0.0,19630.0,6.0,2484.0,18146.0,6.0,2487.0
50.34335018300044,0.0,0.0,0.0,0.0,0.0,0.0,0.0,0.0,0.0,0.0,0.0,0.0,0.0,19631.0,6.0,2504.0,18147.0,6.0,2507.0
50.39459504900151,0.0,0.0,0.0,0.0,0.0,0.0,0.0,0.0,0.0,0.0,0.0,0.0,0.0,19632.0,6.0,2524.0,18148.0,6.0,2537.0
50.394953623996116,0.0,0.0,0.0,0.0,0.0,0.0,0.0,0.0,0.0,0.0,0.0,0.0,0.0,19633.0,6.0,2544.0,18149.0,6.0,2557.0
50.46695508099219,0.0,0.0,0.0,0.0,0.0,0.0,0.0,0.0,0.0,0.0,0.0,0.0,0.0,19634.0,6.0,2564.0,18150.0,6.0,2577.0
50.46707871300168,0.0,0.0,0.0,0.0,0.0,0.0,0.0,0.0,0.0,0.0,0.0,0.0,0.0,19635.0,6.0,2584.0,18151.0,6.0,2587.0
50.46715055599634,0.0,0.0,0.0,0.0,0.0,0.0,0.0,0.0,0.0,0.0,0.0,0.0,0.0,19636.0,6.0,2604.0,18152.0,6.0,2617.0
50.472480124997674,0.0,0.0,0.0,0.0,0.0,0.0,0.0,0.0,0.0,0.0,0.0,0.0,0.0,19637.0,6.0,2624.0,18153.0,6.0,2637.0
50.49257526999281,0.0,0.0,0.0,0.0,0.0,0.0,0.0,0.0,0.0,0.0,0.0,0.0,0.0,19638.0,6.0,2644.0,18154.0,6.0,2657.0
50.52964163699653,0.0,0.0,0.0,0.0,0.0,0.0,0.0,0.0,0.0,0.0,0.0,0.0,0.0,19639.0,6.0,2664.0,18155.0,6.0,2677.0
50.530013907002285,0.0,0.0,0.0,0.0,0.0,0.0,0.0,0.0,0.0,0.0,0.0,0.0,0.0,19640.0,6.0,2684.0,18156.0,6.0,2687.0
50.56204226599948,0.0,0.0,0.0,0.0,0.0,0.0,0.0,0.0,0.0,0.0,0.0,0.0,0.0,19641.0,6.0,2704.0,18157.0,6.0,2717.0
50.699573164994945,0.0,0.0,0.0,0.0,0.0,0.0,0.0,0.0,0.0,0.0,0.0,0.0,0.0,19642.0,6.0,2724.0,18158.0,6.0,2737.0
50.69978459799313,0.0,0.0,0.0,0.0,0.0,0.0,0.0,0.0,0.0,0.0,0.0,0.0,0.0,19643.0,6.0,2744.0,18159.0,6.0,2757.0
50.6998568620038,0.0,0.0,0.0,0.0,0.0,0.0,0.0,0.0,0.0,0.0,0.0,0.0,0.0,19644.0,6.0,2764.0,18160.0,6.0,2777.0
50.699918687998434,0.0,0.0,0.0,0.0,0.0,0.0,0.0,0.0,0.0,0.0,0.0,0.0,0.0,19645.0,6.0,2784.0,18161.0,6.0,2787.0
50.69997713899647,0.0,0.0,0.0,0.0,0.0,0.0,0.0,0.0,0.0,0.0,0.0,0.0,0.0,19646.0,6.0,2804.0,18162.0,6.0,2817.0
50.70006880599249,0.0,0.0,0.0,0.0,0.0,0.0,0.0,0.0,0.0,0.0,0.0,0.0,0.0,19647.0,6.0,2824.0,18163.0,6.0,2837.0
50.70025129900023,0.0,0.0,0.0,0.0,0.0,0.0,0.0,0.0,0.0,0.0,0.0,0.0,0.0,19648.0,6.0,2844.0,18164.0,6.0,2857.0
50.71333856000274,0.0,0.0,0.0,0.0,0.0,0.0,0.0,0.0,0.0,0.0,0.0,0.0,0.0,19649.0,6.0,2864.0,18165.0,6.0,2877.0
50.72449293200043,0.0,0.0,0.0,0.0,0.0,0.0,0.0,0.0,0.0,0.0,0.0,0.0,0.0,19650.0,6.0,2884.0,18166.0,6.0,2887.0
50.75202535500284,0.0,0.0,0.0,0.0,0.0,0.0,0.0,0.0,0.0,0.0,0.0,0.0,0.0,19651.0,6.0,2904.0,18167.0,6.0,2917.0
50.773363403000985,0.0,0.0,0.0,0.0,0.0,0.0,0.0,0.0,0.0,0.0,0.0,0.0,0.0,19652.0,6.0,2924.0,18168.0,6.0,2937.0
50.898588263997226,0.0,0.0,0.0,0.0,0.0,0.0,0.0,0.0,0.0,0.0,0.0,0.0,0.0,19653.0,6.0,2944.0,18169.0,6.0,2959.0
50.89919983399159,0.0,0.0,0.0,0.0,0.0,0.0,0.0,0.0,0.0,0.0,0.0,0.0,0.0,19654.0,6.0,2964.0,18170.0,6.0,2966.0
50.899574045994086,0.0,0.0,0.0,0.0,0.0,0.0,0.0,0.0,0.0,0.0,0.0,0.0,0.0,19655.0,6.0,2984.0,18171.0,6.0,2987.0
50.8998495489941,0.0,0.0,0.0,0.0,0.0,0.0,0.0,0.0,0.0,0.0,0.0,0.0,0.0,19656.0,6.0,3004.0,18172.0,6.0,3017.0
50.90008341099019,0.0,0.0,0.0,0.0,0.0,0.0,0.0,0.0,0.0,0.0,0.0,0.0,0.0,19657.0,6.0,3024.0,18173.0,6.0,3037.0
50.90029935199709,0.0,0.0,0.0,0.0,0.0,0.0,0.0,0.0,0.0,0.0,0.0,0.0,0.0,19658.0,6.0,3044.0,18174.0,6.0,3057.0
50.912791309994645,0.0,0.0,0.0,0.0,0.0,0.0,0.0,0.0,0.0,0.0,0.0,0.0,0.0,19659.0,6.0,3064.0,18175.0,6.0,3077.0
50.92121646599844,0.0,0.0,0.0,0.0,0.0,0.0,0.0,0.0,0.0,0.0,0.0,0.0,0.0,19660.0,6.0,3084.0,18176.0,6.0,3087.0
50.95232916699024,0.0,0.0,0.0,0.0,0.0,0.0,0.0,0.0,0.0,0.0,0.0,0.0,0.0,19661.0,6.0,3104.0,18177.0,6.0,3117.0
50.98110284100403,0.0,0.0,0.0,0.0,0.0,0.0,0.0,0.0,0.0,0.0,0.0,0.0,0.0,19662.0,6.0,3124.0,18178.0,6.0,3137.0
50.99423072200443,0.0,0.0,0.0,0.0,0.0,0.0,0.0,0.0,0.0,0.0,0.0,0.0,0.0,19663.0,6.0,3144.0,18179.0,6.0,3157.0
51.14383849799924,0.0,0.0,0.0,0.0,0.0,0.0,0.0,0.0,0.0,0.0,0.0,0.0,0.0,19664.0,6.0,3164.0,18180.0,6.0,3177.0
51.14399247200345,0.0,0.0,0.0,0.0,0.0,0.0,0.0,0.0,0.0,0.0,0.0,0.0,0.0,19665.0,6.0,3184.0,18181.0,6.0,3187.0
51.1440598879999,0.0,0.0,0.0,0.0,0.0,0.0,0.0,0.0,0.0,0.0,0.0,0.0,0.0,19666.0,6.0,3204.0,18182.0,6.0,3217.0
51.1441202720016,0.0,0.0,0.0,0.0,0.0,0.0,0.0,0.0,0.0,0.0,0.0,0.0,0.0,19667.0,6.0,3224.0,18183.0,6.0,3237.0
51.14421544499055,0.0,0.0,0.0,0.0,0.0,0.0,0.0,0.0,0.0,0.0,0.0,0.0,0.0,19668.0,6.0,3244.0,18184.0,6.0,3257.0
51.14436066399503,0.0,0.0,0.0,0.0,0.0,0.0,0.0,0.0,0.0,0.0,0.0,0.0,0.0,19669.0,6.0,3264.0,18185.0,6.0,3277.0
51.14455742199789,0.0,0.0,0.0,0.0,0.0,0.0,0.0,0.0,0.0,0.0,0.0,0.0,0.0,19670.0,6.0,3284.0,18186.0,6.0,3287.0
51.15211208400433,0.0,0.0,0.0,0.0,0.0,0.0,0.0,0.0,0.0,0.0,0.0,0.0,0.0,19671.0,6.0,3304.0,18187.0,6.0,3317.0
51.17200333699293,0.0,0.0,0.0,0.0,0.0,0.0,0.0,0.0,0.0,0.0,0.0,0.0,0.0,19672.0,6.0,3324.0,18188.0,6.0,3337.0
51.191774182996596,0.0,0.0,0.0,0.0,0.0,0.0,0.0,0.0,0.0,0.0,0.0,0.0,0.0,19673.0,6.0,3344.0,18189.0,6.0,3357.0
51.21219431499776,0.0,0.0,0.0,0.0,0.0,0.0,0.0,0.0,0.0,0.0,0.0,0.0,0.0,19674.0,6.0,3364.0,18190.0,6.0,3377.0
51.268423419998726,0.0,0.0,0.0,0.0,0.0,0.0,0.0,0.0,0.0,0.0,0.0,0.0,0.0,19675.0,6.0,3384.0,18191.0,6.0,3394.0
51.26854771299986,0.0,0.0,0.0,0.0,0.0,0.0,0.0,0.0,0.0,0.0,0.0,0.0,0.0,19676.0,6.0,3404.0,18192.0,6.0,3417.0
51.35002190399973,0.0,0.0,0.0,0.0,0.0,0.0,0.0,0.0,0.0,0.0,0.0,0.0,0.0,19677.0,6.0,3424.0,18193.0,6.0,3436.0
51.350141789997,0.0,0.0,0.0,0.0,0.0,0.0,0.0,0.0,0.0,0.0,0.0,0.0,0.0,19678.0,6.0,3444.0,18194.0,6.0,3458.0
51.35023633300443,0.0,0.0,0.0,0.0,0.0,0.0,0.0,0.0,0.0,0.0,0.0,0.0,0.0,19679.0,6.0,3464.0,18195.0,6.0,3466.0
51.35043190799479,0.0,0.0,0.0,0.0,0.0,0.0,0.0,0.0,0.0,0.0,0.0,0.0,0.0,19680.0,6.0,3484.0,18196.0,6.0,3487.0
51.352943470992614,0.0,0.0,0.0,0.0,0.0,0.0,0.0,0.0,0.0,0.0,0.0,0.0,0.0,19681.0,6.0,3504.0,18197.0,6.0,3517.0
51.37135017500259,0.0,0.0,0.0,0.0,0.0,0.0,0.0,0.0,0.0,0.0,0.0,0.0,0.0,19682.0,6.0,3524.0,18198.0,6.0,3537.0
51.39319341999362,0.0,0.0,0.0,0.0,0.0,0.0,0.0,0.0,0.0,0.0,0.0,0.0,0.0,19683.0,6.0,3544.0,18199.0,6.0,3556.0
51.41132205699978,0.0,0.0,0.0,0.0,0.0,0.0,0.0,0.0,0.0,0.0,0.0,0.0,0.0,19684.0,6.0,3564.0,18200.0,6.0,3577.0
51.421415106000495,0.0,0.0,0.0,0.0,0.0,0.0,0.0,0.0,0.0,0.0,0.0,0.0,0.0,19685.0,6.0,3584.0,18201.0,6.0,3587.0
51.45283723800094,0.0,0.0,0.0,0.0,0.0,0.0,0.0,0.0,0.0,0.0,0.0,0.0,0.0,19686.0,6.0,3604.0,18202.0,6.0,3617.0
51.668347008002456,0.0,0.0,0.0,0.0,0.0,0.0,0.0,0.0,0.0,0.0,0.0,0.0,0.0,19687.0,6.0,3624.0,18203.0,6.0,3637.0
51.668501894004294,0.0,0.0,0.0,0.0,0.0,0.0,0.0,0.0,0.0,0.0,0.0,0.0,0.0,19688.0,6.0,3644.0,18204.0,6.0,3657.0
51.66857103299117,0.0,0.0,0.0,0.0,0.0,0.0,0.0,0.0,0.0,0.0,0.0,0.0,0.0,19689.0,6.0,3664.0,18205.0,6.0,3677.0
51.66866525399382,0.0,0.0,0.0,0.0,0.0,0.0,0.0,0.0,0.0,0.0,0.0,0.0,0.0,19690.0,6.0,3684.0,18206.0,6.0,3687.0
51.668832841998665,0.0,0.0,0.0,0.0,0.0,0.0,0.0,0.0,0.0,0.0,0.0,0.0,0.0,19691.0,6.0,3704.0,18207.0,6.0,3717.0
51.668983069990645,0.0,0.0,0.0,0.0,0.0,0.0,0.0,0.0,0.0,0.0,0.0,0.0,0.0,19692.0,6.0,3724.0,18208.0,6.0,3737.0
51.66915725899162,0.0,0.0,0.0,0.0,0.0,0.0,0.0,0.0,0.0,0.0,0.0,0.0,0.0,19693.0,6.0,3744.0,18209.0,6.0,3757.0
51.66931467899121,0.0,0.0,0.0,0.0,0.0,0.0,0.0,0.0,0.0,0.0,0.0,0.0,0.0,19694.0,6.0,3764.0,18210.0,6.0,3777.0
51.66951517399866,0.0,0.0,0.0,0.0,0.0,0.0,0.0,0.0,0.0,0.0,0.0,0.0,0.0,19695.0,6.0,3784.0,18211.0,6.0,3787.0
51.66982471499068,0.0,0.0,0.0,0.0,0.0,0.0,0.0,0.0,0.0,0.0,0.0,0.0,0.0,19696.0,6.0,3804.0,18212.0,6.0,3817.0
51.77305741199234,0.0,0.0,0.0,0.0,0.0,0.0,0.0,0.0,0.0,0.0,0.0,0.0,0.0,19697.0,6.0,3824.0,18213.0,6.0,3837.0
52.079958337999415,0.0,0.0,0.0,0.0,0.0,0.0,0.0,0.0,0.0,0.0,0.0,0.0,0.0,19699.0,6.0,3864.0,18215.0,6.0,3877.0
52.08011898299446,0.0,0.0,0.0,0.0,0.0,0.0,0.0,0.0,0.0,0.0,0.0,0.0,0.0,19700.0,6.0,3884.0,18216.0,6.0,3887.0
52.080186669991235,0.0,0.0,0.0,0.0,0.0,0.0,0.0,0.0,0.0,0.0,0.0,0.0,0.0,19701.0,6.0,3904.0,18217.0,6.0,3917.0
52.080246372002875,0.0,0.0,0.0,0.0,0.0,0.0,0.0,0.0,0.0,0.0,0.0,0.0,0.0,19702.0,6.0,3924.0,18218.0,6.0,3937.0
52.08030276899808,0.0,0.0,0.0,0.0,0.0,0.0,0.0,0.0,0.0,0.0,0.0,0.0,0.0,19703.0,6.0,3944.0,18219.0,6.0,3958.0
52.08035821399244,0.0,0.0,0.0,0.0,0.0,0.0,0.0,0.0,0.0,0.0,0.0,0.0,0.0,19704.0,6.0,3964.0,18220.0,6.0,3965.0
52.080413989999215,0.0,0.0,0.0,0.0,0.0,0.0,0.0,0.0,0.0,0.0,0.0,0.0,0.0,19705.0,6.0,3984.0,18221.0,6.0,3987.0
52.08046786299383,0.0,0.0,0.0,0.0,0.0,0.0,0.0,0.0,0.0,0.0,0.0,0.0,0.0,19706.0,6.0,4004.0,18222.0,6.0,4017.0
52.0805213440035,0.0,0.0,0.0,0.0,0.0,0.0,0.0,0.0,0.0,0.0,0.0,0.0,0.0,19707.0,6.0,4024.0,18223.0,6.0,4037.0
52.08057386499422,0.0,0.0,0.0,0.0,0.0,0.0,0.0,0.0,0.0,0.0,0.0,0.0,0.0,19708.0,6.0,4044.0,18224.0,6.0,4057.0
52.080634919999284,0.0,0.0,0.0,0.0,0.0,0.0,0.0,0.0,0.0,0.0,0.0,0.0,0.0,19709.0,6.0,4064.0,18225.0,6.0,4077.0
52.08069230799447,0.0,0.0,0.0,0.0,0.0,0.0,0.0,0.0,0.0,0.0,0.0,0.0,0.0,19710.0,6.0,4084.0,18226.0,6.0,4087.0
52.08074833400315,0.0,0.0,0.0,0.0,0.0,0.0,0.0,0.0,0.0,0.0,0.0,0.0,0.0,19711.0,6.0,4104.0,18227.0,6.0,4107.0
52.08080193599744,0.0,0.0,0.0,0.0,0.0,0.0,0.0,0.0,0.0,0.0,0.0,0.0,0.0,19712.0,6.0,4124.0,18228.0,6.0,4137.0
52.080856229993515,0.0,0.0,0.0,0.0,0.0,0.0,0.0,0.0,0.0,0.0,0.0,0.0,0.0,19713.0,6.0,4144.0,18229.0,6.0,4157.0
52.08093581600406,0.0,0.0,0.0,0.0,0.0,0.0,0.0,0.0,0.0,0.0,0.0,0.0,0.0,19714.0,6.0,4164.0,18230.0,6.0,4177.0
52.08112522200099,0.0,0.0,0.0,0.0,0.0,0.0,0.0,0.0,0.0,0.0,0.0,0.0,0.0,19715.0,6.0,4184.0,18231.0,6.0,4188.0
52.081281128994306,0.0,0.0,0.0,0.0,0.0,0.0,0.0,0.0,0.0,0.0,0.0,0.0,0.0,19716.0,6.0,4204.0,18232.0,6.0,4207.0
52.081584990999545,0.0,0.0,0.0,0.0,0.0,0.0,0.0,0.0,0.0,0.0,0.0,0.0,0.0,19717.0,6.0,4224.0,18233.0,6.0,4237.0
52.09125545900315,0.0,0.0,0.0,0.0,0.0,0.0,0.0,0.0,0.0,0.0,0.0,0.0,0.0,19718.0,6.0,4244.0,18234.0,6.0,4257.0
52.11258761500358,0.0,0.0,0.0,0.0,0.0,0.0,0.0,0.0,0.0,0.0,0.0,0.0,0.0,19719.0,6.0,4264.0,18235.0,6.0,4277.0
52.121672838999075,0.0,0.0,0.0,0.0,0.0,0.0,0.0,0.0,0.0,0.0,0.0,0.0,0.0,19720.0,6.0,4284.0,18236.0,6.0,4287.0
52.153108796992456,0.0,0.0,0.0,0.0,0.0,0.0,0.0,0.0,0.0,0.0,0.0,0.0,0.0,19721.0,6.0,4304.0,18237.0,6.0,4317.0
52.17229632999806,0.0,0.0,0.0,0.0,0.0,0.0,0.0,0.0,0.0,0.0,0.0,0.0,0.0,19722.0,6.0,4324.0,18238.0,6.0,4337.0
52.59045287700428,0.0,0.0,0.0,0.0,0.0,0.0,0.0,0.0,0.0,0.0,0.0,0.0,0.0,19723.0,6.0,4344.0,18239.0,6.0,4357.0
52.590722270004335,0.0,0.0,0.0,0.0,0.0,0.0,0.0,0.0,0.0,0.0,0.0,0.0,0.0,19724.0,6.0,4364.0,18240.0,6.0,4377.0
52.590794263000134,0.0,0.0,0.0,0.0,0.0,0.0,0.0,0.0,0.0,0.0,0.0,0.0,0.0,19725.0,6.0,4384.0,18241.0,6.0,4386.0
52.59086300099443,0.0,0.0,0.0,0.0,0.0,0.0,0.0,0.0,0.0,0.0,0.0,0.0,0.0,19726.0,6.0,4404.0,18242.0,6.0,4417.0
52.59092584899918,0.0,0.0,0.0,0.0,0.0,0.0,0.0,0.0,0.0,0.0,0.0,0.0,0.0,19727.0,6.0,4424.0,18243.0,6.0,4437.0
52.59098615299445,0.0,0.0,0.0,0.0,0.0,0.0,0.0,0.0,0.0,0.0,0.0,0.0,0.0,19728.0,6.0,4444.0,18244.0,6.0,4458.0
52.59104423299141,0.0,0.0,0.0,0.0,0.0,0.0,0.0,0.0,0.0,0.0,0.0,0.0,0.0,19729.0,6.0,4464.0,18245.0,6.0,4465.0
52.59110109000176,0.0,0.0,0.0,0.0,0.0,0.0,0.0,0.0,0.0,0.0,0.0,0.0,0.0,19730.0,6.0,4484.0,18246.0,6.0,4487.0
52.591159000003245,0.0,0.0,0.0,0.0,0.0,0.0,0.0,0.0,0.0,0.0,0.0,0.0,0.0,19731.0,6.0,4504.0,18247.0,6.0,4517.0
52.59121565699752,0.0,0.0,0.0,0.0,0.0,0.0,0.0,0.0,0.0,0.0,0.0,0.0,0.0,19732.0,6.0,4524.0,18248.0,6.0,4537.0
52.591335363002145,0.0,0.0,0.0,0.0,0.0,0.0,0.0,0.0,0.0,0.0,0.0,0.0,0.0,19733.0,6.0,4544.0,18249.0,6.0,4557.0
52.591513969004154,0.0,0.0,0.0,0.0,0.0,0.0,0.0,0.0,0.0,0.0,0.0,0.0,0.0,19734.0,6.0,4564.0,18250.0,6.0,4577.0
52.591709514992544,0.0,0.0,0.0,0.0,0.0,0.0,0.0,0.0,0.0,0.0,0.0,0.0,0.0,19735.0,6.0,4584.0,18251.0,6.0,4587.0
52.59189406200312,0.0,0.0,0.0,0.0,0.0,0.0,0.0,0.0,0.0,0.0,0.0,0.0,0.0,19736.0,6.0,4604.0,18252.0,6.0,4617.0
52.592053396001575,0.0,0.0,0.0,0.0,0.0,0.0,0.0,0.0,0.0,0.0,0.0,0.0,0.0,19737.0,6.0,4624.0,18253.0,6.0,4637.0
52.5922346169973,0.0,0.0,0.0,0.0,0.0,0.0,0.0,0.0,0.0,0.0,0.0,0.0,0.0,19738.0,6.0,4644.0,18254.0,6.0,4657.0
52.59238943300443,0.0,0.0,0.0,0.0,0.0,0.0,0.0,0.0,0.0,0.0,0.0,0.0,0.0,19739.0,6.0,4664.0,18255.0,6.0,4677.0
52.592617073998554,0.0,0.0,0.0,0.0,0.0,0.0,0.0,0.0,0.0,0.0,0.0,0.0,0.0,19740.0,6.0,4684.0,18256.0,6.0,4687.0
52.592776598001365,0.0,0.0,0.0,0.0,0.0,0.0,0.0,0.0,0.0,0.0,0.0,0.0,0.0,19741.0,6.0,4704.0,18257.0,6.0,4717.0
52.59292387099413,0.0,0.0,0.0,0.0,0.0,0.0,0.0,0.0,0.0,0.0,0.0,0.0,0.0,19742.0,6.0,4724.0,18258.0,6.0,4737.0
52.59665432799375,0.0,0.0,0.0,0.0,0.0,0.0,0.0,0.0,0.0,0.0,0.0,0.0,0.0,19743.0,6.0,4744.0,18259.0,6.0,4757.0
52.61259047599742,0.0,0.0,0.0,0.0,0.0,0.0,0.0,0.0,0.0,0.0,0.0,0.0,0.0,19744.0,6.0,4764.0,18260.0,6.0,4777.0
52.62198645299941,0.0,0.0,0.0,0.0,0.0,0.0,0.0,0.0,0.0,0.0,0.0,0.0,0.0,19745.0,6.0,4784.0,18261.0,6.0,4787.0
52.652535337998415,0.0,0.0,0.0,0.0,0.0,0.0,0.0,0.0,0.0,0.0,0.0,0.0,0.0,19746.0,6.0,4804.0,18262.0,6.0,4817.0
52.6728873510001,0.0,0.0,0.0,0.0,0.0,0.0,0.0,0.0,0.0,0.0,0.0,0.0,0.0,19747.0,6.0,4824.0,18263.0,6.0,4837.0
52.691243579,0.0,0.0,0.0,0.0,0.0,0.0,0.0,0.0,0.0,0.0,0.0,0.0,0.0,19748.0,6.0,4844.0,18264.0,6.0,4857.0
53.099548534999485,0.0,0.0,0.0,0.0,0.0,0.0,0.0,0.0,0.0,0.0,0.0,0.0,0.0,19751.0,6.0,4904.0,18267.0,6.0,4907.0
53.10008699000173,0.0,0.0,0.0,0.0,0.0,0.0,0.0,0.0,0.0,0.0,0.0,0.0,0.0,19755.0,6.0,4984.0,18271.0,6.0,4987.0
53.10019354299584,0.0,0.0,0.0,0.0,0.0,0.0,0.0,0.0,0.0,0.0,0.0,0.0,0.0,19756.0,6.0,5004.0,18272.0,6.0,5017.0
53.10026080899115,0.0,0.0,0.0,0.0,0.0,0.0,0.0,0.0,0.0,0.0,0.0,0.0,0.0,19757.0,6.0,5024.0,18273.0,6.0,5037.0
53.10032686199702,0.0,0.0,0.0,0.0,0.0,0.0,0.0,0.0,0.0,0.0,0.0,0.0,0.0,19758.0,6.0,5044.0,18274.0,6.0,5057.0
53.10038904899557,0.0,0.0,0.0,0.0,0.0,0.0,0.0,0.0,0.0,0.0,0.0,0.0,0.0,19759.0,6.0,5064.0,18275.0,6.0,5077.0
53.10044975299388,0.0,0.0,0.0,0.0,0.0,0.0,0.0,0.0,0.0,0.0,0.0,0.0,0.0,19760.0,6.0,5084.0,18276.0,6.0,5087.0
53.10051083799044,0.0,0.0,0.0,0.0,0.0,0.0,0.0,0.0,0.0,0.0,0.0,0.0,0.0,19761.0,6.0,5104.0,18277.0,6.0,5107.0
53.10057034099009,0.0,0.0,0.0,0.0,0.0,0.0,0.0,0.0,0.0,0.0,0.0,0.0,0.0,19762.0,6.0,5124.0,18278.0,6.0,5137.0
53.10063282799092,0.0,0.0,0.0,0.0,0.0,0.0,0.0,0.0,0.0,0.0,0.0,0.0,0.0,19763.0,6.0,5144.0,18279.0,6.0,5157.0
53.10069348200341,0.0,0.0,0.0,0.0,0.0,0.0,0.0,0.0,0.0,0.0,0.0,0.0,0.0,19764.0,6.0,5164.0,18280.0,6.0,5177.0
53.100751491991105,0.0,0.0,0.0,0.0,0.0,0.0,0.0,0.0,0.0,0.0,0.0,0.0,0.0,19765.0,6.0,5184.0,18281.0,6.0,5187.0
53.100823404995026,0.0,0.0,0.0,0.0,0.0,0.0,0.0,0.0,0.0,0.0,0.0,0.0,0.0,19766.0,6.0,5204.0,18282.0,6.0,5207.0
53.10088078399713,0.0,0.0,0.0,0.0,0.0,0.0,0.0,0.0,0.0,0.0,0.0,0.0,0.0,19767.0,6.0,5224.0,18283.0,6.0,5237.0
53.1009389039973,0.0,0.0,0.0,0.0,0.0,0.0,0.0,0.0,0.0,0.0,0.0,0.0,0.0,19768.0,6.0,5244.0,18284.0,6.0,5256.0
53.111021172997425,0.0,0.0,0.0,0.0,0.0,0.0,0.0,0.0,0.0,0.0,0.0,0.0,0.0,19769.0,6.0,5264.0,18285.0,6.0,5277.0
53.12095051999495,0.0,0.0,0.0,0.0,0.0,0.0,0.0,0.0,0.0,0.0,0.0,0.0,0.0,19770.0,6.0,5284.0,18286.0,6.0,5287.0
53.15195967799809,0.0,0.0,0.0,0.0,0.0,0.0,0.0,0.0,0.0,0.0,0.0,0.0,0.0,19771.0,6.0,5304.0,18287.0,6.0,5317.0
53.172689287996036,0.0,0.0,0.0,0.0,0.0,0.0,0.0,0.0,0.0,0.0,0.0,0.0,0.0,19772.0,6.0,5324.0,18288.0,6.0,5337.0
53.19342129200231,0.0,0.0,0.0,0.0,0.0,0.0,0.0,0.0,0.0,0.0,0.0,0.0,0.0,19773.0,6.0,5344.0,18289.0,6.0,5357.0
53.6198681829992,0.0,0.0,0.0,0.0,0.0,0.0,0.0,0.0,0.0,0.0,0.0,0.0,0.0,19774.0,6.0,5364.0,18290.0,6.0,5377.0
53.62043151099351,0.0,0.0,0.0,0.0,0.0,0.0,0.0,0.0,0.0,0.0,0.0,0.0,0.0,19785.0,6.0,5584.0,18291.0,6.0,5598.0
53.6207318270026,0.0,0.0,0.0,0.0,0.0,0.0,0.0,0.0,0.0,0.0,0.0,0.0,0.0,19786.0,6.0,5604.0,18292.0,6.0,5605.0
53.62098952899396,0.0,0.0,0.0,0.0,0.0,0.0,0.0,0.0,0.0,0.0,0.0,0.0,0.0,19787.0,6.0,5624.0,18293.0,6.0,5637.0
53.62122946199088,0.0,0.0,0.0,0.0,0.0,0.0,0.0,0.0,0.0,0.0,0.0,0.0,0.0,19788.0,6.0,5644.0,18294.0,6.0,5657.0
53.62129050599469,0.0,0.0,0.0,0.0,0.0,0.0,0.0,0.0,0.0,0.0,0.0,0.0,0.0,19789.0,6.0,5664.0,18295.0,6.0,5677.0
53.62135155100259,0.0,0.0,0.0,0.0,0.0,0.0,0.0,0.0,0.0,0.0,0.0,0.0,0.0,19790.0,6.0,5684.0,18296.0,6.0,5687.0
53.62141137399885,0.0,0.0,0.0,0.0,0.0,0.0,0.0,0.0,0.0,0.0,0.0,0.0,0.0,19791.0,6.0,5704.0,18297.0,6.0,5707.0
53.621472769998945,0.0,0.0,0.0,0.0,0.0,0.0,0.0,0.0,0.0,0.0,0.0,0.0,0.0,19792.0,6.0,5724.0,18298.0,6.0,5737.0
53.62153298300109,0.0,0.0,0.0,0.0,0.0,0.0,0.0,0.0,0.0,0.0,0.0,0.0,0.0,19793.0,6.0,5744.0,18299.0,6.0,5757.0
53.62159135300317,0.0,0.0,0.0,0.0,0.0,0.0,0.0,0.0,0.0,0.0,0.0,0.0,0.0,19794.0,6.0,5764.0,18300.0,6.0,5777.0
53.626202824991196,0.0,0.0,0.0,0.0,0.0,0.0,0.0,0.0,0.0,0.0,0.0,0.0,0.0,19795.0,6.0,5784.0,18301.0,6.0,5787.0
53.6522152999969,0.0,0.0,0.0,0.0,0.0,0.0,0.0,0.0,0.0,0.0,0.0,0.0,0.0,19796.0,6.0,5804.0,18302.0,6.0,5817.0
53.67818589300441,0.0,0.0,0.0,0.0,0.0,0.0,0.0,0.0,0.0,0.0,0.0,0.0,0.0,19797.0,6.0,5824.0,18303.0,6.0,5837.0
53.69173127399699,0.0,0.0,0.0,0.0,0.0,0.0,0.0,0.0,0.0,0.0,0.0,0.0,0.0,19798.0,6.0,5844.0,18304.0,6.0,5857.0
54.11963703700167,0.0,0.0,0.0,0.0,0.0,0.0,0.0,0.0,0.0,0.0,0.0,0.0,0.0,19801.0,6.0,5904.0,18307.0,6.0,5917.0
54.11999515199568,0.0,0.0,0.0,0.0,0.0,0.0,0.0,0.0,0.0,0.0,0.0,0.0,0.0,19804.0,6.0,5964.0,18310.0,6.0,5966.0
54.12007535999874,0.0,0.0,0.0,0.0,0.0,0.0,0.0,0.0,0.0,0.0,0.0,0.0,0.0,19805.0,6.0,5984.0,18311.0,6.0,5987.0
54.12014381799963,0.0,0.0,0.0,0.0,0.0,0.0,0.0,0.0,0.0,0.0,0.0,0.0,0.0,19806.0,6.0,6004.0,18312.0,6.0,6017.0
54.12020780799503,0.0,0.0,0.0,0.0,0.0,0.0,0.0,0.0,0.0,0.0,0.0,0.0,0.0,19807.0,6.0,6024.0,18313.0,6.0,6037.0
54.120271808002144,0.0,0.0,0.0,0.0,0.0,0.0,0.0,0.0,0.0,0.0,0.0,0.0,0.0,19808.0,6.0,6044.0,18314.0,6.0,6057.0
54.12033354399318,0.0,0.0,0.0,0.0,0.0,0.0,0.0,0.0,0.0,0.0,0.0,0.0,0.0,19809.0,6.0,6064.0,18315.0,6.0,6077.0
54.12039350699342,0.0,0.0,0.0,0.0,0.0,0.0,0.0,0.0,0.0,0.0,0.0,0.0,0.0,19810.0,6.0,6084.0,18316.0,6.0,6087.0
54.12045242800377,0.0,0.0,0.0,0.0,0.0,0.0,0.0,0.0,0.0,0.0,0.0,0.0,0.0,19811.0,6.0,6104.0,18317.0,6.0,6117.0
54.12051430399879,0.0,0.0,0.0,0.0,0.0,0.0,0.0,0.0,0.0,0.0,0.0,0.0,0.0,19812.0,6.0,6124.0,18318.0,6.0,6137.0
54.120572945001186,0.0,0.0,0.0,0.0,0.0,0.0,0.0,0.0,0.0,0.0,0.0,0.0,0.0,19813.0,6.0,6144.0,18319.0,6.0,6157.0
54.12063566299912,0.0,0.0,0.0,0.0,0.0,0.0,0.0,0.0,0.0,0.0,0.0,0.0,0.0,19814.0,6.0,6164.0,18320.0,6.0,6177.0
54.12069578599767,0.0,0.0,0.0,0.0,0.0,0.0,0.0,0.0,0.0,0.0,0.0,0.0,0.0,19815.0,6.0,6185.0,18321.0,6.0,6186.0
54.120753775991034,0.0,0.0,0.0,0.0,0.0,0.0,0.0,0.0,0.0,0.0,0.0,0.0,0.0,19816.0,6.0,6204.0,18322.0,6.0,6217.0
54.120824386991444,0.0,0.0,0.0,0.0,0.0,0.0,0.0,0.0,0.0,0.0,0.0,0.0,0.0,19817.0,6.0,6224.0,18323.0,6.0,6237.0
54.12088286699145,0.0,0.0,0.0,0.0,0.0,0.0,0.0,0.0,0.0,0.0,0.0,0.0,0.0,19818.0,6.0,6244.0,18324.0,6.0,6257.0
54.12094931199681,0.0,0.0,0.0,0.0,0.0,0.0,0.0,0.0,0.0,0.0,0.0,0.0,0.0,19819.0,6.0,6264.0,18325.0,6.0,6277.0
54.12325688700366,0.0,0.0,0.0,0.0,0.0,0.0,0.0,0.0,0.0,0.0,0.0,0.0,0.0,19820.0,6.0,6284.0,18326.0,6.0,6287.0
54.172342827994726,0.0,0.0,0.0,0.0,0.0,0.0,0.0,0.0,0.0,0.0,0.0,0.0,0.0,19821.0,6.0,6304.0,18327.0,6.0,6316.0
54.17274708200421,0.0,0.0,0.0,0.0,0.0,0.0,0.0,0.0,0.0,0.0,0.0,0.0,0.0,19822.0,6.0,6324.0,18328.0,6.0,6337.0
54.19135488499887,0.0,0.0,0.0,0.0,0.0,0.0,0.0,0.0,0.0,0.0,0.0,0.0,0.0,19823.0,6.0,6344.0,18329.0,6.0,6357.0
54.211257672999636,0.0,0.0,0.0,0.0,0.0,0.0,0.0,0.0,0.0,0.0,0.0,0.0,0.0,19824.0,6.0,6364.0,18330.0,6.0,6377.0
54.222329235999496,0.0,0.0,0.0,0.0,0.0,0.0,0.0,0.0,0.0,0.0,0.0,0.0,0.0,19825.0,6.0,6384.0,18331.0,6.0,6387.0
54.6326735039911,0.0,0.0,0.0,0.0,0.0,0.0,0.0,0.0,0.0,0.0,0.0,0.0,0.0,19826.0,6.0,6404.0,18332.0,6.0,6417.0
54.63293755799532,0.0,0.0,0.0,0.0,0.0,0.0,0.0,0.0,0.0,0.0,0.0,0.0,0.0,19829.0,6.0,6464.0,18335.0,6.0,6466.0
54.63301866699476,0.0,0.0,0.0,0.0,0.0,0.0,0.0,0.0,0.0,0.0,0.0,0.0,0.0,19830.0,6.0,6484.0,18336.0,6.0,6487.0
54.63308410999889,0.0,0.0,0.0,0.0,0.0,0.0,0.0,0.0,0.0,0.0,0.0,0.0,0.0,19831.0,6.0,6504.0,18337.0,6.0,6507.0
54.633143821993144,0.0,0.0,0.0,0.0,0.0,0.0,0.0,0.0,0.0,0.0,0.0,0.0,0.0,19832.0,6.0,6524.0,18338.0,6.0,6537.0
54.63320698100142,0.0,0.0,0.0,0.0,0.0,0.0,0.0,0.0,0.0,0.0,0.0,0.0,0.0,19833.0,6.0,6544.0,18339.0,6.0,6557.0
54.6332686169917,0.0,0.0,0.0,0.0,0.0,0.0,0.0,0.0,0.0,0.0,0.0,0.0,0.0,19834.0,6.0,6564.0,18340.0,6.0,6577.0
54.63332938100211,0.0,0.0,0.0,0.0,0.0,0.0,0.0,0.0,0.0,0.0,0.0,0.0,0.0,19835.0,6.0,6584.0,18341.0,6.0,6587.0
54.6333902059996,0.0,0.0,0.0,0.0,0.0,0.0,0.0,0.0,0.0,0.0,0.0,0.0,0.0,19836.0,6.0,6604.0,18342.0,6.0,6617.0
54.63344662300369,0.0,0.0,0.0,0.0,0.0,0.0,0.0,0.0,0.0,0.0,0.0,0.0,0.0,19837.0,6.0,6624.0,18343.0,6.0,6637.0
54.63350342999911,0.0,0.0,0.0,0.0,0.0,0.0,0.0,0.0,0.0,0.0,0.0,0.0,0.0,19838.0,6.0,6644.0,18344.0,6.0,6657.0
54.633563843992306,0.0,0.0,0.0,0.0,0.0,0.0,0.0,0.0,0.0,0.0,0.0,0.0,0.0,19839.0,6.0,6664.0,18345.0,6.0,6677.0
54.63362683200103,0.0,0.0,0.0,0.0,0.0,0.0,0.0,0.0,0.0,0.0,0.0,0.0,0.0,19841.0,6.0,6704.0,18346.0,6.0,6718.0
54.633688938993146,0.0,0.0,0.0,0.0,0.0,0.0,0.0,0.0,0.0,0.0,0.0,0.0,0.0,19842.0,6.0,6724.0,18347.0,6.0,6726.0
54.633746867999434,0.0,0.0,0.0,0.0,0.0,0.0,0.0,0.0,0.0,0.0,0.0,0.0,0.0,19843.0,6.0,6744.0,18348.0,6.0,6757.0
54.63380361600139,0.0,0.0,0.0,0.0,0.0,0.0,0.0,0.0,0.0,0.0,0.0,0.0,0.0,19844.0,6.0,6764.0,18349.0,6.0,6777.0
54.63577967099263,0.0,0.0,0.0,0.0,0.0,0.0,0.0,0.0,0.0,0.0,0.0,0.0,0.0,19845.0,6.0,6784.0,18350.0,6.0,6797.0
54.63966462700046,0.0,0.0,0.0,0.0,0.0,0.0,0.0,0.0,0.0,0.0,0.0,0.0,0.0,19846.0,6.0,6804.0,18351.0,6.0,6806.0
54.67168964300072,0.0,0.0,0.0,0.0,0.0,0.0,0.0,0.0,0.0,0.0,0.0,0.0,0.0,19847.0,6.0,6824.0,18352.0,6.0,6837.0
54.693725168996025,0.0,0.0,0.0,0.0,0.0,0.0,0.0,0.0,0.0,0.0,0.0,0.0,0.0,19848.0,6.0,6844.0,18353.0,6.0,6856.0
54.71109042399621,0.0,0.0,0.0,0.0,0.0,0.0,0.0,0.0,0.0,0.0,0.0,0.0,0.0,19849.0,6.0,6864.0,18354.0,6.0,6877.0
54.7326725860039,0.0,0.0,0.0,0.0,0.0,0.0,0.0,0.0,0.0,0.0,0.0,0.0,0.0,19850.0,6.0,6884.0,18355.0,6.0,6897.0
55.154556694003986,0.0,0.0,0.0,0.0,0.0,0.0,0.0,0.0,0.0,0.0,0.0,0.0,0.0,19851.0,6.0,6904.0,18356.0,6.0,6907.0
55.15508877899265,0.0,0.0,0.0,0.0,0.0,0.0,0.0,0.0,0.0,0.0,0.0,0.0,0.0,19852.0,6.0,6924.0,18357.0,6.0,6937.0
55.155325015002745,0.0,0.0,0.0,0.0,0.0,0.0,0.0,0.0,0.0,0.0,0.0,0.0,0.0,19853.0,6.0,6944.0,18358.0,6.0,6958.0
55.15538811299484,0.0,0.0,0.0,0.0,0.0,0.0,0.0,0.0,0.0,0.0,0.0,0.0,0.0,19854.0,6.0,6964.0,18359.0,6.0,6966.0
55.155445821990725,0.0,0.0,0.0,0.0,0.0,0.0,0.0,0.0,0.0,0.0,0.0,0.0,0.0,19855.0,6.0,6984.0,18360.0,6.0,6996.0
55.155504743001075,0.0,0.0,0.0,0.0,0.0,0.0,0.0,0.0,0.0,0.0,0.0,0.0,0.0,19856.0,6.0,7004.0,18361.0,6.0,7006.0
55.155562011990696,0.0,0.0,0.0,0.0,0.0,0.0,0.0,0.0,0.0,0.0,0.0,0.0,0.0,19857.0,6.0,7024.0,18362.0,6.0,7037.0
55.155646386992885,0.0,0.0,0.0,0.0,0.0,0.0,0.0,0.0,0.0,0.0,0.0,0.0,0.0,19858.0,6.0,7044.0,18363.0,6.0,7057.0
55.155712851003045,0.0,0.0,0.0,0.0,0.0,0.0,0.0,0.0,0.0,0.0,0.0,0.0,0.0,19859.0,6.0,7064.0,18364.0,6.0,7077.0
55.155803046000074,0.0,0.0,0.0,0.0,0.0,0.0,0.0,0.0,0.0,0.0,0.0,0.0,0.0,19860.0,6.0,7084.0,18365.0,6.0,7097.0
55.15601271599007,0.0,0.0,0.0,0.0,0.0,0.0,0.0,0.0,0.0,0.0,0.0,0.0,0.0,19861.0,6.0,7104.0,18366.0,6.0,7107.0
55.156192915994325,0.0,0.0,0.0,0.0,0.0,0.0,0.0,0.0,0.0,0.0,0.0,0.0,0.0,19862.0,6.0,7124.0,18367.0,6.0,7137.0
55.156349575001514,0.0,0.0,0.0,0.0,0.0,0.0,0.0,0.0,0.0,0.0,0.0,0.0,0.0,19863.0,6.0,7144.0,18368.0,6.0,7157.0
55.156509701002506,0.0,0.0,0.0,0.0,0.0,0.0,0.0,0.0,0.0,0.0,0.0,0.0,0.0,19864.0,6.0,7164.0,18369.0,6.0,7177.0
55.16044555499684,0.0,0.0,0.0,0.0,0.0,0.0,0.0,0.0,0.0,0.0,0.0,0.0,0.0,19865.0,6.0,7184.0,18370.0,6.0,7197.0
55.160630001992104,0.0,0.0,0.0,0.0,0.0,0.0,0.0,0.0,0.0,0.0,0.0,0.0,0.0,19866.0,6.0,7204.0,18371.0,6.0,7207.0
55.16079872199043,0.0,0.0,0.0,0.0,0.0,0.0,0.0,0.0,0.0,0.0,0.0,0.0,0.0,19867.0,6.0,7224.0,18372.0,6.0,7227.0
55.16094777800026,0.0,0.0,0.0,0.0,0.0,0.0,0.0,0.0,0.0,0.0,0.0,0.0,0.0,19868.0,6.0,7244.0,18373.0,6.0,7247.0
55.1610970049951,0.0,0.0,0.0,0.0,0.0,0.0,0.0,0.0,0.0,0.0,0.0,0.0,0.0,19869.0,6.0,7264.0,18374.0,6.0,7277.0
55.16142282499641,0.0,0.0,0.0,0.0,0.0,0.0,0.0,0.0,0.0,0.0,0.0,0.0,0.0,19870.0,6.0,7284.0,18375.0,6.0,7297.0
55.161628247995395,0.0,0.0,0.0,0.0,0.0,0.0,0.0,0.0,0.0,0.0,0.0,0.0,0.0,19871.0,6.0,7304.0,18376.0,6.0,7308.0
55.16685475999839,0.0,0.0,0.0,0.0,0.0,0.0,0.0,0.0,0.0,0.0,0.0,0.0,0.0,19872.0,6.0,7324.0,18377.0,6.0,7327.0
55.19214091799222,0.0,0.0,0.0,0.0,0.0,0.0,0.0,0.0,0.0,0.0,0.0,0.0,0.0,19873.0,6.0,7344.0,18378.0,6.0,7357.0
55.22362558900204,0.0,0.0,0.0,0.0,0.0,0.0,0.0,0.0,0.0,0.0,0.0,0.0,0.0,19874.0,6.0,7364.0,18379.0,6.0,7377.0
55.234737806997146,0.0,0.0,0.0,0.0,0.0,0.0,0.0,0.0,0.0,0.0,0.0,0.0,0.0,19875.0,6.0,7384.0,18380.0,6.0,7400.0
55.65458534499339,0.0,0.0,0.0,0.0,0.0,0.0,0.0,0.0,0.0,0.0,0.0,0.0,0.0,19876.0,6.0,7404.0,18381.0,6.0,7411.0
55.654734691997874,0.0,0.0,0.0,0.0,0.0,0.0,0.0,0.0,0.0,0.0,0.0,0.0,0.0,19877.0,6.0,7424.0,18382.0,6.0,7437.0
55.65480873899651,0.0,0.0,0.0,0.0,0.0,0.0,0.0,0.0,0.0,0.0,0.0,0.0,0.0,19878.0,6.0,7444.0,18383.0,6.0,7458.0
55.6548707960028,0.0,0.0,0.0,0.0,0.0,0.0,0.0,0.0,0.0,0.0,0.0,0.0,0.0,19879.0,6.0,7464.0,18384.0,6.0,7466.0
55.65492999799608,0.0,0.0,0.0,0.0,0.0,0.0,0.0,0.0,0.0,0.0,0.0,0.0,0.0,19880.0,6.0,7484.0,18385.0,6.0,7497.0
55.65498880899395,0.0,0.0,0.0,0.0,0.0,0.0,0.0,0.0,0.0,0.0,0.0,0.0,0.0,19881.0,6.0,7504.0,18386.0,6.0,7508.0
55.655051936992095,0.0,0.0,0.0,0.0,0.0,0.0,0.0,0.0,0.0,0.0,0.0,0.0,0.0,19882.0,6.0,7524.0,18387.0,6.0,7537.0
55.65511134899862,0.0,0.0,0.0,0.0,0.0,0.0,0.0,0.0,0.0,0.0,0.0,0.0,0.0,19883.0,6.0,7544.0,18388.0,6.0,7557.0
55.65517003000423,0.0,0.0,0.0,0.0,0.0,0.0,0.0,0.0,0.0,0.0,0.0,0.0,0.0,19884.0,6.0,7564.0,18389.0,6.0,7576.0
55.65523314899474,0.0,0.0,0.0,0.0,0.0,0.0,0.0,0.0,0.0,0.0,0.0,0.0,0.0,19885.0,6.0,7584.0,18390.0,6.0,7597.0
55.655416573994444,0.0,0.0,0.0,0.0,0.0,0.0,0.0,0.0,0.0,0.0,0.0,0.0,0.0,19886.0,6.0,7604.0,18391.0,6.0,7608.0
55.655574635995436,0.0,0.0,0.0,0.0,0.0,0.0,0.0,0.0,0.0,0.0,0.0,0.0,0.0,19887.0,6.0,7624.0,18392.0,6.0,7627.0
55.65607236100186,0.0,0.0,0.0,0.0,0.0,0.0,0.0,0.0,0.0,0.0,0.0,0.0,0.0,19888.0,6.0,7644.0,18393.0,6.0,7657.0
55.65624134099926,0.0,0.0,0.0,0.0,0.0,0.0,0.0,0.0,0.0,0.0,0.0,0.0,0.0,19889.0,6.0,7664.0,18394.0,6.0,7677.0
55.65631151199341,0.0,0.0,0.0,0.0,0.0,0.0,0.0,0.0,0.0,0.0,0.0,0.0,0.0,19890.0,6.0,7684.0,18395.0,6.0,7697.0
55.65637271699961,0.0,0.0,0.0,0.0,0.0,0.0,0.0,0.0,0.0,0.0,0.0,0.0,0.0,19891.0,6.0,7704.0,18396.0,6.0,7707.0
55.65643211899442,0.0,0.0,0.0,0.0,0.0,0.0,0.0,0.0,0.0,0.0,0.0,0.0,0.0,19892.0,6.0,7724.0,18397.0,6.0,7737.0
55.65665886900388,0.0,0.0,0.0,0.0,0.0,0.0,0.0,0.0,0.0,0.0,0.0,0.0,0.0,19893.0,6.0,7744.0,18398.0,6.0,7757.0
55.65678893199947,0.0,0.0,0.0,0.0,0.0,0.0,0.0,0.0,0.0,0.0,0.0,0.0,0.0,19894.0,6.0,7764.0,18399.0,6.0,7777.0
55.657133664994035,0.0,0.0,0.0,0.0,0.0,0.0,0.0,0.0,0.0,0.0,0.0,0.0,0.0,19895.0,6.0,7784.0,18400.0,6.0,7797.0
55.657295183002134,0.0,0.0,0.0,0.0,0.0,0.0,0.0,0.0,0.0,0.0,0.0,0.0,0.0,19896.0,6.0,7804.0,18401.0,6.0,7807.0
55.66152422099549,0.0,0.0,0.0,0.0,0.0,0.0,0.0,0.0,0.0,0.0,0.0,0.0,0.0,19897.0,6.0,7824.0,18402.0,6.0,7827.0
55.69232938699133,0.0,0.0,0.0,0.0,0.0,0.0,0.0,0.0,0.0,0.0,0.0,0.0,0.0,19898.0,6.0,7844.0,18403.0,6.0,7857.0
55.71090791399183,0.0,0.0,0.0,0.0,0.0,0.0,0.0,0.0,0.0,0.0,0.0,0.0,0.0,19899.0,6.0,7864.0,18404.0,6.0,7877.0
55.732094805003726,0.0,0.0,0.0,0.0,0.0,0.0,0.0,0.0,0.0,0.0,0.0,0.0,0.0,19900.0,6.0,7884.0,18405.0,6.0,7897.0
55.74123482799041,0.0,0.0,0.0,0.0,0.0,0.0,0.0,0.0,0.0,0.0,0.0,0.0,0.0,19901.0,6.0,7904.0,18406.0,6.0,7907.0
56.1630629519932,0.0,0.0,0.0,0.0,0.0,0.0,0.0,0.0,0.0,0.0,0.0,0.0,0.0,19902.0,6.0,7924.0,18407.0,6.0,7937.0
56.163510320999194,0.0,0.0,0.0,0.0,0.0,0.0,0.0,0.0,0.0,0.0,0.0,0.0,0.0,19903.0,6.0,7944.0,18408.0,6.0,7958.0
56.163597089995164,0.0,0.0,0.0,0.0,0.0,0.0,0.0,0.0,0.0,0.0,0.0,0.0,0.0,19904.0,6.0,7964.0,18409.0,6.0,7966.0
56.163670135996654,0.0,0.0,0.0,0.0,0.0,0.0,0.0,0.0,0.0,0.0,0.0,0.0,0.0,19905.0,6.0,7984.0,18410.0,6.0,7997.0
56.163737351002055,0.0,0.0,0.0,0.0,0.0,0.0,0.0,0.0,0.0,0.0,0.0,0.0,0.0,19906.0,6.0,8004.0,18411.0,6.0,8007.0
56.16379870699893,0.0,0.0,0.0,0.0,0.0,0.0,0.0,0.0,0.0,0.0,0.0,0.0,0.0,19907.0,6.0,8024.0,18412.0,6.0,8037.0
56.16385932099365,0.0,0.0,0.0,0.0,0.0,0.0,0.0,0.0,0.0,0.0,0.0,0.0,0.0,19908.0,6.0,8044.0,18413.0,6.0,8057.0
56.163919094004086,0.0,0.0,0.0,0.0,0.0,0.0,0.0,0.0,0.0,0.0,0.0,0.0,0.0,19909.0,6.0,8064.0,18414.0,6.0,8077.0
56.163979206990916,0.0,0.0,0.0,0.0,0.0,0.0,0.0,0.0,0.0,0.0,0.0,0.0,0.0,19910.0,6.0,8084.0,18415.0,6.0,8097.0
56.16403908000211,0.0,0.0,0.0,0.0,0.0,0.0,0.0,0.0,0.0,0.0,0.0,0.0,0.0,19911.0,6.0,8104.0,18416.0,6.0,8108.0
56.16409849199408,0.0,0.0,0.0,0.0,0.0,0.0,0.0,0.0,0.0,0.0,0.0,0.0,0.0,19912.0,6.0,8124.0,18417.0,6.0,8127.0
56.16415752399189,0.0,0.0,0.0,0.0,0.0,0.0,0.0,0.0,0.0,0.0,0.0,0.0,0.0,19913.0,6.0,8144.0,18418.0,6.0,8147.0
56.16421614399587,0.0,0.0,0.0,0.0,0.0,0.0,0.0,0.0,0.0,0.0,0.0,0.0,0.0,19914.0,6.0,8164.0,18419.0,6.0,8177.0
56.16427515599935,0.0,0.0,0.0,0.0,0.0,0.0,0.0,0.0,0.0,0.0,0.0,0.0,0.0,19915.0,6.0,8184.0,18420.0,6.0,8197.0
56.16433318599593,0.0,0.0,0.0,0.0,0.0,0.0,0.0,0.0,0.0,0.0,0.0,0.0,0.0,19916.0,6.0,8204.0,18421.0,6.0,8207.0
56.16439259800245,0.0,0.0,0.0,0.0,0.0,0.0,0.0,0.0,0.0,0.0,0.0,0.0,0.0,19917.0,6.0,8224.0,18422.0,6.0,8237.0
56.16445093799848,0.0,0.0,0.0,0.0,0.0,0.0,0.0,0.0,0.0,0.0,0.0,0.0,0.0,19918.0,6.0,8244.0,18423.0,6.0,8257.0
56.16451026999857,0.0,0.0,0.0,0.0,0.0,0.0,0.0,0.0,0.0,0.0,0.0,0.0,0.0,19919.0,6.0,8264.0,18424.0,6.0,8277.0
56.16459509599372,0.0,0.0,0.0,0.0,0.0,0.0,0.0,0.0,0.0,0.0,0.0,0.0,0.0,19920.0,6.0,8284.0,18425.0,6.0,8297.0
56.16470731899608,0.0,0.0,0.0,0.0,0.0,0.0,0.0,0.0,0.0,0.0,0.0,0.0,0.0,19921.0,6.0,8304.0,18426.0,6.0,8307.0
56.1707499059994,0.0,0.0,0.0,0.0,0.0,0.0,0.0,0.0,0.0,0.0,0.0,0.0,0.0,19922.0,6.0,8324.0,18427.0,6.0,8337.0
56.19099697199999,0.0,0.0,0.0,0.0,0.0,0.0,0.0,0.0,0.0,0.0,0.0,0.0,0.0,19923.0,6.0,8344.0,18428.0,6.0,8357.0
56.21118149999529,0.0,0.0,0.0,0.0,0.0,0.0,0.0,0.0,0.0,0.0,0.0,0.0,0.0,19924.0,6.0,8364.0,18429.0,6.0,8377.0
56.23134912899695,0.0,0.0,0.0,0.0,0.0,0.0,0.0,0.0,0.0,0.0,0.0,0.0,0.0,19925.0,6.0,8384.0,18430.0,6.0,8397.0
56.24172778100183,0.0,0.0,0.0,0.0,0.0,0.0,0.0,0.0,0.0,0.0,0.0,0.0,0.0,19926.0,6.0,8404.0,18431.0,6.0,8407.0
56.67812919699645,0.0,0.0,0.0,0.0,0.0,0.0,0.0,0.0,0.0,0.0,0.0,0.0,0.0,19927.0,6.0,8424.0,18432.0,6.0,8437.0
56.67831716100045,0.0,0.0,0.0,0.0,0.0,0.0,0.0,0.0,0.0,0.0,0.0,0.0,0.0,19928.0,6.0,8444.0,18433.0,6.0,8458.0
56.678385357998195,0.0,0.0,0.0,0.0,0.0,0.0,0.0,0.0,0.0,0.0,0.0,0.0,0.0,19929.0,6.0,8464.0,18434.0,6.0,8466.0
56.678447354002856,0.0,0.0,0.0,0.0,0.0,0.0,0.0,0.0,0.0,0.0,0.0,0.0,0.0,19930.0,6.0,8484.0,18435.0,6.0,8497.0
56.678506876996835,0.0,0.0,0.0,0.0,0.0,0.0,0.0,0.0,0.0,0.0,0.0,0.0,0.0,19931.0,6.0,8504.0,18436.0,6.0,8508.0
56.67856588799623,0.0,0.0,0.0,0.0,0.0,0.0,0.0,0.0,0.0,0.0,0.0,0.0,0.0,19932.0,6.0,8524.0,18437.0,6.0,8527.0
56.67863849300193,0.0,0.0,0.0,0.0,0.0,0.0,0.0,0.0,0.0,0.0,0.0,0.0,0.0,19933.0,6.0,8544.0,18438.0,6.0,8547.0
56.67869727399375,0.0,0.0,0.0,0.0,0.0,0.0,0.0,0.0,0.0,0.0,0.0,0.0,0.0,19934.0,6.0,8564.0,18439.0,6.0,8577.0
56.67875268899661,0.0,0.0,0.0,0.0,0.0,0.0,0.0,0.0,0.0,0.0,0.0,0.0,0.0,19935.0,6.0,8584.0,18440.0,6.0,8597.0
56.67880956699082,0.0,0.0,0.0,0.0,0.0,0.0,0.0,0.0,0.0,0.0,0.0,0.0,0.0,19936.0,6.0,8604.0,18441.0,6.0,8607.0
56.678921970000374,0.0,0.0,0.0,0.0,0.0,0.0,0.0,0.0,0.0,0.0,0.0,0.0,0.0,19937.0,6.0,8624.0,18442.0,6.0,8637.0
56.67901624199294,0.0,0.0,0.0,0.0,0.0,0.0,0.0,0.0,0.0,0.0,0.0,0.0,0.0,19938.0,6.0,8644.0,18443.0,6.0,8657.0
56.679123105990584,0.0,0.0,0.0,0.0,0.0,0.0,0.0,0.0,0.0,0.0,0.0,0.0,0.0,19939.0,6.0,8664.0,18444.0,6.0,8677.0
56.679247859996394,0.0,0.0,0.0,0.0,0.0,0.0,0.0,0.0,0.0,0.0,0.0,0.0,0.0,19940.0,6.0,8684.0,18445.0,6.0,8697.0
56.6793813300028,0.0,0.0,0.0,0.0,0.0,0.0,0.0,0.0,0.0,0.0,0.0,0.0,0.0,19941.0,6.0,8704.0,18446.0,6.0,8707.0
56.679660809997586,0.0,0.0,0.0,0.0,0.0,0.0,0.0,0.0,0.0,0.0,0.0,0.0,0.0,19942.0,6.0,8724.0,18447.0,6.0,8737.0
56.679775256998255,0.0,0.0,0.0,0.0,0.0,0.0,0.0,0.0,0.0,0.0,0.0,0.0,0.0,19943.0,6.0,8744.0,18448.0,6.0,8757.0
56.679891216001124,0.0,0.0,0.0,0.0,0.0,0.0,0.0,0.0,0.0,0.0,0.0,0.0,0.0,19944.0,6.0,8764.0,18449.0,6.0,8777.0
56.68001013099274,0.0,0.0,0.0,0.0,0.0,0.0,0.0,0.0,0.0,0.0,0.0,0.0,0.0,19945.0,6.0,8784.0,18450.0,6.0,8797.0
56.680155940994155,0.0,0.0,0.0,0.0,0.0,0.0,0.0,0.0,0.0,0.0,0.0,0.0,0.0,19946.0,6.0,8804.0,18451.0,6.0,8807.0
56.68378656299319,0.0,0.0,0.0,0.0,0.0,0.0,0.0,0.0,0.0,0.0,0.0,0.0,0.0,19947.0,6.0,8824.0,18452.0,6.0,8837.0
56.6908154279954,0.0,0.0,0.0,0.0,0.0,0.0,0.0,0.0,0.0,0.0,0.0,0.0,0.0,19948.0,6.0,8844.0,18453.0,6.0,8857.0
56.71419378599967,0.0,0.0,0.0,0.0,0.0,0.0,0.0,0.0,0.0,0.0,0.0,0.0,0.0,19949.0,6.0,8864.0,18454.0,6.0,8877.0
56.73154041299131,0.0,0.0,0.0,0.0,0.0,0.0,0.0,0.0,0.0,0.0,0.0,0.0,0.0,19950.0,6.0,8884.0,18455.0,6.0,8897.0
56.74000638000143,0.0,0.0,0.0,0.0,0.0,0.0,0.0,0.0,0.0,0.0,0.0,0.0,0.0,19951.0,6.0,8904.0,18456.0,6.0,8907.0
56.770992388992454,0.0,0.0,0.0,0.0,0.0,0.0,0.0,0.0,0.0,0.0,0.0,0.0,0.0,19952.0,6.0,8924.0,18457.0,6.0,8937.0
56.793892203990254,0.0,0.0,0.0,0.0,0.0,0.0,0.0,0.0,0.0,0.0,0.0,0.0,0.0,19953.0,6.0,8944.0,18458.0,6.0,8958.0
56.800628126991796,0.0,0.0,0.0,0.0,0.0,0.0,0.0,0.0,0.0,0.0,0.0,0.0,0.0,19954.0,6.0,8964.0,18459.0,6.0,8966.0
56.83382112000254,0.0,0.0,0.0,0.0,0.0,0.0,0.0,0.0,0.0,0.0,0.0,0.0,0.0,19955.0,6.0,8984.0,18460.0,6.0,8997.0
56.83991287500248,0.0,0.0,0.0,0.0,0.0,0.0,0.0,0.0,0.0,0.0,0.0,0.0,0.0,19956.0,6.0,9004.0,18461.0,6.0,9006.0
56.87117996699817,0.0,0.0,0.0,0.0,0.0,0.0,0.0,0.0,0.0,0.0,0.0,0.0,0.0,19957.0,6.0,9024.0,18462.0,6.0,9037.0
56.89098731499689,0.0,0.0,0.0,0.0,0.0,0.0,0.0,0.0,0.0,0.0,0.0,0.0,0.0,19958.0,6.0,9044.0,18463.0,6.0,9057.0
56.91264256100112,0.0,0.0,0.0,0.0,0.0,0.0,0.0,0.0,0.0,0.0,0.0,0.0,0.0,19959.0,6.0,9064.0,18464.0,6.0,9077.0
56.98491958799423,0.0,0.0,0.0,0.0,0.0,0.0,0.0,0.0,0.0,0.0,0.0,0.0,0.0,19960.0,6.0,9084.0,18465.0,6.0,9097.0
56.985288222000236,0.0,0.0,0.0,0.0,0.0,0.0,0.0,0.0,0.0,0.0,0.0,0.0,0.0,19961.0,6.0,9104.0,18466.0,6.0,9107.0
56.98554510300164,0.0,0.0,0.0,0.0,0.0,0.0,0.0,0.0,0.0,0.0,0.0,0.0,0.0,19962.0,6.0,9124.0,18467.0,6.0,9137.0
57.0526425549906,0.0,0.0,0.0,0.0,0.0,0.0,0.0,0.0,0.0,0.0,0.0,0.0,0.0,19963.0,6.0,9144.0,18468.0,6.0,9157.0
57.052815011003986,0.0,0.0,0.0,0.0,0.0,0.0,0.0,0.0,0.0,0.0,0.0,0.0,0.0,19964.0,6.0,9164.0,18469.0,6.0,9177.0
57.05288123499486,0.0,0.0,0.0,0.0,0.0,0.0,0.0,0.0,0.0,0.0,0.0,0.0,0.0,19965.0,6.0,9184.0,18470.0,6.0,9197.0
57.05293888399319,0.0,0.0,0.0,0.0,0.0,0.0,0.0,0.0,0.0,0.0,0.0,0.0,0.0,19966.0,6.0,9204.0,18471.0,6.0,9207.0
57.07237656599318,0.0,0.0,0.0,0.0,0.0,0.0,0.0,0.0,0.0,0.0,0.0,0.0,0.0,19967.0,6.0,9224.0,18472.0,6.0,9237.0
57.09534513000108,0.0,0.0,0.0,0.0,0.0,0.0,0.0,0.0,0.0,0.0,0.0,0.0,0.0,19968.0,6.0,9244.0,18473.0,6.0,9257.0
57.111437239000225,0.0,0.0,0.0,0.0,0.0,0.0,0.0,0.0,0.0,0.0,0.0,0.0,0.0,19969.0,6.0,9264.0,18474.0,6.0,9277.0
57.13190764699539,0.0,0.0,0.0,0.0,0.0,0.0,0.0,0.0,0.0,0.0,0.0,0.0,0.0,19970.0,6.0,9284.0,18475.0,6.0,9297.0
57.14034988399362,0.0,0.0,0.0,0.0,0.0,0.0,0.0,0.0,0.0,0.0,0.0,0.0,0.0,19971.0,6.0,9304.0,18476.0,6.0,9306.0
57.26132119799149,0.0,0.0,0.0,0.0,0.0,0.0,0.0,0.0,0.0,0.0,0.0,0.0,0.0,19972.0,6.0,9324.0,18477.0,6.0,9337.0
57.261824895002064,0.0,0.0,0.0,0.0,0.0,0.0,0.0,0.0,0.0,0.0,0.0,0.0,0.0,19973.0,6.0,9344.0,18478.0,6.0,9357.0
57.26189816099941,0.0,0.0,0.0,0.0,0.0,0.0,0.0,0.0,0.0,0.0,0.0,0.0,0.0,19974.0,6.0,9364.0,18479.0,6.0,9377.0
57.27797538500454,0.0,0.0,0.0,0.0,0.0,0.0,0.0,0.0,0.0,0.0,0.0,0.0,0.0,19978.0,6.0,9444.0,18480.0,6.0,9444.0
57.28913065599045,0.0,0.0,0.0,0.0,0.0,0.0,0.0,0.0,0.0,0.0,0.0,0.0,0.0,19978.0,6.0,9444.0,18481.0,6.0,9454.0
57.311933474004036,0.0,0.0,0.0,0.0,0.0,0.0,0.0,0.0,0.0,0.0,0.0,0.0,0.0,19979.0,6.0,9464.0,18482.0,6.0,9477.0
57.33169341100438,0.0,0.0,0.0,0.0,0.0,0.0,0.0,0.0,0.0,0.0,0.0,0.0,0.0,19980.0,6.0,9484.0,18483.0,6.0,9496.0
57.351552868,0.0,0.0,0.0,0.0,0.0,0.0,0.0,0.0,0.0,0.0,0.0,0.0,0.0,19981.0,6.0,9504.0,18484.0,6.0,9517.0
57.39507378000417,0.0,0.0,0.0,0.0,0.0,0.0,0.0,0.0,0.0,0.0,0.0,0.0,0.0,19982.0,6.0,9524.0,18485.0,6.0,9537.0
57.3956397639995,0.0,0.0,0.0,0.0,0.0,0.0,0.0,0.0,0.0,0.0,0.0,0.0,0.0,19983.0,6.0,9544.0,18486.0,6.0,9547.0
57.480654692990356,0.0,0.0,0.0,0.0,0.0,0.0,0.0,0.0,0.0,0.0,0.0,0.0,0.0,19984.0,6.0,9564.0,18487.0,6.0,9577.0
57.481332798997755,0.0,0.0,0.0,0.0,0.0,0.0,0.0,0.0,0.0,0.0,0.0,0.0,0.0,19985.0,6.0,9584.0,18488.0,6.0,9597.0
57.48147213899938,0.0,0.0,0.0,0.0,0.0,0.0,0.0,0.0,0.0,0.0,0.0,0.0,0.0,19986.0,6.0,9604.0,18489.0,6.0,9617.0
57.48154514399357,0.0,0.0,0.0,0.0,0.0,0.0,0.0,0.0,0.0,0.0,0.0,0.0,0.0,19987.0,6.0,9624.0,18490.0,6.0,9637.0
57.48160920399823,0.0,0.0,0.0,0.0,0.0,0.0,0.0,0.0,0.0,0.0,0.0,0.0,0.0,19988.0,6.0,9644.0,18491.0,6.0,9647.0
57.51217308799096,0.0,0.0,0.0,0.0,0.0,0.0,0.0,0.0,0.0,0.0,0.0,0.0,0.0,19989.0,6.0,9664.0,18492.0,6.0,9677.0
57.533169239992276,0.0,0.0,0.0,0.0,0.0,0.0,0.0,0.0,0.0,0.0,0.0,0.0,0.0,19990.0,6.0,9684.0,18493.0,6.0,9697.0
57.550964166992344,0.0,0.0,0.0,0.0,0.0,0.0,0.0,0.0,0.0,0.0,0.0,0.0,0.0,19991.0,6.0,9704.0,18494.0,6.0,9717.0
57.570417976996396,0.0,0.0,0.0,0.0,0.0,0.0,0.0,0.0,0.0,0.0,0.0,0.0,0.0,19992.0,6.0,9724.0,18495.0,6.0,9737.0
57.5831480659981,0.0,0.0,0.0,0.0,0.0,0.0,0.0,0.0,0.0,0.0,0.0,0.0,0.0,19993.0,6.0,9744.0,18496.0,6.0,9747.0
57.67668329599837,0.0,0.0,0.0,0.0,0.0,0.0,0.0,0.0,0.0,0.0,0.0,0.0,0.0,19994.0,6.0,9764.0,18497.0,6.0,9777.0
57.67678771499777,0.0,0.0,0.0,0.0,0.0,0.0,0.0,0.0,0.0,0.0,0.0,0.0,0.0,19995.0,6.0,9784.0,18498.0,6.0,9796.0
57.676854509991244,0.0,0.0,0.0,0.0,0.0,0.0,0.0,0.0,0.0,0.0,0.0,0.0,0.0,19996.0,6.0,9804.0,18499.0,6.0,9817.0
57.67691335199925,0.0,0.0,0.0,0.0,0.0,0.0,0.0,0.0,0.0,0.0,0.0,0.0,0.0,19997.0,6.0,9824.0,18500.0,6.0,9837.0
57.69918953999877,0.0,0.0,0.0,0.0,0.0,0.0,0.0,0.0,0.0,0.0,0.0,0.0,0.0,19998.0,6.0,9844.0,18501.0,6.0,9847.0
57.711093593999976,0.0,0.0,0.0,0.0,0.0,0.0,0.0,0.0,0.0,0.0,0.0,0.0,0.0,19999.0,6.0,9864.0,18502.0,6.0,9877.0
57.738242906998494,0.0,0.0,0.0,0.0,0.0,0.0,0.0,0.0,0.0,0.0,0.0,0.0,0.0,20000.0,6.0,9884.0,18503.0,6.0,9897.0
57.7534031499963,0.0,0.0,0.0,0.0,0.0,0.0,0.0,0.0,0.0,0.0,0.0,0.0,0.0,20001.0,6.0,9904.0,18504.0,6.0,9917.0
57.77103597599489,0.0,0.0,0.0,0.0,0.0,0.0,0.0,0.0,0.0,0.0,0.0,0.0,0.0,20002.0,6.0,9924.0,18505.0,6.0,9937.0
57.780468808996375,0.0,0.0,0.0,0.0,0.0,0.0,0.0,0.0,0.0,0.0,0.0,0.0,0.0,20003.0,6.0,9944.0,18506.0,6.0,9947.0
57.92022400899441,0.0,0.0,0.0,0.0,0.0,0.0,0.0,0.0,0.0,0.0,0.0,0.0,0.0,20004.0,6.0,9964.0,18507.0,6.0,9977.0
57.92033908699523,0.0,0.0,0.0,0.0,0.0,0.0,0.0,0.0,0.0,0.0,0.0,0.0,0.0,20005.0,6.0,9984.0,18508.0,6.0,9997.0
57.920407223995426,0.0,0.0,0.0,0.0,0.0,0.0,0.0,0.0,0.0,0.0,0.0,0.0,0.0,20006.0,6.0,10004.0,18509.0,6.0,10017.0
57.92046881999704,0.0,0.0,0.0,0.0,0.0,0.0,0.0,0.0,0.0,0.0,0.0,0.0,0.0,20007.0,6.0,10024.0,18510.0,6.0,10037.0
57.92052818200318,0.0,0.0,0.0,0.0,0.0,0.0,0.0,0.0,0.0,0.0,0.0,0.0,0.0,20008.0,6.0,10044.0,18511.0,6.0,10047.0
57.920589617991936,0.0,0.0,0.0,0.0,0.0,0.0,0.0,0.0,0.0,0.0,0.0,0.0,0.0,20009.0,6.0,10064.0,18512.0,6.0,10077.0
57.93124841900135,0.0,0.0,0.0,0.0,0.0,0.0,0.0,0.0,0.0,0.0,0.0,0.0,0.0,20010.0,6.0,10084.0,18513.0,6.0,10097.0
57.951508223995916,0.0,0.0,0.0,0.0,0.0,0.0,0.0,0.0,0.0,0.0,0.0,0.0,0.0,20011.0,6.0,10104.0,18514.0,6.0,10117.0
57.97087328899943,0.0,0.0,0.0,0.0,0.0,0.0,0.0,0.0,0.0,0.0,0.0,0.0,0.0,20012.0,6.0,10124.0,18515.0,6.0,10137.0
57.98005702299997,0.0,0.0,0.0,0.0,0.0,0.0,0.0,0.0,0.0,0.0,0.0,0.0,0.0,20013.0,6.0,10144.0,18516.0,6.0,10147.0
58.0122669699922,0.0,0.0,0.0,0.0,0.0,0.0,0.0,0.0,0.0,0.0,0.0,0.0,0.0,20014.0,6.0,10164.0,18517.0,6.0,10177.0
58.1430585939961,0.0,0.0,0.0,0.0,0.0,0.0,0.0,0.0,0.0,0.0,0.0,0.0,0.0,20015.0,6.0,10184.0,18518.0,6.0,10197.0
58.14344254399475,0.0,0.0,0.0,0.0,0.0,0.0,0.0,0.0,0.0,0.0,0.0,0.0,0.0,20016.0,6.0,10204.0,18519.0,6.0,10217.0
58.14362787299615,0.0,0.0,0.0,0.0,0.0,0.0,0.0,0.0,0.0,0.0,0.0,0.0,0.0,20017.0,6.0,10224.0,18520.0,6.0,10237.0
58.143690400000196,0.0,0.0,0.0,0.0,0.0,0.0,0.0,0.0,0.0,0.0,0.0,0.0,0.0,20018.0,6.0,10244.0,18521.0,6.0,10248.0
58.143748279995634,0.0,0.0,0.0,0.0,0.0,0.0,0.0,0.0,0.0,0.0,0.0,0.0,0.0,20019.0,6.0,10264.0,18522.0,6.0,10267.0
58.143804115999956,0.0,0.0,0.0,0.0,0.0,0.0,0.0,0.0,0.0,0.0,0.0,0.0,0.0,20020.0,6.0,10284.0,18523.0,6.0,10287.0
58.15184972299903,0.0,0.0,0.0,0.0,0.0,0.0,0.0,0.0,0.0,0.0,0.0,0.0,0.0,20021.0,6.0,10304.0,18524.0,6.0,10317.0
58.191035287003615,0.0,0.0,0.0,0.0,0.0,0.0,0.0,0.0,0.0,0.0,0.0,0.0,0.0,20022.0,6.0,10324.0,18525.0,6.0,10337.0
58.191748473996995,0.0,0.0,0.0,0.0,0.0,0.0,0.0,0.0,0.0,0.0,0.0,0.0,0.0,20023.0,6.0,10344.0,18526.0,6.0,10347.0
58.23897228199348,0.0,0.0,0.0,0.0,0.0,0.0,0.0,0.0,0.0,0.0,0.0,0.0,0.0,20024.0,6.0,10364.0,18527.0,6.0,10376.0
58.24064724300115,0.0,0.0,0.0,0.0,0.0,0.0,0.0,0.0,0.0,0.0,0.0,0.0,0.0,20025.0,6.0,10384.0,18528.0,6.0,10396.0
58.3608560749999,0.0,0.0,0.0,0.0,0.0,0.0,0.0,0.0,0.0,0.0,0.0,0.0,0.0,20026.0,6.0,10404.0,18529.0,6.0,10417.0
58.36105452699121,0.0,0.0,0.0,0.0,0.0,0.0,0.0,0.0,0.0,0.0,0.0,0.0,0.0,20027.0,6.0,10424.0,18530.0,6.0,10436.0
58.36112649999268,0.0,0.0,0.0,0.0,0.0,0.0,0.0,0.0,0.0,0.0,0.0,0.0,0.0,20028.0,6.0,10444.0,18531.0,6.0,10459.0
58.36118888799683,0.0,0.0,0.0,0.0,0.0,0.0,0.0,0.0,0.0,0.0,0.0,0.0,0.0,20029.0,6.0,10464.0,18532.0,6.0,10466.0
58.36124426299648,0.0,0.0,0.0,0.0,0.0,0.0,0.0,0.0,0.0,0.0,0.0,0.0,0.0,20030.0,6.0,10484.0,18533.0,6.0,10497.0
58.36129845600226,0.0,0.0,0.0,0.0,0.0,0.0,0.0,0.0,0.0,0.0,0.0,0.0,0.0,20031.0,6.0,10504.0,18534.0,6.0,10517.0
58.37025195499882,0.0,0.0,0.0,0.0,0.0,0.0,0.0,0.0,0.0,0.0,0.0,0.0,0.0,20032.0,6.0,10524.0,18535.0,6.0,10537.0
58.380438613996375,0.0,0.0,0.0,0.0,0.0,0.0,0.0,0.0,0.0,0.0,0.0,0.0,0.0,20033.0,6.0,10544.0,18536.0,6.0,10547.0
58.45463107500109,0.0,0.0,0.0,0.0,0.0,0.0,0.0,0.0,0.0,0.0,0.0,0.0,0.0,20034.0,6.0,10564.0,18537.0,6.0,10577.0
58.45472639899526,0.0,0.0,0.0,0.0,0.0,0.0,0.0,0.0,0.0,0.0,0.0,0.0,0.0,20035.0,6.0,10584.0,18538.0,6.0,10596.0
58.45478931699472,0.0,0.0,0.0,0.0,0.0,0.0,0.0,0.0,0.0,0.0,0.0,0.0,0.0,20036.0,6.0,10604.0,18539.0,6.0,10616.0
58.58645978200366,0.0,0.0,0.0,0.0,0.0,0.0,0.0,0.0,0.0,0.0,0.0,0.0,0.0,20037.0,6.0,10624.0,18540.0,6.0,10637.0
58.58680476600421,0.0,0.0,0.0,0.0,0.0,0.0,0.0,0.0,0.0,0.0,0.0,0.0,0.0,20038.0,6.0,10644.0,18541.0,6.0,10646.0
58.587043545994675,0.0,0.0,0.0,0.0,0.0,0.0,0.0,0.0,0.0,0.0,0.0,0.0,0.0,20039.0,6.0,10664.0,18542.0,6.0,10677.0
58.58725355799834,0.0,0.0,0.0,0.0,0.0,0.0,0.0,0.0,0.0,0.0,0.0,0.0,0.0,20040.0,6.0,10684.0,18543.0,6.0,10697.0
58.594212174997665,0.0,0.0,0.0,0.0,0.0,0.0,0.0,0.0,0.0,0.0,0.0,0.0,0.0,20041.0,6.0,10704.0,18544.0,6.0,10716.0
58.59443356600241,0.0,0.0,0.0,0.0,0.0,0.0,0.0,0.0,0.0,0.0,0.0,0.0,0.0,20042.0,6.0,10724.0,18545.0,6.0,10736.0
58.59449153600144,0.0,0.0,0.0,0.0,0.0,0.0,0.0,0.0,0.0,0.0,0.0,0.0,0.0,20043.0,6.0,10744.0,18546.0,6.0,10757.0
58.61212536400126,0.0,0.0,0.0,0.0,0.0,0.0,0.0,0.0,0.0,0.0,0.0,0.0,0.0,20044.0,6.0,10764.0,18547.0,6.0,10777.0
58.63109177300066,0.0,0.0,0.0,0.0,0.0,0.0,0.0,0.0,0.0,0.0,0.0,0.0,0.0,20045.0,6.0,10784.0,18548.0,6.0,10797.0
58.653133432002505,0.0,0.0,0.0,0.0,0.0,0.0,0.0,0.0,0.0,0.0,0.0,0.0,0.0,20046.0,6.0,10804.0,18549.0,6.0,10817.0
58.67280590599694,0.0,0.0,0.0,0.0,0.0,0.0,0.0,0.0,0.0,0.0,0.0,0.0,0.0,20047.0,6.0,10824.0,18550.0,6.0,10837.0
58.68034102499951,0.0,0.0,0.0,0.0,0.0,0.0,0.0,0.0,0.0,0.0,0.0,0.0,0.0,20048.0,6.0,10844.0,18551.0,6.0,10847.0
58.80002026299189,0.0,0.0,0.0,0.0,0.0,0.0,0.0,0.0,0.0,0.0,0.0,0.0,0.0,20049.0,6.0,10864.0,18552.0,6.0,10877.0
58.800153030999354,0.0,0.0,0.0,0.0,0.0,0.0,0.0,0.0,0.0,0.0,0.0,0.0,0.0,20050.0,6.0,10884.0,18553.0,6.0,10896.0
58.800221999990754,0.0,0.0,0.0,0.0,0.0,0.0,0.0,0.0,0.0,0.0,0.0,0.0,0.0,20051.0,6.0,10904.0,18554.0,6.0,10917.0
58.80027983999753,0.0,0.0,0.0,0.0,0.0,0.0,0.0,0.0,0.0,0.0,0.0,0.0,0.0,20052.0,6.0,10924.0,18555.0,6.0,10937.0
58.80033720799838,0.0,0.0,0.0,0.0,0.0,0.0,0.0,0.0,0.0,0.0,0.0,0.0,0.0,20053.0,6.0,10944.0,18556.0,6.0,10947.0
58.80989363799745,0.0,0.0,0.0,0.0,0.0,0.0,0.0,0.0,0.0,0.0,0.0,0.0,0.0,20054.0,6.0,10965.0,18557.0,6.0,10977.0
58.83139205099724,0.0,0.0,0.0,0.0,0.0,0.0,0.0,0.0,0.0,0.0,0.0,0.0,0.0,20055.0,6.0,10984.0,18558.0,6.0,10997.0
58.89581943300436,0.0,0.0,0.0,0.0,0.0,0.0,0.0,0.0,0.0,0.0,0.0,0.0,0.0,20056.0,6.0,11004.0,18559.0,6.0,11017.0
58.89634850299626,0.0,0.0,0.0,0.0,0.0,0.0,0.0,0.0,0.0,0.0,0.0,0.0,0.0,20057.0,6.0,11024.0,18560.0,6.0,11036.0
58.8964210080012,0.0,0.0,0.0,0.0,0.0,0.0,0.0,0.0,0.0,0.0,0.0,0.0,0.0,20058.0,6.0,11044.0,18561.0,6.0,11057.0
59.021677431999706,0.0,0.0,0.0,0.0,0.0,0.0,0.0,0.0,0.0,0.0,0.0,0.0,0.0,20059.0,6.0,11064.0,18562.0,6.0,11077.0
59.022124561000965,0.0,0.0,0.0,0.0,0.0,0.0,0.0,0.0,0.0,0.0,0.0,0.0,0.0,20060.0,6.0,11084.0,18563.0,6.0,11097.0
59.02220626200142,0.0,0.0,0.0,0.0,0.0,0.0,0.0,0.0,0.0,0.0,0.0,0.0,0.0,20061.0,6.0,11104.0,18564.0,6.0,11117.0
59.02226712599804,0.0,0.0,0.0,0.0,0.0,0.0,0.0,0.0,0.0,0.0,0.0,0.0,0.0,20062.0,6.0,11124.0,18565.0,6.0,11137.0
59.02232394399471,0.0,0.0,0.0,0.0,0.0,0.0,0.0,0.0,0.0,0.0,0.0,0.0,0.0,20063.0,6.0,11144.0,18566.0,6.0,11147.0
59.02237890899414,0.0,0.0,0.0,0.0,0.0,0.0,0.0,0.0,0.0,0.0,0.0,0.0,0.0,20064.0,6.0,11164.0,18567.0,6.0,11177.0
59.06596910499502,0.0,0.0,0.0,0.0,0.0,0.0,0.0,0.0,0.0,0.0,0.0,0.0,0.0,20065.0,6.0,11184.0,18568.0,6.0,11196.0
59.06625604900182,0.0,0.0,0.0,0.0,0.0,0.0,0.0,0.0,0.0,0.0,0.0,0.0,0.0,20066.0,6.0,11204.0,18569.0,6.0,11216.0
59.07293964699784,0.0,0.0,0.0,0.0,0.0,0.0,0.0,0.0,0.0,0.0,0.0,0.0,0.0,20067.0,6.0,11224.0,18570.0,6.0,11237.0
59.08205620899389,0.0,0.0,0.0,0.0,0.0,0.0,0.0,0.0,0.0,0.0,0.0,0.0,0.0,20068.0,6.0,11244.0,18571.0,6.0,11246.0
59.11029693100136,0.0,0.0,0.0,0.0,0.0,0.0,0.0,0.0,0.0,0.0,0.0,0.0,0.0,20069.0,6.0,11264.0,18572.0,6.0,11277.0
59.14851251199434,0.0,0.0,0.0,0.0,0.0,0.0,0.0,0.0,0.0,0.0,0.0,0.0,0.0,20070.0,6.0,11284.0,18573.0,6.0,11297.0
59.15116920199944,0.0,0.0,0.0,0.0,0.0,0.0,0.0,0.0,0.0,0.0,0.0,0.0,0.0,20071.0,6.0,11304.0,18574.0,6.0,11317.0
59.238698906003265,0.0,0.0,0.0,0.0,0.0,0.0,0.0,0.0,0.0,0.0,0.0,0.0,0.0,20072.0,6.0,11324.0,18575.0,6.0,11336.0
59.239082646992756,0.0,0.0,0.0,0.0,0.0,0.0,0.0,0.0,0.0,0.0,0.0,0.0,0.0,20073.0,6.0,11344.0,18576.0,6.0,11356.0
59.23933303699596,0.0,0.0,0.0,0.0,0.0,0.0,0.0,0.0,0.0,0.0,0.0,0.0,0.0,20074.0,6.0,11364.0,18577.0,6.0,11376.0
59.25070678300108,0.0,0.0,0.0,0.0,0.0,0.0,0.0,0.0,0.0,0.0,0.0,0.0,0.0,20076.0,6.0,11404.0,18578.0,6.0,11416.0
59.27058889600448,0.0,0.0,0.0,0.0,0.0,0.0,0.0,0.0,0.0,0.0,0.0,0.0,0.0,20077.0,6.0,11424.0,18579.0,6.0,11437.0
59.2924605809967,0.0,0.0,0.0,0.0,0.0,0.0,0.0,0.0,0.0,0.0,0.0,0.0,0.0,20078.0,6.0,11444.0,18580.0,6.0,11458.0
59.304018252994865,0.0,0.0,0.0,0.0,0.0,0.0,0.0,0.0,0.0,0.0,0.0,0.0,0.0,20079.0,6.0,11464.0,18581.0,6.0,11469.0
59.32384976799949,0.0,0.0,0.0,0.0,0.0,0.0,0.0,0.0,0.0,0.0,0.0,0.0,0.0,20080.0,6.0,11484.0,18582.0,6.0,11487.0
59.45890418799536,0.0,0.0,0.0,0.0,0.0,0.0,0.0,0.0,0.0,0.0,0.0,0.0,0.0,20081.0,6.0,11504.0,18583.0,6.0,11516.0
59.459016680993955,0.0,0.0,0.0,0.0,0.0,0.0,0.0,0.0,0.0,0.0,0.0,0.0,0.0,20082.0,6.0,11524.0,18584.0,6.0,11536.0
59.45908471799339,0.0,0.0,0.0,0.0,0.0,0.0,0.0,0.0,0.0,0.0,0.0,0.0,0.0,20083.0,6.0,11544.0,18585.0,6.0,11557.0
59.45915111299837,0.0,0.0,0.0,0.0,0.0,0.0,0.0,0.0,0.0,0.0,0.0,0.0,0.0,20084.0,6.0,11564.0,18586.0,6.0,11567.0
59.45920820099127,0.0,0.0,0.0,0.0,0.0,0.0,0.0,0.0,0.0,0.0,0.0,0.0,0.0,20085.0,6.0,11584.0,18587.0,6.0,11597.0
59.459263215001556,0.0,0.0,0.0,0.0,0.0,0.0,0.0,0.0,0.0,0.0,0.0,0.0,0.0,20086.0,6.0,11604.0,18588.0,6.0,11617.0
59.50810187100433,0.0,0.0,0.0,0.0,0.0,0.0,0.0,0.0,0.0,0.0,0.0,0.0,0.0,20087.0,6.0,11624.0,18589.0,6.0,11637.0
59.50946623799973,0.0,0.0,0.0,0.0,0.0,0.0,0.0,0.0,0.0,0.0,0.0,0.0,0.0,20088.0,6.0,11644.0,18590.0,6.0,11656.0
59.511786518996814,0.0,0.0,0.0,0.0,0.0,0.0,0.0,0.0,0.0,0.0,0.0,0.0,0.0,20089.0,6.0,11664.0,18591.0,6.0,11677.0
59.53924084799655,0.0,0.0,0.0,0.0,0.0,0.0,0.0,0.0,0.0,0.0,0.0,0.0,0.0,20090.0,6.0,11684.0,18592.0,6.0,11697.0
59.551005015993724,0.0,0.0,0.0,0.0,0.0,0.0,0.0,0.0,0.0,0.0,0.0,0.0,0.0,20091.0,6.0,11704.0,18593.0,6.0,11717.0
59.68458202299371,0.0,0.0,0.0,0.0,0.0,0.0,0.0,0.0,0.0,0.0,0.0,0.0,0.0,20092.0,6.0,11724.0,18594.0,6.0,11737.0
59.68472364699119,0.0,0.0,0.0,0.0,0.0,0.0,0.0,0.0,0.0,0.0,0.0,0.0,0.0,20093.0,6.0,11744.0,18595.0,6.0,11757.0
59.685112826991826,0.0,0.0,0.0,0.0,0.0,0.0,0.0,0.0,0.0,0.0,0.0,0.0,0.0,20094.0,6.0,11764.0,18596.0,6.0,11767.0
59.685212317999685,0.0,0.0,0.0,0.0,0.0,0.0,0.0,0.0,0.0,0.0,0.0,0.0,0.0,20095.0,6.0,11784.0,18597.0,6.0,11797.0
59.68543788600073,0.0,0.0,0.0,0.0,0.0,0.0,0.0,0.0,0.0,0.0,0.0,0.0,0.0,20096.0,6.0,11804.0,18598.0,6.0,11817.0
59.68549931199232,0.0,0.0,0.0,0.0,0.0,0.0,0.0,0.0,0.0,0.0,0.0,0.0,0.0,20097.0,6.0,11824.0,18599.0,6.0,11836.0
59.689780728003825,0.0,0.0,0.0,0.0,0.0,0.0,0.0,0.0,0.0,0.0,0.0,0.0,0.0,20098.0,6.0,11844.0,18600.0,6.0,11857.0
59.700223666994134,0.0,0.0,0.0,0.0,0.0,0.0,0.0,0.0,0.0,0.0,0.0,0.0,0.0,20099.0,6.0,11864.0,18601.0,6.0,11867.0
59.7301678310032,0.0,0.0,0.0,0.0,0.0,0.0,0.0,0.0,0.0,0.0,0.0,0.0,0.0,20100.0,6.0,11884.0,18602.0,6.0,11897.0
59.752363623003475,0.0,0.0,0.0,0.0,0.0,0.0,0.0,0.0,0.0,0.0,0.0,0.0,0.0,20101.0,6.0,11904.0,18603.0,6.0,11917.0
59.77089901600266,0.0,0.0,0.0,0.0,0.0,0.0,0.0,0.0,0.0,0.0,0.0,0.0,0.0,20102.0,6.0,11924.0,18604.0,6.0,11937.0
59.9037924209988,0.0,0.0,0.0,0.0,0.0,0.0,0.0,0.0,0.0,0.0,0.0,0.0,0.0,20103.0,6.0,11944.0,18605.0,6.0,11958.0
59.90392673200404,0.0,0.0,0.0,0.0,0.0,0.0,0.0,0.0,0.0,0.0,0.0,0.0,0.0,20104.0,6.0,11964.0,18606.0,6.0,11967.0
59.90399070199055,0.0,0.0,0.0,0.0,0.0,0.0,0.0,0.0,0.0,0.0,0.0,0.0,0.0,20105.0,6.0,11984.0,18607.0,6.0,11997.0
59.904049192991806,0.0,0.0,0.0,0.0,0.0,0.0,0.0,0.0,0.0,0.0,0.0,0.0,0.0,20106.0,6.0,12004.0,18608.0,6.0,12017.0
59.90410742300446,0.0,0.0,0.0,0.0,0.0,0.0,0.0,0.0,0.0,0.0,0.0,0.0,0.0,20107.0,6.0,12024.0,18609.0,6.0,12037.0
