time_s,left_target_rpm,left_actual_rpm,left_raw_pwm,left_final_pwm,right_target_rpm,right_actual_rpm,right_raw_pwm,right_final_pwm,sync_error_rpm,sync_correction_pwm,sync_active,startup_active,startup_fault,control_seq_mod65536,control_time_ms_hi16,control_time_ms_lo16,publish_seq_mod65536,publish_time_ms_hi16,publish_time_ms_lo16
0.07514298098976724,0.0,0.0,0.0,0.0,0.0,0.0,0.0,0.0,0.0,0.0,0.0,0.0,0.0,11560.0,3.0,37692.0,4461.0,3.0,37705.0
0.07551449599850457,0.0,0.0,0.0,0.0,0.0,0.0,0.0,0.0,0.0,0.0,0.0,0.0,0.0,11561.0,3.0,37712.0,4462.0,3.0,37725.0
0.07559208299790043,0.0,0.0,0.0,0.0,0.0,0.0,0.0,0.0,0.0,0.0,0.0,0.0,0.0,11562.0,3.0,37732.0,4463.0,3.0,37745.0
0.10412393799924757,0.0,0.0,0.0,0.0,0.0,0.0,0.0,0.0,0.0,0.0,0.0,0.0,0.0,11563.0,3.0,37752.0,4464.0,3.0,37765.0
0.1395658699912019,0.0,0.0,0.0,0.0,0.0,0.0,0.0,0.0,0.0,0.0,0.0,0.0,0.0,11566.0,3.0,37812.0,4466.0,3.0,37815.0
0.16620051299105398,0.0,0.0,0.0,0.0,0.0,0.0,0.0,0.0,0.0,0.0,0.0,0.0,0.0,11566.0,3.0,37812.0,4467.0,3.0,37823.0
0.2958390469866572,0.0,0.0,0.0,0.0,0.0,0.0,0.0,0.0,0.0,0.0,0.0,0.0,0.0,11570.0,3.0,37892.0,4471.0,3.0,37907.0
0.2960190889862133,0.0,0.0,0.0,0.0,0.0,0.0,0.0,0.0,0.0,0.0,0.0,0.0,0.0,11571.0,3.0,37912.0,4472.0,3.0,37925.0
0.2961265630001435,0.0,0.0,0.0,0.0,0.0,0.0,0.0,0.0,0.0,0.0,0.0,0.0,0.0,11572.0,3.0,37932.0,4473.0,3.0,37945.0
0.2962179769965587,0.0,0.0,0.0,0.0,0.0,0.0,0.0,0.0,0.0,0.0,0.0,0.0,0.0,11573.0,3.0,37952.0,4474.0,3.0,37965.0
0.308176929000183,0.0,0.0,0.0,0.0,0.0,0.0,0.0,0.0,0.0,0.0,0.0,0.0,0.0,11574.0,3.0,37972.0,4475.0,3.0,37985.0
0.3377887139940867,0.0,0.0,0.0,0.0,0.0,0.0,0.0,0.0,0.0,0.0,0.0,0.0,0.0,11576.0,3.0,38012.0,4476.0,3.0,38015.0
0.3461918059911113,0.0,0.0,0.0,0.0,0.0,0.0,0.0,0.0,0.0,0.0,0.0,0.0,0.0,11576.0,3.0,38012.0,4477.0,3.0,38022.0
0.3801993059896631,0.0,0.0,0.0,0.0,0.0,0.0,0.0,0.0,0.0,0.0,0.0,0.0,0.0,11578.0,3.0,38052.0,4478.0,3.0,38055.0
0.38751307998609263,0.0,0.0,0.0,0.0,0.0,0.0,0.0,0.0,0.0,0.0,0.0,0.0,0.0,11578.0,3.0,38052.0,4479.0,3.0,38063.0
0.5135034889972303,0.0,0.0,0.0,0.0,0.0,0.0,0.0,0.0,0.0,0.0,0.0,0.0,0.0,11580.0,3.0,38092.0,4481.0,3.0,38107.0
0.5136761670000851,0.0,0.0,0.0,0.0,0.0,0.0,0.0,0.0,0.0,0.0,0.0,0.0,0.0,11581.0,3.0,38112.0,4482.0,3.0,38125.0
0.513750888989307,0.0,0.0,0.0,0.0,0.0,0.0,0.0,0.0,0.0,0.0,0.0,0.0,0.0,11582.0,3.0,38132.0,4483.0,3.0,38145.0
0.513816983992001,0.0,0.0,0.0,0.0,0.0,0.0,0.0,0.0,0.0,0.0,0.0,0.0,0.0,11583.0,3.0,38152.0,4484.0,3.0,38165.0
0.5138762569986284,0.0,0.0,0.0,0.0,0.0,0.0,0.0,0.0,0.0,0.0,0.0,0.0,0.0,11584.0,3.0,38172.0,4485.0,3.0,38185.0
0.5394352979928954,0.0,0.0,0.0,0.0,0.0,0.0,0.0,0.0,0.0,0.0,0.0,0.0,0.0,11586.0,3.0,38212.0,4486.0,3.0,38215.0
0.5466593519959133,0.0,0.0,0.0,0.0,0.0,0.0,0.0,0.0,0.0,0.0,0.0,0.0,0.0,11586.0,3.0,38212.0,4487.0,3.0,38222.0
0.578600157998153,0.0,0.0,0.0,0.0,0.0,0.0,0.0,0.0,0.0,0.0,0.0,0.0,0.0,11588.0,3.0,38252.0,4488.0,3.0,38255.0
0.5851237119932193,0.0,0.0,0.0,0.0,0.0,0.0,0.0,0.0,0.0,0.0,0.0,0.0,0.0,11588.0,3.0,38252.0,4489.0,3.0,38262.0
0.7387935570004629,0.0,0.0,0.0,0.0,0.0,0.0,0.0,0.0,0.0,0.0,0.0,0.0,0.0,11596.0,3.0,38412.0,4496.0,3.0,38415.0
0.7455970729934052,0.0,0.0,0.0,0.0,0.0,0.0,0.0,0.0,0.0,0.0,0.0,0.0,0.0,11596.0,3.0,38412.0,4497.0,3.0,38422.0
0.7792548579891445,0.0,0.0,0.0,0.0,0.0,0.0,0.0,0.0,0.0,0.0,0.0,0.0,0.0,11598.0,3.0,38452.0,4498.0,3.0,38455.0
0.7992809059942374,0.0,0.0,0.0,0.0,0.0,0.0,0.0,0.0,0.0,0.0,0.0,0.0,0.0,11599.0,3.0,38472.0,4499.0,3.0,38475.0
0.8079320789984195,0.0,0.0,0.0,0.0,0.0,0.0,0.0,0.0,0.0,0.0,0.0,0.0,0.0,11599.0,3.0,38472.0,4500.0,3.0,38482.0
0.8292116059892578,0.0,0.0,0.0,0.0,0.0,0.0,0.0,0.0,0.0,0.0,0.0,0.0,0.0,11600.0,3.0,38492.0,4501.0,3.0,38505.0
0.9515799889923073,0.0,0.0,0.0,0.0,0.0,0.0,0.0,0.0,0.0,0.0,0.0,0.0,0.0,11606.0,3.0,38612.0,4506.0,3.0,38615.0
0.951853016988025,0.0,0.0,0.0,0.0,0.0,0.0,0.0,0.0,0.0,0.0,0.0,0.0,0.0,11606.0,3.0,38612.0,4507.0,3.0,38622.0
0.9810699219960952,0.0,0.0,0.0,0.0,0.0,0.0,0.0,0.0,0.0,0.0,0.0,0.0,0.0,11608.0,3.0,38652.0,4508.0,3.0,38655.0
0.9853935899882345,0.0,0.0,0.0,0.0,0.0,0.0,0.0,0.0,0.0,0.0,0.0,0.0,0.0,11608.0,3.0,38652.0,4509.0,3.0,38662.0
1.02101743798994,0.0,0.0,0.0,0.0,0.0,0.0,0.0,0.0,0.0,0.0,0.0,0.0,0.0,11610.0,3.0,38692.0,4510.0,3.0,38695.0
1.0311016919877147,0.0,0.0,0.0,0.0,0.0,0.0,0.0,0.0,0.0,0.0,0.0,0.0,0.0,11610.0,3.0,38692.0,4511.0,3.0,38707.0
1.0498991469939938,0.0,0.0,0.0,0.0,0.0,0.0,0.0,0.0,0.0,0.0,0.0,0.0,0.0,11611.0,3.0,38712.0,4512.0,3.0,38725.0
1.0951422859943705,0.0,0.0,0.0,0.0,0.0,0.0,0.0,0.0,0.0,0.0,0.0,0.0,0.0,11612.0,3.0,38732.0,4513.0,3.0,38745.0
1.0954531759925885,0.0,0.0,0.0,0.0,0.0,0.0,0.0,0.0,0.0,0.0,0.0,0.0,0.0,11613.0,3.0,38752.0,4514.0,3.0,38765.0
1.1679042159958044,0.0,0.0,0.0,0.0,0.0,0.0,0.0,0.0,0.0,0.0,0.0,0.0,0.0,11616.0,3.0,38812.0,4516.0,3.0,38815.0
1.1681020419928245,0.0,0.0,0.0,0.0,0.0,0.0,0.0,0.0,0.0,0.0,0.0,0.0,0.0,11616.0,3.0,38812.0,4517.0,3.0,38822.0
1.1789985569921555,0.0,0.0,0.0,0.0,0.0,0.0,0.0,0.0,0.0,0.0,0.0,0.0,0.0,11618.0,3.0,38852.0,4518.0,3.0,38855.0
1.1881000959983794,0.0,0.0,0.0,0.0,0.0,0.0,0.0,0.0,0.0,0.0,0.0,0.0,0.0,11618.0,3.0,38852.0,4519.0,3.0,38862.0
1.2293173819925869,0.0,0.0,0.0,0.0,0.0,0.0,0.0,0.0,0.0,0.0,0.0,0.0,0.0,11620.0,3.0,38892.0,4521.0,3.0,38906.0
1.2491324689908652,0.0,0.0,0.0,0.0,0.0,0.0,0.0,0.0,0.0,0.0,0.0,0.0,0.0,11621.0,3.0,38912.0,4522.0,3.0,38925.0
1.2689750479912618,0.0,0.0,0.0,0.0,0.0,0.0,0.0,0.0,0.0,0.0,0.0,0.0,0.0,11622.0,3.0,38932.0,4523.0,3.0,38945.0
1.3686874809936853,0.0,0.0,0.0,0.0,0.0,0.0,0.0,0.0,0.0,0.0,0.0,0.0,0.0,11626.0,3.0,39012.0,4526.0,3.0,39015.0
1.3688270259881392,0.0,0.0,0.0,0.0,0.0,0.0,0.0,0.0,0.0,0.0,0.0,0.0,0.0,11626.0,3.0,39012.0,4527.0,3.0,39023.0
1.39094798998849,0.0,0.0,0.0,0.0,0.0,0.0,0.0,0.0,0.0,0.0,0.0,0.0,0.0,11628.0,3.0,39051.0,4528.0,3.0,39055.0
1.391290219995426,0.0,0.0,0.0,0.0,0.0,0.0,0.0,0.0,0.0,0.0,0.0,0.0,0.0,11628.0,3.0,39051.0,4529.0,3.0,39063.0
1.4180038119957317,0.0,0.0,0.0,0.0,0.0,0.0,0.0,0.0,0.0,0.0,0.0,0.0,0.0,11630.0,3.0,39092.0,4530.0,3.0,39095.0
1.429251604989986,0.0,0.0,0.0,0.0,0.0,0.0,0.0,0.0,0.0,0.0,0.0,0.0,0.0,11630.0,3.0,39092.0,4531.0,3.0,39106.0
1.449194043991156,0.0,0.0,0.0,0.0,0.0,0.0,0.0,0.0,0.0,0.0,0.0,0.0,0.0,11631.0,3.0,39112.0,4532.0,3.0,39125.0
1.4697107519896235,0.0,0.0,0.0,0.0,0.0,0.0,0.0,0.0,0.0,0.0,0.0,0.0,0.0,11632.0,3.0,39132.0,4533.0,3.0,39145.0
1.489052119999542,0.0,0.0,0.0,0.0,0.0,0.0,0.0,0.0,0.0,0.0,0.0,0.0,0.0,11633.0,3.0,39152.0,4534.0,3.0,39165.0
1.5929399389860919,0.0,0.0,0.0,0.0,0.0,0.0,0.0,0.0,0.0,0.0,0.0,0.0,0.0,11636.0,3.0,39212.0,4536.0,3.0,39215.0
1.5934348289883928,0.0,0.0,0.0,0.0,0.0,0.0,0.0,0.0,0.0,0.0,0.0,0.0,0.0,11636.0,3.0,39212.0,4537.0,3.0,39222.0
1.5935391669918317,0.0,0.0,0.0,0.0,0.0,0.0,0.0,0.0,0.0,0.0,0.0,0.0,0.0,11638.0,3.0,39252.0,4538.0,3.0,39255.0
1.5936104419961339,0.0,0.0,0.0,0.0,0.0,0.0,0.0,0.0,0.0,0.0,0.0,0.0,0.0,11638.0,3.0,39252.0,4539.0,3.0,39262.0
1.6188106519985013,0.0,0.0,0.0,0.0,0.0,0.0,0.0,0.0,0.0,0.0,0.0,0.0,0.0,11640.0,3.0,39292.0,4540.0,3.0,39295.0
1.6340633279905887,0.0,0.0,0.0,0.0,0.0,0.0,0.0,0.0,0.0,0.0,0.0,0.0,0.0,11640.0,3.0,39292.0,4541.0,3.0,39308.0
1.6497014549968299,0.0,0.0,0.0,0.0,0.0,0.0,0.0,0.0,0.0,0.0,0.0,0.0,0.0,11641.0,3.0,39312.0,4542.0,3.0,39325.0
1.6793693359941244,0.0,0.0,0.0,0.0,0.0,0.0,0.0,0.0,0.0,0.0,0.0,0.0,0.0,11643.0,3.0,39352.0,4543.0,3.0,39355.0
1.6858653379895259,0.0,0.0,0.0,0.0,0.0,0.0,0.0,0.0,0.0,0.0,0.0,0.0,0.0,11643.0,3.0,39352.0,4544.0,3.0,39362.0
1.9093499289883766,0.0,0.0,0.0,0.0,0.0,0.0,0.0,0.0,0.0,0.0,0.0,0.0,0.0,11651.0,3.0,39512.0,4551.0,3.0,39515.0
1.9095437669893727,0.0,0.0,0.0,0.0,0.0,0.0,0.0,0.0,0.0,0.0,0.0,0.0,0.0,11651.0,3.0,39512.0,4552.0,3.0,39522.0
1.9096173559955787,0.0,0.0,0.0,0.0,0.0,0.0,0.0,0.0,0.0,0.0,0.0,0.0,0.0,11653.0,3.0,39551.0,4553.0,3.0,39555.0
1.9096825799933868,0.0,0.0,0.0,0.0,0.0,0.0,0.0,0.0,0.0,0.0,0.0,0.0,0.0,11653.0,3.0,39551.0,4554.0,3.0,39562.0
1.918629855994368,0.0,0.0,0.0,0.0,0.0,0.0,0.0,0.0,0.0,0.0,0.0,0.0,0.0,11655.0,3.0,39592.0,4555.0,3.0,39595.0
2.3429637269873638,0.0,0.0,0.0,0.0,0.0,0.0,0.0,0.0,0.0,0.0,0.0,0.0,0.0,11672.0,3.0,39932.0,4571.0,3.0,39935.0
2.3431591679982375,0.0,0.0,0.0,0.0,0.0,0.0,0.0,0.0,0.0,0.0,0.0,0.0,0.0,11672.0,3.0,39932.0,4572.0,3.0,39942.0
2.3432376769924304,0.0,0.0,0.0,0.0,0.0,0.0,0.0,0.0,0.0,0.0,0.0,0.0,0.0,11674.0,3.0,39972.0,4573.0,3.0,39975.0
2.3433006659906823,0.0,0.0,0.0,0.0,0.0,0.0,0.0,0.0,0.0,0.0,0.0,0.0,0.0,11674.0,3.0,39972.0,4574.0,3.0,39982.0
2.343359006990795,0.0,0.0,0.0,0.0,0.0,0.0,0.0,0.0,0.0,0.0,0.0,0.0,0.0,11676.0,3.0,40011.0,4575.0,3.0,40015.0
2.3520433029916603,0.0,0.0,0.0,0.0,0.0,0.0,0.0,0.0,0.0,0.0,0.0,0.0,0.0,11676.0,3.0,40011.0,4576.0,3.0,40026.0
2.368696056990302,0.0,0.0,0.0,0.0,0.0,0.0,0.0,0.0,0.0,0.0,0.0,0.0,0.0,11677.0,3.0,40032.0,4577.0,3.0,40045.0
2.3904358869913267,0.0,0.0,0.0,0.0,0.0,0.0,0.0,0.0,0.0,0.0,0.0,0.0,0.0,11678.0,3.0,40052.0,4578.0,3.0,40066.0
2.4089081149868434,0.0,0.0,0.0,0.0,0.0,0.0,0.0,0.0,0.0,0.0,0.0,0.0,0.0,11679.0,3.0,40072.0,4579.0,3.0,40085.0
2.4286305860005086,0.0,0.0,0.0,0.0,0.0,0.0,0.0,0.0,0.0,0.0,0.0,0.0,0.0,11680.0,3.0,40092.0,4580.0,3.0,40105.0
2.8580685959896073,0.0,0.0,0.0,0.0,0.0,0.0,0.0,0.0,0.0,0.0,0.0,0.0,0.0,11701.0,3.0,40512.0,4601.0,3.0,40527.0
2.8701119289908092,0.0,0.0,0.0,0.0,0.0,0.0,0.0,0.0,0.0,0.0,0.0,0.0,0.0,11702.0,3.0,40532.0,4602.0,3.0,40545.0
2.8903097519942094,0.0,0.0,0.0,0.0,0.0,0.0,0.0,0.0,0.0,0.0,0.0,0.0,0.0,11703.0,3.0,40552.0,4603.0,3.0,40566.0
2.9086740849888884,0.0,0.0,0.0,0.0,0.0,0.0,0.0,0.0,0.0,0.0,0.0,0.0,0.0,11704.0,3.0,40572.0,4604.0,3.0,40585.0
2.929239635996055,0.0,0.0,0.0,0.0,0.0,0.0,0.0,0.0,0.0,0.0,0.0,0.0,0.0,11705.0,3.0,40592.0,4605.0,3.0,40604.0
3.363018096992164,0.0,0.0,0.0,0.0,0.0,0.0,0.0,0.0,0.0,0.0,0.0,0.0,0.0,11727.0,3.0,41032.0,4626.0,3.0,41035.0
3.3663147560000652,0.0,0.0,0.0,0.0,0.0,0.0,0.0,0.0,0.0,0.0,0.0,0.0,0.0,11727.0,3.0,41032.0,4627.0,3.0,41042.0
3.3992886029882357,0.0,0.0,0.0,0.0,0.0,0.0,0.0,0.0,0.0,0.0,0.0,0.0,0.0,11729.0,3.0,41072.0,4628.0,3.0,41075.0
3.4059946839988697,0.0,0.0,0.0,0.0,0.0,0.0,0.0,0.0,0.0,0.0,0.0,0.0,0.0,11729.0,3.0,41072.0,4629.0,3.0,41082.0
3.441082193996408,0.0,0.0,0.0,0.0,0.0,0.0,0.0,0.0,0.0,0.0,0.0,0.0,0.0,11731.0,3.0,41112.0,4630.0,3.0,41115.0
3.450689651988796,0.0,0.0,0.0,0.0,0.0,0.0,0.0,0.0,0.0,0.0,0.0,0.0,0.0,11731.0,3.0,41112.0,4631.0,3.0,41127.0
3.8724239179864526,0.0,0.0,0.0,0.0,0.0,0.0,0.0,0.0,0.0,0.0,0.0,0.0,0.0,11751.0,3.0,41512.0,4651.0,3.0,41528.0
3.8725990299863042,0.0,0.0,0.0,0.0,0.0,0.0,0.0,0.0,0.0,0.0,0.0,0.0,0.0,11752.0,3.0,41532.0,4652.0,3.0,41545.0
3.889706556990859,0.0,0.0,0.0,0.0,0.0,0.0,0.0,0.0,0.0,0.0,0.0,0.0,0.0,11753.0,3.0,41552.0,4653.0,3.0,41566.0
3.9096226559922798,0.0,0.0,0.0,0.0,0.0,0.0,0.0,0.0,0.0,0.0,0.0,0.0,0.0,11754.0,3.0,41572.0,4654.0,3.0,41585.0
3.9288464299897896,0.0,0.0,0.0,0.0,0.0,0.0,0.0,0.0,0.0,0.0,0.0,0.0,0.0,11755.0,3.0,41592.0,4655.0,3.0,41605.0
3.950684827999794,0.0,0.0,0.0,0.0,0.0,0.0,0.0,0.0,0.0,0.0,0.0,0.0,0.0,11756.0,3.0,41612.0,4656.0,3.0,41624.0
4.383122081999318,0.0,0.0,0.0,0.0,0.0,0.0,0.0,0.0,0.0,0.0,0.0,0.0,0.0,11776.0,3.0,42012.0,4676.0,3.0,42027.0
4.383529495986295,0.0,0.0,0.0,0.0,0.0,0.0,0.0,0.0,0.0,0.0,0.0,0.0,0.0,11777.0,3.0,42032.0,4677.0,3.0,42045.0
4.390514896993409,0.0,0.0,0.0,0.0,0.0,0.0,0.0,0.0,0.0,0.0,0.0,0.0,0.0,11778.0,3.0,42052.0,4678.0,3.0,42066.0
4.411699522999697,0.0,0.0,0.0,0.0,0.0,0.0,0.0,0.0,0.0,0.0,0.0,0.0,0.0,11779.0,3.0,42072.0,4679.0,3.0,42085.0
4.428645883992431,0.0,0.0,0.0,0.0,0.0,0.0,0.0,0.0,0.0,0.0,0.0,0.0,0.0,11780.0,3.0,42092.0,4680.0,3.0,42105.0
4.45929522899678,0.0,0.0,0.0,0.0,0.0,0.0,0.0,0.0,0.0,0.0,0.0,0.0,0.0,11782.0,3.0,42132.0,4681.0,3.0,42135.0
4.464935776995844,0.0,0.0,0.0,0.0,0.0,0.0,0.0,0.0,0.0,0.0,0.0,0.0,0.0,11782.0,3.0,42132.0,4682.0,3.0,42142.0
4.897847823987831,0.0,0.0,0.0,0.0,0.0,0.0,0.0,0.0,0.0,0.0,0.0,0.0,0.0,11802.0,3.0,42532.0,4701.0,3.0,42535.0
4.898030349999317,0.0,0.0,0.0,0.0,0.0,0.0,0.0,0.0,0.0,0.0,0.0,0.0,0.0,11802.0,3.0,42532.0,4702.0,3.0,42542.0
4.902261371986242,0.0,0.0,0.0,0.0,0.0,0.0,0.0,0.0,0.0,0.0,0.0,0.0,0.0,11804.0,3.0,42572.0,4703.0,3.0,42575.0
4.905806742986897,0.0,0.0,0.0,0.0,0.0,0.0,0.0,0.0,0.0,0.0,0.0,0.0,0.0,11804.0,3.0,42572.0,4704.0,3.0,42582.0
4.940355208993424,0.0,0.0,0.0,0.0,0.0,0.0,0.0,0.0,0.0,0.0,0.0,0.0,0.0,11806.0,3.0,42611.0,4705.0,3.0,42615.0
4.951412710986915,0.0,0.0,0.0,0.0,0.0,0.0,0.0,0.0,0.0,0.0,0.0,0.0,0.0,11806.0,3.0,42611.0,4706.0,3.0,42627.0
4.969723110989435,0.0,0.0,0.0,0.0,0.0,0.0,0.0,0.0,0.0,0.0,0.0,0.0,0.0,11807.0,3.0,42632.0,4707.0,3.0,42645.0
4.989287811986287,0.0,0.0,0.0,0.0,0.0,0.0,0.0,0.0,0.0,0.0,0.0,0.0,0.0,11808.0,3.0,42652.0,4708.0,3.0,42665.0
5.404875540989451,0.0,0.0,0.0,0.0,0.0,0.0,0.0,0.0,0.0,0.0,0.0,0.0,0.0,11826.0,3.0,43012.0,4726.0,3.0,43025.0
5.40504967198649,0.0,0.0,0.0,0.0,0.0,0.0,0.0,0.0,0.0,0.0,0.0,0.0,0.0,11827.0,3.0,43032.0,4727.0,3.0,43045.0
5.4051223499991465,0.0,0.0,0.0,0.0,0.0,0.0,0.0,0.0,0.0,0.0,0.0,0.0,0.0,11828.0,3.0,43052.0,4728.0,3.0,43066.0
5.408249205996981,0.0,0.0,0.0,0.0,0.0,0.0,0.0,0.0,0.0,0.0,0.0,0.0,0.0,11829.0,3.0,43072.0,4729.0,3.0,43084.0
5.437770067990641,0.0,0.0,0.0,0.0,0.0,0.0,0.0,0.0,0.0,0.0,0.0,0.0,0.0,11831.0,3.0,43112.0,4730.0,3.0,43115.0
5.460208093994879,0.0,0.0,0.0,0.0,0.0,0.0,0.0,0.0,0.0,0.0,0.0,0.0,0.0,11831.0,3.0,43112.0,4731.0,3.0,43127.0
5.470208097991417,0.0,0.0,0.0,0.0,0.0,0.0,0.0,0.0,0.0,0.0,0.0,0.0,0.0,11832.0,3.0,43132.0,4732.0,3.0,43145.0
5.49130212298769,0.0,0.0,0.0,0.0,0.0,0.0,0.0,0.0,0.0,0.0,0.0,0.0,0.0,11833.0,3.0,43152.0,4733.0,3.0,43164.0
5.912500733000343,0.0,0.0,0.0,0.0,0.0,0.0,0.0,0.0,0.0,0.0,0.0,0.0,0.0,11851.0,3.0,43511.0,4751.0,3.0,43527.0
5.912676235995605,0.0,0.0,0.0,0.0,0.0,0.0,0.0,0.0,0.0,0.0,0.0,0.0,0.0,11852.0,3.0,43532.0,4752.0,3.0,43545.0
5.9127508779929485,0.0,0.0,0.0,0.0,0.0,0.0,0.0,0.0,0.0,0.0,0.0,0.0,0.0,11853.0,3.0,43552.0,4753.0,3.0,43566.0
5.912814087991137,0.0,0.0,0.0,0.0,0.0,0.0,0.0,0.0,0.0,0.0,0.0,0.0,0.0,11854.0,3.0,43572.0,4754.0,3.0,43585.0
5.958720194990747,0.0,0.0,0.0,0.0,0.0,0.0,0.0,0.0,0.0,0.0,0.0,0.0,0.0,11857.0,3.0,43632.0,4756.0,3.0,43635.0
5.972278924993589,0.0,0.0,0.0,0.0,0.0,0.0,0.0,0.0,0.0,0.0,0.0,0.0,0.0,11857.0,3.0,43632.0,4757.0,3.0,43649.0
6.001924152995343,0.0,0.0,0.0,0.0,0.0,0.0,0.0,0.0,0.0,0.0,0.0,0.0,0.0,11859.0,3.0,43672.0,4758.0,3.0,43675.0
6.005170156000531,0.0,0.0,0.0,0.0,0.0,0.0,0.0,0.0,0.0,0.0,0.0,0.0,0.0,11859.0,3.0,43672.0,4759.0,3.0,43682.0
6.421358084000531,0.0,0.0,0.0,0.0,0.0,0.0,0.0,0.0,0.0,0.0,0.0,0.0,0.0,11876.0,3.0,44012.0,4776.0,3.0,44027.0
6.42152261598676,0.0,0.0,0.0,0.0,0.0,0.0,0.0,0.0,0.0,0.0,0.0,0.0,0.0,11877.0,3.0,44032.0,4777.0,3.0,44045.0
6.421589031990152,0.0,0.0,0.0,0.0,0.0,0.0,0.0,0.0,0.0,0.0,0.0,0.0,0.0,11878.0,3.0,44052.0,4778.0,3.0,44066.0
6.421649766998598,0.0,0.0,0.0,0.0,0.0,0.0,0.0,0.0,0.0,0.0,0.0,0.0,0.0,11879.0,3.0,44072.0,4779.0,3.0,44085.0
6.449817961998633,0.0,0.0,0.0,0.0,0.0,0.0,0.0,0.0,0.0,0.0,0.0,0.0,0.0,11881.0,3.0,44112.0,4781.0,3.0,44126.0
6.469695225998294,0.0,0.0,0.0,0.0,0.0,0.0,0.0,0.0,0.0,0.0,0.0,0.0,0.0,11882.0,3.0,44132.0,4782.0,3.0,44145.0
6.4890371349902125,0.0,0.0,0.0,0.0,0.0,0.0,0.0,0.0,0.0,0.0,0.0,0.0,0.0,11883.0,3.0,44152.0,4783.0,3.0,44165.0
6.510461275989655,0.0,0.0,0.0,0.0,0.0,0.0,0.0,0.0,0.0,0.0,0.0,0.0,0.0,11884.0,3.0,44172.0,4784.0,3.0,44185.0
6.928550763987005,0.0,0.0,0.0,0.0,0.0,0.0,0.0,0.0,0.0,0.0,0.0,0.0,0.0,11901.0,3.0,44512.0,4801.0,3.0,44526.0
6.928998914998374,0.0,0.0,0.0,0.0,0.0,0.0,0.0,0.0,0.0,0.0,0.0,0.0,0.0,11902.0,3.0,44532.0,4802.0,3.0,44545.0
6.929298383998685,0.0,0.0,0.0,0.0,0.0,0.0,0.0,0.0,0.0,0.0,0.0,0.0,0.0,11903.0,3.0,44552.0,4803.0,3.0,44566.0
6.929379989000154,0.0,0.0,0.0,0.0,0.0,0.0,0.0,0.0,0.0,0.0,0.0,0.0,0.0,11904.0,3.0,44572.0,4804.0,3.0,44585.0
6.931759725994198,0.0,0.0,0.0,0.0,0.0,0.0,0.0,0.0,0.0,0.0,0.0,0.0,0.0,11905.0,3.0,44592.0,4805.0,3.0,44605.0
6.962290415991447,0.0,0.0,0.0,0.0,0.0,0.0,0.0,0.0,0.0,0.0,0.0,0.0,0.0,11907.0,3.0,44632.0,4806.0,3.0,44635.0
6.966982933998224,0.0,0.0,0.0,0.0,0.0,0.0,0.0,0.0,0.0,0.0,0.0,0.0,0.0,11907.0,3.0,44632.0,4807.0,3.0,44642.0
6.999396286992123,0.0,0.0,0.0,0.0,0.0,0.0,0.0,0.0,0.0,0.0,0.0,0.0,0.0,11909.0,3.0,44672.0,4808.0,3.0,44675.0
7.005372321989853,0.0,0.0,0.0,0.0,0.0,0.0,0.0,0.0,0.0,0.0,0.0,0.0,0.0,11909.0,3.0,44672.0,4809.0,3.0,44682.0
7.039128714997787,0.0,0.0,0.0,0.0,0.0,0.0,0.0,0.0,0.0,0.0,0.0,0.0,0.0,11911.0,3.0,44712.0,4810.0,3.0,44715.0
7.049779273991589,0.0,0.0,0.0,0.0,0.0,0.0,0.0,0.0,0.0,0.0,0.0,0.0,0.0,11911.0,3.0,44712.0,4811.0,3.0,44727.0
7.06945009699848,0.0,0.0,0.0,0.0,0.0,0.0,0.0,0.0,0.0,0.0,0.0,0.0,0.0,11912.0,3.0,44732.0,4812.0,3.0,44745.0
7.0885822369891685,0.0,0.0,0.0,0.0,0.0,0.0,0.0,0.0,0.0,0.0,0.0,0.0,0.0,11913.0,3.0,44752.0,4813.0,3.0,44765.0
7.108613313990645,0.0,0.0,0.0,0.0,0.0,0.0,0.0,0.0,0.0,0.0,0.0,0.0,0.0,11914.0,3.0,44772.0,4814.0,3.0,44785.0
7.129513009989751,0.0,0.0,0.0,0.0,0.0,0.0,0.0,0.0,0.0,0.0,0.0,0.0,0.0,11915.0,3.0,44792.0,4815.0,3.0,44805.0
7.16160037399095,0.0,0.0,0.0,0.0,0.0,0.0,0.0,0.0,0.0,0.0,0.0,0.0,0.0,11917.0,3.0,44832.0,4816.0,3.0,44835.0
7.165261844987981,0.0,0.0,0.0,0.0,0.0,0.0,0.0,0.0,0.0,0.0,0.0,0.0,0.0,11917.0,3.0,44832.0,4817.0,3.0,44842.0
7.302009775987244,0.0,0.0,0.0,0.0,0.0,0.0,0.0,0.0,0.0,0.0,0.0,0.0,0.0,11921.0,3.0,44912.0,4821.0,3.0,44927.0
7.302179619000526,0.0,0.0,0.0,0.0,0.0,0.0,0.0,0.0,0.0,0.0,0.0,0.0,0.0,11922.0,3.0,44932.0,4822.0,3.0,44945.0
7.302250713997637,0.0,0.0,0.0,0.0,0.0,0.0,0.0,0.0,0.0,0.0,0.0,0.0,0.0,11923.0,3.0,44952.0,4823.0,3.0,44965.0
7.319851696986007,0.0,0.0,0.0,0.0,0.0,0.0,0.0,0.0,0.0,0.0,0.0,0.0,0.0,11924.0,3.0,44972.0,4824.0,3.0,44985.0
7.330073131990503,0.0,0.0,0.0,0.0,0.0,0.0,0.0,0.0,0.0,0.0,0.0,0.0,0.0,11925.0,3.0,44992.0,4825.0,3.0,45005.0
7.361294691989315,0.0,0.0,0.0,0.0,0.0,0.0,0.0,0.0,0.0,0.0,0.0,0.0,0.0,11927.0,3.0,45032.0,4826.0,3.0,45035.0
7.3667416729877,0.0,0.0,0.0,0.0,0.0,0.0,0.0,0.0,0.0,0.0,0.0,0.0,0.0,11927.0,3.0,45032.0,4827.0,3.0,45042.0
7.399123976996634,0.0,0.0,0.0,0.0,0.0,0.0,0.0,0.0,0.0,0.0,0.0,0.0,0.0,11929.0,3.0,45072.0,4828.0,3.0,45075.0
7.407133451997652,0.0,0.0,0.0,0.0,0.0,0.0,0.0,0.0,0.0,0.0,0.0,0.0,0.0,11929.0,3.0,45072.0,4829.0,3.0,45082.0
7.524502845990355,0.0,0.0,0.0,0.0,0.0,0.0,0.0,0.0,0.0,0.0,0.0,0.0,0.0,11931.0,3.0,45112.0,4831.0,3.0,45127.0
7.524791382995318,0.0,0.0,0.0,0.0,0.0,0.0,0.0,0.0,0.0,0.0,0.0,0.0,0.0,11932.0,3.0,45132.0,4832.0,3.0,45145.0
7.524859732991899,0.0,0.0,0.0,0.0,0.0,0.0,0.0,0.0,0.0,0.0,0.0,0.0,0.0,11933.0,3.0,45152.0,4833.0,3.0,45165.0
7.52492084899859,0.0,0.0,0.0,0.0,0.0,0.0,0.0,0.0,0.0,0.0,0.0,0.0,0.0,11934.0,3.0,45172.0,4834.0,3.0,45185.0
7.528269616988837,0.0,0.0,0.0,0.0,0.0,0.0,0.0,0.0,0.0,0.0,0.0,0.0,0.0,11935.0,3.0,45192.0,4835.0,3.0,45205.0
7.5580885949893855,0.0,0.0,0.0,0.0,0.0,0.0,0.0,0.0,0.0,0.0,0.0,0.0,0.0,11937.0,3.0,45232.0,4836.0,3.0,45235.0
7.56785717899038,0.0,0.0,0.0,0.0,0.0,0.0,0.0,0.0,0.0,0.0,0.0,0.0,0.0,11937.0,3.0,45232.0,4837.0,3.0,45242.0
7.59953039798711,0.0,0.0,0.0,0.0,0.0,0.0,0.0,0.0,0.0,0.0,0.0,0.0,0.0,11939.0,3.0,45272.0,4838.0,3.0,45275.0
7.605691944991122,0.0,0.0,0.0,0.0,0.0,0.0,0.0,0.0,0.0,0.0,0.0,0.0,0.0,11939.0,3.0,45272.0,4839.0,3.0,45282.0
7.674520337997819,0.0,0.0,0.0,0.0,0.0,0.0,0.0,0.0,0.0,0.0,0.0,0.0,0.0,11941.0,3.0,45312.0,4841.0,3.0,45326.0
7.674857788995723,0.0,0.0,0.0,0.0,0.0,0.0,0.0,0.0,0.0,0.0,0.0,0.0,0.0,11942.0,3.0,45332.0,4842.0,3.0,45345.0
7.749196492994088,0.0,0.0,0.0,0.0,0.0,0.0,0.0,0.0,0.0,0.0,0.0,0.0,0.0,11946.0,3.0,45412.0,4846.0,3.0,45425.0
7.76981995398819,0.0,0.0,0.0,0.0,0.0,0.0,0.0,0.0,0.0,0.0,0.0,0.0,0.0,11947.0,3.0,45432.0,4847.0,3.0,45445.0
7.792797584988875,0.0,0.0,0.0,0.0,0.0,0.0,0.0,0.0,0.0,0.0,0.0,0.0,0.0,11948.0,3.0,45452.0,4848.0,3.0,45465.0
7.808544969986542,0.0,0.0,0.0,0.0,0.0,0.0,0.0,0.0,0.0,0.0,0.0,0.0,0.0,11949.0,3.0,45472.0,4849.0,3.0,45485.0
7.829591443995014,0.0,0.0,0.0,0.0,0.0,0.0,0.0,0.0,0.0,0.0,0.0,0.0,0.0,11950.0,3.0,45492.0,4850.0,3.0,45505.0
7.8795448649907485,0.0,0.0,0.0,0.0,0.0,0.0,0.0,0.0,0.0,0.0,0.0,0.0,0.0,11952.0,3.0,45532.0,4851.0,3.0,45536.0
7.8800623179995455,0.0,0.0,0.0,0.0,0.0,0.0,0.0,0.0,0.0,0.0,0.0,0.0,0.0,11952.0,3.0,45532.0,4852.0,3.0,45542.0
7.965807725995546,0.0,0.0,0.0,0.0,0.0,0.0,0.0,0.0,0.0,0.0,0.0,0.0,0.0,11956.0,3.0,45611.0,4856.0,3.0,45627.0
7.968951033995836,0.0,0.0,0.0,0.0,0.0,0.0,0.0,0.0,0.0,0.0,0.0,0.0,0.0,11957.0,3.0,45632.0,4857.0,3.0,45645.0
7.995099173000199,0.0,0.0,0.0,0.0,0.0,0.0,0.0,0.0,0.0,0.0,0.0,0.0,0.0,11958.0,3.0,45652.0,4858.0,3.0,45669.0
8.01839446699887,0.0,0.0,0.0,0.0,0.0,0.0,0.0,0.0,0.0,0.0,0.0,0.0,0.0,11960.0,3.0,45692.0,4859.0,3.0,45695.0
8.026599021992297,0.0,0.0,0.0,0.0,0.0,0.0,0.0,0.0,0.0,0.0,0.0,0.0,0.0,11960.0,3.0,45692.0,4860.0,3.0,45702.0
8.049619703990174,0.0,0.0,0.0,0.0,0.0,0.0,0.0,0.0,0.0,0.0,0.0,0.0,0.0,11961.0,3.0,45712.0,4861.0,3.0,45724.0
8.181676840991713,0.0,0.0,0.0,0.0,0.0,0.0,0.0,0.0,0.0,0.0,0.0,0.0,0.0,11967.0,3.0,45832.0,4866.0,3.0,45835.0
8.181860218988732,0.0,0.0,0.0,0.0,0.0,0.0,0.0,0.0,0.0,0.0,0.0,0.0,0.0,11967.0,3.0,45832.0,4867.0,3.0,45842.0
8.202933052991284,0.0,0.0,0.0,0.0,0.0,0.0,0.0,0.0,0.0,0.0,0.0,0.0,0.0,11969.0,3.0,45872.0,4868.0,3.0,45875.0
8.206777200990473,0.0,0.0,0.0,0.0,0.0,0.0,0.0,0.0,0.0,0.0,0.0,0.0,0.0,11969.0,3.0,45872.0,4869.0,3.0,45882.0
8.239101665996714,0.0,0.0,0.0,0.0,0.0,0.0,0.0,0.0,0.0,0.0,0.0,0.0,0.0,11971.0,3.0,45912.0,4870.0,3.0,45915.0
8.253312492990517,0.0,0.0,0.0,0.0,0.0,0.0,0.0,0.0,0.0,0.0,0.0,0.0,0.0,11971.0,3.0,45912.0,4871.0,3.0,45927.0
8.26883099299448,0.0,0.0,0.0,0.0,0.0,0.0,0.0,0.0,0.0,0.0,0.0,0.0,0.0,11972.0,3.0,45932.0,4872.0,3.0,45945.0
8.395758621991263,0.0,0.0,0.0,0.0,0.0,0.0,0.0,0.0,0.0,0.0,0.0,0.0,0.0,11976.0,3.0,46012.0,4876.0,3.0,46025.0
8.395941749986378,0.0,0.0,0.0,0.0,0.0,0.0,0.0,0.0,0.0,0.0,0.0,0.0,0.0,11977.0,3.0,46032.0,4877.0,3.0,46045.0
8.396019667998189,0.0,0.0,0.0,0.0,0.0,0.0,0.0,0.0,0.0,0.0,0.0,0.0,0.0,11978.0,3.0,46052.0,4878.0,3.0,46066.0
8.4088006309903,0.0,0.0,0.0,0.0,0.0,0.0,0.0,0.0,0.0,0.0,0.0,0.0,0.0,11979.0,3.0,46072.0,4879.0,3.0,46085.0
8.42969145999814,0.0,0.0,0.0,0.0,0.0,0.0,0.0,0.0,0.0,0.0,0.0,0.0,0.0,11980.0,3.0,46092.0,4880.0,3.0,46105.0
8.467779244994745,0.0,0.0,0.0,0.0,0.0,0.0,0.0,0.0,0.0,0.0,0.0,0.0,0.0,11982.0,3.0,46132.0,4881.0,3.0,46135.0
8.500850797994644,0.0,0.0,0.0,0.0,0.0,0.0,0.0,0.0,0.0,0.0,0.0,0.0,0.0,11983.0,3.0,46152.0,4882.0,3.0,46168.0
8.6218171199871,0.0,0.0,0.0,0.0,0.0,0.0,0.0,0.0,0.0,0.0,0.0,0.0,0.0,11988.0,3.0,46252.0,4886.0,3.0,46255.0
8.621999776994926,0.0,0.0,0.0,0.0,0.0,0.0,0.0,0.0,0.0,0.0,0.0,0.0,0.0,11988.0,3.0,46252.0,4887.0,3.0,46262.0
8.622077153995633,0.0,0.0,0.0,0.0,0.0,0.0,0.0,0.0,0.0,0.0,0.0,0.0,0.0,11990.0,3.0,46292.0,4888.0,3.0,46295.0
8.632779299994581,0.0,0.0,0.0,0.0,0.0,0.0,0.0,0.0,0.0,0.0,0.0,0.0,0.0,11990.0,3.0,46292.0,4889.0,3.0,46302.0
8.66121825898881,0.0,0.0,0.0,0.0,0.0,0.0,0.0,0.0,0.0,0.0,0.0,0.0,0.0,11992.0,3.0,46332.0,4890.0,3.0,46335.0
8.671461243997328,0.0,0.0,0.0,0.0,0.0,0.0,0.0,0.0,0.0,0.0,0.0,0.0,0.0,11992.0,3.0,46332.0,4891.0,3.0,46346.0
8.691499954991741,0.0,0.0,0.0,0.0,0.0,0.0,0.0,0.0,0.0,0.0,0.0,0.0,0.0,11993.0,3.0,46352.0,4892.0,3.0,46365.0
8.71142347798741,0.0,0.0,0.0,0.0,0.0,0.0,0.0,0.0,0.0,0.0,0.0,0.0,0.0,11994.0,3.0,46372.0,4893.0,3.0,46385.0
8.842269164990284,0.0,0.0,0.0,0.0,0.0,0.0,0.0,0.0,0.0,0.0,0.0,0.0,0.0,11998.0,3.0,46452.0,4896.0,3.0,46455.0
8.84260174598603,0.0,0.0,0.0,0.0,0.0,0.0,0.0,0.0,0.0,0.0,0.0,0.0,0.0,11998.0,3.0,46452.0,4897.0,3.0,46462.0
8.84267052699579,0.0,0.0,0.0,0.0,0.0,0.0,0.0,0.0,0.0,0.0,0.0,0.0,0.0,12000.0,3.0,46492.0,4898.0,3.0,46495.0
8.842731231998187,0.0,0.0,0.0,0.0,0.0,0.0,0.0,0.0,0.0,0.0,0.0,0.0,0.0,12000.0,3.0,46492.0,4899.0,3.0,46502.0
8.859216837998247,0.0,0.0,0.0,0.0,0.0,0.0,0.0,0.0,0.0,0.0,0.0,0.0,0.0,12002.0,3.0,46532.0,4900.0,3.0,46535.0
8.871309996000491,0.0,0.0,0.0,0.0,0.0,0.0,0.0,0.0,0.0,0.0,0.0,0.0,0.0,12002.0,3.0,46532.0,4901.0,3.0,46548.0
8.890110335996724,0.0,0.0,0.0,0.0,0.0,0.0,0.0,0.0,0.0,0.0,0.0,0.0,0.0,12003.0,3.0,46552.0,4902.0,3.0,46566.0
8.90863440198882,0.0,0.0,0.0,0.0,0.0,0.0,0.0,0.0,0.0,0.0,0.0,0.0,0.0,12004.0,3.0,46572.0,4903.0,3.0,46585.0
8.928882721986156,0.0,0.0,0.0,0.0,0.0,0.0,0.0,0.0,0.0,0.0,0.0,0.0,0.0,12005.0,3.0,46592.0,4904.0,3.0,46605.0
9.063501420998364,0.0,0.0,0.0,0.0,0.0,0.0,0.0,0.0,0.0,0.0,0.0,0.0,0.0,12006.0,3.0,46612.0,4905.0,3.0,46625.0
9.081997874993249,0.0,0.0,0.0,0.0,0.0,0.0,0.0,0.0,0.0,0.0,0.0,0.0,0.0,12012.0,3.0,46732.0,4911.0,3.0,46747.0
9.08912861099816,0.0,0.0,0.0,0.0,0.0,0.0,0.0,0.0,0.0,0.0,0.0,0.0,0.0,12013.0,3.0,46752.0,4912.0,3.0,46765.0
9.115127607990871,0.0,0.0,0.0,0.0,0.0,0.0,0.0,0.0,0.0,0.0,0.0,0.0,0.0,12014.0,3.0,46772.0,4913.0,3.0,46785.0
9.139080248991377,0.0,0.0,0.0,0.0,0.0,0.0,0.0,0.0,0.0,0.0,0.0,0.0,0.0,12016.0,3.0,46812.0,4914.0,3.0,46815.0
9.144968276988948,0.0,0.0,0.0,0.0,0.0,0.0,0.0,0.0,0.0,0.0,0.0,0.0,0.0,12016.0,3.0,46812.0,4915.0,3.0,46822.0
9.267977035997319,0.0,0.0,0.0,0.0,0.0,0.0,0.0,0.0,0.0,0.0,0.0,0.0,0.0,12017.0,3.0,46832.0,4916.0,3.0,46845.0
9.268401261986583,0.0,0.0,0.0,0.0,0.0,0.0,0.0,0.0,0.0,0.0,0.0,0.0,0.0,12022.0,3.0,46932.0,4921.0,3.0,46945.0
9.289535141986562,0.0,0.0,0.0,0.0,0.0,0.0,0.0,0.0,0.0,0.0,0.0,0.0,0.0,12023.0,3.0,46952.0,4922.0,3.0,46965.0
9.309402056998806,0.0,0.0,0.0,0.0,0.0,0.0,0.0,0.0,0.0,0.0,0.0,0.0,0.0,12024.0,3.0,46972.0,4923.0,3.0,46984.0
9.338858827992226,0.0,0.0,0.0,0.0,0.0,0.0,0.0,0.0,0.0,0.0,0.0,0.0,0.0,12026.0,3.0,47012.0,4924.0,3.0,47015.0
9.346242895990144,0.0,0.0,0.0,0.0,0.0,0.0,0.0,0.0,0.0,0.0,0.0,0.0,0.0,12026.0,3.0,47012.0,4925.0,3.0,47022.0
9.368102202992304,0.0,0.0,0.0,0.0,0.0,0.0,0.0,0.0,0.0,0.0,0.0,0.0,0.0,12027.0,3.0,47032.0,4926.0,3.0,47045.0
9.501990024989937,0.0,0.0,0.0,0.0,0.0,0.0,0.0,0.0,0.0,0.0,0.0,0.0,0.0,12033.0,3.0,47152.0,4931.0,3.0,47156.0
9.502175837988034,0.0,0.0,0.0,0.0,0.0,0.0,0.0,0.0,0.0,0.0,0.0,0.0,0.0,12033.0,3.0,47152.0,4932.0,3.0,47162.0
9.520614611989004,0.0,0.0,0.0,0.0,0.0,0.0,0.0,0.0,0.0,0.0,0.0,0.0,0.0,12035.0,3.0,47192.0,4933.0,3.0,47196.0
9.526676739988034,0.0,0.0,0.0,0.0,0.0,0.0,0.0,0.0,0.0,0.0,0.0,0.0,0.0,12035.0,3.0,47192.0,4934.0,3.0,47202.0
9.559030239994172,0.0,0.0,0.0,0.0,0.0,0.0,0.0,0.0,0.0,0.0,0.0,0.0,0.0,12037.0,3.0,47232.0,4935.0,3.0,47235.0
9.571375906991307,0.0,0.0,0.0,0.0,0.0,0.0,0.0,0.0,0.0,0.0,0.0,0.0,0.0,12037.0,3.0,47232.0,4936.0,3.0,47247.0
9.598304647995974,0.0,0.0,0.0,0.0,0.0,0.0,0.0,0.0,0.0,0.0,0.0,0.0,0.0,12038.0,3.0,47252.0,4937.0,3.0,47265.0
9.717450233991258,0.0,0.0,0.0,0.0,0.0,0.0,0.0,0.0,0.0,0.0,0.0,0.0,0.0,12039.0,3.0,47272.0,4938.0,3.0,47285.0
9.717726377988583,0.0,0.0,0.0,0.0,0.0,0.0,0.0,0.0,0.0,0.0,0.0,0.0,0.0,12043.0,3.0,47352.0,4941.0,3.0,47355.0
9.717795468997792,0.0,0.0,0.0,0.0,0.0,0.0,0.0,0.0,0.0,0.0,0.0,0.0,0.0,12043.0,3.0,47352.0,4942.0,3.0,47362.0
9.903592534989002,0.0,0.0,0.0,0.0,0.0,0.0,0.0,0.0,0.0,0.0,0.0,0.0,0.0,12053.0,3.0,47552.0,4951.0,3.0,47555.0
9.90399679300026,0.0,0.0,0.0,0.0,0.0,0.0,0.0,0.0,0.0,0.0,0.0,0.0,0.0,12053.0,3.0,47552.0,4952.0,3.0,47562.0
9.941797502993722,0.0,0.0,0.0,0.0,0.0,0.0,0.0,0.0,0.0,0.0,0.0,0.0,0.0,12055.0,3.0,47592.0,4953.0,3.0,47595.0
9.942197993994341,0.0,0.0,0.0,0.0,0.0,0.0,0.0,0.0,0.0,0.0,0.0,0.0,0.0,12055.0,3.0,47592.0,4954.0,3.0,47602.0
9.95855766099703,0.0,0.0,0.0,0.0,0.0,0.0,0.0,0.0,0.0,0.0,0.0,0.0,0.0,12057.0,3.0,47632.0,4955.0,3.0,47635.0
9.97812749199511,0.0,0.0,0.0,0.0,0.0,0.0,0.0,0.0,0.0,0.0,0.0,0.0,0.0,12058.0,3.0,47652.0,4956.0,3.0,47654.0
9.99960050599475,0.0,0.0,0.0,0.0,0.0,0.0,0.0,0.0,0.0,0.0,0.0,0.0,0.0,12059.0,3.0,47672.0,4957.0,3.0,47675.0
10.005825513988384,0.0,0.0,0.0,0.0,0.0,0.0,0.0,0.0,0.0,0.0,0.0,0.0,0.0,12059.0,3.0,47672.0,4958.0,3.0,47682.0
10.0389817069954,0.0,0.0,0.0,0.0,0.0,0.0,0.0,0.0,0.0,0.0,0.0,0.0,0.0,12061.0,3.0,47711.0,4959.0,3.0,47715.0
10.045345978986006,0.0,0.0,0.0,0.0,0.0,0.0,0.0,0.0,0.0,0.0,0.0,0.0,0.0,12061.0,3.0,47711.0,4960.0,3.0,47722.0
10.161851101991488,0.0,0.0,0.0,0.0,0.0,0.0,0.0,0.0,0.0,0.0,0.0,0.0,0.0,12062.0,3.0,47732.0,4961.0,3.0,47745.0
10.16232118399057,0.0,0.0,0.0,0.0,0.0,0.0,0.0,0.0,0.0,0.0,0.0,0.0,0.0,12063.0,3.0,47752.0,4962.0,3.0,47765.0
10.16259528498631,0.0,0.0,0.0,0.0,0.0,0.0,0.0,0.0,0.0,0.0,0.0,0.0,0.0,12064.0,3.0,47772.0,4963.0,3.0,47785.0
10.162743736989796,0.0,0.0,0.0,0.0,0.0,0.0,0.0,0.0,0.0,0.0,0.0,0.0,0.0,12065.0,3.0,47792.0,4964.0,3.0,47805.0
10.162801986996783,0.0,0.0,0.0,0.0,0.0,0.0,0.0,0.0,0.0,0.0,0.0,0.0,0.0,12067.0,3.0,47832.0,4965.0,3.0,47835.0
10.1696284369973,0.0,0.0,0.0,0.0,0.0,0.0,0.0,0.0,0.0,0.0,0.0,0.0,0.0,12067.0,3.0,47832.0,4966.0,3.0,47846.0
10.18886410399864,0.0,0.0,0.0,0.0,0.0,0.0,0.0,0.0,0.0,0.0,0.0,0.0,0.0,12068.0,3.0,47852.0,4967.0,3.0,47865.0
10.209743590996368,0.0,0.0,0.0,0.0,0.0,0.0,0.0,0.0,0.0,0.0,0.0,0.0,0.0,12069.0,3.0,47872.0,4968.0,3.0,47885.0
10.241127740999218,0.0,0.0,0.0,0.0,0.0,0.0,0.0,0.0,0.0,0.0,0.0,0.0,0.0,12070.0,3.0,47892.0,4969.0,3.0,47905.0
10.25974243899691,0.0,0.0,0.0,0.0,0.0,0.0,0.0,0.0,0.0,0.0,0.0,0.0,0.0,12072.0,3.0,47931.0,4970.0,3.0,47935.0
10.290570902987383,0.0,0.0,0.0,0.0,0.0,0.0,0.0,0.0,0.0,0.0,0.0,0.0,0.0,12072.0,3.0,47931.0,4971.0,3.0,47947.0
10.290908774986747,0.0,0.0,0.0,0.0,0.0,0.0,0.0,0.0,0.0,0.0,0.0,0.0,0.0,12073.0,3.0,47952.0,4972.0,3.0,47965.0
10.381961378996493,0.0,0.0,0.0,0.0,0.0,0.0,0.0,0.0,0.0,0.0,0.0,0.0,0.0,12078.0,3.0,48052.0,4976.0,3.0,48055.0
10.388074573987979,0.0,0.0,0.0,0.0,0.0,0.0,0.0,0.0,0.0,0.0,0.0,0.0,0.0,12078.0,3.0,48052.0,4977.0,3.0,48063.0
10.418732725986047,0.0,0.0,0.0,0.0,0.0,0.0,0.0,0.0,0.0,0.0,0.0,0.0,0.0,12080.0,3.0,48092.0,4978.0,3.0,48095.0
10.425901333990623,0.0,0.0,0.0,0.0,0.0,0.0,0.0,0.0,0.0,0.0,0.0,0.0,0.0,12080.0,3.0,48092.0,4979.0,3.0,48102.0
10.458233643992571,0.0,0.0,0.0,0.0,0.0,0.0,0.0,0.0,0.0,0.0,0.0,0.0,0.0,12082.0,3.0,48132.0,4980.0,3.0,48135.0
10.469868721993407,0.0,0.0,0.0,0.0,0.0,0.0,0.0,0.0,0.0,0.0,0.0,0.0,0.0,12082.0,3.0,48132.0,4981.0,3.0,48147.0
10.589027491994784,0.0,0.0,0.0,0.0,0.0,0.0,0.0,0.0,0.0,0.0,0.0,0.0,0.0,12083.0,3.0,48152.0,4982.0,3.0,48165.0
10.589433452987578,0.0,0.0,0.0,0.0,0.0,0.0,0.0,0.0,0.0,0.0,0.0,0.0,0.0,12088.0,3.0,48252.0,4986.0,3.0,48255.0
10.589502924995031,0.0,0.0,0.0,0.0,0.0,0.0,0.0,0.0,0.0,0.0,0.0,0.0,0.0,12088.0,3.0,48252.0,4987.0,3.0,48262.0
10.619433113999548,0.0,0.0,0.0,0.0,0.0,0.0,0.0,0.0,0.0,0.0,0.0,0.0,0.0,12090.0,3.0,48292.0,4988.0,3.0,48295.0
10.625356508986442,0.0,0.0,0.0,0.0,0.0,0.0,0.0,0.0,0.0,0.0,0.0,0.0,0.0,12090.0,3.0,48292.0,4989.0,3.0,48302.0
10.66098942499957,0.0,0.0,0.0,0.0,0.0,0.0,0.0,0.0,0.0,0.0,0.0,0.0,0.0,12092.0,3.0,48332.0,4990.0,3.0,48335.0
10.670021009995253,0.0,0.0,0.0,0.0,0.0,0.0,0.0,0.0,0.0,0.0,0.0,0.0,0.0,12092.0,3.0,48332.0,4991.0,3.0,48347.0
10.689588807988912,0.0,0.0,0.0,0.0,0.0,0.0,0.0,0.0,0.0,0.0,0.0,0.0,0.0,12093.0,3.0,48352.0,4992.0,3.0,48365.0
10.838918814988574,0.0,0.0,0.0,0.0,0.0,0.0,0.0,0.0,0.0,0.0,0.0,0.0,0.0,12098.0,3.0,48452.0,4996.0,3.0,48455.0
10.8394049879862,0.0,0.0,0.0,0.0,0.0,0.0,0.0,0.0,0.0,0.0,0.0,0.0,0.0,12098.0,3.0,48452.0,4997.0,3.0,48462.0
10.839488376994268,0.0,0.0,0.0,0.0,0.0,0.0,0.0,0.0,0.0,0.0,0.0,0.0,0.0,12100.0,3.0,48492.0,4998.0,3.0,48495.0
10.839548430987634,0.0,0.0,0.0,0.0,0.0,0.0,0.0,0.0,0.0,0.0,0.0,0.0,0.0,12100.0,3.0,48492.0,4999.0,3.0,48502.0
10.862459995987592,0.0,0.0,0.0,0.0,0.0,0.0,0.0,0.0,0.0,0.0,0.0,0.0,0.0,12102.0,3.0,48532.0,5000.0,3.0,48535.0
10.871871903000283,0.0,0.0,0.0,0.0,0.0,0.0,0.0,0.0,0.0,0.0,0.0,0.0,0.0,12102.0,3.0,48532.0,5001.0,3.0,48547.0
10.897104764997493,0.0,0.0,0.0,0.0,0.0,0.0,0.0,0.0,0.0,0.0,0.0,0.0,0.0,12103.0,3.0,48552.0,5002.0,3.0,48566.0
10.908902030991158,0.0,0.0,0.0,0.0,0.0,0.0,0.0,0.0,0.0,0.0,0.0,0.0,0.0,12104.0,3.0,48572.0,5003.0,3.0,48585.0
11.04194796498632,0.0,0.0,0.0,0.0,0.0,0.0,0.0,0.0,0.0,0.0,0.0,0.0,0.0,12105.0,3.0,48592.0,5004.0,3.0,48605.0
11.042450929991901,0.0,0.0,0.0,0.0,0.0,0.0,0.0,0.0,0.0,0.0,0.0,0.0,0.0,12108.0,3.0,48652.0,5006.0,3.0,48655.0
11.042751098997542,0.0,0.0,0.0,0.0,0.0,0.0,0.0,0.0,0.0,0.0,0.0,0.0,0.0,12108.0,3.0,48652.0,5007.0,3.0,48662.0
11.042849285993725,0.0,0.0,0.0,0.0,0.0,0.0,0.0,0.0,0.0,0.0,0.0,0.0,0.0,12110.0,3.0,48692.0,5008.0,3.0,48694.0
11.042908397997962,0.0,0.0,0.0,0.0,0.0,0.0,0.0,0.0,0.0,0.0,0.0,0.0,0.0,12111.0,3.0,48712.0,5009.0,3.0,48715.0
11.04877903299348,0.0,0.0,0.0,0.0,0.0,0.0,0.0,0.0,0.0,0.0,0.0,0.0,0.0,12111.0,3.0,48712.0,5010.0,3.0,48722.0
11.069689799987827,0.0,0.0,0.0,0.0,0.0,0.0,0.0,0.0,0.0,0.0,0.0,0.0,0.0,12112.0,3.0,48732.0,5011.0,3.0,48745.0
11.098475185994175,0.0,0.0,0.0,0.0,0.0,0.0,0.0,0.0,0.0,0.0,0.0,0.0,0.0,12114.0,3.0,48772.0,5012.0,3.0,48775.0
11.110051732990541,0.0,0.0,0.0,0.0,0.0,0.0,0.0,0.0,0.0,0.0,0.0,0.0,0.0,12114.0,3.0,48772.0,5013.0,3.0,48782.0
11.142705512989778,0.0,0.0,0.0,0.0,0.0,0.0,0.0,0.0,0.0,0.0,0.0,0.0,0.0,12116.0,3.0,48812.0,5014.0,3.0,48815.0
11.14934033798636,0.0,0.0,0.0,0.0,0.0,0.0,0.0,0.0,0.0,0.0,0.0,0.0,0.0,12116.0,3.0,48812.0,5015.0,3.0,48823.0
11.262512062996393,0.0,0.0,0.0,0.0,0.0,0.0,0.0,0.0,0.0,0.0,0.0,0.0,0.0,12117.0,3.0,48832.0,5016.0,3.0,48845.0
11.262947368988534,0.0,0.0,0.0,0.0,0.0,0.0,0.0,0.0,0.0,0.0,0.0,0.0,0.0,12119.0,3.0,48872.0,5017.0,3.0,48875.0
11.270931786988513,0.0,0.0,0.0,0.0,0.0,0.0,0.0,0.0,0.0,0.0,0.0,0.0,0.0,12122.0,3.0,48932.0,5021.0,3.0,48945.0
11.289408021999407,0.0,0.0,0.0,0.0,0.0,0.0,0.0,0.0,0.0,0.0,0.0,0.0,0.0,12123.0,3.0,48952.0,5022.0,3.0,48965.0
11.309902077991865,0.0,0.0,0.0,0.0,0.0,0.0,0.0,0.0,0.0,0.0,0.0,0.0,0.0,12124.0,3.0,48972.0,5023.0,3.0,48985.0
11.329944375989726,0.0,0.0,0.0,0.0,0.0,0.0,0.0,0.0,0.0,0.0,0.0,0.0,0.0,12125.0,3.0,48992.0,5024.0,3.0,49005.0
11.348554073993,0.0,0.0,0.0,0.0,0.0,0.0,0.0,0.0,0.0,0.0,0.0,0.0,0.0,12126.0,3.0,49012.0,5025.0,3.0,49025.0
11.484351631996105,0.0,0.0,0.0,0.0,0.0,0.0,0.0,0.0,0.0,0.0,0.0,0.0,0.0,12132.0,3.0,49131.0,5031.0,3.0,49146.0
11.48834268898645,0.0,0.0,0.0,0.0,0.0,0.0,0.0,0.0,0.0,0.0,0.0,0.0,0.0,12133.0,3.0,49152.0,5032.0,3.0,49165.0
11.509198520987411,0.0,0.0,0.0,0.0,0.0,0.0,0.0,0.0,0.0,0.0,0.0,0.0,0.0,12134.0,3.0,49172.0,5033.0,3.0,49185.0
11.530185782990884,0.0,0.0,0.0,0.0,0.0,0.0,0.0,0.0,0.0,0.0,0.0,0.0,0.0,12135.0,3.0,49192.0,5034.0,3.0,49205.0
11.571205534986802,0.0,0.0,0.0,0.0,0.0,0.0,0.0,0.0,0.0,0.0,0.0,0.0,0.0,12137.0,3.0,49232.0,5036.0,3.0,49246.0
11.706108544996823,0.0,0.0,0.0,0.0,0.0,0.0,0.0,0.0,0.0,0.0,0.0,0.0,0.0,12143.0,3.0,49352.0,5041.0,3.0,49355.0
11.706575340998825,0.0,0.0,0.0,0.0,0.0,0.0,0.0,0.0,0.0,0.0,0.0,0.0,0.0,12143.0,3.0,49352.0,5042.0,3.0,49363.0
11.718596631995752,0.0,0.0,0.0,0.0,0.0,0.0,0.0,0.0,0.0,0.0,0.0,0.0,0.0,12145.0,3.0,49392.0,5043.0,3.0,49395.0
11.725689656988834,0.0,0.0,0.0,0.0,0.0,0.0,0.0,0.0,0.0,0.0,0.0,0.0,0.0,12145.0,3.0,49392.0,5044.0,3.0,49402.0
11.758919810992666,0.0,0.0,0.0,0.0,0.0,0.0,0.0,0.0,0.0,0.0,0.0,0.0,0.0,12147.0,3.0,49431.0,5045.0,3.0,49435.0
11.77271881699562,0.0,0.0,0.0,0.0,0.0,0.0,0.0,0.0,0.0,0.0,0.0,0.0,0.0,12147.0,3.0,49431.0,5046.0,3.0,49447.0
11.789570427994477,0.0,0.0,0.0,0.0,0.0,0.0,0.0,0.0,0.0,0.0,0.0,0.0,0.0,12148.0,3.0,49452.0,5047.0,3.0,49465.0
11.922363962992677,0.0,0.0,0.0,0.0,0.0,0.0,0.0,0.0,0.0,0.0,0.0,0.0,0.0,12149.0,3.0,49472.0,5048.0,3.0,49485.0
11.922848672998953,0.0,0.0,0.0,0.0,0.0,0.0,0.0,0.0,0.0,0.0,0.0,0.0,0.0,12153.0,3.0,49552.0,5051.0,3.0,49555.0
11.923130237992154,0.0,0.0,0.0,0.0,0.0,0.0,0.0,0.0,0.0,0.0,0.0,0.0,0.0,12153.0,3.0,49552.0,5052.0,3.0,49562.0
11.923282536998158,0.0,0.0,0.0,0.0,0.0,0.0,0.0,0.0,0.0,0.0,0.0,0.0,0.0,12155.0,3.0,49592.0,5053.0,3.0,49595.0
11.929242761994828,0.0,0.0,0.0,0.0,0.0,0.0,0.0,0.0,0.0,0.0,0.0,0.0,0.0,12155.0,3.0,49592.0,5054.0,3.0,49602.0
11.959594711996033,0.0,0.0,0.0,0.0,0.0,0.0,0.0,0.0,0.0,0.0,0.0,0.0,0.0,12157.0,3.0,49632.0,5055.0,3.0,49635.0
11.980618452987983,0.0,0.0,0.0,0.0,0.0,0.0,0.0,0.0,0.0,0.0,0.0,0.0,0.0,12158.0,3.0,49652.0,5056.0,3.0,49656.0
11.989969524991466,0.0,0.0,0.0,0.0,0.0,0.0,0.0,0.0,0.0,0.0,0.0,0.0,0.0,12158.0,3.0,49652.0,5057.0,3.0,49663.0
12.019635462987935,0.0,0.0,0.0,0.0,0.0,0.0,0.0,0.0,0.0,0.0,0.0,0.0,0.0,12160.0,3.0,49692.0,5058.0,3.0,49695.0
12.02529851399595,0.0,0.0,0.0,0.0,0.0,0.0,0.0,0.0,0.0,0.0,0.0,0.0,0.0,12160.0,3.0,49692.0,5059.0,3.0,49702.0
12.141582806987572,0.0,0.0,0.0,0.0,0.0,0.0,0.0,0.0,0.0,0.0,0.0,0.0,0.0,12162.0,3.0,49732.0,5061.0,3.0,49747.0
12.14170050098619,0.0,0.0,0.0,0.0,0.0,0.0,0.0,0.0,0.0,0.0,0.0,0.0,0.0,12163.0,3.0,49752.0,5062.0,3.0,49765.0
12.141773589988588,0.0,0.0,0.0,0.0,0.0,0.0,0.0,0.0,0.0,0.0,0.0,0.0,0.0,12164.0,3.0,49772.0,5063.0,3.0,49785.0
12.14183420498739,0.0,0.0,0.0,0.0,0.0,0.0,0.0,0.0,0.0,0.0,0.0,0.0,0.0,12165.0,3.0,49792.0,5064.0,3.0,49805.0
12.15245056898857,0.0,0.0,0.0,0.0,0.0,0.0,0.0,0.0,0.0,0.0,0.0,0.0,0.0,12166.0,3.0,49812.0,5065.0,3.0,49825.0
12.182467271995847,0.0,0.0,0.0,0.0,0.0,0.0,0.0,0.0,0.0,0.0,0.0,0.0,0.0,12168.0,3.0,49852.0,5066.0,3.0,49855.0
12.185373679996701,0.0,0.0,0.0,0.0,0.0,0.0,0.0,0.0,0.0,0.0,0.0,0.0,0.0,12168.0,3.0,49852.0,5067.0,3.0,49863.0
12.219595956994453,0.0,0.0,0.0,0.0,0.0,0.0,0.0,0.0,0.0,0.0,0.0,0.0,0.0,12170.0,3.0,49892.0,5068.0,3.0,49895.0
12.22625802399125,0.0,0.0,0.0,0.0,0.0,0.0,0.0,0.0,0.0,0.0,0.0,0.0,0.0,12170.0,3.0,49892.0,5069.0,3.0,49902.0
12.300570969993714,0.0,0.0,0.0,0.0,0.0,0.0,0.0,0.0,0.0,0.0,0.0,0.0,0.0,12172.0,3.0,49932.0,5071.0,3.0,49947.0
12.30076020899287,0.0,0.0,0.0,0.0,0.0,0.0,0.0,0.0,0.0,0.0,0.0,0.0,0.0,12173.0,3.0,49952.0,5072.0,3.0,49965.0
12.385135085991351,0.0,0.0,0.0,0.0,0.0,0.0,0.0,0.0,0.0,0.0,0.0,0.0,0.0,12178.0,3.0,50052.0,5076.0,3.0,50055.0
12.3877824319934,0.0,0.0,0.0,0.0,0.0,0.0,0.0,0.0,0.0,0.0,0.0,0.0,0.0,12178.0,3.0,50052.0,5077.0,3.0,50063.0
12.41953030199511,0.0,0.0,0.0,0.0,0.0,0.0,0.0,0.0,0.0,0.0,0.0,0.0,0.0,12180.0,3.0,50092.0,5078.0,3.0,50095.0
12.426000784995267,0.0,0.0,0.0,0.0,0.0,0.0,0.0,0.0,0.0,0.0,0.0,0.0,0.0,12180.0,3.0,50092.0,5079.0,3.0,50102.0
12.45894596799917,0.0,0.0,0.0,0.0,0.0,0.0,0.0,0.0,0.0,0.0,0.0,0.0,0.0,12182.0,3.0,50132.0,5080.0,3.0,50135.0
12.518767662986647,0.0,0.0,0.0,0.0,0.0,0.0,0.0,0.0,0.0,0.0,0.0,0.0,0.0,12182.0,3.0,50132.0,5081.0,3.0,50147.0
12.519224910996854,0.0,0.0,0.0,0.0,0.0,0.0,0.0,0.0,0.0,0.0,0.0,0.0,0.0,12183.0,3.0,50152.0,5082.0,3.0,50165.0
12.519320854000398,0.0,0.0,0.0,0.0,0.0,0.0,0.0,0.0,0.0,0.0,0.0,0.0,0.0,12184.0,3.0,50172.0,5083.0,3.0,50185.0
12.530036595999263,0.0,0.0,0.0,0.0,0.0,0.0,0.0,0.0,0.0,0.0,0.0,0.0,0.0,12185.0,3.0,50192.0,5084.0,3.0,50205.0
12.55011917099182,0.0,0.0,0.0,0.0,0.0,0.0,0.0,0.0,0.0,0.0,0.0,0.0,0.0,12186.0,3.0,50212.0,5085.0,3.0,50225.0
12.579167365998728,0.0,0.0,0.0,0.0,0.0,0.0,0.0,0.0,0.0,0.0,0.0,0.0,0.0,12188.0,3.0,50252.0,5086.0,3.0,50255.0
12.58558213399374,0.0,0.0,0.0,0.0,0.0,0.0,0.0,0.0,0.0,0.0,0.0,0.0,0.0,12188.0,3.0,50252.0,5087.0,3.0,50262.0
12.618825933997869,0.0,0.0,0.0,0.0,0.0,0.0,0.0,0.0,0.0,0.0,0.0,0.0,0.0,12190.0,3.0,50291.0,5088.0,3.0,50295.0
13.100570345995948,0.0,0.0,0.0,0.0,0.0,0.0,0.0,0.0,0.0,0.0,0.0,0.0,0.0,12212.0,3.0,50732.0,5111.0,3.0,50747.0
13.101021732989466,0.0,0.0,0.0,0.0,0.0,0.0,0.0,0.0,0.0,0.0,0.0,0.0,0.0,12213.0,3.0,50752.0,5112.0,3.0,50765.0
13.108246036994387,0.0,0.0,0.0,0.0,0.0,0.0,0.0,0.0,0.0,0.0,0.0,0.0,0.0,12214.0,3.0,50772.0,5113.0,3.0,50785.0
13.12900453498878,0.0,0.0,0.0,0.0,0.0,0.0,0.0,0.0,0.0,0.0,0.0,0.0,0.0,12215.0,3.0,50792.0,5114.0,3.0,50805.0
13.148743506986648,0.0,0.0,0.0,0.0,0.0,0.0,0.0,0.0,0.0,0.0,0.0,0.0,0.0,12216.0,3.0,50812.0,5115.0,3.0,50825.0
13.179981709996355,0.0,0.0,0.0,0.0,0.0,0.0,0.0,0.0,0.0,0.0,0.0,0.0,0.0,12218.0,3.0,50852.0,5116.0,3.0,50855.0
13.185742014989955,0.0,0.0,0.0,0.0,0.0,0.0,0.0,0.0,0.0,0.0,0.0,0.0,0.0,12218.0,3.0,50852.0,5117.0,3.0,50862.0
13.605678491992876,0.0,0.0,0.0,0.0,0.0,0.0,0.0,0.0,0.0,0.0,0.0,0.0,0.0,12238.0,3.0,51252.0,5136.0,3.0,51255.0
13.605850638996344,0.0,0.0,0.0,0.0,0.0,0.0,0.0,0.0,0.0,0.0,0.0,0.0,0.0,12238.0,3.0,51252.0,5137.0,3.0,51263.0
13.619715269989683,0.0,0.0,0.0,0.0,0.0,0.0,0.0,0.0,0.0,0.0,0.0,0.0,0.0,12240.0,3.0,51291.0,5138.0,3.0,51295.0
13.626755594988936,0.0,0.0,0.0,0.0,0.0,0.0,0.0,0.0,0.0,0.0,0.0,0.0,0.0,12240.0,3.0,51291.0,5139.0,3.0,51302.0
13.659540062988526,0.0,0.0,0.0,0.0,0.0,0.0,0.0,0.0,0.0,0.0,0.0,0.0,0.0,12242.0,3.0,51332.0,5140.0,3.0,51335.0
13.671213032997912,0.0,0.0,0.0,0.0,0.0,0.0,0.0,0.0,0.0,0.0,0.0,0.0,0.0,12242.0,3.0,51332.0,5141.0,3.0,51347.0
13.688753100999747,0.0,0.0,0.0,0.0,0.0,0.0,0.0,0.0,0.0,0.0,0.0,0.0,0.0,12243.0,3.0,51352.0,5142.0,3.0,51365.0
14.115102020994527,0.0,0.0,0.0,0.0,0.0,0.0,0.0,0.0,0.0,0.0,0.0,0.0,0.0,12244.0,3.0,51372.0,5143.0,3.0,51385.0
14.115284647996305,0.0,0.0,0.0,0.0,0.0,0.0,0.0,0.0,0.0,0.0,0.0,0.0,0.0,12258.0,3.0,51652.0,5156.0,3.0,51655.0
14.128826484986348,0.0,0.0,0.0,0.0,0.0,0.0,0.0,0.0,0.0,0.0,0.0,0.0,0.0,12265.0,3.0,51792.0,5157.0,3.0,51802.0
14.16033382898604,0.0,0.0,0.0,0.0,0.0,0.0,0.0,0.0,0.0,0.0,0.0,0.0,0.0,12267.0,3.0,51832.0,5158.0,3.0,51835.0
14.165420725999866,0.0,0.0,0.0,0.0,0.0,0.0,0.0,0.0,0.0,0.0,0.0,0.0,0.0,12267.0,3.0,51832.0,5159.0,3.0,51842.0
14.199847220996162,0.0,0.0,0.0,0.0,0.0,0.0,0.0,0.0,0.0,0.0,0.0,0.0,0.0,12269.0,3.0,51872.0,5160.0,3.0,51875.0
14.211306314988178,0.0,0.0,0.0,0.0,0.0,0.0,0.0,0.0,0.0,0.0,0.0,0.0,0.0,12269.0,3.0,51872.0,5161.0,3.0,51887.0
14.627754008994089,0.0,0.0,0.0,0.0,0.0,0.0,0.0,0.0,0.0,0.0,0.0,0.0,0.0,12290.0,3.0,52292.0,5181.0,3.0,52295.0
14.637170474990853,0.0,0.0,0.0,0.0,0.0,0.0,0.0,0.0,0.0,0.0,0.0,0.0,0.0,12290.0,3.0,52292.0,5182.0,3.0,52302.0
14.65949588798685,0.0,0.0,0.0,0.0,0.0,0.0,0.0,0.0,0.0,0.0,0.0,0.0,0.0,12292.0,3.0,52332.0,5183.0,3.0,52335.0
14.665492651998647,0.0,0.0,0.0,0.0,0.0,0.0,0.0,0.0,0.0,0.0,0.0,0.0,0.0,12292.0,3.0,52332.0,5184.0,3.0,52342.0
14.699485703997198,0.0,0.0,0.0,0.0,0.0,0.0,0.0,0.0,0.0,0.0,0.0,0.0,0.0,12294.0,3.0,52372.0,5185.0,3.0,52375.0
14.710391527987667,0.0,0.0,0.0,0.0,0.0,0.0,0.0,0.0,0.0,0.0,0.0,0.0,0.0,12294.0,3.0,52372.0,5186.0,3.0,52387.0
15.148042683998938,0.0,0.0,0.0,0.0,0.0,0.0,0.0,0.0,0.0,0.0,0.0,0.0,0.0,12314.0,3.0,52772.0,5206.0,3.0,52787.0
15.148385474996758,0.0,0.0,0.0,0.0,0.0,0.0,0.0,0.0,0.0,0.0,0.0,0.0,0.0,12315.0,3.0,52792.0,5207.0,3.0,52805.0
15.15953249699669,0.0,0.0,0.0,0.0,0.0,0.0,0.0,0.0,0.0,0.0,0.0,0.0,0.0,12316.0,3.0,52812.0,5208.0,3.0,52825.0
15.17877715099894,0.0,0.0,0.0,0.0,0.0,0.0,0.0,0.0,0.0,0.0,0.0,0.0,0.0,12318.0,3.0,52852.0,5209.0,3.0,52855.0
15.185547713990672,0.0,0.0,0.0,0.0,0.0,0.0,0.0,0.0,0.0,0.0,0.0,0.0,0.0,12318.0,3.0,52852.0,5210.0,3.0,52862.0
15.20794374999241,0.0,0.0,0.0,0.0,0.0,0.0,0.0,0.0,0.0,0.0,0.0,0.0,0.0,12319.0,3.0,52872.0,5211.0,3.0,52885.0
15.228403791988967,0.0,0.0,0.0,0.0,0.0,0.0,0.0,0.0,0.0,0.0,0.0,0.0,0.0,12320.0,3.0,52892.0,5212.0,3.0,52905.0
15.645508592991973,0.0,0.0,0.0,0.0,0.0,0.0,0.0,0.0,0.0,0.0,0.0,0.0,0.0,12339.0,3.0,53272.0,5231.0,3.0,53287.0
15.645675950989244,0.0,0.0,0.0,0.0,0.0,0.0,0.0,0.0,0.0,0.0,0.0,0.0,0.0,12340.0,3.0,53292.0,5232.0,3.0,53305.0
15.647532113987836,0.0,0.0,0.0,0.0,0.0,0.0,0.0,0.0,0.0,0.0,0.0,0.0,0.0,12341.0,3.0,53312.0,5233.0,3.0,53324.0
15.67861239699414,0.0,0.0,0.0,0.0,0.0,0.0,0.0,0.0,0.0,0.0,0.0,0.0,0.0,12343.0,3.0,53352.0,5234.0,3.0,53355.0
15.686530147999292,0.0,0.0,0.0,0.0,0.0,0.0,0.0,0.0,0.0,0.0,0.0,0.0,0.0,12343.0,3.0,53352.0,5235.0,3.0,53362.0
15.709805753998808,0.0,0.0,0.0,0.0,0.0,0.0,0.0,0.0,0.0,0.0,0.0,0.0,0.0,12344.0,3.0,53372.0,5236.0,3.0,53385.0
15.729422624994186,0.0,0.0,0.0,0.0,0.0,0.0,0.0,0.0,0.0,0.0,0.0,0.0,0.0,12345.0,3.0,53392.0,5237.0,3.0,53404.0
15.749373549988377,0.0,0.0,0.0,0.0,0.0,0.0,0.0,0.0,0.0,0.0,0.0,0.0,0.0,12346.0,3.0,53412.0,5238.0,3.0,53425.0
16.16983782898751,0.0,0.0,0.0,0.0,0.0,0.0,0.0,0.0,0.0,0.0,0.0,0.0,0.0,12367.0,3.0,53832.0,5251.0,3.0,53844.0
16.198671274993103,0.0,0.0,0.0,0.0,0.0,0.0,0.0,0.0,0.0,0.0,0.0,0.0,0.0,12369.0,3.0,53872.0,5252.0,3.0,53875.0
16.20549244999711,0.0,0.0,0.0,0.0,0.0,0.0,0.0,0.0,0.0,0.0,0.0,0.0,0.0,12369.0,3.0,53872.0,5253.0,3.0,53882.0
16.241631447992404,0.0,0.0,0.0,0.0,0.0,0.0,0.0,0.0,0.0,0.0,0.0,0.0,0.0,12371.0,3.0,53911.0,5254.0,3.0,53915.0
16.245521442993777,0.0,0.0,0.0,0.0,0.0,0.0,0.0,0.0,0.0,0.0,0.0,0.0,0.0,12371.0,3.0,53911.0,5255.0,3.0,53922.0
16.68290073199023,0.0,0.0,0.0,0.0,0.0,0.0,0.0,0.0,0.0,0.0,0.0,0.0,0.0,12393.0,3.0,54352.0,5276.0,3.0,54355.0
16.687701703995117,0.0,0.0,0.0,0.0,0.0,0.0,0.0,0.0,0.0,0.0,0.0,0.0,0.0,12393.0,3.0,54352.0,5277.0,3.0,54362.0
16.718942301988136,0.0,0.0,0.0,0.0,0.0,0.0,0.0,0.0,0.0,0.0,0.0,0.0,0.0,12395.0,3.0,54391.0,5278.0,3.0,54395.0
16.727501533998293,0.0,0.0,0.0,0.0,0.0,0.0,0.0,0.0,0.0,0.0,0.0,0.0,0.0,12395.0,3.0,54391.0,5279.0,3.0,54402.0
16.759364765995997,0.0,0.0,0.0,0.0,0.0,0.0,0.0,0.0,0.0,0.0,0.0,0.0,0.0,12397.0,3.0,54432.0,5280.0,3.0,54435.0
17.17351857399626,0.0,0.0,0.0,0.0,0.0,0.0,0.0,0.0,0.0,0.0,0.0,0.0,0.0,12397.0,3.0,54432.0,5281.0,3.0,54447.0
17.17975363599544,0.0,0.0,0.0,0.0,0.0,0.0,0.0,0.0,0.0,0.0,0.0,0.0,0.0,12418.0,3.0,54852.0,5301.0,3.0,54855.0
17.185172813988174,0.0,0.0,0.0,0.0,0.0,0.0,0.0,0.0,0.0,0.0,0.0,0.0,0.0,12418.0,3.0,54852.0,5302.0,3.0,54862.0
17.219169341988163,0.0,0.0,0.0,0.0,0.0,0.0,0.0,0.0,0.0,0.0,0.0,0.0,0.0,12420.0,3.0,54891.0,5303.0,3.0,54895.0
17.2260656899889,0.0,0.0,0.0,0.0,0.0,0.0,0.0,0.0,0.0,0.0,0.0,0.0,0.0,12420.0,3.0,54891.0,5304.0,3.0,54902.0
17.26023152199923,0.0,0.0,0.0,0.0,0.0,0.0,0.0,0.0,0.0,0.0,0.0,0.0,0.0,12422.0,3.0,54931.0,5305.0,3.0,54935.0
17.27138896098768,0.0,0.0,0.0,0.0,0.0,0.0,0.0,0.0,0.0,0.0,0.0,0.0,0.0,12422.0,3.0,54931.0,5306.0,3.0,54947.0
17.683742497989442,0.0,0.0,0.0,0.0,0.0,0.0,0.0,0.0,0.0,0.0,0.0,0.0,0.0,12442.0,3.0,55332.0,5326.0,3.0,55347.0
17.689099951996468,0.0,0.0,0.0,0.0,0.0,0.0,0.0,0.0,0.0,0.0,0.0,0.0,0.0,12443.0,3.0,55352.0,5327.0,3.0,55364.0
17.719248647990753,0.0,0.0,0.0,0.0,0.0,0.0,0.0,0.0,0.0,0.0,0.0,0.0,0.0,12445.0,3.0,55392.0,5328.0,3.0,55395.0
17.725742819995503,0.0,0.0,0.0,0.0,0.0,0.0,0.0,0.0,0.0,0.0,0.0,0.0,0.0,12445.0,3.0,55392.0,5329.0,3.0,55402.0
17.758839873000397,0.0,0.0,0.0,0.0,0.0,0.0,0.0,0.0,0.0,0.0,0.0,0.0,0.0,12447.0,3.0,55431.0,5330.0,3.0,55435.0
17.770033779990626,0.0,0.0,0.0,0.0,0.0,0.0,0.0,0.0,0.0,0.0,0.0,0.0,0.0,12447.0,3.0,55431.0,5331.0,3.0,55447.0
17.78985126799671,0.0,0.0,0.0,0.0,0.0,0.0,0.0,0.0,0.0,0.0,0.0,0.0,0.0,12448.0,3.0,55452.0,5332.0,3.0,55465.0
17.809536180997384,0.0,0.0,0.0,0.0,0.0,0.0,0.0,0.0,0.0,0.0,0.0,0.0,0.0,12449.0,3.0,55472.0,5333.0,3.0,55485.0
17.829506131995004,0.0,0.0,0.0,0.0,0.0,0.0,0.0,0.0,0.0,0.0,0.0,0.0,0.0,12450.0,3.0,55492.0,5334.0,3.0,55505.0
17.84955650199845,0.0,0.0,0.0,0.0,0.0,0.0,0.0,0.0,0.0,0.0,0.0,0.0,0.0,12451.0,3.0,55512.0,5335.0,3.0,55525.0
17.88103289999708,0.0,0.0,0.0,0.0,0.0,0.0,0.0,0.0,0.0,0.0,0.0,0.0,0.0,12453.0,3.0,55552.0,5336.0,3.0,55555.0
17.88917684199987,0.0,0.0,0.0,0.0,0.0,0.0,0.0,0.0,0.0,0.0,0.0,0.0,0.0,12453.0,3.0,55552.0,5337.0,3.0,55563.0
17.91937789399526,0.0,0.0,0.0,0.0,0.0,0.0,0.0,0.0,0.0,0.0,0.0,0.0,0.0,12455.0,3.0,55591.0,5338.0,3.0,55595.0
17.928223967988743,0.0,0.0,0.0,0.0,0.0,0.0,0.0,0.0,0.0,0.0,0.0,0.0,0.0,12455.0,3.0,55591.0,5339.0,3.0,55602.0
18.064062037999975,0.0,0.0,0.0,0.0,0.0,0.0,0.0,0.0,0.0,0.0,0.0,0.0,0.0,12457.0,3.0,55631.0,5341.0,3.0,55647.0
18.064402859992697,0.0,0.0,0.0,0.0,0.0,0.0,0.0,0.0,0.0,0.0,0.0,0.0,0.0,12458.0,3.0,55652.0,5342.0,3.0,55665.0
18.064471546997083,0.0,0.0,0.0,0.0,0.0,0.0,0.0,0.0,0.0,0.0,0.0,0.0,0.0,12459.0,3.0,55672.0,5343.0,3.0,55685.0
18.073605894998764,0.0,0.0,0.0,0.0,0.0,0.0,0.0,0.0,0.0,0.0,0.0,0.0,0.0,12462.0,3.0,55732.0,5344.0,3.0,55751.0
18.098868239991134,0.0,0.0,0.0,0.0,0.0,0.0,0.0,0.0,0.0,0.0,0.0,0.0,0.0,12464.0,3.0,55772.0,5345.0,3.0,55775.0
18.121576277990243,0.0,0.0,0.0,0.0,0.0,0.0,0.0,0.0,0.0,0.0,0.0,0.0,0.0,12464.0,3.0,55772.0,5346.0,3.0,55787.0
18.128997379986686,0.0,0.0,0.0,0.0,0.0,0.0,0.0,0.0,0.0,0.0,0.0,0.0,0.0,12465.0,3.0,55792.0,5347.0,3.0,55805.0
18.153696329987724,0.0,0.0,0.0,0.0,0.0,0.0,0.0,0.0,0.0,0.0,0.0,0.0,0.0,12466.0,3.0,55812.0,5348.0,3.0,55825.0
18.273607785988133,0.0,0.0,0.0,0.0,0.0,0.0,0.0,0.0,0.0,0.0,0.0,0.0,0.0,12470.0,3.0,55892.0,5351.0,3.0,55895.0
18.27370897299261,0.0,0.0,0.0,0.0,0.0,0.0,0.0,0.0,0.0,0.0,0.0,0.0,0.0,12470.0,3.0,55892.0,5352.0,3.0,55902.0
18.273778601986123,0.0,0.0,0.0,0.0,0.0,0.0,0.0,0.0,0.0,0.0,0.0,0.0,0.0,12472.0,3.0,55932.0,5353.0,3.0,55935.0
18.273840847992687,0.0,0.0,0.0,0.0,0.0,0.0,0.0,0.0,0.0,0.0,0.0,0.0,0.0,12472.0,3.0,55932.0,5354.0,3.0,55942.0
18.299278436999884,0.0,0.0,0.0,0.0,0.0,0.0,0.0,0.0,0.0,0.0,0.0,0.0,0.0,12474.0,3.0,55972.0,5355.0,3.0,55975.0
18.310259749996476,0.0,0.0,0.0,0.0,0.0,0.0,0.0,0.0,0.0,0.0,0.0,0.0,0.0,12474.0,3.0,55972.0,5356.0,3.0,55987.0
18.32940829799918,0.0,0.0,0.0,0.0,0.0,0.0,0.0,0.0,0.0,0.0,0.0,0.0,0.0,12475.0,3.0,55992.0,5357.0,3.0,56005.0
18.349859753987403,0.0,0.0,0.0,0.0,0.0,0.0,0.0,0.0,0.0,0.0,0.0,0.0,0.0,12476.0,3.0,56012.0,5358.0,3.0,56025.0
18.369951471991953,0.0,0.0,0.0,0.0,0.0,0.0,0.0,0.0,0.0,0.0,0.0,0.0,0.0,12477.0,3.0,56032.0,5359.0,3.0,56045.0
18.49754368099093,0.0,0.0,0.0,0.0,0.0,0.0,0.0,0.0,0.0,0.0,0.0,0.0,0.0,12480.0,3.0,56092.0,5361.0,3.0,56095.0
18.497718935992452,0.0,0.0,0.0,0.0,0.0,0.0,0.0,0.0,0.0,0.0,0.0,0.0,0.0,12480.0,3.0,56092.0,5362.0,3.0,56102.0
18.497791549991234,0.0,0.0,0.0,0.0,0.0,0.0,0.0,0.0,0.0,0.0,0.0,0.0,0.0,12482.0,3.0,56131.0,5363.0,3.0,56135.0
18.497853885986842,0.0,0.0,0.0,0.0,0.0,0.0,0.0,0.0,0.0,0.0,0.0,0.0,0.0,12482.0,3.0,56131.0,5364.0,3.0,56142.0
18.49910457499209,0.0,0.0,0.0,0.0,0.0,0.0,0.0,0.0,0.0,0.0,0.0,0.0,0.0,12484.0,3.0,56172.0,5365.0,3.0,56175.0
18.545738553992123,0.0,0.0,0.0,0.0,0.0,0.0,0.0,0.0,0.0,0.0,0.0,0.0,0.0,12486.0,3.0,56212.0,5366.0,3.0,56219.0
18.550736100994982,0.0,0.0,0.0,0.0,0.0,0.0,0.0,0.0,0.0,0.0,0.0,0.0,0.0,12486.0,3.0,56212.0,5367.0,3.0,56226.0
18.568467582997982,0.0,0.0,0.0,0.0,0.0,0.0,0.0,0.0,0.0,0.0,0.0,0.0,0.0,12487.0,3.0,56232.0,5368.0,3.0,56245.0
18.589496368993423,0.0,0.0,0.0,0.0,0.0,0.0,0.0,0.0,0.0,0.0,0.0,0.0,0.0,12488.0,3.0,56252.0,5369.0,3.0,56265.0
18.71443350399204,0.0,0.0,0.0,0.0,0.0,0.0,0.0,0.0,0.0,0.0,0.0,0.0,0.0,12491.0,3.0,56312.0,5371.0,3.0,56315.0
18.714873328994145,0.0,0.0,0.0,0.0,0.0,0.0,0.0,0.0,0.0,0.0,0.0,0.0,0.0,12491.0,3.0,56312.0,5372.0,3.0,56322.0
18.7151395129913,0.0,0.0,0.0,0.0,0.0,0.0,0.0,0.0,0.0,0.0,0.0,0.0,0.0,12493.0,3.0,56352.0,5373.0,3.0,56355.0
18.71519954399264,0.0,0.0,0.0,0.0,0.0,0.0,0.0,0.0,0.0,0.0,0.0,0.0,0.0,12493.0,3.0,56352.0,5374.0,3.0,56362.0
18.719836963995476,0.0,0.0,0.0,0.0,0.0,0.0,0.0,0.0,0.0,0.0,0.0,0.0,0.0,12495.0,3.0,56392.0,5375.0,3.0,56395.0
18.73369489298784,0.0,0.0,0.0,0.0,0.0,0.0,0.0,0.0,0.0,0.0,0.0,0.0,0.0,12495.0,3.0,56392.0,5376.0,3.0,56407.0
18.75046796699462,0.0,0.0,0.0,0.0,0.0,0.0,0.0,0.0,0.0,0.0,0.0,0.0,0.0,12496.0,3.0,56412.0,5377.0,3.0,56425.0
18.768797596989316,0.0,0.0,0.0,0.0,0.0,0.0,0.0,0.0,0.0,0.0,0.0,0.0,0.0,12497.0,3.0,56432.0,5378.0,3.0,56445.0
18.78875190099643,0.0,0.0,0.0,0.0,0.0,0.0,0.0,0.0,0.0,0.0,0.0,0.0,0.0,12498.0,3.0,56452.0,5379.0,3.0,56465.0
18.80888348299777,0.0,0.0,0.0,0.0,0.0,0.0,0.0,0.0,0.0,0.0,0.0,0.0,0.0,12499.0,3.0,56472.0,5380.0,3.0,56485.0
18.938033950995305,0.0,0.0,0.0,0.0,0.0,0.0,0.0,0.0,0.0,0.0,0.0,0.0,0.0,12505.0,3.0,56592.0,5386.0,3.0,56607.0
18.951629963994492,0.0,0.0,0.0,0.0,0.0,0.0,0.0,0.0,0.0,0.0,0.0,0.0,0.0,12506.0,3.0,56612.0,5387.0,3.0,56625.0
18.97019817699038,0.0,0.0,0.0,0.0,0.0,0.0,0.0,0.0,0.0,0.0,0.0,0.0,0.0,12507.0,3.0,56632.0,5388.0,3.0,56645.0
18.988780305997352,0.0,0.0,0.0,0.0,0.0,0.0,0.0,0.0,0.0,0.0,0.0,0.0,0.0,12508.0,3.0,56652.0,5389.0,3.0,56665.0
19.008880850989954,0.0,0.0,0.0,0.0,0.0,0.0,0.0,0.0,0.0,0.0,0.0,0.0,0.0,12509.0,3.0,56672.0,5390.0,3.0,56685.0
19.156675311998697,0.0,0.0,0.0,0.0,0.0,0.0,0.0,0.0,0.0,0.0,0.0,0.0,0.0,12511.0,3.0,56712.0,5391.0,3.0,56715.0
19.157001276995288,0.0,0.0,0.0,0.0,0.0,0.0,0.0,0.0,0.0,0.0,0.0,0.0,0.0,12515.0,3.0,56792.0,5396.0,3.0,56807.0
19.157077637995826,0.0,0.0,0.0,0.0,0.0,0.0,0.0,0.0,0.0,0.0,0.0,0.0,0.0,12516.0,3.0,56812.0,5397.0,3.0,56825.0
19.169237847992918,0.0,0.0,0.0,0.0,0.0,0.0,0.0,0.0,0.0,0.0,0.0,0.0,0.0,12517.0,3.0,56832.0,5398.0,3.0,56845.0
19.188756403993466,0.0,0.0,0.0,0.0,0.0,0.0,0.0,0.0,0.0,0.0,0.0,0.0,0.0,12518.0,3.0,56852.0,5399.0,3.0,56865.0
19.247585126999184,0.0,0.0,0.0,0.0,0.0,0.0,0.0,0.0,0.0,0.0,0.0,0.0,0.0,12521.0,3.0,56912.0,5401.0,3.0,56915.0
19.259398472990142,0.0,0.0,0.0,0.0,0.0,0.0,0.0,0.0,0.0,0.0,0.0,0.0,0.0,12521.0,3.0,56912.0,5402.0,3.0,56923.0
19.43960360599158,0.0,0.0,0.0,0.0,0.0,0.0,0.0,0.0,0.0,0.0,0.0,0.0,0.0,12531.0,3.0,57112.0,5411.0,3.0,57115.0
19.445622627987177,0.0,0.0,0.0,0.0,0.0,0.0,0.0,0.0,0.0,0.0,0.0,0.0,0.0,12531.0,3.0,57112.0,5412.0,3.0,57122.0
19.47890078299679,0.0,0.0,0.0,0.0,0.0,0.0,0.0,0.0,0.0,0.0,0.0,0.0,0.0,12533.0,3.0,57151.0,5413.0,3.0,57155.0
19.550035610998748,0.0,0.0,0.0,0.0,0.0,0.0,0.0,0.0,0.0,0.0,0.0,0.0,0.0,12535.0,3.0,57192.0,5416.0,3.0,57207.0
19.550372064986732,0.0,0.0,0.0,0.0,0.0,0.0,0.0,0.0,0.0,0.0,0.0,0.0,0.0,12536.0,3.0,57212.0,5417.0,3.0,57225.0
19.594115897998563,0.0,0.0,0.0,0.0,0.0,0.0,0.0,0.0,0.0,0.0,0.0,0.0,0.0,12537.0,3.0,57232.0,5418.0,3.0,57245.0
19.59914639699855,0.0,0.0,0.0,0.0,0.0,0.0,0.0,0.0,0.0,0.0,0.0,0.0,0.0,12539.0,3.0,57272.0,5419.0,3.0,57275.0
19.606113105997792,0.0,0.0,0.0,0.0,0.0,0.0,0.0,0.0,0.0,0.0,0.0,0.0,0.0,12539.0,3.0,57272.0,5420.0,3.0,57282.0
19.6291726299969,0.0,0.0,0.0,0.0,0.0,0.0,0.0,0.0,0.0,0.0,0.0,0.0,0.0,12540.0,3.0,57292.0,5421.0,3.0,57305.0
19.65035519299272,0.0,0.0,0.0,0.0,0.0,0.0,0.0,0.0,0.0,0.0,0.0,0.0,0.0,12541.0,3.0,57312.0,5422.0,3.0,57325.0
19.678300556988688,0.0,0.0,0.0,0.0,0.0,0.0,0.0,0.0,0.0,0.0,0.0,0.0,0.0,12543.0,3.0,57352.0,5423.0,3.0,57355.0
19.688425953994738,0.0,0.0,0.0,0.0,0.0,0.0,0.0,0.0,0.0,0.0,0.0,0.0,0.0,12543.0,3.0,57352.0,5424.0,3.0,57362.0
19.839663702994585,0.0,0.0,0.0,0.0,0.0,0.0,0.0,0.0,0.0,0.0,0.0,0.0,0.0,12551.0,3.0,57512.0,5431.0,3.0,57515.0
19.85712986398721,0.0,0.0,0.0,0.0,0.0,0.0,0.0,0.0,0.0,0.0,0.0,0.0,0.0,12551.0,3.0,57512.0,5432.0,3.0,57522.0
19.88239580899244,0.0,0.0,0.0,0.0,0.0,0.0,0.0,0.0,0.0,0.0,0.0,0.0,0.0,12553.0,3.0,57552.0,5433.0,3.0,57555.0
19.899215220997576,0.0,0.0,0.0,0.0,0.0,0.0,0.0,0.0,0.0,0.0,0.0,0.0,0.0,12553.0,3.0,57552.0,5434.0,3.0,57563.0
19.91965635899396,0.0,0.0,0.0,0.0,0.0,0.0,0.0,0.0,0.0,0.0,0.0,0.0,0.0,12555.0,3.0,57592.0,5435.0,3.0,57595.0
19.986535224990803,0.0,0.0,0.0,0.0,0.0,0.0,0.0,0.0,0.0,0.0,0.0,0.0,0.0,12555.0,3.0,57592.0,5436.0,3.0,57607.0
19.986963037998066,0.0,0.0,0.0,0.0,0.0,0.0,0.0,0.0,0.0,0.0,0.0,0.0,0.0,12556.0,3.0,57612.0,5437.0,3.0,57625.0
19.98705268399499,0.0,0.0,0.0,0.0,0.0,0.0,0.0,0.0,0.0,0.0,0.0,0.0,0.0,12557.0,3.0,57632.0,5438.0,3.0,57645.0
20.046457399992505,0.0,0.0,0.0,0.0,0.0,0.0,0.0,0.0,0.0,0.0,0.0,0.0,0.0,12561.0,3.0,57712.0,5441.0,3.0,57722.0
20.083225856986246,0.0,0.0,0.0,0.0,0.0,0.0,0.0,0.0,0.0,0.0,0.0,0.0,0.0,12563.0,3.0,57752.0,5442.0,3.0,57755.0
20.086448141999426,0.0,0.0,0.0,0.0,0.0,0.0,0.0,0.0,0.0,0.0,0.0,0.0,0.0,12563.0,3.0,57752.0,5443.0,3.0,57762.0
20.11938560398994,0.0,0.0,0.0,0.0,0.0,0.0,0.0,0.0,0.0,0.0,0.0,0.0,0.0,12565.0,3.0,57792.0,5444.0,3.0,57795.0
20.126598530987394,0.0,0.0,0.0,0.0,0.0,0.0,0.0,0.0,0.0,0.0,0.0,0.0,0.0,12565.0,3.0,57792.0,5445.0,3.0,57802.0
20.193167701989296,0.0,0.0,0.0,0.0,0.0,0.0,0.0,0.0,0.0,0.0,0.0,0.0,0.0,12566.0,3.0,57812.0,5446.0,3.0,57825.0
20.19336332498642,0.0,0.0,0.0,0.0,0.0,0.0,0.0,0.0,0.0,0.0,0.0,0.0,0.0,12567.0,3.0,57832.0,5447.0,3.0,57845.0
20.255235896998784,0.0,0.0,0.0,0.0,0.0,0.0,0.0,0.0,0.0,0.0,0.0,0.0,0.0,12571.0,3.0,57912.0,5451.0,3.0,57927.0
20.27120631399157,0.0,0.0,0.0,0.0,0.0,0.0,0.0,0.0,0.0,0.0,0.0,0.0,0.0,12572.0,3.0,57932.0,5452.0,3.0,57945.0
20.289826133986935,0.0,0.0,0.0,0.0,0.0,0.0,0.0,0.0,0.0,0.0,0.0,0.0,0.0,12573.0,3.0,57952.0,5453.0,3.0,57965.0
20.309252820996335,0.0,0.0,0.0,0.0,0.0,0.0,0.0,0.0,0.0,0.0,0.0,0.0,0.0,12574.0,3.0,57972.0,5454.0,3.0,57985.0
20.328929110997706,0.0,0.0,0.0,0.0,0.0,0.0,0.0,0.0,0.0,0.0,0.0,0.0,0.0,12575.0,3.0,57992.0,5455.0,3.0,58005.0
20.35926543099049,0.0,0.0,0.0,0.0,0.0,0.0,0.0,0.0,0.0,0.0,0.0,0.0,0.0,12577.0,3.0,58032.0,5456.0,3.0,58035.0
20.488193656987278,0.0,0.0,0.0,0.0,0.0,0.0,0.0,0.0,0.0,0.0,0.0,0.0,0.0,12581.0,3.0,58112.0,5461.0,3.0,58127.0
20.488576296993415,0.0,0.0,0.0,0.0,0.0,0.0,0.0,0.0,0.0,0.0,0.0,0.0,0.0,12582.0,3.0,58132.0,5462.0,3.0,58145.0
20.517132595996372,0.0,0.0,0.0,0.0,0.0,0.0,0.0,0.0,0.0,0.0,0.0,0.0,0.0,12583.0,3.0,58152.0,5463.0,3.0,58165.0
20.5188981199899,0.0,0.0,0.0,0.0,0.0,0.0,0.0,0.0,0.0,0.0,0.0,0.0,0.0,12585.0,3.0,58192.0,5464.0,3.0,58195.0
20.526637903996743,0.0,0.0,0.0,0.0,0.0,0.0,0.0,0.0,0.0,0.0,0.0,0.0,0.0,12585.0,3.0,58192.0,5465.0,3.0,58202.0
20.550438815000234,0.0,0.0,0.0,0.0,0.0,0.0,0.0,0.0,0.0,0.0,0.0,0.0,0.0,12586.0,3.0,58212.0,5466.0,3.0,58225.0
20.573073371997452,0.0,0.0,0.0,0.0,0.0,0.0,0.0,0.0,0.0,0.0,0.0,0.0,0.0,12587.0,3.0,58232.0,5467.0,3.0,58245.0
20.6141067409917,0.0,0.0,0.0,0.0,0.0,0.0,0.0,0.0,0.0,0.0,0.0,0.0,0.0,12588.0,3.0,58252.0,5468.0,3.0,58265.0
20.614463021993288,0.0,0.0,0.0,0.0,0.0,0.0,0.0,0.0,0.0,0.0,0.0,0.0,0.0,12589.0,3.0,58272.0,5469.0,3.0,58285.0
20.694465010994463,0.0,0.0,0.0,0.0,0.0,0.0,0.0,0.0,0.0,0.0,0.0,0.0,0.0,12592.0,3.0,58332.0,5471.0,3.0,58335.0
20.695050536989584,0.0,0.0,0.0,0.0,0.0,0.0,0.0,0.0,0.0,0.0,0.0,0.0,0.0,12592.0,3.0,58332.0,5472.0,3.0,58342.0
20.699673760987935,0.0,0.0,0.0,0.0,0.0,0.0,0.0,0.0,0.0,0.0,0.0,0.0,0.0,12594.0,3.0,58372.0,5473.0,3.0,58375.0
20.70563883399882,0.0,0.0,0.0,0.0,0.0,0.0,0.0,0.0,0.0,0.0,0.0,0.0,0.0,12594.0,3.0,58372.0,5474.0,3.0,58382.0
20.73946526699001,0.0,0.0,0.0,0.0,0.0,0.0,0.0,0.0,0.0,0.0,0.0,0.0,0.0,12596.0,3.0,58412.0,5475.0,3.0,58415.0
20.752363206993323,0.0,0.0,0.0,0.0,0.0,0.0,0.0,0.0,0.0,0.0,0.0,0.0,0.0,12596.0,3.0,58412.0,5476.0,3.0,58427.0
20.76943112099252,0.0,0.0,0.0,0.0,0.0,0.0,0.0,0.0,0.0,0.0,0.0,0.0,0.0,12597.0,3.0,58432.0,5477.0,3.0,58445.0
20.789480412990088,0.0,0.0,0.0,0.0,0.0,0.0,0.0,0.0,0.0,0.0,0.0,0.0,0.0,12598.0,3.0,58452.0,5478.0,3.0,58465.0
20.89197425499151,0.0,0.0,0.0,0.0,0.0,0.0,0.0,0.0,0.0,0.0,0.0,0.0,0.0,12602.0,3.0,58532.0,5481.0,3.0,58535.0
20.89231968599779,0.0,0.0,0.0,0.0,0.0,0.0,0.0,0.0,0.0,0.0,0.0,0.0,0.0,12602.0,3.0,58532.0,5482.0,3.0,58543.0
20.914573446993018,0.0,0.0,0.0,0.0,0.0,0.0,0.0,0.0,0.0,0.0,0.0,0.0,0.0,12604.0,3.0,58572.0,5483.0,3.0,58575.0
20.91512046099524,0.0,0.0,0.0,0.0,0.0,0.0,0.0,0.0,0.0,0.0,0.0,0.0,0.0,12604.0,3.0,58572.0,5484.0,3.0,58582.0
20.939232918986818,0.0,0.0,0.0,0.0,0.0,0.0,0.0,0.0,0.0,0.0,0.0,0.0,0.0,12606.0,3.0,58612.0,5485.0,3.0,58615.0
20.951090179994935,0.0,0.0,0.0,0.0,0.0,0.0,0.0,0.0,0.0,0.0,0.0,0.0,0.0,12606.0,3.0,58612.0,5486.0,3.0,58627.0
20.968812085993704,0.0,0.0,0.0,0.0,0.0,0.0,0.0,0.0,0.0,0.0,0.0,0.0,0.0,12607.0,3.0,58632.0,5487.0,3.0,58645.0
20.991277589986566,0.0,0.0,0.0,0.0,0.0,0.0,0.0,0.0,0.0,0.0,0.0,0.0,0.0,12608.0,3.0,58652.0,5488.0,3.0,58665.0
21.008729855995625,0.0,0.0,0.0,0.0,0.0,0.0,0.0,0.0,0.0,0.0,0.0,0.0,0.0,12609.0,3.0,58672.0,5489.0,3.0,58685.0
21.076958580990322,0.0,0.0,0.0,0.0,0.0,0.0,0.0,0.0,0.0,0.0,0.0,0.0,0.0,12612.0,3.0,58732.0,5491.0,3.0,58735.0
21.077515202996437,0.0,0.0,0.0,0.0,0.0,0.0,0.0,0.0,0.0,0.0,0.0,0.0,0.0,12612.0,3.0,58732.0,5492.0,3.0,58742.0
21.134213483994245,0.0,0.0,0.0,0.0,0.0,0.0,0.0,0.0,0.0,0.0,0.0,0.0,0.0,12614.0,3.0,58772.0,5493.0,3.0,58775.0
21.134682263000286,0.0,0.0,0.0,0.0,0.0,0.0,0.0,0.0,0.0,0.0,0.0,0.0,0.0,12614.0,3.0,58772.0,5494.0,3.0,58782.0
21.140678583993576,0.0,0.0,0.0,0.0,0.0,0.0,0.0,0.0,0.0,0.0,0.0,0.0,0.0,12616.0,3.0,58812.0,5495.0,3.0,58815.0
21.163810633996036,0.0,0.0,0.0,0.0,0.0,0.0,0.0,0.0,0.0,0.0,0.0,0.0,0.0,12616.0,3.0,58812.0,5496.0,3.0,58827.0
21.16985522399773,0.0,0.0,0.0,0.0,0.0,0.0,0.0,0.0,0.0,0.0,0.0,0.0,0.0,12617.0,3.0,58832.0,5497.0,3.0,58845.0
21.199725890997797,0.0,0.0,0.0,0.0,0.0,0.0,0.0,0.0,0.0,0.0,0.0,0.0,0.0,12618.0,3.0,58852.0,5498.0,3.0,58865.0
21.20888884399028,0.0,0.0,0.0,0.0,0.0,0.0,0.0,0.0,0.0,0.0,0.0,0.0,0.0,12619.0,3.0,58872.0,5499.0,3.0,58885.0
21.231131123990053,0.0,0.0,0.0,0.0,0.0,0.0,0.0,0.0,0.0,0.0,0.0,0.0,0.0,12620.0,3.0,58892.0,5500.0,3.0,58905.0
21.357253558991943,0.0,0.0,0.0,0.0,0.0,0.0,0.0,0.0,0.0,0.0,0.0,0.0,0.0,12626.0,3.0,59012.0,5506.0,3.0,59027.0
21.369423158990685,0.0,0.0,0.0,0.0,0.0,0.0,0.0,0.0,0.0,0.0,0.0,0.0,0.0,12627.0,3.0,59032.0,5507.0,3.0,59045.0
21.39419000199996,0.0,0.0,0.0,0.0,0.0,0.0,0.0,0.0,0.0,0.0,0.0,0.0,0.0,12628.0,3.0,59052.0,5508.0,3.0,59066.0
21.412882199991145,0.0,0.0,0.0,0.0,0.0,0.0,0.0,0.0,0.0,0.0,0.0,0.0,0.0,12629.0,3.0,59072.0,5509.0,3.0,59085.0
21.429809393986943,0.0,0.0,0.0,0.0,0.0,0.0,0.0,0.0,0.0,0.0,0.0,0.0,0.0,12630.0,3.0,59092.0,5510.0,3.0,59105.0
21.461326175995055,0.0,0.0,0.0,0.0,0.0,0.0,0.0,0.0,0.0,0.0,0.0,0.0,0.0,12632.0,3.0,59132.0,5511.0,3.0,59135.0
21.578953832999105,0.0,0.0,0.0,0.0,0.0,0.0,0.0,0.0,0.0,0.0,0.0,0.0,0.0,12636.0,3.0,59211.0,5516.0,3.0,59227.0
21.5794571669976,0.0,0.0,0.0,0.0,0.0,0.0,0.0,0.0,0.0,0.0,0.0,0.0,0.0,12637.0,3.0,59232.0,5517.0,3.0,59245.0
21.601178120996337,0.0,0.0,0.0,0.0,0.0,0.0,0.0,0.0,0.0,0.0,0.0,0.0,0.0,12638.0,3.0,59252.0,5518.0,3.0,59265.0
21.608167223996134,0.0,0.0,0.0,0.0,0.0,0.0,0.0,0.0,0.0,0.0,0.0,0.0,0.0,12639.0,3.0,59272.0,5519.0,3.0,59285.0
21.62858076399425,0.0,0.0,0.0,0.0,0.0,0.0,0.0,0.0,0.0,0.0,0.0,0.0,0.0,12640.0,3.0,59292.0,5520.0,3.0,59305.0
21.65904775899253,0.0,0.0,0.0,0.0,0.0,0.0,0.0,0.0,0.0,0.0,0.0,0.0,0.0,12642.0,3.0,59332.0,5521.0,3.0,59335.0
21.668218437000178,0.0,0.0,0.0,0.0,0.0,0.0,0.0,0.0,0.0,0.0,0.0,0.0,0.0,12642.0,3.0,59332.0,5522.0,3.0,59342.0
21.759097554997425,0.0,0.0,0.0,0.0,0.0,0.0,0.0,0.0,0.0,0.0,0.0,0.0,0.0,12646.0,3.0,59411.0,5526.0,3.0,59427.0
21.7944535179995,0.0,0.0,0.0,0.0,0.0,0.0,0.0,0.0,0.0,0.0,0.0,0.0,0.0,12647.0,3.0,59432.0,5527.0,3.0,59445.0
21.79494800498651,0.0,0.0,0.0,0.0,0.0,0.0,0.0,0.0,0.0,0.0,0.0,0.0,0.0,12648.0,3.0,59452.0,5528.0,3.0,59465.0
21.810371339990525,0.0,0.0,0.0,0.0,0.0,0.0,0.0,0.0,0.0,0.0,0.0,0.0,0.0,12649.0,3.0,59472.0,5529.0,3.0,59485.0
21.83860652599833,0.0,0.0,0.0,0.0,0.0,0.0,0.0,0.0,0.0,0.0,0.0,0.0,0.0,12651.0,3.0,59512.0,5530.0,3.0,59515.0
21.85203911899589,0.0,0.0,0.0,0.0,0.0,0.0,0.0,0.0,0.0,0.0,0.0,0.0,0.0,12651.0,3.0,59512.0,5531.0,3.0,59527.0
21.871605096996063,0.0,0.0,0.0,0.0,0.0,0.0,0.0,0.0,0.0,0.0,0.0,0.0,0.0,12652.0,3.0,59532.0,5532.0,3.0,59545.0
21.89093454599788,0.0,0.0,0.0,0.0,0.0,0.0,0.0,0.0,0.0,0.0,0.0,0.0,0.0,12653.0,3.0,59552.0,5533.0,3.0,59566.0
22.014395512000192,0.0,0.0,0.0,0.0,0.0,0.0,0.0,0.0,0.0,0.0,0.0,0.0,0.0,12657.0,3.0,59632.0,5536.0,3.0,59635.0
22.014642759997514,0.0,0.0,0.0,0.0,0.0,0.0,0.0,0.0,0.0,0.0,0.0,0.0,0.0,12657.0,3.0,59632.0,5537.0,3.0,59642.0
22.01471743900038,0.0,0.0,0.0,0.0,0.0,0.0,0.0,0.0,0.0,0.0,0.0,0.0,0.0,12659.0,3.0,59672.0,5538.0,3.0,59675.0
22.014782629994443,0.0,0.0,0.0,0.0,0.0,0.0,0.0,0.0,0.0,0.0,0.0,0.0,0.0,12659.0,3.0,59672.0,5539.0,3.0,59682.0
22.038926036999328,0.0,0.0,0.0,0.0,0.0,0.0,0.0,0.0,0.0,0.0,0.0,0.0,0.0,12661.0,3.0,59711.0,5540.0,3.0,59715.0
22.05818587698741,0.0,0.0,0.0,0.0,0.0,0.0,0.0,0.0,0.0,0.0,0.0,0.0,0.0,12662.0,3.0,59732.0,5541.0,3.0,59734.0
22.07993899199937,0.0,0.0,0.0,0.0,0.0,0.0,0.0,0.0,0.0,0.0,0.0,0.0,0.0,12663.0,3.0,59752.0,5542.0,3.0,59755.0
22.08844636999129,0.0,0.0,0.0,0.0,0.0,0.0,0.0,0.0,0.0,0.0,0.0,0.0,0.0,12663.0,3.0,59752.0,5543.0,3.0,59762.0
22.119591302995104,0.0,0.0,0.0,0.0,0.0,0.0,0.0,0.0,0.0,0.0,0.0,0.0,0.0,12665.0,3.0,59791.0,5544.0,3.0,59795.0
22.262676403988735,0.0,0.0,0.0,0.0,0.0,0.0,0.0,0.0,0.0,0.0,0.0,0.0,0.0,12672.0,3.0,59932.0,5551.0,3.0,59935.0
22.276392802988994,0.0,0.0,0.0,0.0,0.0,0.0,0.0,0.0,0.0,0.0,0.0,0.0,0.0,12672.0,3.0,59932.0,5552.0,3.0,59942.0
22.299283997999737,0.0,0.0,0.0,0.0,0.0,0.0,0.0,0.0,0.0,0.0,0.0,0.0,0.0,12674.0,3.0,59972.0,5553.0,3.0,59975.0
22.306389866993413,0.0,0.0,0.0,0.0,0.0,0.0,0.0,0.0,0.0,0.0,0.0,0.0,0.0,12674.0,3.0,59972.0,5554.0,3.0,59982.0
22.339202192990342,0.0,0.0,0.0,0.0,0.0,0.0,0.0,0.0,0.0,0.0,0.0,0.0,0.0,12676.0,3.0,60012.0,5555.0,3.0,60015.0
22.459568849997595,0.0,0.0,0.0,0.0,0.0,0.0,0.0,0.0,0.0,0.0,0.0,0.0,0.0,12682.0,3.0,60132.0,5561.0,3.0,60135.0
22.465312973989057,0.0,0.0,0.0,0.0,0.0,0.0,0.0,0.0,0.0,0.0,0.0,0.0,0.0,12682.0,3.0,60132.0,5562.0,3.0,60142.0
22.499880816991208,0.0,0.0,0.0,0.0,0.0,0.0,0.0,0.0,0.0,0.0,0.0,0.0,0.0,12684.0,3.0,60172.0,5563.0,3.0,60175.0
22.505779747996712,0.0,0.0,0.0,0.0,0.0,0.0,0.0,0.0,0.0,0.0,0.0,0.0,0.0,12684.0,3.0,60172.0,5564.0,3.0,60182.0
22.539745975998812,0.0,0.0,0.0,0.0,0.0,0.0,0.0,0.0,0.0,0.0,0.0,0.0,0.0,12686.0,3.0,60212.0,5565.0,3.0,60215.0
22.551877696998417,0.0,0.0,0.0,0.0,0.0,0.0,0.0,0.0,0.0,0.0,0.0,0.0,0.0,12686.0,3.0,60212.0,5566.0,3.0,60227.0
22.675294019994908,0.0,0.0,0.0,0.0,0.0,0.0,0.0,0.0,0.0,0.0,0.0,0.0,0.0,12692.0,3.0,60332.0,5571.0,3.0,60335.0
22.67567985499045,0.0,0.0,0.0,0.0,0.0,0.0,0.0,0.0,0.0,0.0,0.0,0.0,0.0,12692.0,3.0,60332.0,5572.0,3.0,60342.0
22.699853700993117,0.0,0.0,0.0,0.0,0.0,0.0,0.0,0.0,0.0,0.0,0.0,0.0,0.0,12694.0,3.0,60372.0,5573.0,3.0,60375.0
22.705858207991696,0.0,0.0,0.0,0.0,0.0,0.0,0.0,0.0,0.0,0.0,0.0,0.0,0.0,12694.0,3.0,60372.0,5574.0,3.0,60382.0
22.74115010398964,0.0,0.0,0.0,0.0,0.0,0.0,0.0,0.0,0.0,0.0,0.0,0.0,0.0,12696.0,3.0,60412.0,5575.0,3.0,60415.0
22.750044961998356,0.0,0.0,0.0,0.0,0.0,0.0,0.0,0.0,0.0,0.0,0.0,0.0,0.0,12696.0,3.0,60412.0,5576.0,3.0,60426.0
22.769981678997283,0.0,0.0,0.0,0.0,0.0,0.0,0.0,0.0,0.0,0.0,0.0,0.0,0.0,12697.0,3.0,60432.0,5577.0,3.0,60445.0
22.896339926999644,0.0,0.0,0.0,0.0,0.0,0.0,0.0,0.0,0.0,0.0,0.0,0.0,0.0,12698.0,3.0,60452.0,5578.0,3.0,60465.0
22.896854471997358,0.0,0.0,0.0,0.0,0.0,0.0,0.0,0.0,0.0,0.0,0.0,0.0,0.0,12699.0,3.0,60472.0,5579.0,3.0,60485.0
22.897063028998673,0.0,0.0,0.0,0.0,0.0,0.0,0.0,0.0,0.0,0.0,0.0,0.0,0.0,12702.0,3.0,60532.0,5581.0,3.0,60535.0
22.897129731994937,0.0,0.0,0.0,0.0,0.0,0.0,0.0,0.0,0.0,0.0,0.0,0.0,0.0,12702.0,3.0,60532.0,5582.0,3.0,60542.0
22.901982141993358,0.0,0.0,0.0,0.0,0.0,0.0,0.0,0.0,0.0,0.0,0.0,0.0,0.0,12704.0,3.0,60572.0,5583.0,3.0,60576.0
22.90648825999233,0.0,0.0,0.0,0.0,0.0,0.0,0.0,0.0,0.0,0.0,0.0,0.0,0.0,12704.0,3.0,60572.0,5584.0,3.0,60583.0
22.939025656989543,0.0,0.0,0.0,0.0,0.0,0.0,0.0,0.0,0.0,0.0,0.0,0.0,0.0,12706.0,3.0,60611.0,5585.0,3.0,60615.0
22.95217059800052,0.0,0.0,0.0,0.0,0.0,0.0,0.0,0.0,0.0,0.0,0.0,0.0,0.0,12706.0,3.0,60611.0,5586.0,3.0,60627.0
22.969833386989194,0.0,0.0,0.0,0.0,0.0,0.0,0.0,0.0,0.0,0.0,0.0,0.0,0.0,12707.0,3.0,60632.0,5587.0,3.0,60645.0
22.98937258699152,0.0,0.0,0.0,0.0,0.0,0.0,0.0,0.0,0.0,0.0,0.0,0.0,0.0,12708.0,3.0,60652.0,5588.0,3.0,60665.0
23.110482441989006,0.0,0.0,0.0,0.0,0.0,0.0,0.0,0.0,0.0,0.0,0.0,0.0,0.0,12712.0,3.0,60732.0,5591.0,3.0,60735.0
23.11078484299651,0.0,0.0,0.0,0.0,0.0,0.0,0.0,0.0,0.0,0.0,0.0,0.0,0.0,12712.0,3.0,60732.0,5592.0,3.0,60742.0
23.110862065994297,0.0,0.0,0.0,0.0,0.0,0.0,0.0,0.0,0.0,0.0,0.0,0.0,0.0,12714.0,3.0,60771.0,5593.0,3.0,60775.0
23.110928750000312,0.0,0.0,0.0,0.0,0.0,0.0,0.0,0.0,0.0,0.0,0.0,0.0,0.0,12714.0,3.0,60771.0,5594.0,3.0,60783.0
23.139672019999125,0.0,0.0,0.0,0.0,0.0,0.0,0.0,0.0,0.0,0.0,0.0,0.0,0.0,12716.0,3.0,60811.0,5595.0,3.0,60815.0
23.15126126499672,0.0,0.0,0.0,0.0,0.0,0.0,0.0,0.0,0.0,0.0,0.0,0.0,0.0,12716.0,3.0,60811.0,5596.0,3.0,60827.0
23.169168838998303,0.0,0.0,0.0,0.0,0.0,0.0,0.0,0.0,0.0,0.0,0.0,0.0,0.0,12717.0,3.0,60832.0,5597.0,3.0,60845.0
23.192034938998404,0.0,0.0,0.0,0.0,0.0,0.0,0.0,0.0,0.0,0.0,0.0,0.0,0.0,12718.0,3.0,60852.0,5598.0,3.0,60865.0
23.20875718399475,0.0,0.0,0.0,0.0,0.0,0.0,0.0,0.0,0.0,0.0,0.0,0.0,0.0,12719.0,3.0,60872.0,5599.0,3.0,60885.0
23.41394002699235,0.0,0.0,0.0,0.0,0.0,0.0,0.0,0.0,0.0,0.0,0.0,0.0,0.0,12726.0,3.0,61011.0,5606.0,3.0,61026.0
23.41442310299317,0.0,0.0,0.0,0.0,0.0,0.0,0.0,0.0,0.0,0.0,0.0,0.0,0.0,12727.0,3.0,61032.0,5607.0,3.0,61045.0
23.414513780997368,0.0,0.0,0.0,0.0,0.0,0.0,0.0,0.0,0.0,0.0,0.0,0.0,0.0,12728.0,3.0,61052.0,5608.0,3.0,61066.0
23.41457803999947,0.0,0.0,0.0,0.0,0.0,0.0,0.0,0.0,0.0,0.0,0.0,0.0,0.0,12729.0,3.0,61072.0,5609.0,3.0,61084.0
23.856433581997408,0.0,0.0,0.0,0.0,0.0,0.0,0.0,0.0,0.0,0.0,0.0,0.0,0.0,12751.0,3.0,61512.0,5631.0,3.0,61528.0
23.87060668999038,0.0,0.0,0.0,0.0,0.0,0.0,0.0,0.0,0.0,0.0,0.0,0.0,0.0,12752.0,3.0,61532.0,5632.0,3.0,61545.0
23.890364736987976,0.0,0.0,0.0,0.0,0.0,0.0,0.0,0.0,0.0,0.0,0.0,0.0,0.0,12753.0,3.0,61552.0,5633.0,3.0,61566.0
23.9093402929866,0.0,0.0,0.0,0.0,0.0,0.0,0.0,0.0,0.0,0.0,0.0,0.0,0.0,12754.0,3.0,61572.0,5634.0,3.0,61585.0
23.929102276990307,0.0,0.0,0.0,0.0,0.0,0.0,0.0,0.0,0.0,0.0,0.0,0.0,0.0,12755.0,3.0,61592.0,5635.0,3.0,61605.0
24.356411590997595,0.0,0.0,0.0,0.0,0.0,0.0,0.0,0.0,0.0,0.0,0.0,0.0,0.0,12776.0,3.0,62012.0,5646.0,3.0,62027.0
24.37007241998799,0.0,0.0,0.0,0.0,0.0,0.0,0.0,0.0,0.0,0.0,0.0,0.0,0.0,12777.0,3.0,62032.0,5647.0,3.0,62046.0
24.391284475990687,0.0,0.0,0.0,0.0,0.0,0.0,0.0,0.0,0.0,0.0,0.0,0.0,0.0,12778.0,3.0,62052.0,5648.0,3.0,62066.0
24.40933001799567,0.0,0.0,0.0,0.0,0.0,0.0,0.0,0.0,0.0,0.0,0.0,0.0,0.0,12779.0,3.0,62072.0,5649.0,3.0,62085.0
24.43131805298617,0.0,0.0,0.0,0.0,0.0,0.0,0.0,0.0,0.0,0.0,0.0,0.0,0.0,12780.0,3.0,62092.0,5650.0,3.0,62105.0
24.46226630799356,0.0,0.0,0.0,0.0,0.0,0.0,0.0,0.0,0.0,0.0,0.0,0.0,0.0,12782.0,3.0,62132.0,5651.0,3.0,62135.0
24.8668384069897,0.0,0.0,0.0,0.0,0.0,0.0,0.0,0.0,0.0,0.0,0.0,0.0,0.0,12802.0,3.0,62532.0,5671.0,3.0,62535.0
24.86893256199255,0.0,0.0,0.0,0.0,0.0,0.0,0.0,0.0,0.0,0.0,0.0,0.0,0.0,12802.0,3.0,62532.0,5672.0,3.0,62542.0
24.898744518999592,0.0,0.0,0.0,0.0,0.0,0.0,0.0,0.0,0.0,0.0,0.0,0.0,0.0,12804.0,3.0,62572.0,5673.0,3.0,62575.0
24.905281433995697,0.0,0.0,0.0,0.0,0.0,0.0,0.0,0.0,0.0,0.0,0.0,0.0,0.0,12804.0,3.0,62572.0,5674.0,3.0,62582.0
24.939346600993304,0.0,0.0,0.0,0.0,0.0,0.0,0.0,0.0,0.0,0.0,0.0,0.0,0.0,12806.0,3.0,62611.0,5675.0,3.0,62615.0
24.951158359996043,0.0,0.0,0.0,0.0,0.0,0.0,0.0,0.0,0.0,0.0,0.0,0.0,0.0,12806.0,3.0,62611.0,5676.0,3.0,62627.0
24.968706649990054,0.0,0.0,0.0,0.0,0.0,0.0,0.0,0.0,0.0,0.0,0.0,0.0,0.0,12807.0,3.0,62632.0,5677.0,3.0,62645.0
25.37728829999105,0.0,0.0,0.0,0.0,0.0,0.0,0.0,0.0,0.0,0.0,0.0,0.0,0.0,12826.0,3.0,63012.0,5696.0,3.0,63027.0
25.377479824994225,0.0,0.0,0.0,0.0,0.0,0.0,0.0,0.0,0.0,0.0,0.0,0.0,0.0,12827.0,3.0,63032.0,5697.0,3.0,63045.0
25.390768925994053,0.0,0.0,0.0,0.0,0.0,0.0,0.0,0.0,0.0,0.0,0.0,0.0,0.0,12828.0,3.0,63052.0,5698.0,3.0,63066.0
25.408165465996717,0.0,0.0,0.0,0.0,0.0,0.0,0.0,0.0,0.0,0.0,0.0,0.0,0.0,12829.0,3.0,63072.0,5699.0,3.0,63085.0
25.42971815499186,0.0,0.0,0.0,0.0,0.0,0.0,0.0,0.0,0.0,0.0,0.0,0.0,0.0,12830.0,3.0,63092.0,5700.0,3.0,63105.0
25.459574055988924,0.0,0.0,0.0,0.0,0.0,0.0,0.0,0.0,0.0,0.0,0.0,0.0,0.0,12832.0,3.0,63132.0,5701.0,3.0,63135.0
25.465469922986813,0.0,0.0,0.0,0.0,0.0,0.0,0.0,0.0,0.0,0.0,0.0,0.0,0.0,12832.0,3.0,63132.0,5702.0,3.0,63142.0
25.898260445988853,0.0,0.0,0.0,0.0,0.0,0.0,0.0,0.0,0.0,0.0,0.0,0.0,0.0,12852.0,3.0,63532.0,5721.0,3.0,63536.0
25.89845400500053,0.0,0.0,0.0,0.0,0.0,0.0,0.0,0.0,0.0,0.0,0.0,0.0,0.0,12852.0,3.0,63532.0,5722.0,3.0,63542.0
25.906904179995763,0.0,0.0,0.0,0.0,0.0,0.0,0.0,0.0,0.0,0.0,0.0,0.0,0.0,12854.0,3.0,63572.0,5723.0,3.0,63575.0
25.918430329998955,0.0,0.0,0.0,0.0,0.0,0.0,0.0,0.0,0.0,0.0,0.0,0.0,0.0,12855.0,3.0,63592.0,5724.0,3.0,63595.0
25.926184453986934,0.0,0.0,0.0,0.0,0.0,0.0,0.0,0.0,0.0,0.0,0.0,0.0,0.0,12855.0,3.0,63592.0,5725.0,3.0,63602.0
25.948951985992608,0.0,0.0,0.0,0.0,0.0,0.0,0.0,0.0,0.0,0.0,0.0,0.0,0.0,12856.0,3.0,63612.0,5726.0,3.0,63625.0
25.970031056989683,0.0,0.0,0.0,0.0,0.0,0.0,0.0,0.0,0.0,0.0,0.0,0.0,0.0,12857.0,3.0,63632.0,5727.0,3.0,63644.0
25.989089829992736,0.0,0.0,0.0,0.0,0.0,0.0,0.0,0.0,0.0,0.0,0.0,0.0,0.0,12858.0,3.0,63652.0,5728.0,3.0,63665.0
26.395920514987665,0.0,0.0,0.0,0.0,0.0,0.0,0.0,0.0,0.0,0.0,0.0,0.0,0.0,12877.0,3.0,64032.0,5736.0,3.0,64035.0
26.396456939997734,0.0,0.0,0.0,0.0,0.0,0.0,0.0,0.0,0.0,0.0,0.0,0.0,0.0,12877.0,3.0,64032.0,5737.0,3.0,64042.0
26.399936133995652,0.0,0.0,0.0,0.0,0.0,0.0,0.0,0.0,0.0,0.0,0.0,0.0,0.0,12879.0,3.0,64072.0,5738.0,3.0,64075.0
26.42113702200004,0.0,0.0,0.0,0.0,0.0,0.0,0.0,0.0,0.0,0.0,0.0,0.0,0.0,12879.0,3.0,64072.0,5739.0,3.0,64083.0
26.44014293899818,0.0,0.0,0.0,0.0,0.0,0.0,0.0,0.0,0.0,0.0,0.0,0.0,0.0,12881.0,3.0,64112.0,5740.0,3.0,64115.0
26.451889848991414,0.0,0.0,0.0,0.0,0.0,0.0,0.0,0.0,0.0,0.0,0.0,0.0,0.0,12881.0,3.0,64112.0,5741.0,3.0,64127.0
26.48569101099565,0.0,0.0,0.0,0.0,0.0,0.0,0.0,0.0,0.0,0.0,0.0,0.0,0.0,12882.0,3.0,64132.0,5742.0,3.0,64145.0
26.488462151988642,0.0,0.0,0.0,0.0,0.0,0.0,0.0,0.0,0.0,0.0,0.0,0.0,0.0,12883.0,3.0,64152.0,5743.0,3.0,64165.0
26.913525774987647,0.0,0.0,0.0,0.0,0.0,0.0,0.0,0.0,0.0,0.0,0.0,0.0,0.0,12901.0,3.0,64511.0,5761.0,3.0,64528.0
26.91377692099195,0.0,0.0,0.0,0.0,0.0,0.0,0.0,0.0,0.0,0.0,0.0,0.0,0.0,12902.0,3.0,64532.0,5762.0,3.0,64545.0
26.913844966999022,0.0,0.0,0.0,0.0,0.0,0.0,0.0,0.0,0.0,0.0,0.0,0.0,0.0,12903.0,3.0,64552.0,5763.0,3.0,64567.0
26.913907001988264,0.0,0.0,0.0,0.0,0.0,0.0,0.0,0.0,0.0,0.0,0.0,0.0,0.0,12904.0,3.0,64572.0,5764.0,3.0,64584.0
26.95196366799064,0.0,0.0,0.0,0.0,0.0,0.0,0.0,0.0,0.0,0.0,0.0,0.0,0.0,12906.0,3.0,64612.0,5766.0,3.0,64626.0
26.969156450999435,0.0,0.0,0.0,0.0,0.0,0.0,0.0,0.0,0.0,0.0,0.0,0.0,0.0,12907.0,3.0,64632.0,5767.0,3.0,64645.0
26.991551434999565,0.0,0.0,0.0,0.0,0.0,0.0,0.0,0.0,0.0,0.0,0.0,0.0,0.0,12908.0,3.0,64652.0,5768.0,3.0,64665.0
27.009353417990496,0.0,0.0,0.0,0.0,0.0,0.0,0.0,0.0,0.0,0.0,0.0,0.0,0.0,12909.0,3.0,64672.0,5769.0,3.0,64685.0
27.416297995994682,0.0,0.0,0.0,0.0,0.0,0.0,0.0,0.0,0.0,0.0,0.0,0.0,0.0,12926.0,3.0,65011.0,5786.0,3.0,65028.0
27.41645947599318,0.0,0.0,0.0,0.0,0.0,0.0,0.0,0.0,0.0,0.0,0.0,0.0,0.0,12927.0,3.0,65032.0,5787.0,3.0,65045.0
27.416527040986693,0.0,0.0,0.0,0.0,0.0,0.0,0.0,0.0,0.0,0.0,0.0,0.0,0.0,12928.0,3.0,65052.0,5788.0,3.0,65066.0
27.416587984000216,0.0,0.0,0.0,0.0,0.0,0.0,0.0,0.0,0.0,0.0,0.0,0.0,0.0,12929.0,3.0,65072.0,5789.0,3.0,65085.0
27.456449831995997,0.0,0.0,0.0,0.0,0.0,0.0,0.0,0.0,0.0,0.0,0.0,0.0,0.0,12931.0,3.0,65112.0,5791.0,3.0,65125.0
27.478629166987957,0.0,0.0,0.0,0.0,0.0,0.0,0.0,0.0,0.0,0.0,0.0,0.0,0.0,12933.0,3.0,65152.0,5792.0,3.0,65155.0
27.485918258986203,0.0,0.0,0.0,0.0,0.0,0.0,0.0,0.0,0.0,0.0,0.0,0.0,0.0,12933.0,3.0,65152.0,5793.0,3.0,65162.0
27.51909992400033,0.0,0.0,0.0,0.0,0.0,0.0,0.0,0.0,0.0,0.0,0.0,0.0,0.0,12935.0,3.0,65192.0,5794.0,3.0,65196.0
27.92858010099735,0.0,0.0,0.0,0.0,0.0,0.0,0.0,0.0,0.0,0.0,0.0,0.0,0.0,12951.0,3.0,65512.0,5811.0,3.0,65527.0
27.928749965998577,0.0,0.0,0.0,0.0,0.0,0.0,0.0,0.0,0.0,0.0,0.0,0.0,0.0,12952.0,3.0,65532.0,5812.0,4.0,9.0
27.92881923398818,0.0,0.0,0.0,0.0,0.0,0.0,0.0,0.0,0.0,0.0,0.0,0.0,0.0,12953.0,4.0,16.0,5813.0,4.0,30.0
27.928879164988757,0.0,0.0,0.0,0.0,0.0,0.0,0.0,0.0,0.0,0.0,0.0,0.0,0.0,12954.0,4.0,36.0,5814.0,4.0,49.0
27.950786745990627,0.0,0.0,0.0,0.0,0.0,0.0,0.0,0.0,0.0,0.0,0.0,0.0,0.0,12956.0,4.0,76.0,5816.0,4.0,89.0
27.968210538994754,0.0,0.0,0.0,0.0,0.0,0.0,0.0,0.0,0.0,0.0,0.0,0.0,0.0,12957.0,4.0,96.0,5817.0,4.0,109.0
27.988874872986344,0.0,0.0,0.0,0.0,0.0,0.0,0.0,0.0,0.0,0.0,0.0,0.0,0.0,12958.0,4.0,116.0,5818.0,4.0,129.0
28.0095009769866,0.0,0.0,0.0,0.0,0.0,0.0,0.0,0.0,0.0,0.0,0.0,0.0,0.0,12959.0,4.0,136.0,5819.0,4.0,149.0
28.029565878998255,0.0,0.0,0.0,0.0,0.0,0.0,0.0,0.0,0.0,0.0,0.0,0.0,0.0,12960.0,4.0,156.0,5820.0,4.0,169.0
28.434790678991703,0.0,0.0,0.0,0.0,0.0,0.0,0.0,0.0,0.0,0.0,0.0,0.0,0.0,12977.0,4.0,496.0,5826.0,4.0,499.0
28.43528797199542,0.0,0.0,0.0,0.0,0.0,0.0,0.0,0.0,0.0,0.0,0.0,0.0,0.0,12977.0,4.0,496.0,5827.0,4.0,507.0
28.435573931987165,0.0,0.0,0.0,0.0,0.0,0.0,0.0,0.0,0.0,0.0,0.0,0.0,0.0,12979.0,4.0,536.0,5828.0,4.0,539.0
28.43566125399957,0.0,0.0,0.0,0.0,0.0,0.0,0.0,0.0,0.0,0.0,0.0,0.0,0.0,12979.0,4.0,536.0,5829.0,4.0,546.0
28.440032863989472,0.0,0.0,0.0,0.0,0.0,0.0,0.0,0.0,0.0,0.0,0.0,0.0,0.0,12981.0,4.0,576.0,5830.0,4.0,579.0
28.450580191987683,0.0,0.0,0.0,0.0,0.0,0.0,0.0,0.0,0.0,0.0,0.0,0.0,0.0,12981.0,4.0,576.0,5831.0,4.0,591.0
28.468302779991063,0.0,0.0,0.0,0.0,0.0,0.0,0.0,0.0,0.0,0.0,0.0,0.0,0.0,12982.0,4.0,596.0,5832.0,4.0,609.0
28.488852392998524,0.0,0.0,0.0,0.0,0.0,0.0,0.0,0.0,0.0,0.0,0.0,0.0,0.0,12983.0,4.0,616.0,5833.0,4.0,629.0
28.50910295099311,0.0,0.0,0.0,0.0,0.0,0.0,0.0,0.0,0.0,0.0,0.0,0.0,0.0,12984.0,4.0,636.0,5834.0,4.0,649.0
28.529873243998736,0.0,0.0,0.0,0.0,0.0,0.0,0.0,0.0,0.0,0.0,0.0,0.0,0.0,12985.0,4.0,656.0,5835.0,4.0,668.0
28.561708212990197,0.0,0.0,0.0,0.0,0.0,0.0,0.0,0.0,0.0,0.0,0.0,0.0,0.0,12987.0,4.0,696.0,5836.0,4.0,699.0
28.597324737987947,0.0,0.0,0.0,0.0,0.0,0.0,0.0,0.0,0.0,0.0,0.0,0.0,0.0,12989.0,4.0,736.0,5837.0,4.0,738.0
28.61891497198667,0.0,0.0,0.0,0.0,0.0,0.0,0.0,0.0,0.0,0.0,0.0,0.0,0.0,12990.0,4.0,756.0,5838.0,4.0,759.0
28.629029385992908,0.0,0.0,0.0,0.0,0.0,0.0,0.0,0.0,0.0,0.0,0.0,0.0,0.0,12990.0,4.0,756.0,5839.0,4.0,766.0
28.663145406986587,0.0,0.0,0.0,0.0,0.0,0.0,0.0,0.0,0.0,0.0,0.0,0.0,0.0,12992.0,4.0,796.0,5840.0,4.0,799.0
28.67080836299283,0.0,0.0,0.0,0.0,0.0,0.0,0.0,0.0,0.0,0.0,0.0,0.0,0.0,12992.0,4.0,796.0,5841.0,4.0,811.0
28.688928959993063,0.0,0.0,0.0,0.0,0.0,0.0,0.0,0.0,0.0,0.0,0.0,0.0,0.0,12993.0,4.0,816.0,5842.0,4.0,829.0
28.806744137997157,0.0,0.0,0.0,0.0,0.0,0.0,0.0,0.0,0.0,0.0,0.0,0.0,0.0,12998.0,4.0,916.0,5846.0,4.0,919.0
28.80713891099731,0.0,0.0,0.0,0.0,0.0,0.0,0.0,0.0,0.0,0.0,0.0,0.0,0.0,12998.0,4.0,916.0,5847.0,4.0,926.0
28.819598665999365,0.0,0.0,0.0,0.0,0.0,0.0,0.0,0.0,0.0,0.0,0.0,0.0,0.0,13000.0,4.0,955.0,5848.0,4.0,959.0
28.825456181992195,0.0,0.0,0.0,0.0,0.0,0.0,0.0,0.0,0.0,0.0,0.0,0.0,0.0,13000.0,4.0,955.0,5849.0,4.0,966.0
28.860490566992667,0.0,0.0,0.0,0.0,0.0,0.0,0.0,0.0,0.0,0.0,0.0,0.0,0.0,13002.0,4.0,996.0,5850.0,4.0,999.0
28.877569711999968,0.0,0.0,0.0,0.0,0.0,0.0,0.0,0.0,0.0,0.0,0.0,0.0,0.0,13002.0,4.0,996.0,5851.0,4.0,1011.0
28.88978903098905,0.0,0.0,0.0,0.0,0.0,0.0,0.0,0.0,0.0,0.0,0.0,0.0,0.0,13003.0,4.0,1016.0,5852.0,4.0,1030.0
28.90922056999989,0.0,0.0,0.0,0.0,0.0,0.0,0.0,0.0,0.0,0.0,0.0,0.0,0.0,13004.0,4.0,1036.0,5853.0,4.0,1049.0
29.028770375996828,0.0,0.0,0.0,0.0,0.0,0.0,0.0,0.0,0.0,0.0,0.0,0.0,0.0,13008.0,4.0,1116.0,5856.0,4.0,1119.0
29.02916666099918,0.0,0.0,0.0,0.0,0.0,0.0,0.0,0.0,0.0,0.0,0.0,0.0,0.0,13008.0,4.0,1116.0,5857.0,4.0,1126.0
29.029236900998512,0.0,0.0,0.0,0.0,0.0,0.0,0.0,0.0,0.0,0.0,0.0,0.0,0.0,13010.0,4.0,1155.0,5858.0,4.0,1159.0
29.02929792398936,0.0,0.0,0.0,0.0,0.0,0.0,0.0,0.0,0.0,0.0,0.0,0.0,0.0,13010.0,4.0,1155.0,5859.0,4.0,1166.0
29.058297904994106,0.0,0.0,0.0,0.0,0.0,0.0,0.0,0.0,0.0,0.0,0.0,0.0,0.0,13012.0,4.0,1196.0,5860.0,4.0,1199.0
29.077860516990768,0.0,0.0,0.0,0.0,0.0,0.0,0.0,0.0,0.0,0.0,0.0,0.0,0.0,13012.0,4.0,1196.0,5861.0,4.0,1211.0
29.09181835099298,0.0,0.0,0.0,0.0,0.0,0.0,0.0,0.0,0.0,0.0,0.0,0.0,0.0,13013.0,4.0,1216.0,5862.0,4.0,1229.0
29.118659455998568,0.0,0.0,0.0,0.0,0.0,0.0,0.0,0.0,0.0,0.0,0.0,0.0,0.0,13015.0,4.0,1255.0,5863.0,4.0,1259.0
29.125315553988912,0.0,0.0,0.0,0.0,0.0,0.0,0.0,0.0,0.0,0.0,0.0,0.0,0.0,13015.0,4.0,1255.0,5864.0,4.0,1266.0
29.206624245998682,0.0,0.0,0.0,0.0,0.0,0.0,0.0,0.0,0.0,0.0,0.0,0.0,0.0,13017.0,4.0,1296.0,5866.0,4.0,1311.0
29.20702780399006,0.0,0.0,0.0,0.0,0.0,0.0,0.0,0.0,0.0,0.0,0.0,0.0,0.0,13018.0,4.0,1316.0,5867.0,4.0,1329.0
29.223196950988495,0.0,0.0,0.0,0.0,0.0,0.0,0.0,0.0,0.0,0.0,0.0,0.0,0.0,13019.0,4.0,1336.0,5868.0,4.0,1349.0
29.245258999988437,0.0,0.0,0.0,0.0,0.0,0.0,0.0,0.0,0.0,0.0,0.0,0.0,0.0,13020.0,4.0,1356.0,5869.0,4.0,1369.0
29.249155578989303,0.0,0.0,0.0,0.0,0.0,0.0,0.0,0.0,0.0,0.0,0.0,0.0,0.0,13021.0,4.0,1376.0,5870.0,4.0,1389.0
29.282795205988805,0.0,0.0,0.0,0.0,0.0,0.0,0.0,0.0,0.0,0.0,0.0,0.0,0.0,13023.0,4.0,1416.0,5871.0,4.0,1419.0
29.28650772399851,0.0,0.0,0.0,0.0,0.0,0.0,0.0,0.0,0.0,0.0,0.0,0.0,0.0,13023.0,4.0,1416.0,5872.0,4.0,1427.0
29.319556545000523,0.0,0.0,0.0,0.0,0.0,0.0,0.0,0.0,0.0,0.0,0.0,0.0,0.0,13025.0,4.0,1456.0,5873.0,4.0,1459.0
29.326272614998743,0.0,0.0,0.0,0.0,0.0,0.0,0.0,0.0,0.0,0.0,0.0,0.0,0.0,13025.0,4.0,1456.0,5874.0,4.0,1466.0
29.390368417996797,0.0,0.0,0.0,0.0,0.0,0.0,0.0,0.0,0.0,0.0,0.0,0.0,0.0,13027.0,4.0,1496.0,5876.0,4.0,1511.0
29.390808534997632,0.0,0.0,0.0,0.0,0.0,0.0,0.0,0.0,0.0,0.0,0.0,0.0,0.0,13028.0,4.0,1516.0,5877.0,4.0,1530.0
29.482421699998667,0.0,0.0,0.0,0.0,0.0,0.0,0.0,0.0,0.0,0.0,0.0,0.0,0.0,13033.0,4.0,1616.0,5881.0,4.0,1619.0
29.49860292999074,0.0,0.0,0.0,0.0,0.0,0.0,0.0,0.0,0.0,0.0,0.0,0.0,0.0,13033.0,4.0,1616.0,5882.0,4.0,1626.0
29.519783124997048,0.0,0.0,0.0,0.0,0.0,0.0,0.0,0.0,0.0,0.0,0.0,0.0,0.0,13035.0,4.0,1655.0,5883.0,4.0,1659.0
29.525662281987024,0.0,0.0,0.0,0.0,0.0,0.0,0.0,0.0,0.0,0.0,0.0,0.0,0.0,13035.0,4.0,1655.0,5884.0,4.0,1666.0
29.55971723298717,0.0,0.0,0.0,0.0,0.0,0.0,0.0,0.0,0.0,0.0,0.0,0.0,0.0,13037.0,4.0,1696.0,5885.0,4.0,1699.0
29.692841290991055,0.0,0.0,0.0,0.0,0.0,0.0,0.0,0.0,0.0,0.0,0.0,0.0,0.0,13037.0,4.0,1696.0,5886.0,4.0,1711.0
29.69298164099746,0.0,0.0,0.0,0.0,0.0,0.0,0.0,0.0,0.0,0.0,0.0,0.0,0.0,13043.0,4.0,1816.0,5891.0,4.0,1819.0
29.69798879099835,0.0,0.0,0.0,0.0,0.0,0.0,0.0,0.0,0.0,0.0,0.0,0.0,0.0,13043.0,4.0,1816.0,5892.0,4.0,1826.0
29.71882994599582,0.0,0.0,0.0,0.0,0.0,0.0,0.0,0.0,0.0,0.0,0.0,0.0,0.0,13045.0,4.0,1856.0,5893.0,4.0,1859.0
29.726535742986016,0.0,0.0,0.0,0.0,0.0,0.0,0.0,0.0,0.0,0.0,0.0,0.0,0.0,13045.0,4.0,1856.0,5894.0,4.0,1866.0
29.76115114300046,0.0,0.0,0.0,0.0,0.0,0.0,0.0,0.0,0.0,0.0,0.0,0.0,0.0,13047.0,4.0,1896.0,5895.0,4.0,1899.0
29.77170411098632,0.0,0.0,0.0,0.0,0.0,0.0,0.0,0.0,0.0,0.0,0.0,0.0,0.0,13047.0,4.0,1896.0,5896.0,4.0,1911.0
29.793274078998365,0.0,0.0,0.0,0.0,0.0,0.0,0.0,0.0,0.0,0.0,0.0,0.0,0.0,13048.0,4.0,1916.0,5897.0,4.0,1929.0
29.88502604200039,0.0,0.0,0.0,0.0,0.0,0.0,0.0,0.0,0.0,0.0,0.0,0.0,0.0,13053.0,4.0,2016.0,5901.0,4.0,2019.0
29.90484832698712,0.0,0.0,0.0,0.0,0.0,0.0,0.0,0.0,0.0,0.0,0.0,0.0,0.0,13053.0,4.0,2016.0,5902.0,4.0,2028.0
29.918830507987877,0.0,0.0,0.0,0.0,0.0,0.0,0.0,0.0,0.0,0.0,0.0,0.0,0.0,13055.0,4.0,2055.0,5903.0,4.0,2059.0
29.924888826993993,0.0,0.0,0.0,0.0,0.0,0.0,0.0,0.0,0.0,0.0,0.0,0.0,0.0,13055.0,4.0,2055.0,5904.0,4.0,2066.0
29.961073939994094,0.0,0.0,0.0,0.0,0.0,0.0,0.0,0.0,0.0,0.0,0.0,0.0,0.0,13057.0,4.0,2095.0,5905.0,4.0,2099.0
29.971510452000075,0.0,0.0,0.0,0.0,0.0,0.0,0.0,0.0,0.0,0.0,0.0,0.0,0.0,13057.0,4.0,2095.0,5906.0,4.0,2111.0
29.990844390995335,0.0,0.0,0.0,0.0,0.0,0.0,0.0,0.0,0.0,0.0,0.0,0.0,0.0,13058.0,4.0,2116.0,5907.0,4.0,2129.0
30.01055457899929,0.0,0.0,0.0,0.0,0.0,0.0,0.0,0.0,0.0,0.0,0.0,0.0,0.0,13059.0,4.0,2136.0,5908.0,4.0,2149.0
30.139316323999083,0.0,0.0,0.0,0.0,0.0,0.0,0.0,0.0,0.0,0.0,0.0,0.0,0.0,13066.0,4.0,2276.0,5911.0,4.0,2279.0
30.146813662999193,0.0,0.0,0.0,0.0,0.0,0.0,0.0,0.0,0.0,0.0,0.0,0.0,0.0,13066.0,4.0,2276.0,5912.0,4.0,2286.0
30.178758939990075,0.0,0.0,0.0,0.0,0.0,0.0,0.0,0.0,0.0,0.0,0.0,0.0,0.0,13068.0,4.0,2316.0,5913.0,4.0,2319.0
30.187090387000353,0.0,0.0,0.0,0.0,0.0,0.0,0.0,0.0,0.0,0.0,0.0,0.0,0.0,13068.0,4.0,2316.0,5914.0,4.0,2326.0
30.21923385099217,0.0,0.0,0.0,0.0,0.0,0.0,0.0,0.0,0.0,0.0,0.0,0.0,0.0,13070.0,4.0,2356.0,5915.0,4.0,2359.0
30.230324235992157,0.0,0.0,0.0,0.0,0.0,0.0,0.0,0.0,0.0,0.0,0.0,0.0,0.0,13070.0,4.0,2356.0,5916.0,4.0,2371.0
30.346578257987858,0.0,0.0,0.0,0.0,0.0,0.0,0.0,0.0,0.0,0.0,0.0,0.0,0.0,13076.0,4.0,2476.0,5921.0,4.0,2479.0
30.34705550399667,0.0,0.0,0.0,0.0,0.0,0.0,0.0,0.0,0.0,0.0,0.0,0.0,0.0,13076.0,4.0,2476.0,5922.0,4.0,2486.0
30.378772959986236,0.0,0.0,0.0,0.0,0.0,0.0,0.0,0.0,0.0,0.0,0.0,0.0,0.0,13078.0,4.0,2516.0,5923.0,4.0,2519.0
30.387810456988518,0.0,0.0,0.0,0.0,0.0,0.0,0.0,0.0,0.0,0.0,0.0,0.0,0.0,13078.0,4.0,2516.0,5924.0,4.0,2526.0
30.421991824987344,0.0,0.0,0.0,0.0,0.0,0.0,0.0,0.0,0.0,0.0,0.0,0.0,0.0,13080.0,4.0,2556.0,5925.0,4.0,2559.0
30.43073266198917,0.0,0.0,0.0,0.0,0.0,0.0,0.0,0.0,0.0,0.0,0.0,0.0,0.0,13080.0,4.0,2556.0,5926.0,4.0,2571.0
30.44894126500003,0.0,0.0,0.0,0.0,0.0,0.0,0.0,0.0,0.0,0.0,0.0,0.0,0.0,13081.0,4.0,2576.0,5927.0,4.0,2589.0
30.568707850994542,0.0,0.0,0.0,0.0,0.0,0.0,0.0,0.0,0.0,0.0,0.0,0.0,0.0,13086.0,4.0,2676.0,5931.0,4.0,2679.0
30.56911036800011,0.0,0.0,0.0,0.0,0.0,0.0,0.0,0.0,0.0,0.0,0.0,0.0,0.0,13086.0,4.0,2676.0,5932.0,4.0,2686.0
30.579633731991635,0.0,0.0,0.0,0.0,0.0,0.0,0.0,0.0,0.0,0.0,0.0,0.0,0.0,13088.0,4.0,2716.0,5933.0,4.0,2719.0
30.585352752998006,0.0,0.0,0.0,0.0,0.0,0.0,0.0,0.0,0.0,0.0,0.0,0.0,0.0,13088.0,4.0,2716.0,5934.0,4.0,2726.0
30.61932319898915,0.0,0.0,0.0,0.0,0.0,0.0,0.0,0.0,0.0,0.0,0.0,0.0,0.0,13090.0,4.0,2755.0,5935.0,4.0,2759.0
30.63109825599531,0.0,0.0,0.0,0.0,0.0,0.0,0.0,0.0,0.0,0.0,0.0,0.0,0.0,13090.0,4.0,2755.0,5936.0,4.0,2771.0
30.64992538599472,0.0,0.0,0.0,0.0,0.0,0.0,0.0,0.0,0.0,0.0,0.0,0.0,0.0,13091.0,4.0,2776.0,5937.0,4.0,2789.0
30.66879815098946,0.0,0.0,0.0,0.0,0.0,0.0,0.0,0.0,0.0,0.0,0.0,0.0,0.0,13092.0,4.0,2796.0,5938.0,4.0,2809.0
30.786889468989102,0.0,0.0,0.0,0.0,0.0,0.0,0.0,0.0,0.0,0.0,0.0,0.0,0.0,13096.0,4.0,2876.0,5941.0,4.0,2879.0
30.787175359990215,0.0,0.0,0.0,0.0,0.0,0.0,0.0,0.0,0.0,0.0,0.0,0.0,0.0,13096.0,4.0,2876.0,5942.0,4.0,2886.0
30.787243756989483,0.0,0.0,0.0,0.0,0.0,0.0,0.0,0.0,0.0,0.0,0.0,0.0,0.0,13098.0,4.0,2915.0,5943.0,4.0,2919.0
30.78730314699351,0.0,0.0,0.0,0.0,0.0,0.0,0.0,0.0,0.0,0.0,0.0,0.0,0.0,13098.0,4.0,2915.0,5944.0,4.0,2927.0
30.81994813399797,0.0,0.0,0.0,0.0,0.0,0.0,0.0,0.0,0.0,0.0,0.0,0.0,0.0,13100.0,4.0,2955.0,5945.0,4.0,2959.0
30.83708802399633,0.0,0.0,0.0,0.0,0.0,0.0,0.0,0.0,0.0,0.0,0.0,0.0,0.0,13100.0,4.0,2955.0,5946.0,4.0,2970.0
30.848967744997935,0.0,0.0,0.0,0.0,0.0,0.0,0.0,0.0,0.0,0.0,0.0,0.0,0.0,13101.0,4.0,2976.0,5947.0,4.0,2989.0
30.86886147399491,0.0,0.0,0.0,0.0,0.0,0.0,0.0,0.0,0.0,0.0,0.0,0.0,0.0,13102.0,4.0,2996.0,5948.0,4.0,3009.0
30.89164447398798,0.0,0.0,0.0,0.0,0.0,0.0,0.0,0.0,0.0,0.0,0.0,0.0,0.0,13103.0,4.0,3016.0,5949.0,4.0,3030.0
31.005942594987573,0.0,0.0,0.0,0.0,0.0,0.0,0.0,0.0,0.0,0.0,0.0,0.0,0.0,13106.0,4.0,3076.0,5951.0,4.0,3079.0
31.006047578994185,0.0,0.0,0.0,0.0,0.0,0.0,0.0,0.0,0.0,0.0,0.0,0.0,0.0,13106.0,4.0,3076.0,5952.0,4.0,3086.0
31.006114843999967,0.0,0.0,0.0,0.0,0.0,0.0,0.0,0.0,0.0,0.0,0.0,0.0,0.0,13108.0,4.0,3115.0,5953.0,4.0,3119.0
31.006173782996484,0.0,0.0,0.0,0.0,0.0,0.0,0.0,0.0,0.0,0.0,0.0,0.0,0.0,13108.0,4.0,3115.0,5954.0,4.0,3126.0
31.018077187996823,0.0,0.0,0.0,0.0,0.0,0.0,0.0,0.0,0.0,0.0,0.0,0.0,0.0,13110.0,4.0,3155.0,5955.0,4.0,3159.0
31.030449863988906,0.0,0.0,0.0,0.0,0.0,0.0,0.0,0.0,0.0,0.0,0.0,0.0,0.0,13110.0,4.0,3155.0,5956.0,4.0,3171.0
31.049396735994378,0.0,0.0,0.0,0.0,0.0,0.0,0.0,0.0,0.0,0.0,0.0,0.0,0.0,13111.0,4.0,3176.0,5957.0,4.0,3189.0
31.068692736997036,0.0,0.0,0.0,0.0,0.0,0.0,0.0,0.0,0.0,0.0,0.0,0.0,0.0,13112.0,4.0,3196.0,5958.0,4.0,3209.0
31.091514788990025,0.0,0.0,0.0,0.0,0.0,0.0,0.0,0.0,0.0,0.0,0.0,0.0,0.0,13113.0,4.0,3216.0,5959.0,4.0,3228.0
31.463804657993023,0.0,0.0,0.0,0.0,0.0,0.0,0.0,0.0,0.0,0.0,0.0,0.0,0.0,13131.0,4.0,3576.0,5976.0,4.0,3579.0
31.463994038989767,0.0,0.0,0.0,0.0,0.0,0.0,0.0,0.0,0.0,0.0,0.0,0.0,0.0,13131.0,4.0,3576.0,5977.0,4.0,3586.0
31.478365694987588,0.0,0.0,0.0,0.0,0.0,0.0,0.0,0.0,0.0,0.0,0.0,0.0,0.0,13133.0,4.0,3615.0,5978.0,4.0,3619.0
31.485797633999027,0.0,0.0,0.0,0.0,0.0,0.0,0.0,0.0,0.0,0.0,0.0,0.0,0.0,13133.0,4.0,3615.0,5979.0,4.0,3626.0
31.52050526998937,0.0,0.0,0.0,0.0,0.0,0.0,0.0,0.0,0.0,0.0,0.0,0.0,0.0,13135.0,4.0,3656.0,5980.0,4.0,3659.0
31.533085521994508,0.0,0.0,0.0,0.0,0.0,0.0,0.0,0.0,0.0,0.0,0.0,0.0,0.0,13135.0,4.0,3656.0,5981.0,4.0,3671.0
31.55118887098797,0.0,0.0,0.0,0.0,0.0,0.0,0.0,0.0,0.0,0.0,0.0,0.0,0.0,13136.0,4.0,3676.0,5982.0,4.0,3689.0
31.667102035993594,0.0,0.0,0.0,0.0,0.0,0.0,0.0,0.0,0.0,0.0,0.0,0.0,0.0,13140.0,4.0,3756.0,5986.0,4.0,3771.0
31.66730079498666,0.0,0.0,0.0,0.0,0.0,0.0,0.0,0.0,0.0,0.0,0.0,0.0,0.0,13141.0,4.0,3776.0,5987.0,4.0,3789.0
31.66850665200036,0.0,0.0,0.0,0.0,0.0,0.0,0.0,0.0,0.0,0.0,0.0,0.0,0.0,13142.0,4.0,3796.0,5988.0,4.0,3809.0
31.688442240993027,0.0,0.0,0.0,0.0,0.0,0.0,0.0,0.0,0.0,0.0,0.0,0.0,0.0,13143.0,4.0,3816.0,5989.0,4.0,3829.0
31.74074132599344,0.0,0.0,0.0,0.0,0.0,0.0,0.0,0.0,0.0,0.0,0.0,0.0,0.0,13146.0,4.0,3876.0,5991.0,4.0,3879.0
31.746434649990988,0.0,0.0,0.0,0.0,0.0,0.0,0.0,0.0,0.0,0.0,0.0,0.0,0.0,13146.0,4.0,3876.0,5992.0,4.0,3886.0
31.886108319988125,0.0,0.0,0.0,0.0,0.0,0.0,0.0,0.0,0.0,0.0,0.0,0.0,0.0,13150.0,4.0,3956.0,5996.0,4.0,3971.0
31.886226489994442,0.0,0.0,0.0,0.0,0.0,0.0,0.0,0.0,0.0,0.0,0.0,0.0,0.0,13151.0,4.0,3976.0,5997.0,4.0,3989.0
31.886294004987576,0.0,0.0,0.0,0.0,0.0,0.0,0.0,0.0,0.0,0.0,0.0,0.0,0.0,13152.0,4.0,3996.0,5998.0,4.0,4009.0
31.89026162699156,0.0,0.0,0.0,0.0,0.0,0.0,0.0,0.0,0.0,0.0,0.0,0.0,0.0,13153.0,4.0,4016.0,5999.0,4.0,4030.0
31.909497075990657,0.0,0.0,0.0,0.0,0.0,0.0,0.0,0.0,0.0,0.0,0.0,0.0,0.0,13154.0,4.0,4036.0,6000.0,4.0,4048.0
31.940417936988524,0.0,0.0,0.0,0.0,0.0,0.0,0.0,0.0,0.0,0.0,0.0,0.0,0.0,13156.0,4.0,4076.0,6001.0,4.0,4079.0
31.94590859398886,0.0,0.0,0.0,0.0,0.0,0.0,0.0,0.0,0.0,0.0,0.0,0.0,0.0,13156.0,4.0,4076.0,6002.0,4.0,4086.0
31.979313623989583,0.0,0.0,0.0,0.0,0.0,0.0,0.0,0.0,0.0,0.0,0.0,0.0,0.0,13158.0,4.0,4115.0,6003.0,4.0,4119.0
31.985453595989384,0.0,0.0,0.0,0.0,0.0,0.0,0.0,0.0,0.0,0.0,0.0,0.0,0.0,13158.0,4.0,4115.0,6004.0,4.0,4126.0
32.10851182798797,0.0,0.0,0.0,0.0,0.0,0.0,0.0,0.0,0.0,0.0,0.0,0.0,0.0,13160.0,4.0,4156.0,6006.0,4.0,4171.0
32.108688926993636,0.0,0.0,0.0,0.0,0.0,0.0,0.0,0.0,0.0,0.0,0.0,0.0,0.0,13161.0,4.0,4176.0,6007.0,4.0,4189.0
32.10875842599489,0.0,0.0,0.0,0.0,0.0,0.0,0.0,0.0,0.0,0.0,0.0,0.0,0.0,13162.0,4.0,4196.0,6008.0,4.0,4209.0
32.12251086199831,0.0,0.0,0.0,0.0,0.0,0.0,0.0,0.0,0.0,0.0,0.0,0.0,0.0,13165.0,4.0,4256.0,6009.0,4.0,4263.0
32.12805168298655,0.0,0.0,0.0,0.0,0.0,0.0,0.0,0.0,0.0,0.0,0.0,0.0,0.0,13165.0,4.0,4256.0,6010.0,4.0,4269.0
32.16086412299774,0.0,0.0,0.0,0.0,0.0,0.0,0.0,0.0,0.0,0.0,0.0,0.0,0.0,13167.0,4.0,4296.0,6011.0,4.0,4299.0
32.16891179399681,0.0,0.0,0.0,0.0,0.0,0.0,0.0,0.0,0.0,0.0,0.0,0.0,0.0,13167.0,4.0,4296.0,6012.0,4.0,4306.0
32.19981396998628,0.0,0.0,0.0,0.0,0.0,0.0,0.0,0.0,0.0,0.0,0.0,0.0,0.0,13169.0,4.0,4336.0,6013.0,4.0,4339.0
32.20724831399275,0.0,0.0,0.0,0.0,0.0,0.0,0.0,0.0,0.0,0.0,0.0,0.0,0.0,13169.0,4.0,4336.0,6014.0,4.0,4346.0
32.32943100199918,0.0,0.0,0.0,0.0,0.0,0.0,0.0,0.0,0.0,0.0,0.0,0.0,0.0,13171.0,4.0,4376.0,6016.0,4.0,4391.0
32.32985763398756,0.0,0.0,0.0,0.0,0.0,0.0,0.0,0.0,0.0,0.0,0.0,0.0,0.0,13172.0,4.0,4396.0,6017.0,4.0,4409.0
32.32993936499406,0.0,0.0,0.0,0.0,0.0,0.0,0.0,0.0,0.0,0.0,0.0,0.0,0.0,13173.0,4.0,4416.0,6018.0,4.0,4429.0
32.33001173999219,0.0,0.0,0.0,0.0,0.0,0.0,0.0,0.0,0.0,0.0,0.0,0.0,0.0,13174.0,4.0,4436.0,6019.0,4.0,4449.0
32.331564680993324,0.0,0.0,0.0,0.0,0.0,0.0,0.0,0.0,0.0,0.0,0.0,0.0,0.0,13175.0,4.0,4456.0,6020.0,4.0,4469.0
32.35940578998998,0.0,0.0,0.0,0.0,0.0,0.0,0.0,0.0,0.0,0.0,0.0,0.0,0.0,13177.0,4.0,4496.0,6021.0,4.0,4499.0
32.3684155769879,0.0,0.0,0.0,0.0,0.0,0.0,0.0,0.0,0.0,0.0,0.0,0.0,0.0,13177.0,4.0,4496.0,6022.0,4.0,4506.0
32.40023235300032,0.0,0.0,0.0,0.0,0.0,0.0,0.0,0.0,0.0,0.0,0.0,0.0,0.0,13179.0,4.0,4536.0,6023.0,4.0,4539.0
32.40509666799335,0.0,0.0,0.0,0.0,0.0,0.0,0.0,0.0,0.0,0.0,0.0,0.0,0.0,13179.0,4.0,4536.0,6024.0,4.0,4546.0
32.522503813990625,0.0,0.0,0.0,0.0,0.0,0.0,0.0,0.0,0.0,0.0,0.0,0.0,0.0,13181.0,4.0,4576.0,6026.0,4.0,4591.0
32.522939081987715,0.0,0.0,0.0,0.0,0.0,0.0,0.0,0.0,0.0,0.0,0.0,0.0,0.0,13182.0,4.0,4596.0,6027.0,4.0,4609.0
32.52321977299289,0.0,0.0,0.0,0.0,0.0,0.0,0.0,0.0,0.0,0.0,0.0,0.0,0.0,13183.0,4.0,4616.0,6028.0,4.0,4629.0
32.52328092599055,0.0,0.0,0.0,0.0,0.0,0.0,0.0,0.0,0.0,0.0,0.0,0.0,0.0,13184.0,4.0,4636.0,6029.0,4.0,4649.0
32.56084978400031,0.0,0.0,0.0,0.0,0.0,0.0,0.0,0.0,0.0,0.0,0.0,0.0,0.0,13187.0,4.0,4696.0,6031.0,4.0,4699.0
32.566595985990716,0.0,0.0,0.0,0.0,0.0,0.0,0.0,0.0,0.0,0.0,0.0,0.0,0.0,13187.0,4.0,4696.0,6032.0,4.0,4706.0
32.59975201598718,0.0,0.0,0.0,0.0,0.0,0.0,0.0,0.0,0.0,0.0,0.0,0.0,0.0,13189.0,4.0,4736.0,6033.0,4.0,4739.0
32.60568127798615,0.0,0.0,0.0,0.0,0.0,0.0,0.0,0.0,0.0,0.0,0.0,0.0,0.0,13189.0,4.0,4736.0,6034.0,4.0,4746.0
32.6387427229929,0.0,0.0,0.0,0.0,0.0,0.0,0.0,0.0,0.0,0.0,0.0,0.0,0.0,13191.0,4.0,4776.0,6035.0,4.0,4779.0
32.76603935899038,0.0,0.0,0.0,0.0,0.0,0.0,0.0,0.0,0.0,0.0,0.0,0.0,0.0,13191.0,4.0,4776.0,6036.0,4.0,4791.0
32.76622256900009,0.0,0.0,0.0,0.0,0.0,0.0,0.0,0.0,0.0,0.0,0.0,0.0,0.0,13197.0,4.0,4896.0,6041.0,4.0,4899.0
32.76629116598633,0.0,0.0,0.0,0.0,0.0,0.0,0.0,0.0,0.0,0.0,0.0,0.0,0.0,13197.0,4.0,4896.0,6042.0,4.0,4906.0
32.798591658996884,0.0,0.0,0.0,0.0,0.0,0.0,0.0,0.0,0.0,0.0,0.0,0.0,0.0,13199.0,4.0,4935.0,6043.0,4.0,4939.0
32.80681607899896,0.0,0.0,0.0,0.0,0.0,0.0,0.0,0.0,0.0,0.0,0.0,0.0,0.0,13199.0,4.0,4935.0,6044.0,4.0,4946.0
32.838637983993976,0.0,0.0,0.0,0.0,0.0,0.0,0.0,0.0,0.0,0.0,0.0,0.0,0.0,13201.0,4.0,4976.0,6045.0,4.0,4979.0
32.85075562799466,0.0,0.0,0.0,0.0,0.0,0.0,0.0,0.0,0.0,0.0,0.0,0.0,0.0,13201.0,4.0,4976.0,6046.0,4.0,4991.0
32.869952847991954,0.0,0.0,0.0,0.0,0.0,0.0,0.0,0.0,0.0,0.0,0.0,0.0,0.0,13202.0,4.0,4996.0,6047.0,4.0,5009.0
32.98667338999803,0.0,0.0,0.0,0.0,0.0,0.0,0.0,0.0,0.0,0.0,0.0,0.0,0.0,13207.0,4.0,5096.0,6051.0,4.0,5099.0
32.98715218799771,0.0,0.0,0.0,0.0,0.0,0.0,0.0,0.0,0.0,0.0,0.0,0.0,0.0,13207.0,4.0,5096.0,6052.0,4.0,5106.0
32.99846763399546,0.0,0.0,0.0,0.0,0.0,0.0,0.0,0.0,0.0,0.0,0.0,0.0,0.0,13209.0,4.0,5136.0,6053.0,4.0,5139.0
33.00533860299038,0.0,0.0,0.0,0.0,0.0,0.0,0.0,0.0,0.0,0.0,0.0,0.0,0.0,13209.0,4.0,5136.0,6054.0,4.0,5146.0
33.039043581986334,0.0,0.0,0.0,0.0,0.0,0.0,0.0,0.0,0.0,0.0,0.0,0.0,0.0,13211.0,4.0,5176.0,6055.0,4.0,5179.0
33.05018891199143,0.0,0.0,0.0,0.0,0.0,0.0,0.0,0.0,0.0,0.0,0.0,0.0,0.0,13211.0,4.0,5176.0,6056.0,4.0,5191.0
33.082250740990276,0.0,0.0,0.0,0.0,0.0,0.0,0.0,0.0,0.0,0.0,0.0,0.0,0.0,13212.0,4.0,5196.0,6057.0,4.0,5209.0
33.209092523989966,0.0,0.0,0.0,0.0,0.0,0.0,0.0,0.0,0.0,0.0,0.0,0.0,0.0,13216.0,4.0,5276.0,6061.0,4.0,5290.0
33.20940586499637,0.0,0.0,0.0,0.0,0.0,0.0,0.0,0.0,0.0,0.0,0.0,0.0,0.0,13217.0,4.0,5296.0,6062.0,4.0,5309.0
33.20949485999881,0.0,0.0,0.0,0.0,0.0,0.0,0.0,0.0,0.0,0.0,0.0,0.0,0.0,13218.0,4.0,5316.0,6063.0,4.0,5329.0
33.2095593099948,0.0,0.0,0.0,0.0,0.0,0.0,0.0,0.0,0.0,0.0,0.0,0.0,0.0,13219.0,4.0,5336.0,6064.0,4.0,5349.0
33.228375652994146,0.0,0.0,0.0,0.0,0.0,0.0,0.0,0.0,0.0,0.0,0.0,0.0,0.0,13220.0,4.0,5356.0,6065.0,4.0,5369.0
33.262327228992945,0.0,0.0,0.0,0.0,0.0,0.0,0.0,0.0,0.0,0.0,0.0,0.0,0.0,13222.0,4.0,5396.0,6066.0,4.0,5399.0
33.26518874899193,0.0,0.0,0.0,0.0,0.0,0.0,0.0,0.0,0.0,0.0,0.0,0.0,0.0,13222.0,4.0,5396.0,6067.0,4.0,5406.0
33.29909375899297,0.0,0.0,0.0,0.0,0.0,0.0,0.0,0.0,0.0,0.0,0.0,0.0,0.0,13224.0,4.0,5436.0,6068.0,4.0,5439.0
33.30562818299222,0.0,0.0,0.0,0.0,0.0,0.0,0.0,0.0,0.0,0.0,0.0,0.0,0.0,13224.0,4.0,5436.0,6069.0,4.0,5446.0
33.42887888899713,0.0,0.0,0.0,0.0,0.0,0.0,0.0,0.0,0.0,0.0,0.0,0.0,0.0,13226.0,4.0,5475.0,6071.0,4.0,5491.0
33.429413440986536,0.0,0.0,0.0,0.0,0.0,0.0,0.0,0.0,0.0,0.0,0.0,0.0,0.0,13227.0,4.0,5496.0,6072.0,4.0,5509.0
33.42952468799194,0.0,0.0,0.0,0.0,0.0,0.0,0.0,0.0,0.0,0.0,0.0,0.0,0.0,13228.0,4.0,5516.0,6073.0,4.0,5530.0
33.42958429799182,0.0,0.0,0.0,0.0,0.0,0.0,0.0,0.0,0.0,0.0,0.0,0.0,0.0,13229.0,4.0,5536.0,6074.0,4.0,5549.0
33.429641553986585,0.0,0.0,0.0,0.0,0.0,0.0,0.0,0.0,0.0,0.0,0.0,0.0,0.0,13230.0,4.0,5556.0,6075.0,4.0,5569.0
33.45966266999312,0.0,0.0,0.0,0.0,0.0,0.0,0.0,0.0,0.0,0.0,0.0,0.0,0.0,13232.0,4.0,5596.0,6076.0,4.0,5599.0
33.4661469119892,0.0,0.0,0.0,0.0,0.0,0.0,0.0,0.0,0.0,0.0,0.0,0.0,0.0,13232.0,4.0,5596.0,6077.0,4.0,5606.0
33.50043142899813,0.0,0.0,0.0,0.0,0.0,0.0,0.0,0.0,0.0,0.0,0.0,0.0,0.0,13234.0,4.0,5636.0,6078.0,4.0,5639.0
33.50576201999502,0.0,0.0,0.0,0.0,0.0,0.0,0.0,0.0,0.0,0.0,0.0,0.0,0.0,13234.0,4.0,5636.0,6079.0,4.0,5646.0
33.6521870289871,0.0,0.0,0.0,0.0,0.0,0.0,0.0,0.0,0.0,0.0,0.0,0.0,0.0,13241.0,4.0,5776.0,6086.0,4.0,5788.0
33.69685021399346,0.0,0.0,0.0,0.0,0.0,0.0,0.0,0.0,0.0,0.0,0.0,0.0,0.0,13243.0,4.0,5816.0,6087.0,4.0,5819.0
33.697322058986174,0.0,0.0,0.0,0.0,0.0,0.0,0.0,0.0,0.0,0.0,0.0,0.0,0.0,13243.0,4.0,5816.0,6088.0,4.0,5826.0
33.72211435298959,0.0,0.0,0.0,0.0,0.0,0.0,0.0,0.0,0.0,0.0,0.0,0.0,0.0,13245.0,4.0,5856.0,6089.0,4.0,5859.0
33.72548556799302,0.0,0.0,0.0,0.0,0.0,0.0,0.0,0.0,0.0,0.0,0.0,0.0,0.0,13245.0,4.0,5856.0,6090.0,4.0,5866.0
33.76124368899036,0.0,0.0,0.0,0.0,0.0,0.0,0.0,0.0,0.0,0.0,0.0,0.0,0.0,13246.0,4.0,5876.0,6091.0,4.0,5889.0
33.86669941699074,0.0,0.0,0.0,0.0,0.0,0.0,0.0,0.0,0.0,0.0,0.0,0.0,0.0,13251.0,4.0,5976.0,6096.0,4.0,5989.0
33.868319322995376,0.0,0.0,0.0,0.0,0.0,0.0,0.0,0.0,0.0,0.0,0.0,0.0,0.0,13252.0,4.0,5996.0,6097.0,4.0,6009.0
33.89055102599377,0.0,0.0,0.0,0.0,0.0,0.0,0.0,0.0,0.0,0.0,0.0,0.0,0.0,13253.0,4.0,6016.0,6098.0,4.0,6030.0
33.90819355199346,0.0,0.0,0.0,0.0,0.0,0.0,0.0,0.0,0.0,0.0,0.0,0.0,0.0,13254.0,4.0,6036.0,6099.0,4.0,6049.0
33.9298312819883,0.0,0.0,0.0,0.0,0.0,0.0,0.0,0.0,0.0,0.0,0.0,0.0,0.0,13255.0,4.0,6056.0,6100.0,4.0,6069.0
33.95847682499152,0.0,0.0,0.0,0.0,0.0,0.0,0.0,0.0,0.0,0.0,0.0,0.0,0.0,13257.0,4.0,6096.0,6101.0,4.0,6099.0
33.965622453994,0.0,0.0,0.0,0.0,0.0,0.0,0.0,0.0,0.0,0.0,0.0,0.0,0.0,13257.0,4.0,6096.0,6102.0,4.0,6106.0
34.087501496993355,0.0,0.0,0.0,0.0,0.0,0.0,0.0,0.0,0.0,0.0,0.0,0.0,0.0,13261.0,4.0,6176.0,6106.0,4.0,6191.0
34.08760526998958,0.0,0.0,0.0,0.0,0.0,0.0,0.0,0.0,0.0,0.0,0.0,0.0,0.0,13262.0,4.0,6196.0,6107.0,4.0,6209.0
34.098299052988295,0.0,0.0,0.0,0.0,0.0,0.0,0.0,0.0,0.0,0.0,0.0,0.0,0.0,13264.0,4.0,6236.0,6108.0,4.0,6239.0
34.11005627899431,0.0,0.0,0.0,0.0,0.0,0.0,0.0,0.0,0.0,0.0,0.0,0.0,0.0,13264.0,4.0,6236.0,6109.0,4.0,6245.0
34.139592614999856,0.0,0.0,0.0,0.0,0.0,0.0,0.0,0.0,0.0,0.0,0.0,0.0,0.0,13266.0,4.0,6276.0,6110.0,4.0,6279.0
34.1497509139881,0.0,0.0,0.0,0.0,0.0,0.0,0.0,0.0,0.0,0.0,0.0,0.0,0.0,13266.0,4.0,6276.0,6111.0,4.0,6291.0
34.16983797699504,0.0,0.0,0.0,0.0,0.0,0.0,0.0,0.0,0.0,0.0,0.0,0.0,0.0,13267.0,4.0,6296.0,6112.0,4.0,6309.0
34.60152638699219,0.0,0.0,0.0,0.0,0.0,0.0,0.0,0.0,0.0,0.0,0.0,0.0,0.0,13286.0,4.0,6676.0,6131.0,4.0,6691.0
34.60187301998667,0.0,0.0,0.0,0.0,0.0,0.0,0.0,0.0,0.0,0.0,0.0,0.0,0.0,13287.0,4.0,6696.0,6132.0,4.0,6709.0
34.605230189990834,0.0,0.0,0.0,0.0,0.0,0.0,0.0,0.0,0.0,0.0,0.0,0.0,0.0,13289.0,4.0,6736.0,6133.0,4.0,6739.0
34.60806595199392,0.0,0.0,0.0,0.0,0.0,0.0,0.0,0.0,0.0,0.0,0.0,0.0,0.0,13289.0,4.0,6736.0,6134.0,4.0,6746.0
34.64028633099224,0.0,0.0,0.0,0.0,0.0,0.0,0.0,0.0,0.0,0.0,0.0,0.0,0.0,13291.0,4.0,6775.0,6135.0,4.0,6779.0
34.650896759994794,0.0,0.0,0.0,0.0,0.0,0.0,0.0,0.0,0.0,0.0,0.0,0.0,0.0,13291.0,4.0,6775.0,6136.0,4.0,6791.0
34.670760228997096,0.0,0.0,0.0,0.0,0.0,0.0,0.0,0.0,0.0,0.0,0.0,0.0,0.0,13292.0,4.0,6796.0,6137.0,4.0,6809.0
34.6882164819981,0.0,0.0,0.0,0.0,0.0,0.0,0.0,0.0,0.0,0.0,0.0,0.0,0.0,13293.0,4.0,6816.0,6138.0,4.0,6829.0
35.11443207800039,0.0,0.0,0.0,0.0,0.0,0.0,0.0,0.0,0.0,0.0,0.0,0.0,0.0,13311.0,4.0,7176.0,6156.0,4.0,7191.0
35.11487422899518,0.0,0.0,0.0,0.0,0.0,0.0,0.0,0.0,0.0,0.0,0.0,0.0,0.0,13312.0,4.0,7196.0,6157.0,4.0,7209.0
35.115141003989265,0.0,0.0,0.0,0.0,0.0,0.0,0.0,0.0,0.0,0.0,0.0,0.0,0.0,13313.0,4.0,7216.0,6158.0,4.0,7229.0
35.11521095399803,0.0,0.0,0.0,0.0,0.0,0.0,0.0,0.0,0.0,0.0,0.0,0.0,0.0,13314.0,4.0,7236.0,6159.0,4.0,7249.0
35.139067411990254,0.0,0.0,0.0,0.0,0.0,0.0,0.0,0.0,0.0,0.0,0.0,0.0,0.0,13316.0,4.0,7276.0,6160.0,4.0,7279.0
35.1501861949946,0.0,0.0,0.0,0.0,0.0,0.0,0.0,0.0,0.0,0.0,0.0,0.0,0.0,13316.0,4.0,7276.0,6161.0,4.0,7291.0
35.167949225986376,0.0,0.0,0.0,0.0,0.0,0.0,0.0,0.0,0.0,0.0,0.0,0.0,0.0,13317.0,4.0,7296.0,6162.0,4.0,7309.0
35.19008851799299,0.0,0.0,0.0,0.0,0.0,0.0,0.0,0.0,0.0,0.0,0.0,0.0,0.0,13318.0,4.0,7316.0,6163.0,4.0,7329.0
35.208423210991896,0.0,0.0,0.0,0.0,0.0,0.0,0.0,0.0,0.0,0.0,0.0,0.0,0.0,13319.0,4.0,7336.0,6164.0,4.0,7349.0
35.61917916199309,0.0,0.0,0.0,0.0,0.0,0.0,0.0,0.0,0.0,0.0,0.0,0.0,0.0,13336.0,4.0,7676.0,6181.0,4.0,7690.0
35.61934291599027,0.0,0.0,0.0,0.0,0.0,0.0,0.0,0.0,0.0,0.0,0.0,0.0,0.0,13337.0,4.0,7696.0,6182.0,4.0,7709.0
35.619411903986474,0.0,0.0,0.0,0.0,0.0,0.0,0.0,0.0,0.0,0.0,0.0,0.0,0.0,13338.0,4.0,7716.0,6183.0,4.0,7729.0
35.61947296699509,0.0,0.0,0.0,0.0,0.0,0.0,0.0,0.0,0.0,0.0,0.0,0.0,0.0,13339.0,4.0,7736.0,6184.0,4.0,7749.0
35.633939221996116,0.0,0.0,0.0,0.0,0.0,0.0,0.0,0.0,0.0,0.0,0.0,0.0,0.0,13340.0,4.0,7756.0,6185.0,4.0,7768.0
35.65871651099587,0.0,0.0,0.0,0.0,0.0,0.0,0.0,0.0,0.0,0.0,0.0,0.0,0.0,13342.0,4.0,7796.0,6186.0,4.0,7799.0
35.66441412399581,0.0,0.0,0.0,0.0,0.0,0.0,0.0,0.0,0.0,0.0,0.0,0.0,0.0,13342.0,4.0,7796.0,6187.0,4.0,7806.0
35.69859941198956,0.0,0.0,0.0,0.0,0.0,0.0,0.0,0.0,0.0,0.0,0.0,0.0,0.0,13344.0,4.0,7836.0,6188.0,4.0,7839.0
35.706152407990885,0.0,0.0,0.0,0.0,0.0,0.0,0.0,0.0,0.0,0.0,0.0,0.0,0.0,13344.0,4.0,7836.0,6189.0,4.0,7846.0
36.129825006995816,0.0,0.0,0.0,0.0,0.0,0.0,0.0,0.0,0.0,0.0,0.0,0.0,0.0,13362.0,4.0,8196.0,6206.0,4.0,8199.0
36.130155159989954,0.0,0.0,0.0,0.0,0.0,0.0,0.0,0.0,0.0,0.0,0.0,0.0,0.0,13362.0,4.0,8196.0,6207.0,4.0,8206.0
36.14295237799524,0.0,0.0,0.0,0.0,0.0,0.0,0.0,0.0,0.0,0.0,0.0,0.0,0.0,13366.0,4.0,8276.0,6208.0,4.0,8281.0
36.14689467399148,0.0,0.0,0.0,0.0,0.0,0.0,0.0,0.0,0.0,0.0,0.0,0.0,0.0,13366.0,4.0,8276.0,6209.0,4.0,8288.0
36.18048649998673,0.0,0.0,0.0,0.0,0.0,0.0,0.0,0.0,0.0,0.0,0.0,0.0,0.0,13368.0,4.0,8316.0,6210.0,4.0,8319.0
36.191171217986266,0.0,0.0,0.0,0.0,0.0,0.0,0.0,0.0,0.0,0.0,0.0,0.0,0.0,13368.0,4.0,8316.0,6211.0,4.0,8331.0
36.20857788898866,0.0,0.0,0.0,0.0,0.0,0.0,0.0,0.0,0.0,0.0,0.0,0.0,0.0,13369.0,4.0,8336.0,6212.0,4.0,8349.0
36.64382483100053,0.0,0.0,0.0,0.0,0.0,0.0,0.0,0.0,0.0,0.0,0.0,0.0,0.0,13389.0,4.0,8736.0,6231.0,4.0,8739.0
36.644023478991585,0.0,0.0,0.0,0.0,0.0,0.0,0.0,0.0,0.0,0.0,0.0,0.0,0.0,13389.0,4.0,8736.0,6232.0,4.0,8746.0
36.64410102299007,0.0,0.0,0.0,0.0,0.0,0.0,0.0,0.0,0.0,0.0,0.0,0.0,0.0,13391.0,4.0,8776.0,6233.0,4.0,8779.0
36.64878450499964,0.0,0.0,0.0,0.0,0.0,0.0,0.0,0.0,0.0,0.0,0.0,0.0,0.0,13391.0,4.0,8776.0,6234.0,4.0,8786.0
36.67801914799202,0.0,0.0,0.0,0.0,0.0,0.0,0.0,0.0,0.0,0.0,0.0,0.0,0.0,13393.0,4.0,8816.0,6235.0,4.0,8819.0
36.70099043699156,0.0,0.0,0.0,0.0,0.0,0.0,0.0,0.0,0.0,0.0,0.0,0.0,0.0,13393.0,4.0,8816.0,6236.0,4.0,8831.0
36.70961955099483,0.0,0.0,0.0,0.0,0.0,0.0,0.0,0.0,0.0,0.0,0.0,0.0,0.0,13394.0,4.0,8836.0,6237.0,4.0,8849.0
36.737653985997895,0.0,0.0,0.0,0.0,0.0,0.0,0.0,0.0,0.0,0.0,0.0,0.0,0.0,13395.0,4.0,8856.0,6238.0,4.0,8869.0
37.14960087699001,0.0,0.0,0.0,0.0,0.0,0.0,0.0,0.0,0.0,0.0,0.0,0.0,0.0,13413.0,4.0,9216.0,6256.0,4.0,9229.0
37.14978164198692,0.0,0.0,0.0,0.0,0.0,0.0,0.0,0.0,0.0,0.0,0.0,0.0,0.0,13414.0,4.0,9236.0,6257.0,4.0,9249.0
37.1498489969963,0.0,0.0,0.0,0.0,0.0,0.0,0.0,0.0,0.0,0.0,0.0,0.0,0.0,13415.0,4.0,9256.0,6258.0,4.0,9269.0
37.14990922898869,0.0,0.0,0.0,0.0,0.0,0.0,0.0,0.0,0.0,0.0,0.0,0.0,0.0,13416.0,4.0,9276.0,6259.0,4.0,9289.0
37.16913588899479,0.0,0.0,0.0,0.0,0.0,0.0,0.0,0.0,0.0,0.0,0.0,0.0,0.0,13417.0,4.0,9296.0,6260.0,4.0,9309.0
37.19918408199737,0.0,0.0,0.0,0.0,0.0,0.0,0.0,0.0,0.0,0.0,0.0,0.0,0.0,13419.0,4.0,9336.0,6261.0,4.0,9339.0
37.20548047698685,0.0,0.0,0.0,0.0,0.0,0.0,0.0,0.0,0.0,0.0,0.0,0.0,0.0,13419.0,4.0,9336.0,6262.0,4.0,9346.0
37.2389302419906,0.0,0.0,0.0,0.0,0.0,0.0,0.0,0.0,0.0,0.0,0.0,0.0,0.0,13421.0,4.0,9376.0,6263.0,4.0,9379.0
37.24572528198769,0.0,0.0,0.0,0.0,0.0,0.0,0.0,0.0,0.0,0.0,0.0,0.0,0.0,13421.0,4.0,9376.0,6264.0,4.0,9386.0
37.65954762799083,0.0,0.0,0.0,0.0,0.0,0.0,0.0,0.0,0.0,0.0,0.0,0.0,0.0,13439.0,4.0,9736.0,6281.0,4.0,9739.0
37.65973946399754,0.0,0.0,0.0,0.0,0.0,0.0,0.0,0.0,0.0,0.0,0.0,0.0,0.0,13439.0,4.0,9736.0,6282.0,4.0,9746.0
37.659808280994184,0.0,0.0,0.0,0.0,0.0,0.0,0.0,0.0,0.0,0.0,0.0,0.0,0.0,13441.0,4.0,9775.0,6283.0,4.0,9779.0
37.659869193987106,0.0,0.0,0.0,0.0,0.0,0.0,0.0,0.0,0.0,0.0,0.0,0.0,0.0,13441.0,4.0,9775.0,6284.0,4.0,9786.0
37.68033488599758,0.0,0.0,0.0,0.0,0.0,0.0,0.0,0.0,0.0,0.0,0.0,0.0,0.0,13443.0,4.0,9815.0,6285.0,4.0,9819.0
37.69873696699506,0.0,0.0,0.0,0.0,0.0,0.0,0.0,0.0,0.0,0.0,0.0,0.0,0.0,13443.0,4.0,9815.0,6286.0,4.0,9830.0
37.70911406498635,0.0,0.0,0.0,0.0,0.0,0.0,0.0,0.0,0.0,0.0,0.0,0.0,0.0,13444.0,4.0,9836.0,6287.0,4.0,9849.0
37.728610366990324,0.0,0.0,0.0,0.0,0.0,0.0,0.0,0.0,0.0,0.0,0.0,0.0,0.0,13445.0,4.0,9856.0,6288.0,4.0,9869.0
37.748999626986915,0.0,0.0,0.0,0.0,0.0,0.0,0.0,0.0,0.0,0.0,0.0,0.0,0.0,13446.0,4.0,9876.0,6289.0,4.0,9889.0
38.18594212598691,0.0,0.0,0.0,0.0,0.0,0.0,0.0,0.0,0.0,0.0,0.0,0.0,0.0,13468.0,4.0,10316.0,6306.0,4.0,10325.0
38.19412213699252,0.0,0.0,0.0,0.0,0.0,0.0,0.0,0.0,0.0,0.0,0.0,0.0,0.0,13468.0,4.0,10316.0,6307.0,4.0,10331.0
38.20767263499147,0.0,0.0,0.0,0.0,0.0,0.0,0.0,0.0,0.0,0.0,0.0,0.0,0.0,13469.0,4.0,10336.0,6308.0,4.0,10349.0
38.22967130100005,0.0,0.0,0.0,0.0,0.0,0.0,0.0,0.0,0.0,0.0,0.0,0.0,0.0,13470.0,4.0,10356.0,6309.0,4.0,10369.0
38.24868333399354,0.0,0.0,0.0,0.0,0.0,0.0,0.0,0.0,0.0,0.0,0.0,0.0,0.0,13471.0,4.0,10376.0,6310.0,4.0,10389.0
38.68961665699317,0.0,0.0,0.0,0.0,0.0,0.0,0.0,0.0,0.0,0.0,0.0,0.0,0.0,13493.0,4.0,10816.0,6331.0,4.0,10830.0
38.70922192299622,0.0,0.0,0.0,0.0,0.0,0.0,0.0,0.0,0.0,0.0,0.0,0.0,0.0,13494.0,4.0,10836.0,6332.0,4.0,10849.0
38.728377293999074,0.0,0.0,0.0,0.0,0.0,0.0,0.0,0.0,0.0,0.0,0.0,0.0,0.0,13495.0,4.0,10856.0,6333.0,4.0,10869.0
38.74854328999936,0.0,0.0,0.0,0.0,0.0,0.0,0.0,0.0,0.0,0.0,0.0,0.0,0.0,13496.0,4.0,10876.0,6334.0,4.0,10889.0
39.201191680986085,0.0,0.0,0.0,0.0,0.0,0.0,0.0,0.0,0.0,0.0,0.0,0.0,0.0,13519.0,4.0,11336.0,6356.0,4.0,11339.0
39.208276770994416,0.0,0.0,0.0,0.0,0.0,0.0,0.0,0.0,0.0,0.0,0.0,0.0,0.0,13519.0,4.0,11336.0,6357.0,4.0,11346.0
39.23879291699268,0.0,0.0,0.0,0.0,0.0,0.0,0.0,0.0,0.0,0.0,0.0,0.0,0.0,13521.0,4.0,11375.0,6358.0,4.0,11379.0
39.245360715998686,0.0,0.0,0.0,0.0,0.0,0.0,0.0,0.0,0.0,0.0,0.0,0.0,0.0,13521.0,4.0,11375.0,6359.0,4.0,11386.0
39.28096101699339,0.0,0.0,0.0,0.0,0.0,0.0,0.0,0.0,0.0,0.0,0.0,0.0,0.0,13523.0,4.0,11416.0,6360.0,4.0,11419.0
39.291558785989764,0.0,0.0,0.0,0.0,0.0,0.0,0.0,0.0,0.0,0.0,0.0,0.0,0.0,13523.0,4.0,11416.0,6361.0,4.0,11431.0
39.312688291000086,0.0,0.0,0.0,0.0,0.0,0.0,0.0,0.0,0.0,0.0,0.0,0.0,0.0,13524.0,4.0,11436.0,6362.0,4.0,11449.0
39.338467254987336,0.0,0.0,0.0,0.0,0.0,0.0,0.0,0.0,0.0,0.0,0.0,0.0,0.0,13526.0,4.0,11476.0,6363.0,4.0,11479.0
39.34539931098698,0.0,0.0,0.0,0.0,0.0,0.0,0.0,0.0,0.0,0.0,0.0,0.0,0.0,13526.0,4.0,11476.0,6364.0,4.0,11486.0
39.38064405499608,0.0,0.0,0.0,0.0,0.0,0.0,0.0,0.0,0.0,0.0,0.0,0.0,0.0,13528.0,4.0,11515.0,6365.0,4.0,11519.0
39.39115916099399,0.0,0.0,0.0,0.0,0.0,0.0,0.0,0.0,0.0,0.0,0.0,0.0,0.0,13528.0,4.0,11515.0,6366.0,4.0,11532.0
39.41194914699008,0.0,0.0,0.0,0.0,0.0,0.0,0.0,0.0,0.0,0.0,0.0,0.0,0.0,13529.0,4.0,11536.0,6367.0,4.0,11549.0
39.4318879039929,0.0,0.0,0.0,0.0,0.0,0.0,0.0,0.0,0.0,0.0,0.0,0.0,0.0,13530.0,4.0,11556.0,6368.0,4.0,11569.0
39.50573268899461,0.0,0.0,0.0,0.0,0.0,0.0,0.0,0.0,0.0,0.0,0.0,0.0,0.0,13534.0,4.0,11636.0,6371.0,4.0,11639.0
39.56278536899481,0.0,0.0,0.0,0.0,0.0,0.0,0.0,0.0,0.0,0.0,0.0,0.0,0.0,13534.0,4.0,11636.0,6372.0,4.0,11646.0
39.56313929599128,0.0,0.0,0.0,0.0,0.0,0.0,0.0,0.0,0.0,0.0,0.0,0.0,0.0,13536.0,4.0,11675.0,6373.0,4.0,11679.0
39.56338857898663,0.0,0.0,0.0,0.0,0.0,0.0,0.0,0.0,0.0,0.0,0.0,0.0,0.0,13536.0,4.0,11675.0,6374.0,4.0,11686.0
39.57972554999287,0.0,0.0,0.0,0.0,0.0,0.0,0.0,0.0,0.0,0.0,0.0,0.0,0.0,13538.0,4.0,11716.0,6375.0,4.0,11719.0
39.59143996199418,0.0,0.0,0.0,0.0,0.0,0.0,0.0,0.0,0.0,0.0,0.0,0.0,0.0,13538.0,4.0,11716.0,6376.0,4.0,11731.0
39.61834978598927,0.0,0.0,0.0,0.0,0.0,0.0,0.0,0.0,0.0,0.0,0.0,0.0,0.0,13539.0,4.0,11736.0,6377.0,4.0,11749.0
39.62956196599407,0.0,0.0,0.0,0.0,0.0,0.0,0.0,0.0,0.0,0.0,0.0,0.0,0.0,13540.0,4.0,11756.0,6378.0,4.0,11769.0
39.649170819990104,0.0,0.0,0.0,0.0,0.0,0.0,0.0,0.0,0.0,0.0,0.0,0.0,0.0,13541.0,4.0,11776.0,6379.0,4.0,11789.0
39.781477250988246,0.0,0.0,0.0,0.0,0.0,0.0,0.0,0.0,0.0,0.0,0.0,0.0,0.0,13544.0,4.0,11836.0,6381.0,4.0,11839.0
39.78169729899673,0.0,0.0,0.0,0.0,0.0,0.0,0.0,0.0,0.0,0.0,0.0,0.0,0.0,13544.0,4.0,11836.0,6382.0,4.0,11846.0
39.78178322799795,0.0,0.0,0.0,0.0,0.0,0.0,0.0,0.0,0.0,0.0,0.0,0.0,0.0,13546.0,4.0,11875.0,6383.0,4.0,11879.0
39.781846615995164,0.0,0.0,0.0,0.0,0.0,0.0,0.0,0.0,0.0,0.0,0.0,0.0,0.0,13546.0,4.0,11875.0,6384.0,4.0,11886.0
39.78190665699367,0.0,0.0,0.0,0.0,0.0,0.0,0.0,0.0,0.0,0.0,0.0,0.0,0.0,13548.0,4.0,11915.0,6385.0,4.0,11919.0
39.7919034009974,0.0,0.0,0.0,0.0,0.0,0.0,0.0,0.0,0.0,0.0,0.0,0.0,0.0,13548.0,4.0,11915.0,6386.0,4.0,11931.0
39.80932478499017,0.0,0.0,0.0,0.0,0.0,0.0,0.0,0.0,0.0,0.0,0.0,0.0,0.0,13549.0,4.0,11936.0,6387.0,4.0,11949.0
39.83189322199905,0.0,0.0,0.0,0.0,0.0,0.0,0.0,0.0,0.0,0.0,0.0,0.0,0.0,13550.0,4.0,11956.0,6388.0,4.0,11969.0
39.848581446000026,0.0,0.0,0.0,0.0,0.0,0.0,0.0,0.0,0.0,0.0,0.0,0.0,0.0,13551.0,4.0,11976.0,6389.0,4.0,11989.0
39.87072275999526,0.0,0.0,0.0,0.0,0.0,0.0,0.0,0.0,0.0,0.0,0.0,0.0,0.0,13552.0,4.0,11996.0,6390.0,4.0,12009.0
39.946760184990126,0.0,0.0,0.0,0.0,0.0,0.0,0.0,0.0,0.0,0.0,0.0,0.0,0.0,13554.0,4.0,12036.0,6391.0,4.0,12041.0
39.947299405990634,0.0,0.0,0.0,0.0,0.0,0.0,0.0,0.0,0.0,0.0,0.0,0.0,0.0,13554.0,4.0,12036.0,6392.0,4.0,12048.0
39.94740152498707,0.0,0.0,0.0,0.0,0.0,0.0,0.0,0.0,0.0,0.0,0.0,0.0,0.0,13556.0,4.0,12075.0,6393.0,4.0,12079.0
39.947469280989026,0.0,0.0,0.0,0.0,0.0,0.0,0.0,0.0,0.0,0.0,0.0,0.0,0.0,13556.0,4.0,12075.0,6394.0,4.0,12086.0
39.998374912000145,0.0,0.0,0.0,0.0,0.0,0.0,0.0,0.0,0.0,0.0,0.0,0.0,0.0,13558.0,4.0,12115.0,6396.0,4.0,12130.0
40.010641257991665,0.0,0.0,0.0,0.0,0.0,0.0,0.0,0.0,0.0,0.0,0.0,0.0,0.0,13559.0,4.0,12136.0,6397.0,4.0,12149.0
40.03408754398697,0.0,0.0,0.0,0.0,0.0,0.0,0.0,0.0,0.0,0.0,0.0,0.0,0.0,13560.0,4.0,12156.0,6398.0,4.0,12169.0
40.04880930799118,0.0,0.0,0.0,0.0,0.0,0.0,0.0,0.0,0.0,0.0,0.0,0.0,0.0,13561.0,4.0,12176.0,6399.0,4.0,12189.0
40.078540047994466,0.0,0.0,0.0,0.0,0.0,0.0,0.0,0.0,0.0,0.0,0.0,0.0,0.0,13563.0,4.0,12216.0,6400.0,4.0,12219.0
40.10014842299279,0.0,0.0,0.0,0.0,0.0,0.0,0.0,0.0,0.0,0.0,0.0,0.0,0.0,13564.0,4.0,12236.0,6401.0,4.0,12239.0
40.21910620899871,0.0,0.0,0.0,0.0,0.0,0.0,0.0,0.0,0.0,0.0,0.0,0.0,0.0,13568.0,4.0,12316.0,6406.0,4.0,12331.0
40.219591378991026,0.0,0.0,0.0,0.0,0.0,0.0,0.0,0.0,0.0,0.0,0.0,0.0,0.0,13569.0,4.0,12336.0,6407.0,4.0,12349.0
40.2308834969881,0.0,0.0,0.0,0.0,0.0,0.0,0.0,0.0,0.0,0.0,0.0,0.0,0.0,13570.0,4.0,12356.0,6408.0,4.0,12369.0
40.25581776499166,0.0,0.0,0.0,0.0,0.0,0.0,0.0,0.0,0.0,0.0,0.0,0.0,0.0,13571.0,4.0,12376.0,6409.0,4.0,12389.0
40.26970266598801,0.0,0.0,0.0,0.0,0.0,0.0,0.0,0.0,0.0,0.0,0.0,0.0,0.0,13572.0,4.0,12396.0,6410.0,4.0,12409.0
40.29855628799123,0.0,0.0,0.0,0.0,0.0,0.0,0.0,0.0,0.0,0.0,0.0,0.0,0.0,13574.0,4.0,12436.0,6411.0,4.0,12439.0
40.306256058989675,0.0,0.0,0.0,0.0,0.0,0.0,0.0,0.0,0.0,0.0,0.0,0.0,0.0,13574.0,4.0,12436.0,6412.0,4.0,12446.0
40.429495267992024,0.0,0.0,0.0,0.0,0.0,0.0,0.0,0.0,0.0,0.0,0.0,0.0,0.0,13578.0,4.0,12516.0,6416.0,4.0,12531.0
40.429924864991335,0.0,0.0,0.0,0.0,0.0,0.0,0.0,0.0,0.0,0.0,0.0,0.0,0.0,13579.0,4.0,12536.0,6417.0,4.0,12549.0
40.43021035499987,0.0,0.0,0.0,0.0,0.0,0.0,0.0,0.0,0.0,0.0,0.0,0.0,0.0,13580.0,4.0,12556.0,6418.0,4.0,12569.0
40.448951469996246,0.0,0.0,0.0,0.0,0.0,0.0,0.0,0.0,0.0,0.0,0.0,0.0,0.0,13581.0,4.0,12576.0,6419.0,4.0,12589.0
40.46790818498994,0.0,0.0,0.0,0.0,0.0,0.0,0.0,0.0,0.0,0.0,0.0,0.0,0.0,13582.0,4.0,12596.0,6420.0,4.0,12609.0
40.49938474698865,0.0,0.0,0.0,0.0,0.0,0.0,0.0,0.0,0.0,0.0,0.0,0.0,0.0,13584.0,4.0,12636.0,6421.0,4.0,12639.0
40.50807662999432,0.0,0.0,0.0,0.0,0.0,0.0,0.0,0.0,0.0,0.0,0.0,0.0,0.0,13584.0,4.0,12636.0,6422.0,4.0,12646.0
40.54008394799894,0.0,0.0,0.0,0.0,0.0,0.0,0.0,0.0,0.0,0.0,0.0,0.0,0.0,13586.0,4.0,12676.0,6423.0,4.0,12679.0
40.66146227499121,0.0,0.0,0.0,0.0,0.0,0.0,0.0,0.0,0.0,0.0,0.0,0.0,0.0,13586.0,4.0,12676.0,6424.0,4.0,12686.0
40.661989402986364,0.0,0.0,0.0,0.0,0.0,0.0,0.0,0.0,0.0,0.0,0.0,0.0,0.0,13588.0,4.0,12716.0,6426.0,4.0,12731.0
40.6621649890003,0.0,0.0,0.0,0.0,0.0,0.0,0.0,0.0,0.0,0.0,0.0,0.0,0.0,13589.0,4.0,12736.0,6427.0,4.0,12749.0
40.662231151989545,0.0,0.0,0.0,0.0,0.0,0.0,0.0,0.0,0.0,0.0,0.0,0.0,0.0,13590.0,4.0,12756.0,6428.0,4.0,12769.0
40.66229190499871,0.0,0.0,0.0,0.0,0.0,0.0,0.0,0.0,0.0,0.0,0.0,0.0,0.0,13591.0,4.0,12776.0,6429.0,4.0,12788.0
40.66829743099515,0.0,0.0,0.0,0.0,0.0,0.0,0.0,0.0,0.0,0.0,0.0,0.0,0.0,13592.0,4.0,12796.0,6430.0,4.0,12809.0
40.69857951698941,0.0,0.0,0.0,0.0,0.0,0.0,0.0,0.0,0.0,0.0,0.0,0.0,0.0,13594.0,4.0,12836.0,6431.0,4.0,12839.0
40.706387989994255,0.0,0.0,0.0,0.0,0.0,0.0,0.0,0.0,0.0,0.0,0.0,0.0,0.0,13594.0,4.0,12836.0,6432.0,4.0,12846.0
40.73939758799679,0.0,0.0,0.0,0.0,0.0,0.0,0.0,0.0,0.0,0.0,0.0,0.0,0.0,13596.0,4.0,12876.0,6433.0,4.0,12879.0
40.74557897099294,0.0,0.0,0.0,0.0,0.0,0.0,0.0,0.0,0.0,0.0,0.0,0.0,0.0,13596.0,4.0,12876.0,6434.0,4.0,12886.0
40.880566627994995,0.0,0.0,0.0,0.0,0.0,0.0,0.0,0.0,0.0,0.0,0.0,0.0,0.0,13598.0,4.0,12916.0,6436.0,4.0,12931.0
40.880769634997705,0.0,0.0,0.0,0.0,0.0,0.0,0.0,0.0,0.0,0.0,0.0,0.0,0.0,13599.0,4.0,12936.0,6437.0,4.0,12949.0
40.88084250999964,0.0,0.0,0.0,0.0,0.0,0.0,0.0,0.0,0.0,0.0,0.0,0.0,0.0,13600.0,4.0,12956.0,6438.0,4.0,12969.0
40.880908241990255,0.0,0.0,0.0,0.0,0.0,0.0,0.0,0.0,0.0,0.0,0.0,0.0,0.0,13601.0,4.0,12976.0,6439.0,4.0,12989.0
40.88099005399272,0.0,0.0,0.0,0.0,0.0,0.0,0.0,0.0,0.0,0.0,0.0,0.0,0.0,13603.0,4.0,13016.0,6440.0,4.0,13019.0
40.89189480399364,0.0,0.0,0.0,0.0,0.0,0.0,0.0,0.0,0.0,0.0,0.0,0.0,0.0,13603.0,4.0,13016.0,6441.0,4.0,13031.0
40.916877342999214,0.0,0.0,0.0,0.0,0.0,0.0,0.0,0.0,0.0,0.0,0.0,0.0,0.0,13604.0,4.0,13036.0,6442.0,4.0,13049.0
40.92802999299602,0.0,0.0,0.0,0.0,0.0,0.0,0.0,0.0,0.0,0.0,0.0,0.0,0.0,13605.0,4.0,13056.0,6443.0,4.0,13069.0
40.95927911398758,0.0,0.0,0.0,0.0,0.0,0.0,0.0,0.0,0.0,0.0,0.0,0.0,0.0,13606.0,4.0,13076.0,6444.0,4.0,13089.0
41.09869540100044,0.0,0.0,0.0,0.0,0.0,0.0,0.0,0.0,0.0,0.0,0.0,0.0,0.0,13613.0,4.0,13216.0,6451.0,4.0,13231.0
41.1082513769943,0.0,0.0,0.0,0.0,0.0,0.0,0.0,0.0,0.0,0.0,0.0,0.0,0.0,13614.0,4.0,13236.0,6452.0,4.0,13249.0
41.12827757699415,0.0,0.0,0.0,0.0,0.0,0.0,0.0,0.0,0.0,0.0,0.0,0.0,0.0,13615.0,4.0,13256.0,6453.0,4.0,13269.0
41.14800976199331,0.0,0.0,0.0,0.0,0.0,0.0,0.0,0.0,0.0,0.0,0.0,0.0,0.0,13616.0,4.0,13276.0,6454.0,4.0,13289.0
41.16842539499339,0.0,0.0,0.0,0.0,0.0,0.0,0.0,0.0,0.0,0.0,0.0,0.0,0.0,13617.0,4.0,13296.0,6455.0,4.0,13309.0
41.19830880999507,0.0,0.0,0.0,0.0,0.0,0.0,0.0,0.0,0.0,0.0,0.0,0.0,0.0,13619.0,4.0,13336.0,6456.0,4.0,13339.0
41.249463025989826,0.0,0.0,0.0,0.0,0.0,0.0,0.0,0.0,0.0,0.0,0.0,0.0,0.0,13619.0,4.0,13336.0,6457.0,4.0,13346.0
41.24988123298681,0.0,0.0,0.0,0.0,0.0,0.0,0.0,0.0,0.0,0.0,0.0,0.0,0.0,13621.0,4.0,13376.0,6458.0,4.0,13379.0
41.25018891399668,0.0,0.0,0.0,0.0,0.0,0.0,0.0,0.0,0.0,0.0,0.0,0.0,0.0,13621.0,4.0,13376.0,6459.0,4.0,13386.0
41.308631416992284,0.0,0.0,0.0,0.0,0.0,0.0,0.0,0.0,0.0,0.0,0.0,0.0,0.0,13623.0,4.0,13416.0,6461.0,4.0,13431.0
41.3172806109942,0.0,0.0,0.0,0.0,0.0,0.0,0.0,0.0,0.0,0.0,0.0,0.0,0.0,13624.0,4.0,13436.0,6462.0,4.0,13449.0
41.32855768199079,0.0,0.0,0.0,0.0,0.0,0.0,0.0,0.0,0.0,0.0,0.0,0.0,0.0,13625.0,4.0,13456.0,6463.0,4.0,13468.0
41.36487343898625,0.0,0.0,0.0,0.0,0.0,0.0,0.0,0.0,0.0,0.0,0.0,0.0,0.0,13627.0,4.0,13496.0,6464.0,4.0,13499.0
41.40065135799523,0.0,0.0,0.0,0.0,0.0,0.0,0.0,0.0,0.0,0.0,0.0,0.0,0.0,13628.0,4.0,13516.0,6466.0,4.0,13530.0
41.40834727299807,0.0,0.0,0.0,0.0,0.0,0.0,0.0,0.0,0.0,0.0,0.0,0.0,0.0,13629.0,4.0,13536.0,6467.0,4.0,13549.0
41.471064264987945,0.0,0.0,0.0,0.0,0.0,0.0,0.0,0.0,0.0,0.0,0.0,0.0,0.0,13630.0,4.0,13556.0,6468.0,4.0,13569.0
41.47116202599136,0.0,0.0,0.0,0.0,0.0,0.0,0.0,0.0,0.0,0.0,0.0,0.0,0.0,13631.0,4.0,13576.0,6469.0,4.0,13589.0
41.47122496299562,0.0,0.0,0.0,0.0,0.0,0.0,0.0,0.0,0.0,0.0,0.0,0.0,0.0,13632.0,4.0,13596.0,6470.0,4.0,13609.0
41.51189387998602,0.0,0.0,0.0,0.0,0.0,0.0,0.0,0.0,0.0,0.0,0.0,0.0,0.0,13634.0,4.0,13636.0,6471.0,4.0,13639.0
41.51226019999012,0.0,0.0,0.0,0.0,0.0,0.0,0.0,0.0,0.0,0.0,0.0,0.0,0.0,13634.0,4.0,13636.0,6472.0,4.0,13646.0
41.54176878198632,0.0,0.0,0.0,0.0,0.0,0.0,0.0,0.0,0.0,0.0,0.0,0.0,0.0,13636.0,4.0,13676.0,6473.0,4.0,13679.0
41.544426324995584,0.0,0.0,0.0,0.0,0.0,0.0,0.0,0.0,0.0,0.0,0.0,0.0,0.0,13636.0,4.0,13676.0,6474.0,4.0,13686.0
41.58154447199195,0.0,0.0,0.0,0.0,0.0,0.0,0.0,0.0,0.0,0.0,0.0,0.0,0.0,13638.0,4.0,13716.0,6475.0,4.0,13719.0
41.58945728899562,0.0,0.0,0.0,0.0,0.0,0.0,0.0,0.0,0.0,0.0,0.0,0.0,0.0,13638.0,4.0,13716.0,6476.0,4.0,13730.0
41.60797307699977,0.0,0.0,0.0,0.0,0.0,0.0,0.0,0.0,0.0,0.0,0.0,0.0,0.0,13639.0,4.0,13736.0,6477.0,4.0,13749.0
41.62831879199075,0.0,0.0,0.0,0.0,0.0,0.0,0.0,0.0,0.0,0.0,0.0,0.0,0.0,13640.0,4.0,13756.0,6478.0,4.0,13769.0
41.75930622399028,0.0,0.0,0.0,0.0,0.0,0.0,0.0,0.0,0.0,0.0,0.0,0.0,0.0,13644.0,4.0,13836.0,6481.0,4.0,13839.0
41.75973276500008,0.0,0.0,0.0,0.0,0.0,0.0,0.0,0.0,0.0,0.0,0.0,0.0,0.0,13644.0,4.0,13836.0,6482.0,4.0,13846.0
41.759874367999146,0.0,0.0,0.0,0.0,0.0,0.0,0.0,0.0,0.0,0.0,0.0,0.0,0.0,13646.0,4.0,13876.0,6483.0,4.0,13878.0
41.75993517099414,0.0,0.0,0.0,0.0,0.0,0.0,0.0,0.0,0.0,0.0,0.0,0.0,0.0,13646.0,4.0,13876.0,6484.0,4.0,13886.0
41.77921361499466,0.0,0.0,0.0,0.0,0.0,0.0,0.0,0.0,0.0,0.0,0.0,0.0,0.0,13648.0,4.0,13916.0,6485.0,4.0,13919.0
41.790609726987896,0.0,0.0,0.0,0.0,0.0,0.0,0.0,0.0,0.0,0.0,0.0,0.0,0.0,13648.0,4.0,13916.0,6486.0,4.0,13931.0
41.80951127099979,0.0,0.0,0.0,0.0,0.0,0.0,0.0,0.0,0.0,0.0,0.0,0.0,0.0,13649.0,4.0,13936.0,6487.0,4.0,13949.0
41.82956897099211,0.0,0.0,0.0,0.0,0.0,0.0,0.0,0.0,0.0,0.0,0.0,0.0,0.0,13650.0,4.0,13956.0,6488.0,4.0,13969.0
41.848881026991876,0.0,0.0,0.0,0.0,0.0,0.0,0.0,0.0,0.0,0.0,0.0,0.0,0.0,13651.0,4.0,13976.0,6489.0,4.0,13989.0
41.98114282399183,0.0,0.0,0.0,0.0,0.0,0.0,0.0,0.0,0.0,0.0,0.0,0.0,0.0,13654.0,4.0,14036.0,6491.0,4.0,14041.0
41.981642531987745,0.0,0.0,0.0,0.0,0.0,0.0,0.0,0.0,0.0,0.0,0.0,0.0,0.0,13654.0,4.0,14036.0,6492.0,4.0,14047.0
41.981737758993404,0.0,0.0,0.0,0.0,0.0,0.0,0.0,0.0,0.0,0.0,0.0,0.0,0.0,13656.0,4.0,14076.0,6493.0,4.0,14079.0
41.981799853994744,0.0,0.0,0.0,0.0,0.0,0.0,0.0,0.0,0.0,0.0,0.0,0.0,0.0,13656.0,4.0,14076.0,6494.0,4.0,14086.0
41.981859463994624,0.0,0.0,0.0,0.0,0.0,0.0,0.0,0.0,0.0,0.0,0.0,0.0,0.0,13658.0,4.0,14116.0,6495.0,4.0,14119.0
41.99338107999938,0.0,0.0,0.0,0.0,0.0,0.0,0.0,0.0,0.0,0.0,0.0,0.0,0.0,13658.0,4.0,14116.0,6496.0,4.0,14131.0
42.00859404799121,0.0,0.0,0.0,0.0,0.0,0.0,0.0,0.0,0.0,0.0,0.0,0.0,0.0,13659.0,4.0,14136.0,6497.0,4.0,14149.0
42.028625558989006,0.0,0.0,0.0,0.0,0.0,0.0,0.0,0.0,0.0,0.0,0.0,0.0,0.0,13660.0,4.0,14156.0,6498.0,4.0,14169.0
42.04897909799183,0.0,0.0,0.0,0.0,0.0,0.0,0.0,0.0,0.0,0.0,0.0,0.0,0.0,13661.0,4.0,14176.0,6499.0,4.0,14189.0
42.06921231398883,0.0,0.0,0.0,0.0,0.0,0.0,0.0,0.0,0.0,0.0,0.0,0.0,0.0,13662.0,4.0,14196.0,6500.0,4.0,14209.0
42.1113318939897,0.0,0.0,0.0,0.0,0.0,0.0,0.0,0.0,0.0,0.0,0.0,0.0,0.0,13664.0,4.0,14236.0,6501.0,4.0,14239.0
42.198849398992024,0.0,0.0,0.0,0.0,0.0,0.0,0.0,0.0,0.0,0.0,0.0,0.0,0.0,13668.0,4.0,14316.0,6506.0,4.0,14330.0
42.20793261899962,0.0,0.0,0.0,0.0,0.0,0.0,0.0,0.0,0.0,0.0,0.0,0.0,0.0,13669.0,4.0,14336.0,6507.0,4.0,14349.0
42.22915494100016,0.0,0.0,0.0,0.0,0.0,0.0,0.0,0.0,0.0,0.0,0.0,0.0,0.0,13670.0,4.0,14356.0,6508.0,4.0,14369.0
42.250539603992365,0.0,0.0,0.0,0.0,0.0,0.0,0.0,0.0,0.0,0.0,0.0,0.0,0.0,13671.0,4.0,14376.0,6509.0,4.0,14389.0
42.29007403599098,0.0,0.0,0.0,0.0,0.0,0.0,0.0,0.0,0.0,0.0,0.0,0.0,0.0,13673.0,4.0,14416.0,6511.0,4.0,14431.0
42.418299266995746,0.0,0.0,0.0,0.0,0.0,0.0,0.0,0.0,0.0,0.0,0.0,0.0,0.0,13679.0,4.0,14536.0,6516.0,4.0,14540.0
42.418621444987366,0.0,0.0,0.0,0.0,0.0,0.0,0.0,0.0,0.0,0.0,0.0,0.0,0.0,13679.0,4.0,14536.0,6517.0,4.0,14548.0
42.438757220996195,0.0,0.0,0.0,0.0,0.0,0.0,0.0,0.0,0.0,0.0,0.0,0.0,0.0,13681.0,4.0,14576.0,6518.0,4.0,14579.0
42.44591474698973,0.0,0.0,0.0,0.0,0.0,0.0,0.0,0.0,0.0,0.0,0.0,0.0,0.0,13681.0,4.0,14576.0,6519.0,4.0,14586.0
42.4804069219972,0.0,0.0,0.0,0.0,0.0,0.0,0.0,0.0,0.0,0.0,0.0,0.0,0.0,13683.0,4.0,14616.0,6520.0,4.0,14619.0
42.489916613994865,0.0,0.0,0.0,0.0,0.0,0.0,0.0,0.0,0.0,0.0,0.0,0.0,0.0,13683.0,4.0,14616.0,6521.0,4.0,14631.0
42.51029046298936,0.0,0.0,0.0,0.0,0.0,0.0,0.0,0.0,0.0,0.0,0.0,0.0,0.0,13684.0,4.0,14636.0,6522.0,4.0,14649.0
42.63771436898969,0.0,0.0,0.0,0.0,0.0,0.0,0.0,0.0,0.0,0.0,0.0,0.0,0.0,13689.0,4.0,14736.0,6526.0,4.0,14739.0
42.637928997995914,0.0,0.0,0.0,0.0,0.0,0.0,0.0,0.0,0.0,0.0,0.0,0.0,0.0,13689.0,4.0,14736.0,6527.0,4.0,14746.0
42.63799541098706,0.0,0.0,0.0,0.0,0.0,0.0,0.0,0.0,0.0,0.0,0.0,0.0,0.0,13691.0,4.0,14775.0,6528.0,4.0,14779.0
42.645940588990925,0.0,0.0,0.0,0.0,0.0,0.0,0.0,0.0,0.0,0.0,0.0,0.0,0.0,13691.0,4.0,14775.0,6529.0,4.0,14786.0
42.679642737988615,0.0,0.0,0.0,0.0,0.0,0.0,0.0,0.0,0.0,0.0,0.0,0.0,0.0,13693.0,4.0,14816.0,6530.0,4.0,14819.0
42.70008208799118,0.0,0.0,0.0,0.0,0.0,0.0,0.0,0.0,0.0,0.0,0.0,0.0,0.0,13693.0,4.0,14816.0,6531.0,4.0,14830.0
42.7190603959898,0.0,0.0,0.0,0.0,0.0,0.0,0.0,0.0,0.0,0.0,0.0,0.0,0.0,13694.0,4.0,14836.0,6532.0,4.0,14849.0
42.72806656299508,0.0,0.0,0.0,0.0,0.0,0.0,0.0,0.0,0.0,0.0,0.0,0.0,0.0,13695.0,4.0,14856.0,6533.0,4.0,14869.0
42.86100253199402,0.0,0.0,0.0,0.0,0.0,0.0,0.0,0.0,0.0,0.0,0.0,0.0,0.0,13699.0,4.0,14936.0,6536.0,4.0,14939.0
42.86139510999783,0.0,0.0,0.0,0.0,0.0,0.0,0.0,0.0,0.0,0.0,0.0,0.0,0.0,13699.0,4.0,14936.0,6537.0,4.0,14946.0
42.861464298999636,0.0,0.0,0.0,0.0,0.0,0.0,0.0,0.0,0.0,0.0,0.0,0.0,0.0,13701.0,4.0,14976.0,6538.0,4.0,14979.0
42.86152522198972,0.0,0.0,0.0,0.0,0.0,0.0,0.0,0.0,0.0,0.0,0.0,0.0,0.0,13701.0,4.0,14976.0,6539.0,4.0,14986.0
42.879998573000194,0.0,0.0,0.0,0.0,0.0,0.0,0.0,0.0,0.0,0.0,0.0,0.0,0.0,13703.0,4.0,15016.0,6540.0,4.0,15019.0
42.89301838999381,0.0,0.0,0.0,0.0,0.0,0.0,0.0,0.0,0.0,0.0,0.0,0.0,0.0,13703.0,4.0,15016.0,6541.0,4.0,15031.0
42.90967419699882,0.0,0.0,0.0,0.0,0.0,0.0,0.0,0.0,0.0,0.0,0.0,0.0,0.0,13704.0,4.0,15036.0,6542.0,4.0,15049.0
42.9288161489967,0.0,0.0,0.0,0.0,0.0,0.0,0.0,0.0,0.0,0.0,0.0,0.0,0.0,13705.0,4.0,15056.0,6543.0,4.0,15069.0
42.948776779987384,0.0,0.0,0.0,0.0,0.0,0.0,0.0,0.0,0.0,0.0,0.0,0.0,0.0,13706.0,4.0,15076.0,6544.0,4.0,15089.0
43.07782076399599,0.0,0.0,0.0,0.0,0.0,0.0,0.0,0.0,0.0,0.0,0.0,0.0,0.0,13709.0,4.0,15136.0,6546.0,4.0,15139.0
43.078277461987454,0.0,0.0,0.0,0.0,0.0,0.0,0.0,0.0,0.0,0.0,0.0,0.0,0.0,13709.0,4.0,15136.0,6547.0,4.0,15146.0
43.07857390199206,0.0,0.0,0.0,0.0,0.0,0.0,0.0,0.0,0.0,0.0,0.0,0.0,0.0,13711.0,4.0,15175.0,6548.0,4.0,15179.0
43.07875661099388,0.0,0.0,0.0,0.0,0.0,0.0,0.0,0.0,0.0,0.0,0.0,0.0,0.0,13711.0,4.0,15175.0,6549.0,4.0,15186.0
43.07882765299291,0.0,0.0,0.0,0.0,0.0,0.0,0.0,0.0,0.0,0.0,0.0,0.0,0.0,13713.0,4.0,15216.0,6550.0,4.0,15219.0
43.09143322199816,0.0,0.0,0.0,0.0,0.0,0.0,0.0,0.0,0.0,0.0,0.0,0.0,0.0,13713.0,4.0,15216.0,6551.0,4.0,15231.0
43.108994238995365,0.0,0.0,0.0,0.0,0.0,0.0,0.0,0.0,0.0,0.0,0.0,0.0,0.0,13714.0,4.0,15236.0,6552.0,4.0,15249.0
43.12831167598779,0.0,0.0,0.0,0.0,0.0,0.0,0.0,0.0,0.0,0.0,0.0,0.0,0.0,13715.0,4.0,15256.0,6553.0,4.0,15269.0
43.148470054991776,0.0,0.0,0.0,0.0,0.0,0.0,0.0,0.0,0.0,0.0,0.0,0.0,0.0,13716.0,4.0,15276.0,6554.0,4.0,15289.0
43.17224249198625,0.0,0.0,0.0,0.0,0.0,0.0,0.0,0.0,0.0,0.0,0.0,0.0,0.0,13717.0,4.0,15296.0,6555.0,4.0,15309.0
43.306904954995844,0.0,0.0,0.0,0.0,0.0,0.0,0.0,0.0,0.0,0.0,0.0,0.0,0.0,13723.0,4.0,15416.0,6561.0,4.0,15431.0
43.31203789298888,0.0,0.0,0.0,0.0,0.0,0.0,0.0,0.0,0.0,0.0,0.0,0.0,0.0,13724.0,4.0,15436.0,6562.0,4.0,15449.0
43.33843266699114,0.0,0.0,0.0,0.0,0.0,0.0,0.0,0.0,0.0,0.0,0.0,0.0,0.0,13726.0,4.0,15476.0,6563.0,4.0,15479.0
43.34561567098717,0.0,0.0,0.0,0.0,0.0,0.0,0.0,0.0,0.0,0.0,0.0,0.0,0.0,13726.0,4.0,15476.0,6564.0,4.0,15486.0
43.379330715994,0.0,0.0,0.0,0.0,0.0,0.0,0.0,0.0,0.0,0.0,0.0,0.0,0.0,13728.0,4.0,15516.0,6565.0,4.0,15519.0
43.39025179899181,0.0,0.0,0.0,0.0,0.0,0.0,0.0,0.0,0.0,0.0,0.0,0.0,0.0,13728.0,4.0,15516.0,6566.0,4.0,15531.0
43.5182837129978,0.0,0.0,0.0,0.0,0.0,0.0,0.0,0.0,0.0,0.0,0.0,0.0,0.0,13734.0,4.0,15636.0,6571.0,4.0,15639.0
43.51860959798796,0.0,0.0,0.0,0.0,0.0,0.0,0.0,0.0,0.0,0.0,0.0,0.0,0.0,13734.0,4.0,15636.0,6572.0,4.0,15646.0
43.53966376099561,0.0,0.0,0.0,0.0,0.0,0.0,0.0,0.0,0.0,0.0,0.0,0.0,0.0,13736.0,4.0,15675.0,6573.0,4.0,15679.0
43.54624811299436,0.0,0.0,0.0,0.0,0.0,0.0,0.0,0.0,0.0,0.0,0.0,0.0,0.0,13736.0,4.0,15675.0,6574.0,4.0,15686.0
43.581366452999646,0.0,0.0,0.0,0.0,0.0,0.0,0.0,0.0,0.0,0.0,0.0,0.0,0.0,13738.0,4.0,15716.0,6575.0,4.0,15719.0
43.59099472599337,0.0,0.0,0.0,0.0,0.0,0.0,0.0,0.0,0.0,0.0,0.0,0.0,0.0,13738.0,4.0,15716.0,6576.0,4.0,15731.0
43.618619435990695,0.0,0.0,0.0,0.0,0.0,0.0,0.0,0.0,0.0,0.0,0.0,0.0,0.0,13739.0,4.0,15736.0,6577.0,4.0,15749.0
43.73215872798755,0.0,0.0,0.0,0.0,0.0,0.0,0.0,0.0,0.0,0.0,0.0,0.0,0.0,13744.0,4.0,15836.0,6581.0,4.0,15839.0
43.732600757997716,0.0,0.0,0.0,0.0,0.0,0.0,0.0,0.0,0.0,0.0,0.0,0.0,0.0,13744.0,4.0,15836.0,6582.0,4.0,15846.0
43.73951690699323,0.0,0.0,0.0,0.0,0.0,0.0,0.0,0.0,0.0,0.0,0.0,0.0,0.0,13746.0,4.0,15876.0,6583.0,4.0,15879.0
43.74476912598766,0.0,0.0,0.0,0.0,0.0,0.0,0.0,0.0,0.0,0.0,0.0,0.0,0.0,13746.0,4.0,15876.0,6584.0,4.0,15886.0
43.77898464999453,0.0,0.0,0.0,0.0,0.0,0.0,0.0,0.0,0.0,0.0,0.0,0.0,0.0,13748.0,4.0,15916.0,6585.0,4.0,15919.0
43.79066756699467,0.0,0.0,0.0,0.0,0.0,0.0,0.0,0.0,0.0,0.0,0.0,0.0,0.0,13748.0,4.0,15916.0,6586.0,4.0,15931.0
43.81025675099227,0.0,0.0,0.0,0.0,0.0,0.0,0.0,0.0,0.0,0.0,0.0,0.0,0.0,13749.0,4.0,15936.0,6587.0,4.0,15949.0
43.828609077987494,0.0,0.0,0.0,0.0,0.0,0.0,0.0,0.0,0.0,0.0,0.0,0.0,0.0,13750.0,4.0,15956.0,6588.0,4.0,15969.0
43.95912550498906,0.0,0.0,0.0,0.0,0.0,0.0,0.0,0.0,0.0,0.0,0.0,0.0,0.0,13754.0,4.0,16036.0,6591.0,4.0,16041.0
43.959435158991255,0.0,0.0,0.0,0.0,0.0,0.0,0.0,0.0,0.0,0.0,0.0,0.0,0.0,13754.0,4.0,16036.0,6592.0,4.0,16048.0
43.95951055899786,0.0,0.0,0.0,0.0,0.0,0.0,0.0,0.0,0.0,0.0,0.0,0.0,0.0,13756.0,4.0,16075.0,6593.0,4.0,16079.0
43.959577643996454,0.0,0.0,0.0,0.0,0.0,0.0,0.0,0.0,0.0,0.0,0.0,0.0,0.0,13756.0,4.0,16075.0,6594.0,4.0,16086.0
43.9783552299923,0.0,0.0,0.0,0.0,0.0,0.0,0.0,0.0,0.0,0.0,0.0,0.0,0.0,13758.0,4.0,16115.0,6595.0,4.0,16119.0
43.99054293399968,0.0,0.0,0.0,0.0,0.0,0.0,0.0,0.0,0.0,0.0,0.0,0.0,0.0,13758.0,4.0,16115.0,6596.0,4.0,16131.0
44.00893375299347,0.0,0.0,0.0,0.0,0.0,0.0,0.0,0.0,0.0,0.0,0.0,0.0,0.0,13759.0,4.0,16136.0,6597.0,4.0,16149.0
44.029371801996604,0.0,0.0,0.0,0.0,0.0,0.0,0.0,0.0,0.0,0.0,0.0,0.0,0.0,13760.0,4.0,16156.0,6598.0,4.0,16169.0
44.048022372997366,0.0,0.0,0.0,0.0,0.0,0.0,0.0,0.0,0.0,0.0,0.0,0.0,0.0,13761.0,4.0,16176.0,6599.0,4.0,16189.0
44.18057845599833,0.0,0.0,0.0,0.0,0.0,0.0,0.0,0.0,0.0,0.0,0.0,0.0,0.0,13764.0,4.0,16236.0,6601.0,4.0,16239.0
44.19327710798825,0.0,0.0,0.0,0.0,0.0,0.0,0.0,0.0,0.0,0.0,0.0,0.0,0.0,13768.0,4.0,16316.0,6602.0,4.0,16331.0
44.20777888799785,0.0,0.0,0.0,0.0,0.0,0.0,0.0,0.0,0.0,0.0,0.0,0.0,0.0,13769.0,4.0,16336.0,6603.0,4.0,16349.0
44.230140607993235,0.0,0.0,0.0,0.0,0.0,0.0,0.0,0.0,0.0,0.0,0.0,0.0,0.0,13770.0,4.0,16356.0,6604.0,4.0,16369.0
44.24713957199128,0.0,0.0,0.0,0.0,0.0,0.0,0.0,0.0,0.0,0.0,0.0,0.0,0.0,13771.0,4.0,16376.0,6605.0,4.0,16389.0
44.27917734399671,0.0,0.0,0.0,0.0,0.0,0.0,0.0,0.0,0.0,0.0,0.0,0.0,0.0,13773.0,4.0,16416.0,6606.0,4.0,16419.0
44.418677854991984,0.0,0.0,0.0,0.0,0.0,0.0,0.0,0.0,0.0,0.0,0.0,0.0,0.0,13777.0,4.0,16495.0,6611.0,4.0,16511.0
44.41901741499896,0.0,0.0,0.0,0.0,0.0,0.0,0.0,0.0,0.0,0.0,0.0,0.0,0.0,13778.0,4.0,16516.0,6612.0,4.0,16529.0
44.41908982899622,0.0,0.0,0.0,0.0,0.0,0.0,0.0,0.0,0.0,0.0,0.0,0.0,0.0,13779.0,4.0,16536.0,6613.0,4.0,16549.0
44.43072937699617,0.0,0.0,0.0,0.0,0.0,0.0,0.0,0.0,0.0,0.0,0.0,0.0,0.0,13780.0,4.0,16556.0,6614.0,4.0,16569.0
44.45038685799227,0.0,0.0,0.0,0.0,0.0,0.0,0.0,0.0,0.0,0.0,0.0,0.0,0.0,13781.0,4.0,16576.0,6615.0,4.0,16589.0
44.47904180199839,0.0,0.0,0.0,0.0,0.0,0.0,0.0,0.0,0.0,0.0,0.0,0.0,0.0,13783.0,4.0,16616.0,6616.0,4.0,16619.0
44.495610669997404,0.0,0.0,0.0,0.0,0.0,0.0,0.0,0.0,0.0,0.0,0.0,0.0,0.0,13783.0,4.0,16616.0,6617.0,4.0,16626.0
44.922522413995466,0.0,0.0,0.0,0.0,0.0,0.0,0.0,0.0,0.0,0.0,0.0,0.0,0.0,13802.0,4.0,16996.0,6636.0,4.0,17009.0
44.92285326799902,0.0,0.0,0.0,0.0,0.0,0.0,0.0,0.0,0.0,0.0,0.0,0.0,0.0,13803.0,4.0,17016.0,6637.0,4.0,17029.0
44.92292471099063,0.0,0.0,0.0,0.0,0.0,0.0,0.0,0.0,0.0,0.0,0.0,0.0,0.0,13804.0,4.0,17036.0,6638.0,4.0,17049.0
44.92841684599989,0.0,0.0,0.0,0.0,0.0,0.0,0.0,0.0,0.0,0.0,0.0,0.0,0.0,13805.0,4.0,17056.0,6639.0,4.0,17069.0
45.353353605998564,0.0,0.0,0.0,0.0,0.0,0.0,0.0,0.0,0.0,0.0,0.0,0.0,0.0,13822.0,4.0,17395.0,6656.0,4.0,17411.0
45.35362822598836,0.0,0.0,0.0,0.0,0.0,0.0,0.0,0.0,0.0,0.0,0.0,0.0,0.0,13823.0,4.0,17416.0,6657.0,4.0,17429.0
45.353699006998795,0.0,0.0,0.0,0.0,0.0,0.0,0.0,0.0,0.0,0.0,0.0,0.0,0.0,13824.0,4.0,17436.0,6658.0,4.0,17449.0
45.35376279598859,0.0,0.0,0.0,0.0,0.0,0.0,0.0,0.0,0.0,0.0,0.0,0.0,0.0,13825.0,4.0,17456.0,6659.0,4.0,17469.0
45.35382432999904,0.0,0.0,0.0,0.0,0.0,0.0,0.0,0.0,0.0,0.0,0.0,0.0,0.0,13826.0,4.0,17476.0,6660.0,4.0,17489.0
45.379126862986595,0.0,0.0,0.0,0.0,0.0,0.0,0.0,0.0,0.0,0.0,0.0,0.0,0.0,13828.0,4.0,17516.0,6661.0,4.0,17519.0
45.38527793200046,0.0,0.0,0.0,0.0,0.0,0.0,0.0,0.0,0.0,0.0,0.0,0.0,0.0,13828.0,4.0,17516.0,6662.0,4.0,17526.0
45.41888491099235,0.0,0.0,0.0,0.0,0.0,0.0,0.0,0.0,0.0,0.0,0.0,0.0,0.0,13830.0,4.0,17556.0,6663.0,4.0,17559.0
45.42667774799338,0.0,0.0,0.0,0.0,0.0,0.0,0.0,0.0,0.0,0.0,0.0,0.0,0.0,13830.0,4.0,17556.0,6664.0,4.0,17566.0
45.861747597999056,0.0,0.0,0.0,0.0,0.0,0.0,0.0,0.0,0.0,0.0,0.0,0.0,0.0,13848.0,4.0,17916.0,6681.0,4.0,17919.0
45.86208039599296,0.0,0.0,0.0,0.0,0.0,0.0,0.0,0.0,0.0,0.0,0.0,0.0,0.0,13848.0,4.0,17916.0,6682.0,4.0,17926.0
45.8621600339975,0.0,0.0,0.0,0.0,0.0,0.0,0.0,0.0,0.0,0.0,0.0,0.0,0.0,13850.0,4.0,17955.0,6683.0,4.0,17959.0
45.86222237999027,0.0,0.0,0.0,0.0,0.0,0.0,0.0,0.0,0.0,0.0,0.0,0.0,0.0,13850.0,4.0,17955.0,6684.0,4.0,17966.0
45.862295334998635,0.0,0.0,0.0,0.0,0.0,0.0,0.0,0.0,0.0,0.0,0.0,0.0,0.0,13852.0,4.0,17996.0,6685.0,4.0,17999.0
45.871880148988566,0.0,0.0,0.0,0.0,0.0,0.0,0.0,0.0,0.0,0.0,0.0,0.0,0.0,13852.0,4.0,17996.0,6686.0,4.0,18010.0
45.888821368993376,0.0,0.0,0.0,0.0,0.0,0.0,0.0,0.0,0.0,0.0,0.0,0.0,0.0,13853.0,4.0,18016.0,6687.0,4.0,18029.0
45.908206996988156,0.0,0.0,0.0,0.0,0.0,0.0,0.0,0.0,0.0,0.0,0.0,0.0,0.0,13854.0,4.0,18036.0,6688.0,4.0,18049.0
45.929122665998875,0.0,0.0,0.0,0.0,0.0,0.0,0.0,0.0,0.0,0.0,0.0,0.0,0.0,13855.0,4.0,18056.0,6689.0,4.0,18069.0
45.949277130988776,0.0,0.0,0.0,0.0,0.0,0.0,0.0,0.0,0.0,0.0,0.0,0.0,0.0,13856.0,4.0,18076.0,6690.0,4.0,18089.0
46.381534764994285,0.0,0.0,0.0,0.0,0.0,0.0,0.0,0.0,0.0,0.0,0.0,0.0,0.0,13878.0,4.0,18516.0,6701.0,4.0,18519.0
46.386174888990354,0.0,0.0,0.0,0.0,0.0,0.0,0.0,0.0,0.0,0.0,0.0,0.0,0.0,13878.0,4.0,18516.0,6702.0,4.0,18526.0
46.42022525399807,0.0,0.0,0.0,0.0,0.0,0.0,0.0,0.0,0.0,0.0,0.0,0.0,0.0,13880.0,4.0,18556.0,6703.0,4.0,18559.0
46.42526308698871,0.0,0.0,0.0,0.0,0.0,0.0,0.0,0.0,0.0,0.0,0.0,0.0,0.0,13880.0,4.0,18556.0,6704.0,4.0,18567.0
46.45833868198679,0.0,0.0,0.0,0.0,0.0,0.0,0.0,0.0,0.0,0.0,0.0,0.0,0.0,13882.0,4.0,18596.0,6705.0,4.0,18599.0
46.47330430599686,0.0,0.0,0.0,0.0,0.0,0.0,0.0,0.0,0.0,0.0,0.0,0.0,0.0,13882.0,4.0,18596.0,6706.0,4.0,18611.0
46.89246077599819,0.0,0.0,0.0,0.0,0.0,0.0,0.0,0.0,0.0,0.0,0.0,0.0,0.0,13902.0,4.0,18996.0,6726.0,4.0,19010.0
46.89578347399947,0.0,0.0,0.0,0.0,0.0,0.0,0.0,0.0,0.0,0.0,0.0,0.0,0.0,13903.0,4.0,19016.0,6727.0,4.0,19029.0
46.91917768599524,0.0,0.0,0.0,0.0,0.0,0.0,0.0,0.0,0.0,0.0,0.0,0.0,0.0,13904.0,4.0,19036.0,6728.0,4.0,19049.0
46.928521973997704,0.0,0.0,0.0,0.0,0.0,0.0,0.0,0.0,0.0,0.0,0.0,0.0,0.0,13905.0,4.0,19056.0,6729.0,4.0,19069.0
46.94905801898858,0.0,0.0,0.0,0.0,0.0,0.0,0.0,0.0,0.0,0.0,0.0,0.0,0.0,13906.0,4.0,19076.0,6730.0,4.0,19089.0
46.97904353799822,0.0,0.0,0.0,0.0,0.0,0.0,0.0,0.0,0.0,0.0,0.0,0.0,0.0,13908.0,4.0,19116.0,6731.0,4.0,19119.0
47.39302187798603,0.0,0.0,0.0,0.0,0.0,0.0,0.0,0.0,0.0,0.0,0.0,0.0,0.0,13928.0,4.0,19516.0,6751.0,4.0,19519.0
47.39320385499741,0.0,0.0,0.0,0.0,0.0,0.0,0.0,0.0,0.0,0.0,0.0,0.0,0.0,13928.0,4.0,19516.0,6752.0,4.0,19526.0
47.42245128599461,0.0,0.0,0.0,0.0,0.0,0.0,0.0,0.0,0.0,0.0,0.0,0.0,0.0,13930.0,4.0,19556.0,6753.0,4.0,19559.0
47.42602324798645,0.0,0.0,0.0,0.0,0.0,0.0,0.0,0.0,0.0,0.0,0.0,0.0,0.0,13930.0,4.0,19556.0,6754.0,4.0,19566.0
47.458821910986444,0.0,0.0,0.0,0.0,0.0,0.0,0.0,0.0,0.0,0.0,0.0,0.0,0.0,13932.0,4.0,19595.0,6755.0,4.0,19599.0
47.472153090988286,0.0,0.0,0.0,0.0,0.0,0.0,0.0,0.0,0.0,0.0,0.0,0.0,0.0,13932.0,4.0,19595.0,6756.0,4.0,19611.0
47.489233902990236,0.0,0.0,0.0,0.0,0.0,0.0,0.0,0.0,0.0,0.0,0.0,0.0,0.0,13933.0,4.0,19616.0,6757.0,4.0,19629.0
47.90185077099886,0.0,0.0,0.0,0.0,0.0,0.0,0.0,0.0,0.0,0.0,0.0,0.0,0.0,13953.0,4.0,20016.0,6776.0,4.0,20019.0
47.90203379098966,0.0,0.0,0.0,0.0,0.0,0.0,0.0,0.0,0.0,0.0,0.0,0.0,0.0,13953.0,4.0,20016.0,6777.0,4.0,20026.0
47.91947062399413,0.0,0.0,0.0,0.0,0.0,0.0,0.0,0.0,0.0,0.0,0.0,0.0,0.0,13955.0,4.0,20056.0,6778.0,4.0,20059.0
47.924433677995694,0.0,0.0,0.0,0.0,0.0,0.0,0.0,0.0,0.0,0.0,0.0,0.0,0.0,13955.0,4.0,20056.0,6779.0,4.0,20066.0
47.95855137098988,0.0,0.0,0.0,0.0,0.0,0.0,0.0,0.0,0.0,0.0,0.0,0.0,0.0,13957.0,4.0,20095.0,6780.0,4.0,20099.0
47.971014689988806,0.0,0.0,0.0,0.0,0.0,0.0,0.0,0.0,0.0,0.0,0.0,0.0,0.0,13957.0,4.0,20095.0,6781.0,4.0,20111.0
47.988991676000296,0.0,0.0,0.0,0.0,0.0,0.0,0.0,0.0,0.0,0.0,0.0,0.0,0.0,13958.0,4.0,20116.0,6782.0,4.0,20129.0
48.412365630996646,0.0,0.0,0.0,0.0,0.0,0.0,0.0,0.0,0.0,0.0,0.0,0.0,0.0,13978.0,4.0,20516.0,6791.0,4.0,20519.0
48.41253934398992,0.0,0.0,0.0,0.0,0.0,0.0,0.0,0.0,0.0,0.0,0.0,0.0,0.0,13978.0,4.0,20516.0,6792.0,4.0,20526.0
48.42220397699566,0.0,0.0,0.0,0.0,0.0,0.0,0.0,0.0,0.0,0.0,0.0,0.0,0.0,13980.0,4.0,20556.0,6793.0,4.0,20560.0
48.42892445498728,0.0,0.0,0.0,0.0,0.0,0.0,0.0,0.0,0.0,0.0,0.0,0.0,0.0,13980.0,4.0,20556.0,6794.0,4.0,20567.0
48.45952754399332,0.0,0.0,0.0,0.0,0.0,0.0,0.0,0.0,0.0,0.0,0.0,0.0,0.0,13982.0,4.0,20595.0,6795.0,4.0,20599.0
48.47099828098726,0.0,0.0,0.0,0.0,0.0,0.0,0.0,0.0,0.0,0.0,0.0,0.0,0.0,13982.0,4.0,20595.0,6796.0,4.0,20611.0
48.489451361994725,0.0,0.0,0.0,0.0,0.0,0.0,0.0,0.0,0.0,0.0,0.0,0.0,0.0,13983.0,4.0,20616.0,6797.0,4.0,20629.0
48.51002856699051,0.0,0.0,0.0,0.0,0.0,0.0,0.0,0.0,0.0,0.0,0.0,0.0,0.0,13984.0,4.0,20636.0,6798.0,4.0,20649.0
48.92513763299212,0.0,0.0,0.0,0.0,0.0,0.0,0.0,0.0,0.0,0.0,0.0,0.0,0.0,14003.0,4.0,21016.0,6816.0,4.0,21031.0
48.92532404899248,0.0,0.0,0.0,0.0,0.0,0.0,0.0,0.0,0.0,0.0,0.0,0.0,0.0,14004.0,4.0,21036.0,6817.0,4.0,21049.0
48.9276191599929,0.0,0.0,0.0,0.0,0.0,0.0,0.0,0.0,0.0,0.0,0.0,0.0,0.0,14005.0,4.0,21056.0,6818.0,4.0,21068.0
48.95938909599499,0.0,0.0,0.0,0.0,0.0,0.0,0.0,0.0,0.0,0.0,0.0,0.0,0.0,14007.0,4.0,21095.0,6819.0,4.0,21099.0
48.96561036699859,0.0,0.0,0.0,0.0,0.0,0.0,0.0,0.0,0.0,0.0,0.0,0.0,0.0,14007.0,4.0,21095.0,6820.0,4.0,21106.0
48.98783405899303,0.0,0.0,0.0,0.0,0.0,0.0,0.0,0.0,0.0,0.0,0.0,0.0,0.0,14008.0,4.0,21116.0,6821.0,4.0,21129.0
49.009275858988985,0.0,0.0,0.0,0.0,0.0,0.0,0.0,0.0,0.0,0.0,0.0,0.0,0.0,14009.0,4.0,21136.0,6822.0,4.0,21148.0
49.43261539298692,0.0,0.0,0.0,0.0,0.0,0.0,0.0,0.0,0.0,0.0,0.0,0.0,0.0,14029.0,4.0,21536.0,6841.0,4.0,21540.0
49.43280264099303,0.0,0.0,0.0,0.0,0.0,0.0,0.0,0.0,0.0,0.0,0.0,0.0,0.0,14029.0,4.0,21536.0,6842.0,4.0,21548.0
49.438437181990594,0.0,0.0,0.0,0.0,0.0,0.0,0.0,0.0,0.0,0.0,0.0,0.0,0.0,14031.0,4.0,21576.0,6843.0,4.0,21579.0
49.44644709498971,0.0,0.0,0.0,0.0,0.0,0.0,0.0,0.0,0.0,0.0,0.0,0.0,0.0,14031.0,4.0,21576.0,6844.0,4.0,21586.0
49.478095446989755,0.0,0.0,0.0,0.0,0.0,0.0,0.0,0.0,0.0,0.0,0.0,0.0,0.0,14033.0,4.0,21615.0,6845.0,4.0,21619.0
49.49045688899059,0.0,0.0,0.0,0.0,0.0,0.0,0.0,0.0,0.0,0.0,0.0,0.0,0.0,14033.0,4.0,21615.0,6846.0,4.0,21631.0
49.50797168898862,0.0,0.0,0.0,0.0,0.0,0.0,0.0,0.0,0.0,0.0,0.0,0.0,0.0,14034.0,4.0,21636.0,6847.0,4.0,21649.0
49.52841046899266,0.0,0.0,0.0,0.0,0.0,0.0,0.0,0.0,0.0,0.0,0.0,0.0,0.0,14035.0,4.0,21656.0,6848.0,4.0,21669.0
49.945366863990785,0.0,0.0,0.0,0.0,0.0,0.0,0.0,0.0,0.0,0.0,0.0,0.0,0.0,14053.0,4.0,22016.0,6866.0,4.0,22030.0
49.94555497299007,0.0,0.0,0.0,0.0,0.0,0.0,0.0,0.0,0.0,0.0,0.0,0.0,0.0,14054.0,4.0,22036.0,6867.0,4.0,22049.0
49.94563897899934,0.0,0.0,0.0,0.0,0.0,0.0,0.0,0.0,0.0,0.0,0.0,0.0,0.0,14055.0,4.0,22056.0,6868.0,4.0,22069.0
49.947716055990895,0.0,0.0,0.0,0.0,0.0,0.0,0.0,0.0,0.0,0.0,0.0,0.0,0.0,14056.0,4.0,22076.0,6869.0,4.0,22089.0
49.969159369997215,0.0,0.0,0.0,0.0,0.0,0.0,0.0,0.0,0.0,0.0,0.0,0.0,0.0,14057.0,4.0,22096.0,6870.0,4.0,22109.0
49.998455736000324,0.0,0.0,0.0,0.0,0.0,0.0,0.0,0.0,0.0,0.0,0.0,0.0,0.0,14059.0,4.0,22136.0,6871.0,4.0,22139.0
50.00511525099864,0.0,0.0,0.0,0.0,0.0,0.0,0.0,0.0,0.0,0.0,0.0,0.0,0.0,14059.0,4.0,22136.0,6872.0,4.0,22146.0
50.03889716499543,0.0,0.0,0.0,0.0,0.0,0.0,0.0,0.0,0.0,0.0,0.0,0.0,0.0,14061.0,4.0,22176.0,6873.0,4.0,22179.0
50.0443749549886,0.0,0.0,0.0,0.0,0.0,0.0,0.0,0.0,0.0,0.0,0.0,0.0,0.0,14061.0,4.0,22176.0,6874.0,4.0,22186.0
50.08037789299851,0.0,0.0,0.0,0.0,0.0,0.0,0.0,0.0,0.0,0.0,0.0,0.0,0.0,14063.0,4.0,22216.0,6875.0,4.0,22219.0
50.09031326099648,0.0,0.0,0.0,0.0,0.0,0.0,0.0,0.0,0.0,0.0,0.0,0.0,0.0,14063.0,4.0,22216.0,6876.0,4.0,22231.0
50.108257798987324,0.0,0.0,0.0,0.0,0.0,0.0,0.0,0.0,0.0,0.0,0.0,0.0,0.0,14064.0,4.0,22236.0,6877.0,4.0,22249.0
50.12897250999231,0.0,0.0,0.0,0.0,0.0,0.0,0.0,0.0,0.0,0.0,0.0,0.0,0.0,14065.0,4.0,22256.0,6878.0,4.0,22269.0
50.15817967998737,0.0,0.0,0.0,0.0,0.0,0.0,0.0,0.0,0.0,0.0,0.0,0.0,0.0,14067.0,4.0,22296.0,6879.0,4.0,22299.0
50.16554008598905,0.0,0.0,0.0,0.0,0.0,0.0,0.0,0.0,0.0,0.0,0.0,0.0,0.0,14067.0,4.0,22296.0,6880.0,4.0,22306.0
50.188473326998064,0.0,0.0,0.0,0.0,0.0,0.0,0.0,0.0,0.0,0.0,0.0,0.0,0.0,14068.0,4.0,22316.0,6881.0,4.0,22329.0
50.30893990099139,0.0,0.0,0.0,0.0,0.0,0.0,0.0,0.0,0.0,0.0,0.0,0.0,0.0,14069.0,4.0,22336.0,6882.0,4.0,22349.0
50.309163405996514,0.0,0.0,0.0,0.0,0.0,0.0,0.0,0.0,0.0,0.0,0.0,0.0,0.0,14074.0,4.0,22436.0,6886.0,4.0,22439.0
50.30923993799661,0.0,0.0,0.0,0.0,0.0,0.0,0.0,0.0,0.0,0.0,0.0,0.0,0.0,14074.0,4.0,22436.0,6887.0,4.0,22446.0
50.340286413993454,0.0,0.0,0.0,0.0,0.0,0.0,0.0,0.0,0.0,0.0,0.0,0.0,0.0,14076.0,4.0,22476.0,6888.0,4.0,22479.0
50.34537998199812,0.0,0.0,0.0,0.0,0.0,0.0,0.0,0.0,0.0,0.0,0.0,0.0,0.0,14076.0,4.0,22476.0,6889.0,4.0,22486.0
50.378712252990226,0.0,0.0,0.0,0.0,0.0,0.0,0.0,0.0,0.0,0.0,0.0,0.0,0.0,14078.0,4.0,22515.0,6890.0,4.0,22519.0
50.392357258999255,0.0,0.0,0.0,0.0,0.0,0.0,0.0,0.0,0.0,0.0,0.0,0.0,0.0,14078.0,4.0,22515.0,6891.0,4.0,22530.0
50.408641134999925,0.0,0.0,0.0,0.0,0.0,0.0,0.0,0.0,0.0,0.0,0.0,0.0,0.0,14079.0,4.0,22536.0,6892.0,4.0,22549.0
50.51282540499233,0.0,0.0,0.0,0.0,0.0,0.0,0.0,0.0,0.0,0.0,0.0,0.0,0.0,14084.0,4.0,22636.0,6896.0,4.0,22639.0
50.51290445199993,0.0,0.0,0.0,0.0,0.0,0.0,0.0,0.0,0.0,0.0,0.0,0.0,0.0,14084.0,4.0,22636.0,6897.0,4.0,22646.0
50.537534494986176,0.0,0.0,0.0,0.0,0.0,0.0,0.0,0.0,0.0,0.0,0.0,0.0,0.0,14086.0,4.0,22675.0,6898.0,4.0,22679.0
50.54585196900007,0.0,0.0,0.0,0.0,0.0,0.0,0.0,0.0,0.0,0.0,0.0,0.0,0.0,14086.0,4.0,22675.0,6899.0,4.0,22686.0
50.579200670996215,0.0,0.0,0.0,0.0,0.0,0.0,0.0,0.0,0.0,0.0,0.0,0.0,0.0,14088.0,4.0,22715.0,6900.0,4.0,22719.0
50.592329046994564,0.0,0.0,0.0,0.0,0.0,0.0,0.0,0.0,0.0,0.0,0.0,0.0,0.0,14088.0,4.0,22715.0,6901.0,4.0,22730.0
50.60732185599045,0.0,0.0,0.0,0.0,0.0,0.0,0.0,0.0,0.0,0.0,0.0,0.0,0.0,14089.0,4.0,22736.0,6902.0,4.0,22749.0
50.63058687499142,0.0,0.0,0.0,0.0,0.0,0.0,0.0,0.0,0.0,0.0,0.0,0.0,0.0,14090.0,4.0,22756.0,6903.0,4.0,22769.0
50.75486861199897,0.0,0.0,0.0,0.0,0.0,0.0,0.0,0.0,0.0,0.0,0.0,0.0,0.0,14094.0,4.0,22836.0,6906.0,4.0,22839.0
50.755054936991655,0.0,0.0,0.0,0.0,0.0,0.0,0.0,0.0,0.0,0.0,0.0,0.0,0.0,14094.0,4.0,22836.0,6907.0,4.0,22846.0
50.75513614800002,0.0,0.0,0.0,0.0,0.0,0.0,0.0,0.0,0.0,0.0,0.0,0.0,0.0,14096.0,4.0,22876.0,6908.0,4.0,22879.0
50.75520204099303,0.0,0.0,0.0,0.0,0.0,0.0,0.0,0.0,0.0,0.0,0.0,0.0,0.0,14096.0,4.0,22876.0,6909.0,4.0,22886.0
50.77931959199486,0.0,0.0,0.0,0.0,0.0,0.0,0.0,0.0,0.0,0.0,0.0,0.0,0.0,14098.0,4.0,22916.0,6910.0,4.0,22919.0
50.79070306899666,0.0,0.0,0.0,0.0,0.0,0.0,0.0,0.0,0.0,0.0,0.0,0.0,0.0,14098.0,4.0,22916.0,6911.0,4.0,22931.0
50.80810901899531,0.0,0.0,0.0,0.0,0.0,0.0,0.0,0.0,0.0,0.0,0.0,0.0,0.0,14099.0,4.0,22936.0,6912.0,4.0,22949.0
50.838819080992835,0.0,0.0,0.0,0.0,0.0,0.0,0.0,0.0,0.0,0.0,0.0,0.0,0.0,14100.0,4.0,22956.0,6913.0,4.0,22969.0
50.85112292699341,0.0,0.0,0.0,0.0,0.0,0.0,0.0,0.0,0.0,0.0,0.0,0.0,0.0,14101.0,4.0,22976.0,6914.0,4.0,22989.0
50.98339438899711,0.0,0.0,0.0,0.0,0.0,0.0,0.0,0.0,0.0,0.0,0.0,0.0,0.0,14104.0,4.0,23036.0,6916.0,4.0,23040.0
50.98375013998884,0.0,0.0,0.0,0.0,0.0,0.0,0.0,0.0,0.0,0.0,0.0,0.0,0.0,14104.0,4.0,23036.0,6917.0,4.0,23048.0
50.98399274999974,0.0,0.0,0.0,0.0,0.0,0.0,0.0,0.0,0.0,0.0,0.0,0.0,0.0,14106.0,4.0,23075.0,6918.0,4.0,23079.0
50.984226083994145,0.0,0.0,0.0,0.0,0.0,0.0,0.0,0.0,0.0,0.0,0.0,0.0,0.0,14106.0,4.0,23075.0,6919.0,4.0,23086.0
50.99025464699662,0.0,0.0,0.0,0.0,0.0,0.0,0.0,0.0,0.0,0.0,0.0,0.0,0.0,14108.0,4.0,23116.0,6921.0,4.0,23129.0
51.00920267999754,0.0,0.0,0.0,0.0,0.0,0.0,0.0,0.0,0.0,0.0,0.0,0.0,0.0,14109.0,4.0,23136.0,6922.0,4.0,23149.0
51.02822373899107,0.0,0.0,0.0,0.0,0.0,0.0,0.0,0.0,0.0,0.0,0.0,0.0,0.0,14110.0,4.0,23156.0,6923.0,4.0,23169.0
51.046716495999135,0.0,0.0,0.0,0.0,0.0,0.0,0.0,0.0,0.0,0.0,0.0,0.0,0.0,14111.0,4.0,23176.0,6924.0,4.0,23189.0
51.12803709199943,0.0,0.0,0.0,0.0,0.0,0.0,0.0,0.0,0.0,0.0,0.0,0.0,0.0,14113.0,4.0,23216.0,6926.0,4.0,23231.0
51.128392391998204,0.0,0.0,0.0,0.0,0.0,0.0,0.0,0.0,0.0,0.0,0.0,0.0,0.0,14114.0,4.0,23236.0,6927.0,4.0,23249.0
51.22275498499221,0.0,0.0,0.0,0.0,0.0,0.0,0.0,0.0,0.0,0.0,0.0,0.0,0.0,14115.0,4.0,23256.0,6928.0,4.0,23269.0
51.223179262990016,0.0,0.0,0.0,0.0,0.0,0.0,0.0,0.0,0.0,0.0,0.0,0.0,0.0,14119.0,4.0,23336.0,6931.0,4.0,23339.0
51.22326616398641,0.0,0.0,0.0,0.0,0.0,0.0,0.0,0.0,0.0,0.0,0.0,0.0,0.0,14119.0,4.0,23336.0,6932.0,4.0,23345.0
51.238261587990564,0.0,0.0,0.0,0.0,0.0,0.0,0.0,0.0,0.0,0.0,0.0,0.0,0.0,14121.0,4.0,23376.0,6933.0,4.0,23379.0
51.24586917299894,0.0,0.0,0.0,0.0,0.0,0.0,0.0,0.0,0.0,0.0,0.0,0.0,0.0,14121.0,4.0,23376.0,6934.0,4.0,23386.0
51.27761534998717,0.0,0.0,0.0,0.0,0.0,0.0,0.0,0.0,0.0,0.0,0.0,0.0,0.0,14123.0,4.0,23416.0,6935.0,4.0,23419.0
51.292129219000344,0.0,0.0,0.0,0.0,0.0,0.0,0.0,0.0,0.0,0.0,0.0,0.0,0.0,14123.0,4.0,23416.0,6936.0,4.0,23431.0
51.412874835994444,0.0,0.0,0.0,0.0,0.0,0.0,0.0,0.0,0.0,0.0,0.0,0.0,0.0,14124.0,4.0,23436.0,6937.0,4.0,23449.0
51.413162349999766,0.0,0.0,0.0,0.0,0.0,0.0,0.0,0.0,0.0,0.0,0.0,0.0,0.0,14129.0,4.0,23536.0,6941.0,4.0,23540.0
51.41322981499252,0.0,0.0,0.0,0.0,0.0,0.0,0.0,0.0,0.0,0.0,0.0,0.0,0.0,14129.0,4.0,23536.0,6942.0,4.0,23548.0
51.43804264899518,0.0,0.0,0.0,0.0,0.0,0.0,0.0,0.0,0.0,0.0,0.0,0.0,0.0,14131.0,4.0,23576.0,6943.0,4.0,23579.0
51.44727076499839,0.0,0.0,0.0,0.0,0.0,0.0,0.0,0.0,0.0,0.0,0.0,0.0,0.0,14131.0,4.0,23576.0,6944.0,4.0,23586.0
51.479549020994455,0.0,0.0,0.0,0.0,0.0,0.0,0.0,0.0,0.0,0.0,0.0,0.0,0.0,14133.0,4.0,23616.0,6945.0,4.0,23619.0
51.492046938990825,0.0,0.0,0.0,0.0,0.0,0.0,0.0,0.0,0.0,0.0,0.0,0.0,0.0,14133.0,4.0,23616.0,6946.0,4.0,23631.0
51.50810329298838,0.0,0.0,0.0,0.0,0.0,0.0,0.0,0.0,0.0,0.0,0.0,0.0,0.0,14134.0,4.0,23636.0,6947.0,4.0,23649.0
51.63225095999951,0.0,0.0,0.0,0.0,0.0,0.0,0.0,0.0,0.0,0.0,0.0,0.0,0.0,14139.0,4.0,23736.0,6951.0,4.0,23739.0
51.63254861198948,0.0,0.0,0.0,0.0,0.0,0.0,0.0,0.0,0.0,0.0,0.0,0.0,0.0,14139.0,4.0,23736.0,6952.0,4.0,23746.0
51.64131066198752,0.0,0.0,0.0,0.0,0.0,0.0,0.0,0.0,0.0,0.0,0.0,0.0,0.0,14141.0,4.0,23776.0,6953.0,4.0,23779.0
51.64624645799631,0.0,0.0,0.0,0.0,0.0,0.0,0.0,0.0,0.0,0.0,0.0,0.0,0.0,14141.0,4.0,23776.0,6954.0,4.0,23786.0
51.68241003899311,0.0,0.0,0.0,0.0,0.0,0.0,0.0,0.0,0.0,0.0,0.0,0.0,0.0,14143.0,4.0,23816.0,6955.0,4.0,23819.0
51.69010730199807,0.0,0.0,0.0,0.0,0.0,0.0,0.0,0.0,0.0,0.0,0.0,0.0,0.0,14143.0,4.0,23816.0,6956.0,4.0,23831.0
51.7188931129931,0.0,0.0,0.0,0.0,0.0,0.0,0.0,0.0,0.0,0.0,0.0,0.0,0.0,14144.0,4.0,23836.0,6957.0,4.0,23849.0
51.75810276099946,0.0,0.0,0.0,0.0,0.0,0.0,0.0,0.0,0.0,0.0,0.0,0.0,0.0,14146.0,4.0,23876.0,6958.0,4.0,23879.0
51.7584495649935,0.0,0.0,0.0,0.0,0.0,0.0,0.0,0.0,0.0,0.0,0.0,0.0,0.0,14146.0,4.0,23876.0,6959.0,4.0,23886.0
51.8500698919961,0.0,0.0,0.0,0.0,0.0,0.0,0.0,0.0,0.0,0.0,0.0,0.0,0.0,14148.0,4.0,23916.0,6961.0,4.0,23931.0
51.85026165799354,0.0,0.0,0.0,0.0,0.0,0.0,0.0,0.0,0.0,0.0,0.0,0.0,0.0,14149.0,4.0,23936.0,6962.0,4.0,23949.0
51.85032820199558,0.0,0.0,0.0,0.0,0.0,0.0,0.0,0.0,0.0,0.0,0.0,0.0,0.0,14150.0,4.0,23956.0,6963.0,4.0,23969.0
51.85038693099341,0.0,0.0,0.0,0.0,0.0,0.0,0.0,0.0,0.0,0.0,0.0,0.0,0.0,14151.0,4.0,23976.0,6964.0,4.0,23989.0
51.869256047997624,0.0,0.0,0.0,0.0,0.0,0.0,0.0,0.0,0.0,0.0,0.0,0.0,0.0,14152.0,4.0,23996.0,6965.0,4.0,24009.0
51.90449166599137,0.0,0.0,0.0,0.0,0.0,0.0,0.0,0.0,0.0,0.0,0.0,0.0,0.0,14154.0,4.0,24036.0,6966.0,4.0,24040.0
51.90708630399604,0.0,0.0,0.0,0.0,0.0,0.0,0.0,0.0,0.0,0.0,0.0,0.0,0.0,14154.0,4.0,24036.0,6967.0,4.0,24047.0
51.93933374399785,0.0,0.0,0.0,0.0,0.0,0.0,0.0,0.0,0.0,0.0,0.0,0.0,0.0,14156.0,4.0,24075.0,6968.0,4.0,24079.0
51.94483882599161,0.0,0.0,0.0,0.0,0.0,0.0,0.0,0.0,0.0,0.0,0.0,0.0,0.0,14156.0,4.0,24075.0,6969.0,4.0,24086.0
52.0712714149995,0.0,0.0,0.0,0.0,0.0,0.0,0.0,0.0,0.0,0.0,0.0,0.0,0.0,14158.0,4.0,24116.0,6971.0,4.0,24130.0
52.071747689988115,0.0,0.0,0.0,0.0,0.0,0.0,0.0,0.0,0.0,0.0,0.0,0.0,0.0,14159.0,4.0,24136.0,6972.0,4.0,24149.0
52.071855970993056,0.0,0.0,0.0,0.0,0.0,0.0,0.0,0.0,0.0,0.0,0.0,0.0,0.0,14160.0,4.0,24156.0,6973.0,4.0,24169.0
52.07191431899264,0.0,0.0,0.0,0.0,0.0,0.0,0.0,0.0,0.0,0.0,0.0,0.0,0.0,14161.0,4.0,24176.0,6974.0,4.0,24189.0
52.07197020298918,0.0,0.0,0.0,0.0,0.0,0.0,0.0,0.0,0.0,0.0,0.0,0.0,0.0,14162.0,4.0,24196.0,6975.0,4.0,24209.0
52.09912327298662,0.0,0.0,0.0,0.0,0.0,0.0,0.0,0.0,0.0,0.0,0.0,0.0,0.0,14164.0,4.0,24236.0,6976.0,4.0,24239.0
52.104952716996195,0.0,0.0,0.0,0.0,0.0,0.0,0.0,0.0,0.0,0.0,0.0,0.0,0.0,14164.0,4.0,24236.0,6977.0,4.0,24246.0
52.138609222995,0.0,0.0,0.0,0.0,0.0,0.0,0.0,0.0,0.0,0.0,0.0,0.0,0.0,14166.0,4.0,24276.0,6978.0,4.0,24279.0
52.1523802439915,0.0,0.0,0.0,0.0,0.0,0.0,0.0,0.0,0.0,0.0,0.0,0.0,0.0,14166.0,4.0,24276.0,6979.0,4.0,24293.0
52.298431993986014,0.0,0.0,0.0,0.0,0.0,0.0,0.0,0.0,0.0,0.0,0.0,0.0,0.0,14174.0,4.0,24436.0,6986.0,4.0,24439.0
52.304963612987194,0.0,0.0,0.0,0.0,0.0,0.0,0.0,0.0,0.0,0.0,0.0,0.0,0.0,14174.0,4.0,24436.0,6987.0,4.0,24446.0
52.337819371998194,0.0,0.0,0.0,0.0,0.0,0.0,0.0,0.0,0.0,0.0,0.0,0.0,0.0,14176.0,4.0,24475.0,6988.0,4.0,24479.0
52.34941520499706,0.0,0.0,0.0,0.0,0.0,0.0,0.0,0.0,0.0,0.0,0.0,0.0,0.0,14176.0,4.0,24475.0,6989.0,4.0,24486.0
52.37825620098738,0.0,0.0,0.0,0.0,0.0,0.0,0.0,0.0,0.0,0.0,0.0,0.0,0.0,14178.0,4.0,24516.0,6990.0,4.0,24519.0
52.3899488439929,0.0,0.0,0.0,0.0,0.0,0.0,0.0,0.0,0.0,0.0,0.0,0.0,0.0,14178.0,4.0,24516.0,6991.0,4.0,24531.0
52.463445933986804,0.0,0.0,0.0,0.0,0.0,0.0,0.0,0.0,0.0,0.0,0.0,0.0,0.0,14179.0,4.0,24536.0,6992.0,4.0,24549.0
52.463904044998344,0.0,0.0,0.0,0.0,0.0,0.0,0.0,0.0,0.0,0.0,0.0,0.0,0.0,14180.0,4.0,24556.0,6993.0,4.0,24569.0
52.4641818109958,0.0,0.0,0.0,0.0,0.0,0.0,0.0,0.0,0.0,0.0,0.0,0.0,0.0,14181.0,4.0,24576.0,6994.0,4.0,24589.0
52.503354852990014,0.0,0.0,0.0,0.0,0.0,0.0,0.0,0.0,0.0,0.0,0.0,0.0,0.0,14184.0,4.0,24636.0,6996.0,4.0,24639.0
52.508545441989554,0.0,0.0,0.0,0.0,0.0,0.0,0.0,0.0,0.0,0.0,0.0,0.0,0.0,14184.0,4.0,24636.0,6997.0,4.0,24646.0
52.53832560199953,0.0,0.0,0.0,0.0,0.0,0.0,0.0,0.0,0.0,0.0,0.0,0.0,0.0,14186.0,4.0,24676.0,6998.0,4.0,24679.0
52.544970530987484,0.0,0.0,0.0,0.0,0.0,0.0,0.0,0.0,0.0,0.0,0.0,0.0,0.0,14186.0,4.0,24676.0,6999.0,4.0,24686.0
52.57827346299018,0.0,0.0,0.0,0.0,0.0,0.0,0.0,0.0,0.0,0.0,0.0,0.0,0.0,14188.0,4.0,24716.0,7000.0,4.0,24719.0
52.59263056398777,0.0,0.0,0.0,0.0,0.0,0.0,0.0,0.0,0.0,0.0,0.0,0.0,0.0,14188.0,4.0,24716.0,7001.0,4.0,24731.0
52.60792806999234,0.0,0.0,0.0,0.0,0.0,0.0,0.0,0.0,0.0,0.0,0.0,0.0,0.0,14189.0,4.0,24736.0,7002.0,4.0,24749.0
52.730639848989085,0.0,0.0,0.0,0.0,0.0,0.0,0.0,0.0,0.0,0.0,0.0,0.0,0.0,14194.0,4.0,24836.0,7006.0,4.0,24839.0
52.73082729798625,0.0,0.0,0.0,0.0,0.0,0.0,0.0,0.0,0.0,0.0,0.0,0.0,0.0,14194.0,4.0,24836.0,7007.0,4.0,24846.0
52.73780135798734,0.0,0.0,0.0,0.0,0.0,0.0,0.0,0.0,0.0,0.0,0.0,0.0,0.0,14196.0,4.0,24875.0,7008.0,4.0,24879.0
52.74658038000052,0.0,0.0,0.0,0.0,0.0,0.0,0.0,0.0,0.0,0.0,0.0,0.0,0.0,14196.0,4.0,24875.0,7009.0,4.0,24886.0
52.778487168994616,0.0,0.0,0.0,0.0,0.0,0.0,0.0,0.0,0.0,0.0,0.0,0.0,0.0,14198.0,4.0,24916.0,7010.0,4.0,24919.0
52.791255789998104,0.0,0.0,0.0,0.0,0.0,0.0,0.0,0.0,0.0,0.0,0.0,0.0,0.0,14198.0,4.0,24916.0,7011.0,4.0,24931.0
52.808155251987046,0.0,0.0,0.0,0.0,0.0,0.0,0.0,0.0,0.0,0.0,0.0,0.0,0.0,14199.0,4.0,24936.0,7012.0,4.0,24949.0
52.83383287399192,0.0,0.0,0.0,0.0,0.0,0.0,0.0,0.0,0.0,0.0,0.0,0.0,0.0,14200.0,4.0,24956.0,7013.0,4.0,24969.0
52.89130039799784,0.0,0.0,0.0,0.0,0.0,0.0,0.0,0.0,0.0,0.0,0.0,0.0,0.0,14203.0,4.0,25016.0,7016.0,4.0,25029.0
52.95042579098663,0.0,0.0,0.0,0.0,0.0,0.0,0.0,0.0,0.0,0.0,0.0,0.0,0.0,14204.0,4.0,25036.0,7017.0,4.0,25049.0
52.95084088099247,0.0,0.0,0.0,0.0,0.0,0.0,0.0,0.0,0.0,0.0,0.0,0.0,0.0,14205.0,4.0,25056.0,7018.0,4.0,25069.0
52.951208673999645,0.0,0.0,0.0,0.0,0.0,0.0,0.0,0.0,0.0,0.0,0.0,0.0,0.0,14206.0,4.0,25076.0,7019.0,4.0,25089.0
52.97919594499399,0.0,0.0,0.0,0.0,0.0,0.0,0.0,0.0,0.0,0.0,0.0,0.0,0.0,14208.0,4.0,25116.0,7020.0,4.0,25119.0
52.98982914999942,0.0,0.0,0.0,0.0,0.0,0.0,0.0,0.0,0.0,0.0,0.0,0.0,0.0,14208.0,4.0,25116.0,7021.0,4.0,25131.0
53.00805194900022,0.0,0.0,0.0,0.0,0.0,0.0,0.0,0.0,0.0,0.0,0.0,0.0,0.0,14209.0,4.0,25136.0,7022.0,4.0,25149.0
53.03035282099154,0.0,0.0,0.0,0.0,0.0,0.0,0.0,0.0,0.0,0.0,0.0,0.0,0.0,14210.0,4.0,25156.0,7023.0,4.0,25169.0
53.05037714498758,0.0,0.0,0.0,0.0,0.0,0.0,0.0,0.0,0.0,0.0,0.0,0.0,0.0,14211.0,4.0,25176.0,7024.0,4.0,25189.0
53.16876601699914,0.0,0.0,0.0,0.0,0.0,0.0,0.0,0.0,0.0,0.0,0.0,0.0,0.0,14214.0,4.0,25236.0,7026.0,4.0,25239.0
53.16936614099541,0.0,0.0,0.0,0.0,0.0,0.0,0.0,0.0,0.0,0.0,0.0,0.0,0.0,14214.0,4.0,25236.0,7027.0,4.0,25246.0
53.16946114799066,0.0,0.0,0.0,0.0,0.0,0.0,0.0,0.0,0.0,0.0,0.0,0.0,0.0,14216.0,4.0,25275.0,7028.0,4.0,25279.0
53.16952663898701,0.0,0.0,0.0,0.0,0.0,0.0,0.0,0.0,0.0,0.0,0.0,0.0,0.0,14216.0,4.0,25275.0,7029.0,4.0,25286.0
53.17800195699965,0.0,0.0,0.0,0.0,0.0,0.0,0.0,0.0,0.0,0.0,0.0,0.0,0.0,14218.0,4.0,25315.0,7030.0,4.0,25319.0
53.18995580499177,0.0,0.0,0.0,0.0,0.0,0.0,0.0,0.0,0.0,0.0,0.0,0.0,0.0,14218.0,4.0,25315.0,7031.0,4.0,25331.0
53.20931044599274,0.0,0.0,0.0,0.0,0.0,0.0,0.0,0.0,0.0,0.0,0.0,0.0,0.0,14219.0,4.0,25336.0,7032.0,4.0,25349.0
53.2297500709974,0.0,0.0,0.0,0.0,0.0,0.0,0.0,0.0,0.0,0.0,0.0,0.0,0.0,14220.0,4.0,25356.0,7033.0,4.0,25369.0
53.247874246997526,0.0,0.0,0.0,0.0,0.0,0.0,0.0,0.0,0.0,0.0,0.0,0.0,0.0,14221.0,4.0,25376.0,7034.0,4.0,25389.0
53.26768949299003,0.0,0.0,0.0,0.0,0.0,0.0,0.0,0.0,0.0,0.0,0.0,0.0,0.0,14222.0,4.0,25396.0,7035.0,4.0,25409.0
53.390745214986964,0.0,0.0,0.0,0.0,0.0,0.0,0.0,0.0,0.0,0.0,0.0,0.0,0.0,14228.0,4.0,25515.0,7041.0,4.0,25531.0
53.411403226986295,0.0,0.0,0.0,0.0,0.0,0.0,0.0,0.0,0.0,0.0,0.0,0.0,0.0,14229.0,4.0,25536.0,7042.0,4.0,25549.0
53.42840525999782,0.0,0.0,0.0,0.0,0.0,0.0,0.0,0.0,0.0,0.0,0.0,0.0,0.0,14230.0,4.0,25556.0,7043.0,4.0,25569.0
53.4556700510002,0.0,0.0,0.0,0.0,0.0,0.0,0.0,0.0,0.0,0.0,0.0,0.0,0.0,14231.0,4.0,25576.0,7044.0,4.0,25589.0
53.468180603988,0.0,0.0,0.0,0.0,0.0,0.0,0.0,0.0,0.0,0.0,0.0,0.0,0.0,14232.0,4.0,25596.0,7045.0,4.0,25609.0
53.569554996996885,0.0,0.0,0.0,0.0,0.0,0.0,0.0,0.0,0.0,0.0,0.0,0.0,0.0,14234.0,4.0,25636.0,7046.0,4.0,25639.0
53.570000464998884,0.0,0.0,0.0,0.0,0.0,0.0,0.0,0.0,0.0,0.0,0.0,0.0,0.0,14234.0,4.0,25636.0,7047.0,4.0,25646.0
53.570580481988145,0.0,0.0,0.0,0.0,0.0,0.0,0.0,0.0,0.0,0.0,0.0,0.0,0.0,14236.0,4.0,25675.0,7048.0,4.0,25679.0
53.57067440598621,0.0,0.0,0.0,0.0,0.0,0.0,0.0,0.0,0.0,0.0,0.0,0.0,0.0,14236.0,4.0,25675.0,7049.0,4.0,25686.0
53.60955244398792,0.0,0.0,0.0,0.0,0.0,0.0,0.0,0.0,0.0,0.0,0.0,0.0,0.0,14238.0,4.0,25716.0,7051.0,4.0,25731.0
53.609650264988886,0.0,0.0,0.0,0.0,0.0,0.0,0.0,0.0,0.0,0.0,0.0,0.0,0.0,14239.0,4.0,25736.0,7052.0,4.0,25749.0
53.630913881992456,0.0,0.0,0.0,0.0,0.0,0.0,0.0,0.0,0.0,0.0,0.0,0.0,0.0,14240.0,4.0,25756.0,7053.0,4.0,25770.0
53.64846721899812,0.0,0.0,0.0,0.0,0.0,0.0,0.0,0.0,0.0,0.0,0.0,0.0,0.0,14241.0,4.0,25776.0,7054.0,4.0,25789.0
53.67827125599433,0.0,0.0,0.0,0.0,0.0,0.0,0.0,0.0,0.0,0.0,0.0,0.0,0.0,14243.0,4.0,25816.0,7055.0,4.0,25819.0
53.69106788899808,0.0,0.0,0.0,0.0,0.0,0.0,0.0,0.0,0.0,0.0,0.0,0.0,0.0,14243.0,4.0,25816.0,7056.0,4.0,25831.0
53.708405775993015,0.0,0.0,0.0,0.0,0.0,0.0,0.0,0.0,0.0,0.0,0.0,0.0,0.0,14244.0,4.0,25836.0,7057.0,4.0,25849.0
53.82961708799121,0.0,0.0,0.0,0.0,0.0,0.0,0.0,0.0,0.0,0.0,0.0,0.0,0.0,14249.0,4.0,25936.0,7061.0,4.0,25939.0
53.8299309409922,0.0,0.0,0.0,0.0,0.0,0.0,0.0,0.0,0.0,0.0,0.0,0.0,0.0,14249.0,4.0,25936.0,7062.0,4.0,25946.0
53.83885338999971,0.0,0.0,0.0,0.0,0.0,0.0,0.0,0.0,0.0,0.0,0.0,0.0,0.0,14251.0,4.0,25976.0,7063.0,4.0,25979.0
53.844331171989325,0.0,0.0,0.0,0.0,0.0,0.0,0.0,0.0,0.0,0.0,0.0,0.0,0.0,14251.0,4.0,25976.0,7064.0,4.0,25986.0
53.87816418099101,0.0,0.0,0.0,0.0,0.0,0.0,0.0,0.0,0.0,0.0,0.0,0.0,0.0,14253.0,4.0,26016.0,7065.0,4.0,26019.0
53.89117158598674,0.0,0.0,0.0,0.0,0.0,0.0,0.0,0.0,0.0,0.0,0.0,0.0,0.0,14253.0,4.0,26016.0,7066.0,4.0,26031.0
53.90882880598656,0.0,0.0,0.0,0.0,0.0,0.0,0.0,0.0,0.0,0.0,0.0,0.0,0.0,14254.0,4.0,26036.0,7067.0,4.0,26049.0
53.92894863898982,0.0,0.0,0.0,0.0,0.0,0.0,0.0,0.0,0.0,0.0,0.0,0.0,0.0,14255.0,4.0,26056.0,7068.0,4.0,26069.0
54.04970643798879,0.0,0.0,0.0,0.0,0.0,0.0,0.0,0.0,0.0,0.0,0.0,0.0,0.0,14259.0,4.0,26136.0,7071.0,4.0,26139.0
54.049885269996594,0.0,0.0,0.0,0.0,0.0,0.0,0.0,0.0,0.0,0.0,0.0,0.0,0.0,14259.0,4.0,26136.0,7072.0,4.0,26146.0
54.04995808498643,0.0,0.0,0.0,0.0,0.0,0.0,0.0,0.0,0.0,0.0,0.0,0.0,0.0,14261.0,4.0,26176.0,7073.0,4.0,26179.0
54.05003089099773,0.0,0.0,0.0,0.0,0.0,0.0,0.0,0.0,0.0,0.0,0.0,0.0,0.0,14261.0,4.0,26176.0,7074.0,4.0,26186.0
54.07927115999337,0.0,0.0,0.0,0.0,0.0,0.0,0.0,0.0,0.0,0.0,0.0,0.0,0.0,14263.0,4.0,26215.0,7075.0,4.0,26219.0
54.09107101299742,0.0,0.0,0.0,0.0,0.0,0.0,0.0,0.0,0.0,0.0,0.0,0.0,0.0,14263.0,4.0,26215.0,7076.0,4.0,26230.0
54.1177721569984,0.0,0.0,0.0,0.0,0.0,0.0,0.0,0.0,0.0,0.0,0.0,0.0,0.0,14264.0,4.0,26236.0,7077.0,4.0,26249.0
54.128501571991364,0.0,0.0,0.0,0.0,0.0,0.0,0.0,0.0,0.0,0.0,0.0,0.0,0.0,14265.0,4.0,26256.0,7078.0,4.0,26268.0
54.26902378498926,0.0,0.0,0.0,0.0,0.0,0.0,0.0,0.0,0.0,0.0,0.0,0.0,0.0,14267.0,4.0,26295.0,7079.0,4.0,26299.0
54.28089532000013,0.0,0.0,0.0,0.0,0.0,0.0,0.0,0.0,0.0,0.0,0.0,0.0,0.0,14273.0,4.0,26416.0,7080.0,4.0,26420.0
54.29078922299959,0.0,0.0,0.0,0.0,0.0,0.0,0.0,0.0,0.0,0.0,0.0,0.0,0.0,14273.0,4.0,26416.0,7081.0,4.0,26432.0
54.31815099499363,0.0,0.0,0.0,0.0,0.0,0.0,0.0,0.0,0.0,0.0,0.0,0.0,0.0,14275.0,4.0,26456.0,7082.0,4.0,26459.0
54.32437065499835,0.0,0.0,0.0,0.0,0.0,0.0,0.0,0.0,0.0,0.0,0.0,0.0,0.0,14275.0,4.0,26456.0,7083.0,4.0,26466.0
54.35794237999653,0.0,0.0,0.0,0.0,0.0,0.0,0.0,0.0,0.0,0.0,0.0,0.0,0.0,14277.0,4.0,26496.0,7084.0,4.0,26499.0
54.36758165199717,0.0,0.0,0.0,0.0,0.0,0.0,0.0,0.0,0.0,0.0,0.0,0.0,0.0,14277.0,4.0,26496.0,7085.0,4.0,26506.0
54.49822614000004,0.0,0.0,0.0,0.0,0.0,0.0,0.0,0.0,0.0,0.0,0.0,0.0,0.0,14284.0,4.0,26636.0,7091.0,4.0,26639.0
54.504968621986336,0.0,0.0,0.0,0.0,0.0,0.0,0.0,0.0,0.0,0.0,0.0,0.0,0.0,14284.0,4.0,26636.0,7092.0,4.0,26646.0
54.53823804599233,0.0,0.0,0.0,0.0,0.0,0.0,0.0,0.0,0.0,0.0,0.0,0.0,0.0,14286.0,4.0,26676.0,7093.0,4.0,26679.0
54.54515574299148,0.0,0.0,0.0,0.0,0.0,0.0,0.0,0.0,0.0,0.0,0.0,0.0,0.0,14286.0,4.0,26676.0,7094.0,4.0,26686.0
54.577703456991,0.0,0.0,0.0,0.0,0.0,0.0,0.0,0.0,0.0,0.0,0.0,0.0,0.0,14288.0,4.0,26715.0,7095.0,4.0,26719.0
54.58948573798989,0.0,0.0,0.0,0.0,0.0,0.0,0.0,0.0,0.0,0.0,0.0,0.0,0.0,14288.0,4.0,26715.0,7096.0,4.0,26731.0
54.70955335399776,0.0,0.0,0.0,0.0,0.0,0.0,0.0,0.0,0.0,0.0,0.0,0.0,0.0,14294.0,4.0,26836.0,7101.0,4.0,26839.0
54.70972059399355,0.0,0.0,0.0,0.0,0.0,0.0,0.0,0.0,0.0,0.0,0.0,0.0,0.0,14294.0,4.0,26836.0,7102.0,4.0,26846.0
54.74024785599613,0.0,0.0,0.0,0.0,0.0,0.0,0.0,0.0,0.0,0.0,0.0,0.0,0.0,14296.0,4.0,26875.0,7103.0,4.0,26879.0
54.75516202299332,0.0,0.0,0.0,0.0,0.0,0.0,0.0,0.0,0.0,0.0,0.0,0.0,0.0,14296.0,4.0,26875.0,7104.0,4.0,26886.0
54.790824972995324,0.0,0.0,0.0,0.0,0.0,0.0,0.0,0.0,0.0,0.0,0.0,0.0,0.0,14298.0,4.0,26915.0,7106.0,4.0,26930.0
54.807786361998296,0.0,0.0,0.0,0.0,0.0,0.0,0.0,0.0,0.0,0.0,0.0,0.0,0.0,14299.0,4.0,26936.0,7107.0,4.0,26949.0
54.93007320899051,0.0,0.0,0.0,0.0,0.0,0.0,0.0,0.0,0.0,0.0,0.0,0.0,0.0,14304.0,4.0,27036.0,7111.0,4.0,27040.0
54.93055460299365,0.0,0.0,0.0,0.0,0.0,0.0,0.0,0.0,0.0,0.0,0.0,0.0,0.0,14304.0,4.0,27036.0,7112.0,4.0,27048.0
54.937147636999725,0.0,0.0,0.0,0.0,0.0,0.0,0.0,0.0,0.0,0.0,0.0,0.0,0.0,14306.0,4.0,27075.0,7113.0,4.0,27079.0
54.94728901000053,0.0,0.0,0.0,0.0,0.0,0.0,0.0,0.0,0.0,0.0,0.0,0.0,0.0,14306.0,4.0,27075.0,7114.0,4.0,27086.0
54.988947082994855,0.0,0.0,0.0,0.0,0.0,0.0,0.0,0.0,0.0,0.0,0.0,0.0,0.0,14308.0,4.0,27116.0,7116.0,4.0,27129.0
55.00755089199811,0.0,0.0,0.0,0.0,0.0,0.0,0.0,0.0,0.0,0.0,0.0,0.0,0.0,14309.0,4.0,27136.0,7117.0,4.0,27149.0
55.028590273999725,0.0,0.0,0.0,0.0,0.0,0.0,0.0,0.0,0.0,0.0,0.0,0.0,0.0,14310.0,4.0,27156.0,7118.0,4.0,27169.0
55.093505477998406,0.0,0.0,0.0,0.0,0.0,0.0,0.0,0.0,0.0,0.0,0.0,0.0,0.0,14311.0,4.0,27176.0,7119.0,4.0,27189.0
55.1510781859979,0.0,0.0,0.0,0.0,0.0,0.0,0.0,0.0,0.0,0.0,0.0,0.0,0.0,14314.0,4.0,27236.0,7121.0,4.0,27239.0
55.151362643999164,0.0,0.0,0.0,0.0,0.0,0.0,0.0,0.0,0.0,0.0,0.0,0.0,0.0,14314.0,4.0,27236.0,7122.0,4.0,27246.0
55.15143973699014,0.0,0.0,0.0,0.0,0.0,0.0,0.0,0.0,0.0,0.0,0.0,0.0,0.0,14316.0,4.0,27276.0,7123.0,4.0,27279.0
55.151505478992476,0.0,0.0,0.0,0.0,0.0,0.0,0.0,0.0,0.0,0.0,0.0,0.0,0.0,14316.0,4.0,27276.0,7124.0,4.0,27286.0
55.18090051799663,0.0,0.0,0.0,0.0,0.0,0.0,0.0,0.0,0.0,0.0,0.0,0.0,0.0,14318.0,4.0,27316.0,7125.0,4.0,27319.0
55.189821174993995,0.0,0.0,0.0,0.0,0.0,0.0,0.0,0.0,0.0,0.0,0.0,0.0,0.0,14318.0,4.0,27316.0,7126.0,4.0,27331.0
55.20745001299656,0.0,0.0,0.0,0.0,0.0,0.0,0.0,0.0,0.0,0.0,0.0,0.0,0.0,14319.0,4.0,27336.0,7127.0,4.0,27349.0
55.22812527899805,0.0,0.0,0.0,0.0,0.0,0.0,0.0,0.0,0.0,0.0,0.0,0.0,0.0,14320.0,4.0,27356.0,7128.0,4.0,27369.0
55.24774127799901,0.0,0.0,0.0,0.0,0.0,0.0,0.0,0.0,0.0,0.0,0.0,0.0,0.0,14321.0,4.0,27376.0,7129.0,4.0,27389.0
55.36994489398785,0.0,0.0,0.0,0.0,0.0,0.0,0.0,0.0,0.0,0.0,0.0,0.0,0.0,14324.0,4.0,27436.0,7131.0,4.0,27439.0
55.37042759999167,0.0,0.0,0.0,0.0,0.0,0.0,0.0,0.0,0.0,0.0,0.0,0.0,0.0,14324.0,4.0,27436.0,7132.0,4.0,27446.0
55.37065394099045,0.0,0.0,0.0,0.0,0.0,0.0,0.0,0.0,0.0,0.0,0.0,0.0,0.0,14326.0,4.0,27476.0,7133.0,4.0,27479.0
55.370714853997924,0.0,0.0,0.0,0.0,0.0,0.0,0.0,0.0,0.0,0.0,0.0,0.0,0.0,14326.0,4.0,27476.0,7134.0,4.0,27486.0
55.379303343986976,0.0,0.0,0.0,0.0,0.0,0.0,0.0,0.0,0.0,0.0,0.0,0.0,0.0,14328.0,4.0,27516.0,7135.0,4.0,27519.0
55.39983958299854,0.0,0.0,0.0,0.0,0.0,0.0,0.0,0.0,0.0,0.0,0.0,0.0,0.0,14328.0,4.0,27516.0,7136.0,4.0,27531.0
55.40960526900017,0.0,0.0,0.0,0.0,0.0,0.0,0.0,0.0,0.0,0.0,0.0,0.0,0.0,14329.0,4.0,27536.0,7137.0,4.0,27549.0
55.42828539099719,0.0,0.0,0.0,0.0,0.0,0.0,0.0,0.0,0.0,0.0,0.0,0.0,0.0,14330.0,4.0,27556.0,7138.0,4.0,27569.0
55.44781626299664,0.0,0.0,0.0,0.0,0.0,0.0,0.0,0.0,0.0,0.0,0.0,0.0,0.0,14331.0,4.0,27576.0,7139.0,4.0,27589.0
55.467516379998415,0.0,0.0,0.0,0.0,0.0,0.0,0.0,0.0,0.0,0.0,0.0,0.0,0.0,14332.0,4.0,27596.0,7140.0,4.0,27609.0
55.66830922399822,0.0,0.0,0.0,0.0,0.0,0.0,0.0,0.0,0.0,0.0,0.0,0.0,0.0,14338.0,4.0,27716.0,7146.0,4.0,27731.0
55.66867044499668,0.0,0.0,0.0,0.0,0.0,0.0,0.0,0.0,0.0,0.0,0.0,0.0,0.0,14339.0,4.0,27736.0,7147.0,4.0,27749.0
55.66873619699618,0.0,0.0,0.0,0.0,0.0,0.0,0.0,0.0,0.0,0.0,0.0,0.0,0.0,14340.0,4.0,27756.0,7148.0,4.0,27769.0
55.66879575799976,0.0,0.0,0.0,0.0,0.0,0.0,0.0,0.0,0.0,0.0,0.0,0.0,0.0,14341.0,4.0,27776.0,7149.0,4.0,27789.0
55.6695964949904,0.0,0.0,0.0,0.0,0.0,0.0,0.0,0.0,0.0,0.0,0.0,0.0,0.0,14342.0,4.0,27796.0,7150.0,4.0,27809.0
56.10202345099242,0.0,0.0,0.0,0.0,0.0,0.0,0.0,0.0,0.0,0.0,0.0,0.0,0.0,14363.0,4.0,28216.0,7171.0,4.0,28231.0
56.10903771799349,0.0,0.0,0.0,0.0,0.0,0.0,0.0,0.0,0.0,0.0,0.0,0.0,0.0,14364.0,4.0,28236.0,7172.0,4.0,28249.0
56.12857323899516,0.0,0.0,0.0,0.0,0.0,0.0,0.0,0.0,0.0,0.0,0.0,0.0,0.0,14365.0,4.0,28256.0,7173.0,4.0,28269.0
56.14890626099077,0.0,0.0,0.0,0.0,0.0,0.0,0.0,0.0,0.0,0.0,0.0,0.0,0.0,14366.0,4.0,28276.0,7174.0,4.0,28289.0
56.16784542398818,0.0,0.0,0.0,0.0,0.0,0.0,0.0,0.0,0.0,0.0,0.0,0.0,0.0,14367.0,4.0,28296.0,7175.0,4.0,28309.0
56.188227796999854,0.0,0.0,0.0,0.0,0.0,0.0,0.0,0.0,0.0,0.0,0.0,0.0,0.0,14368.0,4.0,28316.0,7176.0,4.0,28329.0
56.61689323899918,0.0,0.0,0.0,0.0,0.0,0.0,0.0,0.0,0.0,0.0,0.0,0.0,0.0,14388.0,4.0,28715.0,7196.0,4.0,28731.0
56.61707851299434,0.0,0.0,0.0,0.0,0.0,0.0,0.0,0.0,0.0,0.0,0.0,0.0,0.0,14389.0,4.0,28736.0,7197.0,4.0,28749.0
56.63002609999967,0.0,0.0,0.0,0.0,0.0,0.0,0.0,0.0,0.0,0.0,0.0,0.0,0.0,14390.0,4.0,28756.0,7198.0,4.0,28769.0
56.649829869988025,0.0,0.0,0.0,0.0,0.0,0.0,0.0,0.0,0.0,0.0,0.0,0.0,0.0,14391.0,4.0,28776.0,7199.0,4.0,28789.0
56.66885178799566,0.0,0.0,0.0,0.0,0.0,0.0,0.0,0.0,0.0,0.0,0.0,0.0,0.0,14392.0,4.0,28796.0,7200.0,4.0,28809.0
56.69874798199453,0.0,0.0,0.0,0.0,0.0,0.0,0.0,0.0,0.0,0.0,0.0,0.0,0.0,14394.0,4.0,28836.0,7201.0,4.0,28839.0
56.70511048899789,0.0,0.0,0.0,0.0,0.0,0.0,0.0,0.0,0.0,0.0,0.0,0.0,0.0,14394.0,4.0,28836.0,7202.0,4.0,28846.0
57.13205439299054,0.0,0.0,0.0,0.0,0.0,0.0,0.0,0.0,0.0,0.0,0.0,0.0,0.0,14414.0,4.0,29236.0,7221.0,4.0,29239.0
57.13224715099204,0.0,0.0,0.0,0.0,0.0,0.0,0.0,0.0,0.0,0.0,0.0,0.0,0.0,14414.0,4.0,29236.0,7222.0,4.0,29246.0
57.1374909899896,0.0,0.0,0.0,0.0,0.0,0.0,0.0,0.0,0.0,0.0,0.0,0.0,0.0,14416.0,4.0,29276.0,7223.0,4.0,29279.0
57.14839269699587,0.0,0.0,0.0,0.0,0.0,0.0,0.0,0.0,0.0,0.0,0.0,0.0,0.0,14416.0,4.0,29276.0,7224.0,4.0,29286.0
57.17768952899496,0.0,0.0,0.0,0.0,0.0,0.0,0.0,0.0,0.0,0.0,0.0,0.0,0.0,14418.0,4.0,29316.0,7225.0,4.0,29319.0
57.1897528529953,0.0,0.0,0.0,0.0,0.0,0.0,0.0,0.0,0.0,0.0,0.0,0.0,0.0,14418.0,4.0,29316.0,7226.0,4.0,29331.0
57.20824266299314,0.0,0.0,0.0,0.0,0.0,0.0,0.0,0.0,0.0,0.0,0.0,0.0,0.0,14419.0,4.0,29336.0,7227.0,4.0,29349.0
57.6488251999981,0.0,0.0,0.0,0.0,0.0,0.0,0.0,0.0,0.0,0.0,0.0,0.0,0.0,14438.0,4.0,29715.0,7246.0,4.0,29731.0
57.64898923499277,0.0,0.0,0.0,0.0,0.0,0.0,0.0,0.0,0.0,0.0,0.0,0.0,0.0,14439.0,4.0,29736.0,7247.0,4.0,29749.0
57.64907131799555,0.0,0.0,0.0,0.0,0.0,0.0,0.0,0.0,0.0,0.0,0.0,0.0,0.0,14440.0,4.0,29756.0,7248.0,4.0,29769.0
57.65102471598948,0.0,0.0,0.0,0.0,0.0,0.0,0.0,0.0,0.0,0.0,0.0,0.0,0.0,14441.0,4.0,29776.0,7249.0,4.0,29789.0
57.68295861699153,0.0,0.0,0.0,0.0,0.0,0.0,0.0,0.0,0.0,0.0,0.0,0.0,0.0,14442.0,4.0,29796.0,7250.0,4.0,29809.0
57.701447144994745,0.0,0.0,0.0,0.0,0.0,0.0,0.0,0.0,0.0,0.0,0.0,0.0,0.0,14444.0,4.0,29836.0,7251.0,4.0,29839.0
57.70998509299534,0.0,0.0,0.0,0.0,0.0,0.0,0.0,0.0,0.0,0.0,0.0,0.0,0.0,14444.0,4.0,29836.0,7252.0,4.0,29846.0
58.143168736991356,0.0,0.0,0.0,0.0,0.0,0.0,0.0,0.0,0.0,0.0,0.0,0.0,0.0,14464.0,4.0,30236.0,7271.0,4.0,30239.0
58.14343645499321,0.0,0.0,0.0,0.0,0.0,0.0,0.0,0.0,0.0,0.0,0.0,0.0,0.0,14464.0,4.0,30236.0,7272.0,4.0,30246.0
58.143546017992776,0.0,0.0,0.0,0.0,0.0,0.0,0.0,0.0,0.0,0.0,0.0,0.0,0.0,14466.0,4.0,30276.0,7273.0,4.0,30279.0
58.145272614987334,0.0,0.0,0.0,0.0,0.0,0.0,0.0,0.0,0.0,0.0,0.0,0.0,0.0,14466.0,4.0,30276.0,7274.0,4.0,30285.0
58.178393730995595,0.0,0.0,0.0,0.0,0.0,0.0,0.0,0.0,0.0,0.0,0.0,0.0,0.0,14468.0,4.0,30316.0,7275.0,4.0,30319.0
58.19776539999293,0.0,0.0,0.0,0.0,0.0,0.0,0.0,0.0,0.0,0.0,0.0,0.0,0.0,14469.0,4.0,30336.0,7276.0,4.0,30338.0
58.218160809992696,0.0,0.0,0.0,0.0,0.0,0.0,0.0,0.0,0.0,0.0,0.0,0.0,0.0,14470.0,4.0,30356.0,7277.0,4.0,30359.0
58.226077964995056,0.0,0.0,0.0,0.0,0.0,0.0,0.0,0.0,0.0,0.0,0.0,0.0,0.0,14470.0,4.0,30356.0,7278.0,4.0,30367.0
58.652143232000526,0.0,0.0,0.0,0.0,0.0,0.0,0.0,0.0,0.0,0.0,0.0,0.0,0.0,14489.0,4.0,30736.0,7296.0,4.0,30739.0
58.65232450798794,0.0,0.0,0.0,0.0,0.0,0.0,0.0,0.0,0.0,0.0,0.0,0.0,0.0,14489.0,4.0,30736.0,7297.0,4.0,30746.0
58.65239498899609,0.0,0.0,0.0,0.0,0.0,0.0,0.0,0.0,0.0,0.0,0.0,0.0,0.0,14491.0,4.0,30776.0,7298.0,4.0,30779.0
58.652454829993076,0.0,0.0,0.0,0.0,0.0,0.0,0.0,0.0,0.0,0.0,0.0,0.0,0.0,14491.0,4.0,30776.0,7299.0,4.0,30786.0
58.67811333799909,0.0,0.0,0.0,0.0,0.0,0.0,0.0,0.0,0.0,0.0,0.0,0.0,0.0,14493.0,4.0,30815.0,7300.0,4.0,30819.0
58.69051080499776,0.0,0.0,0.0,0.0,0.0,0.0,0.0,0.0,0.0,0.0,0.0,0.0,0.0,14493.0,4.0,30815.0,7301.0,4.0,30831.0
58.707564809999894,0.0,0.0,0.0,0.0,0.0,0.0,0.0,0.0,0.0,0.0,0.0,0.0,0.0,14494.0,4.0,30836.0,7302.0,4.0,30849.0
58.74714303200017,0.0,0.0,0.0,0.0,0.0,0.0,0.0,0.0,0.0,0.0,0.0,0.0,0.0,14496.0,4.0,30876.0,7303.0,4.0,30887.0
59.167406679989654,0.0,0.0,0.0,0.0,0.0,0.0,0.0,0.0,0.0,0.0,0.0,0.0,0.0,14515.0,4.0,31256.0,7321.0,4.0,31259.0
59.16777864100004,0.0,0.0,0.0,0.0,0.0,0.0,0.0,0.0,0.0,0.0,0.0,0.0,0.0,14515.0,4.0,31256.0,7322.0,4.0,31266.0
59.167845845993725,0.0,0.0,0.0,0.0,0.0,0.0,0.0,0.0,0.0,0.0,0.0,0.0,0.0,14517.0,4.0,31296.0,7323.0,4.0,31299.0
59.16790554698673,0.0,0.0,0.0,0.0,0.0,0.0,0.0,0.0,0.0,0.0,0.0,0.0,0.0,14517.0,4.0,31296.0,7324.0,4.0,31305.0
59.19846071899519,0.0,0.0,0.0,0.0,0.0,0.0,0.0,0.0,0.0,0.0,0.0,0.0,0.0,14519.0,4.0,31336.0,7325.0,4.0,31339.0
59.21134935799637,0.0,0.0,0.0,0.0,0.0,0.0,0.0,0.0,0.0,0.0,0.0,0.0,0.0,14519.0,4.0,31336.0,7326.0,4.0,31351.0
59.22882264299551,0.0,0.0,0.0,0.0,0.0,0.0,0.0,0.0,0.0,0.0,0.0,0.0,0.0,14520.0,4.0,31356.0,7327.0,4.0,31369.0
59.24945754998771,0.0,0.0,0.0,0.0,0.0,0.0,0.0,0.0,0.0,0.0,0.0,0.0,0.0,14521.0,4.0,31376.0,7328.0,4.0,31388.0
59.67580427999201,0.0,0.0,0.0,0.0,0.0,0.0,0.0,0.0,0.0,0.0,0.0,0.0,0.0,14540.0,4.0,31756.0,7346.0,4.0,31759.0
59.67597865399148,0.0,0.0,0.0,0.0,0.0,0.0,0.0,0.0,0.0,0.0,0.0,0.0,0.0,14540.0,4.0,31756.0,7347.0,4.0,31766.0
59.67605809199449,0.0,0.0,0.0,0.0,0.0,0.0,0.0,0.0,0.0,0.0,0.0,0.0,0.0,14542.0,4.0,31796.0,7348.0,4.0,31798.0
59.68271800199,0.0,0.0,0.0,0.0,0.0,0.0,0.0,0.0,0.0,0.0,0.0,0.0,0.0,14543.0,4.0,31816.0,7349.0,4.0,31820.0
59.686023551999824,0.0,0.0,0.0,0.0,0.0,0.0,0.0,0.0,0.0,0.0,0.0,0.0,0.0,14543.0,4.0,31816.0,7350.0,4.0,31826.0
59.71019246499054,0.0,0.0,0.0,0.0,0.0,0.0,0.0,0.0,0.0,0.0,0.0,0.0,0.0,14544.0,4.0,31836.0,7351.0,4.0,31849.0
59.73839252498874,0.0,0.0,0.0,0.0,0.0,0.0,0.0,0.0,0.0,0.0,0.0,0.0,0.0,14546.0,4.0,31876.0,7352.0,4.0,31879.0
59.744204910995904,0.0,0.0,0.0,0.0,0.0,0.0,0.0,0.0,0.0,0.0,0.0,0.0,0.0,14546.0,4.0,31876.0,7353.0,4.0,31886.0
