time_s,left_target_rpm,left_actual_rpm,left_raw_pwm,left_final_pwm,right_target_rpm,right_actual_rpm,right_raw_pwm,right_final_pwm,sync_error_rpm,sync_correction_pwm,sync_active,startup_active,startup_fault,control_seq_mod65536,control_time_ms_hi16,control_time_ms_lo16,publish_seq_mod65536,publish_time_ms_hi16,publish_time_ms_lo16
0.09407405400997959,0.0,0.0,0.0,0.0,0.0,0.0,0.0,0.0,0.0,0.0,0.0,0.0,0.0,18563.0,5.0,46680.0,17638.0,5.0,46683.0
0.09424229001160711,0.0,0.0,0.0,0.0,0.0,0.0,0.0,0.0,0.0,0.0,0.0,0.0,0.0,18563.0,5.0,46680.0,17639.0,5.0,46690.0
0.09431503200903535,0.0,0.0,0.0,0.0,0.0,0.0,0.0,0.0,0.0,0.0,0.0,0.0,0.0,18565.0,5.0,46720.0,17640.0,5.0,46723.0
0.0943774810002651,0.0,0.0,0.0,0.0,0.0,0.0,0.0,0.0,0.0,0.0,0.0,0.0,0.0,18565.0,5.0,46720.0,17641.0,5.0,46735.0
0.09443521502544172,0.0,0.0,0.0,0.0,0.0,0.0,0.0,0.0,0.0,0.0,0.0,0.0,0.0,18566.0,5.0,46740.0,17642.0,5.0,46753.0
0.09449123300146312,0.0,0.0,0.0,0.0,0.0,0.0,0.0,0.0,0.0,0.0,0.0,0.0,0.0,18567.0,5.0,46760.0,17643.0,5.0,46773.0
0.0945488870202098,0.0,0.0,0.0,0.0,0.0,0.0,0.0,0.0,0.0,0.0,0.0,0.0,0.0,18568.0,5.0,46780.0,17644.0,5.0,46793.0
0.10873134800931439,0.0,0.0,0.0,0.0,0.0,0.0,0.0,0.0,0.0,0.0,0.0,0.0,0.0,18569.0,5.0,46800.0,17645.0,5.0,46812.0
0.13751697100815363,0.0,0.0,0.0,0.0,0.0,0.0,0.0,0.0,0.0,0.0,0.0,0.0,0.0,18571.0,5.0,46840.0,17646.0,5.0,46843.0
0.1439777020132169,0.0,0.0,0.0,0.0,0.0,0.0,0.0,0.0,0.0,0.0,0.0,0.0,0.0,18571.0,5.0,46840.0,17647.0,5.0,46850.0
0.16573155400692485,0.0,0.0,0.0,0.0,0.0,0.0,0.0,0.0,0.0,0.0,0.0,0.0,0.0,18572.0,5.0,46860.0,17648.0,5.0,46873.0
0.1864884990209248,0.0,0.0,0.0,0.0,0.0,0.0,0.0,0.0,0.0,0.0,0.0,0.0,0.0,18573.0,5.0,46880.0,17649.0,5.0,46893.0
0.2498996070062276,0.0,0.0,0.0,0.0,0.0,0.0,0.0,0.0,0.0,0.0,0.0,0.0,0.0,18574.0,5.0,46900.0,17650.0,5.0,46913.0
0.2500818880216684,0.0,0.0,0.0,0.0,0.0,0.0,0.0,0.0,0.0,0.0,0.0,0.0,0.0,18576.0,5.0,46940.0,17651.0,5.0,46944.0
0.2501500750076957,0.0,0.0,0.0,0.0,0.0,0.0,0.0,0.0,0.0,0.0,0.0,0.0,0.0,18576.0,5.0,46940.0,17652.0,5.0,46951.0
0.26998414800618775,0.0,0.0,0.0,0.0,0.0,0.0,0.0,0.0,0.0,0.0,0.0,0.0,0.0,18577.0,5.0,46960.0,17653.0,5.0,46973.0
0.3090983900183346,0.0,0.0,0.0,0.0,0.0,0.0,0.0,0.0,0.0,0.0,0.0,0.0,0.0,18578.0,5.0,46980.0,17654.0,5.0,46993.0
0.30919932102551684,0.0,0.0,0.0,0.0,0.0,0.0,0.0,0.0,0.0,0.0,0.0,0.0,0.0,18579.0,5.0,47000.0,17655.0,5.0,47014.0
0.3373390560154803,0.0,0.0,0.0,0.0,0.0,0.0,0.0,0.0,0.0,0.0,0.0,0.0,0.0,18581.0,5.0,47040.0,17656.0,5.0,47043.0
0.3442086700233631,0.0,0.0,0.0,0.0,0.0,0.0,0.0,0.0,0.0,0.0,0.0,0.0,0.0,18581.0,5.0,47040.0,17657.0,5.0,47050.0
0.368624777009245,0.0,0.0,0.0,0.0,0.0,0.0,0.0,0.0,0.0,0.0,0.0,0.0,0.0,18582.0,5.0,47060.0,17658.0,5.0,47073.0
0.3872782070247922,0.0,0.0,0.0,0.0,0.0,0.0,0.0,0.0,0.0,0.0,0.0,0.0,0.0,18583.0,5.0,47080.0,17659.0,5.0,47093.0
0.4075260390236508,0.0,0.0,0.0,0.0,0.0,0.0,0.0,0.0,0.0,0.0,0.0,0.0,0.0,18584.0,5.0,47100.0,17660.0,5.0,47113.0
0.5342017790244427,0.0,0.0,0.0,0.0,0.0,0.0,0.0,0.0,0.0,0.0,0.0,0.0,0.0,18586.0,5.0,47140.0,17661.0,5.0,47143.0
0.5344332860258874,0.0,0.0,0.0,0.0,0.0,0.0,0.0,0.0,0.0,0.0,0.0,0.0,0.0,18586.0,5.0,47140.0,17662.0,5.0,47150.0
0.5345123990264256,0.0,0.0,0.0,0.0,0.0,0.0,0.0,0.0,0.0,0.0,0.0,0.0,0.0,18588.0,5.0,47180.0,17663.0,5.0,47183.0
0.5349435830139555,0.0,0.0,0.0,0.0,0.0,0.0,0.0,0.0,0.0,0.0,0.0,0.0,0.0,18588.0,5.0,47180.0,17664.0,5.0,47189.0
0.5350739080167841,0.0,0.0,0.0,0.0,0.0,0.0,0.0,0.0,0.0,0.0,0.0,0.0,0.0,18590.0,5.0,47219.0,17665.0,5.0,47223.0
0.5351430380251259,0.0,0.0,0.0,0.0,0.0,0.0,0.0,0.0,0.0,0.0,0.0,0.0,0.0,18590.0,5.0,47219.0,17666.0,5.0,47235.0
0.5564014410192613,0.0,0.0,0.0,0.0,0.0,0.0,0.0,0.0,0.0,0.0,0.0,0.0,0.0,18591.0,5.0,47240.0,17667.0,5.0,47253.0
0.5679756700119469,0.0,0.0,0.0,0.0,0.0,0.0,0.0,0.0,0.0,0.0,0.0,0.0,0.0,18592.0,5.0,47260.0,17668.0,5.0,47273.0
0.5936400350183249,0.0,0.0,0.0,0.0,0.0,0.0,0.0,0.0,0.0,0.0,0.0,0.0,0.0,18593.0,5.0,47280.0,17669.0,5.0,47292.0
0.607381420006277,0.0,0.0,0.0,0.0,0.0,0.0,0.0,0.0,0.0,0.0,0.0,0.0,0.0,18594.0,5.0,47300.0,17670.0,5.0,47313.0
0.7494023670151364,0.0,0.0,0.0,0.0,0.0,0.0,0.0,0.0,0.0,0.0,0.0,0.0,0.0,18596.0,5.0,47340.0,17671.0,5.0,47343.0
0.7495979480154347,0.0,0.0,0.0,0.0,0.0,0.0,0.0,0.0,0.0,0.0,0.0,0.0,0.0,18596.0,5.0,47340.0,17672.0,5.0,47351.0
0.7496737050241791,0.0,0.0,0.0,0.0,0.0,0.0,0.0,0.0,0.0,0.0,0.0,0.0,0.0,18597.0,5.0,47360.0,17673.0,5.0,47373.0
0.7497345950105228,0.0,0.0,0.0,0.0,0.0,0.0,0.0,0.0,0.0,0.0,0.0,0.0,0.0,18598.0,5.0,47380.0,17674.0,5.0,47393.0
0.7498015250021126,0.0,0.0,0.0,0.0,0.0,0.0,0.0,0.0,0.0,0.0,0.0,0.0,0.0,18599.0,5.0,47400.0,17675.0,5.0,47413.0
0.7498627360037062,0.0,0.0,0.0,0.0,0.0,0.0,0.0,0.0,0.0,0.0,0.0,0.0,0.0,18601.0,5.0,47440.0,17676.0,5.0,47443.0
0.7499210480018519,0.0,0.0,0.0,0.0,0.0,0.0,0.0,0.0,0.0,0.0,0.0,0.0,0.0,18601.0,5.0,47440.0,17677.0,5.0,47450.0
0.7679206350003369,0.0,0.0,0.0,0.0,0.0,0.0,0.0,0.0,0.0,0.0,0.0,0.0,0.0,18602.0,5.0,47460.0,17678.0,5.0,47473.0
0.786754088010639,0.0,0.0,0.0,0.0,0.0,0.0,0.0,0.0,0.0,0.0,0.0,0.0,0.0,18603.0,5.0,47480.0,17679.0,5.0,47493.0
0.8089623900013976,0.0,0.0,0.0,0.0,0.0,0.0,0.0,0.0,0.0,0.0,0.0,0.0,0.0,18604.0,5.0,47500.0,17680.0,5.0,47514.0
0.8371490410063416,0.0,0.0,0.0,0.0,0.0,0.0,0.0,0.0,0.0,0.0,0.0,0.0,0.0,18606.0,5.0,47540.0,17681.0,5.0,47543.0
0.8464081050187815,0.0,0.0,0.0,0.0,0.0,0.0,0.0,0.0,0.0,0.0,0.0,0.0,0.0,18606.0,5.0,47540.0,17682.0,5.0,47550.0
0.9694530310225673,0.0,0.0,0.0,0.0,0.0,0.0,0.0,0.0,0.0,0.0,0.0,0.0,0.0,18607.0,5.0,47560.0,17683.0,5.0,47573.0
0.9699275540187955,0.0,0.0,0.0,0.0,0.0,0.0,0.0,0.0,0.0,0.0,0.0,0.0,0.0,18608.0,5.0,47580.0,17684.0,5.0,47593.0
0.9701920410152525,0.0,0.0,0.0,0.0,0.0,0.0,0.0,0.0,0.0,0.0,0.0,0.0,0.0,18609.0,5.0,47600.0,17685.0,5.0,47613.0
0.9702511260111351,0.0,0.0,0.0,0.0,0.0,0.0,0.0,0.0,0.0,0.0,0.0,0.0,0.0,18611.0,5.0,47640.0,17686.0,5.0,47643.0
0.970308094023494,0.0,0.0,0.0,0.0,0.0,0.0,0.0,0.0,0.0,0.0,0.0,0.0,0.0,18611.0,5.0,47640.0,17687.0,5.0,47650.0
0.9703654230106622,0.0,0.0,0.0,0.0,0.0,0.0,0.0,0.0,0.0,0.0,0.0,0.0,0.0,18612.0,5.0,47660.0,17688.0,5.0,47673.0
0.9884958890033886,0.0,0.0,0.0,0.0,0.0,0.0,0.0,0.0,0.0,0.0,0.0,0.0,0.0,18613.0,5.0,47680.0,17689.0,5.0,47693.0
1.0069478590157814,0.0,0.0,0.0,0.0,0.0,0.0,0.0,0.0,0.0,0.0,0.0,0.0,0.0,18614.0,5.0,47700.0,17690.0,5.0,47713.0
1.0382818190264516,0.0,0.0,0.0,0.0,0.0,0.0,0.0,0.0,0.0,0.0,0.0,0.0,0.0,18616.0,5.0,47740.0,17691.0,5.0,47743.0
1.0444421760039404,0.0,0.0,0.0,0.0,0.0,0.0,0.0,0.0,0.0,0.0,0.0,0.0,0.0,18616.0,5.0,47740.0,17692.0,5.0,47750.0
1.0676890350005124,0.0,0.0,0.0,0.0,0.0,0.0,0.0,0.0,0.0,0.0,0.0,0.0,0.0,18617.0,5.0,47760.0,17693.0,5.0,47773.0
1.1899448040057905,0.0,0.0,0.0,0.0,0.0,0.0,0.0,0.0,0.0,0.0,0.0,0.0,0.0,18618.0,5.0,47780.0,17694.0,5.0,47793.0
1.1901715530257206,0.0,0.0,0.0,0.0,0.0,0.0,0.0,0.0,0.0,0.0,0.0,0.0,0.0,18619.0,5.0,47800.0,17695.0,5.0,47813.0
1.1902471190260258,0.0,0.0,0.0,0.0,0.0,0.0,0.0,0.0,0.0,0.0,0.0,0.0,0.0,18621.0,5.0,47840.0,17696.0,5.0,47843.0
1.1903147210250609,0.0,0.0,0.0,0.0,0.0,0.0,0.0,0.0,0.0,0.0,0.0,0.0,0.0,18621.0,5.0,47840.0,17697.0,5.0,47850.0
1.1903723709983751,0.0,0.0,0.0,0.0,0.0,0.0,0.0,0.0,0.0,0.0,0.0,0.0,0.0,18622.0,5.0,47860.0,17698.0,5.0,47873.0
1.1904288470104802,0.0,0.0,0.0,0.0,0.0,0.0,0.0,0.0,0.0,0.0,0.0,0.0,0.0,18623.0,5.0,47880.0,17699.0,5.0,47893.0
1.208105213008821,0.0,0.0,0.0,0.0,0.0,0.0,0.0,0.0,0.0,0.0,0.0,0.0,0.0,18624.0,5.0,47900.0,17700.0,5.0,47913.0
1.2406721970182844,0.0,0.0,0.0,0.0,0.0,0.0,0.0,0.0,0.0,0.0,0.0,0.0,0.0,18626.0,5.0,47940.0,17701.0,5.0,47943.0
1.2453473010100424,0.0,0.0,0.0,0.0,0.0,0.0,0.0,0.0,0.0,0.0,0.0,0.0,0.0,18626.0,5.0,47940.0,17702.0,5.0,47950.0
1.2776743850263301,0.0,0.0,0.0,0.0,0.0,0.0,0.0,0.0,0.0,0.0,0.0,0.0,0.0,18628.0,5.0,47980.0,17703.0,5.0,47983.0
1.2893640670226887,0.0,0.0,0.0,0.0,0.0,0.0,0.0,0.0,0.0,0.0,0.0,0.0,0.0,18628.0,5.0,47980.0,17704.0,5.0,47990.0
1.3799026090127882,0.0,0.0,0.0,0.0,0.0,0.0,0.0,0.0,0.0,0.0,0.0,0.0,0.0,18629.0,5.0,48000.0,17705.0,5.0,48014.0
1.3800711660005618,0.0,0.0,0.0,0.0,0.0,0.0,0.0,0.0,0.0,0.0,0.0,0.0,0.0,18631.0,5.0,48040.0,17706.0,5.0,48043.0
1.3801470530161168,0.0,0.0,0.0,0.0,0.0,0.0,0.0,0.0,0.0,0.0,0.0,0.0,0.0,18631.0,5.0,48040.0,17707.0,5.0,48050.0
1.3802103610069025,0.0,0.0,0.0,0.0,0.0,0.0,0.0,0.0,0.0,0.0,0.0,0.0,0.0,18632.0,5.0,48060.0,17708.0,5.0,48073.0
1.4002594640187453,0.0,0.0,0.0,0.0,0.0,0.0,0.0,0.0,0.0,0.0,0.0,0.0,0.0,18633.0,5.0,48080.0,17709.0,5.0,48092.0
1.409354946023086,0.0,0.0,0.0,0.0,0.0,0.0,0.0,0.0,0.0,0.0,0.0,0.0,0.0,18634.0,5.0,48100.0,17710.0,5.0,48112.0
1.4390000760031398,0.0,0.0,0.0,0.0,0.0,0.0,0.0,0.0,0.0,0.0,0.0,0.0,0.0,18636.0,5.0,48140.0,17711.0,5.0,48143.0
1.4452521900238935,0.0,0.0,0.0,0.0,0.0,0.0,0.0,0.0,0.0,0.0,0.0,0.0,0.0,18636.0,5.0,48140.0,17712.0,5.0,48150.0
1.4786875889985822,0.0,0.0,0.0,0.0,0.0,0.0,0.0,0.0,0.0,0.0,0.0,0.0,0.0,18638.0,5.0,48180.0,17713.0,5.0,48183.0
1.4883260380011052,0.0,0.0,0.0,0.0,0.0,0.0,0.0,0.0,0.0,0.0,0.0,0.0,0.0,18638.0,5.0,48180.0,17714.0,5.0,48190.0
1.6310106880264357,0.0,0.0,0.0,0.0,0.0,0.0,0.0,0.0,0.0,0.0,0.0,0.0,0.0,18640.0,5.0,48220.0,17715.0,5.0,48223.0
1.6313203860190697,0.0,0.0,0.0,0.0,0.0,0.0,0.0,0.0,0.0,0.0,0.0,0.0,0.0,18640.0,5.0,48220.0,17716.0,5.0,48235.0
1.6313945080037229,0.0,0.0,0.0,0.0,0.0,0.0,0.0,0.0,0.0,0.0,0.0,0.0,0.0,18641.0,5.0,48240.0,17717.0,5.0,48253.0
1.6314596110023558,0.0,0.0,0.0,0.0,0.0,0.0,0.0,0.0,0.0,0.0,0.0,0.0,0.0,18642.0,5.0,48260.0,17718.0,5.0,48273.0
1.6315219560055993,0.0,0.0,0.0,0.0,0.0,0.0,0.0,0.0,0.0,0.0,0.0,0.0,0.0,18643.0,5.0,48280.0,17719.0,5.0,48293.0
1.631584702001419,0.0,0.0,0.0,0.0,0.0,0.0,0.0,0.0,0.0,0.0,0.0,0.0,0.0,18644.0,5.0,48300.0,17720.0,5.0,48313.0
1.6387852710031439,0.0,0.0,0.0,0.0,0.0,0.0,0.0,0.0,0.0,0.0,0.0,0.0,0.0,18646.0,5.0,48340.0,17721.0,5.0,48343.0
1.6459499780030455,0.0,0.0,0.0,0.0,0.0,0.0,0.0,0.0,0.0,0.0,0.0,0.0,0.0,18646.0,5.0,48340.0,17722.0,5.0,48350.0
1.6696342450159136,0.0,0.0,0.0,0.0,0.0,0.0,0.0,0.0,0.0,0.0,0.0,0.0,0.0,18647.0,5.0,48360.0,17723.0,5.0,48373.0
1.6880413400067482,0.0,0.0,0.0,0.0,0.0,0.0,0.0,0.0,0.0,0.0,0.0,0.0,0.0,18648.0,5.0,48380.0,17724.0,5.0,48393.0
1.7097040460212156,0.0,0.0,0.0,0.0,0.0,0.0,0.0,0.0,0.0,0.0,0.0,0.0,0.0,18649.0,5.0,48400.0,17725.0,5.0,48413.0
1.8622671409975737,0.0,0.0,0.0,0.0,0.0,0.0,0.0,0.0,0.0,0.0,0.0,0.0,0.0,18651.0,5.0,48440.0,17726.0,5.0,48443.0
1.8624264700047206,0.0,0.0,0.0,0.0,0.0,0.0,0.0,0.0,0.0,0.0,0.0,0.0,0.0,18651.0,5.0,48440.0,17727.0,5.0,48450.0
1.8624991030083038,0.0,0.0,0.0,0.0,0.0,0.0,0.0,0.0,0.0,0.0,0.0,0.0,0.0,18653.0,5.0,48480.0,17728.0,5.0,48483.0
1.8625621060200501,0.0,0.0,0.0,0.0,0.0,0.0,0.0,0.0,0.0,0.0,0.0,0.0,0.0,18653.0,5.0,48480.0,17729.0,5.0,48490.0
1.8626235249976162,0.0,0.0,0.0,0.0,0.0,0.0,0.0,0.0,0.0,0.0,0.0,0.0,0.0,18654.0,5.0,48500.0,17730.0,5.0,48514.0
1.8626918350055348,0.0,0.0,0.0,0.0,0.0,0.0,0.0,0.0,0.0,0.0,0.0,0.0,0.0,18656.0,5.0,48540.0,17731.0,5.0,48543.0
1.862758710019989,0.0,0.0,0.0,0.0,0.0,0.0,0.0,0.0,0.0,0.0,0.0,0.0,0.0,18656.0,5.0,48540.0,17732.0,5.0,48550.0
1.8717943070223555,0.0,0.0,0.0,0.0,0.0,0.0,0.0,0.0,0.0,0.0,0.0,0.0,0.0,18657.0,5.0,48560.0,17733.0,5.0,48574.0
1.8904236140078865,0.0,0.0,0.0,0.0,0.0,0.0,0.0,0.0,0.0,0.0,0.0,0.0,0.0,18658.0,5.0,48580.0,17734.0,5.0,48593.0
1.9087797130050603,0.0,0.0,0.0,0.0,0.0,0.0,0.0,0.0,0.0,0.0,0.0,0.0,0.0,18659.0,5.0,48600.0,17735.0,5.0,48613.0
1.9389508480089717,0.0,0.0,0.0,0.0,0.0,0.0,0.0,0.0,0.0,0.0,0.0,0.0,0.0,18661.0,5.0,48640.0,17736.0,5.0,48643.0
1.9452415920095518,0.0,0.0,0.0,0.0,0.0,0.0,0.0,0.0,0.0,0.0,0.0,0.0,0.0,18661.0,5.0,48640.0,17737.0,5.0,48650.0
2.079568076005671,0.0,0.0,0.0,0.0,0.0,0.0,0.0,0.0,0.0,0.0,0.0,0.0,0.0,18662.0,5.0,48660.0,17738.0,5.0,48673.0
2.07969553701696,0.0,0.0,0.0,0.0,0.0,0.0,0.0,0.0,0.0,0.0,0.0,0.0,0.0,18663.0,5.0,48680.0,17739.0,5.0,48693.0
2.0797668660234194,0.0,0.0,0.0,0.0,0.0,0.0,0.0,0.0,0.0,0.0,0.0,0.0,0.0,18664.0,5.0,48700.0,17740.0,5.0,48713.0
2.0798344729992095,0.0,0.0,0.0,0.0,0.0,0.0,0.0,0.0,0.0,0.0,0.0,0.0,0.0,18666.0,5.0,48740.0,17741.0,5.0,48743.0
2.079896072013071,0.0,0.0,0.0,0.0,0.0,0.0,0.0,0.0,0.0,0.0,0.0,0.0,0.0,18666.0,5.0,48740.0,17742.0,5.0,48750.0
2.0799564480257686,0.0,0.0,0.0,0.0,0.0,0.0,0.0,0.0,0.0,0.0,0.0,0.0,0.0,18667.0,5.0,48760.0,17743.0,5.0,48773.0
2.089564251014963,0.0,0.0,0.0,0.0,0.0,0.0,0.0,0.0,0.0,0.0,0.0,0.0,0.0,18668.0,5.0,48780.0,17744.0,5.0,48793.0
2.111011626024265,0.0,0.0,0.0,0.0,0.0,0.0,0.0,0.0,0.0,0.0,0.0,0.0,0.0,18669.0,5.0,48800.0,17745.0,5.0,48813.0
2.139993321005022,0.0,0.0,0.0,0.0,0.0,0.0,0.0,0.0,0.0,0.0,0.0,0.0,0.0,18671.0,5.0,48840.0,17746.0,5.0,48843.0
2.1469010779983364,0.0,0.0,0.0,0.0,0.0,0.0,0.0,0.0,0.0,0.0,0.0,0.0,0.0,18671.0,5.0,48840.0,17747.0,5.0,48850.0
2.169784771016566,0.0,0.0,0.0,0.0,0.0,0.0,0.0,0.0,0.0,0.0,0.0,0.0,0.0,18672.0,5.0,48860.0,17748.0,5.0,48873.0
2.290961993014207,0.0,0.0,0.0,0.0,0.0,0.0,0.0,0.0,0.0,0.0,0.0,0.0,0.0,18673.0,5.0,48880.0,17749.0,5.0,48893.0
2.291101681999862,0.0,0.0,0.0,0.0,0.0,0.0,0.0,0.0,0.0,0.0,0.0,0.0,0.0,18674.0,5.0,48900.0,17750.0,5.0,48912.0
2.291170823998982,0.0,0.0,0.0,0.0,0.0,0.0,0.0,0.0,0.0,0.0,0.0,0.0,0.0,18676.0,5.0,48940.0,17751.0,5.0,48943.0
2.291233125026338,0.0,0.0,0.0,0.0,0.0,0.0,0.0,0.0,0.0,0.0,0.0,0.0,0.0,18676.0,5.0,48940.0,17752.0,5.0,48950.0
2.2912939620146062,0.0,0.0,0.0,0.0,0.0,0.0,0.0,0.0,0.0,0.0,0.0,0.0,0.0,18678.0,5.0,48980.0,17753.0,5.0,48983.0
2.2913546890194993,0.0,0.0,0.0,0.0,0.0,0.0,0.0,0.0,0.0,0.0,0.0,0.0,0.0,18678.0,5.0,48980.0,17754.0,5.0,48990.0
2.314731484017102,0.0,0.0,0.0,0.0,0.0,0.0,0.0,0.0,0.0,0.0,0.0,0.0,0.0,18679.0,5.0,49000.0,17755.0,5.0,49014.0
2.339069088018732,0.0,0.0,0.0,0.0,0.0,0.0,0.0,0.0,0.0,0.0,0.0,0.0,0.0,18681.0,5.0,49040.0,17756.0,5.0,49043.0
2.3467423250258435,0.0,0.0,0.0,0.0,0.0,0.0,0.0,0.0,0.0,0.0,0.0,0.0,0.0,18681.0,5.0,49040.0,17757.0,5.0,49050.0
2.3696251240035053,0.0,0.0,0.0,0.0,0.0,0.0,0.0,0.0,0.0,0.0,0.0,0.0,0.0,18682.0,5.0,49060.0,17758.0,5.0,49073.0
2.40484986701631,0.0,0.0,0.0,0.0,0.0,0.0,0.0,0.0,0.0,0.0,0.0,0.0,0.0,18683.0,5.0,49080.0,17759.0,5.0,49093.0
2.521552499005338,0.0,0.0,0.0,0.0,0.0,0.0,0.0,0.0,0.0,0.0,0.0,0.0,0.0,18684.0,5.0,49100.0,17760.0,5.0,49113.0
2.522153393016197,0.0,0.0,0.0,0.0,0.0,0.0,0.0,0.0,0.0,0.0,0.0,0.0,0.0,18686.0,5.0,49140.0,17761.0,5.0,49143.0
2.5225236490077805,0.0,0.0,0.0,0.0,0.0,0.0,0.0,0.0,0.0,0.0,0.0,0.0,0.0,18686.0,5.0,49140.0,17762.0,5.0,49150.0
2.5227928450040054,0.0,0.0,0.0,0.0,0.0,0.0,0.0,0.0,0.0,0.0,0.0,0.0,0.0,18687.0,5.0,49160.0,17763.0,5.0,49173.0
2.523030384007143,0.0,0.0,0.0,0.0,0.0,0.0,0.0,0.0,0.0,0.0,0.0,0.0,0.0,18688.0,5.0,49180.0,17764.0,5.0,49193.0
2.523260370013304,0.0,0.0,0.0,0.0,0.0,0.0,0.0,0.0,0.0,0.0,0.0,0.0,0.0,18689.0,5.0,49200.0,17765.0,5.0,49213.0
2.540644456021255,0.0,0.0,0.0,0.0,0.0,0.0,0.0,0.0,0.0,0.0,0.0,0.0,0.0,18691.0,5.0,49240.0,17766.0,5.0,49243.0
2.546403589018155,0.0,0.0,0.0,0.0,0.0,0.0,0.0,0.0,0.0,0.0,0.0,0.0,0.0,18691.0,5.0,49240.0,17767.0,5.0,49250.0
2.5688767210231163,0.0,0.0,0.0,0.0,0.0,0.0,0.0,0.0,0.0,0.0,0.0,0.0,0.0,18692.0,5.0,49260.0,17768.0,5.0,49273.0
2.5894863250141498,0.0,0.0,0.0,0.0,0.0,0.0,0.0,0.0,0.0,0.0,0.0,0.0,0.0,18693.0,5.0,49280.0,17769.0,5.0,49292.0
2.6101049270073418,0.0,0.0,0.0,0.0,0.0,0.0,0.0,0.0,0.0,0.0,0.0,0.0,0.0,18694.0,5.0,49300.0,17770.0,5.0,49313.0
2.8012889650126453,0.0,0.0,0.0,0.0,0.0,0.0,0.0,0.0,0.0,0.0,0.0,0.0,0.0,18696.0,5.0,49340.0,17771.0,5.0,49343.0
2.801724187011132,0.0,0.0,0.0,0.0,0.0,0.0,0.0,0.0,0.0,0.0,0.0,0.0,0.0,18696.0,5.0,49340.0,17772.0,5.0,49350.0
2.8018998769985046,0.0,0.0,0.0,0.0,0.0,0.0,0.0,0.0,0.0,0.0,0.0,0.0,0.0,18698.0,5.0,49380.0,17773.0,5.0,49383.0
2.8019629970076494,0.0,0.0,0.0,0.0,0.0,0.0,0.0,0.0,0.0,0.0,0.0,0.0,0.0,18698.0,5.0,49380.0,17774.0,5.0,49390.0
2.8020240510231815,0.0,0.0,0.0,0.0,0.0,0.0,0.0,0.0,0.0,0.0,0.0,0.0,0.0,18699.0,5.0,49400.0,17775.0,5.0,49413.0
2.8020804010157008,0.0,0.0,0.0,0.0,0.0,0.0,0.0,0.0,0.0,0.0,0.0,0.0,0.0,18701.0,5.0,49440.0,17776.0,5.0,49443.0
2.8021368519985117,0.0,0.0,0.0,0.0,0.0,0.0,0.0,0.0,0.0,0.0,0.0,0.0,0.0,18701.0,5.0,49440.0,17777.0,5.0,49450.0
2.8021922890038695,0.0,0.0,0.0,0.0,0.0,0.0,0.0,0.0,0.0,0.0,0.0,0.0,0.0,18703.0,5.0,49480.0,17778.0,5.0,49483.0
2.8022466830152553,0.0,0.0,0.0,0.0,0.0,0.0,0.0,0.0,0.0,0.0,0.0,0.0,0.0,18703.0,5.0,49480.0,17779.0,5.0,49490.0
2.8118006070144475,0.0,0.0,0.0,0.0,0.0,0.0,0.0,0.0,0.0,0.0,0.0,0.0,0.0,18704.0,5.0,49500.0,17780.0,5.0,49514.0
2.951794749009423,0.0,0.0,0.0,0.0,0.0,0.0,0.0,0.0,0.0,0.0,0.0,0.0,0.0,18706.0,5.0,49540.0,17781.0,5.0,49543.0
2.9522250770241953,0.0,0.0,0.0,0.0,0.0,0.0,0.0,0.0,0.0,0.0,0.0,0.0,0.0,18706.0,5.0,49540.0,17782.0,5.0,49550.0
2.9523660720151383,0.0,0.0,0.0,0.0,0.0,0.0,0.0,0.0,0.0,0.0,0.0,0.0,0.0,18707.0,5.0,49560.0,17783.0,5.0,49573.0
2.952423134003766,0.0,0.0,0.0,0.0,0.0,0.0,0.0,0.0,0.0,0.0,0.0,0.0,0.0,18708.0,5.0,49580.0,17784.0,5.0,49593.0
2.9524773370067123,0.0,0.0,0.0,0.0,0.0,0.0,0.0,0.0,0.0,0.0,0.0,0.0,0.0,18709.0,5.0,49600.0,17785.0,5.0,49613.0
2.952531822025776,0.0,0.0,0.0,0.0,0.0,0.0,0.0,0.0,0.0,0.0,0.0,0.0,0.0,18711.0,5.0,49640.0,17786.0,5.0,49643.0
2.9525880810106173,0.0,0.0,0.0,0.0,0.0,0.0,0.0,0.0,0.0,0.0,0.0,0.0,0.0,18711.0,5.0,49640.0,17787.0,5.0,49650.0
2.9795416750130244,0.0,0.0,0.0,0.0,0.0,0.0,0.0,0.0,0.0,0.0,0.0,0.0,0.0,18713.0,5.0,49680.0,17788.0,5.0,49683.0
2.9879873780009802,0.0,0.0,0.0,0.0,0.0,0.0,0.0,0.0,0.0,0.0,0.0,0.0,0.0,18713.0,5.0,49680.0,17789.0,5.0,49690.0
3.0214714700123295,0.0,0.0,0.0,0.0,0.0,0.0,0.0,0.0,0.0,0.0,0.0,0.0,0.0,18715.0,5.0,49720.0,17790.0,5.0,49723.0
3.0342336570029147,0.0,0.0,0.0,0.0,0.0,0.0,0.0,0.0,0.0,0.0,0.0,0.0,0.0,18715.0,5.0,49720.0,17791.0,5.0,49735.0
3.0572659879981074,0.0,0.0,0.0,0.0,0.0,0.0,0.0,0.0,0.0,0.0,0.0,0.0,0.0,18716.0,5.0,49740.0,17792.0,5.0,49753.0
3.15103052102495,0.0,0.0,0.0,0.0,0.0,0.0,0.0,0.0,0.0,0.0,0.0,0.0,0.0,18717.0,5.0,49760.0,17793.0,5.0,49773.0
3.151419314002851,0.0,0.0,0.0,0.0,0.0,0.0,0.0,0.0,0.0,0.0,0.0,0.0,0.0,18718.0,5.0,49780.0,17794.0,5.0,49793.0
3.1516906920005567,0.0,0.0,0.0,0.0,0.0,0.0,0.0,0.0,0.0,0.0,0.0,0.0,0.0,18719.0,5.0,49800.0,17795.0,5.0,49813.0
3.1519366430002265,0.0,0.0,0.0,0.0,0.0,0.0,0.0,0.0,0.0,0.0,0.0,0.0,0.0,18721.0,5.0,49840.0,17796.0,5.0,49843.0
3.1519961029989645,0.0,0.0,0.0,0.0,0.0,0.0,0.0,0.0,0.0,0.0,0.0,0.0,0.0,18721.0,5.0,49840.0,17797.0,5.0,49850.0
3.1797019939986058,0.0,0.0,0.0,0.0,0.0,0.0,0.0,0.0,0.0,0.0,0.0,0.0,0.0,18723.0,5.0,49880.0,17798.0,5.0,49883.0
3.1871634100098163,0.0,0.0,0.0,0.0,0.0,0.0,0.0,0.0,0.0,0.0,0.0,0.0,0.0,18723.0,5.0,49880.0,17799.0,5.0,49890.0
3.2215419280109927,0.0,0.0,0.0,0.0,0.0,0.0,0.0,0.0,0.0,0.0,0.0,0.0,0.0,18725.0,5.0,49920.0,17800.0,5.0,49923.0
3.2328352970071137,0.0,0.0,0.0,0.0,0.0,0.0,0.0,0.0,0.0,0.0,0.0,0.0,0.0,18725.0,5.0,49920.0,17801.0,5.0,49935.0
3.2530497520056088,0.0,0.0,0.0,0.0,0.0,0.0,0.0,0.0,0.0,0.0,0.0,0.0,0.0,18726.0,5.0,49940.0,17802.0,5.0,49953.0
3.2698512080241926,0.0,0.0,0.0,0.0,0.0,0.0,0.0,0.0,0.0,0.0,0.0,0.0,0.0,18727.0,5.0,49960.0,17803.0,5.0,49973.0
3.3927716640173458,0.0,0.0,0.0,0.0,0.0,0.0,0.0,0.0,0.0,0.0,0.0,0.0,0.0,18728.0,5.0,49980.0,17804.0,5.0,49993.0
3.392889239010401,0.0,0.0,0.0,0.0,0.0,0.0,0.0,0.0,0.0,0.0,0.0,0.0,0.0,18729.0,5.0,50000.0,17805.0,5.0,50014.0
3.392958096024813,0.0,0.0,0.0,0.0,0.0,0.0,0.0,0.0,0.0,0.0,0.0,0.0,0.0,18730.0,5.0,50020.0,17806.0,5.0,50029.0
3.3930492010258604,0.0,0.0,0.0,0.0,0.0,0.0,0.0,0.0,0.0,0.0,0.0,0.0,0.0,18732.0,5.0,50060.0,17807.0,5.0,50063.0
3.393133375007892,0.0,0.0,0.0,0.0,0.0,0.0,0.0,0.0,0.0,0.0,0.0,0.0,0.0,18732.0,5.0,50060.0,17808.0,5.0,50070.0
3.3931906880170573,0.0,0.0,0.0,0.0,0.0,0.0,0.0,0.0,0.0,0.0,0.0,0.0,0.0,18733.0,5.0,50080.0,17809.0,5.0,50093.0
3.4107775810116436,0.0,0.0,0.0,0.0,0.0,0.0,0.0,0.0,0.0,0.0,0.0,0.0,0.0,18734.0,5.0,50100.0,17810.0,5.0,50112.0
3.4424292080220766,0.0,0.0,0.0,0.0,0.0,0.0,0.0,0.0,0.0,0.0,0.0,0.0,0.0,18736.0,5.0,50140.0,17811.0,5.0,50143.0
3.4478516570234206,0.0,0.0,0.0,0.0,0.0,0.0,0.0,0.0,0.0,0.0,0.0,0.0,0.0,18736.0,5.0,50140.0,17812.0,5.0,50150.0
3.4705680850020144,0.0,0.0,0.0,0.0,0.0,0.0,0.0,0.0,0.0,0.0,0.0,0.0,0.0,18737.0,5.0,50160.0,17813.0,5.0,50173.0
3.4897059540089685,0.0,0.0,0.0,0.0,0.0,0.0,0.0,0.0,0.0,0.0,0.0,0.0,0.0,18738.0,5.0,50180.0,17814.0,5.0,50192.0
3.6268703550158534,0.0,0.0,0.0,0.0,0.0,0.0,0.0,0.0,0.0,0.0,0.0,0.0,0.0,18740.0,5.0,50220.0,17815.0,5.0,50223.0
3.62725868599955,0.0,0.0,0.0,0.0,0.0,0.0,0.0,0.0,0.0,0.0,0.0,0.0,0.0,18740.0,5.0,50220.0,17816.0,5.0,50235.0
3.6275287099997513,0.0,0.0,0.0,0.0,0.0,0.0,0.0,0.0,0.0,0.0,0.0,0.0,0.0,18741.0,5.0,50240.0,17817.0,5.0,50253.0
3.627785374002997,0.0,0.0,0.0,0.0,0.0,0.0,0.0,0.0,0.0,0.0,0.0,0.0,0.0,18742.0,5.0,50260.0,17818.0,5.0,50273.0
3.627869528019801,0.0,0.0,0.0,0.0,0.0,0.0,0.0,0.0,0.0,0.0,0.0,0.0,0.0,18743.0,5.0,50280.0,17819.0,5.0,50293.0
3.62792506502592,0.0,0.0,0.0,0.0,0.0,0.0,0.0,0.0,0.0,0.0,0.0,0.0,0.0,18744.0,5.0,50300.0,17820.0,5.0,50313.0
3.660756188997766,0.0,0.0,0.0,0.0,0.0,0.0,0.0,0.0,0.0,0.0,0.0,0.0,0.0,18746.0,5.0,50340.0,17821.0,5.0,50343.0
3.6608551270037424,0.0,0.0,0.0,0.0,0.0,0.0,0.0,0.0,0.0,0.0,0.0,0.0,0.0,18746.0,5.0,50340.0,17822.0,5.0,50350.0
3.6866574640152976,0.0,0.0,0.0,0.0,0.0,0.0,0.0,0.0,0.0,0.0,0.0,0.0,0.0,18747.0,5.0,50360.0,17823.0,5.0,50373.0
3.6908876950037666,0.0,0.0,0.0,0.0,0.0,0.0,0.0,0.0,0.0,0.0,0.0,0.0,0.0,18748.0,5.0,50380.0,17824.0,5.0,50393.0
3.715115118015092,0.0,0.0,0.0,0.0,0.0,0.0,0.0,0.0,0.0,0.0,0.0,0.0,0.0,18749.0,5.0,50400.0,17825.0,5.0,50413.0
4.128959118010243,0.0,0.0,0.0,0.0,0.0,0.0,0.0,0.0,0.0,0.0,0.0,0.0,0.0,18751.0,5.0,50440.0,17826.0,5.0,50443.0
4.129101370024728,0.0,0.0,0.0,0.0,0.0,0.0,0.0,0.0,0.0,0.0,0.0,0.0,0.0,18751.0,5.0,50440.0,17827.0,5.0,50450.0
4.129174828005489,0.0,0.0,0.0,0.0,0.0,0.0,0.0,0.0,0.0,0.0,0.0,0.0,0.0,18752.0,5.0,50460.0,17828.0,5.0,50473.0
4.129544824012555,0.0,0.0,0.0,0.0,0.0,0.0,0.0,0.0,0.0,0.0,0.0,0.0,0.0,18753.0,5.0,50480.0,17829.0,5.0,50493.0
4.129874141013715,0.0,0.0,0.0,0.0,0.0,0.0,0.0,0.0,0.0,0.0,0.0,0.0,0.0,18754.0,5.0,50500.0,17830.0,5.0,50513.0
4.130437551008072,0.0,0.0,0.0,0.0,0.0,0.0,0.0,0.0,0.0,0.0,0.0,0.0,0.0,18756.0,5.0,50540.0,17831.0,5.0,50543.0
4.130847897002241,0.0,0.0,0.0,0.0,0.0,0.0,0.0,0.0,0.0,0.0,0.0,0.0,0.0,18756.0,5.0,50540.0,17832.0,5.0,50550.0
4.130991513025947,0.0,0.0,0.0,0.0,0.0,0.0,0.0,0.0,0.0,0.0,0.0,0.0,0.0,18757.0,5.0,50560.0,17833.0,5.0,50573.0
4.1314154300198425,0.0,0.0,0.0,0.0,0.0,0.0,0.0,0.0,0.0,0.0,0.0,0.0,0.0,18758.0,5.0,50580.0,17834.0,5.0,50593.0
4.131565585004864,0.0,0.0,0.0,0.0,0.0,0.0,0.0,0.0,0.0,0.0,0.0,0.0,0.0,18759.0,5.0,50600.0,17835.0,5.0,50613.0
4.132177569001215,0.0,0.0,0.0,0.0,0.0,0.0,0.0,0.0,0.0,0.0,0.0,0.0,0.0,18761.0,5.0,50640.0,17836.0,5.0,50643.0
4.132611506007379,0.0,0.0,0.0,0.0,0.0,0.0,0.0,0.0,0.0,0.0,0.0,0.0,0.0,18761.0,5.0,50640.0,17837.0,5.0,50650.0
4.133026004012208,0.0,0.0,0.0,0.0,0.0,0.0,0.0,0.0,0.0,0.0,0.0,0.0,0.0,18763.0,5.0,50679.0,17838.0,5.0,50683.0
4.133210241008783,0.0,0.0,0.0,0.0,0.0,0.0,0.0,0.0,0.0,0.0,0.0,0.0,0.0,18763.0,5.0,50679.0,17839.0,5.0,50691.0
4.133358910999959,0.0,0.0,0.0,0.0,0.0,0.0,0.0,0.0,0.0,0.0,0.0,0.0,0.0,18764.0,5.0,50700.0,17840.0,5.0,50713.0
4.133764564001467,0.0,0.0,0.0,0.0,0.0,0.0,0.0,0.0,0.0,0.0,0.0,0.0,0.0,18766.0,5.0,50740.0,17841.0,5.0,50743.0
4.137067837000359,0.0,0.0,0.0,0.0,0.0,0.0,0.0,0.0,0.0,0.0,0.0,0.0,0.0,18766.0,5.0,50740.0,17842.0,5.0,50751.0
4.137312923005084,0.0,0.0,0.0,0.0,0.0,0.0,0.0,0.0,0.0,0.0,0.0,0.0,0.0,18767.0,5.0,50760.0,17843.0,5.0,50773.0
4.137452877999749,0.0,0.0,0.0,0.0,0.0,0.0,0.0,0.0,0.0,0.0,0.0,0.0,0.0,18768.0,5.0,50780.0,17844.0,5.0,50793.0
4.137704464024864,0.0,0.0,0.0,0.0,0.0,0.0,0.0,0.0,0.0,0.0,0.0,0.0,0.0,18769.0,5.0,50800.0,17845.0,5.0,50813.0
4.140417507005623,0.0,0.0,0.0,0.0,0.0,0.0,0.0,0.0,0.0,0.0,0.0,0.0,0.0,18771.0,5.0,50840.0,17846.0,5.0,50843.0
4.159876343997894,0.0,0.0,0.0,0.0,0.0,0.0,0.0,0.0,0.0,0.0,0.0,0.0,0.0,18771.0,5.0,50840.0,17847.0,5.0,50850.0
4.1909424510085955,0.0,0.0,0.0,0.0,0.0,0.0,0.0,0.0,0.0,0.0,0.0,0.0,0.0,18773.0,5.0,50880.0,17848.0,5.0,50883.0
4.208662703022128,0.0,0.0,0.0,0.0,0.0,0.0,0.0,0.0,0.0,0.0,0.0,0.0,0.0,18774.0,5.0,50900.0,17849.0,5.0,50911.0
4.63443781301612,0.0,0.0,0.0,0.0,0.0,0.0,0.0,0.0,0.0,0.0,0.0,0.0,0.0,18775.0,5.0,50920.0,17850.0,5.0,50933.0
4.634613745001843,0.0,0.0,0.0,0.0,0.0,0.0,0.0,0.0,0.0,0.0,0.0,0.0,0.0,18777.0,5.0,50960.0,17851.0,5.0,50963.0
4.634686219011201,0.0,0.0,0.0,0.0,0.0,0.0,0.0,0.0,0.0,0.0,0.0,0.0,0.0,18777.0,5.0,50960.0,17852.0,5.0,50970.0
4.634749978024047,0.0,0.0,0.0,0.0,0.0,0.0,0.0,0.0,0.0,0.0,0.0,0.0,0.0,18778.0,5.0,50980.0,17853.0,5.0,50993.0
4.634810287010623,0.0,0.0,0.0,0.0,0.0,0.0,0.0,0.0,0.0,0.0,0.0,0.0,0.0,18779.0,5.0,51000.0,17854.0,5.0,51013.0
4.63486605300568,0.0,0.0,0.0,0.0,0.0,0.0,0.0,0.0,0.0,0.0,0.0,0.0,0.0,18780.0,5.0,51020.0,17855.0,5.0,51034.0
4.637605644005816,0.0,0.0,0.0,0.0,0.0,0.0,0.0,0.0,0.0,0.0,0.0,0.0,0.0,18782.0,5.0,51060.0,17856.0,5.0,51063.0
4.6378456560196355,0.0,0.0,0.0,0.0,0.0,0.0,0.0,0.0,0.0,0.0,0.0,0.0,0.0,18782.0,5.0,51060.0,17857.0,5.0,51070.0
4.63806871700217,0.0,0.0,0.0,0.0,0.0,0.0,0.0,0.0,0.0,0.0,0.0,0.0,0.0,18783.0,5.0,51080.0,17858.0,5.0,51093.0
4.638282681000419,0.0,0.0,0.0,0.0,0.0,0.0,0.0,0.0,0.0,0.0,0.0,0.0,0.0,18784.0,5.0,51100.0,17859.0,5.0,51113.0
4.638388846011367,0.0,0.0,0.0,0.0,0.0,0.0,0.0,0.0,0.0,0.0,0.0,0.0,0.0,18785.0,5.0,51120.0,17860.0,5.0,51133.0
4.638443187024677,0.0,0.0,0.0,0.0,0.0,0.0,0.0,0.0,0.0,0.0,0.0,0.0,0.0,18787.0,5.0,51160.0,17861.0,5.0,51163.0
4.63849743801984,0.0,0.0,0.0,0.0,0.0,0.0,0.0,0.0,0.0,0.0,0.0,0.0,0.0,18787.0,5.0,51160.0,17862.0,5.0,51170.0
4.638550886011217,0.0,0.0,0.0,0.0,0.0,0.0,0.0,0.0,0.0,0.0,0.0,0.0,0.0,18789.0,5.0,51200.0,17863.0,5.0,51203.0
4.638604666019091,0.0,0.0,0.0,0.0,0.0,0.0,0.0,0.0,0.0,0.0,0.0,0.0,0.0,18789.0,5.0,51200.0,17864.0,5.0,51211.0
4.63868296801229,0.0,0.0,0.0,0.0,0.0,0.0,0.0,0.0,0.0,0.0,0.0,0.0,0.0,18790.0,5.0,51220.0,17865.0,5.0,51233.0
4.6389545330021065,0.0,0.0,0.0,0.0,0.0,0.0,0.0,0.0,0.0,0.0,0.0,0.0,0.0,18792.0,5.0,51260.0,17866.0,5.0,51263.0
4.639060186018469,0.0,0.0,0.0,0.0,0.0,0.0,0.0,0.0,0.0,0.0,0.0,0.0,0.0,18792.0,5.0,51260.0,17867.0,5.0,51270.0
4.639170814014506,0.0,0.0,0.0,0.0,0.0,0.0,0.0,0.0,0.0,0.0,0.0,0.0,0.0,18793.0,5.0,51280.0,17868.0,5.0,51293.0
4.639440223021666,0.0,0.0,0.0,0.0,0.0,0.0,0.0,0.0,0.0,0.0,0.0,0.0,0.0,18794.0,5.0,51300.0,17869.0,5.0,51313.0
4.639545395009918,0.0,0.0,0.0,0.0,0.0,0.0,0.0,0.0,0.0,0.0,0.0,0.0,0.0,18795.0,5.0,51320.0,17870.0,5.0,51333.0
4.662507992004976,0.0,0.0,0.0,0.0,0.0,0.0,0.0,0.0,0.0,0.0,0.0,0.0,0.0,18797.0,5.0,51360.0,17871.0,5.0,51363.0
4.668126042000949,0.0,0.0,0.0,0.0,0.0,0.0,0.0,0.0,0.0,0.0,0.0,0.0,0.0,18797.0,5.0,51360.0,17872.0,5.0,51370.0
4.702670027007116,0.0,0.0,0.0,0.0,0.0,0.0,0.0,0.0,0.0,0.0,0.0,0.0,0.0,18799.0,5.0,51400.0,17873.0,5.0,51403.0
4.708754015999148,0.0,0.0,0.0,0.0,0.0,0.0,0.0,0.0,0.0,0.0,0.0,0.0,0.0,18799.0,5.0,51400.0,17874.0,5.0,51410.0
5.1465112380101345,0.0,0.0,0.0,0.0,0.0,0.0,0.0,0.0,0.0,0.0,0.0,0.0,0.0,18801.0,5.0,51440.0,17875.0,5.0,51443.0
5.147257124015596,0.0,0.0,0.0,0.0,0.0,0.0,0.0,0.0,0.0,0.0,0.0,0.0,0.0,18801.0,5.0,51440.0,17876.0,5.0,51455.0
5.147342764015775,0.0,0.0,0.0,0.0,0.0,0.0,0.0,0.0,0.0,0.0,0.0,0.0,0.0,18804.0,5.0,51500.0,17879.0,5.0,51513.0
5.14740648001316,0.0,0.0,0.0,0.0,0.0,0.0,0.0,0.0,0.0,0.0,0.0,0.0,0.0,18805.0,5.0,51520.0,17880.0,5.0,51534.0
5.14746282401029,0.0,0.0,0.0,0.0,0.0,0.0,0.0,0.0,0.0,0.0,0.0,0.0,0.0,18807.0,5.0,51560.0,17881.0,5.0,51563.0
5.147519530000864,0.0,0.0,0.0,0.0,0.0,0.0,0.0,0.0,0.0,0.0,0.0,0.0,0.0,18807.0,5.0,51560.0,17882.0,5.0,51570.0
5.147576205024961,0.0,0.0,0.0,0.0,0.0,0.0,0.0,0.0,0.0,0.0,0.0,0.0,0.0,18808.0,5.0,51580.0,17883.0,5.0,51593.0
5.147631115018157,0.0,0.0,0.0,0.0,0.0,0.0,0.0,0.0,0.0,0.0,0.0,0.0,0.0,18809.0,5.0,51600.0,17884.0,5.0,51613.0
5.147686206008075,0.0,0.0,0.0,0.0,0.0,0.0,0.0,0.0,0.0,0.0,0.0,0.0,0.0,18810.0,5.0,51620.0,17885.0,5.0,51633.0
5.147741006017895,0.0,0.0,0.0,0.0,0.0,0.0,0.0,0.0,0.0,0.0,0.0,0.0,0.0,18812.0,5.0,51660.0,17886.0,5.0,51663.0
5.147801964019891,0.0,0.0,0.0,0.0,0.0,0.0,0.0,0.0,0.0,0.0,0.0,0.0,0.0,18812.0,5.0,51660.0,17887.0,5.0,51670.0
5.147857746022055,0.0,0.0,0.0,0.0,0.0,0.0,0.0,0.0,0.0,0.0,0.0,0.0,0.0,18813.0,5.0,51680.0,17888.0,5.0,51693.0
5.147911975014722,0.0,0.0,0.0,0.0,0.0,0.0,0.0,0.0,0.0,0.0,0.0,0.0,0.0,18814.0,5.0,51700.0,17889.0,5.0,51713.0
5.147966704011196,0.0,0.0,0.0,0.0,0.0,0.0,0.0,0.0,0.0,0.0,0.0,0.0,0.0,18815.0,5.0,51720.0,17890.0,5.0,51733.0
5.148021875007544,0.0,0.0,0.0,0.0,0.0,0.0,0.0,0.0,0.0,0.0,0.0,0.0,0.0,18817.0,5.0,51760.0,17891.0,5.0,51763.0
5.148076113022398,0.0,0.0,0.0,0.0,0.0,0.0,0.0,0.0,0.0,0.0,0.0,0.0,0.0,18817.0,5.0,51760.0,17892.0,5.0,51770.0
5.148340053012362,0.0,0.0,0.0,0.0,0.0,0.0,0.0,0.0,0.0,0.0,0.0,0.0,0.0,18818.0,5.0,51780.0,17893.0,5.0,51793.0
5.148458659008611,0.0,0.0,0.0,0.0,0.0,0.0,0.0,0.0,0.0,0.0,0.0,0.0,0.0,18819.0,5.0,51800.0,17894.0,5.0,51813.0
5.148526056000264,0.0,0.0,0.0,0.0,0.0,0.0,0.0,0.0,0.0,0.0,0.0,0.0,0.0,18820.0,5.0,51820.0,17895.0,5.0,51833.0
5.1629375890188385,0.0,0.0,0.0,0.0,0.0,0.0,0.0,0.0,0.0,0.0,0.0,0.0,0.0,18822.0,5.0,51860.0,17896.0,5.0,51863.0
5.16928035300225,0.0,0.0,0.0,0.0,0.0,0.0,0.0,0.0,0.0,0.0,0.0,0.0,0.0,18822.0,5.0,51860.0,17897.0,5.0,51870.0
5.193145204015309,0.0,0.0,0.0,0.0,0.0,0.0,0.0,0.0,0.0,0.0,0.0,0.0,0.0,18823.0,5.0,51880.0,17898.0,5.0,51893.0
5.212402082019253,0.0,0.0,0.0,0.0,0.0,0.0,0.0,0.0,0.0,0.0,0.0,0.0,0.0,18824.0,5.0,51900.0,17899.0,5.0,51913.0
5.231970078020822,0.0,0.0,0.0,0.0,0.0,0.0,0.0,0.0,0.0,0.0,0.0,0.0,0.0,18825.0,5.0,51920.0,17900.0,5.0,51933.0
5.658404939022148,0.0,0.0,0.0,0.0,0.0,0.0,0.0,0.0,0.0,0.0,0.0,0.0,0.0,18829.0,5.0,52000.0,17904.0,5.0,52013.0
5.6585930779983755,0.0,0.0,0.0,0.0,0.0,0.0,0.0,0.0,0.0,0.0,0.0,0.0,0.0,18830.0,5.0,52020.0,17905.0,5.0,52034.0
5.658664085000055,0.0,0.0,0.0,0.0,0.0,0.0,0.0,0.0,0.0,0.0,0.0,0.0,0.0,18832.0,5.0,52060.0,17906.0,5.0,52063.0
5.658725876011886,0.0,0.0,0.0,0.0,0.0,0.0,0.0,0.0,0.0,0.0,0.0,0.0,0.0,18832.0,5.0,52060.0,17907.0,5.0,52070.0
5.658792410016758,0.0,0.0,0.0,0.0,0.0,0.0,0.0,0.0,0.0,0.0,0.0,0.0,0.0,18833.0,5.0,52080.0,17908.0,5.0,52093.0
5.658853488013847,0.0,0.0,0.0,0.0,0.0,0.0,0.0,0.0,0.0,0.0,0.0,0.0,0.0,18834.0,5.0,52100.0,17909.0,5.0,52113.0
5.658910976024345,0.0,0.0,0.0,0.0,0.0,0.0,0.0,0.0,0.0,0.0,0.0,0.0,0.0,18835.0,5.0,52120.0,17910.0,5.0,52133.0
5.658967089024372,0.0,0.0,0.0,0.0,0.0,0.0,0.0,0.0,0.0,0.0,0.0,0.0,0.0,18837.0,5.0,52160.0,17911.0,5.0,52163.0
5.659021598024992,0.0,0.0,0.0,0.0,0.0,0.0,0.0,0.0,0.0,0.0,0.0,0.0,0.0,18837.0,5.0,52160.0,17912.0,5.0,52170.0
5.6590773909993,0.0,0.0,0.0,0.0,0.0,0.0,0.0,0.0,0.0,0.0,0.0,0.0,0.0,18838.0,5.0,52180.0,17913.0,5.0,52193.0
5.670758485008264,0.0,0.0,0.0,0.0,0.0,0.0,0.0,0.0,0.0,0.0,0.0,0.0,0.0,18847.0,5.0,52360.0,17914.0,5.0,52371.0
5.69394392700633,0.0,0.0,0.0,0.0,0.0,0.0,0.0,0.0,0.0,0.0,0.0,0.0,0.0,18848.0,5.0,52380.0,17915.0,5.0,52392.0
5.7144014020159375,0.0,0.0,0.0,0.0,0.0,0.0,0.0,0.0,0.0,0.0,0.0,0.0,0.0,18849.0,5.0,52400.0,17916.0,5.0,52412.0
5.732257884024875,0.0,0.0,0.0,0.0,0.0,0.0,0.0,0.0,0.0,0.0,0.0,0.0,0.0,18850.0,5.0,52420.0,17917.0,5.0,52433.0
5.75380997301545,0.0,0.0,0.0,0.0,0.0,0.0,0.0,0.0,0.0,0.0,0.0,0.0,0.0,18851.0,5.0,52440.0,17918.0,5.0,52453.0
6.167196168011287,0.0,0.0,0.0,0.0,0.0,0.0,0.0,0.0,0.0,0.0,0.0,0.0,0.0,18852.0,5.0,52460.0,17919.0,5.0,52473.0
6.167337824997958,0.0,0.0,0.0,0.0,0.0,0.0,0.0,0.0,0.0,0.0,0.0,0.0,0.0,18853.0,5.0,52480.0,17920.0,5.0,52493.0
6.16774949801038,0.0,0.0,0.0,0.0,0.0,0.0,0.0,0.0,0.0,0.0,0.0,0.0,0.0,18855.0,5.0,52520.0,17921.0,5.0,52523.0
6.167817383015063,0.0,0.0,0.0,0.0,0.0,0.0,0.0,0.0,0.0,0.0,0.0,0.0,0.0,18855.0,5.0,52520.0,17922.0,5.0,52530.0
6.1678751690196805,0.0,0.0,0.0,0.0,0.0,0.0,0.0,0.0,0.0,0.0,0.0,0.0,0.0,18856.0,5.0,52540.0,17923.0,5.0,52553.0
6.167933577002259,0.0,0.0,0.0,0.0,0.0,0.0,0.0,0.0,0.0,0.0,0.0,0.0,0.0,18857.0,5.0,52560.0,17924.0,5.0,52573.0
6.167989608016796,0.0,0.0,0.0,0.0,0.0,0.0,0.0,0.0,0.0,0.0,0.0,0.0,0.0,18858.0,5.0,52580.0,17925.0,5.0,52593.0
6.168045187019743,0.0,0.0,0.0,0.0,0.0,0.0,0.0,0.0,0.0,0.0,0.0,0.0,0.0,18860.0,5.0,52620.0,17926.0,5.0,52623.0
6.168101668998133,0.0,0.0,0.0,0.0,0.0,0.0,0.0,0.0,0.0,0.0,0.0,0.0,0.0,18860.0,5.0,52620.0,17927.0,5.0,52631.0
6.168157089006854,0.0,0.0,0.0,0.0,0.0,0.0,0.0,0.0,0.0,0.0,0.0,0.0,0.0,18861.0,5.0,52640.0,17928.0,5.0,52653.0
6.168211124022491,0.0,0.0,0.0,0.0,0.0,0.0,0.0,0.0,0.0,0.0,0.0,0.0,0.0,18862.0,5.0,52660.0,17929.0,5.0,52672.0
6.168267135013593,0.0,0.0,0.0,0.0,0.0,0.0,0.0,0.0,0.0,0.0,0.0,0.0,0.0,18863.0,5.0,52680.0,17930.0,5.0,52693.0
6.168321019998984,0.0,0.0,0.0,0.0,0.0,0.0,0.0,0.0,0.0,0.0,0.0,0.0,0.0,18865.0,5.0,52720.0,17931.0,5.0,52723.0
6.168374383007176,0.0,0.0,0.0,0.0,0.0,0.0,0.0,0.0,0.0,0.0,0.0,0.0,0.0,18865.0,5.0,52720.0,17932.0,5.0,52730.0
6.168431317026261,0.0,0.0,0.0,0.0,0.0,0.0,0.0,0.0,0.0,0.0,0.0,0.0,0.0,18866.0,5.0,52740.0,17933.0,5.0,52753.0
6.168497116013896,0.0,0.0,0.0,0.0,0.0,0.0,0.0,0.0,0.0,0.0,0.0,0.0,0.0,18867.0,5.0,52760.0,17934.0,5.0,52773.0
6.168550589005463,0.0,0.0,0.0,0.0,0.0,0.0,0.0,0.0,0.0,0.0,0.0,0.0,0.0,18868.0,5.0,52780.0,17935.0,5.0,52793.0
6.1686034410085995,0.0,0.0,0.0,0.0,0.0,0.0,0.0,0.0,0.0,0.0,0.0,0.0,0.0,18870.0,5.0,52820.0,17936.0,5.0,52823.0
6.168657747010002,0.0,0.0,0.0,0.0,0.0,0.0,0.0,0.0,0.0,0.0,0.0,0.0,0.0,18870.0,5.0,52820.0,17937.0,5.0,52830.0
6.1687097160029225,0.0,0.0,0.0,0.0,0.0,0.0,0.0,0.0,0.0,0.0,0.0,0.0,0.0,18871.0,5.0,52840.0,17938.0,5.0,52853.0
6.174896030017408,0.0,0.0,0.0,0.0,0.0,0.0,0.0,0.0,0.0,0.0,0.0,0.0,0.0,18872.0,5.0,52860.0,17939.0,5.0,52873.0
6.193449173006229,0.0,0.0,0.0,0.0,0.0,0.0,0.0,0.0,0.0,0.0,0.0,0.0,0.0,18873.0,5.0,52880.0,17940.0,5.0,52893.0
6.228588098019827,0.0,0.0,0.0,0.0,0.0,0.0,0.0,0.0,0.0,0.0,0.0,0.0,0.0,18875.0,5.0,52920.0,17941.0,5.0,52923.0
6.230390637007076,0.0,0.0,0.0,0.0,0.0,0.0,0.0,0.0,0.0,0.0,0.0,0.0,0.0,18875.0,5.0,52920.0,17942.0,5.0,52929.0
6.263567284011515,0.0,0.0,0.0,0.0,0.0,0.0,0.0,0.0,0.0,0.0,0.0,0.0,0.0,18877.0,5.0,52960.0,17943.0,5.0,52963.0
6.270420794025995,0.0,0.0,0.0,0.0,0.0,0.0,0.0,0.0,0.0,0.0,0.0,0.0,0.0,18877.0,5.0,52960.0,17944.0,5.0,52970.0
6.681928131001769,0.0,0.0,0.0,0.0,0.0,0.0,0.0,0.0,0.0,0.0,0.0,0.0,0.0,18879.0,5.0,53000.0,17945.0,5.0,53003.0
6.68237865701667,0.0,0.0,0.0,0.0,0.0,0.0,0.0,0.0,0.0,0.0,0.0,0.0,0.0,18879.0,5.0,53000.0,17946.0,5.0,53015.0
6.682456216018181,0.0,0.0,0.0,0.0,0.0,0.0,0.0,0.0,0.0,0.0,0.0,0.0,0.0,18880.0,5.0,53020.0,17947.0,5.0,53034.0
6.682517440000083,0.0,0.0,0.0,0.0,0.0,0.0,0.0,0.0,0.0,0.0,0.0,0.0,0.0,18881.0,5.0,53040.0,17948.0,5.0,53053.0
6.682575835002353,0.0,0.0,0.0,0.0,0.0,0.0,0.0,0.0,0.0,0.0,0.0,0.0,0.0,18882.0,5.0,53060.0,17949.0,5.0,53073.0
6.682635695004137,0.0,0.0,0.0,0.0,0.0,0.0,0.0,0.0,0.0,0.0,0.0,0.0,0.0,18883.0,5.0,53080.0,17950.0,5.0,53093.0
6.682693488022778,0.0,0.0,0.0,0.0,0.0,0.0,0.0,0.0,0.0,0.0,0.0,0.0,0.0,18885.0,5.0,53120.0,17951.0,5.0,53123.0
6.682752164022531,0.0,0.0,0.0,0.0,0.0,0.0,0.0,0.0,0.0,0.0,0.0,0.0,0.0,18885.0,5.0,53120.0,17952.0,5.0,53130.0
6.682810871017864,0.0,0.0,0.0,0.0,0.0,0.0,0.0,0.0,0.0,0.0,0.0,0.0,0.0,18886.0,5.0,53140.0,17953.0,5.0,53153.0
6.68286483301199,0.0,0.0,0.0,0.0,0.0,0.0,0.0,0.0,0.0,0.0,0.0,0.0,0.0,18887.0,5.0,53160.0,17954.0,5.0,53173.0
6.6829183350200765,0.0,0.0,0.0,0.0,0.0,0.0,0.0,0.0,0.0,0.0,0.0,0.0,0.0,18888.0,5.0,53180.0,17955.0,5.0,53193.0
6.682972267997684,0.0,0.0,0.0,0.0,0.0,0.0,0.0,0.0,0.0,0.0,0.0,0.0,0.0,18890.0,5.0,53220.0,17956.0,5.0,53223.0
6.683025728998473,0.0,0.0,0.0,0.0,0.0,0.0,0.0,0.0,0.0,0.0,0.0,0.0,0.0,18890.0,5.0,53220.0,17957.0,5.0,53230.0
6.68307965202257,0.0,0.0,0.0,0.0,0.0,0.0,0.0,0.0,0.0,0.0,0.0,0.0,0.0,18892.0,5.0,53260.0,17958.0,5.0,53263.0
6.6831339050258975,0.0,0.0,0.0,0.0,0.0,0.0,0.0,0.0,0.0,0.0,0.0,0.0,0.0,18892.0,5.0,53260.0,17959.0,5.0,53270.0
6.683188109018374,0.0,0.0,0.0,0.0,0.0,0.0,0.0,0.0,0.0,0.0,0.0,0.0,0.0,18893.0,5.0,53280.0,17960.0,5.0,53293.0
6.683241309016012,0.0,0.0,0.0,0.0,0.0,0.0,0.0,0.0,0.0,0.0,0.0,0.0,0.0,18895.0,5.0,53320.0,17961.0,5.0,53323.0
6.6832941390166525,0.0,0.0,0.0,0.0,0.0,0.0,0.0,0.0,0.0,0.0,0.0,0.0,0.0,18895.0,5.0,53320.0,17962.0,5.0,53330.0
6.683348032005597,0.0,0.0,0.0,0.0,0.0,0.0,0.0,0.0,0.0,0.0,0.0,0.0,0.0,18897.0,5.0,53360.0,17963.0,5.0,53363.0
6.683430244011106,0.0,0.0,0.0,0.0,0.0,0.0,0.0,0.0,0.0,0.0,0.0,0.0,0.0,18897.0,5.0,53360.0,17964.0,5.0,53370.0
6.704449169017607,0.0,0.0,0.0,0.0,0.0,0.0,0.0,0.0,0.0,0.0,0.0,0.0,0.0,18899.0,5.0,53400.0,17965.0,5.0,53403.0
6.718990734021645,0.0,0.0,0.0,0.0,0.0,0.0,0.0,0.0,0.0,0.0,0.0,0.0,0.0,18899.0,5.0,53400.0,17966.0,5.0,53415.0
6.736352844018256,0.0,0.0,0.0,0.0,0.0,0.0,0.0,0.0,0.0,0.0,0.0,0.0,0.0,18900.0,5.0,53420.0,17967.0,5.0,53433.0
6.753507628018269,0.0,0.0,0.0,0.0,0.0,0.0,0.0,0.0,0.0,0.0,0.0,0.0,0.0,18901.0,5.0,53440.0,17968.0,5.0,53453.0
6.773796474997653,0.0,0.0,0.0,0.0,0.0,0.0,0.0,0.0,0.0,0.0,0.0,0.0,0.0,18902.0,5.0,53460.0,17969.0,5.0,53473.0
7.18854715701309,0.0,0.0,0.0,0.0,0.0,0.0,0.0,0.0,0.0,0.0,0.0,0.0,0.0,18914.0,5.0,53700.0,17980.0,5.0,53703.0
7.188870934012812,0.0,0.0,0.0,0.0,0.0,0.0,0.0,0.0,0.0,0.0,0.0,0.0,0.0,18914.0,5.0,53700.0,17981.0,5.0,53715.0
7.188944041001378,0.0,0.0,0.0,0.0,0.0,0.0,0.0,0.0,0.0,0.0,0.0,0.0,0.0,18915.0,5.0,53720.0,17982.0,5.0,53733.0
7.189003860024968,0.0,0.0,0.0,0.0,0.0,0.0,0.0,0.0,0.0,0.0,0.0,0.0,0.0,18916.0,5.0,53740.0,17983.0,5.0,53753.0
7.189060982025694,0.0,0.0,0.0,0.0,0.0,0.0,0.0,0.0,0.0,0.0,0.0,0.0,0.0,18917.0,5.0,53760.0,17984.0,5.0,53773.0
7.189117913017981,0.0,0.0,0.0,0.0,0.0,0.0,0.0,0.0,0.0,0.0,0.0,0.0,0.0,18918.0,5.0,53780.0,17985.0,5.0,53793.0
7.189174302999163,0.0,0.0,0.0,0.0,0.0,0.0,0.0,0.0,0.0,0.0,0.0,0.0,0.0,18920.0,5.0,53820.0,17986.0,5.0,53823.0
7.189230322022922,0.0,0.0,0.0,0.0,0.0,0.0,0.0,0.0,0.0,0.0,0.0,0.0,0.0,18920.0,5.0,53820.0,17987.0,5.0,53830.0
7.189284505002433,0.0,0.0,0.0,0.0,0.0,0.0,0.0,0.0,0.0,0.0,0.0,0.0,0.0,18921.0,5.0,53840.0,17988.0,5.0,53853.0
7.189338558004238,0.0,0.0,0.0,0.0,0.0,0.0,0.0,0.0,0.0,0.0,0.0,0.0,0.0,18922.0,5.0,53860.0,17989.0,5.0,53873.0
7.194905070005916,0.0,0.0,0.0,0.0,0.0,0.0,0.0,0.0,0.0,0.0,0.0,0.0,0.0,18923.0,5.0,53880.0,17990.0,5.0,53893.0
7.224373810022371,0.0,0.0,0.0,0.0,0.0,0.0,0.0,0.0,0.0,0.0,0.0,0.0,0.0,18925.0,5.0,53920.0,17991.0,5.0,53923.0
7.230443856999045,0.0,0.0,0.0,0.0,0.0,0.0,0.0,0.0,0.0,0.0,0.0,0.0,0.0,18925.0,5.0,53920.0,17992.0,5.0,53930.0
7.263918028998887,0.0,0.0,0.0,0.0,0.0,0.0,0.0,0.0,0.0,0.0,0.0,0.0,0.0,18927.0,5.0,53960.0,17993.0,5.0,53963.0
7.271696494019125,0.0,0.0,0.0,0.0,0.0,0.0,0.0,0.0,0.0,0.0,0.0,0.0,0.0,18927.0,5.0,53960.0,17994.0,5.0,53970.0
7.699337680998724,0.0,0.0,0.0,0.0,0.0,0.0,0.0,0.0,0.0,0.0,0.0,0.0,0.0,18929.0,5.0,54000.0,17996.0,5.0,54014.0
7.699526449025143,0.0,0.0,0.0,0.0,0.0,0.0,0.0,0.0,0.0,0.0,0.0,0.0,0.0,18930.0,5.0,54020.0,17997.0,5.0,54034.0
7.699595471000066,0.0,0.0,0.0,0.0,0.0,0.0,0.0,0.0,0.0,0.0,0.0,0.0,0.0,18931.0,5.0,54040.0,17998.0,5.0,54053.0
7.699656742013758,0.0,0.0,0.0,0.0,0.0,0.0,0.0,0.0,0.0,0.0,0.0,0.0,0.0,18932.0,5.0,54060.0,17999.0,5.0,54073.0
7.699713381007314,0.0,0.0,0.0,0.0,0.0,0.0,0.0,0.0,0.0,0.0,0.0,0.0,0.0,18933.0,5.0,54080.0,18000.0,5.0,54093.0
7.699780498020118,0.0,0.0,0.0,0.0,0.0,0.0,0.0,0.0,0.0,0.0,0.0,0.0,0.0,18935.0,5.0,54120.0,18001.0,5.0,54123.0
7.699840867018793,0.0,0.0,0.0,0.0,0.0,0.0,0.0,0.0,0.0,0.0,0.0,0.0,0.0,18935.0,5.0,54120.0,18002.0,5.0,54131.0
7.699894746998325,0.0,0.0,0.0,0.0,0.0,0.0,0.0,0.0,0.0,0.0,0.0,0.0,0.0,18936.0,5.0,54140.0,18003.0,5.0,54153.0
7.699950092006475,0.0,0.0,0.0,0.0,0.0,0.0,0.0,0.0,0.0,0.0,0.0,0.0,0.0,18937.0,5.0,54160.0,18004.0,5.0,54173.0
7.700004554004408,0.0,0.0,0.0,0.0,0.0,0.0,0.0,0.0,0.0,0.0,0.0,0.0,0.0,18938.0,5.0,54180.0,18005.0,5.0,54193.0
7.712323635001667,0.0,0.0,0.0,0.0,0.0,0.0,0.0,0.0,0.0,0.0,0.0,0.0,0.0,18949.0,5.0,54400.0,18006.0,5.0,54409.0
7.747463335021166,0.0,0.0,0.0,0.0,0.0,0.0,0.0,0.0,0.0,0.0,0.0,0.0,0.0,18951.0,5.0,54440.0,18007.0,5.0,54443.0
7.751541393023217,0.0,0.0,0.0,0.0,0.0,0.0,0.0,0.0,0.0,0.0,0.0,0.0,0.0,18951.0,5.0,54440.0,18008.0,5.0,54450.0
7.786065945023438,0.0,0.0,0.0,0.0,0.0,0.0,0.0,0.0,0.0,0.0,0.0,0.0,0.0,18953.0,5.0,54480.0,18009.0,5.0,54483.0
7.79252174301655,0.0,0.0,0.0,0.0,0.0,0.0,0.0,0.0,0.0,0.0,0.0,0.0,0.0,18953.0,5.0,54480.0,18010.0,5.0,54490.0
8.2717410090263,0.0,0.0,0.0,0.0,0.0,0.0,0.0,0.0,0.0,0.0,0.0,0.0,0.0,18954.0,5.0,54500.0,18011.0,5.0,54513.0
8.273485370009439,0.0,0.0,0.0,0.0,0.0,0.0,0.0,0.0,0.0,0.0,0.0,0.0,0.0,18955.0,5.0,54520.0,18012.0,5.0,54534.0
8.275422971026273,0.0,0.0,0.0,0.0,0.0,0.0,0.0,0.0,0.0,0.0,0.0,0.0,0.0,18956.0,5.0,54540.0,18013.0,5.0,54553.0
8.277392390999012,0.0,0.0,0.0,0.0,0.0,0.0,0.0,0.0,0.0,0.0,0.0,0.0,0.0,18957.0,5.0,54560.0,18014.0,5.0,54573.0
8.27981941800681,0.0,0.0,0.0,0.0,0.0,0.0,0.0,0.0,0.0,0.0,0.0,0.0,0.0,18958.0,5.0,54580.0,18015.0,5.0,54593.0
8.280161885020789,0.0,0.0,0.0,0.0,0.0,0.0,0.0,0.0,0.0,0.0,0.0,0.0,0.0,18960.0,5.0,54620.0,18016.0,5.0,54623.0
8.280337886011694,0.0,0.0,0.0,0.0,0.0,0.0,0.0,0.0,0.0,0.0,0.0,0.0,0.0,18960.0,5.0,54620.0,18017.0,5.0,54631.0
8.280493320024107,0.0,0.0,0.0,0.0,0.0,0.0,0.0,0.0,0.0,0.0,0.0,0.0,0.0,18961.0,5.0,54640.0,18018.0,5.0,54653.0
8.280658331001177,0.0,0.0,0.0,0.0,0.0,0.0,0.0,0.0,0.0,0.0,0.0,0.0,0.0,18962.0,5.0,54660.0,18019.0,5.0,54673.0
8.280840289022308,0.0,0.0,0.0,0.0,0.0,0.0,0.0,0.0,0.0,0.0,0.0,0.0,0.0,18963.0,5.0,54680.0,18020.0,5.0,54693.0
8.281207003019517,0.0,0.0,0.0,0.0,0.0,0.0,0.0,0.0,0.0,0.0,0.0,0.0,0.0,18965.0,5.0,54720.0,18021.0,5.0,54723.0
8.281372415018268,0.0,0.0,0.0,0.0,0.0,0.0,0.0,0.0,0.0,0.0,0.0,0.0,0.0,18965.0,5.0,54720.0,18022.0,5.0,54731.0
8.28153789701173,0.0,0.0,0.0,0.0,0.0,0.0,0.0,0.0,0.0,0.0,0.0,0.0,0.0,18966.0,5.0,54740.0,18023.0,5.0,54753.0
8.281854191009188,0.0,0.0,0.0,0.0,0.0,0.0,0.0,0.0,0.0,0.0,0.0,0.0,0.0,18967.0,5.0,54760.0,18024.0,5.0,54773.0
8.282014679018175,0.0,0.0,0.0,0.0,0.0,0.0,0.0,0.0,0.0,0.0,0.0,0.0,0.0,18968.0,5.0,54780.0,18025.0,5.0,54793.0
8.282386597013101,0.0,0.0,0.0,0.0,0.0,0.0,0.0,0.0,0.0,0.0,0.0,0.0,0.0,18970.0,5.0,54820.0,18026.0,5.0,54823.0
8.282552661024965,0.0,0.0,0.0,0.0,0.0,0.0,0.0,0.0,0.0,0.0,0.0,0.0,0.0,18970.0,5.0,54820.0,18027.0,5.0,54829.0
8.282718956004828,0.0,0.0,0.0,0.0,0.0,0.0,0.0,0.0,0.0,0.0,0.0,0.0,0.0,18972.0,5.0,54860.0,18028.0,5.0,54863.0
8.282907031010836,0.0,0.0,0.0,0.0,0.0,0.0,0.0,0.0,0.0,0.0,0.0,0.0,0.0,18972.0,5.0,54860.0,18029.0,5.0,54870.0
8.283061021007597,0.0,0.0,0.0,0.0,0.0,0.0,0.0,0.0,0.0,0.0,0.0,0.0,0.0,18974.0,5.0,54900.0,18030.0,5.0,54903.0
8.283439417020418,0.0,0.0,0.0,0.0,0.0,0.0,0.0,0.0,0.0,0.0,0.0,0.0,0.0,18974.0,5.0,54900.0,18031.0,5.0,54914.0
8.283590720006032,0.0,0.0,0.0,0.0,0.0,0.0,0.0,0.0,0.0,0.0,0.0,0.0,0.0,18975.0,5.0,54920.0,18032.0,5.0,54932.0
8.283910022000782,0.0,0.0,0.0,0.0,0.0,0.0,0.0,0.0,0.0,0.0,0.0,0.0,0.0,18976.0,5.0,54940.0,18033.0,5.0,54952.0
8.289485201006755,0.0,0.0,0.0,0.0,0.0,0.0,0.0,0.0,0.0,0.0,0.0,0.0,0.0,18977.0,5.0,54960.0,18034.0,5.0,54972.0
8.296579251007643,0.0,0.0,0.0,0.0,0.0,0.0,0.0,0.0,0.0,0.0,0.0,0.0,0.0,18978.0,5.0,54980.0,18035.0,5.0,54993.0
8.690647603012621,0.0,0.0,0.0,0.0,0.0,0.0,0.0,0.0,0.0,0.0,0.0,0.0,0.0,18980.0,5.0,55020.0,18036.0,5.0,55023.0
8.690841447998537,0.0,0.0,0.0,0.0,0.0,0.0,0.0,0.0,0.0,0.0,0.0,0.0,0.0,18980.0,5.0,55020.0,18037.0,5.0,55031.0
8.690914319013245,0.0,0.0,0.0,0.0,0.0,0.0,0.0,0.0,0.0,0.0,0.0,0.0,0.0,18981.0,5.0,55040.0,18038.0,5.0,55053.0
8.69097660999978,0.0,0.0,0.0,0.0,0.0,0.0,0.0,0.0,0.0,0.0,0.0,0.0,0.0,18982.0,5.0,55060.0,18039.0,5.0,55073.0
8.691062466998119,0.0,0.0,0.0,0.0,0.0,0.0,0.0,0.0,0.0,0.0,0.0,0.0,0.0,18983.0,5.0,55080.0,18040.0,5.0,55093.0
8.691428516001906,0.0,0.0,0.0,0.0,0.0,0.0,0.0,0.0,0.0,0.0,0.0,0.0,0.0,18985.0,5.0,55120.0,18041.0,5.0,55123.0
8.691579702019226,0.0,0.0,0.0,0.0,0.0,0.0,0.0,0.0,0.0,0.0,0.0,0.0,0.0,18985.0,5.0,55120.0,18042.0,5.0,55130.0
8.691770297999028,0.0,0.0,0.0,0.0,0.0,0.0,0.0,0.0,0.0,0.0,0.0,0.0,0.0,18987.0,5.0,55160.0,18043.0,5.0,55163.0
8.691935973998625,0.0,0.0,0.0,0.0,0.0,0.0,0.0,0.0,0.0,0.0,0.0,0.0,0.0,18987.0,5.0,55160.0,18044.0,5.0,55170.0
8.692145813023672,0.0,0.0,0.0,0.0,0.0,0.0,0.0,0.0,0.0,0.0,0.0,0.0,0.0,18988.0,5.0,55180.0,18045.0,5.0,55193.0
8.692605640011607,0.0,0.0,0.0,0.0,0.0,0.0,0.0,0.0,0.0,0.0,0.0,0.0,0.0,18990.0,5.0,55220.0,18046.0,5.0,55223.0
8.692786980012897,0.0,0.0,0.0,0.0,0.0,0.0,0.0,0.0,0.0,0.0,0.0,0.0,0.0,18990.0,5.0,55220.0,18047.0,5.0,55230.0
8.692933433019789,0.0,0.0,0.0,0.0,0.0,0.0,0.0,0.0,0.0,0.0,0.0,0.0,0.0,18991.0,5.0,55240.0,18048.0,5.0,55253.0
8.693111163011054,0.0,0.0,0.0,0.0,0.0,0.0,0.0,0.0,0.0,0.0,0.0,0.0,0.0,18992.0,5.0,55260.0,18049.0,5.0,55273.0
8.693261548003647,0.0,0.0,0.0,0.0,0.0,0.0,0.0,0.0,0.0,0.0,0.0,0.0,0.0,18993.0,5.0,55280.0,18050.0,5.0,55293.0
8.693644162005512,0.0,0.0,0.0,0.0,0.0,0.0,0.0,0.0,0.0,0.0,0.0,0.0,0.0,18995.0,5.0,55320.0,18051.0,5.0,55323.0
8.693798768013949,0.0,0.0,0.0,0.0,0.0,0.0,0.0,0.0,0.0,0.0,0.0,0.0,0.0,18995.0,5.0,55320.0,18052.0,5.0,55331.0
8.693984600016847,0.0,0.0,0.0,0.0,0.0,0.0,0.0,0.0,0.0,0.0,0.0,0.0,0.0,18996.0,5.0,55340.0,18053.0,5.0,55353.0
8.694127905007917,0.0,0.0,0.0,0.0,0.0,0.0,0.0,0.0,0.0,0.0,0.0,0.0,0.0,18997.0,5.0,55360.0,18054.0,5.0,55373.0
8.70149108901387,0.0,0.0,0.0,0.0,0.0,0.0,0.0,0.0,0.0,0.0,0.0,0.0,0.0,18998.0,5.0,55380.0,18055.0,5.0,55392.0
8.71612352601369,0.0,0.0,0.0,0.0,0.0,0.0,0.0,0.0,0.0,0.0,0.0,0.0,0.0,18999.0,5.0,55400.0,18056.0,5.0,55413.0
8.737422327016247,0.0,0.0,0.0,0.0,0.0,0.0,0.0,0.0,0.0,0.0,0.0,0.0,0.0,19000.0,5.0,55420.0,18057.0,5.0,55433.0
8.75593412600574,0.0,0.0,0.0,0.0,0.0,0.0,0.0,0.0,0.0,0.0,0.0,0.0,0.0,19001.0,5.0,55440.0,18058.0,5.0,55453.0
8.775893786019878,0.0,0.0,0.0,0.0,0.0,0.0,0.0,0.0,0.0,0.0,0.0,0.0,0.0,19002.0,5.0,55460.0,18059.0,5.0,55472.0
8.796690162009327,0.0,0.0,0.0,0.0,0.0,0.0,0.0,0.0,0.0,0.0,0.0,0.0,0.0,19003.0,5.0,55480.0,18060.0,5.0,55493.0
8.825709391006967,0.0,0.0,0.0,0.0,0.0,0.0,0.0,0.0,0.0,0.0,0.0,0.0,0.0,19005.0,5.0,55520.0,18061.0,5.0,55523.0
8.834620911016827,0.0,0.0,0.0,0.0,0.0,0.0,0.0,0.0,0.0,0.0,0.0,0.0,0.0,19005.0,5.0,55520.0,18062.0,5.0,55530.0
8.856243153015384,0.0,0.0,0.0,0.0,0.0,0.0,0.0,0.0,0.0,0.0,0.0,0.0,0.0,19006.0,5.0,55540.0,18063.0,5.0,55553.0
8.878796682023676,0.0,0.0,0.0,0.0,0.0,0.0,0.0,0.0,0.0,0.0,0.0,0.0,0.0,19007.0,5.0,55560.0,18064.0,5.0,55573.0
8.895620920025976,0.0,0.0,0.0,0.0,0.0,0.0,0.0,0.0,0.0,0.0,0.0,0.0,0.0,19008.0,5.0,55580.0,18065.0,5.0,55593.0
8.925865777011495,0.0,0.0,0.0,0.0,0.0,0.0,0.0,0.0,0.0,0.0,0.0,0.0,0.0,19010.0,5.0,55620.0,18066.0,5.0,55623.0
8.935504050023155,0.0,0.0,0.0,0.0,0.0,0.0,0.0,0.0,0.0,0.0,0.0,0.0,0.0,19010.0,5.0,55620.0,18067.0,5.0,55630.0
8.956400532013504,0.0,0.0,0.0,0.0,0.0,0.0,0.0,0.0,0.0,0.0,0.0,0.0,0.0,19011.0,5.0,55640.0,18068.0,5.0,55653.0
9.107781395025086,0.0,0.0,0.0,0.0,0.0,0.0,0.0,0.0,0.0,0.0,0.0,0.0,0.0,19012.0,5.0,55660.0,18069.0,5.0,55673.0
9.10790075402474,0.0,0.0,0.0,0.0,0.0,0.0,0.0,0.0,0.0,0.0,0.0,0.0,0.0,19013.0,5.0,55680.0,18070.0,5.0,55693.0
9.108065829001134,0.0,0.0,0.0,0.0,0.0,0.0,0.0,0.0,0.0,0.0,0.0,0.0,0.0,19015.0,5.0,55720.0,18071.0,5.0,55723.0
9.10816652700305,0.0,0.0,0.0,0.0,0.0,0.0,0.0,0.0,0.0,0.0,0.0,0.0,0.0,19015.0,5.0,55720.0,18072.0,5.0,55730.0
9.108260546025122,0.0,0.0,0.0,0.0,0.0,0.0,0.0,0.0,0.0,0.0,0.0,0.0,0.0,19016.0,5.0,55740.0,18073.0,5.0,55753.0
9.108395187009592,0.0,0.0,0.0,0.0,0.0,0.0,0.0,0.0,0.0,0.0,0.0,0.0,0.0,19017.0,5.0,55760.0,18074.0,5.0,55772.0
9.10849241502001,0.0,0.0,0.0,0.0,0.0,0.0,0.0,0.0,0.0,0.0,0.0,0.0,0.0,19018.0,5.0,55780.0,18075.0,5.0,55792.0
9.31190304501797,0.0,0.0,0.0,0.0,0.0,0.0,0.0,0.0,0.0,0.0,0.0,0.0,0.0,19020.0,5.0,55820.0,18076.0,5.0,55823.0
9.312041988014244,0.0,0.0,0.0,0.0,0.0,0.0,0.0,0.0,0.0,0.0,0.0,0.0,0.0,19020.0,5.0,55820.0,18077.0,5.0,55830.0
9.312142856011633,0.0,0.0,0.0,0.0,0.0,0.0,0.0,0.0,0.0,0.0,0.0,0.0,0.0,19022.0,5.0,55860.0,18078.0,5.0,55863.0
9.312273135001305,0.0,0.0,0.0,0.0,0.0,0.0,0.0,0.0,0.0,0.0,0.0,0.0,0.0,19022.0,5.0,55860.0,18079.0,5.0,55870.0
9.312354680005228,0.0,0.0,0.0,0.0,0.0,0.0,0.0,0.0,0.0,0.0,0.0,0.0,0.0,19024.0,5.0,55900.0,18080.0,5.0,55903.0
9.312446142022964,0.0,0.0,0.0,0.0,0.0,0.0,0.0,0.0,0.0,0.0,0.0,0.0,0.0,19024.0,5.0,55900.0,18081.0,5.0,55915.0
9.31253225900582,0.0,0.0,0.0,0.0,0.0,0.0,0.0,0.0,0.0,0.0,0.0,0.0,0.0,19025.0,5.0,55920.0,18082.0,5.0,55933.0
9.312636928021675,0.0,0.0,0.0,0.0,0.0,0.0,0.0,0.0,0.0,0.0,0.0,0.0,0.0,19026.0,5.0,55940.0,18083.0,5.0,55953.0
9.312762374000158,0.0,0.0,0.0,0.0,0.0,0.0,0.0,0.0,0.0,0.0,0.0,0.0,0.0,19027.0,5.0,55960.0,18084.0,5.0,55973.0
9.312871765025193,0.0,0.0,0.0,0.0,0.0,0.0,0.0,0.0,0.0,0.0,0.0,0.0,0.0,19028.0,5.0,55980.0,18085.0,5.0,55993.0
9.326373456016881,0.0,0.0,0.0,0.0,0.0,0.0,0.0,0.0,0.0,0.0,0.0,0.0,0.0,19030.0,5.0,56020.0,18086.0,5.0,56023.0
9.335503850015812,0.0,0.0,0.0,0.0,0.0,0.0,0.0,0.0,0.0,0.0,0.0,0.0,0.0,19030.0,5.0,56020.0,18087.0,5.0,56032.0
9.355362611997407,0.0,0.0,0.0,0.0,0.0,0.0,0.0,0.0,0.0,0.0,0.0,0.0,0.0,19031.0,5.0,56040.0,18088.0,5.0,56053.0
9.375812974001747,0.0,0.0,0.0,0.0,0.0,0.0,0.0,0.0,0.0,0.0,0.0,0.0,0.0,19032.0,5.0,56060.0,18089.0,5.0,56073.0
9.395729986019433,0.0,0.0,0.0,0.0,0.0,0.0,0.0,0.0,0.0,0.0,0.0,0.0,0.0,19033.0,5.0,56080.0,18090.0,5.0,56093.0
9.530915834999178,0.0,0.0,0.0,0.0,0.0,0.0,0.0,0.0,0.0,0.0,0.0,0.0,0.0,19035.0,5.0,56120.0,18091.0,5.0,56123.0
9.53105129901087,0.0,0.0,0.0,0.0,0.0,0.0,0.0,0.0,0.0,0.0,0.0,0.0,0.0,19035.0,5.0,56120.0,18092.0,5.0,56130.0
9.531135822006036,0.0,0.0,0.0,0.0,0.0,0.0,0.0,0.0,0.0,0.0,0.0,0.0,0.0,19036.0,5.0,56140.0,18093.0,5.0,56153.0
9.53120035000029,0.0,0.0,0.0,0.0,0.0,0.0,0.0,0.0,0.0,0.0,0.0,0.0,0.0,19037.0,5.0,56160.0,18094.0,5.0,56173.0
9.531261588010238,0.0,0.0,0.0,0.0,0.0,0.0,0.0,0.0,0.0,0.0,0.0,0.0,0.0,19038.0,5.0,56180.0,18095.0,5.0,56193.0
9.568718271009857,0.0,0.0,0.0,0.0,0.0,0.0,0.0,0.0,0.0,0.0,0.0,0.0,0.0,19042.0,5.0,56260.0,18096.0,5.0,56266.0
9.576183666009456,0.0,0.0,0.0,0.0,0.0,0.0,0.0,0.0,0.0,0.0,0.0,0.0,0.0,19042.0,5.0,56260.0,18097.0,5.0,56272.0
9.596579408011166,0.0,0.0,0.0,0.0,0.0,0.0,0.0,0.0,0.0,0.0,0.0,0.0,0.0,19043.0,5.0,56280.0,18098.0,5.0,56293.0
9.62630782101769,0.0,0.0,0.0,0.0,0.0,0.0,0.0,0.0,0.0,0.0,0.0,0.0,0.0,19044.0,5.0,56300.0,18099.0,5.0,56313.0
9.636313667026116,0.0,0.0,0.0,0.0,0.0,0.0,0.0,0.0,0.0,0.0,0.0,0.0,0.0,19045.0,5.0,56320.0,18100.0,5.0,56333.0
9.752128852007445,0.0,0.0,0.0,0.0,0.0,0.0,0.0,0.0,0.0,0.0,0.0,0.0,0.0,19047.0,5.0,56360.0,18101.0,5.0,56363.0
9.752353785006562,0.0,0.0,0.0,0.0,0.0,0.0,0.0,0.0,0.0,0.0,0.0,0.0,0.0,19047.0,5.0,56360.0,18102.0,5.0,56370.0
9.752440872020088,0.0,0.0,0.0,0.0,0.0,0.0,0.0,0.0,0.0,0.0,0.0,0.0,0.0,19048.0,5.0,56380.0,18103.0,5.0,56393.0
9.752512396022212,0.0,0.0,0.0,0.0,0.0,0.0,0.0,0.0,0.0,0.0,0.0,0.0,0.0,19049.0,5.0,56400.0,18104.0,5.0,56413.0
9.752579168009106,0.0,0.0,0.0,0.0,0.0,0.0,0.0,0.0,0.0,0.0,0.0,0.0,0.0,19050.0,5.0,56420.0,18105.0,5.0,56433.0
9.766231618006714,0.0,0.0,0.0,0.0,0.0,0.0,0.0,0.0,0.0,0.0,0.0,0.0,0.0,19052.0,5.0,56460.0,18106.0,5.0,56464.0
9.773923975008074,0.0,0.0,0.0,0.0,0.0,0.0,0.0,0.0,0.0,0.0,0.0,0.0,0.0,19052.0,5.0,56460.0,18107.0,5.0,56471.0
9.797716544009745,0.0,0.0,0.0,0.0,0.0,0.0,0.0,0.0,0.0,0.0,0.0,0.0,0.0,19053.0,5.0,56480.0,18108.0,5.0,56493.0
9.81689217701205,0.0,0.0,0.0,0.0,0.0,0.0,0.0,0.0,0.0,0.0,0.0,0.0,0.0,19054.0,5.0,56500.0,18109.0,5.0,56513.0
9.838330477999989,0.0,0.0,0.0,0.0,0.0,0.0,0.0,0.0,0.0,0.0,0.0,0.0,0.0,19055.0,5.0,56520.0,18110.0,5.0,56534.0
9.963158398022642,0.0,0.0,0.0,0.0,0.0,0.0,0.0,0.0,0.0,0.0,0.0,0.0,0.0,19057.0,5.0,56560.0,18111.0,5.0,56563.0
9.963309640006628,0.0,0.0,0.0,0.0,0.0,0.0,0.0,0.0,0.0,0.0,0.0,0.0,0.0,19057.0,5.0,56560.0,18112.0,5.0,56570.0
9.963395594008034,0.0,0.0,0.0,0.0,0.0,0.0,0.0,0.0,0.0,0.0,0.0,0.0,0.0,19059.0,5.0,56600.0,18113.0,5.0,56603.0
9.963456590019632,0.0,0.0,0.0,0.0,0.0,0.0,0.0,0.0,0.0,0.0,0.0,0.0,0.0,19059.0,5.0,56600.0,18114.0,5.0,56610.0
9.963524774997495,0.0,0.0,0.0,0.0,0.0,0.0,0.0,0.0,0.0,0.0,0.0,0.0,0.0,19061.0,5.0,56640.0,18115.0,5.0,56643.0
9.96358024602523,0.0,0.0,0.0,0.0,0.0,0.0,0.0,0.0,0.0,0.0,0.0,0.0,0.0,19061.0,5.0,56640.0,18116.0,5.0,56655.0
9.977469881006982,0.0,0.0,0.0,0.0,0.0,0.0,0.0,0.0,0.0,0.0,0.0,0.0,0.0,19062.0,5.0,56660.0,18117.0,5.0,56673.0
9.998148014012258,0.0,0.0,0.0,0.0,0.0,0.0,0.0,0.0,0.0,0.0,0.0,0.0,0.0,19063.0,5.0,56680.0,18118.0,5.0,56693.0
10.01761573101976,0.0,0.0,0.0,0.0,0.0,0.0,0.0,0.0,0.0,0.0,0.0,0.0,0.0,19064.0,5.0,56700.0,18119.0,5.0,56713.0
10.036112446017796,0.0,0.0,0.0,0.0,0.0,0.0,0.0,0.0,0.0,0.0,0.0,0.0,0.0,19065.0,5.0,56720.0,18120.0,5.0,56733.0
10.069870530016487,0.0,0.0,0.0,0.0,0.0,0.0,0.0,0.0,0.0,0.0,0.0,0.0,0.0,19067.0,5.0,56760.0,18121.0,5.0,56763.0
10.19303985501756,0.0,0.0,0.0,0.0,0.0,0.0,0.0,0.0,0.0,0.0,0.0,0.0,0.0,19067.0,5.0,56760.0,18122.0,5.0,56771.0
10.193340644007549,0.0,0.0,0.0,0.0,0.0,0.0,0.0,0.0,0.0,0.0,0.0,0.0,0.0,19068.0,5.0,56780.0,18123.0,5.0,56793.0
10.193408649007324,0.0,0.0,0.0,0.0,0.0,0.0,0.0,0.0,0.0,0.0,0.0,0.0,0.0,19069.0,5.0,56800.0,18124.0,5.0,56813.0
10.193467058008537,0.0,0.0,0.0,0.0,0.0,0.0,0.0,0.0,0.0,0.0,0.0,0.0,0.0,19070.0,5.0,56820.0,18125.0,5.0,56833.0
10.193524715024978,0.0,0.0,0.0,0.0,0.0,0.0,0.0,0.0,0.0,0.0,0.0,0.0,0.0,19072.0,5.0,56860.0,18126.0,5.0,56863.0
10.19358166999882,0.0,0.0,0.0,0.0,0.0,0.0,0.0,0.0,0.0,0.0,0.0,0.0,0.0,19072.0,5.0,56860.0,18127.0,5.0,56870.0
10.212999442010187,0.0,0.0,0.0,0.0,0.0,0.0,0.0,0.0,0.0,0.0,0.0,0.0,0.0,19073.0,5.0,56880.0,18128.0,5.0,56893.0
10.220552029000828,0.0,0.0,0.0,0.0,0.0,0.0,0.0,0.0,0.0,0.0,0.0,0.0,0.0,19074.0,5.0,56900.0,18129.0,5.0,56913.0
10.23857768101152,0.0,0.0,0.0,0.0,0.0,0.0,0.0,0.0,0.0,0.0,0.0,0.0,0.0,19075.0,5.0,56920.0,18130.0,5.0,56933.0
10.266654231003486,0.0,0.0,0.0,0.0,0.0,0.0,0.0,0.0,0.0,0.0,0.0,0.0,0.0,19077.0,5.0,56960.0,18131.0,5.0,56963.0
10.285960098000942,0.0,0.0,0.0,0.0,0.0,0.0,0.0,0.0,0.0,0.0,0.0,0.0,0.0,19077.0,5.0,56960.0,18132.0,5.0,56970.0
10.296375397010706,0.0,0.0,0.0,0.0,0.0,0.0,0.0,0.0,0.0,0.0,0.0,0.0,0.0,19078.0,5.0,56980.0,18133.0,5.0,56993.0
10.485936038021464,0.0,0.0,0.0,0.0,0.0,0.0,0.0,0.0,0.0,0.0,0.0,0.0,0.0,19079.0,5.0,57000.0,18134.0,5.0,57013.0
10.486052655003732,0.0,0.0,0.0,0.0,0.0,0.0,0.0,0.0,0.0,0.0,0.0,0.0,0.0,19080.0,5.0,57020.0,18135.0,5.0,57034.0
10.486124310002197,0.0,0.0,0.0,0.0,0.0,0.0,0.0,0.0,0.0,0.0,0.0,0.0,0.0,19082.0,5.0,57060.0,18136.0,5.0,57063.0
10.486183100001654,0.0,0.0,0.0,0.0,0.0,0.0,0.0,0.0,0.0,0.0,0.0,0.0,0.0,19082.0,5.0,57060.0,18137.0,5.0,57070.0
10.486238100012997,0.0,0.0,0.0,0.0,0.0,0.0,0.0,0.0,0.0,0.0,0.0,0.0,0.0,19083.0,5.0,57080.0,18138.0,5.0,57093.0
10.486292558023706,0.0,0.0,0.0,0.0,0.0,0.0,0.0,0.0,0.0,0.0,0.0,0.0,0.0,19084.0,5.0,57100.0,18139.0,5.0,57113.0
10.486347658006707,0.0,0.0,0.0,0.0,0.0,0.0,0.0,0.0,0.0,0.0,0.0,0.0,0.0,19085.0,5.0,57120.0,18140.0,5.0,57133.0
10.486467625014484,0.0,0.0,0.0,0.0,0.0,0.0,0.0,0.0,0.0,0.0,0.0,0.0,0.0,19087.0,5.0,57160.0,18141.0,5.0,57163.0
10.486547993001295,0.0,0.0,0.0,0.0,0.0,0.0,0.0,0.0,0.0,0.0,0.0,0.0,0.0,19087.0,5.0,57160.0,18142.0,5.0,57170.0
10.508429331006482,0.0,0.0,0.0,0.0,0.0,0.0,0.0,0.0,0.0,0.0,0.0,0.0,0.0,19089.0,5.0,57200.0,18143.0,5.0,57203.0
10.517781105008908,0.0,0.0,0.0,0.0,0.0,0.0,0.0,0.0,0.0,0.0,0.0,0.0,0.0,19089.0,5.0,57200.0,18144.0,5.0,57210.0
10.6332734550233,0.0,0.0,0.0,0.0,0.0,0.0,0.0,0.0,0.0,0.0,0.0,0.0,0.0,19091.0,5.0,57240.0,18145.0,5.0,57243.0
10.633386452012928,0.0,0.0,0.0,0.0,0.0,0.0,0.0,0.0,0.0,0.0,0.0,0.0,0.0,19091.0,5.0,57240.0,18146.0,5.0,57255.0
10.63345058701816,0.0,0.0,0.0,0.0,0.0,0.0,0.0,0.0,0.0,0.0,0.0,0.0,0.0,19092.0,5.0,57260.0,18147.0,5.0,57273.0
10.633512485015672,0.0,0.0,0.0,0.0,0.0,0.0,0.0,0.0,0.0,0.0,0.0,0.0,0.0,19093.0,5.0,57280.0,18148.0,5.0,57293.0
10.633568607998313,0.0,0.0,0.0,0.0,0.0,0.0,0.0,0.0,0.0,0.0,0.0,0.0,0.0,19094.0,5.0,57300.0,18149.0,5.0,57313.0
10.637845359015046,0.0,0.0,0.0,0.0,0.0,0.0,0.0,0.0,0.0,0.0,0.0,0.0,0.0,19095.0,5.0,57320.0,18150.0,5.0,57333.0
10.667519900016487,0.0,0.0,0.0,0.0,0.0,0.0,0.0,0.0,0.0,0.0,0.0,0.0,0.0,19097.0,5.0,57360.0,18151.0,5.0,57363.0
10.674307697016047,0.0,0.0,0.0,0.0,0.0,0.0,0.0,0.0,0.0,0.0,0.0,0.0,0.0,19097.0,5.0,57360.0,18152.0,5.0,57370.0
10.709088419011096,0.0,0.0,0.0,0.0,0.0,0.0,0.0,0.0,0.0,0.0,0.0,0.0,0.0,19099.0,5.0,57400.0,18153.0,5.0,57403.0
10.715637424000306,0.0,0.0,0.0,0.0,0.0,0.0,0.0,0.0,0.0,0.0,0.0,0.0,0.0,19099.0,5.0,57400.0,18154.0,5.0,57410.0
10.863810861017555,0.0,0.0,0.0,0.0,0.0,0.0,0.0,0.0,0.0,0.0,0.0,0.0,0.0,19101.0,5.0,57440.0,18155.0,5.0,57443.0
10.864207147009438,0.0,0.0,0.0,0.0,0.0,0.0,0.0,0.0,0.0,0.0,0.0,0.0,0.0,19101.0,5.0,57440.0,18156.0,5.0,57455.0
10.864464067999506,0.0,0.0,0.0,0.0,0.0,0.0,0.0,0.0,0.0,0.0,0.0,0.0,0.0,19102.0,5.0,57460.0,18157.0,5.0,57473.0
10.864797235000879,0.0,0.0,0.0,0.0,0.0,0.0,0.0,0.0,0.0,0.0,0.0,0.0,0.0,19103.0,5.0,57480.0,18158.0,5.0,57493.0
10.864896030019736,0.0,0.0,0.0,0.0,0.0,0.0,0.0,0.0,0.0,0.0,0.0,0.0,0.0,19104.0,5.0,57500.0,18159.0,5.0,57513.0
10.864975272997981,0.0,0.0,0.0,0.0,0.0,0.0,0.0,0.0,0.0,0.0,0.0,0.0,0.0,19105.0,5.0,57520.0,18160.0,5.0,57534.0
10.868584341020323,0.0,0.0,0.0,0.0,0.0,0.0,0.0,0.0,0.0,0.0,0.0,0.0,0.0,19107.0,5.0,57560.0,18161.0,5.0,57563.0
10.875777228007792,0.0,0.0,0.0,0.0,0.0,0.0,0.0,0.0,0.0,0.0,0.0,0.0,0.0,19107.0,5.0,57560.0,18162.0,5.0,57570.0
10.896358897007303,0.0,0.0,0.0,0.0,0.0,0.0,0.0,0.0,0.0,0.0,0.0,0.0,0.0,19108.0,5.0,57580.0,18163.0,5.0,57593.0
10.924957961018663,0.0,0.0,0.0,0.0,0.0,0.0,0.0,0.0,0.0,0.0,0.0,0.0,0.0,19109.0,5.0,57600.0,18164.0,5.0,57613.0
10.9413455290196,0.0,0.0,0.0,0.0,0.0,0.0,0.0,0.0,0.0,0.0,0.0,0.0,0.0,19110.0,5.0,57620.0,18165.0,5.0,57633.0
11.073430001997622,0.0,0.0,0.0,0.0,0.0,0.0,0.0,0.0,0.0,0.0,0.0,0.0,0.0,19112.0,5.0,57660.0,18166.0,5.0,57663.0
11.073547167005017,0.0,0.0,0.0,0.0,0.0,0.0,0.0,0.0,0.0,0.0,0.0,0.0,0.0,19112.0,5.0,57660.0,18167.0,5.0,57670.0
11.073617657006253,0.0,0.0,0.0,0.0,0.0,0.0,0.0,0.0,0.0,0.0,0.0,0.0,0.0,19113.0,5.0,57680.0,18168.0,5.0,57693.0
11.073676295025507,0.0,0.0,0.0,0.0,0.0,0.0,0.0,0.0,0.0,0.0,0.0,0.0,0.0,19114.0,5.0,57700.0,18169.0,5.0,57713.0
11.073732996999752,0.0,0.0,0.0,0.0,0.0,0.0,0.0,0.0,0.0,0.0,0.0,0.0,0.0,19115.0,5.0,57720.0,18170.0,5.0,57733.0
11.073794793017441,0.0,0.0,0.0,0.0,0.0,0.0,0.0,0.0,0.0,0.0,0.0,0.0,0.0,19117.0,5.0,57760.0,18171.0,5.0,57763.0
11.075646333018085,0.0,0.0,0.0,0.0,0.0,0.0,0.0,0.0,0.0,0.0,0.0,0.0,0.0,19117.0,5.0,57760.0,18172.0,5.0,57770.0
11.097787497012177,0.0,0.0,0.0,0.0,0.0,0.0,0.0,0.0,0.0,0.0,0.0,0.0,0.0,19118.0,5.0,57780.0,18173.0,5.0,57792.0
11.117439155001193,0.0,0.0,0.0,0.0,0.0,0.0,0.0,0.0,0.0,0.0,0.0,0.0,0.0,19119.0,5.0,57800.0,18174.0,5.0,57813.0
11.138723605021369,0.0,0.0,0.0,0.0,0.0,0.0,0.0,0.0,0.0,0.0,0.0,0.0,0.0,19120.0,5.0,57820.0,18175.0,5.0,57833.0
11.169339954998577,0.0,0.0,0.0,0.0,0.0,0.0,0.0,0.0,0.0,0.0,0.0,0.0,0.0,19122.0,5.0,57860.0,18176.0,5.0,57863.0
11.175133067008574,0.0,0.0,0.0,0.0,0.0,0.0,0.0,0.0,0.0,0.0,0.0,0.0,0.0,19122.0,5.0,57860.0,18177.0,5.0,57870.0
11.254664856009185,0.0,0.0,0.0,0.0,0.0,0.0,0.0,0.0,0.0,0.0,0.0,0.0,0.0,19123.0,5.0,57880.0,18178.0,5.0,57893.0
11.254782884003362,0.0,0.0,0.0,0.0,0.0,0.0,0.0,0.0,0.0,0.0,0.0,0.0,0.0,19124.0,5.0,57900.0,18179.0,5.0,57913.0
11.254855559003772,0.0,0.0,0.0,0.0,0.0,0.0,0.0,0.0,0.0,0.0,0.0,0.0,0.0,19125.0,5.0,57920.0,18180.0,5.0,57933.0
11.29284113101312,0.0,0.0,0.0,0.0,0.0,0.0,0.0,0.0,0.0,0.0,0.0,0.0,0.0,19127.0,5.0,57960.0,18181.0,5.0,57963.0
11.293206604022998,0.0,0.0,0.0,0.0,0.0,0.0,0.0,0.0,0.0,0.0,0.0,0.0,0.0,19127.0,5.0,57960.0,18182.0,5.0,57970.0
11.299502628011396,0.0,0.0,0.0,0.0,0.0,0.0,0.0,0.0,0.0,0.0,0.0,0.0,0.0,19128.0,5.0,57980.0,18183.0,5.0,57993.0
11.318127224018099,0.0,0.0,0.0,0.0,0.0,0.0,0.0,0.0,0.0,0.0,0.0,0.0,0.0,19129.0,5.0,58000.0,18184.0,5.0,58013.0
11.34003907101578,0.0,0.0,0.0,0.0,0.0,0.0,0.0,0.0,0.0,0.0,0.0,0.0,0.0,19130.0,5.0,58020.0,18185.0,5.0,58034.0
11.368607452022843,0.0,0.0,0.0,0.0,0.0,0.0,0.0,0.0,0.0,0.0,0.0,0.0,0.0,19132.0,5.0,58060.0,18186.0,5.0,58063.0
11.37634629700915,0.0,0.0,0.0,0.0,0.0,0.0,0.0,0.0,0.0,0.0,0.0,0.0,0.0,19132.0,5.0,58060.0,18187.0,5.0,58070.0
11.455765755003085,0.0,0.0,0.0,0.0,0.0,0.0,0.0,0.0,0.0,0.0,0.0,0.0,0.0,19134.0,5.0,58100.0,18188.0,5.0,58103.0
11.455869674013229,0.0,0.0,0.0,0.0,0.0,0.0,0.0,0.0,0.0,0.0,0.0,0.0,0.0,19134.0,5.0,58100.0,18189.0,5.0,58110.0
11.45593503001146,0.0,0.0,0.0,0.0,0.0,0.0,0.0,0.0,0.0,0.0,0.0,0.0,0.0,19135.0,5.0,58120.0,18190.0,5.0,58133.0
11.512448216002667,0.0,0.0,0.0,0.0,0.0,0.0,0.0,0.0,0.0,0.0,0.0,0.0,0.0,19137.0,5.0,58160.0,18191.0,5.0,58163.0
11.512547944003018,0.0,0.0,0.0,0.0,0.0,0.0,0.0,0.0,0.0,0.0,0.0,0.0,0.0,19137.0,5.0,58160.0,18192.0,5.0,58170.0
11.512613730999874,0.0,0.0,0.0,0.0,0.0,0.0,0.0,0.0,0.0,0.0,0.0,0.0,0.0,19139.0,5.0,58200.0,18193.0,5.0,58203.0
11.525786231999518,0.0,0.0,0.0,0.0,0.0,0.0,0.0,0.0,0.0,0.0,0.0,0.0,0.0,19140.0,5.0,58220.0,18194.0,5.0,58222.0
11.542477266018977,0.0,0.0,0.0,0.0,0.0,0.0,0.0,0.0,0.0,0.0,0.0,0.0,0.0,19140.0,5.0,58220.0,18195.0,5.0,58229.0
11.55738568599918,0.0,0.0,0.0,0.0,0.0,0.0,0.0,0.0,0.0,0.0,0.0,0.0,0.0,19141.0,5.0,58240.0,18196.0,5.0,58253.0
11.578533457999583,0.0,0.0,0.0,0.0,0.0,0.0,0.0,0.0,0.0,0.0,0.0,0.0,0.0,19142.0,5.0,58260.0,18197.0,5.0,58273.0
11.597287552023772,0.0,0.0,0.0,0.0,0.0,0.0,0.0,0.0,0.0,0.0,0.0,0.0,0.0,19143.0,5.0,58280.0,18198.0,5.0,58293.0
11.617599826015066,0.0,0.0,0.0,0.0,0.0,0.0,0.0,0.0,0.0,0.0,0.0,0.0,0.0,19144.0,5.0,58300.0,18199.0,5.0,58313.0
11.685583728016354,0.0,0.0,0.0,0.0,0.0,0.0,0.0,0.0,0.0,0.0,0.0,0.0,0.0,19145.0,5.0,58320.0,18200.0,5.0,58332.0
11.685707367025316,0.0,0.0,0.0,0.0,0.0,0.0,0.0,0.0,0.0,0.0,0.0,0.0,0.0,19147.0,5.0,58360.0,18201.0,5.0,58363.0
11.685780911997426,0.0,0.0,0.0,0.0,0.0,0.0,0.0,0.0,0.0,0.0,0.0,0.0,0.0,19147.0,5.0,58360.0,18202.0,5.0,58370.0
11.73410820600111,0.0,0.0,0.0,0.0,0.0,0.0,0.0,0.0,0.0,0.0,0.0,0.0,0.0,19148.0,5.0,58380.0,18203.0,5.0,58393.0
11.734210488008102,0.0,0.0,0.0,0.0,0.0,0.0,0.0,0.0,0.0,0.0,0.0,0.0,0.0,19149.0,5.0,58400.0,18204.0,5.0,58414.0
11.744587417022558,0.0,0.0,0.0,0.0,0.0,0.0,0.0,0.0,0.0,0.0,0.0,0.0,0.0,19150.0,5.0,58420.0,18205.0,5.0,58433.0
11.771044765016995,0.0,0.0,0.0,0.0,0.0,0.0,0.0,0.0,0.0,0.0,0.0,0.0,0.0,19152.0,5.0,58460.0,18206.0,5.0,58463.0
11.776939834002405,0.0,0.0,0.0,0.0,0.0,0.0,0.0,0.0,0.0,0.0,0.0,0.0,0.0,19152.0,5.0,58460.0,18207.0,5.0,58470.0
11.799732605024474,0.0,0.0,0.0,0.0,0.0,0.0,0.0,0.0,0.0,0.0,0.0,0.0,0.0,19153.0,5.0,58480.0,18208.0,5.0,58493.0
11.818890999013092,0.0,0.0,0.0,0.0,0.0,0.0,0.0,0.0,0.0,0.0,0.0,0.0,0.0,19154.0,5.0,58500.0,18209.0,5.0,58513.0
11.851292285020463,0.0,0.0,0.0,0.0,0.0,0.0,0.0,0.0,0.0,0.0,0.0,0.0,0.0,19155.0,5.0,58520.0,18210.0,5.0,58534.0
11.953149891021894,0.0,0.0,0.0,0.0,0.0,0.0,0.0,0.0,0.0,0.0,0.0,0.0,0.0,19157.0,5.0,58560.0,18211.0,5.0,58563.0
11.953535547014326,0.0,0.0,0.0,0.0,0.0,0.0,0.0,0.0,0.0,0.0,0.0,0.0,0.0,19157.0,5.0,58560.0,18212.0,5.0,58570.0
11.953602816007333,0.0,0.0,0.0,0.0,0.0,0.0,0.0,0.0,0.0,0.0,0.0,0.0,0.0,19158.0,5.0,58580.0,18213.0,5.0,58593.0
11.95366085000569,0.0,0.0,0.0,0.0,0.0,0.0,0.0,0.0,0.0,0.0,0.0,0.0,0.0,19159.0,5.0,58600.0,18214.0,5.0,58613.0
11.953717852011323,0.0,0.0,0.0,0.0,0.0,0.0,0.0,0.0,0.0,0.0,0.0,0.0,0.0,19160.0,5.0,58620.0,18215.0,5.0,58633.0
11.98536568399868,0.0,0.0,0.0,0.0,0.0,0.0,0.0,0.0,0.0,0.0,0.0,0.0,0.0,19162.0,5.0,58660.0,18216.0,5.0,58663.0
11.985468047001632,0.0,0.0,0.0,0.0,0.0,0.0,0.0,0.0,0.0,0.0,0.0,0.0,0.0,19162.0,5.0,58660.0,18217.0,5.0,58670.0
12.000051554001402,0.0,0.0,0.0,0.0,0.0,0.0,0.0,0.0,0.0,0.0,0.0,0.0,0.0,19163.0,5.0,58680.0,18218.0,5.0,58693.0
12.018944522016682,0.0,0.0,0.0,0.0,0.0,0.0,0.0,0.0,0.0,0.0,0.0,0.0,0.0,19164.0,5.0,58700.0,18219.0,5.0,58713.0
12.038135313021485,0.0,0.0,0.0,0.0,0.0,0.0,0.0,0.0,0.0,0.0,0.0,0.0,0.0,19165.0,5.0,58720.0,18220.0,5.0,58733.0
12.172318494005594,0.0,0.0,0.0,0.0,0.0,0.0,0.0,0.0,0.0,0.0,0.0,0.0,0.0,19167.0,5.0,58760.0,18221.0,5.0,58763.0
12.172727973025758,0.0,0.0,0.0,0.0,0.0,0.0,0.0,0.0,0.0,0.0,0.0,0.0,0.0,19167.0,5.0,58760.0,18222.0,5.0,58770.0
12.172873900999548,0.0,0.0,0.0,0.0,0.0,0.0,0.0,0.0,0.0,0.0,0.0,0.0,0.0,19169.0,5.0,58800.0,18223.0,5.0,58803.0
12.172935986018274,0.0,0.0,0.0,0.0,0.0,0.0,0.0,0.0,0.0,0.0,0.0,0.0,0.0,19169.0,5.0,58800.0,18224.0,5.0,58810.0
12.172991233004723,0.0,0.0,0.0,0.0,0.0,0.0,0.0,0.0,0.0,0.0,0.0,0.0,0.0,19170.0,5.0,58820.0,18225.0,5.0,58833.0
12.173046340001747,0.0,0.0,0.0,0.0,0.0,0.0,0.0,0.0,0.0,0.0,0.0,0.0,0.0,19172.0,5.0,58860.0,18226.0,5.0,58863.0
12.175802420009859,0.0,0.0,0.0,0.0,0.0,0.0,0.0,0.0,0.0,0.0,0.0,0.0,0.0,19172.0,5.0,58860.0,18227.0,5.0,58870.0
12.198214168020058,0.0,0.0,0.0,0.0,0.0,0.0,0.0,0.0,0.0,0.0,0.0,0.0,0.0,19173.0,5.0,58880.0,18228.0,5.0,58893.0
12.218375610013027,0.0,0.0,0.0,0.0,0.0,0.0,0.0,0.0,0.0,0.0,0.0,0.0,0.0,19174.0,5.0,58900.0,18229.0,5.0,58913.0
12.238983761024429,0.0,0.0,0.0,0.0,0.0,0.0,0.0,0.0,0.0,0.0,0.0,0.0,0.0,19175.0,5.0,58920.0,18230.0,5.0,58933.0
12.271286946022883,0.0,0.0,0.0,0.0,0.0,0.0,0.0,0.0,0.0,0.0,0.0,0.0,0.0,19177.0,5.0,58960.0,18231.0,5.0,58963.0
12.276640926022083,0.0,0.0,0.0,0.0,0.0,0.0,0.0,0.0,0.0,0.0,0.0,0.0,0.0,19177.0,5.0,58960.0,18232.0,5.0,58970.0
12.39278025602107,0.0,0.0,0.0,0.0,0.0,0.0,0.0,0.0,0.0,0.0,0.0,0.0,0.0,19178.0,5.0,58980.0,18233.0,5.0,58993.0
12.393212385009974,0.0,0.0,0.0,0.0,0.0,0.0,0.0,0.0,0.0,0.0,0.0,0.0,0.0,19179.0,5.0,59000.0,18234.0,5.0,59013.0
12.393362735019764,0.0,0.0,0.0,0.0,0.0,0.0,0.0,0.0,0.0,0.0,0.0,0.0,0.0,19180.0,5.0,59020.0,18235.0,5.0,59035.0
12.393420439009788,0.0,0.0,0.0,0.0,0.0,0.0,0.0,0.0,0.0,0.0,0.0,0.0,0.0,19182.0,5.0,59060.0,18236.0,5.0,59063.0
12.393476357014151,0.0,0.0,0.0,0.0,0.0,0.0,0.0,0.0,0.0,0.0,0.0,0.0,0.0,19182.0,5.0,59060.0,18237.0,5.0,59070.0
12.398026178008877,0.0,0.0,0.0,0.0,0.0,0.0,0.0,0.0,0.0,0.0,0.0,0.0,0.0,19183.0,5.0,59080.0,18238.0,5.0,59093.0
12.419193656009156,0.0,0.0,0.0,0.0,0.0,0.0,0.0,0.0,0.0,0.0,0.0,0.0,0.0,19184.0,5.0,59100.0,18239.0,5.0,59113.0
12.438544363016263,0.0,0.0,0.0,0.0,0.0,0.0,0.0,0.0,0.0,0.0,0.0,0.0,0.0,19185.0,5.0,59120.0,18240.0,5.0,59133.0
12.468673907016637,0.0,0.0,0.0,0.0,0.0,0.0,0.0,0.0,0.0,0.0,0.0,0.0,0.0,19187.0,5.0,59160.0,18241.0,5.0,59163.0
12.478479406010592,0.0,0.0,0.0,0.0,0.0,0.0,0.0,0.0,0.0,0.0,0.0,0.0,0.0,19187.0,5.0,59160.0,18242.0,5.0,59170.0
12.613598386000376,0.0,0.0,0.0,0.0,0.0,0.0,0.0,0.0,0.0,0.0,0.0,0.0,0.0,19189.0,5.0,59200.0,18243.0,5.0,59203.0
12.613947244011797,0.0,0.0,0.0,0.0,0.0,0.0,0.0,0.0,0.0,0.0,0.0,0.0,0.0,19189.0,5.0,59200.0,18244.0,5.0,59210.0
12.614017420011805,0.0,0.0,0.0,0.0,0.0,0.0,0.0,0.0,0.0,0.0,0.0,0.0,0.0,19191.0,5.0,59240.0,18245.0,5.0,59243.0
12.614075204008259,0.0,0.0,0.0,0.0,0.0,0.0,0.0,0.0,0.0,0.0,0.0,0.0,0.0,19191.0,5.0,59240.0,18246.0,5.0,59253.0
12.61413124302635,0.0,0.0,0.0,0.0,0.0,0.0,0.0,0.0,0.0,0.0,0.0,0.0,0.0,19192.0,5.0,59260.0,18247.0,5.0,59273.0
12.614186961000087,0.0,0.0,0.0,0.0,0.0,0.0,0.0,0.0,0.0,0.0,0.0,0.0,0.0,19193.0,5.0,59280.0,18248.0,5.0,59293.0
12.618847467005253,0.0,0.0,0.0,0.0,0.0,0.0,0.0,0.0,0.0,0.0,0.0,0.0,0.0,19194.0,5.0,59300.0,18249.0,5.0,59313.0
12.641468590998556,0.0,0.0,0.0,0.0,0.0,0.0,0.0,0.0,0.0,0.0,0.0,0.0,0.0,19195.0,5.0,59320.0,18250.0,5.0,59333.0
12.671786896011326,0.0,0.0,0.0,0.0,0.0,0.0,0.0,0.0,0.0,0.0,0.0,0.0,0.0,19197.0,5.0,59360.0,18251.0,5.0,59363.0
12.680262950016186,0.0,0.0,0.0,0.0,0.0,0.0,0.0,0.0,0.0,0.0,0.0,0.0,0.0,19197.0,5.0,59360.0,18252.0,5.0,59370.0
12.708620621997397,0.0,0.0,0.0,0.0,0.0,0.0,0.0,0.0,0.0,0.0,0.0,0.0,0.0,19199.0,5.0,59400.0,18253.0,5.0,59403.0
12.71696444801637,0.0,0.0,0.0,0.0,0.0,0.0,0.0,0.0,0.0,0.0,0.0,0.0,0.0,19199.0,5.0,59400.0,18254.0,5.0,59410.0
12.833402399002807,0.0,0.0,0.0,0.0,0.0,0.0,0.0,0.0,0.0,0.0,0.0,0.0,0.0,19201.0,5.0,59440.0,18255.0,5.0,59443.0
12.83356892701704,0.0,0.0,0.0,0.0,0.0,0.0,0.0,0.0,0.0,0.0,0.0,0.0,0.0,19201.0,5.0,59440.0,18256.0,5.0,59455.0
12.833635472023161,0.0,0.0,0.0,0.0,0.0,0.0,0.0,0.0,0.0,0.0,0.0,0.0,0.0,19202.0,5.0,59460.0,18257.0,5.0,59473.0
12.833693184016738,0.0,0.0,0.0,0.0,0.0,0.0,0.0,0.0,0.0,0.0,0.0,0.0,0.0,19203.0,5.0,59480.0,18258.0,5.0,59493.0
12.833754685998429,0.0,0.0,0.0,0.0,0.0,0.0,0.0,0.0,0.0,0.0,0.0,0.0,0.0,19204.0,5.0,59500.0,18259.0,5.0,59513.0
12.840306105004856,0.0,0.0,0.0,0.0,0.0,0.0,0.0,0.0,0.0,0.0,0.0,0.0,0.0,19205.0,5.0,59520.0,18260.0,5.0,59534.0
12.868229204003,0.0,0.0,0.0,0.0,0.0,0.0,0.0,0.0,0.0,0.0,0.0,0.0,0.0,19207.0,5.0,59560.0,18261.0,5.0,59563.0
12.876004855002975,0.0,0.0,0.0,0.0,0.0,0.0,0.0,0.0,0.0,0.0,0.0,0.0,0.0,19207.0,5.0,59560.0,18262.0,5.0,59570.0
12.909628584020538,0.0,0.0,0.0,0.0,0.0,0.0,0.0,0.0,0.0,0.0,0.0,0.0,0.0,19209.0,5.0,59600.0,18263.0,5.0,59603.0
12.918161578010768,0.0,0.0,0.0,0.0,0.0,0.0,0.0,0.0,0.0,0.0,0.0,0.0,0.0,19209.0,5.0,59600.0,18264.0,5.0,59610.0
13.097839371010195,0.0,0.0,0.0,0.0,0.0,0.0,0.0,0.0,0.0,0.0,0.0,0.0,0.0,19210.0,5.0,59620.0,18265.0,5.0,59633.0
13.09798019201844,0.0,0.0,0.0,0.0,0.0,0.0,0.0,0.0,0.0,0.0,0.0,0.0,0.0,19212.0,5.0,59660.0,18266.0,5.0,59663.0
13.098050497006625,0.0,0.0,0.0,0.0,0.0,0.0,0.0,0.0,0.0,0.0,0.0,0.0,0.0,19212.0,5.0,59660.0,18267.0,5.0,59670.0
13.098114674998214,0.0,0.0,0.0,0.0,0.0,0.0,0.0,0.0,0.0,0.0,0.0,0.0,0.0,19214.0,5.0,59700.0,18268.0,5.0,59703.0
13.098195227008546,0.0,0.0,0.0,0.0,0.0,0.0,0.0,0.0,0.0,0.0,0.0,0.0,0.0,19214.0,5.0,59700.0,18269.0,5.0,59710.0
13.098277103010332,0.0,0.0,0.0,0.0,0.0,0.0,0.0,0.0,0.0,0.0,0.0,0.0,0.0,19216.0,5.0,59740.0,18270.0,5.0,59743.0
13.09849239900359,0.0,0.0,0.0,0.0,0.0,0.0,0.0,0.0,0.0,0.0,0.0,0.0,0.0,19216.0,5.0,59740.0,18271.0,5.0,59755.0
13.098577002005186,0.0,0.0,0.0,0.0,0.0,0.0,0.0,0.0,0.0,0.0,0.0,0.0,0.0,19217.0,5.0,59760.0,18272.0,5.0,59773.0
13.100721946015256,0.0,0.0,0.0,0.0,0.0,0.0,0.0,0.0,0.0,0.0,0.0,0.0,0.0,19218.0,5.0,59780.0,18273.0,5.0,59793.0
13.119627074018354,0.0,0.0,0.0,0.0,0.0,0.0,0.0,0.0,0.0,0.0,0.0,0.0,0.0,19219.0,5.0,59800.0,18274.0,5.0,59813.0
13.140418004011735,0.0,0.0,0.0,0.0,0.0,0.0,0.0,0.0,0.0,0.0,0.0,0.0,0.0,19220.0,5.0,59820.0,18275.0,5.0,59833.0
13.277476026007207,0.0,0.0,0.0,0.0,0.0,0.0,0.0,0.0,0.0,0.0,0.0,0.0,0.0,19222.0,5.0,59860.0,18276.0,5.0,59863.0
13.277613086014753,0.0,0.0,0.0,0.0,0.0,0.0,0.0,0.0,0.0,0.0,0.0,0.0,0.0,19222.0,5.0,59860.0,18277.0,5.0,59870.0
13.277681206003763,0.0,0.0,0.0,0.0,0.0,0.0,0.0,0.0,0.0,0.0,0.0,0.0,0.0,19224.0,5.0,59900.0,18278.0,5.0,59903.0
13.277740612014895,0.0,0.0,0.0,0.0,0.0,0.0,0.0,0.0,0.0,0.0,0.0,0.0,0.0,19224.0,5.0,59900.0,18279.0,5.0,59910.0
13.277803447010228,0.0,0.0,0.0,0.0,0.0,0.0,0.0,0.0,0.0,0.0,0.0,0.0,0.0,19226.0,5.0,59940.0,18280.0,5.0,59942.0
13.277859574998729,0.0,0.0,0.0,0.0,0.0,0.0,0.0,0.0,0.0,0.0,0.0,0.0,0.0,19226.0,5.0,59940.0,18281.0,5.0,59954.0
13.283395202015527,0.0,0.0,0.0,0.0,0.0,0.0,0.0,0.0,0.0,0.0,0.0,0.0,0.0,19227.0,5.0,59960.0,18282.0,5.0,59972.0
13.298956390004605,0.0,0.0,0.0,0.0,0.0,0.0,0.0,0.0,0.0,0.0,0.0,0.0,0.0,19228.0,5.0,59980.0,18283.0,5.0,59993.0
13.31979668000713,0.0,0.0,0.0,0.0,0.0,0.0,0.0,0.0,0.0,0.0,0.0,0.0,0.0,19229.0,5.0,60000.0,18284.0,5.0,60013.0
13.340489603026072,0.0,0.0,0.0,0.0,0.0,0.0,0.0,0.0,0.0,0.0,0.0,0.0,0.0,19230.0,5.0,60020.0,18285.0,5.0,60034.0
13.36926926500746,0.0,0.0,0.0,0.0,0.0,0.0,0.0,0.0,0.0,0.0,0.0,0.0,0.0,19232.0,5.0,60060.0,18286.0,5.0,60063.0
13.378473275020951,0.0,0.0,0.0,0.0,0.0,0.0,0.0,0.0,0.0,0.0,0.0,0.0,0.0,19232.0,5.0,60060.0,18287.0,5.0,60070.0
13.493708510010038,0.0,0.0,0.0,0.0,0.0,0.0,0.0,0.0,0.0,0.0,0.0,0.0,0.0,19233.0,5.0,60080.0,18288.0,5.0,60092.0
13.493825398007175,0.0,0.0,0.0,0.0,0.0,0.0,0.0,0.0,0.0,0.0,0.0,0.0,0.0,19234.0,5.0,60100.0,18289.0,5.0,60113.0
13.493900385015877,0.0,0.0,0.0,0.0,0.0,0.0,0.0,0.0,0.0,0.0,0.0,0.0,0.0,19235.0,5.0,60120.0,18290.0,5.0,60133.0
13.493961165018845,0.0,0.0,0.0,0.0,0.0,0.0,0.0,0.0,0.0,0.0,0.0,0.0,0.0,19237.0,5.0,60160.0,18291.0,5.0,60163.0
13.494018766999943,0.0,0.0,0.0,0.0,0.0,0.0,0.0,0.0,0.0,0.0,0.0,0.0,0.0,19237.0,5.0,60160.0,18292.0,5.0,60170.0
13.501957136002602,0.0,0.0,0.0,0.0,0.0,0.0,0.0,0.0,0.0,0.0,0.0,0.0,0.0,19238.0,5.0,60180.0,18293.0,5.0,60193.0
13.518876398011344,0.0,0.0,0.0,0.0,0.0,0.0,0.0,0.0,0.0,0.0,0.0,0.0,0.0,19239.0,5.0,60200.0,18294.0,5.0,60213.0
13.535313311003847,0.0,0.0,0.0,0.0,0.0,0.0,0.0,0.0,0.0,0.0,0.0,0.0,0.0,19240.0,5.0,60220.0,18295.0,5.0,60229.0
13.559325719019398,0.0,0.0,0.0,0.0,0.0,0.0,0.0,0.0,0.0,0.0,0.0,0.0,0.0,19241.0,5.0,60240.0,18296.0,5.0,60253.0
13.579154938022839,0.0,0.0,0.0,0.0,0.0,0.0,0.0,0.0,0.0,0.0,0.0,0.0,0.0,19242.0,5.0,60260.0,18297.0,5.0,60273.0
13.713590006023878,0.0,0.0,0.0,0.0,0.0,0.0,0.0,0.0,0.0,0.0,0.0,0.0,0.0,19243.0,5.0,60280.0,18298.0,5.0,60293.0
13.713739426020766,0.0,0.0,0.0,0.0,0.0,0.0,0.0,0.0,0.0,0.0,0.0,0.0,0.0,19244.0,5.0,60300.0,18299.0,5.0,60313.0
13.713820838020183,0.0,0.0,0.0,0.0,0.0,0.0,0.0,0.0,0.0,0.0,0.0,0.0,0.0,19245.0,5.0,60320.0,18300.0,5.0,60333.0
13.714175070024794,0.0,0.0,0.0,0.0,0.0,0.0,0.0,0.0,0.0,0.0,0.0,0.0,0.0,19247.0,5.0,60360.0,18301.0,5.0,60363.0
13.714237553009298,0.0,0.0,0.0,0.0,0.0,0.0,0.0,0.0,0.0,0.0,0.0,0.0,0.0,19247.0,5.0,60360.0,18302.0,5.0,60370.0
13.714293068012921,0.0,0.0,0.0,0.0,0.0,0.0,0.0,0.0,0.0,0.0,0.0,0.0,0.0,19249.0,5.0,60400.0,18303.0,5.0,60403.0
13.716577118000714,0.0,0.0,0.0,0.0,0.0,0.0,0.0,0.0,0.0,0.0,0.0,0.0,0.0,19249.0,5.0,60400.0,18304.0,5.0,60410.0
13.749415913014673,0.0,0.0,0.0,0.0,0.0,0.0,0.0,0.0,0.0,0.0,0.0,0.0,0.0,19251.0,5.0,60440.0,18305.0,5.0,60443.0
13.760478411015356,0.0,0.0,0.0,0.0,0.0,0.0,0.0,0.0,0.0,0.0,0.0,0.0,0.0,19251.0,5.0,60440.0,18306.0,5.0,60454.0
13.7826999980025,0.0,0.0,0.0,0.0,0.0,0.0,0.0,0.0,0.0,0.0,0.0,0.0,0.0,19252.0,5.0,60460.0,18307.0,5.0,60473.0
13.799822352011688,0.0,0.0,0.0,0.0,0.0,0.0,0.0,0.0,0.0,0.0,0.0,0.0,0.0,19253.0,5.0,60480.0,18308.0,5.0,60493.0
13.830661458021495,0.0,0.0,0.0,0.0,0.0,0.0,0.0,0.0,0.0,0.0,0.0,0.0,0.0,19254.0,5.0,60500.0,18309.0,5.0,60513.0
13.855957735009724,0.0,0.0,0.0,0.0,0.0,0.0,0.0,0.0,0.0,0.0,0.0,0.0,0.0,19255.0,5.0,60520.0,18310.0,5.0,60534.0
13.935166143026436,0.0,0.0,0.0,0.0,0.0,0.0,0.0,0.0,0.0,0.0,0.0,0.0,0.0,19257.0,5.0,60560.0,18311.0,5.0,60563.0
13.935448729025666,0.0,0.0,0.0,0.0,0.0,0.0,0.0,0.0,0.0,0.0,0.0,0.0,0.0,19257.0,5.0,60560.0,18312.0,5.0,60570.0
13.935521749022882,0.0,0.0,0.0,0.0,0.0,0.0,0.0,0.0,0.0,0.0,0.0,0.0,0.0,19258.0,5.0,60580.0,18313.0,5.0,60592.0
13.935581044002902,0.0,0.0,0.0,0.0,0.0,0.0,0.0,0.0,0.0,0.0,0.0,0.0,0.0,19259.0,5.0,60600.0,18314.0,5.0,60613.0
13.940909334021853,0.0,0.0,0.0,0.0,0.0,0.0,0.0,0.0,0.0,0.0,0.0,0.0,0.0,19260.0,5.0,60620.0,18315.0,5.0,60633.0
13.970430637011304,0.0,0.0,0.0,0.0,0.0,0.0,0.0,0.0,0.0,0.0,0.0,0.0,0.0,19262.0,5.0,60660.0,18316.0,5.0,60663.0
13.978668958006892,0.0,0.0,0.0,0.0,0.0,0.0,0.0,0.0,0.0,0.0,0.0,0.0,0.0,19262.0,5.0,60660.0,18317.0,5.0,60670.0
14.002691236004466,0.0,0.0,0.0,0.0,0.0,0.0,0.0,0.0,0.0,0.0,0.0,0.0,0.0,19263.0,5.0,60680.0,18318.0,5.0,60693.0
14.021638063015416,0.0,0.0,0.0,0.0,0.0,0.0,0.0,0.0,0.0,0.0,0.0,0.0,0.0,19264.0,5.0,60700.0,18319.0,5.0,60713.0
14.039214449003339,0.0,0.0,0.0,0.0,0.0,0.0,0.0,0.0,0.0,0.0,0.0,0.0,0.0,19265.0,5.0,60720.0,18320.0,5.0,60733.0
14.079817019024631,0.0,0.0,0.0,0.0,0.0,0.0,0.0,0.0,0.0,0.0,0.0,0.0,0.0,19267.0,5.0,60760.0,18321.0,5.0,60763.0
14.079907264007488,0.0,0.0,0.0,0.0,0.0,0.0,0.0,0.0,0.0,0.0,0.0,0.0,0.0,19267.0,5.0,60760.0,18322.0,5.0,60770.0
14.15822180401301,0.0,0.0,0.0,0.0,0.0,0.0,0.0,0.0,0.0,0.0,0.0,0.0,0.0,19269.0,5.0,60800.0,18323.0,5.0,60803.0
14.158322597009828,0.0,0.0,0.0,0.0,0.0,0.0,0.0,0.0,0.0,0.0,0.0,0.0,0.0,19269.0,5.0,60800.0,18324.0,5.0,60810.0
14.158388669020496,0.0,0.0,0.0,0.0,0.0,0.0,0.0,0.0,0.0,0.0,0.0,0.0,0.0,19271.0,5.0,60840.0,18325.0,5.0,60843.0
14.1618264040153,0.0,0.0,0.0,0.0,0.0,0.0,0.0,0.0,0.0,0.0,0.0,0.0,0.0,19271.0,5.0,60840.0,18326.0,5.0,60853.0
14.179624719021376,0.0,0.0,0.0,0.0,0.0,0.0,0.0,0.0,0.0,0.0,0.0,0.0,0.0,19272.0,5.0,60860.0,18327.0,5.0,60873.0
14.200927914003842,0.0,0.0,0.0,0.0,0.0,0.0,0.0,0.0,0.0,0.0,0.0,0.0,0.0,19273.0,5.0,60880.0,18328.0,5.0,60893.0
14.223727617005352,0.0,0.0,0.0,0.0,0.0,0.0,0.0,0.0,0.0,0.0,0.0,0.0,0.0,19274.0,5.0,60900.0,18329.0,5.0,60913.0
14.25864494702546,0.0,0.0,0.0,0.0,0.0,0.0,0.0,0.0,0.0,0.0,0.0,0.0,0.0,19276.0,5.0,60940.0,18330.0,5.0,60951.0
14.49321135302307,0.0,0.0,0.0,0.0,0.0,0.0,0.0,0.0,0.0,0.0,0.0,0.0,0.0,19279.0,5.0,61000.0,18333.0,5.0,61013.0
14.49350755501655,0.0,0.0,0.0,0.0,0.0,0.0,0.0,0.0,0.0,0.0,0.0,0.0,0.0,19280.0,5.0,61020.0,18334.0,5.0,61034.0
14.493579272006173,0.0,0.0,0.0,0.0,0.0,0.0,0.0,0.0,0.0,0.0,0.0,0.0,0.0,19281.0,5.0,61040.0,18335.0,5.0,61052.0
14.493642126006307,0.0,0.0,0.0,0.0,0.0,0.0,0.0,0.0,0.0,0.0,0.0,0.0,0.0,19282.0,5.0,61060.0,18336.0,5.0,61073.0
14.49370728500071,0.0,0.0,0.0,0.0,0.0,0.0,0.0,0.0,0.0,0.0,0.0,0.0,0.0,19283.0,5.0,61080.0,18337.0,5.0,61093.0
14.49378098701709,0.0,0.0,0.0,0.0,0.0,0.0,0.0,0.0,0.0,0.0,0.0,0.0,0.0,19284.0,5.0,61100.0,18338.0,5.0,61113.0
14.493843400006881,0.0,0.0,0.0,0.0,0.0,0.0,0.0,0.0,0.0,0.0,0.0,0.0,0.0,19285.0,5.0,61120.0,18339.0,5.0,61133.0
14.49390272400342,0.0,0.0,0.0,0.0,0.0,0.0,0.0,0.0,0.0,0.0,0.0,0.0,0.0,19286.0,5.0,61140.0,18340.0,5.0,61153.0
14.891425925015938,0.0,0.0,0.0,0.0,0.0,0.0,0.0,0.0,0.0,0.0,0.0,0.0,0.0,19293.0,5.0,61280.0,18346.0,5.0,61283.0
14.891646484000375,0.0,0.0,0.0,0.0,0.0,0.0,0.0,0.0,0.0,0.0,0.0,0.0,0.0,19293.0,5.0,61280.0,18347.0,5.0,61290.0
14.891717036021873,0.0,0.0,0.0,0.0,0.0,0.0,0.0,0.0,0.0,0.0,0.0,0.0,0.0,19295.0,5.0,61320.0,18348.0,5.0,61323.0
14.891786185005913,0.0,0.0,0.0,0.0,0.0,0.0,0.0,0.0,0.0,0.0,0.0,0.0,0.0,19295.0,5.0,61320.0,18349.0,5.0,61331.0
14.89184883600683,0.0,0.0,0.0,0.0,0.0,0.0,0.0,0.0,0.0,0.0,0.0,0.0,0.0,19296.0,5.0,61340.0,18350.0,5.0,61353.0
14.891905733005842,0.0,0.0,0.0,0.0,0.0,0.0,0.0,0.0,0.0,0.0,0.0,0.0,0.0,19298.0,5.0,61380.0,18351.0,5.0,61383.0
14.891962740017334,0.0,0.0,0.0,0.0,0.0,0.0,0.0,0.0,0.0,0.0,0.0,0.0,0.0,19298.0,5.0,61380.0,18352.0,5.0,61390.0
14.892017281003064,0.0,0.0,0.0,0.0,0.0,0.0,0.0,0.0,0.0,0.0,0.0,0.0,0.0,19299.0,5.0,61400.0,18353.0,5.0,61413.0
14.892070328001864,0.0,0.0,0.0,0.0,0.0,0.0,0.0,0.0,0.0,0.0,0.0,0.0,0.0,19300.0,5.0,61420.0,18354.0,5.0,61433.0
14.892123665020335,0.0,0.0,0.0,0.0,0.0,0.0,0.0,0.0,0.0,0.0,0.0,0.0,0.0,19301.0,5.0,61440.0,18355.0,5.0,61453.0
14.892176983004902,0.0,0.0,0.0,0.0,0.0,0.0,0.0,0.0,0.0,0.0,0.0,0.0,0.0,19303.0,5.0,61480.0,18356.0,5.0,61483.0
14.892240898014279,0.0,0.0,0.0,0.0,0.0,0.0,0.0,0.0,0.0,0.0,0.0,0.0,0.0,19303.0,5.0,61480.0,18357.0,5.0,61490.0
14.892293955024797,0.0,0.0,0.0,0.0,0.0,0.0,0.0,0.0,0.0,0.0,0.0,0.0,0.0,19305.0,5.0,61519.0,18358.0,5.0,61523.0
14.892351283022435,0.0,0.0,0.0,0.0,0.0,0.0,0.0,0.0,0.0,0.0,0.0,0.0,0.0,19305.0,5.0,61519.0,18359.0,5.0,61531.0
14.892405914026313,0.0,0.0,0.0,0.0,0.0,0.0,0.0,0.0,0.0,0.0,0.0,0.0,0.0,19306.0,5.0,61540.0,18360.0,5.0,61553.0
14.899406395998085,0.0,0.0,0.0,0.0,0.0,0.0,0.0,0.0,0.0,0.0,0.0,0.0,0.0,19308.0,5.0,61580.0,18361.0,5.0,61583.0
14.901033474016003,0.0,0.0,0.0,0.0,0.0,0.0,0.0,0.0,0.0,0.0,0.0,0.0,0.0,19308.0,5.0,61580.0,18362.0,5.0,61589.0
14.930074597010389,0.0,0.0,0.0,0.0,0.0,0.0,0.0,0.0,0.0,0.0,0.0,0.0,0.0,19310.0,5.0,61620.0,18363.0,5.0,61623.0
14.936934516998008,0.0,0.0,0.0,0.0,0.0,0.0,0.0,0.0,0.0,0.0,0.0,0.0,0.0,19310.0,5.0,61620.0,18364.0,5.0,61630.0
14.970128373999614,0.0,0.0,0.0,0.0,0.0,0.0,0.0,0.0,0.0,0.0,0.0,0.0,0.0,19312.0,5.0,61660.0,18365.0,5.0,61663.0
14.982978219020879,0.0,0.0,0.0,0.0,0.0,0.0,0.0,0.0,0.0,0.0,0.0,0.0,0.0,19312.0,5.0,61660.0,18366.0,5.0,61675.0
15.398820139002055,0.0,0.0,0.0,0.0,0.0,0.0,0.0,0.0,0.0,0.0,0.0,0.0,0.0,19313.0,5.0,61680.0,18367.0,5.0,61693.0
15.398981305013876,0.0,0.0,0.0,0.0,0.0,0.0,0.0,0.0,0.0,0.0,0.0,0.0,0.0,19314.0,5.0,61700.0,18368.0,5.0,61713.0
15.399051336018601,0.0,0.0,0.0,0.0,0.0,0.0,0.0,0.0,0.0,0.0,0.0,0.0,0.0,19315.0,5.0,61720.0,18369.0,5.0,61733.0
15.399113054998452,0.0,0.0,0.0,0.0,0.0,0.0,0.0,0.0,0.0,0.0,0.0,0.0,0.0,19316.0,5.0,61740.0,18370.0,5.0,61753.0
15.399169711017748,0.0,0.0,0.0,0.0,0.0,0.0,0.0,0.0,0.0,0.0,0.0,0.0,0.0,19318.0,5.0,61780.0,18371.0,5.0,61783.0
15.399259052006528,0.0,0.0,0.0,0.0,0.0,0.0,0.0,0.0,0.0,0.0,0.0,0.0,0.0,19318.0,5.0,61780.0,18372.0,5.0,61791.0
15.399359110015212,0.0,0.0,0.0,0.0,0.0,0.0,0.0,0.0,0.0,0.0,0.0,0.0,0.0,19319.0,5.0,61800.0,18373.0,5.0,61813.0
15.399489176023053,0.0,0.0,0.0,0.0,0.0,0.0,0.0,0.0,0.0,0.0,0.0,0.0,0.0,19320.0,5.0,61820.0,18374.0,5.0,61833.0
15.399594968999736,0.0,0.0,0.0,0.0,0.0,0.0,0.0,0.0,0.0,0.0,0.0,0.0,0.0,19321.0,5.0,61840.0,18375.0,5.0,61853.0
15.399872825015336,0.0,0.0,0.0,0.0,0.0,0.0,0.0,0.0,0.0,0.0,0.0,0.0,0.0,19323.0,5.0,61880.0,18376.0,5.0,61883.0
15.399972412007628,0.0,0.0,0.0,0.0,0.0,0.0,0.0,0.0,0.0,0.0,0.0,0.0,0.0,19323.0,5.0,61880.0,18377.0,5.0,61890.0
15.400100983999437,0.0,0.0,0.0,0.0,0.0,0.0,0.0,0.0,0.0,0.0,0.0,0.0,0.0,19324.0,5.0,61900.0,18378.0,5.0,61913.0
15.400206146005075,0.0,0.0,0.0,0.0,0.0,0.0,0.0,0.0,0.0,0.0,0.0,0.0,0.0,19325.0,5.0,61920.0,18379.0,5.0,61933.0
15.40031610900769,0.0,0.0,0.0,0.0,0.0,0.0,0.0,0.0,0.0,0.0,0.0,0.0,0.0,19326.0,5.0,61940.0,18380.0,5.0,61953.0
15.40072844302631,0.0,0.0,0.0,0.0,0.0,0.0,0.0,0.0,0.0,0.0,0.0,0.0,0.0,19328.0,5.0,61980.0,18381.0,5.0,61984.0
15.400848383025732,0.0,0.0,0.0,0.0,0.0,0.0,0.0,0.0,0.0,0.0,0.0,0.0,0.0,19328.0,5.0,61980.0,18382.0,5.0,61991.0
15.400956512021367,0.0,0.0,0.0,0.0,0.0,0.0,0.0,0.0,0.0,0.0,0.0,0.0,0.0,19329.0,5.0,62000.0,18383.0,5.0,62013.0
15.401066885999171,0.0,0.0,0.0,0.0,0.0,0.0,0.0,0.0,0.0,0.0,0.0,0.0,0.0,19330.0,5.0,62020.0,18384.0,5.0,62034.0
15.401200140011497,0.0,0.0,0.0,0.0,0.0,0.0,0.0,0.0,0.0,0.0,0.0,0.0,0.0,19331.0,5.0,62040.0,18385.0,5.0,62053.0
15.401458908017958,0.0,0.0,0.0,0.0,0.0,0.0,0.0,0.0,0.0,0.0,0.0,0.0,0.0,19333.0,5.0,62080.0,18386.0,5.0,62083.0
15.404179768025642,0.0,0.0,0.0,0.0,0.0,0.0,0.0,0.0,0.0,0.0,0.0,0.0,0.0,19333.0,5.0,62080.0,18387.0,5.0,62091.0
15.422130946011748,0.0,0.0,0.0,0.0,0.0,0.0,0.0,0.0,0.0,0.0,0.0,0.0,0.0,19334.0,5.0,62100.0,18388.0,5.0,62113.0
15.440680779021932,0.0,0.0,0.0,0.0,0.0,0.0,0.0,0.0,0.0,0.0,0.0,0.0,0.0,19335.0,5.0,62120.0,18389.0,5.0,62133.0
15.461194899020484,0.0,0.0,0.0,0.0,0.0,0.0,0.0,0.0,0.0,0.0,0.0,0.0,0.0,19336.0,5.0,62140.0,18390.0,5.0,62153.0
15.491280567017384,0.0,0.0,0.0,0.0,0.0,0.0,0.0,0.0,0.0,0.0,0.0,0.0,0.0,19338.0,5.0,62180.0,18391.0,5.0,62183.0
15.498800720000872,0.0,0.0,0.0,0.0,0.0,0.0,0.0,0.0,0.0,0.0,0.0,0.0,0.0,19338.0,5.0,62180.0,18392.0,5.0,62190.0
15.90838403601083,0.0,0.0,0.0,0.0,0.0,0.0,0.0,0.0,0.0,0.0,0.0,0.0,0.0,19339.0,5.0,62200.0,18393.0,5.0,62213.0
15.90857692901045,0.0,0.0,0.0,0.0,0.0,0.0,0.0,0.0,0.0,0.0,0.0,0.0,0.0,19350.0,5.0,62420.0,18394.0,5.0,62425.0
15.908657193998806,0.0,0.0,0.0,0.0,0.0,0.0,0.0,0.0,0.0,0.0,0.0,0.0,0.0,19350.0,5.0,62420.0,18395.0,5.0,62432.0
15.908725569024682,0.0,0.0,0.0,0.0,0.0,0.0,0.0,0.0,0.0,0.0,0.0,0.0,0.0,19351.0,5.0,62440.0,18396.0,5.0,62453.0
15.908789222012274,0.0,0.0,0.0,0.0,0.0,0.0,0.0,0.0,0.0,0.0,0.0,0.0,0.0,19352.0,5.0,62460.0,18397.0,5.0,62473.0
15.908854428998893,0.0,0.0,0.0,0.0,0.0,0.0,0.0,0.0,0.0,0.0,0.0,0.0,0.0,19353.0,5.0,62480.0,18398.0,5.0,62493.0
15.908913368999492,0.0,0.0,0.0,0.0,0.0,0.0,0.0,0.0,0.0,0.0,0.0,0.0,0.0,19354.0,5.0,62500.0,18399.0,5.0,62513.0
15.908968319999985,0.0,0.0,0.0,0.0,0.0,0.0,0.0,0.0,0.0,0.0,0.0,0.0,0.0,19355.0,5.0,62520.0,18400.0,5.0,62534.0
15.909046600019792,0.0,0.0,0.0,0.0,0.0,0.0,0.0,0.0,0.0,0.0,0.0,0.0,0.0,19357.0,5.0,62560.0,18401.0,5.0,62563.0
15.909125031001167,0.0,0.0,0.0,0.0,0.0,0.0,0.0,0.0,0.0,0.0,0.0,0.0,0.0,19357.0,5.0,62560.0,18402.0,5.0,62570.0
15.909245298011228,0.0,0.0,0.0,0.0,0.0,0.0,0.0,0.0,0.0,0.0,0.0,0.0,0.0,19358.0,5.0,62580.0,18403.0,5.0,62593.0
15.922270052018575,0.0,0.0,0.0,0.0,0.0,0.0,0.0,0.0,0.0,0.0,0.0,0.0,0.0,19359.0,5.0,62600.0,18404.0,5.0,62613.0
15.941891604015836,0.0,0.0,0.0,0.0,0.0,0.0,0.0,0.0,0.0,0.0,0.0,0.0,0.0,19360.0,5.0,62620.0,18405.0,5.0,62633.0
15.97097167102038,0.0,0.0,0.0,0.0,0.0,0.0,0.0,0.0,0.0,0.0,0.0,0.0,0.0,19362.0,5.0,62660.0,18406.0,5.0,62663.0
15.977851080999244,0.0,0.0,0.0,0.0,0.0,0.0,0.0,0.0,0.0,0.0,0.0,0.0,0.0,19362.0,5.0,62660.0,18407.0,5.0,62670.0
16.013369992026128,0.0,0.0,0.0,0.0,0.0,0.0,0.0,0.0,0.0,0.0,0.0,0.0,0.0,19364.0,5.0,62700.0,18408.0,5.0,62703.0
16.419540015020175,0.0,0.0,0.0,0.0,0.0,0.0,0.0,0.0,0.0,0.0,0.0,0.0,0.0,19364.0,5.0,62700.0,18409.0,5.0,62711.0
16.419682088016998,0.0,0.0,0.0,0.0,0.0,0.0,0.0,0.0,0.0,0.0,0.0,0.0,0.0,19372.0,5.0,62860.0,18416.0,5.0,62863.0
16.41975856400677,0.0,0.0,0.0,0.0,0.0,0.0,0.0,0.0,0.0,0.0,0.0,0.0,0.0,19372.0,5.0,62860.0,18417.0,5.0,62870.0
16.41982139501488,0.0,0.0,0.0,0.0,0.0,0.0,0.0,0.0,0.0,0.0,0.0,0.0,0.0,19374.0,5.0,62900.0,18418.0,5.0,62903.0
16.419879293011036,0.0,0.0,0.0,0.0,0.0,0.0,0.0,0.0,0.0,0.0,0.0,0.0,0.0,19374.0,5.0,62900.0,18419.0,5.0,62910.0
16.41993470399757,0.0,0.0,0.0,0.0,0.0,0.0,0.0,0.0,0.0,0.0,0.0,0.0,0.0,19375.0,5.0,62920.0,18420.0,5.0,62933.0
16.41999058701913,0.0,0.0,0.0,0.0,0.0,0.0,0.0,0.0,0.0,0.0,0.0,0.0,0.0,19377.0,5.0,62960.0,18421.0,5.0,62963.0
16.42004449502565,0.0,0.0,0.0,0.0,0.0,0.0,0.0,0.0,0.0,0.0,0.0,0.0,0.0,19377.0,5.0,62960.0,18422.0,5.0,62971.0
16.420098122005584,0.0,0.0,0.0,0.0,0.0,0.0,0.0,0.0,0.0,0.0,0.0,0.0,0.0,19378.0,5.0,62980.0,18423.0,5.0,62993.0
16.420151398022426,0.0,0.0,0.0,0.0,0.0,0.0,0.0,0.0,0.0,0.0,0.0,0.0,0.0,19379.0,5.0,63000.0,18424.0,5.0,63013.0
16.420205205999082,0.0,0.0,0.0,0.0,0.0,0.0,0.0,0.0,0.0,0.0,0.0,0.0,0.0,19380.0,5.0,63020.0,18425.0,5.0,63034.0
16.420258060999913,0.0,0.0,0.0,0.0,0.0,0.0,0.0,0.0,0.0,0.0,0.0,0.0,0.0,19382.0,5.0,63060.0,18426.0,5.0,63063.0
16.42031266100821,0.0,0.0,0.0,0.0,0.0,0.0,0.0,0.0,0.0,0.0,0.0,0.0,0.0,19382.0,5.0,63060.0,18427.0,5.0,63070.0
16.420367621001787,0.0,0.0,0.0,0.0,0.0,0.0,0.0,0.0,0.0,0.0,0.0,0.0,0.0,19383.0,5.0,63080.0,18428.0,5.0,63093.0
16.426659550023032,0.0,0.0,0.0,0.0,0.0,0.0,0.0,0.0,0.0,0.0,0.0,0.0,0.0,19384.0,5.0,63100.0,18429.0,5.0,63113.0
16.441506643022876,0.0,0.0,0.0,0.0,0.0,0.0,0.0,0.0,0.0,0.0,0.0,0.0,0.0,19385.0,5.0,63120.0,18430.0,5.0,63133.0
16.475522370019462,0.0,0.0,0.0,0.0,0.0,0.0,0.0,0.0,0.0,0.0,0.0,0.0,0.0,19387.0,5.0,63160.0,18431.0,5.0,63163.0
16.479628289001994,0.0,0.0,0.0,0.0,0.0,0.0,0.0,0.0,0.0,0.0,0.0,0.0,0.0,19387.0,5.0,63160.0,18432.0,5.0,63171.0
16.50194325801567,0.0,0.0,0.0,0.0,0.0,0.0,0.0,0.0,0.0,0.0,0.0,0.0,0.0,19388.0,5.0,63180.0,18433.0,5.0,63193.0
16.92900264900527,0.0,0.0,0.0,0.0,0.0,0.0,0.0,0.0,0.0,0.0,0.0,0.0,0.0,19389.0,5.0,63200.0,18434.0,5.0,63213.0
16.92918973302585,0.0,0.0,0.0,0.0,0.0,0.0,0.0,0.0,0.0,0.0,0.0,0.0,0.0,19392.0,5.0,63260.0,18436.0,5.0,63263.0
16.92926803100272,0.0,0.0,0.0,0.0,0.0,0.0,0.0,0.0,0.0,0.0,0.0,0.0,0.0,19392.0,5.0,63260.0,18437.0,5.0,63271.0
16.92932794301305,0.0,0.0,0.0,0.0,0.0,0.0,0.0,0.0,0.0,0.0,0.0,0.0,0.0,19393.0,5.0,63280.0,18438.0,5.0,63293.0
16.929385650000768,0.0,0.0,0.0,0.0,0.0,0.0,0.0,0.0,0.0,0.0,0.0,0.0,0.0,19394.0,5.0,63300.0,18439.0,5.0,63313.0
16.929441401007352,0.0,0.0,0.0,0.0,0.0,0.0,0.0,0.0,0.0,0.0,0.0,0.0,0.0,19395.0,5.0,63320.0,18440.0,5.0,63333.0
16.929495959018823,0.0,0.0,0.0,0.0,0.0,0.0,0.0,0.0,0.0,0.0,0.0,0.0,0.0,19397.0,5.0,63360.0,18441.0,5.0,63363.0
16.929551209002966,0.0,0.0,0.0,0.0,0.0,0.0,0.0,0.0,0.0,0.0,0.0,0.0,0.0,19397.0,5.0,63360.0,18442.0,5.0,63370.0
16.9296054970182,0.0,0.0,0.0,0.0,0.0,0.0,0.0,0.0,0.0,0.0,0.0,0.0,0.0,19399.0,5.0,63400.0,18443.0,5.0,63403.0
16.92966041600448,0.0,0.0,0.0,0.0,0.0,0.0,0.0,0.0,0.0,0.0,0.0,0.0,0.0,19399.0,5.0,63400.0,18444.0,5.0,63410.0
16.929714634025004,0.0,0.0,0.0,0.0,0.0,0.0,0.0,0.0,0.0,0.0,0.0,0.0,0.0,19401.0,5.0,63440.0,18445.0,5.0,63443.0
16.929775939002866,0.0,0.0,0.0,0.0,0.0,0.0,0.0,0.0,0.0,0.0,0.0,0.0,0.0,19401.0,5.0,63440.0,18446.0,5.0,63455.0
16.929837635019794,0.0,0.0,0.0,0.0,0.0,0.0,0.0,0.0,0.0,0.0,0.0,0.0,0.0,19402.0,5.0,63460.0,18447.0,5.0,63472.0
16.929891432024306,0.0,0.0,0.0,0.0,0.0,0.0,0.0,0.0,0.0,0.0,0.0,0.0,0.0,19403.0,5.0,63480.0,18448.0,5.0,63493.0
16.92994408501545,0.0,0.0,0.0,0.0,0.0,0.0,0.0,0.0,0.0,0.0,0.0,0.0,0.0,19404.0,5.0,63500.0,18449.0,5.0,63513.0
16.92999806199805,0.0,0.0,0.0,0.0,0.0,0.0,0.0,0.0,0.0,0.0,0.0,0.0,0.0,19405.0,5.0,63520.0,18450.0,5.0,63535.0
16.93009542900836,0.0,0.0,0.0,0.0,0.0,0.0,0.0,0.0,0.0,0.0,0.0,0.0,0.0,19407.0,5.0,63560.0,18451.0,5.0,63563.0
16.930196344997967,0.0,0.0,0.0,0.0,0.0,0.0,0.0,0.0,0.0,0.0,0.0,0.0,0.0,19407.0,5.0,63560.0,18452.0,5.0,63570.0
16.93036981500336,0.0,0.0,0.0,0.0,0.0,0.0,0.0,0.0,0.0,0.0,0.0,0.0,0.0,19409.0,5.0,63600.0,18453.0,5.0,63603.0
16.93049554299796,0.0,0.0,0.0,0.0,0.0,0.0,0.0,0.0,0.0,0.0,0.0,0.0,0.0,19409.0,5.0,63600.0,18454.0,5.0,63610.0
16.94154664000962,0.0,0.0,0.0,0.0,0.0,0.0,0.0,0.0,0.0,0.0,0.0,0.0,0.0,19410.0,5.0,63620.0,18455.0,5.0,63633.0
16.974333490012214,0.0,0.0,0.0,0.0,0.0,0.0,0.0,0.0,0.0,0.0,0.0,0.0,0.0,19412.0,5.0,63660.0,18456.0,5.0,63663.0
16.97921777301235,0.0,0.0,0.0,0.0,0.0,0.0,0.0,0.0,0.0,0.0,0.0,0.0,0.0,19412.0,5.0,63660.0,18457.0,5.0,63671.0
17.0026210740034,0.0,0.0,0.0,0.0,0.0,0.0,0.0,0.0,0.0,0.0,0.0,0.0,0.0,19413.0,5.0,63680.0,18458.0,5.0,63693.0
17.021439071017085,0.0,0.0,0.0,0.0,0.0,0.0,0.0,0.0,0.0,0.0,0.0,0.0,0.0,19414.0,5.0,63700.0,18459.0,5.0,63713.0
17.44957461001468,0.0,0.0,0.0,0.0,0.0,0.0,0.0,0.0,0.0,0.0,0.0,0.0,0.0,19415.0,5.0,63720.0,18460.0,5.0,63733.0
17.449871572025586,0.0,0.0,0.0,0.0,0.0,0.0,0.0,0.0,0.0,0.0,0.0,0.0,0.0,19417.0,5.0,63760.0,18461.0,5.0,63763.0
17.449986353021814,0.0,0.0,0.0,0.0,0.0,0.0,0.0,0.0,0.0,0.0,0.0,0.0,0.0,19417.0,5.0,63760.0,18462.0,5.0,63771.0
17.45005507802125,0.0,0.0,0.0,0.0,0.0,0.0,0.0,0.0,0.0,0.0,0.0,0.0,0.0,19418.0,5.0,63780.0,18463.0,5.0,63793.0
17.450115250016097,0.0,0.0,0.0,0.0,0.0,0.0,0.0,0.0,0.0,0.0,0.0,0.0,0.0,19419.0,5.0,63800.0,18464.0,5.0,63813.0
17.45017328701215,0.0,0.0,0.0,0.0,0.0,0.0,0.0,0.0,0.0,0.0,0.0,0.0,0.0,19420.0,5.0,63820.0,18465.0,5.0,63833.0
17.450228537025396,0.0,0.0,0.0,0.0,0.0,0.0,0.0,0.0,0.0,0.0,0.0,0.0,0.0,19422.0,5.0,63860.0,18466.0,5.0,63863.0
17.45028407801874,0.0,0.0,0.0,0.0,0.0,0.0,0.0,0.0,0.0,0.0,0.0,0.0,0.0,19422.0,5.0,63860.0,18467.0,5.0,63870.0
17.450340983021306,0.0,0.0,0.0,0.0,0.0,0.0,0.0,0.0,0.0,0.0,0.0,0.0,0.0,19424.0,5.0,63900.0,18468.0,5.0,63903.0
17.450404313014587,0.0,0.0,0.0,0.0,0.0,0.0,0.0,0.0,0.0,0.0,0.0,0.0,0.0,19424.0,5.0,63900.0,18469.0,5.0,63910.0
17.450461858999915,0.0,0.0,0.0,0.0,0.0,0.0,0.0,0.0,0.0,0.0,0.0,0.0,0.0,19426.0,5.0,63940.0,18470.0,5.0,63943.0
17.450516999000683,0.0,0.0,0.0,0.0,0.0,0.0,0.0,0.0,0.0,0.0,0.0,0.0,0.0,19426.0,5.0,63940.0,18471.0,5.0,63955.0
17.45057143701706,0.0,0.0,0.0,0.0,0.0,0.0,0.0,0.0,0.0,0.0,0.0,0.0,0.0,19427.0,5.0,63960.0,18472.0,5.0,63973.0
17.450626105011906,0.0,0.0,0.0,0.0,0.0,0.0,0.0,0.0,0.0,0.0,0.0,0.0,0.0,19428.0,5.0,63980.0,18473.0,5.0,63993.0
17.450691972015193,0.0,0.0,0.0,0.0,0.0,0.0,0.0,0.0,0.0,0.0,0.0,0.0,0.0,19429.0,5.0,64000.0,18474.0,5.0,64013.0
17.450750882009743,0.0,0.0,0.0,0.0,0.0,0.0,0.0,0.0,0.0,0.0,0.0,0.0,0.0,19430.0,5.0,64020.0,18475.0,5.0,64034.0
17.450808137014974,0.0,0.0,0.0,0.0,0.0,0.0,0.0,0.0,0.0,0.0,0.0,0.0,0.0,19432.0,5.0,64060.0,18476.0,5.0,64063.0
17.45091492802021,0.0,0.0,0.0,0.0,0.0,0.0,0.0,0.0,0.0,0.0,0.0,0.0,0.0,19432.0,5.0,64060.0,18477.0,5.0,64070.0
17.45099331601523,0.0,0.0,0.0,0.0,0.0,0.0,0.0,0.0,0.0,0.0,0.0,0.0,0.0,19433.0,5.0,64080.0,18478.0,5.0,64093.0
17.45106973001384,0.0,0.0,0.0,0.0,0.0,0.0,0.0,0.0,0.0,0.0,0.0,0.0,0.0,19434.0,5.0,64100.0,18479.0,5.0,64113.0
17.451160119002452,0.0,0.0,0.0,0.0,0.0,0.0,0.0,0.0,0.0,0.0,0.0,0.0,0.0,19435.0,5.0,64120.0,18480.0,5.0,64133.0
17.47737444701488,0.0,0.0,0.0,0.0,0.0,0.0,0.0,0.0,0.0,0.0,0.0,0.0,0.0,19437.0,5.0,64160.0,18481.0,5.0,64163.0
17.47958500101231,0.0,0.0,0.0,0.0,0.0,0.0,0.0,0.0,0.0,0.0,0.0,0.0,0.0,19437.0,5.0,64160.0,18482.0,5.0,64170.0
17.512545873003546,0.0,0.0,0.0,0.0,0.0,0.0,0.0,0.0,0.0,0.0,0.0,0.0,0.0,19439.0,5.0,64200.0,18483.0,5.0,64203.0
17.519595034013037,0.0,0.0,0.0,0.0,0.0,0.0,0.0,0.0,0.0,0.0,0.0,0.0,0.0,19439.0,5.0,64200.0,18484.0,5.0,64210.0
17.951292115001706,0.0,0.0,0.0,0.0,0.0,0.0,0.0,0.0,0.0,0.0,0.0,0.0,0.0,19441.0,5.0,64240.0,18485.0,5.0,64243.0
17.951555889012525,0.0,0.0,0.0,0.0,0.0,0.0,0.0,0.0,0.0,0.0,0.0,0.0,0.0,19441.0,5.0,64240.0,18486.0,5.0,64254.0
17.95162772902404,0.0,0.0,0.0,0.0,0.0,0.0,0.0,0.0,0.0,0.0,0.0,0.0,0.0,19442.0,5.0,64260.0,18487.0,5.0,64273.0
17.951686718006385,0.0,0.0,0.0,0.0,0.0,0.0,0.0,0.0,0.0,0.0,0.0,0.0,0.0,19443.0,5.0,64280.0,18488.0,5.0,64293.0
17.95174380100798,0.0,0.0,0.0,0.0,0.0,0.0,0.0,0.0,0.0,0.0,0.0,0.0,0.0,19444.0,5.0,64300.0,18489.0,5.0,64313.0
17.951810227998067,0.0,0.0,0.0,0.0,0.0,0.0,0.0,0.0,0.0,0.0,0.0,0.0,0.0,19445.0,5.0,64320.0,18490.0,5.0,64333.0
17.95186656000442,0.0,0.0,0.0,0.0,0.0,0.0,0.0,0.0,0.0,0.0,0.0,0.0,0.0,19447.0,5.0,64360.0,18491.0,5.0,64363.0
17.951922220003325,0.0,0.0,0.0,0.0,0.0,0.0,0.0,0.0,0.0,0.0,0.0,0.0,0.0,19447.0,5.0,64360.0,18492.0,5.0,64371.0
17.951976045005722,0.0,0.0,0.0,0.0,0.0,0.0,0.0,0.0,0.0,0.0,0.0,0.0,0.0,19448.0,5.0,64380.0,18493.0,5.0,64393.0
17.95203123401734,0.0,0.0,0.0,0.0,0.0,0.0,0.0,0.0,0.0,0.0,0.0,0.0,0.0,19449.0,5.0,64400.0,18494.0,5.0,64413.0
17.95208609200199,0.0,0.0,0.0,0.0,0.0,0.0,0.0,0.0,0.0,0.0,0.0,0.0,0.0,19450.0,5.0,64420.0,18495.0,5.0,64433.0
17.95214049902279,0.0,0.0,0.0,0.0,0.0,0.0,0.0,0.0,0.0,0.0,0.0,0.0,0.0,19452.0,5.0,64460.0,18496.0,5.0,64463.0
17.952192540018586,0.0,0.0,0.0,0.0,0.0,0.0,0.0,0.0,0.0,0.0,0.0,0.0,0.0,19452.0,5.0,64460.0,18497.0,5.0,64471.0
17.95224741799757,0.0,0.0,0.0,0.0,0.0,0.0,0.0,0.0,0.0,0.0,0.0,0.0,0.0,19453.0,5.0,64480.0,18498.0,5.0,64493.0
17.95229923800798,0.0,0.0,0.0,0.0,0.0,0.0,0.0,0.0,0.0,0.0,0.0,0.0,0.0,19454.0,5.0,64500.0,18499.0,5.0,64513.0
17.95235082801082,0.0,0.0,0.0,0.0,0.0,0.0,0.0,0.0,0.0,0.0,0.0,0.0,0.0,19455.0,5.0,64520.0,18500.0,5.0,64534.0
17.952535542019177,0.0,0.0,0.0,0.0,0.0,0.0,0.0,0.0,0.0,0.0,0.0,0.0,0.0,19457.0,5.0,64560.0,18501.0,5.0,64563.0
17.952769060007995,0.0,0.0,0.0,0.0,0.0,0.0,0.0,0.0,0.0,0.0,0.0,0.0,0.0,19457.0,5.0,64560.0,18502.0,5.0,64570.0
17.95285072500701,0.0,0.0,0.0,0.0,0.0,0.0,0.0,0.0,0.0,0.0,0.0,0.0,0.0,19458.0,5.0,64580.0,18503.0,5.0,64593.0
17.968762960023014,0.0,0.0,0.0,0.0,0.0,0.0,0.0,0.0,0.0,0.0,0.0,0.0,0.0,19459.0,5.0,64600.0,18504.0,5.0,64613.0
17.96886357301264,0.0,0.0,0.0,0.0,0.0,0.0,0.0,0.0,0.0,0.0,0.0,0.0,0.0,19460.0,5.0,64620.0,18505.0,5.0,64633.0
17.972364497021772,0.0,0.0,0.0,0.0,0.0,0.0,0.0,0.0,0.0,0.0,0.0,0.0,0.0,19462.0,5.0,64660.0,18506.0,5.0,64663.0
17.979588362999493,0.0,0.0,0.0,0.0,0.0,0.0,0.0,0.0,0.0,0.0,0.0,0.0,0.0,19462.0,5.0,64660.0,18507.0,5.0,64670.0
18.002806561009493,0.0,0.0,0.0,0.0,0.0,0.0,0.0,0.0,0.0,0.0,0.0,0.0,0.0,19463.0,5.0,64680.0,18508.0,5.0,64693.0
18.02965974001563,0.0,0.0,0.0,0.0,0.0,0.0,0.0,0.0,0.0,0.0,0.0,0.0,0.0,19464.0,5.0,64700.0,18509.0,5.0,64713.0
18.041945796023356,0.0,0.0,0.0,0.0,0.0,0.0,0.0,0.0,0.0,0.0,0.0,0.0,0.0,19465.0,5.0,64720.0,18510.0,5.0,64733.0
18.460247237002477,0.0,0.0,0.0,0.0,0.0,0.0,0.0,0.0,0.0,0.0,0.0,0.0,0.0,19473.0,5.0,64880.0,18518.0,5.0,64892.0
18.460770914010936,0.0,0.0,0.0,0.0,0.0,0.0,0.0,0.0,0.0,0.0,0.0,0.0,0.0,19477.0,5.0,64960.0,18521.0,5.0,64963.0
18.461055329011288,0.0,0.0,0.0,0.0,0.0,0.0,0.0,0.0,0.0,0.0,0.0,0.0,0.0,19477.0,5.0,64960.0,18522.0,5.0,64971.0
18.461204986000666,0.0,0.0,0.0,0.0,0.0,0.0,0.0,0.0,0.0,0.0,0.0,0.0,0.0,19478.0,5.0,64980.0,18523.0,5.0,64993.0
18.461260826006765,0.0,0.0,0.0,0.0,0.0,0.0,0.0,0.0,0.0,0.0,0.0,0.0,0.0,19479.0,5.0,65000.0,18524.0,5.0,65013.0
18.461315584019758,0.0,0.0,0.0,0.0,0.0,0.0,0.0,0.0,0.0,0.0,0.0,0.0,0.0,19480.0,5.0,65020.0,18525.0,5.0,65034.0
18.46137073202408,0.0,0.0,0.0,0.0,0.0,0.0,0.0,0.0,0.0,0.0,0.0,0.0,0.0,19482.0,5.0,65060.0,18526.0,5.0,65063.0
18.461424848006573,0.0,0.0,0.0,0.0,0.0,0.0,0.0,0.0,0.0,0.0,0.0,0.0,0.0,19482.0,5.0,65060.0,18527.0,5.0,65069.0
18.46148253401043,0.0,0.0,0.0,0.0,0.0,0.0,0.0,0.0,0.0,0.0,0.0,0.0,0.0,19484.0,5.0,65100.0,18528.0,5.0,65103.0
18.4615376520087,0.0,0.0,0.0,0.0,0.0,0.0,0.0,0.0,0.0,0.0,0.0,0.0,0.0,19484.0,5.0,65100.0,18529.0,5.0,65110.0
18.461593783024,0.0,0.0,0.0,0.0,0.0,0.0,0.0,0.0,0.0,0.0,0.0,0.0,0.0,19486.0,5.0,65139.0,18530.0,5.0,65143.0
18.464332871022634,0.0,0.0,0.0,0.0,0.0,0.0,0.0,0.0,0.0,0.0,0.0,0.0,0.0,19486.0,5.0,65139.0,18531.0,5.0,65154.0
18.48248600200168,0.0,0.0,0.0,0.0,0.0,0.0,0.0,0.0,0.0,0.0,0.0,0.0,0.0,19487.0,5.0,65160.0,18532.0,5.0,65173.0
18.508001296024304,0.0,0.0,0.0,0.0,0.0,0.0,0.0,0.0,0.0,0.0,0.0,0.0,0.0,19488.0,5.0,65180.0,18533.0,5.0,65193.0
18.52621101902332,0.0,0.0,0.0,0.0,0.0,0.0,0.0,0.0,0.0,0.0,0.0,0.0,0.0,19489.0,5.0,65200.0,18534.0,5.0,65212.0
18.542979046003893,0.0,0.0,0.0,0.0,0.0,0.0,0.0,0.0,0.0,0.0,0.0,0.0,0.0,19490.0,5.0,65220.0,18535.0,5.0,65233.0
18.971416637010407,0.0,0.0,0.0,0.0,0.0,0.0,0.0,0.0,0.0,0.0,0.0,0.0,0.0,19502.0,5.0,65460.0,18546.0,5.0,65463.0
18.97158797402517,0.0,0.0,0.0,0.0,0.0,0.0,0.0,0.0,0.0,0.0,0.0,0.0,0.0,19502.0,5.0,65460.0,18547.0,5.0,65471.0
18.971658570022555,0.0,0.0,0.0,0.0,0.0,0.0,0.0,0.0,0.0,0.0,0.0,0.0,0.0,19504.0,5.0,65500.0,18548.0,5.0,65503.0
18.971720244007884,0.0,0.0,0.0,0.0,0.0,0.0,0.0,0.0,0.0,0.0,0.0,0.0,0.0,19504.0,5.0,65500.0,18549.0,5.0,65510.0
18.971784665016457,0.0,0.0,0.0,0.0,0.0,0.0,0.0,0.0,0.0,0.0,0.0,0.0,0.0,19506.0,6.0,4.0,18550.0,6.0,7.0
18.971844725019764,0.0,0.0,0.0,0.0,0.0,0.0,0.0,0.0,0.0,0.0,0.0,0.0,0.0,19506.0,6.0,4.0,18551.0,6.0,20.0
18.9719019580225,0.0,0.0,0.0,0.0,0.0,0.0,0.0,0.0,0.0,0.0,0.0,0.0,0.0,19507.0,6.0,24.0,18552.0,6.0,37.0
18.971955511020496,0.0,0.0,0.0,0.0,0.0,0.0,0.0,0.0,0.0,0.0,0.0,0.0,0.0,19508.0,6.0,44.0,18553.0,6.0,57.0
18.972009937016992,0.0,0.0,0.0,0.0,0.0,0.0,0.0,0.0,0.0,0.0,0.0,0.0,0.0,19509.0,6.0,64.0,18554.0,6.0,77.0
18.972064654022688,0.0,0.0,0.0,0.0,0.0,0.0,0.0,0.0,0.0,0.0,0.0,0.0,0.0,19510.0,6.0,84.0,18555.0,6.0,97.0
18.97299903500243,0.0,0.0,0.0,0.0,0.0,0.0,0.0,0.0,0.0,0.0,0.0,0.0,0.0,19512.0,6.0,124.0,18556.0,6.0,127.0
18.97929421599838,0.0,0.0,0.0,0.0,0.0,0.0,0.0,0.0,0.0,0.0,0.0,0.0,0.0,19512.0,6.0,124.0,18557.0,6.0,133.0
19.014043344999664,0.0,0.0,0.0,0.0,0.0,0.0,0.0,0.0,0.0,0.0,0.0,0.0,0.0,19514.0,6.0,164.0,18558.0,6.0,167.0
19.02300138102146,0.0,0.0,0.0,0.0,0.0,0.0,0.0,0.0,0.0,0.0,0.0,0.0,0.0,19514.0,6.0,164.0,18559.0,6.0,174.0
19.053453607019037,0.0,0.0,0.0,0.0,0.0,0.0,0.0,0.0,0.0,0.0,0.0,0.0,0.0,19516.0,6.0,204.0,18560.0,6.0,207.0
19.06506905402057,0.0,0.0,0.0,0.0,0.0,0.0,0.0,0.0,0.0,0.0,0.0,0.0,0.0,19516.0,6.0,204.0,18561.0,6.0,219.0
19.400995960022556,0.0,0.0,0.0,0.0,0.0,0.0,0.0,0.0,0.0,0.0,0.0,0.0,0.0,19517.0,6.0,224.0,18562.0,6.0,237.0
19.401147117023356,0.0,0.0,0.0,0.0,0.0,0.0,0.0,0.0,0.0,0.0,0.0,0.0,0.0,19518.0,6.0,244.0,18563.0,6.0,257.0
19.401217072008876,0.0,0.0,0.0,0.0,0.0,0.0,0.0,0.0,0.0,0.0,0.0,0.0,0.0,19519.0,6.0,264.0,18564.0,6.0,277.0
19.40127860501525,0.0,0.0,0.0,0.0,0.0,0.0,0.0,0.0,0.0,0.0,0.0,0.0,0.0,19520.0,6.0,284.0,18565.0,6.0,297.0
19.40133690100629,0.0,0.0,0.0,0.0,0.0,0.0,0.0,0.0,0.0,0.0,0.0,0.0,0.0,19522.0,6.0,324.0,18566.0,6.0,327.0
19.401403377007227,0.0,0.0,0.0,0.0,0.0,0.0,0.0,0.0,0.0,0.0,0.0,0.0,0.0,19522.0,6.0,324.0,18567.0,6.0,334.0
19.401460369001143,0.0,0.0,0.0,0.0,0.0,0.0,0.0,0.0,0.0,0.0,0.0,0.0,0.0,19523.0,6.0,344.0,18568.0,6.0,357.0
19.401520228013396,0.0,0.0,0.0,0.0,0.0,0.0,0.0,0.0,0.0,0.0,0.0,0.0,0.0,19524.0,6.0,364.0,18569.0,6.0,377.0
19.40157466402161,0.0,0.0,0.0,0.0,0.0,0.0,0.0,0.0,0.0,0.0,0.0,0.0,0.0,19525.0,6.0,384.0,18570.0,6.0,397.0
19.401627757004462,0.0,0.0,0.0,0.0,0.0,0.0,0.0,0.0,0.0,0.0,0.0,0.0,0.0,19527.0,6.0,424.0,18571.0,6.0,427.0
19.40168517001439,0.0,0.0,0.0,0.0,0.0,0.0,0.0,0.0,0.0,0.0,0.0,0.0,0.0,19527.0,6.0,424.0,18572.0,6.0,435.0
19.4017404980259,0.0,0.0,0.0,0.0,0.0,0.0,0.0,0.0,0.0,0.0,0.0,0.0,0.0,19528.0,6.0,444.0,18573.0,6.0,457.0
19.40179824200459,0.0,0.0,0.0,0.0,0.0,0.0,0.0,0.0,0.0,0.0,0.0,0.0,0.0,19529.0,6.0,464.0,18574.0,6.0,476.0
19.401853579998715,0.0,0.0,0.0,0.0,0.0,0.0,0.0,0.0,0.0,0.0,0.0,0.0,0.0,19530.0,6.0,484.0,18575.0,6.0,498.0
19.40190615100437,0.0,0.0,0.0,0.0,0.0,0.0,0.0,0.0,0.0,0.0,0.0,0.0,0.0,19532.0,6.0,524.0,18576.0,6.0,527.0
19.401959184004227,0.0,0.0,0.0,0.0,0.0,0.0,0.0,0.0,0.0,0.0,0.0,0.0,0.0,19532.0,6.0,524.0,18577.0,6.0,535.0
19.40357154799858,0.0,0.0,0.0,0.0,0.0,0.0,0.0,0.0,0.0,0.0,0.0,0.0,0.0,19533.0,6.0,544.0,18578.0,6.0,557.0
19.426305853005033,0.0,0.0,0.0,0.0,0.0,0.0,0.0,0.0,0.0,0.0,0.0,0.0,0.0,19534.0,6.0,564.0,18579.0,6.0,577.0
19.446989531017607,0.0,0.0,0.0,0.0,0.0,0.0,0.0,0.0,0.0,0.0,0.0,0.0,0.0,19535.0,6.0,584.0,18580.0,6.0,597.0
19.47369963800884,0.0,0.0,0.0,0.0,0.0,0.0,0.0,0.0,0.0,0.0,0.0,0.0,0.0,19537.0,6.0,624.0,18581.0,6.0,627.0
19.48038486202131,0.0,0.0,0.0,0.0,0.0,0.0,0.0,0.0,0.0,0.0,0.0,0.0,0.0,19537.0,6.0,624.0,18582.0,6.0,634.0
19.51434450101806,0.0,0.0,0.0,0.0,0.0,0.0,0.0,0.0,0.0,0.0,0.0,0.0,0.0,19539.0,6.0,664.0,18583.0,6.0,667.0
19.520207773020957,0.0,0.0,0.0,0.0,0.0,0.0,0.0,0.0,0.0,0.0,0.0,0.0,0.0,19539.0,6.0,664.0,18584.0,6.0,674.0
19.553274956007954,0.0,0.0,0.0,0.0,0.0,0.0,0.0,0.0,0.0,0.0,0.0,0.0,0.0,19541.0,6.0,704.0,18585.0,6.0,707.0
19.565016017004382,0.0,0.0,0.0,0.0,0.0,0.0,0.0,0.0,0.0,0.0,0.0,0.0,0.0,19541.0,6.0,704.0,18586.0,6.0,719.0
19.583228558010887,0.0,0.0,0.0,0.0,0.0,0.0,0.0,0.0,0.0,0.0,0.0,0.0,0.0,19542.0,6.0,724.0,18587.0,6.0,737.0
19.604405727004632,0.0,0.0,0.0,0.0,0.0,0.0,0.0,0.0,0.0,0.0,0.0,0.0,0.0,19543.0,6.0,744.0,18588.0,6.0,757.0
19.625493744009873,0.0,0.0,0.0,0.0,0.0,0.0,0.0,0.0,0.0,0.0,0.0,0.0,0.0,19544.0,6.0,764.0,18589.0,6.0,777.0
19.855148274014937,0.0,0.0,0.0,0.0,0.0,0.0,0.0,0.0,0.0,0.0,0.0,0.0,0.0,19545.0,6.0,784.0,18590.0,6.0,797.0
19.855331899016164,0.0,0.0,0.0,0.0,0.0,0.0,0.0,0.0,0.0,0.0,0.0,0.0,0.0,19547.0,6.0,824.0,18591.0,6.0,827.0
19.855406212998787,0.0,0.0,0.0,0.0,0.0,0.0,0.0,0.0,0.0,0.0,0.0,0.0,0.0,19547.0,6.0,824.0,18592.0,6.0,834.0
19.855473771021934,0.0,0.0,0.0,0.0,0.0,0.0,0.0,0.0,0.0,0.0,0.0,0.0,0.0,19548.0,6.0,844.0,18593.0,6.0,857.0
19.85553526302101,0.0,0.0,0.0,0.0,0.0,0.0,0.0,0.0,0.0,0.0,0.0,0.0,0.0,19549.0,6.0,864.0,18594.0,6.0,877.0
19.855595863016788,0.0,0.0,0.0,0.0,0.0,0.0,0.0,0.0,0.0,0.0,0.0,0.0,0.0,19550.0,6.0,884.0,18595.0,6.0,897.0
19.855655310006114,0.0,0.0,0.0,0.0,0.0,0.0,0.0,0.0,0.0,0.0,0.0,0.0,0.0,19552.0,6.0,924.0,18596.0,6.0,927.0
19.855714126024395,0.0,0.0,0.0,0.0,0.0,0.0,0.0,0.0,0.0,0.0,0.0,0.0,0.0,19552.0,6.0,924.0,18597.0,6.0,935.0
19.855779478006298,0.0,0.0,0.0,0.0,0.0,0.0,0.0,0.0,0.0,0.0,0.0,0.0,0.0,19553.0,6.0,944.0,18598.0,6.0,957.0
19.855843045021174,0.0,0.0,0.0,0.0,0.0,0.0,0.0,0.0,0.0,0.0,0.0,0.0,0.0,19554.0,6.0,964.0,18599.0,6.0,977.0
19.85590485902503,0.0,0.0,0.0,0.0,0.0,0.0,0.0,0.0,0.0,0.0,0.0,0.0,0.0,19555.0,6.0,984.0,18600.0,6.0,998.0
19.890440345014213,0.0,0.0,0.0,0.0,0.0,0.0,0.0,0.0,0.0,0.0,0.0,0.0,0.0,19557.0,6.0,1024.0,18601.0,6.0,1027.0
19.89073121501133,0.0,0.0,0.0,0.0,0.0,0.0,0.0,0.0,0.0,0.0,0.0,0.0,0.0,19557.0,6.0,1024.0,18602.0,6.0,1034.0
19.91607082801056,0.0,0.0,0.0,0.0,0.0,0.0,0.0,0.0,0.0,0.0,0.0,0.0,0.0,19558.0,6.0,1044.0,18603.0,6.0,1057.0
19.92917457400472,0.0,0.0,0.0,0.0,0.0,0.0,0.0,0.0,0.0,0.0,0.0,0.0,0.0,19559.0,6.0,1064.0,18604.0,6.0,1077.0
19.946308064012555,0.0,0.0,0.0,0.0,0.0,0.0,0.0,0.0,0.0,0.0,0.0,0.0,0.0,19560.0,6.0,1084.0,18605.0,6.0,1097.0
20.070731179002905,0.0,0.0,0.0,0.0,0.0,0.0,0.0,0.0,0.0,0.0,0.0,0.0,0.0,19562.0,6.0,1124.0,18606.0,6.0,1127.0
20.071230857021874,0.0,0.0,0.0,0.0,0.0,0.0,0.0,0.0,0.0,0.0,0.0,0.0,0.0,19562.0,6.0,1124.0,18607.0,6.0,1134.0
20.071556453011,0.0,0.0,0.0,0.0,0.0,0.0,0.0,0.0,0.0,0.0,0.0,0.0,0.0,19563.0,6.0,1144.0,18608.0,6.0,1157.0
20.071920064016012,0.0,0.0,0.0,0.0,0.0,0.0,0.0,0.0,0.0,0.0,0.0,0.0,0.0,19564.0,6.0,1164.0,18609.0,6.0,1177.0
20.072339313017437,0.0,0.0,0.0,0.0,0.0,0.0,0.0,0.0,0.0,0.0,0.0,0.0,0.0,19565.0,6.0,1184.0,18610.0,6.0,1197.0
20.075174147001235,0.0,0.0,0.0,0.0,0.0,0.0,0.0,0.0,0.0,0.0,0.0,0.0,0.0,19567.0,6.0,1224.0,18611.0,6.0,1227.0
20.08191439701477,0.0,0.0,0.0,0.0,0.0,0.0,0.0,0.0,0.0,0.0,0.0,0.0,0.0,19567.0,6.0,1224.0,18612.0,6.0,1234.0
20.11436048601172,0.0,0.0,0.0,0.0,0.0,0.0,0.0,0.0,0.0,0.0,0.0,0.0,0.0,19569.0,6.0,1264.0,18613.0,6.0,1267.0
20.12021464999998,0.0,0.0,0.0,0.0,0.0,0.0,0.0,0.0,0.0,0.0,0.0,0.0,0.0,19569.0,6.0,1264.0,18614.0,6.0,1274.0
20.15376256001764,0.0,0.0,0.0,0.0,0.0,0.0,0.0,0.0,0.0,0.0,0.0,0.0,0.0,19571.0,6.0,1304.0,18615.0,6.0,1307.0
20.16584512600093,0.0,0.0,0.0,0.0,0.0,0.0,0.0,0.0,0.0,0.0,0.0,0.0,0.0,19571.0,6.0,1304.0,18616.0,6.0,1318.0
20.21467959001893,0.0,0.0,0.0,0.0,0.0,0.0,0.0,0.0,0.0,0.0,0.0,0.0,0.0,19572.0,6.0,1324.0,18617.0,6.0,1337.0
20.215009627019754,0.0,0.0,0.0,0.0,0.0,0.0,0.0,0.0,0.0,0.0,0.0,0.0,0.0,19573.0,6.0,1344.0,18618.0,6.0,1357.0
20.292108580004424,0.0,0.0,0.0,0.0,0.0,0.0,0.0,0.0,0.0,0.0,0.0,0.0,0.0,19574.0,6.0,1364.0,18619.0,6.0,1377.0
20.29253635002533,0.0,0.0,0.0,0.0,0.0,0.0,0.0,0.0,0.0,0.0,0.0,0.0,0.0,19575.0,6.0,1384.0,18620.0,6.0,1397.0
20.292763122008182,0.0,0.0,0.0,0.0,0.0,0.0,0.0,0.0,0.0,0.0,0.0,0.0,0.0,19577.0,6.0,1424.0,18621.0,6.0,1427.0
20.292831602011574,0.0,0.0,0.0,0.0,0.0,0.0,0.0,0.0,0.0,0.0,0.0,0.0,0.0,19577.0,6.0,1424.0,18622.0,6.0,1434.0
20.303490860998863,0.0,0.0,0.0,0.0,0.0,0.0,0.0,0.0,0.0,0.0,0.0,0.0,0.0,19578.0,6.0,1444.0,18623.0,6.0,1457.0
20.333954558998812,0.0,0.0,0.0,0.0,0.0,0.0,0.0,0.0,0.0,0.0,0.0,0.0,0.0,19579.0,6.0,1464.0,18624.0,6.0,1477.0
20.34835062699858,0.0,0.0,0.0,0.0,0.0,0.0,0.0,0.0,0.0,0.0,0.0,0.0,0.0,19580.0,6.0,1484.0,18625.0,6.0,1498.0
20.37471406601253,0.0,0.0,0.0,0.0,0.0,0.0,0.0,0.0,0.0,0.0,0.0,0.0,0.0,19582.0,6.0,1524.0,18626.0,6.0,1527.0
20.391235560004134,0.0,0.0,0.0,0.0,0.0,0.0,0.0,0.0,0.0,0.0,0.0,0.0,0.0,19582.0,6.0,1524.0,18627.0,6.0,1534.0
20.428867819020525,0.0,0.0,0.0,0.0,0.0,0.0,0.0,0.0,0.0,0.0,0.0,0.0,0.0,19583.0,6.0,1544.0,18628.0,6.0,1557.0
20.42917711500195,0.0,0.0,0.0,0.0,0.0,0.0,0.0,0.0,0.0,0.0,0.0,0.0,0.0,19584.0,6.0,1564.0,18629.0,6.0,1577.0
20.450069930026075,0.0,0.0,0.0,0.0,0.0,0.0,0.0,0.0,0.0,0.0,0.0,0.0,0.0,19585.0,6.0,1584.0,18630.0,6.0,1597.0
20.49014990302385,0.0,0.0,0.0,0.0,0.0,0.0,0.0,0.0,0.0,0.0,0.0,0.0,0.0,19587.0,6.0,1624.0,18631.0,6.0,1627.0
20.490533784002764,0.0,0.0,0.0,0.0,0.0,0.0,0.0,0.0,0.0,0.0,0.0,0.0,0.0,19587.0,6.0,1624.0,18632.0,6.0,1634.0
20.5147896920098,0.0,0.0,0.0,0.0,0.0,0.0,0.0,0.0,0.0,0.0,0.0,0.0,0.0,19588.0,6.0,1644.0,18633.0,6.0,1657.0
20.542166702012764,0.0,0.0,0.0,0.0,0.0,0.0,0.0,0.0,0.0,0.0,0.0,0.0,0.0,19589.0,6.0,1664.0,18634.0,6.0,1676.0
20.544064975023502,0.0,0.0,0.0,0.0,0.0,0.0,0.0,0.0,0.0,0.0,0.0,0.0,0.0,19590.0,6.0,1684.0,18635.0,6.0,1697.0
20.57526104702265,0.0,0.0,0.0,0.0,0.0,0.0,0.0,0.0,0.0,0.0,0.0,0.0,0.0,19592.0,6.0,1724.0,18636.0,6.0,1727.0
20.580553159001283,0.0,0.0,0.0,0.0,0.0,0.0,0.0,0.0,0.0,0.0,0.0,0.0,0.0,19592.0,6.0,1724.0,18637.0,6.0,1734.0
20.61526237599901,0.0,0.0,0.0,0.0,0.0,0.0,0.0,0.0,0.0,0.0,0.0,0.0,0.0,19594.0,6.0,1764.0,18638.0,6.0,1767.0
20.669063305016607,0.0,0.0,0.0,0.0,0.0,0.0,0.0,0.0,0.0,0.0,0.0,0.0,0.0,19594.0,6.0,1764.0,18639.0,6.0,1774.0
20.669441856007325,0.0,0.0,0.0,0.0,0.0,0.0,0.0,0.0,0.0,0.0,0.0,0.0,0.0,19595.0,6.0,1784.0,18640.0,6.0,1797.0
20.77271090002614,0.0,0.0,0.0,0.0,0.0,0.0,0.0,0.0,0.0,0.0,0.0,0.0,0.0,19597.0,6.0,1824.0,18641.0,6.0,1827.0
20.77665458401316,0.0,0.0,0.0,0.0,0.0,0.0,0.0,0.0,0.0,0.0,0.0,0.0,0.0,19597.0,6.0,1824.0,18642.0,6.0,1834.0
20.7767539890192,0.0,0.0,0.0,0.0,0.0,0.0,0.0,0.0,0.0,0.0,0.0,0.0,0.0,19598.0,6.0,1844.0,18643.0,6.0,1857.0
20.776821114006452,0.0,0.0,0.0,0.0,0.0,0.0,0.0,0.0,0.0,0.0,0.0,0.0,0.0,19599.0,6.0,1864.0,18644.0,6.0,1877.0
20.776881433004746,0.0,0.0,0.0,0.0,0.0,0.0,0.0,0.0,0.0,0.0,0.0,0.0,0.0,19600.0,6.0,1884.0,18645.0,6.0,1897.0
20.779269158025272,0.0,0.0,0.0,0.0,0.0,0.0,0.0,0.0,0.0,0.0,0.0,0.0,0.0,19602.0,6.0,1924.0,18646.0,6.0,1927.0
20.782834270998137,0.0,0.0,0.0,0.0,0.0,0.0,0.0,0.0,0.0,0.0,0.0,0.0,0.0,19602.0,6.0,1924.0,18647.0,6.0,1935.0
20.807706888008397,0.0,0.0,0.0,0.0,0.0,0.0,0.0,0.0,0.0,0.0,0.0,0.0,0.0,19603.0,6.0,1944.0,18648.0,6.0,1957.0
20.83000571100274,0.0,0.0,0.0,0.0,0.0,0.0,0.0,0.0,0.0,0.0,0.0,0.0,0.0,19604.0,6.0,1964.0,18649.0,6.0,1977.0
20.84610158900614,0.0,0.0,0.0,0.0,0.0,0.0,0.0,0.0,0.0,0.0,0.0,0.0,0.0,19605.0,6.0,1984.0,18650.0,6.0,1998.0
20.953790199011564,0.0,0.0,0.0,0.0,0.0,0.0,0.0,0.0,0.0,0.0,0.0,0.0,0.0,19607.0,6.0,2024.0,18651.0,6.0,2027.0
20.95417559699854,0.0,0.0,0.0,0.0,0.0,0.0,0.0,0.0,0.0,0.0,0.0,0.0,0.0,19607.0,6.0,2024.0,18652.0,6.0,2033.0
20.95443449402228,0.0,0.0,0.0,0.0,0.0,0.0,0.0,0.0,0.0,0.0,0.0,0.0,0.0,19609.0,6.0,2063.0,18653.0,6.0,2067.0
20.954516235011397,0.0,0.0,0.0,0.0,0.0,0.0,0.0,0.0,0.0,0.0,0.0,0.0,0.0,19609.0,6.0,2063.0,18654.0,6.0,2074.0
20.955937653023284,0.0,0.0,0.0,0.0,0.0,0.0,0.0,0.0,0.0,0.0,0.0,0.0,0.0,19611.0,6.0,2104.0,18655.0,6.0,2107.0
20.972979479003698,0.0,0.0,0.0,0.0,0.0,0.0,0.0,0.0,0.0,0.0,0.0,0.0,0.0,19611.0,6.0,2104.0,18656.0,6.0,2117.0
20.985092627000995,0.0,0.0,0.0,0.0,0.0,0.0,0.0,0.0,0.0,0.0,0.0,0.0,0.0,19612.0,6.0,2124.0,18657.0,6.0,2137.0
21.01449219402275,0.0,0.0,0.0,0.0,0.0,0.0,0.0,0.0,0.0,0.0,0.0,0.0,0.0,19613.0,6.0,2144.0,18658.0,6.0,2157.0
21.02529672102537,0.0,0.0,0.0,0.0,0.0,0.0,0.0,0.0,0.0,0.0,0.0,0.0,0.0,19614.0,6.0,2164.0,18659.0,6.0,2177.0
21.045103041018592,0.0,0.0,0.0,0.0,0.0,0.0,0.0,0.0,0.0,0.0,0.0,0.0,0.0,19615.0,6.0,2184.0,18660.0,6.0,2197.0
21.172867874003714,0.0,0.0,0.0,0.0,0.0,0.0,0.0,0.0,0.0,0.0,0.0,0.0,0.0,19617.0,6.0,2224.0,18661.0,6.0,2227.0
21.172968662023777,0.0,0.0,0.0,0.0,0.0,0.0,0.0,0.0,0.0,0.0,0.0,0.0,0.0,19617.0,6.0,2224.0,18662.0,6.0,2234.0
21.173038393026218,0.0,0.0,0.0,0.0,0.0,0.0,0.0,0.0,0.0,0.0,0.0,0.0,0.0,19619.0,6.0,2264.0,18663.0,6.0,2267.0
21.17309634599951,0.0,0.0,0.0,0.0,0.0,0.0,0.0,0.0,0.0,0.0,0.0,0.0,0.0,19619.0,6.0,2264.0,18664.0,6.0,2274.0
21.173154028016143,0.0,0.0,0.0,0.0,0.0,0.0,0.0,0.0,0.0,0.0,0.0,0.0,0.0,19621.0,6.0,2304.0,18665.0,6.0,2307.0
21.173308398021618,0.0,0.0,0.0,0.0,0.0,0.0,0.0,0.0,0.0,0.0,0.0,0.0,0.0,19621.0,6.0,2304.0,18666.0,6.0,2319.0
21.185263807012234,0.0,0.0,0.0,0.0,0.0,0.0,0.0,0.0,0.0,0.0,0.0,0.0,0.0,19622.0,6.0,2324.0,18667.0,6.0,2337.0
21.20559426600812,0.0,0.0,0.0,0.0,0.0,0.0,0.0,0.0,0.0,0.0,0.0,0.0,0.0,19623.0,6.0,2344.0,18668.0,6.0,2357.0
21.22461445099907,0.0,0.0,0.0,0.0,0.0,0.0,0.0,0.0,0.0,0.0,0.0,0.0,0.0,19624.0,6.0,2364.0,18669.0,6.0,2377.0
21.246825277019525,0.0,0.0,0.0,0.0,0.0,0.0,0.0,0.0,0.0,0.0,0.0,0.0,0.0,19625.0,6.0,2384.0,18670.0,6.0,2398.0
21.392137270013336,0.0,0.0,0.0,0.0,0.0,0.0,0.0,0.0,0.0,0.0,0.0,0.0,0.0,19627.0,6.0,2424.0,18671.0,6.0,2427.0
21.392498820001492,0.0,0.0,0.0,0.0,0.0,0.0,0.0,0.0,0.0,0.0,0.0,0.0,0.0,19627.0,6.0,2424.0,18672.0,6.0,2434.0
21.392565444024513,0.0,0.0,0.0,0.0,0.0,0.0,0.0,0.0,0.0,0.0,0.0,0.0,0.0,19629.0,6.0,2464.0,18673.0,6.0,2467.0
21.392627487017307,0.0,0.0,0.0,0.0,0.0,0.0,0.0,0.0,0.0,0.0,0.0,0.0,0.0,19629.0,6.0,2464.0,18674.0,6.0,2474.0
21.392684367019683,0.0,0.0,0.0,0.0,0.0,0.0,0.0,0.0,0.0,0.0,0.0,0.0,0.0,19631.0,6.0,2504.0,18675.0,6.0,2507.0
21.392739703005645,0.0,0.0,0.0,0.0,0.0,0.0,0.0,0.0,0.0,0.0,0.0,0.0,0.0,19631.0,6.0,2504.0,18676.0,6.0,2519.0
21.392807560012443,0.0,0.0,0.0,0.0,0.0,0.0,0.0,0.0,0.0,0.0,0.0,0.0,0.0,19632.0,6.0,2524.0,18677.0,6.0,2537.0
21.405776985018747,0.0,0.0,0.0,0.0,0.0,0.0,0.0,0.0,0.0,0.0,0.0,0.0,0.0,19633.0,6.0,2544.0,18678.0,6.0,2557.0
21.424613658018643,0.0,0.0,0.0,0.0,0.0,0.0,0.0,0.0,0.0,0.0,0.0,0.0,0.0,19634.0,6.0,2564.0,18679.0,6.0,2577.0
21.44681533201947,0.0,0.0,0.0,0.0,0.0,0.0,0.0,0.0,0.0,0.0,0.0,0.0,0.0,19635.0,6.0,2584.0,18680.0,6.0,2597.0
21.475118390022544,0.0,0.0,0.0,0.0,0.0,0.0,0.0,0.0,0.0,0.0,0.0,0.0,0.0,19637.0,6.0,2624.0,18681.0,6.0,2627.0
21.482799321005587,0.0,0.0,0.0,0.0,0.0,0.0,0.0,0.0,0.0,0.0,0.0,0.0,0.0,19637.0,6.0,2624.0,18682.0,6.0,2633.0
21.60025631802273,0.0,0.0,0.0,0.0,0.0,0.0,0.0,0.0,0.0,0.0,0.0,0.0,0.0,19639.0,6.0,2664.0,18683.0,6.0,2667.0
21.600379341020016,0.0,0.0,0.0,0.0,0.0,0.0,0.0,0.0,0.0,0.0,0.0,0.0,0.0,19639.0,6.0,2664.0,18684.0,6.0,2674.0
21.612238735018764,0.0,0.0,0.0,0.0,0.0,0.0,0.0,0.0,0.0,0.0,0.0,0.0,0.0,19643.0,6.0,2744.0,18685.0,6.0,2763.0
21.62336021201918,0.0,0.0,0.0,0.0,0.0,0.0,0.0,0.0,0.0,0.0,0.0,0.0,0.0,19644.0,6.0,2764.0,18686.0,6.0,2775.0
21.644307429000037,0.0,0.0,0.0,0.0,0.0,0.0,0.0,0.0,0.0,0.0,0.0,0.0,0.0,19645.0,6.0,2784.0,18687.0,6.0,2797.0
21.664941228023963,0.0,0.0,0.0,0.0,0.0,0.0,0.0,0.0,0.0,0.0,0.0,0.0,0.0,19646.0,6.0,2804.0,18688.0,6.0,2817.0
21.68614715701551,0.0,0.0,0.0,0.0,0.0,0.0,0.0,0.0,0.0,0.0,0.0,0.0,0.0,19647.0,6.0,2824.0,18689.0,6.0,2837.0
21.70453946600901,0.0,0.0,0.0,0.0,0.0,0.0,0.0,0.0,0.0,0.0,0.0,0.0,0.0,19648.0,6.0,2844.0,18690.0,6.0,2857.0
21.819346410018625,0.0,0.0,0.0,0.0,0.0,0.0,0.0,0.0,0.0,0.0,0.0,0.0,0.0,19650.0,6.0,2884.0,18691.0,6.0,2887.0
21.819493098999374,0.0,0.0,0.0,0.0,0.0,0.0,0.0,0.0,0.0,0.0,0.0,0.0,0.0,19650.0,6.0,2884.0,18692.0,6.0,2894.0
21.81956344100763,0.0,0.0,0.0,0.0,0.0,0.0,0.0,0.0,0.0,0.0,0.0,0.0,0.0,19652.0,6.0,2924.0,18693.0,6.0,2927.0
21.81962381800986,0.0,0.0,0.0,0.0,0.0,0.0,0.0,0.0,0.0,0.0,0.0,0.0,0.0,19652.0,6.0,2924.0,18694.0,6.0,2934.0
21.81968309302465,0.0,0.0,0.0,0.0,0.0,0.0,0.0,0.0,0.0,0.0,0.0,0.0,0.0,19654.0,6.0,2964.0,18695.0,6.0,2967.0
21.830536921013845,0.0,0.0,0.0,0.0,0.0,0.0,0.0,0.0,0.0,0.0,0.0,0.0,0.0,19654.0,6.0,2964.0,18696.0,6.0,2979.0
21.84706875201664,0.0,0.0,0.0,0.0,0.0,0.0,0.0,0.0,0.0,0.0,0.0,0.0,0.0,19655.0,6.0,2984.0,18697.0,6.0,2998.0
21.86474316602107,0.0,0.0,0.0,0.0,0.0,0.0,0.0,0.0,0.0,0.0,0.0,0.0,0.0,19656.0,6.0,3004.0,18698.0,6.0,3017.0
21.885919952997938,0.0,0.0,0.0,0.0,0.0,0.0,0.0,0.0,0.0,0.0,0.0,0.0,0.0,19657.0,6.0,3024.0,18699.0,6.0,3036.0
21.905769083998166,0.0,0.0,0.0,0.0,0.0,0.0,0.0,0.0,0.0,0.0,0.0,0.0,0.0,19658.0,6.0,3044.0,18700.0,6.0,3056.0
21.93463705701288,0.0,0.0,0.0,0.0,0.0,0.0,0.0,0.0,0.0,0.0,0.0,0.0,0.0,19660.0,6.0,3084.0,18701.0,6.0,3087.0
22.050132233009208,0.0,0.0,0.0,0.0,0.0,0.0,0.0,0.0,0.0,0.0,0.0,0.0,0.0,19660.0,6.0,3084.0,18702.0,6.0,3094.0
22.050273168017156,0.0,0.0,0.0,0.0,0.0,0.0,0.0,0.0,0.0,0.0,0.0,0.0,0.0,19662.0,6.0,3124.0,18703.0,6.0,3127.0
22.050346016010735,0.0,0.0,0.0,0.0,0.0,0.0,0.0,0.0,0.0,0.0,0.0,0.0,0.0,19662.0,6.0,3124.0,18704.0,6.0,3134.0
22.050405652000336,0.0,0.0,0.0,0.0,0.0,0.0,0.0,0.0,0.0,0.0,0.0,0.0,0.0,19664.0,6.0,3164.0,18705.0,6.0,3167.0
22.050461950013414,0.0,0.0,0.0,0.0,0.0,0.0,0.0,0.0,0.0,0.0,0.0,0.0,0.0,19664.0,6.0,3164.0,18706.0,6.0,3178.0
22.05051701402408,0.0,0.0,0.0,0.0,0.0,0.0,0.0,0.0,0.0,0.0,0.0,0.0,0.0,19665.0,6.0,3184.0,18707.0,6.0,3197.0
22.0655484960007,0.0,0.0,0.0,0.0,0.0,0.0,0.0,0.0,0.0,0.0,0.0,0.0,0.0,19666.0,6.0,3204.0,18708.0,6.0,3217.0
22.08793870100635,0.0,0.0,0.0,0.0,0.0,0.0,0.0,0.0,0.0,0.0,0.0,0.0,0.0,19667.0,6.0,3224.0,18709.0,6.0,3237.0
22.107352437014924,0.0,0.0,0.0,0.0,0.0,0.0,0.0,0.0,0.0,0.0,0.0,0.0,0.0,19668.0,6.0,3244.0,18710.0,6.0,3257.0
22.136496074002935,0.0,0.0,0.0,0.0,0.0,0.0,0.0,0.0,0.0,0.0,0.0,0.0,0.0,19670.0,6.0,3284.0,18711.0,6.0,3287.0
22.142530809011078,0.0,0.0,0.0,0.0,0.0,0.0,0.0,0.0,0.0,0.0,0.0,0.0,0.0,19670.0,6.0,3284.0,18712.0,6.0,3294.0
22.283579374023248,0.0,0.0,0.0,0.0,0.0,0.0,0.0,0.0,0.0,0.0,0.0,0.0,0.0,19672.0,6.0,3324.0,18713.0,6.0,3327.0
22.28373296902282,0.0,0.0,0.0,0.0,0.0,0.0,0.0,0.0,0.0,0.0,0.0,0.0,0.0,19672.0,6.0,3324.0,18714.0,6.0,3334.0
22.28381929002353,0.0,0.0,0.0,0.0,0.0,0.0,0.0,0.0,0.0,0.0,0.0,0.0,0.0,19673.0,6.0,3344.0,18715.0,6.0,3357.0
22.283882735006046,0.0,0.0,0.0,0.0,0.0,0.0,0.0,0.0,0.0,0.0,0.0,0.0,0.0,19675.0,6.0,3384.0,18716.0,6.0,3387.0
22.28394826600561,0.0,0.0,0.0,0.0,0.0,0.0,0.0,0.0,0.0,0.0,0.0,0.0,0.0,19675.0,6.0,3384.0,18717.0,6.0,3394.0
22.284002218017122,0.0,0.0,0.0,0.0,0.0,0.0,0.0,0.0,0.0,0.0,0.0,0.0,0.0,19676.0,6.0,3404.0,18718.0,6.0,3417.0
22.285865163023118,0.0,0.0,0.0,0.0,0.0,0.0,0.0,0.0,0.0,0.0,0.0,0.0,0.0,19677.0,6.0,3424.0,18719.0,6.0,3436.0
22.31234241000493,0.0,0.0,0.0,0.0,0.0,0.0,0.0,0.0,0.0,0.0,0.0,0.0,0.0,19678.0,6.0,3444.0,18720.0,6.0,3457.0
22.340247578016715,0.0,0.0,0.0,0.0,0.0,0.0,0.0,0.0,0.0,0.0,0.0,0.0,0.0,19680.0,6.0,3484.0,18721.0,6.0,3487.0
22.344142461020965,0.0,0.0,0.0,0.0,0.0,0.0,0.0,0.0,0.0,0.0,0.0,0.0,0.0,19680.0,6.0,3484.0,18722.0,6.0,3494.0
22.368465781997656,0.0,0.0,0.0,0.0,0.0,0.0,0.0,0.0,0.0,0.0,0.0,0.0,0.0,19681.0,6.0,3504.0,18723.0,6.0,3517.0
22.489977699005976,0.0,0.0,0.0,0.0,0.0,0.0,0.0,0.0,0.0,0.0,0.0,0.0,0.0,19682.0,6.0,3524.0,18724.0,6.0,3537.0
22.490100560011342,0.0,0.0,0.0,0.0,0.0,0.0,0.0,0.0,0.0,0.0,0.0,0.0,0.0,19683.0,6.0,3544.0,18725.0,6.0,3557.0
22.490176235005492,0.0,0.0,0.0,0.0,0.0,0.0,0.0,0.0,0.0,0.0,0.0,0.0,0.0,19685.0,6.0,3584.0,18726.0,6.0,3587.0
22.490241815015906,0.0,0.0,0.0,0.0,0.0,0.0,0.0,0.0,0.0,0.0,0.0,0.0,0.0,19685.0,6.0,3584.0,18727.0,6.0,3594.0
22.490301090001594,0.0,0.0,0.0,0.0,0.0,0.0,0.0,0.0,0.0,0.0,0.0,0.0,0.0,19686.0,6.0,3604.0,18728.0,6.0,3617.0
22.490357729024254,0.0,0.0,0.0,0.0,0.0,0.0,0.0,0.0,0.0,0.0,0.0,0.0,0.0,19687.0,6.0,3624.0,18729.0,6.0,3637.0
22.50708819500869,0.0,0.0,0.0,0.0,0.0,0.0,0.0,0.0,0.0,0.0,0.0,0.0,0.0,19688.0,6.0,3644.0,18730.0,6.0,3657.0
22.535940248024417,0.0,0.0,0.0,0.0,0.0,0.0,0.0,0.0,0.0,0.0,0.0,0.0,0.0,19690.0,6.0,3684.0,18731.0,6.0,3687.0
22.543066993006505,0.0,0.0,0.0,0.0,0.0,0.0,0.0,0.0,0.0,0.0,0.0,0.0,0.0,19690.0,6.0,3684.0,18732.0,6.0,3694.0
22.57534754902008,0.0,0.0,0.0,0.0,0.0,0.0,0.0,0.0,0.0,0.0,0.0,0.0,0.0,19692.0,6.0,3724.0,18733.0,6.0,3727.0
22.582869671023218,0.0,0.0,0.0,0.0,0.0,0.0,0.0,0.0,0.0,0.0,0.0,0.0,0.0,19692.0,6.0,3724.0,18734.0,6.0,3734.0
22.711079841013998,0.0,0.0,0.0,0.0,0.0,0.0,0.0,0.0,0.0,0.0,0.0,0.0,0.0,19693.0,6.0,3744.0,18735.0,6.0,3757.0
22.711232923000352,0.0,0.0,0.0,0.0,0.0,0.0,0.0,0.0,0.0,0.0,0.0,0.0,0.0,19695.0,6.0,3784.0,18736.0,6.0,3787.0
22.711304627009667,0.0,0.0,0.0,0.0,0.0,0.0,0.0,0.0,0.0,0.0,0.0,0.0,0.0,19695.0,6.0,3784.0,18737.0,6.0,3794.0
22.71136837202357,0.0,0.0,0.0,0.0,0.0,0.0,0.0,0.0,0.0,0.0,0.0,0.0,0.0,19697.0,6.0,3824.0,18738.0,6.0,3827.0
22.71142772701569,0.0,0.0,0.0,0.0,0.0,0.0,0.0,0.0,0.0,0.0,0.0,0.0,0.0,19697.0,6.0,3824.0,18739.0,6.0,3835.0
22.71148536700639,0.0,0.0,0.0,0.0,0.0,0.0,0.0,0.0,0.0,0.0,0.0,0.0,0.0,19698.0,6.0,3844.0,18740.0,6.0,3856.0
22.73489218999748,0.0,0.0,0.0,0.0,0.0,0.0,0.0,0.0,0.0,0.0,0.0,0.0,0.0,19700.0,6.0,3884.0,18741.0,6.0,3887.0
22.741931256023236,0.0,0.0,0.0,0.0,0.0,0.0,0.0,0.0,0.0,0.0,0.0,0.0,0.0,19700.0,6.0,3884.0,18742.0,6.0,3894.0
22.77772654700675,0.0,0.0,0.0,0.0,0.0,0.0,0.0,0.0,0.0,0.0,0.0,0.0,0.0,19702.0,6.0,3924.0,18743.0,6.0,3928.0
22.78304422000656,0.0,0.0,0.0,0.0,0.0,0.0,0.0,0.0,0.0,0.0,0.0,0.0,0.0,19702.0,6.0,3924.0,18744.0,6.0,3935.0
22.811892046011053,0.0,0.0,0.0,0.0,0.0,0.0,0.0,0.0,0.0,0.0,0.0,0.0,0.0,19703.0,6.0,3944.0,18745.0,6.0,3957.0
22.931238914025016,0.0,0.0,0.0,0.0,0.0,0.0,0.0,0.0,0.0,0.0,0.0,0.0,0.0,19705.0,6.0,3984.0,18746.0,6.0,3987.0
22.931345844001044,0.0,0.0,0.0,0.0,0.0,0.0,0.0,0.0,0.0,0.0,0.0,0.0,0.0,19705.0,6.0,3984.0,18747.0,6.0,3995.0
22.931411533005303,0.0,0.0,0.0,0.0,0.0,0.0,0.0,0.0,0.0,0.0,0.0,0.0,0.0,19706.0,6.0,4004.0,18748.0,6.0,4017.0
22.931470406008884,0.0,0.0,0.0,0.0,0.0,0.0,0.0,0.0,0.0,0.0,0.0,0.0,0.0,19707.0,6.0,4024.0,18749.0,6.0,4037.0
22.931526141997892,0.0,0.0,0.0,0.0,0.0,0.0,0.0,0.0,0.0,0.0,0.0,0.0,0.0,19708.0,6.0,4044.0,18750.0,6.0,4057.0
22.93568786600372,0.0,0.0,0.0,0.0,0.0,0.0,0.0,0.0,0.0,0.0,0.0,0.0,0.0,19710.0,6.0,4084.0,18751.0,6.0,4087.0
22.942449889000272,0.0,0.0,0.0,0.0,0.0,0.0,0.0,0.0,0.0,0.0,0.0,0.0,0.0,19710.0,6.0,4084.0,18752.0,6.0,4094.0
22.975772419013083,0.0,0.0,0.0,0.0,0.0,0.0,0.0,0.0,0.0,0.0,0.0,0.0,0.0,19712.0,6.0,4124.0,18753.0,6.0,4127.0
22.983029726019595,0.0,0.0,0.0,0.0,0.0,0.0,0.0,0.0,0.0,0.0,0.0,0.0,0.0,19712.0,6.0,4124.0,18754.0,6.0,4134.0
23.005451877019368,0.0,0.0,0.0,0.0,0.0,0.0,0.0,0.0,0.0,0.0,0.0,0.0,0.0,19713.0,6.0,4144.0,18755.0,6.0,4157.0
23.036668580025434,0.0,0.0,0.0,0.0,0.0,0.0,0.0,0.0,0.0,0.0,0.0,0.0,0.0,19715.0,6.0,4184.0,18756.0,6.0,4187.0
23.15236880601151,0.0,0.0,0.0,0.0,0.0,0.0,0.0,0.0,0.0,0.0,0.0,0.0,0.0,19715.0,6.0,4184.0,18757.0,6.0,4194.0
23.15251367801102,0.0,0.0,0.0,0.0,0.0,0.0,0.0,0.0,0.0,0.0,0.0,0.0,0.0,19717.0,6.0,4224.0,18758.0,6.0,4227.0
23.1525806710124,0.0,0.0,0.0,0.0,0.0,0.0,0.0,0.0,0.0,0.0,0.0,0.0,0.0,19717.0,6.0,4224.0,18759.0,6.0,4234.0
23.15264647101867,0.0,0.0,0.0,0.0,0.0,0.0,0.0,0.0,0.0,0.0,0.0,0.0,0.0,19718.0,6.0,4244.0,18760.0,6.0,4257.0
23.15270482201595,0.0,0.0,0.0,0.0,0.0,0.0,0.0,0.0,0.0,0.0,0.0,0.0,0.0,19720.0,6.0,4284.0,18761.0,6.0,4287.0
23.152769630018156,0.0,0.0,0.0,0.0,0.0,0.0,0.0,0.0,0.0,0.0,0.0,0.0,0.0,19720.0,6.0,4284.0,18762.0,6.0,4294.0
23.17631291502039,0.0,0.0,0.0,0.0,0.0,0.0,0.0,0.0,0.0,0.0,0.0,0.0,0.0,19722.0,6.0,4324.0,18763.0,6.0,4327.0
23.18322468199767,0.0,0.0,0.0,0.0,0.0,0.0,0.0,0.0,0.0,0.0,0.0,0.0,0.0,19722.0,6.0,4324.0,18764.0,6.0,4334.0
23.206233949022135,0.0,0.0,0.0,0.0,0.0,0.0,0.0,0.0,0.0,0.0,0.0,0.0,0.0,19723.0,6.0,4344.0,18765.0,6.0,4357.0
23.23593616200378,0.0,0.0,0.0,0.0,0.0,0.0,0.0,0.0,0.0,0.0,0.0,0.0,0.0,19725.0,6.0,4384.0,18766.0,6.0,4387.0
23.242272380011855,0.0,0.0,0.0,0.0,0.0,0.0,0.0,0.0,0.0,0.0,0.0,0.0,0.0,19725.0,6.0,4384.0,18767.0,6.0,4394.0
23.373041106009623,0.0,0.0,0.0,0.0,0.0,0.0,0.0,0.0,0.0,0.0,0.0,0.0,0.0,19727.0,6.0,4424.0,18768.0,6.0,4427.0
23.373150151019217,0.0,0.0,0.0,0.0,0.0,0.0,0.0,0.0,0.0,0.0,0.0,0.0,0.0,19727.0,6.0,4424.0,18769.0,6.0,4434.0
23.37321430700831,0.0,0.0,0.0,0.0,0.0,0.0,0.0,0.0,0.0,0.0,0.0,0.0,0.0,19729.0,6.0,4464.0,18770.0,6.0,4467.0
23.373273100005463,0.0,0.0,0.0,0.0,0.0,0.0,0.0,0.0,0.0,0.0,0.0,0.0,0.0,19729.0,6.0,4464.0,18771.0,6.0,4479.0
23.373354937997647,0.0,0.0,0.0,0.0,0.0,0.0,0.0,0.0,0.0,0.0,0.0,0.0,0.0,19730.0,6.0,4484.0,18772.0,6.0,4498.0
23.3734326470003,0.0,0.0,0.0,0.0,0.0,0.0,0.0,0.0,0.0,0.0,0.0,0.0,0.0,19731.0,6.0,4504.0,18773.0,6.0,4517.0
23.399490773997968,0.0,0.0,0.0,0.0,0.0,0.0,0.0,0.0,0.0,0.0,0.0,0.0,0.0,19732.0,6.0,4524.0,18774.0,6.0,4537.0
23.40486072402564,0.0,0.0,0.0,0.0,0.0,0.0,0.0,0.0,0.0,0.0,0.0,0.0,0.0,19733.0,6.0,4544.0,18775.0,6.0,4557.0
23.43543105601566,0.0,0.0,0.0,0.0,0.0,0.0,0.0,0.0,0.0,0.0,0.0,0.0,0.0,19735.0,6.0,4584.0,18776.0,6.0,4587.0
23.443319295998663,0.0,0.0,0.0,0.0,0.0,0.0,0.0,0.0,0.0,0.0,0.0,0.0,0.0,19735.0,6.0,4584.0,18777.0,6.0,4594.0
23.475302131002536,0.0,0.0,0.0,0.0,0.0,0.0,0.0,0.0,0.0,0.0,0.0,0.0,0.0,19737.0,6.0,4624.0,18778.0,6.0,4627.0
23.59115137901972,0.0,0.0,0.0,0.0,0.0,0.0,0.0,0.0,0.0,0.0,0.0,0.0,0.0,19737.0,6.0,4624.0,18779.0,6.0,4634.0
23.591536726016784,0.0,0.0,0.0,0.0,0.0,0.0,0.0,0.0,0.0,0.0,0.0,0.0,0.0,19739.0,6.0,4664.0,18780.0,6.0,4667.0
23.603644701011945,0.0,0.0,0.0,0.0,0.0,0.0,0.0,0.0,0.0,0.0,0.0,0.0,0.0,19743.0,6.0,4744.0,18781.0,6.0,4755.0
23.6270439660002,0.0,0.0,0.0,0.0,0.0,0.0,0.0,0.0,0.0,0.0,0.0,0.0,0.0,19744.0,6.0,4764.0,18782.0,6.0,4777.0
23.651352050015703,0.0,0.0,0.0,0.0,0.0,0.0,0.0,0.0,0.0,0.0,0.0,0.0,0.0,19745.0,6.0,4784.0,18783.0,6.0,4796.0
23.665475507004885,0.0,0.0,0.0,0.0,0.0,0.0,0.0,0.0,0.0,0.0,0.0,0.0,0.0,19746.0,6.0,4804.0,18784.0,6.0,4817.0
23.686145423009293,0.0,0.0,0.0,0.0,0.0,0.0,0.0,0.0,0.0,0.0,0.0,0.0,0.0,19747.0,6.0,4824.0,18785.0,6.0,4837.0
23.7246784910094,0.0,0.0,0.0,0.0,0.0,0.0,0.0,0.0,0.0,0.0,0.0,0.0,0.0,19749.0,6.0,4864.0,18786.0,6.0,4867.0
23.724787495011697,0.0,0.0,0.0,0.0,0.0,0.0,0.0,0.0,0.0,0.0,0.0,0.0,0.0,19749.0,6.0,4864.0,18787.0,6.0,4874.0
23.812851377006155,0.0,0.0,0.0,0.0,0.0,0.0,0.0,0.0,0.0,0.0,0.0,0.0,0.0,19750.0,6.0,4884.0,18788.0,6.0,4897.0
23.813209551997716,0.0,0.0,0.0,0.0,0.0,0.0,0.0,0.0,0.0,0.0,0.0,0.0,0.0,19751.0,6.0,4904.0,18789.0,6.0,4917.0
23.81345897502615,0.0,0.0,0.0,0.0,0.0,0.0,0.0,0.0,0.0,0.0,0.0,0.0,0.0,19752.0,6.0,4924.0,18790.0,6.0,4937.0
23.8151509630261,0.0,0.0,0.0,0.0,0.0,0.0,0.0,0.0,0.0,0.0,0.0,0.0,0.0,19754.0,6.0,4964.0,18791.0,6.0,4967.0
23.823396236024564,0.0,0.0,0.0,0.0,0.0,0.0,0.0,0.0,0.0,0.0,0.0,0.0,0.0,19754.0,6.0,4964.0,18792.0,6.0,4974.0
23.85740359002375,0.0,0.0,0.0,0.0,0.0,0.0,0.0,0.0,0.0,0.0,0.0,0.0,0.0,19756.0,6.0,5004.0,18793.0,6.0,5007.0
23.8645865060098,0.0,0.0,0.0,0.0,0.0,0.0,0.0,0.0,0.0,0.0,0.0,0.0,0.0,19756.0,6.0,5004.0,18794.0,6.0,5014.0
23.886694927001372,0.0,0.0,0.0,0.0,0.0,0.0,0.0,0.0,0.0,0.0,0.0,0.0,0.0,19757.0,6.0,5024.0,18795.0,6.0,5037.0
23.91587248002179,0.0,0.0,0.0,0.0,0.0,0.0,0.0,0.0,0.0,0.0,0.0,0.0,0.0,19759.0,6.0,5064.0,18796.0,6.0,5067.0
23.982689462020062,0.0,0.0,0.0,0.0,0.0,0.0,0.0,0.0,0.0,0.0,0.0,0.0,0.0,19759.0,6.0,5064.0,18797.0,6.0,5074.0
23.98280446001445,0.0,0.0,0.0,0.0,0.0,0.0,0.0,0.0,0.0,0.0,0.0,0.0,0.0,19760.0,6.0,5084.0,18798.0,6.0,5097.0
23.982917243003612,0.0,0.0,0.0,0.0,0.0,0.0,0.0,0.0,0.0,0.0,0.0,0.0,0.0,19761.0,6.0,5104.0,18799.0,6.0,5117.0
24.037095364998095,0.0,0.0,0.0,0.0,0.0,0.0,0.0,0.0,0.0,0.0,0.0,0.0,0.0,19762.0,6.0,5124.0,18800.0,6.0,5137.0
24.03744413802633,0.0,0.0,0.0,0.0,0.0,0.0,0.0,0.0,0.0,0.0,0.0,0.0,0.0,19764.0,6.0,5164.0,18801.0,6.0,5167.0
24.037686363008106,0.0,0.0,0.0,0.0,0.0,0.0,0.0,0.0,0.0,0.0,0.0,0.0,0.0,19764.0,6.0,5164.0,18802.0,6.0,5174.0
24.046145914006047,0.0,0.0,0.0,0.0,0.0,0.0,0.0,0.0,0.0,0.0,0.0,0.0,0.0,19765.0,6.0,5184.0,18803.0,6.0,5197.0
24.075849358021514,0.0,0.0,0.0,0.0,0.0,0.0,0.0,0.0,0.0,0.0,0.0,0.0,0.0,19766.0,6.0,5204.0,18804.0,6.0,5217.0
24.087984380021226,0.0,0.0,0.0,0.0,0.0,0.0,0.0,0.0,0.0,0.0,0.0,0.0,0.0,19767.0,6.0,5224.0,18805.0,6.0,5237.0
24.11587505301577,0.0,0.0,0.0,0.0,0.0,0.0,0.0,0.0,0.0,0.0,0.0,0.0,0.0,19769.0,6.0,5264.0,18806.0,6.0,5267.0
24.13293237000471,0.0,0.0,0.0,0.0,0.0,0.0,0.0,0.0,0.0,0.0,0.0,0.0,0.0,19769.0,6.0,5264.0,18807.0,6.0,5274.0
24.251750925002852,0.0,0.0,0.0,0.0,0.0,0.0,0.0,0.0,0.0,0.0,0.0,0.0,0.0,19770.0,6.0,5284.0,18808.0,6.0,5297.0
24.25187583701336,0.0,0.0,0.0,0.0,0.0,0.0,0.0,0.0,0.0,0.0,0.0,0.0,0.0,19771.0,6.0,5304.0,18809.0,6.0,5317.0
24.251946307020262,0.0,0.0,0.0,0.0,0.0,0.0,0.0,0.0,0.0,0.0,0.0,0.0,0.0,19772.0,6.0,5324.0,18810.0,6.0,5337.0
24.25200473802397,0.0,0.0,0.0,0.0,0.0,0.0,0.0,0.0,0.0,0.0,0.0,0.0,0.0,19774.0,6.0,5364.0,18811.0,6.0,5367.0
24.25205917999847,0.0,0.0,0.0,0.0,0.0,0.0,0.0,0.0,0.0,0.0,0.0,0.0,0.0,19774.0,6.0,5364.0,18812.0,6.0,5374.0
24.252114163013175,0.0,0.0,0.0,0.0,0.0,0.0,0.0,0.0,0.0,0.0,0.0,0.0,0.0,19775.0,6.0,5384.0,18813.0,6.0,5397.0
24.26617790601449,0.0,0.0,0.0,0.0,0.0,0.0,0.0,0.0,0.0,0.0,0.0,0.0,0.0,19776.0,6.0,5404.0,18814.0,6.0,5417.0
24.305485145014245,0.0,0.0,0.0,0.0,0.0,0.0,0.0,0.0,0.0,0.0,0.0,0.0,0.0,19778.0,6.0,5444.0,18815.0,6.0,5456.0
24.337268504023086,0.0,0.0,0.0,0.0,0.0,0.0,0.0,0.0,0.0,0.0,0.0,0.0,0.0,19780.0,6.0,5484.0,18816.0,6.0,5487.0
24.345107355999062,0.0,0.0,0.0,0.0,0.0,0.0,0.0,0.0,0.0,0.0,0.0,0.0,0.0,19780.0,6.0,5484.0,18817.0,6.0,5494.0
24.418962244002614,0.0,0.0,0.0,0.0,0.0,0.0,0.0,0.0,0.0,0.0,0.0,0.0,0.0,19781.0,6.0,5504.0,18818.0,6.0,5517.0
24.41923411100288,0.0,0.0,0.0,0.0,0.0,0.0,0.0,0.0,0.0,0.0,0.0,0.0,0.0,19782.0,6.0,5524.0,18819.0,6.0,5537.0
24.419307658012258,0.0,0.0,0.0,0.0,0.0,0.0,0.0,0.0,0.0,0.0,0.0,0.0,0.0,19783.0,6.0,5544.0,18820.0,6.0,5557.0
24.472085026005516,0.0,0.0,0.0,0.0,0.0,0.0,0.0,0.0,0.0,0.0,0.0,0.0,0.0,19785.0,6.0,5584.0,18821.0,6.0,5587.0
24.47225401402102,0.0,0.0,0.0,0.0,0.0,0.0,0.0,0.0,0.0,0.0,0.0,0.0,0.0,19785.0,6.0,5584.0,18822.0,6.0,5594.0
24.47716418901109,0.0,0.0,0.0,0.0,0.0,0.0,0.0,0.0,0.0,0.0,0.0,0.0,0.0,19787.0,6.0,5624.0,18823.0,6.0,5627.0
24.484280394011876,0.0,0.0,0.0,0.0,0.0,0.0,0.0,0.0,0.0,0.0,0.0,0.0,0.0,19787.0,6.0,5624.0,18824.0,6.0,5634.0
24.51797431000159,0.0,0.0,0.0,0.0,0.0,0.0,0.0,0.0,0.0,0.0,0.0,0.0,0.0,19789.0,6.0,5664.0,18825.0,6.0,5667.0
24.527696693025064,0.0,0.0,0.0,0.0,0.0,0.0,0.0,0.0,0.0,0.0,0.0,0.0,0.0,19789.0,6.0,5664.0,18826.0,6.0,5679.0
24.549725442018826,0.0,0.0,0.0,0.0,0.0,0.0,0.0,0.0,0.0,0.0,0.0,0.0,0.0,19790.0,6.0,5684.0,18827.0,6.0,5697.0
24.568493361002766,0.0,0.0,0.0,0.0,0.0,0.0,0.0,0.0,0.0,0.0,0.0,0.0,0.0,19791.0,6.0,5704.0,18828.0,6.0,5717.0
24.66405239101732,0.0,0.0,0.0,0.0,0.0,0.0,0.0,0.0,0.0,0.0,0.0,0.0,0.0,19792.0,6.0,5724.0,18829.0,6.0,5737.0
24.664431291021174,0.0,0.0,0.0,0.0,0.0,0.0,0.0,0.0,0.0,0.0,0.0,0.0,0.0,19793.0,6.0,5744.0,18830.0,6.0,5757.0
24.696666453004582,0.0,0.0,0.0,0.0,0.0,0.0,0.0,0.0,0.0,0.0,0.0,0.0,0.0,19795.0,6.0,5784.0,18831.0,6.0,5787.0
24.696841554017738,0.0,0.0,0.0,0.0,0.0,0.0,0.0,0.0,0.0,0.0,0.0,0.0,0.0,19795.0,6.0,5784.0,18832.0,6.0,5794.0
24.69690871500643,0.0,0.0,0.0,0.0,0.0,0.0,0.0,0.0,0.0,0.0,0.0,0.0,0.0,19796.0,6.0,5804.0,18833.0,6.0,5817.0
24.69696556200506,0.0,0.0,0.0,0.0,0.0,0.0,0.0,0.0,0.0,0.0,0.0,0.0,0.0,19797.0,6.0,5824.0,18834.0,6.0,5837.0
24.70744779400411,0.0,0.0,0.0,0.0,0.0,0.0,0.0,0.0,0.0,0.0,0.0,0.0,0.0,19798.0,6.0,5844.0,18835.0,6.0,5857.0
24.736853225011146,0.0,0.0,0.0,0.0,0.0,0.0,0.0,0.0,0.0,0.0,0.0,0.0,0.0,19800.0,6.0,5884.0,18836.0,6.0,5887.0
24.743408489011927,0.0,0.0,0.0,0.0,0.0,0.0,0.0,0.0,0.0,0.0,0.0,0.0,0.0,19800.0,6.0,5884.0,18837.0,6.0,5894.0
24.766694423014997,0.0,0.0,0.0,0.0,0.0,0.0,0.0,0.0,0.0,0.0,0.0,0.0,0.0,19801.0,6.0,5904.0,18838.0,6.0,5917.0
24.78612878001877,0.0,0.0,0.0,0.0,0.0,0.0,0.0,0.0,0.0,0.0,0.0,0.0,0.0,19802.0,6.0,5924.0,18839.0,6.0,5937.0
24.894444347999524,0.0,0.0,0.0,0.0,0.0,0.0,0.0,0.0,0.0,0.0,0.0,0.0,0.0,19803.0,6.0,5944.0,18840.0,6.0,5957.0
24.894587552000303,0.0,0.0,0.0,0.0,0.0,0.0,0.0,0.0,0.0,0.0,0.0,0.0,0.0,19805.0,6.0,5984.0,18841.0,6.0,5987.0
24.89465570601169,0.0,0.0,0.0,0.0,0.0,0.0,0.0,0.0,0.0,0.0,0.0,0.0,0.0,19805.0,6.0,5984.0,18842.0,6.0,5996.0
24.894714738009498,0.0,0.0,0.0,0.0,0.0,0.0,0.0,0.0,0.0,0.0,0.0,0.0,0.0,19806.0,6.0,6004.0,18843.0,6.0,6017.0
24.894781609007623,0.0,0.0,0.0,0.0,0.0,0.0,0.0,0.0,0.0,0.0,0.0,0.0,0.0,19807.0,6.0,6024.0,18844.0,6.0,6037.0
24.91204025701154,0.0,0.0,0.0,0.0,0.0,0.0,0.0,0.0,0.0,0.0,0.0,0.0,0.0,19808.0,6.0,6044.0,18845.0,6.0,6057.0
24.937704968004255,0.0,0.0,0.0,0.0,0.0,0.0,0.0,0.0,0.0,0.0,0.0,0.0,0.0,19810.0,6.0,6084.0,18846.0,6.0,6087.0
24.944505251012743,0.0,0.0,0.0,0.0,0.0,0.0,0.0,0.0,0.0,0.0,0.0,0.0,0.0,19810.0,6.0,6084.0,18847.0,6.0,6094.0
24.978376204002416,0.0,0.0,0.0,0.0,0.0,0.0,0.0,0.0,0.0,0.0,0.0,0.0,0.0,19812.0,6.0,6124.0,18848.0,6.0,6127.0
24.983994075009832,0.0,0.0,0.0,0.0,0.0,0.0,0.0,0.0,0.0,0.0,0.0,0.0,0.0,19812.0,6.0,6124.0,18849.0,6.0,6134.0
25.016249897016678,0.0,0.0,0.0,0.0,0.0,0.0,0.0,0.0,0.0,0.0,0.0,0.0,0.0,19814.0,6.0,6164.0,18850.0,6.0,6167.0
25.138096895010676,0.0,0.0,0.0,0.0,0.0,0.0,0.0,0.0,0.0,0.0,0.0,0.0,0.0,19814.0,6.0,6164.0,18851.0,6.0,6179.0
25.138235338003142,0.0,0.0,0.0,0.0,0.0,0.0,0.0,0.0,0.0,0.0,0.0,0.0,0.0,19815.0,6.0,6184.0,18852.0,6.0,6197.0
25.138302800012752,0.0,0.0,0.0,0.0,0.0,0.0,0.0,0.0,0.0,0.0,0.0,0.0,0.0,19816.0,6.0,6204.0,18853.0,6.0,6217.0
25.138364338024985,0.0,0.0,0.0,0.0,0.0,0.0,0.0,0.0,0.0,0.0,0.0,0.0,0.0,19817.0,6.0,6224.0,18854.0,6.0,6237.0
25.138421345007373,0.0,0.0,0.0,0.0,0.0,0.0,0.0,0.0,0.0,0.0,0.0,0.0,0.0,19818.0,6.0,6244.0,18855.0,6.0,6257.0
25.138502841000445,0.0,0.0,0.0,0.0,0.0,0.0,0.0,0.0,0.0,0.0,0.0,0.0,0.0,19820.0,6.0,6284.0,18856.0,6.0,6287.0
25.14364181100973,0.0,0.0,0.0,0.0,0.0,0.0,0.0,0.0,0.0,0.0,0.0,0.0,0.0,19820.0,6.0,6284.0,18857.0,6.0,6294.0
25.16773470400949,0.0,0.0,0.0,0.0,0.0,0.0,0.0,0.0,0.0,0.0,0.0,0.0,0.0,19821.0,6.0,6304.0,18858.0,6.0,6317.0
25.187322990997927,0.0,0.0,0.0,0.0,0.0,0.0,0.0,0.0,0.0,0.0,0.0,0.0,0.0,19822.0,6.0,6324.0,18859.0,6.0,6337.0
25.208624376013177,0.0,0.0,0.0,0.0,0.0,0.0,0.0,0.0,0.0,0.0,0.0,0.0,0.0,19823.0,6.0,6344.0,18860.0,6.0,6357.0
25.6499088370183,0.0,0.0,0.0,0.0,0.0,0.0,0.0,0.0,0.0,0.0,0.0,0.0,0.0,19828.0,6.0,6444.0,18865.0,6.0,6457.0
25.65009843200096,0.0,0.0,0.0,0.0,0.0,0.0,0.0,0.0,0.0,0.0,0.0,0.0,0.0,19830.0,6.0,6484.0,18867.0,6.0,6495.0
25.650177412026096,0.0,0.0,0.0,0.0,0.0,0.0,0.0,0.0,0.0,0.0,0.0,0.0,0.0,19831.0,6.0,6504.0,18868.0,6.0,6517.0
25.650238218018785,0.0,0.0,0.0,0.0,0.0,0.0,0.0,0.0,0.0,0.0,0.0,0.0,0.0,19832.0,6.0,6524.0,18869.0,6.0,6537.0
25.650293801998487,0.0,0.0,0.0,0.0,0.0,0.0,0.0,0.0,0.0,0.0,0.0,0.0,0.0,19833.0,6.0,6544.0,18870.0,6.0,6557.0
25.650378485006513,0.0,0.0,0.0,0.0,0.0,0.0,0.0,0.0,0.0,0.0,0.0,0.0,0.0,19835.0,6.0,6584.0,18871.0,6.0,6587.0
25.65047174002393,0.0,0.0,0.0,0.0,0.0,0.0,0.0,0.0,0.0,0.0,0.0,0.0,0.0,19835.0,6.0,6584.0,18872.0,6.0,6595.0
25.65053495101165,0.0,0.0,0.0,0.0,0.0,0.0,0.0,0.0,0.0,0.0,0.0,0.0,0.0,19836.0,6.0,6604.0,18873.0,6.0,6617.0
25.650588490010705,0.0,0.0,0.0,0.0,0.0,0.0,0.0,0.0,0.0,0.0,0.0,0.0,0.0,19837.0,6.0,6624.0,18874.0,6.0,6637.0
25.650640235020546,0.0,0.0,0.0,0.0,0.0,0.0,0.0,0.0,0.0,0.0,0.0,0.0,0.0,19838.0,6.0,6644.0,18875.0,6.0,6657.0
25.65069267101353,0.0,0.0,0.0,0.0,0.0,0.0,0.0,0.0,0.0,0.0,0.0,0.0,0.0,19840.0,6.0,6684.0,18876.0,6.0,6687.0
25.661431351007195,0.0,0.0,0.0,0.0,0.0,0.0,0.0,0.0,0.0,0.0,0.0,0.0,0.0,19846.0,6.0,6804.0,18877.0,6.0,6811.0
25.69730036801775,0.0,0.0,0.0,0.0,0.0,0.0,0.0,0.0,0.0,0.0,0.0,0.0,0.0,19848.0,6.0,6844.0,18878.0,6.0,6847.0
25.70326691502123,0.0,0.0,0.0,0.0,0.0,0.0,0.0,0.0,0.0,0.0,0.0,0.0,0.0,19848.0,6.0,6844.0,18879.0,6.0,6854.0
25.73803400801262,0.0,0.0,0.0,0.0,0.0,0.0,0.0,0.0,0.0,0.0,0.0,0.0,0.0,19850.0,6.0,6884.0,18880.0,6.0,6887.0
25.749396106024506,0.0,0.0,0.0,0.0,0.0,0.0,0.0,0.0,0.0,0.0,0.0,0.0,0.0,19850.0,6.0,6884.0,18881.0,6.0,6899.0
26.159801159024937,0.0,0.0,0.0,0.0,0.0,0.0,0.0,0.0,0.0,0.0,0.0,0.0,0.0,19851.0,6.0,6904.0,18882.0,6.0,6917.0
26.15997792201233,0.0,0.0,0.0,0.0,0.0,0.0,0.0,0.0,0.0,0.0,0.0,0.0,0.0,19852.0,6.0,6924.0,18883.0,6.0,6937.0
26.160051889019087,0.0,0.0,0.0,0.0,0.0,0.0,0.0,0.0,0.0,0.0,0.0,0.0,0.0,19853.0,6.0,6944.0,18884.0,6.0,6957.0
26.16011390701169,0.0,0.0,0.0,0.0,0.0,0.0,0.0,0.0,0.0,0.0,0.0,0.0,0.0,19854.0,6.0,6964.0,18885.0,6.0,6977.0
26.160171976021957,0.0,0.0,0.0,0.0,0.0,0.0,0.0,0.0,0.0,0.0,0.0,0.0,0.0,19856.0,6.0,7004.0,18886.0,6.0,7007.0
26.16022485200665,0.0,0.0,0.0,0.0,0.0,0.0,0.0,0.0,0.0,0.0,0.0,0.0,0.0,19856.0,6.0,7004.0,18887.0,6.0,7014.0
26.160278941999422,0.0,0.0,0.0,0.0,0.0,0.0,0.0,0.0,0.0,0.0,0.0,0.0,0.0,19857.0,6.0,7024.0,18888.0,6.0,7037.0
26.160333973006345,0.0,0.0,0.0,0.0,0.0,0.0,0.0,0.0,0.0,0.0,0.0,0.0,0.0,19858.0,6.0,7044.0,18889.0,6.0,7057.0
26.161525973002426,0.0,0.0,0.0,0.0,0.0,0.0,0.0,0.0,0.0,0.0,0.0,0.0,0.0,19859.0,6.0,7064.0,18890.0,6.0,7077.0
26.161585105000995,0.0,0.0,0.0,0.0,0.0,0.0,0.0,0.0,0.0,0.0,0.0,0.0,0.0,19861.0,6.0,7104.0,18891.0,6.0,7107.0
26.161640758014983,0.0,0.0,0.0,0.0,0.0,0.0,0.0,0.0,0.0,0.0,0.0,0.0,0.0,19861.0,6.0,7104.0,18892.0,6.0,7115.0
26.16169633102254,0.0,0.0,0.0,0.0,0.0,0.0,0.0,0.0,0.0,0.0,0.0,0.0,0.0,19862.0,6.0,7124.0,18893.0,6.0,7137.0
26.161750300001586,0.0,0.0,0.0,0.0,0.0,0.0,0.0,0.0,0.0,0.0,0.0,0.0,0.0,19863.0,6.0,7144.0,18894.0,6.0,7157.0
26.161803798022447,0.0,0.0,0.0,0.0,0.0,0.0,0.0,0.0,0.0,0.0,0.0,0.0,0.0,19864.0,6.0,7164.0,18895.0,6.0,7177.0
26.161855932004983,0.0,0.0,0.0,0.0,0.0,0.0,0.0,0.0,0.0,0.0,0.0,0.0,0.0,19866.0,6.0,7204.0,18896.0,6.0,7207.0
26.161907466012053,0.0,0.0,0.0,0.0,0.0,0.0,0.0,0.0,0.0,0.0,0.0,0.0,0.0,19866.0,6.0,7204.0,18897.0,6.0,7214.0
26.161959460005164,0.0,0.0,0.0,0.0,0.0,0.0,0.0,0.0,0.0,0.0,0.0,0.0,0.0,19868.0,6.0,7243.0,18898.0,6.0,7247.0
26.162011434003944,0.0,0.0,0.0,0.0,0.0,0.0,0.0,0.0,0.0,0.0,0.0,0.0,0.0,19868.0,6.0,7243.0,18899.0,6.0,7254.0
26.16206182501628,0.0,0.0,0.0,0.0,0.0,0.0,0.0,0.0,0.0,0.0,0.0,0.0,0.0,19870.0,6.0,7284.0,18900.0,6.0,7287.0
26.162113869009772,0.0,0.0,0.0,0.0,0.0,0.0,0.0,0.0,0.0,0.0,0.0,0.0,0.0,19870.0,6.0,7284.0,18901.0,6.0,7299.0
26.166609368025092,0.0,0.0,0.0,0.0,0.0,0.0,0.0,0.0,0.0,0.0,0.0,0.0,0.0,19871.0,6.0,7304.0,18902.0,6.0,7317.0
26.18812655902002,0.0,0.0,0.0,0.0,0.0,0.0,0.0,0.0,0.0,0.0,0.0,0.0,0.0,19872.0,6.0,7324.0,18903.0,6.0,7337.0
26.209730807022424,0.0,0.0,0.0,0.0,0.0,0.0,0.0,0.0,0.0,0.0,0.0,0.0,0.0,19873.0,6.0,7344.0,18904.0,6.0,7356.0
26.226913614023943,0.0,0.0,0.0,0.0,0.0,0.0,0.0,0.0,0.0,0.0,0.0,0.0,0.0,19874.0,6.0,7364.0,18905.0,6.0,7377.0
26.26009229902411,0.0,0.0,0.0,0.0,0.0,0.0,0.0,0.0,0.0,0.0,0.0,0.0,0.0,19876.0,6.0,7404.0,18906.0,6.0,7407.0
26.667775272013387,0.0,0.0,0.0,0.0,0.0,0.0,0.0,0.0,0.0,0.0,0.0,0.0,0.0,19886.0,6.0,7604.0,18916.0,6.0,7607.0
26.667987307009753,0.0,0.0,0.0,0.0,0.0,0.0,0.0,0.0,0.0,0.0,0.0,0.0,0.0,19887.0,6.0,7624.0,18918.0,6.0,7637.0
26.668086132005556,0.0,0.0,0.0,0.0,0.0,0.0,0.0,0.0,0.0,0.0,0.0,0.0,0.0,19888.0,6.0,7644.0,18919.0,6.0,7657.0
26.66815032501472,0.0,0.0,0.0,0.0,0.0,0.0,0.0,0.0,0.0,0.0,0.0,0.0,0.0,19889.0,6.0,7664.0,18920.0,6.0,7677.0
26.668214738019742,0.0,0.0,0.0,0.0,0.0,0.0,0.0,0.0,0.0,0.0,0.0,0.0,0.0,19891.0,6.0,7704.0,18921.0,6.0,7707.0
26.668273859017063,0.0,0.0,0.0,0.0,0.0,0.0,0.0,0.0,0.0,0.0,0.0,0.0,0.0,19891.0,6.0,7704.0,18922.0,6.0,7715.0
26.66834036700311,0.0,0.0,0.0,0.0,0.0,0.0,0.0,0.0,0.0,0.0,0.0,0.0,0.0,19892.0,6.0,7724.0,18923.0,6.0,7737.0
26.668392962019425,0.0,0.0,0.0,0.0,0.0,0.0,0.0,0.0,0.0,0.0,0.0,0.0,0.0,19893.0,6.0,7744.0,18924.0,6.0,7757.0
26.668445928022265,0.0,0.0,0.0,0.0,0.0,0.0,0.0,0.0,0.0,0.0,0.0,0.0,0.0,19894.0,6.0,7764.0,18925.0,6.0,7777.0
26.668499305000296,0.0,0.0,0.0,0.0,0.0,0.0,0.0,0.0,0.0,0.0,0.0,0.0,0.0,19896.0,6.0,7804.0,18926.0,6.0,7807.0
26.668555399024626,0.0,0.0,0.0,0.0,0.0,0.0,0.0,0.0,0.0,0.0,0.0,0.0,0.0,19896.0,6.0,7804.0,18927.0,6.0,7814.0
26.686800477007637,0.0,0.0,0.0,0.0,0.0,0.0,0.0,0.0,0.0,0.0,0.0,0.0,0.0,19897.0,6.0,7824.0,18928.0,6.0,7837.0
26.70628576600575,0.0,0.0,0.0,0.0,0.0,0.0,0.0,0.0,0.0,0.0,0.0,0.0,0.0,19898.0,6.0,7844.0,18929.0,6.0,7856.0
26.727058459015097,0.0,0.0,0.0,0.0,0.0,0.0,0.0,0.0,0.0,0.0,0.0,0.0,0.0,19899.0,6.0,7864.0,18930.0,6.0,7877.0
26.757130651007174,0.0,0.0,0.0,0.0,0.0,0.0,0.0,0.0,0.0,0.0,0.0,0.0,0.0,19901.0,6.0,7904.0,18931.0,6.0,7907.0
26.76458277500933,0.0,0.0,0.0,0.0,0.0,0.0,0.0,0.0,0.0,0.0,0.0,0.0,0.0,19901.0,6.0,7904.0,18932.0,6.0,7914.0
27.174810835014796,0.0,0.0,0.0,0.0,0.0,0.0,0.0,0.0,0.0,0.0,0.0,0.0,0.0,19902.0,6.0,7924.0,18933.0,6.0,7937.0
27.175066263007466,0.0,0.0,0.0,0.0,0.0,0.0,0.0,0.0,0.0,0.0,0.0,0.0,0.0,19903.0,6.0,7944.0,18934.0,6.0,7957.0
27.17513430499821,0.0,0.0,0.0,0.0,0.0,0.0,0.0,0.0,0.0,0.0,0.0,0.0,0.0,19904.0,6.0,7964.0,18935.0,6.0,7977.0
27.175195681018522,0.0,0.0,0.0,0.0,0.0,0.0,0.0,0.0,0.0,0.0,0.0,0.0,0.0,19906.0,6.0,8004.0,18936.0,6.0,8007.0
27.17525161401136,0.0,0.0,0.0,0.0,0.0,0.0,0.0,0.0,0.0,0.0,0.0,0.0,0.0,19906.0,6.0,8004.0,18937.0,6.0,8014.0
27.175306875025854,0.0,0.0,0.0,0.0,0.0,0.0,0.0,0.0,0.0,0.0,0.0,0.0,0.0,19907.0,6.0,8024.0,18938.0,6.0,8037.0
27.17536199701135,0.0,0.0,0.0,0.0,0.0,0.0,0.0,0.0,0.0,0.0,0.0,0.0,0.0,19908.0,6.0,8044.0,18939.0,6.0,8057.0
27.175417409016518,0.0,0.0,0.0,0.0,0.0,0.0,0.0,0.0,0.0,0.0,0.0,0.0,0.0,19909.0,6.0,8064.0,18940.0,6.0,8077.0
27.175471547001507,0.0,0.0,0.0,0.0,0.0,0.0,0.0,0.0,0.0,0.0,0.0,0.0,0.0,19911.0,6.0,8104.0,18941.0,6.0,8107.0
27.175525755999843,0.0,0.0,0.0,0.0,0.0,0.0,0.0,0.0,0.0,0.0,0.0,0.0,0.0,19911.0,6.0,8104.0,18942.0,6.0,8114.0
27.175578722002683,0.0,0.0,0.0,0.0,0.0,0.0,0.0,0.0,0.0,0.0,0.0,0.0,0.0,19912.0,6.0,8124.0,18943.0,6.0,8137.0
27.175642534013605,0.0,0.0,0.0,0.0,0.0,0.0,0.0,0.0,0.0,0.0,0.0,0.0,0.0,19913.0,6.0,8144.0,18944.0,6.0,8157.0
27.175696463003987,0.0,0.0,0.0,0.0,0.0,0.0,0.0,0.0,0.0,0.0,0.0,0.0,0.0,19914.0,6.0,8164.0,18945.0,6.0,8177.0
27.175752606010064,0.0,0.0,0.0,0.0,0.0,0.0,0.0,0.0,0.0,0.0,0.0,0.0,0.0,19916.0,6.0,8204.0,18946.0,6.0,8207.0
27.17580796801485,0.0,0.0,0.0,0.0,0.0,0.0,0.0,0.0,0.0,0.0,0.0,0.0,0.0,19916.0,6.0,8204.0,18947.0,6.0,8215.0
27.17585897902609,0.0,0.0,0.0,0.0,0.0,0.0,0.0,0.0,0.0,0.0,0.0,0.0,0.0,19917.0,6.0,8224.0,18948.0,6.0,8237.0
27.175909650017275,0.0,0.0,0.0,0.0,0.0,0.0,0.0,0.0,0.0,0.0,0.0,0.0,0.0,19918.0,6.0,8244.0,18949.0,6.0,8257.0
27.17598756501684,0.0,0.0,0.0,0.0,0.0,0.0,0.0,0.0,0.0,0.0,0.0,0.0,0.0,19919.0,6.0,8264.0,18950.0,6.0,8277.0
27.176342490012757,0.0,0.0,0.0,0.0,0.0,0.0,0.0,0.0,0.0,0.0,0.0,0.0,0.0,19921.0,6.0,8304.0,18951.0,6.0,8307.0
27.17641229601577,0.0,0.0,0.0,0.0,0.0,0.0,0.0,0.0,0.0,0.0,0.0,0.0,0.0,19921.0,6.0,8304.0,18952.0,6.0,8314.0
27.197911538009066,0.0,0.0,0.0,0.0,0.0,0.0,0.0,0.0,0.0,0.0,0.0,0.0,0.0,19923.0,6.0,8344.0,18953.0,6.0,8347.0
27.204546938010026,0.0,0.0,0.0,0.0,0.0,0.0,0.0,0.0,0.0,0.0,0.0,0.0,0.0,19923.0,6.0,8344.0,18954.0,6.0,8354.0
27.2372433260025,0.0,0.0,0.0,0.0,0.0,0.0,0.0,0.0,0.0,0.0,0.0,0.0,0.0,19925.0,6.0,8384.0,18955.0,6.0,8387.0
27.24858883500565,0.0,0.0,0.0,0.0,0.0,0.0,0.0,0.0,0.0,0.0,0.0,0.0,0.0,19925.0,6.0,8384.0,18956.0,6.0,8398.0
27.26749296102207,0.0,0.0,0.0,0.0,0.0,0.0,0.0,0.0,0.0,0.0,0.0,0.0,0.0,19926.0,6.0,8404.0,18957.0,6.0,8417.0
27.6903250470059,0.0,0.0,0.0,0.0,0.0,0.0,0.0,0.0,0.0,0.0,0.0,0.0,0.0,19927.0,6.0,8424.0,18958.0,6.0,8437.0
27.69058447200223,0.0,0.0,0.0,0.0,0.0,0.0,0.0,0.0,0.0,0.0,0.0,0.0,0.0,19929.0,6.0,8464.0,18960.0,6.0,8477.0
27.690674986020895,0.0,0.0,0.0,0.0,0.0,0.0,0.0,0.0,0.0,0.0,0.0,0.0,0.0,19931.0,6.0,8504.0,18961.0,6.0,8507.0
27.69073972001206,0.0,0.0,0.0,0.0,0.0,0.0,0.0,0.0,0.0,0.0,0.0,0.0,0.0,19931.0,6.0,8504.0,18962.0,6.0,8514.0
27.69080795100308,0.0,0.0,0.0,0.0,0.0,0.0,0.0,0.0,0.0,0.0,0.0,0.0,0.0,19932.0,6.0,8524.0,18963.0,6.0,8537.0
27.690875190019142,0.0,0.0,0.0,0.0,0.0,0.0,0.0,0.0,0.0,0.0,0.0,0.0,0.0,19933.0,6.0,8544.0,18964.0,6.0,8557.0
27.690929148026044,0.0,0.0,0.0,0.0,0.0,0.0,0.0,0.0,0.0,0.0,0.0,0.0,0.0,19934.0,6.0,8564.0,18965.0,6.0,8577.0
27.690981051011477,0.0,0.0,0.0,0.0,0.0,0.0,0.0,0.0,0.0,0.0,0.0,0.0,0.0,19936.0,6.0,8604.0,18966.0,6.0,8607.0
27.69103316499968,0.0,0.0,0.0,0.0,0.0,0.0,0.0,0.0,0.0,0.0,0.0,0.0,0.0,19936.0,6.0,8604.0,18967.0,6.0,8614.0
27.691085940023186,0.0,0.0,0.0,0.0,0.0,0.0,0.0,0.0,0.0,0.0,0.0,0.0,0.0,19937.0,6.0,8624.0,18968.0,6.0,8637.0
27.691139557020506,0.0,0.0,0.0,0.0,0.0,0.0,0.0,0.0,0.0,0.0,0.0,0.0,0.0,19938.0,6.0,8644.0,18969.0,6.0,8657.0
27.691191921010613,0.0,0.0,0.0,0.0,0.0,0.0,0.0,0.0,0.0,0.0,0.0,0.0,0.0,19939.0,6.0,8664.0,18970.0,6.0,8677.0
27.705536473018583,0.0,0.0,0.0,0.0,0.0,0.0,0.0,0.0,0.0,0.0,0.0,0.0,0.0,19948.0,6.0,8844.0,18971.0,6.0,8855.0
27.729168517020298,0.0,0.0,0.0,0.0,0.0,0.0,0.0,0.0,0.0,0.0,0.0,0.0,0.0,19949.0,6.0,8864.0,18972.0,6.0,8877.0
27.749481909006136,0.0,0.0,0.0,0.0,0.0,0.0,0.0,0.0,0.0,0.0,0.0,0.0,0.0,19950.0,6.0,8884.0,18973.0,6.0,8897.0
27.767833553021774,0.0,0.0,0.0,0.0,0.0,0.0,0.0,0.0,0.0,0.0,0.0,0.0,0.0,19951.0,6.0,8904.0,18974.0,6.0,8917.0
27.787574970017886,0.0,0.0,0.0,0.0,0.0,0.0,0.0,0.0,0.0,0.0,0.0,0.0,0.0,19952.0,6.0,8924.0,18975.0,6.0,8937.0
28.20288908202201,0.0,0.0,0.0,0.0,0.0,0.0,0.0,0.0,0.0,0.0,0.0,0.0,0.0,19954.0,6.0,8964.0,18976.0,6.0,8967.0
28.203301930014277,0.0,0.0,0.0,0.0,0.0,0.0,0.0,0.0,0.0,0.0,0.0,0.0,0.0,19954.0,6.0,8964.0,18977.0,6.0,8974.0
28.20337756900699,0.0,0.0,0.0,0.0,0.0,0.0,0.0,0.0,0.0,0.0,0.0,0.0,0.0,19955.0,6.0,8984.0,18978.0,6.0,8998.0
28.20344087900594,0.0,0.0,0.0,0.0,0.0,0.0,0.0,0.0,0.0,0.0,0.0,0.0,0.0,19956.0,6.0,9004.0,18979.0,6.0,9017.0
28.20350358801079,0.0,0.0,0.0,0.0,0.0,0.0,0.0,0.0,0.0,0.0,0.0,0.0,0.0,19957.0,6.0,9024.0,18980.0,6.0,9037.0
28.203562858019723,0.0,0.0,0.0,0.0,0.0,0.0,0.0,0.0,0.0,0.0,0.0,0.0,0.0,19959.0,6.0,9064.0,18981.0,6.0,9067.0
28.20362065502559,0.0,0.0,0.0,0.0,0.0,0.0,0.0,0.0,0.0,0.0,0.0,0.0,0.0,19959.0,6.0,9064.0,18982.0,6.0,9075.0
28.20367656700546,0.0,0.0,0.0,0.0,0.0,0.0,0.0,0.0,0.0,0.0,0.0,0.0,0.0,19960.0,6.0,9084.0,18983.0,6.0,9097.0
28.20373212901177,0.0,0.0,0.0,0.0,0.0,0.0,0.0,0.0,0.0,0.0,0.0,0.0,0.0,19961.0,6.0,9104.0,18984.0,6.0,9117.0
28.203794747008942,0.0,0.0,0.0,0.0,0.0,0.0,0.0,0.0,0.0,0.0,0.0,0.0,0.0,19962.0,6.0,9124.0,18985.0,6.0,9137.0
28.20385253400309,0.0,0.0,0.0,0.0,0.0,0.0,0.0,0.0,0.0,0.0,0.0,0.0,0.0,19964.0,6.0,9164.0,18986.0,6.0,9167.0
28.203907654999057,0.0,0.0,0.0,0.0,0.0,0.0,0.0,0.0,0.0,0.0,0.0,0.0,0.0,19964.0,6.0,9164.0,18987.0,6.0,9175.0
28.203994681010954,0.0,0.0,0.0,0.0,0.0,0.0,0.0,0.0,0.0,0.0,0.0,0.0,0.0,19965.0,6.0,9184.0,18988.0,6.0,9197.0
28.204073839006014,0.0,0.0,0.0,0.0,0.0,0.0,0.0,0.0,0.0,0.0,0.0,0.0,0.0,19966.0,6.0,9204.0,18989.0,6.0,9217.0
28.204162128007738,0.0,0.0,0.0,0.0,0.0,0.0,0.0,0.0,0.0,0.0,0.0,0.0,0.0,19967.0,6.0,9224.0,18990.0,6.0,9237.0
28.2043565880158,0.0,0.0,0.0,0.0,0.0,0.0,0.0,0.0,0.0,0.0,0.0,0.0,0.0,19969.0,6.0,9264.0,18991.0,6.0,9267.0
28.204433651000727,0.0,0.0,0.0,0.0,0.0,0.0,0.0,0.0,0.0,0.0,0.0,0.0,0.0,19969.0,6.0,9264.0,18992.0,6.0,9274.0
28.204583376005758,0.0,0.0,0.0,0.0,0.0,0.0,0.0,0.0,0.0,0.0,0.0,0.0,0.0,19970.0,6.0,9284.0,18993.0,6.0,9297.0
28.20468660001643,0.0,0.0,0.0,0.0,0.0,0.0,0.0,0.0,0.0,0.0,0.0,0.0,0.0,19971.0,6.0,9304.0,18994.0,6.0,9317.0
28.20476717100246,0.0,0.0,0.0,0.0,0.0,0.0,0.0,0.0,0.0,0.0,0.0,0.0,0.0,19972.0,6.0,9324.0,18995.0,6.0,9337.0
28.21808922101627,0.0,0.0,0.0,0.0,0.0,0.0,0.0,0.0,0.0,0.0,0.0,0.0,0.0,19974.0,6.0,9364.0,18996.0,6.0,9367.0
28.22497222700622,0.0,0.0,0.0,0.0,0.0,0.0,0.0,0.0,0.0,0.0,0.0,0.0,0.0,19974.0,6.0,9364.0,18997.0,6.0,9374.0
28.24755129602272,0.0,0.0,0.0,0.0,0.0,0.0,0.0,0.0,0.0,0.0,0.0,0.0,0.0,19975.0,6.0,9384.0,18998.0,6.0,9397.0
28.27802564902231,0.0,0.0,0.0,0.0,0.0,0.0,0.0,0.0,0.0,0.0,0.0,0.0,0.0,19976.0,6.0,9404.0,18999.0,6.0,9417.0
28.288021529006073,0.0,0.0,0.0,0.0,0.0,0.0,0.0,0.0,0.0,0.0,0.0,0.0,0.0,19977.0,6.0,9424.0,19000.0,6.0,9437.0
28.707557472022017,0.0,0.0,0.0,0.0,0.0,0.0,0.0,0.0,0.0,0.0,0.0,0.0,0.0,19989.0,6.0,9664.0,19011.0,6.0,9667.0
28.70798534102505,0.0,0.0,0.0,0.0,0.0,0.0,0.0,0.0,0.0,0.0,0.0,0.0,0.0,19989.0,6.0,9664.0,19012.0,6.0,9674.0
28.708245264017023,0.0,0.0,0.0,0.0,0.0,0.0,0.0,0.0,0.0,0.0,0.0,0.0,0.0,19990.0,6.0,9684.0,19013.0,6.0,9697.0
28.708471657999326,0.0,0.0,0.0,0.0,0.0,0.0,0.0,0.0,0.0,0.0,0.0,0.0,0.0,19991.0,6.0,9704.0,19014.0,6.0,9717.0
28.708593355026096,0.0,0.0,0.0,0.0,0.0,0.0,0.0,0.0,0.0,0.0,0.0,0.0,0.0,19992.0,6.0,9724.0,19015.0,6.0,9737.0
28.708647332008695,0.0,0.0,0.0,0.0,0.0,0.0,0.0,0.0,0.0,0.0,0.0,0.0,0.0,19994.0,6.0,9764.0,19016.0,6.0,9767.0
28.708701039024163,0.0,0.0,0.0,0.0,0.0,0.0,0.0,0.0,0.0,0.0,0.0,0.0,0.0,19994.0,6.0,9764.0,19017.0,6.0,9774.0
28.708756931009702,0.0,0.0,0.0,0.0,0.0,0.0,0.0,0.0,0.0,0.0,0.0,0.0,0.0,19996.0,6.0,9804.0,19018.0,6.0,9807.0
28.70881136902608,0.0,0.0,0.0,0.0,0.0,0.0,0.0,0.0,0.0,0.0,0.0,0.0,0.0,19996.0,6.0,9804.0,19019.0,6.0,9814.0
28.70886406401405,0.0,0.0,0.0,0.0,0.0,0.0,0.0,0.0,0.0,0.0,0.0,0.0,0.0,19998.0,6.0,9844.0,19020.0,6.0,9847.0
28.709412157011684,0.0,0.0,0.0,0.0,0.0,0.0,0.0,0.0,0.0,0.0,0.0,0.0,0.0,19998.0,6.0,9844.0,19021.0,6.0,9858.0
28.729058852011804,0.0,0.0,0.0,0.0,0.0,0.0,0.0,0.0,0.0,0.0,0.0,0.0,0.0,19999.0,6.0,9864.0,19022.0,6.0,9877.0
28.74947733801673,0.0,0.0,0.0,0.0,0.0,0.0,0.0,0.0,0.0,0.0,0.0,0.0,0.0,20000.0,6.0,9884.0,19023.0,6.0,9897.0
28.772899589006556,0.0,0.0,0.0,0.0,0.0,0.0,0.0,0.0,0.0,0.0,0.0,0.0,0.0,20001.0,6.0,9904.0,19024.0,6.0,9916.0
28.787900215014815,0.0,0.0,0.0,0.0,0.0,0.0,0.0,0.0,0.0,0.0,0.0,0.0,0.0,20002.0,6.0,9924.0,19025.0,6.0,9937.0
29.215396971005248,0.0,0.0,0.0,0.0,0.0,0.0,0.0,0.0,0.0,0.0,0.0,0.0,0.0,20004.0,6.0,9964.0,19026.0,6.0,9967.0
29.21552266701474,0.0,0.0,0.0,0.0,0.0,0.0,0.0,0.0,0.0,0.0,0.0,0.0,0.0,20004.0,6.0,9964.0,19027.0,6.0,9975.0
29.2155918799981,0.0,0.0,0.0,0.0,0.0,0.0,0.0,0.0,0.0,0.0,0.0,0.0,0.0,20005.0,6.0,9984.0,19028.0,6.0,9998.0
29.215654969011666,0.0,0.0,0.0,0.0,0.0,0.0,0.0,0.0,0.0,0.0,0.0,0.0,0.0,20006.0,6.0,10004.0,19029.0,6.0,10017.0
29.215712856006576,0.0,0.0,0.0,0.0,0.0,0.0,0.0,0.0,0.0,0.0,0.0,0.0,0.0,20007.0,6.0,10024.0,19030.0,6.0,10037.0
29.21577539300779,0.0,0.0,0.0,0.0,0.0,0.0,0.0,0.0,0.0,0.0,0.0,0.0,0.0,20009.0,6.0,10064.0,19031.0,6.0,10067.0
29.215835525013972,0.0,0.0,0.0,0.0,0.0,0.0,0.0,0.0,0.0,0.0,0.0,0.0,0.0,20009.0,6.0,10064.0,19032.0,6.0,10074.0
29.2158908060228,0.0,0.0,0.0,0.0,0.0,0.0,0.0,0.0,0.0,0.0,0.0,0.0,0.0,20011.0,6.0,10104.0,19033.0,6.0,10107.0
29.215945916017517,0.0,0.0,0.0,0.0,0.0,0.0,0.0,0.0,0.0,0.0,0.0,0.0,0.0,20011.0,6.0,10104.0,19034.0,6.0,10114.0
29.21602867101319,0.0,0.0,0.0,0.0,0.0,0.0,0.0,0.0,0.0,0.0,0.0,0.0,0.0,20012.0,6.0,10124.0,19035.0,6.0,10137.0
29.216226457006996,0.0,0.0,0.0,0.0,0.0,0.0,0.0,0.0,0.0,0.0,0.0,0.0,0.0,20014.0,6.0,10164.0,19036.0,6.0,10167.0
29.216309082024964,0.0,0.0,0.0,0.0,0.0,0.0,0.0,0.0,0.0,0.0,0.0,0.0,0.0,20014.0,6.0,10164.0,19037.0,6.0,10174.0
29.216389302018797,0.0,0.0,0.0,0.0,0.0,0.0,0.0,0.0,0.0,0.0,0.0,0.0,0.0,20016.0,6.0,10203.0,19038.0,6.0,10207.0
29.216467957012355,0.0,0.0,0.0,0.0,0.0,0.0,0.0,0.0,0.0,0.0,0.0,0.0,0.0,20016.0,6.0,10203.0,19039.0,6.0,10214.0
29.21656675002305,0.0,0.0,0.0,0.0,0.0,0.0,0.0,0.0,0.0,0.0,0.0,0.0,0.0,20018.0,6.0,10244.0,19040.0,6.0,10247.0
29.216739227005746,0.0,0.0,0.0,0.0,0.0,0.0,0.0,0.0,0.0,0.0,0.0,0.0,0.0,20018.0,6.0,10244.0,19041.0,6.0,10259.0
29.21683178501553,0.0,0.0,0.0,0.0,0.0,0.0,0.0,0.0,0.0,0.0,0.0,0.0,0.0,20019.0,6.0,10264.0,19042.0,6.0,10277.0
29.216913338023005,0.0,0.0,0.0,0.0,0.0,0.0,0.0,0.0,0.0,0.0,0.0,0.0,0.0,20020.0,6.0,10284.0,19043.0,6.0,10297.0
29.217147390008904,0.0,0.0,0.0,0.0,0.0,0.0,0.0,0.0,0.0,0.0,0.0,0.0,0.0,20021.0,6.0,10304.0,19044.0,6.0,10317.0
29.217228331021033,0.0,0.0,0.0,0.0,0.0,0.0,0.0,0.0,0.0,0.0,0.0,0.0,0.0,20022.0,6.0,10324.0,19045.0,6.0,10337.0
29.219253749004565,0.0,0.0,0.0,0.0,0.0,0.0,0.0,0.0,0.0,0.0,0.0,0.0,0.0,20024.0,6.0,10364.0,19046.0,6.0,10367.0
29.22458537601051,0.0,0.0,0.0,0.0,0.0,0.0,0.0,0.0,0.0,0.0,0.0,0.0,0.0,20024.0,6.0,10364.0,19047.0,6.0,10373.0
29.259886829007883,0.0,0.0,0.0,0.0,0.0,0.0,0.0,0.0,0.0,0.0,0.0,0.0,0.0,20026.0,6.0,10404.0,19048.0,6.0,10407.0
29.27020238302066,0.0,0.0,0.0,0.0,0.0,0.0,0.0,0.0,0.0,0.0,0.0,0.0,0.0,20026.0,6.0,10404.0,19049.0,6.0,10414.0
29.289596673013875,0.0,0.0,0.0,0.0,0.0,0.0,0.0,0.0,0.0,0.0,0.0,0.0,0.0,20027.0,6.0,10424.0,19050.0,6.0,10437.0
29.318386777013075,0.0,0.0,0.0,0.0,0.0,0.0,0.0,0.0,0.0,0.0,0.0,0.0,0.0,20029.0,6.0,10464.0,19051.0,6.0,10467.0
29.72995571800857,0.0,0.0,0.0,0.0,0.0,0.0,0.0,0.0,0.0,0.0,0.0,0.0,0.0,20029.0,6.0,10464.0,19052.0,6.0,10474.0
29.73019423801452,0.0,0.0,0.0,0.0,0.0,0.0,0.0,0.0,0.0,0.0,0.0,0.0,0.0,20030.0,6.0,10484.0,19053.0,6.0,10498.0
29.73027268302394,0.0,0.0,0.0,0.0,0.0,0.0,0.0,0.0,0.0,0.0,0.0,0.0,0.0,20031.0,6.0,10504.0,19054.0,6.0,10517.0
29.730340061010793,0.0,0.0,0.0,0.0,0.0,0.0,0.0,0.0,0.0,0.0,0.0,0.0,0.0,20032.0,6.0,10524.0,19055.0,6.0,10537.0
29.73040179599775,0.0,0.0,0.0,0.0,0.0,0.0,0.0,0.0,0.0,0.0,0.0,0.0,0.0,20034.0,6.0,10564.0,19056.0,6.0,10567.0
29.730462879000697,0.0,0.0,0.0,0.0,0.0,0.0,0.0,0.0,0.0,0.0,0.0,0.0,0.0,20034.0,6.0,10564.0,19057.0,6.0,10574.0
29.73052388301585,0.0,0.0,0.0,0.0,0.0,0.0,0.0,0.0,0.0,0.0,0.0,0.0,0.0,20035.0,6.0,10584.0,19058.0,6.0,10597.0
29.730579383001896,0.0,0.0,0.0,0.0,0.0,0.0,0.0,0.0,0.0,0.0,0.0,0.0,0.0,20036.0,6.0,10604.0,19059.0,6.0,10617.0
29.730640577006852,0.0,0.0,0.0,0.0,0.0,0.0,0.0,0.0,0.0,0.0,0.0,0.0,0.0,20037.0,6.0,10624.0,19060.0,6.0,10637.0
29.730694504018174,0.0,0.0,0.0,0.0,0.0,0.0,0.0,0.0,0.0,0.0,0.0,0.0,0.0,20039.0,6.0,10664.0,19061.0,6.0,10667.0
29.73075184802292,0.0,0.0,0.0,0.0,0.0,0.0,0.0,0.0,0.0,0.0,0.0,0.0,0.0,20039.0,6.0,10664.0,19062.0,6.0,10675.0
29.730808632011758,0.0,0.0,0.0,0.0,0.0,0.0,0.0,0.0,0.0,0.0,0.0,0.0,0.0,20040.0,6.0,10684.0,19063.0,6.0,10697.0
29.74492539901985,0.0,0.0,0.0,0.0,0.0,0.0,0.0,0.0,0.0,0.0,0.0,0.0,0.0,20050.0,6.0,10884.0,19064.0,6.0,10890.0
29.74971849101712,0.0,0.0,0.0,0.0,0.0,0.0,0.0,0.0,0.0,0.0,0.0,0.0,0.0,20050.0,6.0,10884.0,19065.0,6.0,10898.0
29.78103017801186,0.0,0.0,0.0,0.0,0.0,0.0,0.0,0.0,0.0,0.0,0.0,0.0,0.0,20052.0,6.0,10924.0,19066.0,6.0,10928.0
29.787298636016203,0.0,0.0,0.0,0.0,0.0,0.0,0.0,0.0,0.0,0.0,0.0,0.0,0.0,20052.0,6.0,10924.0,19067.0,6.0,10935.0
29.80993205300183,0.0,0.0,0.0,0.0,0.0,0.0,0.0,0.0,0.0,0.0,0.0,0.0,0.0,20053.0,6.0,10944.0,19068.0,6.0,10957.0
29.82879546302138,0.0,0.0,0.0,0.0,0.0,0.0,0.0,0.0,0.0,0.0,0.0,0.0,0.0,20054.0,6.0,10964.0,19069.0,6.0,10977.0
30.150514826003928,0.0,0.0,0.0,0.0,0.0,0.0,0.0,0.0,0.0,0.0,0.0,0.0,0.0,20055.0,6.0,10984.0,19070.0,6.0,10998.0
30.150946300011128,0.0,0.0,0.0,0.0,0.0,0.0,0.0,0.0,0.0,0.0,0.0,0.0,0.0,20057.0,6.0,11024.0,19071.0,6.0,11027.0
30.151015553012257,0.0,0.0,0.0,0.0,0.0,0.0,0.0,0.0,0.0,0.0,0.0,0.0,0.0,20057.0,6.0,11024.0,19072.0,6.0,11035.0
30.151075453002704,0.0,0.0,0.0,0.0,0.0,0.0,0.0,0.0,0.0,0.0,0.0,0.0,0.0,20058.0,6.0,11044.0,19073.0,6.0,11057.0
30.151135986001464,0.0,0.0,0.0,0.0,0.0,0.0,0.0,0.0,0.0,0.0,0.0,0.0,0.0,20059.0,6.0,11064.0,19074.0,6.0,11077.0
30.151192298013484,0.0,0.0,0.0,0.0,0.0,0.0,0.0,0.0,0.0,0.0,0.0,0.0,0.0,20060.0,6.0,11084.0,19075.0,6.0,11097.0
30.15124637502595,0.0,0.0,0.0,0.0,0.0,0.0,0.0,0.0,0.0,0.0,0.0,0.0,0.0,20062.0,6.0,11124.0,19076.0,6.0,11127.0
30.151299390010536,0.0,0.0,0.0,0.0,0.0,0.0,0.0,0.0,0.0,0.0,0.0,0.0,0.0,20062.0,6.0,11124.0,19077.0,6.0,11135.0
30.151351642009104,0.0,0.0,0.0,0.0,0.0,0.0,0.0,0.0,0.0,0.0,0.0,0.0,0.0,20063.0,6.0,11144.0,19078.0,6.0,11157.0
30.151411754020955,0.0,0.0,0.0,0.0,0.0,0.0,0.0,0.0,0.0,0.0,0.0,0.0,0.0,20064.0,6.0,11164.0,19079.0,6.0,11177.0
30.151465921022464,0.0,0.0,0.0,0.0,0.0,0.0,0.0,0.0,0.0,0.0,0.0,0.0,0.0,20065.0,6.0,11184.0,19080.0,6.0,11197.0
30.151517251011683,0.0,0.0,0.0,0.0,0.0,0.0,0.0,0.0,0.0,0.0,0.0,0.0,0.0,20067.0,6.0,11224.0,19081.0,6.0,11227.0
30.15156872200896,0.0,0.0,0.0,0.0,0.0,0.0,0.0,0.0,0.0,0.0,0.0,0.0,0.0,20067.0,6.0,11224.0,19082.0,6.0,11234.0
30.151619912998285,0.0,0.0,0.0,0.0,0.0,0.0,0.0,0.0,0.0,0.0,0.0,0.0,0.0,20068.0,6.0,11244.0,19083.0,6.0,11257.0
30.15167176502291,0.0,0.0,0.0,0.0,0.0,0.0,0.0,0.0,0.0,0.0,0.0,0.0,0.0,20069.0,6.0,11264.0,19084.0,6.0,11277.0
30.151723847026005,0.0,0.0,0.0,0.0,0.0,0.0,0.0,0.0,0.0,0.0,0.0,0.0,0.0,20070.0,6.0,11284.0,19085.0,6.0,11297.0
30.18192704001558,0.0,0.0,0.0,0.0,0.0,0.0,0.0,0.0,0.0,0.0,0.0,0.0,0.0,20072.0,6.0,11324.0,19086.0,6.0,11327.0
30.188143756007776,0.0,0.0,0.0,0.0,0.0,0.0,0.0,0.0,0.0,0.0,0.0,0.0,0.0,20072.0,6.0,11324.0,19087.0,6.0,11334.0
30.219660836010007,0.0,0.0,0.0,0.0,0.0,0.0,0.0,0.0,0.0,0.0,0.0,0.0,0.0,20074.0,6.0,11364.0,19088.0,6.0,11367.0
30.225605443003587,0.0,0.0,0.0,0.0,0.0,0.0,0.0,0.0,0.0,0.0,0.0,0.0,0.0,20074.0,6.0,11364.0,19089.0,6.0,11374.0
30.25907877800637,0.0,0.0,0.0,0.0,0.0,0.0,0.0,0.0,0.0,0.0,0.0,0.0,0.0,20076.0,6.0,11404.0,19090.0,6.0,11407.0
30.27185629901942,0.0,0.0,0.0,0.0,0.0,0.0,0.0,0.0,0.0,0.0,0.0,0.0,0.0,20076.0,6.0,11404.0,19091.0,6.0,11419.0
30.294196197006386,0.0,0.0,0.0,0.0,0.0,0.0,0.0,0.0,0.0,0.0,0.0,0.0,0.0,20077.0,6.0,11424.0,19092.0,6.0,11437.0
30.309032596007455,0.0,0.0,0.0,0.0,0.0,0.0,0.0,0.0,0.0,0.0,0.0,0.0,0.0,20078.0,6.0,11444.0,19093.0,6.0,11457.0
30.32893906600657,0.0,0.0,0.0,0.0,0.0,0.0,0.0,0.0,0.0,0.0,0.0,0.0,0.0,20079.0,6.0,11464.0,19094.0,6.0,11477.0
30.3523805020086,0.0,0.0,0.0,0.0,0.0,0.0,0.0,0.0,0.0,0.0,0.0,0.0,0.0,20080.0,6.0,11484.0,19095.0,6.0,11498.0
30.37927281600423,0.0,0.0,0.0,0.0,0.0,0.0,0.0,0.0,0.0,0.0,0.0,0.0,0.0,20082.0,6.0,11524.0,19096.0,6.0,11527.0
30.389432035008213,0.0,0.0,0.0,0.0,0.0,0.0,0.0,0.0,0.0,0.0,0.0,0.0,0.0,20082.0,6.0,11524.0,19097.0,6.0,11534.0
30.419575497013284,0.0,0.0,0.0,0.0,0.0,0.0,0.0,0.0,0.0,0.0,0.0,0.0,0.0,20084.0,6.0,11564.0,19098.0,6.0,11567.0
30.426708867016714,0.0,0.0,0.0,0.0,0.0,0.0,0.0,0.0,0.0,0.0,0.0,0.0,0.0,20084.0,6.0,11564.0,19099.0,6.0,11574.0
30.462070278998,0.0,0.0,0.0,0.0,0.0,0.0,0.0,0.0,0.0,0.0,0.0,0.0,0.0,20086.0,6.0,11603.0,19100.0,6.0,11607.0
30.47295036201831,0.0,0.0,0.0,0.0,0.0,0.0,0.0,0.0,0.0,0.0,0.0,0.0,0.0,20086.0,6.0,11603.0,19101.0,6.0,11619.0
30.51335270801792,0.0,0.0,0.0,0.0,0.0,0.0,0.0,0.0,0.0,0.0,0.0,0.0,0.0,20087.0,6.0,11624.0,19102.0,6.0,11636.0
30.567807370010996,0.0,0.0,0.0,0.0,0.0,0.0,0.0,0.0,0.0,0.0,0.0,0.0,0.0,20088.0,6.0,11644.0,19103.0,6.0,11657.0
30.56793497002218,0.0,0.0,0.0,0.0,0.0,0.0,0.0,0.0,0.0,0.0,0.0,0.0,0.0,20089.0,6.0,11664.0,19104.0,6.0,11677.0
30.568192825012375,0.0,0.0,0.0,0.0,0.0,0.0,0.0,0.0,0.0,0.0,0.0,0.0,0.0,20090.0,6.0,11684.0,19105.0,6.0,11697.0
30.61095578802633,0.0,0.0,0.0,0.0,0.0,0.0,0.0,0.0,0.0,0.0,0.0,0.0,0.0,20092.0,6.0,11724.0,19106.0,6.0,11727.0
30.611060193012236,0.0,0.0,0.0,0.0,0.0,0.0,0.0,0.0,0.0,0.0,0.0,0.0,0.0,20092.0,6.0,11724.0,19107.0,6.0,11734.0
30.61113163101254,0.0,0.0,0.0,0.0,0.0,0.0,0.0,0.0,0.0,0.0,0.0,0.0,0.0,20093.0,6.0,11744.0,19108.0,6.0,11757.0
30.62968511201325,0.0,0.0,0.0,0.0,0.0,0.0,0.0,0.0,0.0,0.0,0.0,0.0,0.0,20094.0,6.0,11764.0,19109.0,6.0,11777.0
30.660495973017532,0.0,0.0,0.0,0.0,0.0,0.0,0.0,0.0,0.0,0.0,0.0,0.0,0.0,20095.0,6.0,11784.0,19110.0,6.0,11797.0
30.68009043901111,0.0,0.0,0.0,0.0,0.0,0.0,0.0,0.0,0.0,0.0,0.0,0.0,0.0,20097.0,6.0,11824.0,19111.0,6.0,11827.0
30.687279386009322,0.0,0.0,0.0,0.0,0.0,0.0,0.0,0.0,0.0,0.0,0.0,0.0,0.0,20097.0,6.0,11824.0,19112.0,6.0,11834.0
30.709314524021465,0.0,0.0,0.0,0.0,0.0,0.0,0.0,0.0,0.0,0.0,0.0,0.0,0.0,20098.0,6.0,11844.0,19113.0,6.0,11857.0
30.828533246007282,0.0,0.0,0.0,0.0,0.0,0.0,0.0,0.0,0.0,0.0,0.0,0.0,0.0,20099.0,6.0,11864.0,19114.0,6.0,11877.0
30.828705099003855,0.0,0.0,0.0,0.0,0.0,0.0,0.0,0.0,0.0,0.0,0.0,0.0,0.0,20100.0,6.0,11884.0,19115.0,6.0,11897.0
30.8287817480159,0.0,0.0,0.0,0.0,0.0,0.0,0.0,0.0,0.0,0.0,0.0,0.0,0.0,20102.0,6.0,11924.0,19116.0,6.0,11927.0
30.828844435018254,0.0,0.0,0.0,0.0,0.0,0.0,0.0,0.0,0.0,0.0,0.0,0.0,0.0,20102.0,6.0,11924.0,19117.0,6.0,11934.0
30.82891322602518,0.0,0.0,0.0,0.0,0.0,0.0,0.0,0.0,0.0,0.0,0.0,0.0,0.0,20103.0,6.0,11944.0,19118.0,6.0,11957.0
30.830191337008728,0.0,0.0,0.0,0.0,0.0,0.0,0.0,0.0,0.0,0.0,0.0,0.0,0.0,20104.0,6.0,11964.0,19119.0,6.0,11977.0
30.851680657011457,0.0,0.0,0.0,0.0,0.0,0.0,0.0,0.0,0.0,0.0,0.0,0.0,0.0,20105.0,6.0,11984.0,19120.0,6.0,11998.0
30.880430351011455,0.0,0.0,0.0,0.0,0.0,0.0,0.0,0.0,0.0,0.0,0.0,0.0,0.0,20107.0,6.0,12024.0,19121.0,6.0,12027.0
30.8872345170239,0.0,0.0,0.0,0.0,0.0,0.0,0.0,0.0,0.0,0.0,0.0,0.0,0.0,20107.0,6.0,12024.0,19122.0,6.0,12034.0
30.91027819502051,0.0,0.0,0.0,0.0,0.0,0.0,0.0,0.0,0.0,0.0,0.0,0.0,0.0,20108.0,6.0,12044.0,19123.0,6.0,12057.0
30.930489051999757,0.0,0.0,0.0,0.0,0.0,0.0,0.0,0.0,0.0,0.0,0.0,0.0,0.0,20109.0,6.0,12064.0,19124.0,6.0,12077.0
30.990705770003842,0.0,0.0,0.0,0.0,0.0,0.0,0.0,0.0,0.0,0.0,0.0,0.0,0.0,20110.0,6.0,12084.0,19125.0,6.0,12097.0
30.99102675099857,0.0,0.0,0.0,0.0,0.0,0.0,0.0,0.0,0.0,0.0,0.0,0.0,0.0,20112.0,6.0,12124.0,19126.0,6.0,12127.0
30.991092956013745,0.0,0.0,0.0,0.0,0.0,0.0,0.0,0.0,0.0,0.0,0.0,0.0,0.0,20112.0,6.0,12124.0,19127.0,6.0,12134.0
31.04757534401142,0.0,0.0,0.0,0.0,0.0,0.0,0.0,0.0,0.0,0.0,0.0,0.0,0.0,20113.0,6.0,12144.0,19128.0,6.0,12157.0
31.047683126002084,0.0,0.0,0.0,0.0,0.0,0.0,0.0,0.0,0.0,0.0,0.0,0.0,0.0,20114.0,6.0,12164.0,19129.0,6.0,12177.0
31.050145419023465,0.0,0.0,0.0,0.0,0.0,0.0,0.0,0.0,0.0,0.0,0.0,0.0,0.0,20115.0,6.0,12184.0,19130.0,6.0,12197.0
31.079677424015244,0.0,0.0,0.0,0.0,0.0,0.0,0.0,0.0,0.0,0.0,0.0,0.0,0.0,20117.0,6.0,12224.0,19131.0,6.0,12227.0
31.088296248024562,0.0,0.0,0.0,0.0,0.0,0.0,0.0,0.0,0.0,0.0,0.0,0.0,0.0,20117.0,6.0,12224.0,19132.0,6.0,12234.0
31.111943669005996,0.0,0.0,0.0,0.0,0.0,0.0,0.0,0.0,0.0,0.0,0.0,0.0,0.0,20118.0,6.0,12244.0,19133.0,6.0,12257.0
31.130521935003344,0.0,0.0,0.0,0.0,0.0,0.0,0.0,0.0,0.0,0.0,0.0,0.0,0.0,20119.0,6.0,12264.0,19134.0,6.0,12277.0
31.149576726020314,0.0,0.0,0.0,0.0,0.0,0.0,0.0,0.0,0.0,0.0,0.0,0.0,0.0,20120.0,6.0,12284.0,19135.0,6.0,12297.0
31.270213167008478,0.0,0.0,0.0,0.0,0.0,0.0,0.0,0.0,0.0,0.0,0.0,0.0,0.0,20122.0,6.0,12324.0,19136.0,6.0,12327.0
31.270544042024994,0.0,0.0,0.0,0.0,0.0,0.0,0.0,0.0,0.0,0.0,0.0,0.0,0.0,20122.0,6.0,12324.0,19137.0,6.0,12334.0
31.27061007602606,0.0,0.0,0.0,0.0,0.0,0.0,0.0,0.0,0.0,0.0,0.0,0.0,0.0,20124.0,6.0,12364.0,19138.0,6.0,12367.0
31.27066928500426,0.0,0.0,0.0,0.0,0.0,0.0,0.0,0.0,0.0,0.0,0.0,0.0,0.0,20124.0,6.0,12364.0,19139.0,6.0,12374.0
31.27072528601275,0.0,0.0,0.0,0.0,0.0,0.0,0.0,0.0,0.0,0.0,0.0,0.0,0.0,20126.0,6.0,12404.0,19140.0,6.0,12407.0
31.273622367007192,0.0,0.0,0.0,0.0,0.0,0.0,0.0,0.0,0.0,0.0,0.0,0.0,0.0,20126.0,6.0,12404.0,19141.0,6.0,12418.0
31.289570126013132,0.0,0.0,0.0,0.0,0.0,0.0,0.0,0.0,0.0,0.0,0.0,0.0,0.0,20127.0,6.0,12424.0,19142.0,6.0,12437.0
31.31081852101488,0.0,0.0,0.0,0.0,0.0,0.0,0.0,0.0,0.0,0.0,0.0,0.0,0.0,20128.0,6.0,12444.0,19143.0,6.0,12457.0
31.331889171007788,0.0,0.0,0.0,0.0,0.0,0.0,0.0,0.0,0.0,0.0,0.0,0.0,0.0,20129.0,6.0,12464.0,19144.0,6.0,12476.0
31.351854492997518,0.0,0.0,0.0,0.0,0.0,0.0,0.0,0.0,0.0,0.0,0.0,0.0,0.0,20130.0,6.0,12484.0,19145.0,6.0,12498.0
31.461032544000773,0.0,0.0,0.0,0.0,0.0,0.0,0.0,0.0,0.0,0.0,0.0,0.0,0.0,20132.0,6.0,12524.0,19146.0,6.0,12528.0
31.461142572021345,0.0,0.0,0.0,0.0,0.0,0.0,0.0,0.0,0.0,0.0,0.0,0.0,0.0,20132.0,6.0,12524.0,19147.0,6.0,12535.0
31.46121041002334,0.0,0.0,0.0,0.0,0.0,0.0,0.0,0.0,0.0,0.0,0.0,0.0,0.0,20133.0,6.0,12544.0,19148.0,6.0,12557.0
31.461271153006237,0.0,0.0,0.0,0.0,0.0,0.0,0.0,0.0,0.0,0.0,0.0,0.0,0.0,20134.0,6.0,12564.0,19149.0,6.0,12577.0
31.461329008016037,0.0,0.0,0.0,0.0,0.0,0.0,0.0,0.0,0.0,0.0,0.0,0.0,0.0,20135.0,6.0,12584.0,19150.0,6.0,12597.0
31.487790736020543,0.0,0.0,0.0,0.0,0.0,0.0,0.0,0.0,0.0,0.0,0.0,0.0,0.0,20137.0,6.0,12624.0,19151.0,6.0,12627.0
31.488127194024855,0.0,0.0,0.0,0.0,0.0,0.0,0.0,0.0,0.0,0.0,0.0,0.0,0.0,20137.0,6.0,12624.0,19152.0,6.0,12635.0
31.509811149007874,0.0,0.0,0.0,0.0,0.0,0.0,0.0,0.0,0.0,0.0,0.0,0.0,0.0,20138.0,6.0,12644.0,19153.0,6.0,12657.0
31.5295260050043,0.0,0.0,0.0,0.0,0.0,0.0,0.0,0.0,0.0,0.0,0.0,0.0,0.0,20139.0,6.0,12664.0,19154.0,6.0,12677.0
31.549188469012734,0.0,0.0,0.0,0.0,0.0,0.0,0.0,0.0,0.0,0.0,0.0,0.0,0.0,20140.0,6.0,12684.0,19155.0,6.0,12697.0
31.56949142101803,0.0,0.0,0.0,0.0,0.0,0.0,0.0,0.0,0.0,0.0,0.0,0.0,0.0,20141.0,6.0,12704.0,19156.0,6.0,12716.0
31.589680007018615,0.0,0.0,0.0,0.0,0.0,0.0,0.0,0.0,0.0,0.0,0.0,0.0,0.0,20142.0,6.0,12724.0,19157.0,6.0,12736.0
31.708131341001717,0.0,0.0,0.0,0.0,0.0,0.0,0.0,0.0,0.0,0.0,0.0,0.0,0.0,20143.0,6.0,12744.0,19158.0,6.0,12757.0
31.708550518000266,0.0,0.0,0.0,0.0,0.0,0.0,0.0,0.0,0.0,0.0,0.0,0.0,0.0,20144.0,6.0,12764.0,19159.0,6.0,12777.0
31.708697561000008,0.0,0.0,0.0,0.0,0.0,0.0,0.0,0.0,0.0,0.0,0.0,0.0,0.0,20145.0,6.0,12784.0,19160.0,6.0,12797.0
31.708762112015393,0.0,0.0,0.0,0.0,0.0,0.0,0.0,0.0,0.0,0.0,0.0,0.0,0.0,20147.0,6.0,12824.0,19161.0,6.0,12827.0
31.7088218810095,0.0,0.0,0.0,0.0,0.0,0.0,0.0,0.0,0.0,0.0,0.0,0.0,0.0,20147.0,6.0,12824.0,19162.0,6.0,12835.0
31.70987010601675,0.0,0.0,0.0,0.0,0.0,0.0,0.0,0.0,0.0,0.0,0.0,0.0,0.0,20148.0,6.0,12844.0,19163.0,6.0,12857.0
31.73238983101328,0.0,0.0,0.0,0.0,0.0,0.0,0.0,0.0,0.0,0.0,0.0,0.0,0.0,20149.0,6.0,12864.0,19164.0,6.0,12877.0
31.749620851012878,0.0,0.0,0.0,0.0,0.0,0.0,0.0,0.0,0.0,0.0,0.0,0.0,0.0,20150.0,6.0,12884.0,19165.0,6.0,12897.0
31.780021317012142,0.0,0.0,0.0,0.0,0.0,0.0,0.0,0.0,0.0,0.0,0.0,0.0,0.0,20152.0,6.0,12924.0,19166.0,6.0,12928.0
31.78772282000864,0.0,0.0,0.0,0.0,0.0,0.0,0.0,0.0,0.0,0.0,0.0,0.0,0.0,20152.0,6.0,12924.0,19167.0,6.0,12935.0
31.80987335302052,0.0,0.0,0.0,0.0,0.0,0.0,0.0,0.0,0.0,0.0,0.0,0.0,0.0,20153.0,6.0,12944.0,19168.0,6.0,12957.0
31.8434563120245,0.0,0.0,0.0,0.0,0.0,0.0,0.0,0.0,0.0,0.0,0.0,0.0,0.0,20154.0,6.0,12964.0,19169.0,6.0,12976.0
31.930040010018274,0.0,0.0,0.0,0.0,0.0,0.0,0.0,0.0,0.0,0.0,0.0,0.0,0.0,20155.0,6.0,12984.0,19170.0,6.0,12998.0
31.930434640002204,0.0,0.0,0.0,0.0,0.0,0.0,0.0,0.0,0.0,0.0,0.0,0.0,0.0,20157.0,6.0,13024.0,19171.0,6.0,13027.0
31.930511219019536,0.0,0.0,0.0,0.0,0.0,0.0,0.0,0.0,0.0,0.0,0.0,0.0,0.0,20157.0,6.0,13024.0,19172.0,6.0,13034.0
31.930572342011146,0.0,0.0,0.0,0.0,0.0,0.0,0.0,0.0,0.0,0.0,0.0,0.0,0.0,20158.0,6.0,13044.0,19173.0,6.0,13057.0
31.932054778997554,0.0,0.0,0.0,0.0,0.0,0.0,0.0,0.0,0.0,0.0,0.0,0.0,0.0,20159.0,6.0,13064.0,19174.0,6.0,13077.0
31.949661575024948,0.0,0.0,0.0,0.0,0.0,0.0,0.0,0.0,0.0,0.0,0.0,0.0,0.0,20160.0,6.0,13084.0,19175.0,6.0,13097.0
31.980500163015677,0.0,0.0,0.0,0.0,0.0,0.0,0.0,0.0,0.0,0.0,0.0,0.0,0.0,20162.0,6.0,13124.0,19176.0,6.0,13127.0
31.98693686601473,0.0,0.0,0.0,0.0,0.0,0.0,0.0,0.0,0.0,0.0,0.0,0.0,0.0,20162.0,6.0,13124.0,19177.0,6.0,13134.0
32.009597991011105,0.0,0.0,0.0,0.0,0.0,0.0,0.0,0.0,0.0,0.0,0.0,0.0,0.0,20163.0,6.0,13144.0,19178.0,6.0,13157.0
32.03198486601468,0.0,0.0,0.0,0.0,0.0,0.0,0.0,0.0,0.0,0.0,0.0,0.0,0.0,20164.0,6.0,13164.0,19179.0,6.0,13177.0
32.08170302901999,0.0,0.0,0.0,0.0,0.0,0.0,0.0,0.0,0.0,0.0,0.0,0.0,0.0,20165.0,6.0,13184.0,19180.0,6.0,13197.0
32.08182853102335,0.0,0.0,0.0,0.0,0.0,0.0,0.0,0.0,0.0,0.0,0.0,0.0,0.0,20167.0,6.0,13224.0,19181.0,6.0,13227.0
32.14983847801341,0.0,0.0,0.0,0.0,0.0,0.0,0.0,0.0,0.0,0.0,0.0,0.0,0.0,20167.0,6.0,13224.0,19182.0,6.0,13234.0
32.149948072998086,0.0,0.0,0.0,0.0,0.0,0.0,0.0,0.0,0.0,0.0,0.0,0.0,0.0,20169.0,6.0,13264.0,19183.0,6.0,13267.0
32.1500143680023,0.0,0.0,0.0,0.0,0.0,0.0,0.0,0.0,0.0,0.0,0.0,0.0,0.0,20169.0,6.0,13264.0,19184.0,6.0,13274.0
32.16015631300979,0.0,0.0,0.0,0.0,0.0,0.0,0.0,0.0,0.0,0.0,0.0,0.0,0.0,20171.0,6.0,13304.0,19185.0,6.0,13307.0
32.171599433000665,0.0,0.0,0.0,0.0,0.0,0.0,0.0,0.0,0.0,0.0,0.0,0.0,0.0,20171.0,6.0,13304.0,19186.0,6.0,13318.0
32.189885302999755,0.0,0.0,0.0,0.0,0.0,0.0,0.0,0.0,0.0,0.0,0.0,0.0,0.0,20172.0,6.0,13324.0,19187.0,6.0,13337.0
32.21055137400981,0.0,0.0,0.0,0.0,0.0,0.0,0.0,0.0,0.0,0.0,0.0,0.0,0.0,20173.0,6.0,13344.0,19188.0,6.0,13357.0
32.233514694002224,0.0,0.0,0.0,0.0,0.0,0.0,0.0,0.0,0.0,0.0,0.0,0.0,0.0,20174.0,6.0,13364.0,19189.0,6.0,13377.0
32.25381720700534,0.0,0.0,0.0,0.0,0.0,0.0,0.0,0.0,0.0,0.0,0.0,0.0,0.0,20175.0,6.0,13384.0,19190.0,6.0,13397.0
32.29099755702191,0.0,0.0,0.0,0.0,0.0,0.0,0.0,0.0,0.0,0.0,0.0,0.0,0.0,20177.0,6.0,13424.0,19191.0,6.0,13427.0
32.2913479040144,0.0,0.0,0.0,0.0,0.0,0.0,0.0,0.0,0.0,0.0,0.0,0.0,0.0,20177.0,6.0,13424.0,19192.0,6.0,13434.0
32.36835930502275,0.0,0.0,0.0,0.0,0.0,0.0,0.0,0.0,0.0,0.0,0.0,0.0,0.0,20179.0,6.0,13464.0,19193.0,6.0,13467.0
32.36847727000713,0.0,0.0,0.0,0.0,0.0,0.0,0.0,0.0,0.0,0.0,0.0,0.0,0.0,20179.0,6.0,13464.0,19194.0,6.0,13474.0
32.368550130020594,0.0,0.0,0.0,0.0,0.0,0.0,0.0,0.0,0.0,0.0,0.0,0.0,0.0,20181.0,6.0,13504.0,19195.0,6.0,13507.0
32.372163097024895,0.0,0.0,0.0,0.0,0.0,0.0,0.0,0.0,0.0,0.0,0.0,0.0,0.0,20181.0,6.0,13504.0,19196.0,6.0,13519.0
32.38985386901186,0.0,0.0,0.0,0.0,0.0,0.0,0.0,0.0,0.0,0.0,0.0,0.0,0.0,20182.0,6.0,13524.0,19197.0,6.0,13537.0
32.419743363017915,0.0,0.0,0.0,0.0,0.0,0.0,0.0,0.0,0.0,0.0,0.0,0.0,0.0,20183.0,6.0,13544.0,19198.0,6.0,13557.0
32.43039335301728,0.0,0.0,0.0,0.0,0.0,0.0,0.0,0.0,0.0,0.0,0.0,0.0,0.0,20184.0,6.0,13564.0,19199.0,6.0,13577.0
32.4498499140027,0.0,0.0,0.0,0.0,0.0,0.0,0.0,0.0,0.0,0.0,0.0,0.0,0.0,20185.0,6.0,13584.0,19200.0,6.0,13597.0
32.59260992700001,0.0,0.0,0.0,0.0,0.0,0.0,0.0,0.0,0.0,0.0,0.0,0.0,0.0,20187.0,6.0,13624.0,19201.0,6.0,13627.0
32.592733555007726,0.0,0.0,0.0,0.0,0.0,0.0,0.0,0.0,0.0,0.0,0.0,0.0,0.0,20187.0,6.0,13624.0,19202.0,6.0,13634.0
32.59281013402506,0.0,0.0,0.0,0.0,0.0,0.0,0.0,0.0,0.0,0.0,0.0,0.0,0.0,20188.0,6.0,13644.0,19203.0,6.0,13657.0
32.59288089899928,0.0,0.0,0.0,0.0,0.0,0.0,0.0,0.0,0.0,0.0,0.0,0.0,0.0,20189.0,6.0,13664.0,19204.0,6.0,13677.0
32.592947053024545,0.0,0.0,0.0,0.0,0.0,0.0,0.0,0.0,0.0,0.0,0.0,0.0,0.0,20190.0,6.0,13684.0,19205.0,6.0,13697.0
32.59301238600165,0.0,0.0,0.0,0.0,0.0,0.0,0.0,0.0,0.0,0.0,0.0,0.0,0.0,20192.0,6.0,13724.0,19206.0,6.0,13727.0
32.593069298018236,0.0,0.0,0.0,0.0,0.0,0.0,0.0,0.0,0.0,0.0,0.0,0.0,0.0,20192.0,6.0,13724.0,19207.0,6.0,13734.0
32.62036462200922,0.0,0.0,0.0,0.0,0.0,0.0,0.0,0.0,0.0,0.0,0.0,0.0,0.0,20194.0,6.0,13764.0,19208.0,6.0,13767.0
32.628080719005084,0.0,0.0,0.0,0.0,0.0,0.0,0.0,0.0,0.0,0.0,0.0,0.0,0.0,20194.0,6.0,13764.0,19209.0,6.0,13774.0
32.65092201399966,0.0,0.0,0.0,0.0,0.0,0.0,0.0,0.0,0.0,0.0,0.0,0.0,0.0,20195.0,6.0,13784.0,19210.0,6.0,13797.0
32.680233499006135,0.0,0.0,0.0,0.0,0.0,0.0,0.0,0.0,0.0,0.0,0.0,0.0,0.0,20197.0,6.0,13824.0,19211.0,6.0,13827.0
32.68808983202325,0.0,0.0,0.0,0.0,0.0,0.0,0.0,0.0,0.0,0.0,0.0,0.0,0.0,20197.0,6.0,13824.0,19212.0,6.0,13834.0
32.76603993700701,0.0,0.0,0.0,0.0,0.0,0.0,0.0,0.0,0.0,0.0,0.0,0.0,0.0,20198.0,6.0,13844.0,19213.0,6.0,13857.0
32.76618639801745,0.0,0.0,0.0,0.0,0.0,0.0,0.0,0.0,0.0,0.0,0.0,0.0,0.0,20199.0,6.0,13864.0,19214.0,6.0,13877.0
32.76644560002023,0.0,0.0,0.0,0.0,0.0,0.0,0.0,0.0,0.0,0.0,0.0,0.0,0.0,20200.0,6.0,13884.0,19215.0,6.0,13897.0
32.8084029960155,0.0,0.0,0.0,0.0,0.0,0.0,0.0,0.0,0.0,0.0,0.0,0.0,0.0,20202.0,6.0,13924.0,19216.0,6.0,13927.0
32.80850617602118,0.0,0.0,0.0,0.0,0.0,0.0,0.0,0.0,0.0,0.0,0.0,0.0,0.0,20202.0,6.0,13924.0,19217.0,6.0,13935.0
32.81036270200275,0.0,0.0,0.0,0.0,0.0,0.0,0.0,0.0,0.0,0.0,0.0,0.0,0.0,20203.0,6.0,13944.0,19218.0,6.0,13957.0
32.830302845017286,0.0,0.0,0.0,0.0,0.0,0.0,0.0,0.0,0.0,0.0,0.0,0.0,0.0,20204.0,6.0,13964.0,19219.0,6.0,13977.0
32.85188589800964,0.0,0.0,0.0,0.0,0.0,0.0,0.0,0.0,0.0,0.0,0.0,0.0,0.0,20205.0,6.0,13984.0,19220.0,6.0,13998.0
32.881586551025975,0.0,0.0,0.0,0.0,0.0,0.0,0.0,0.0,0.0,0.0,0.0,0.0,0.0,20207.0,6.0,14024.0,19221.0,6.0,14027.0
32.88706611900125,0.0,0.0,0.0,0.0,0.0,0.0,0.0,0.0,0.0,0.0,0.0,0.0,0.0,20207.0,6.0,14024.0,19222.0,6.0,14034.0
32.91024053102592,0.0,0.0,0.0,0.0,0.0,0.0,0.0,0.0,0.0,0.0,0.0,0.0,0.0,20208.0,6.0,14044.0,19223.0,6.0,14057.0
33.0288509070233,0.0,0.0,0.0,0.0,0.0,0.0,0.0,0.0,0.0,0.0,0.0,0.0,0.0,20209.0,6.0,14064.0,19224.0,6.0,14077.0
33.02917650400195,0.0,0.0,0.0,0.0,0.0,0.0,0.0,0.0,0.0,0.0,0.0,0.0,0.0,20210.0,6.0,14084.0,19225.0,6.0,14096.0
33.02945698599797,0.0,0.0,0.0,0.0,0.0,0.0,0.0,0.0,0.0,0.0,0.0,0.0,0.0,20212.0,6.0,14124.0,19226.0,6.0,14127.0
33.029689096001675,0.0,0.0,0.0,0.0,0.0,0.0,0.0,0.0,0.0,0.0,0.0,0.0,0.0,20212.0,6.0,14124.0,19227.0,6.0,14134.0
33.02982272600639,0.0,0.0,0.0,0.0,0.0,0.0,0.0,0.0,0.0,0.0,0.0,0.0,0.0,20214.0,6.0,14164.0,19228.0,6.0,14167.0
33.029877784021664,0.0,0.0,0.0,0.0,0.0,0.0,0.0,0.0,0.0,0.0,0.0,0.0,0.0,20214.0,6.0,14164.0,19229.0,6.0,14175.0
33.052627299010055,0.0,0.0,0.0,0.0,0.0,0.0,0.0,0.0,0.0,0.0,0.0,0.0,0.0,20215.0,6.0,14184.0,19230.0,6.0,14197.0
33.08146150800167,0.0,0.0,0.0,0.0,0.0,0.0,0.0,0.0,0.0,0.0,0.0,0.0,0.0,20217.0,6.0,14224.0,19231.0,6.0,14227.0
33.08721194500686,0.0,0.0,0.0,0.0,0.0,0.0,0.0,0.0,0.0,0.0,0.0,0.0,0.0,20217.0,6.0,14224.0,19232.0,6.0,14234.0
33.12342639101553,0.0,0.0,0.0,0.0,0.0,0.0,0.0,0.0,0.0,0.0,0.0,0.0,0.0,20219.0,6.0,14264.0,19233.0,6.0,14267.0
33.12860194200766,0.0,0.0,0.0,0.0,0.0,0.0,0.0,0.0,0.0,0.0,0.0,0.0,0.0,20219.0,6.0,14264.0,19234.0,6.0,14274.0
33.24882240101579,0.0,0.0,0.0,0.0,0.0,0.0,0.0,0.0,0.0,0.0,0.0,0.0,0.0,20220.0,6.0,14284.0,19235.0,6.0,14297.0
33.248925971012795,0.0,0.0,0.0,0.0,0.0,0.0,0.0,0.0,0.0,0.0,0.0,0.0,0.0,20222.0,6.0,14324.0,19236.0,6.0,14327.0
33.24899441000889,0.0,0.0,0.0,0.0,0.0,0.0,0.0,0.0,0.0,0.0,0.0,0.0,0.0,20222.0,6.0,14324.0,19237.0,6.0,14334.0
33.24908260500524,0.0,0.0,0.0,0.0,0.0,0.0,0.0,0.0,0.0,0.0,0.0,0.0,0.0,20223.0,6.0,14344.0,19238.0,6.0,14357.0
33.24916596899857,0.0,0.0,0.0,0.0,0.0,0.0,0.0,0.0,0.0,0.0,0.0,0.0,0.0,20224.0,6.0,14364.0,19239.0,6.0,14377.0
33.25203142000828,0.0,0.0,0.0,0.0,0.0,0.0,0.0,0.0,0.0,0.0,0.0,0.0,0.0,20225.0,6.0,14384.0,19240.0,6.0,14397.0
33.280623857019236,0.0,0.0,0.0,0.0,0.0,0.0,0.0,0.0,0.0,0.0,0.0,0.0,0.0,20227.0,6.0,14424.0,19241.0,6.0,14427.0
33.28741248801816,0.0,0.0,0.0,0.0,0.0,0.0,0.0,0.0,0.0,0.0,0.0,0.0,0.0,20227.0,6.0,14424.0,19242.0,6.0,14434.0
33.31095992799965,0.0,0.0,0.0,0.0,0.0,0.0,0.0,0.0,0.0,0.0,0.0,0.0,0.0,20228.0,6.0,14444.0,19243.0,6.0,14457.0
33.331130657024914,0.0,0.0,0.0,0.0,0.0,0.0,0.0,0.0,0.0,0.0,0.0,0.0,0.0,20229.0,6.0,14464.0,19244.0,6.0,14476.0
33.35262826102553,0.0,0.0,0.0,0.0,0.0,0.0,0.0,0.0,0.0,0.0,0.0,0.0,0.0,20230.0,6.0,14484.0,19245.0,6.0,14498.0
33.43573341102456,0.0,0.0,0.0,0.0,0.0,0.0,0.0,0.0,0.0,0.0,0.0,0.0,0.0,20232.0,6.0,14524.0,19246.0,6.0,14527.0
33.43613474300946,0.0,0.0,0.0,0.0,0.0,0.0,0.0,0.0,0.0,0.0,0.0,0.0,0.0,20232.0,6.0,14524.0,19247.0,6.0,14534.0
33.436390959017444,0.0,0.0,0.0,0.0,0.0,0.0,0.0,0.0,0.0,0.0,0.0,0.0,0.0,20234.0,6.0,14563.0,19248.0,6.0,14567.0
33.46894587701536,0.0,0.0,0.0,0.0,0.0,0.0,0.0,0.0,0.0,0.0,0.0,0.0,0.0,20234.0,6.0,14563.0,19249.0,6.0,14574.0
33.469240552018164,0.0,0.0,0.0,0.0,0.0,0.0,0.0,0.0,0.0,0.0,0.0,0.0,0.0,20235.0,6.0,14584.0,19250.0,6.0,14597.0
33.48238759400556,0.0,0.0,0.0,0.0,0.0,0.0,0.0,0.0,0.0,0.0,0.0,0.0,0.0,20237.0,6.0,14624.0,19251.0,6.0,14627.0
33.48915350300376,0.0,0.0,0.0,0.0,0.0,0.0,0.0,0.0,0.0,0.0,0.0,0.0,0.0,20237.0,6.0,14624.0,19252.0,6.0,14634.0
33.521988502005115,0.0,0.0,0.0,0.0,0.0,0.0,0.0,0.0,0.0,0.0,0.0,0.0,0.0,20239.0,6.0,14664.0,19253.0,6.0,14667.0
33.528496110026026,0.0,0.0,0.0,0.0,0.0,0.0,0.0,0.0,0.0,0.0,0.0,0.0,0.0,20239.0,6.0,14664.0,19254.0,6.0,14674.0
33.55205490600201,0.0,0.0,0.0,0.0,0.0,0.0,0.0,0.0,0.0,0.0,0.0,0.0,0.0,20240.0,6.0,14684.0,19255.0,6.0,14697.0
33.58487549101119,0.0,0.0,0.0,0.0,0.0,0.0,0.0,0.0,0.0,0.0,0.0,0.0,0.0,20241.0,6.0,14704.0,19256.0,6.0,14718.0
33.689484761009226,0.0,0.0,0.0,0.0,0.0,0.0,0.0,0.0,0.0,0.0,0.0,0.0,0.0,20242.0,6.0,14724.0,19257.0,6.0,14737.0
33.68960816701292,0.0,0.0,0.0,0.0,0.0,0.0,0.0,0.0,0.0,0.0,0.0,0.0,0.0,20243.0,6.0,14744.0,19258.0,6.0,14757.0
33.689676153997425,0.0,0.0,0.0,0.0,0.0,0.0,0.0,0.0,0.0,0.0,0.0,0.0,0.0,20244.0,6.0,14764.0,19259.0,6.0,14777.0
33.68973742600065,0.0,0.0,0.0,0.0,0.0,0.0,0.0,0.0,0.0,0.0,0.0,0.0,0.0,20245.0,6.0,14784.0,19260.0,6.0,14797.0
33.689802958018845,0.0,0.0,0.0,0.0,0.0,0.0,0.0,0.0,0.0,0.0,0.0,0.0,0.0,20247.0,6.0,14824.0,19261.0,6.0,14827.0
33.68987398300669,0.0,0.0,0.0,0.0,0.0,0.0,0.0,0.0,0.0,0.0,0.0,0.0,0.0,20247.0,6.0,14824.0,19262.0,6.0,14834.0
33.720294999016915,0.0,0.0,0.0,0.0,0.0,0.0,0.0,0.0,0.0,0.0,0.0,0.0,0.0,20249.0,6.0,14864.0,19263.0,6.0,14867.0
33.72865598401404,0.0,0.0,0.0,0.0,0.0,0.0,0.0,0.0,0.0,0.0,0.0,0.0,0.0,20249.0,6.0,14864.0,19264.0,6.0,14874.0
33.76222146800137,0.0,0.0,0.0,0.0,0.0,0.0,0.0,0.0,0.0,0.0,0.0,0.0,0.0,20251.0,6.0,14904.0,19265.0,6.0,14907.0
33.776157783024246,0.0,0.0,0.0,0.0,0.0,0.0,0.0,0.0,0.0,0.0,0.0,0.0,0.0,20251.0,6.0,14904.0,19266.0,6.0,14919.0
33.792418635013746,0.0,0.0,0.0,0.0,0.0,0.0,0.0,0.0,0.0,0.0,0.0,0.0,0.0,20252.0,6.0,14924.0,19267.0,6.0,14937.0
33.90987092402065,0.0,0.0,0.0,0.0,0.0,0.0,0.0,0.0,0.0,0.0,0.0,0.0,0.0,20253.0,6.0,14944.0,19268.0,6.0,14957.0
33.90997697002604,0.0,0.0,0.0,0.0,0.0,0.0,0.0,0.0,0.0,0.0,0.0,0.0,0.0,20254.0,6.0,14964.0,19269.0,6.0,14977.0
33.910044426011154,0.0,0.0,0.0,0.0,0.0,0.0,0.0,0.0,0.0,0.0,0.0,0.0,0.0,20255.0,6.0,14984.0,19270.0,6.0,14998.0
33.910132651013555,0.0,0.0,0.0,0.0,0.0,0.0,0.0,0.0,0.0,0.0,0.0,0.0,0.0,20257.0,6.0,15024.0,19271.0,6.0,15027.0
33.910190314025385,0.0,0.0,0.0,0.0,0.0,0.0,0.0,0.0,0.0,0.0,0.0,0.0,0.0,20257.0,6.0,15024.0,19272.0,6.0,15034.0
33.92245072600781,0.0,0.0,0.0,0.0,0.0,0.0,0.0,0.0,0.0,0.0,0.0,0.0,0.0,20259.0,6.0,15064.0,19273.0,6.0,15067.0
33.92832129000453,0.0,0.0,0.0,0.0,0.0,0.0,0.0,0.0,0.0,0.0,0.0,0.0,0.0,20259.0,6.0,15064.0,19274.0,6.0,15074.0
33.95045152402599,0.0,0.0,0.0,0.0,0.0,0.0,0.0,0.0,0.0,0.0,0.0,0.0,0.0,20260.0,6.0,15084.0,19275.0,6.0,15097.0
33.980596420005895,0.0,0.0,0.0,0.0,0.0,0.0,0.0,0.0,0.0,0.0,0.0,0.0,0.0,20262.0,6.0,15124.0,19276.0,6.0,15127.0
33.987117893004324,0.0,0.0,0.0,0.0,0.0,0.0,0.0,0.0,0.0,0.0,0.0,0.0,0.0,20262.0,6.0,15124.0,19277.0,6.0,15133.0
34.130169655021746,0.0,0.0,0.0,0.0,0.0,0.0,0.0,0.0,0.0,0.0,0.0,0.0,0.0,20264.0,6.0,15164.0,19278.0,6.0,15167.0
34.13042166901869,0.0,0.0,0.0,0.0,0.0,0.0,0.0,0.0,0.0,0.0,0.0,0.0,0.0,20264.0,6.0,15164.0,19279.0,6.0,15174.0
34.13048807301675,0.0,0.0,0.0,0.0,0.0,0.0,0.0,0.0,0.0,0.0,0.0,0.0,0.0,20266.0,6.0,15204.0,19280.0,6.0,15207.0
34.130548783025006,0.0,0.0,0.0,0.0,0.0,0.0,0.0,0.0,0.0,0.0,0.0,0.0,0.0,20266.0,6.0,15204.0,19281.0,6.0,15219.0
34.130605345009826,0.0,0.0,0.0,0.0,0.0,0.0,0.0,0.0,0.0,0.0,0.0,0.0,0.0,20267.0,6.0,15224.0,19282.0,6.0,15237.0
34.13065983101842,0.0,0.0,0.0,0.0,0.0,0.0,0.0,0.0,0.0,0.0,0.0,0.0,0.0,20268.0,6.0,15244.0,19283.0,6.0,15257.0
34.13293998502195,0.0,0.0,0.0,0.0,0.0,0.0,0.0,0.0,0.0,0.0,0.0,0.0,0.0,20269.0,6.0,15264.0,19284.0,6.0,15277.0
34.150886032002745,0.0,0.0,0.0,0.0,0.0,0.0,0.0,0.0,0.0,0.0,0.0,0.0,0.0,20270.0,6.0,15284.0,19285.0,6.0,15296.0
34.18359169299947,0.0,0.0,0.0,0.0,0.0,0.0,0.0,0.0,0.0,0.0,0.0,0.0,0.0,20272.0,6.0,15324.0,19286.0,6.0,15327.0
34.19929577500443,0.0,0.0,0.0,0.0,0.0,0.0,0.0,0.0,0.0,0.0,0.0,0.0,0.0,20272.0,6.0,15324.0,19287.0,6.0,15334.0
34.22400665900204,0.0,0.0,0.0,0.0,0.0,0.0,0.0,0.0,0.0,0.0,0.0,0.0,0.0,20274.0,6.0,15364.0,19288.0,6.0,15367.0
34.22892260100343,0.0,0.0,0.0,0.0,0.0,0.0,0.0,0.0,0.0,0.0,0.0,0.0,0.0,20274.0,6.0,15364.0,19289.0,6.0,15374.0
34.351155558018945,0.0,0.0,0.0,0.0,0.0,0.0,0.0,0.0,0.0,0.0,0.0,0.0,0.0,20276.0,6.0,15404.0,19290.0,6.0,15407.0
34.3513057360251,0.0,0.0,0.0,0.0,0.0,0.0,0.0,0.0,0.0,0.0,0.0,0.0,0.0,20276.0,6.0,15404.0,19291.0,6.0,15419.0
34.35137433500495,0.0,0.0,0.0,0.0,0.0,0.0,0.0,0.0,0.0,0.0,0.0,0.0,0.0,20277.0,6.0,15424.0,19292.0,6.0,15437.0
34.35143459500978,0.0,0.0,0.0,0.0,0.0,0.0,0.0,0.0,0.0,0.0,0.0,0.0,0.0,20278.0,6.0,15444.0,19293.0,6.0,15457.0
34.35365761601133,0.0,0.0,0.0,0.0,0.0,0.0,0.0,0.0,0.0,0.0,0.0,0.0,0.0,20280.0,6.0,15484.0,19294.0,6.0,15497.0
34.371999732014956,0.0,0.0,0.0,0.0,0.0,0.0,0.0,0.0,0.0,0.0,0.0,0.0,0.0,20281.0,6.0,15504.0,19295.0,6.0,15517.0
34.40171710701543,0.0,0.0,0.0,0.0,0.0,0.0,0.0,0.0,0.0,0.0,0.0,0.0,0.0,20283.0,6.0,15544.0,19296.0,6.0,15547.0
34.40888607100351,0.0,0.0,0.0,0.0,0.0,0.0,0.0,0.0,0.0,0.0,0.0,0.0,0.0,20283.0,6.0,15544.0,19297.0,6.0,15554.0
34.4418930390093,0.0,0.0,0.0,0.0,0.0,0.0,0.0,0.0,0.0,0.0,0.0,0.0,0.0,20285.0,6.0,15584.0,19298.0,6.0,15587.0
34.44817738200072,0.0,0.0,0.0,0.0,0.0,0.0,0.0,0.0,0.0,0.0,0.0,0.0,0.0,20285.0,6.0,15584.0,19299.0,6.0,15594.0
34.5702320470009,0.0,0.0,0.0,0.0,0.0,0.0,0.0,0.0,0.0,0.0,0.0,0.0,0.0,20287.0,6.0,15624.0,19300.0,6.0,15627.0
34.5704661589989,0.0,0.0,0.0,0.0,0.0,0.0,0.0,0.0,0.0,0.0,0.0,0.0,0.0,20287.0,6.0,15624.0,19301.0,6.0,15638.0
34.570531531004235,0.0,0.0,0.0,0.0,0.0,0.0,0.0,0.0,0.0,0.0,0.0,0.0,0.0,20288.0,6.0,15644.0,19302.0,6.0,15657.0
34.57059062802,0.0,0.0,0.0,0.0,0.0,0.0,0.0,0.0,0.0,0.0,0.0,0.0,0.0,20289.0,6.0,15664.0,19303.0,6.0,15677.0
34.57064777001506,0.0,0.0,0.0,0.0,0.0,0.0,0.0,0.0,0.0,0.0,0.0,0.0,0.0,20290.0,6.0,15684.0,19304.0,6.0,15697.0
34.57337608301896,0.0,0.0,0.0,0.0,0.0,0.0,0.0,0.0,0.0,0.0,0.0,0.0,0.0,20291.0,6.0,15704.0,19305.0,6.0,15717.0
34.60137892499915,0.0,0.0,0.0,0.0,0.0,0.0,0.0,0.0,0.0,0.0,0.0,0.0,0.0,20293.0,6.0,15744.0,19306.0,6.0,15747.0
34.60957833600696,0.0,0.0,0.0,0.0,0.0,0.0,0.0,0.0,0.0,0.0,0.0,0.0,0.0,20293.0,6.0,15744.0,19307.0,6.0,15754.0
34.64130398601992,0.0,0.0,0.0,0.0,0.0,0.0,0.0,0.0,0.0,0.0,0.0,0.0,0.0,20295.0,6.0,15784.0,19308.0,6.0,15787.0
34.64852144100587,0.0,0.0,0.0,0.0,0.0,0.0,0.0,0.0,0.0,0.0,0.0,0.0,0.0,20295.0,6.0,15784.0,19309.0,6.0,15794.0
34.79568967199884,0.0,0.0,0.0,0.0,0.0,0.0,0.0,0.0,0.0,0.0,0.0,0.0,0.0,20297.0,6.0,15824.0,19310.0,6.0,15827.0
34.795849301008275,0.0,0.0,0.0,0.0,0.0,0.0,0.0,0.0,0.0,0.0,0.0,0.0,0.0,20297.0,6.0,15824.0,19311.0,6.0,15839.0
34.79592173799756,0.0,0.0,0.0,0.0,0.0,0.0,0.0,0.0,0.0,0.0,0.0,0.0,0.0,20298.0,6.0,15844.0,19312.0,6.0,15856.0
34.79598286902183,0.0,0.0,0.0,0.0,0.0,0.0,0.0,0.0,0.0,0.0,0.0,0.0,0.0,20299.0,6.0,15864.0,19313.0,6.0,15877.0
34.79603737502475,0.0,0.0,0.0,0.0,0.0,0.0,0.0,0.0,0.0,0.0,0.0,0.0,0.0,20300.0,6.0,15884.0,19314.0,6.0,15897.0
34.7960911290138,0.0,0.0,0.0,0.0,0.0,0.0,0.0,0.0,0.0,0.0,0.0,0.0,0.0,20301.0,6.0,15904.0,19315.0,6.0,15917.0
34.8026080870186,0.0,0.0,0.0,0.0,0.0,0.0,0.0,0.0,0.0,0.0,0.0,0.0,0.0,20303.0,6.0,15944.0,19316.0,6.0,15947.0
34.811174350004876,0.0,0.0,0.0,0.0,0.0,0.0,0.0,0.0,0.0,0.0,0.0,0.0,0.0,20303.0,6.0,15944.0,19317.0,6.0,15954.0
34.841793717001565,0.0,0.0,0.0,0.0,0.0,0.0,0.0,0.0,0.0,0.0,0.0,0.0,0.0,20305.0,6.0,15984.0,19318.0,6.0,15987.0
34.85666367399972,0.0,0.0,0.0,0.0,0.0,0.0,0.0,0.0,0.0,0.0,0.0,0.0,0.0,20305.0,6.0,15984.0,19319.0,6.0,15995.0
34.870911755017005,0.0,0.0,0.0,0.0,0.0,0.0,0.0,0.0,0.0,0.0,0.0,0.0,0.0,20306.0,6.0,16004.0,19320.0,6.0,16017.0
34.97935680102091,0.0,0.0,0.0,0.0,0.0,0.0,0.0,0.0,0.0,0.0,0.0,0.0,0.0,20308.0,6.0,16044.0,19321.0,6.0,16047.0
34.97973852301948,0.0,0.0,0.0,0.0,0.0,0.0,0.0,0.0,0.0,0.0,0.0,0.0,0.0,20308.0,6.0,16044.0,19322.0,6.0,16054.0
34.97988557300414,0.0,0.0,0.0,0.0,0.0,0.0,0.0,0.0,0.0,0.0,0.0,0.0,0.0,20310.0,6.0,16084.0,19323.0,6.0,16087.0
34.97994430802646,0.0,0.0,0.0,0.0,0.0,0.0,0.0,0.0,0.0,0.0,0.0,0.0,0.0,20310.0,6.0,16084.0,19324.0,6.0,16094.0
35.01023970701499,0.0,0.0,0.0,0.0,0.0,0.0,0.0,0.0,0.0,0.0,0.0,0.0,0.0,20312.0,6.0,16124.0,19325.0,6.0,16127.0
35.01034305599751,0.0,0.0,0.0,0.0,0.0,0.0,0.0,0.0,0.0,0.0,0.0,0.0,0.0,20312.0,6.0,16124.0,19326.0,6.0,16139.0
35.016195919015445,0.0,0.0,0.0,0.0,0.0,0.0,0.0,0.0,0.0,0.0,0.0,0.0,0.0,20313.0,6.0,16144.0,19327.0,6.0,16157.0
35.032243598019704,0.0,0.0,0.0,0.0,0.0,0.0,0.0,0.0,0.0,0.0,0.0,0.0,0.0,20314.0,6.0,16164.0,19328.0,6.0,16177.0
35.051338998018764,0.0,0.0,0.0,0.0,0.0,0.0,0.0,0.0,0.0,0.0,0.0,0.0,0.0,20315.0,6.0,16184.0,19329.0,6.0,16197.0
35.07227895100368,0.0,0.0,0.0,0.0,0.0,0.0,0.0,0.0,0.0,0.0,0.0,0.0,0.0,20316.0,6.0,16204.0,19330.0,6.0,16217.0
35.10789981400012,0.0,0.0,0.0,0.0,0.0,0.0,0.0,0.0,0.0,0.0,0.0,0.0,0.0,20318.0,6.0,16244.0,19331.0,6.0,16247.0
35.1082801130251,0.0,0.0,0.0,0.0,0.0,0.0,0.0,0.0,0.0,0.0,0.0,0.0,0.0,20318.0,6.0,16244.0,19332.0,6.0,16254.0
35.23153534802259,0.0,0.0,0.0,0.0,0.0,0.0,0.0,0.0,0.0,0.0,0.0,0.0,0.0,20320.0,6.0,16283.0,19333.0,6.0,16287.0
35.23188911602483,0.0,0.0,0.0,0.0,0.0,0.0,0.0,0.0,0.0,0.0,0.0,0.0,0.0,20320.0,6.0,16283.0,19334.0,6.0,16294.0
35.23201920601423,0.0,0.0,0.0,0.0,0.0,0.0,0.0,0.0,0.0,0.0,0.0,0.0,0.0,20322.0,6.0,16324.0,19335.0,6.0,16327.0
35.232083815004444,0.0,0.0,0.0,0.0,0.0,0.0,0.0,0.0,0.0,0.0,0.0,0.0,0.0,20322.0,6.0,16324.0,19336.0,6.0,16339.0
35.23213860200485,0.0,0.0,0.0,0.0,0.0,0.0,0.0,0.0,0.0,0.0,0.0,0.0,0.0,20323.0,6.0,16344.0,19337.0,6.0,16357.0
35.23219488200266,0.0,0.0,0.0,0.0,0.0,0.0,0.0,0.0,0.0,0.0,0.0,0.0,0.0,20324.0,6.0,16364.0,19338.0,6.0,16377.0
35.25133577801171,0.0,0.0,0.0,0.0,0.0,0.0,0.0,0.0,0.0,0.0,0.0,0.0,0.0,20325.0,6.0,16384.0,19339.0,6.0,16397.0
35.271186614001635,0.0,0.0,0.0,0.0,0.0,0.0,0.0,0.0,0.0,0.0,0.0,0.0,0.0,20326.0,6.0,16404.0,19340.0,6.0,16417.0
35.30404780100798,0.0,0.0,0.0,0.0,0.0,0.0,0.0,0.0,0.0,0.0,0.0,0.0,0.0,20328.0,6.0,16444.0,19341.0,6.0,16447.0
35.31037328601815,0.0,0.0,0.0,0.0,0.0,0.0,0.0,0.0,0.0,0.0,0.0,0.0,0.0,20328.0,6.0,16444.0,19342.0,6.0,16454.0
35.450601438002195,0.0,0.0,0.0,0.0,0.0,0.0,0.0,0.0,0.0,0.0,0.0,0.0,0.0,20330.0,6.0,16484.0,19343.0,6.0,16487.0
35.4510216890194,0.0,0.0,0.0,0.0,0.0,0.0,0.0,0.0,0.0,0.0,0.0,0.0,0.0,20330.0,6.0,16484.0,19344.0,6.0,16496.0
35.45128055699752,0.0,0.0,0.0,0.0,0.0,0.0,0.0,0.0,0.0,0.0,0.0,0.0,0.0,20331.0,6.0,16504.0,19345.0,6.0,16517.0
35.451464211015264,0.0,0.0,0.0,0.0,0.0,0.0,0.0,0.0,0.0,0.0,0.0,0.0,0.0,20333.0,6.0,16544.0,19346.0,6.0,16547.0
35.45152113301447,0.0,0.0,0.0,0.0,0.0,0.0,0.0,0.0,0.0,0.0,0.0,0.0,0.0,20333.0,6.0,16544.0,19347.0,6.0,16554.0
35.45157640002435,0.0,0.0,0.0,0.0,0.0,0.0,0.0,0.0,0.0,0.0,0.0,0.0,0.0,20335.0,6.0,16584.0,19348.0,6.0,16587.0
35.45163221901748,0.0,0.0,0.0,0.0,0.0,0.0,0.0,0.0,0.0,0.0,0.0,0.0,0.0,20335.0,6.0,16584.0,19349.0,6.0,16594.0
35.48465387700708,0.0,0.0,0.0,0.0,0.0,0.0,0.0,0.0,0.0,0.0,0.0,0.0,0.0,20337.0,6.0,16624.0,19350.0,6.0,16627.0
35.50310790599906,0.0,0.0,0.0,0.0,0.0,0.0,0.0,0.0,0.0,0.0,0.0,0.0,0.0,20337.0,6.0,16624.0,19351.0,6.0,16639.0
35.51084549402003,0.0,0.0,0.0,0.0,0.0,0.0,0.0,0.0,0.0,0.0,0.0,0.0,0.0,20338.0,6.0,16644.0,19352.0,6.0,16656.0
35.54034947400214,0.0,0.0,0.0,0.0,0.0,0.0,0.0,0.0,0.0,0.0,0.0,0.0,0.0,20339.0,6.0,16664.0,19353.0,6.0,16677.0
35.55128908000188,0.0,0.0,0.0,0.0,0.0,0.0,0.0,0.0,0.0,0.0,0.0,0.0,0.0,20340.0,6.0,16684.0,19354.0,6.0,16697.0
35.66996017101337,0.0,0.0,0.0,0.0,0.0,0.0,0.0,0.0,0.0,0.0,0.0,0.0,0.0,20341.0,6.0,16704.0,19355.0,6.0,16717.0
35.684545768017415,0.0,0.0,0.0,0.0,0.0,0.0,0.0,0.0,0.0,0.0,0.0,0.0,0.0,20347.0,6.0,16824.0,19356.0,6.0,16827.0
35.68975784702343,0.0,0.0,0.0,0.0,0.0,0.0,0.0,0.0,0.0,0.0,0.0,0.0,0.0,20347.0,6.0,16824.0,19357.0,6.0,16834.0
35.72256677399855,0.0,0.0,0.0,0.0,0.0,0.0,0.0,0.0,0.0,0.0,0.0,0.0,0.0,20349.0,6.0,16864.0,19358.0,6.0,16867.0
35.72840440401342,0.0,0.0,0.0,0.0,0.0,0.0,0.0,0.0,0.0,0.0,0.0,0.0,0.0,20349.0,6.0,16864.0,19359.0,6.0,16874.0
35.761553274001926,0.0,0.0,0.0,0.0,0.0,0.0,0.0,0.0,0.0,0.0,0.0,0.0,0.0,20351.0,6.0,16904.0,19360.0,6.0,16907.0
35.7732961110014,0.0,0.0,0.0,0.0,0.0,0.0,0.0,0.0,0.0,0.0,0.0,0.0,0.0,20351.0,6.0,16904.0,19361.0,6.0,16919.0
35.89505378701142,0.0,0.0,0.0,0.0,0.0,0.0,0.0,0.0,0.0,0.0,0.0,0.0,0.0,20352.0,6.0,16924.0,19362.0,6.0,16937.0
35.89518159200088,0.0,0.0,0.0,0.0,0.0,0.0,0.0,0.0,0.0,0.0,0.0,0.0,0.0,20353.0,6.0,16944.0,19363.0,6.0,16957.0
35.89525064101326,0.0,0.0,0.0,0.0,0.0,0.0,0.0,0.0,0.0,0.0,0.0,0.0,0.0,20354.0,6.0,16964.0,19364.0,6.0,16977.0
35.89531129100942,0.0,0.0,0.0,0.0,0.0,0.0,0.0,0.0,0.0,0.0,0.0,0.0,0.0,20355.0,6.0,16984.0,19365.0,6.0,16998.0
35.89536752001732,0.0,0.0,0.0,0.0,0.0,0.0,0.0,0.0,0.0,0.0,0.0,0.0,0.0,20357.0,6.0,17024.0,19366.0,6.0,17027.0
35.89542242701282,0.0,0.0,0.0,0.0,0.0,0.0,0.0,0.0,0.0,0.0,0.0,0.0,0.0,20357.0,6.0,17024.0,19367.0,6.0,17035.0
35.91278360900469,0.0,0.0,0.0,0.0,0.0,0.0,0.0,0.0,0.0,0.0,0.0,0.0,0.0,20358.0,6.0,17044.0,19368.0,6.0,17057.0
35.94177087000571,0.0,0.0,0.0,0.0,0.0,0.0,0.0,0.0,0.0,0.0,0.0,0.0,0.0,20359.0,6.0,17064.0,19369.0,6.0,17077.0
35.95254114601994,0.0,0.0,0.0,0.0,0.0,0.0,0.0,0.0,0.0,0.0,0.0,0.0,0.0,20360.0,6.0,17084.0,19370.0,6.0,17097.0
35.98456669700681,0.0,0.0,0.0,0.0,0.0,0.0,0.0,0.0,0.0,0.0,0.0,0.0,0.0,20362.0,6.0,17124.0,19371.0,6.0,17127.0
36.406351056008134,0.0,0.0,0.0,0.0,0.0,0.0,0.0,0.0,0.0,0.0,0.0,0.0,0.0,20365.0,6.0,17184.0,19375.0,6.0,17197.0
36.40667102401494,0.0,0.0,0.0,0.0,0.0,0.0,0.0,0.0,0.0,0.0,0.0,0.0,0.0,20373.0,6.0,17344.0,19383.0,6.0,17357.0
36.406737577024614,0.0,0.0,0.0,0.0,0.0,0.0,0.0,0.0,0.0,0.0,0.0,0.0,0.0,20374.0,6.0,17364.0,19384.0,6.0,17377.0
36.40680275700288,0.0,0.0,0.0,0.0,0.0,0.0,0.0,0.0,0.0,0.0,0.0,0.0,0.0,20375.0,6.0,17384.0,19385.0,6.0,17397.0
36.40685965801822,0.0,0.0,0.0,0.0,0.0,0.0,0.0,0.0,0.0,0.0,0.0,0.0,0.0,20377.0,6.0,17424.0,19386.0,6.0,17427.0
36.40691404402605,0.0,0.0,0.0,0.0,0.0,0.0,0.0,0.0,0.0,0.0,0.0,0.0,0.0,20377.0,6.0,17424.0,19387.0,6.0,17435.0
36.40696747699985,0.0,0.0,0.0,0.0,0.0,0.0,0.0,0.0,0.0,0.0,0.0,0.0,0.0,20378.0,6.0,17444.0,19388.0,6.0,17457.0
36.407019978010794,0.0,0.0,0.0,0.0,0.0,0.0,0.0,0.0,0.0,0.0,0.0,0.0,0.0,20379.0,6.0,17464.0,19389.0,6.0,17477.0
36.407075826020446,0.0,0.0,0.0,0.0,0.0,0.0,0.0,0.0,0.0,0.0,0.0,0.0,0.0,20380.0,6.0,17484.0,19390.0,6.0,17498.0
36.40712873800658,0.0,0.0,0.0,0.0,0.0,0.0,0.0,0.0,0.0,0.0,0.0,0.0,0.0,20382.0,6.0,17524.0,19391.0,6.0,17527.0
36.407180277019506,0.0,0.0,0.0,0.0,0.0,0.0,0.0,0.0,0.0,0.0,0.0,0.0,0.0,20382.0,6.0,17524.0,19392.0,6.0,17534.0
36.411589126015315,0.0,0.0,0.0,0.0,0.0,0.0,0.0,0.0,0.0,0.0,0.0,0.0,0.0,20383.0,6.0,17544.0,19393.0,6.0,17557.0
36.43342486800975,0.0,0.0,0.0,0.0,0.0,0.0,0.0,0.0,0.0,0.0,0.0,0.0,0.0,20384.0,6.0,17564.0,19394.0,6.0,17577.0
36.45346777001396,0.0,0.0,0.0,0.0,0.0,0.0,0.0,0.0,0.0,0.0,0.0,0.0,0.0,20385.0,6.0,17584.0,19395.0,6.0,17596.0
36.47361808901769,0.0,0.0,0.0,0.0,0.0,0.0,0.0,0.0,0.0,0.0,0.0,0.0,0.0,20386.0,6.0,17604.0,19396.0,6.0,17617.0
36.49240056599956,0.0,0.0,0.0,0.0,0.0,0.0,0.0,0.0,0.0,0.0,0.0,0.0,0.0,20387.0,6.0,17624.0,19397.0,6.0,17636.0
36.91783614602173,0.0,0.0,0.0,0.0,0.0,0.0,0.0,0.0,0.0,0.0,0.0,0.0,0.0,20388.0,6.0,17644.0,19398.0,6.0,17657.0
36.91801083800965,0.0,0.0,0.0,0.0,0.0,0.0,0.0,0.0,0.0,0.0,0.0,0.0,0.0,20389.0,6.0,17664.0,19399.0,6.0,17677.0
36.91808256300283,0.0,0.0,0.0,0.0,0.0,0.0,0.0,0.0,0.0,0.0,0.0,0.0,0.0,20390.0,6.0,17684.0,19400.0,6.0,17697.0
36.91814668002189,0.0,0.0,0.0,0.0,0.0,0.0,0.0,0.0,0.0,0.0,0.0,0.0,0.0,20392.0,6.0,17724.0,19401.0,6.0,17727.0
36.918204433022765,0.0,0.0,0.0,0.0,0.0,0.0,0.0,0.0,0.0,0.0,0.0,0.0,0.0,20392.0,6.0,17724.0,19402.0,6.0,17734.0
36.91825979002169,0.0,0.0,0.0,0.0,0.0,0.0,0.0,0.0,0.0,0.0,0.0,0.0,0.0,20393.0,6.0,17744.0,19403.0,6.0,17757.0
36.918316320021404,0.0,0.0,0.0,0.0,0.0,0.0,0.0,0.0,0.0,0.0,0.0,0.0,0.0,20394.0,6.0,17764.0,19404.0,6.0,17777.0
36.91836856000009,0.0,0.0,0.0,0.0,0.0,0.0,0.0,0.0,0.0,0.0,0.0,0.0,0.0,20395.0,6.0,17784.0,19405.0,6.0,17797.0
36.91851697102538,0.0,0.0,0.0,0.0,0.0,0.0,0.0,0.0,0.0,0.0,0.0,0.0,0.0,20397.0,6.0,17824.0,19406.0,6.0,17827.0
36.91860364002059,0.0,0.0,0.0,0.0,0.0,0.0,0.0,0.0,0.0,0.0,0.0,0.0,0.0,20397.0,6.0,17824.0,19407.0,6.0,17835.0
36.918686661025276,0.0,0.0,0.0,0.0,0.0,0.0,0.0,0.0,0.0,0.0,0.0,0.0,0.0,20398.0,6.0,17844.0,19408.0,6.0,17856.0
36.91877567602205,0.0,0.0,0.0,0.0,0.0,0.0,0.0,0.0,0.0,0.0,0.0,0.0,0.0,20399.0,6.0,17864.0,19409.0,6.0,17877.0
36.91886053100461,0.0,0.0,0.0,0.0,0.0,0.0,0.0,0.0,0.0,0.0,0.0,0.0,0.0,20400.0,6.0,17884.0,19410.0,6.0,17897.0
36.919041637011105,0.0,0.0,0.0,0.0,0.0,0.0,0.0,0.0,0.0,0.0,0.0,0.0,0.0,20402.0,6.0,17924.0,19411.0,6.0,17927.0
36.91912506902008,0.0,0.0,0.0,0.0,0.0,0.0,0.0,0.0,0.0,0.0,0.0,0.0,0.0,20402.0,6.0,17924.0,19412.0,6.0,17935.0
36.91935155901592,0.0,0.0,0.0,0.0,0.0,0.0,0.0,0.0,0.0,0.0,0.0,0.0,0.0,20403.0,6.0,17944.0,19413.0,6.0,17957.0
36.91943022000487,0.0,0.0,0.0,0.0,0.0,0.0,0.0,0.0,0.0,0.0,0.0,0.0,0.0,20404.0,6.0,17964.0,19414.0,6.0,17977.0
36.91951730000437,0.0,0.0,0.0,0.0,0.0,0.0,0.0,0.0,0.0,0.0,0.0,0.0,0.0,20405.0,6.0,17984.0,19415.0,6.0,17998.0
36.919710775022395,0.0,0.0,0.0,0.0,0.0,0.0,0.0,0.0,0.0,0.0,0.0,0.0,0.0,20407.0,6.0,18024.0,19416.0,6.0,18027.0
36.919792252010666,0.0,0.0,0.0,0.0,0.0,0.0,0.0,0.0,0.0,0.0,0.0,0.0,0.0,20407.0,6.0,18024.0,19417.0,6.0,18035.0
36.91987244601478,0.0,0.0,0.0,0.0,0.0,0.0,0.0,0.0,0.0,0.0,0.0,0.0,0.0,20408.0,6.0,18044.0,19418.0,6.0,18057.0
36.93197227301425,0.0,0.0,0.0,0.0,0.0,0.0,0.0,0.0,0.0,0.0,0.0,0.0,0.0,20409.0,6.0,18064.0,19419.0,6.0,18077.0
36.9519943370251,0.0,0.0,0.0,0.0,0.0,0.0,0.0,0.0,0.0,0.0,0.0,0.0,0.0,20410.0,6.0,18084.0,19420.0,6.0,18096.0
36.98199713701615,0.0,0.0,0.0,0.0,0.0,0.0,0.0,0.0,0.0,0.0,0.0,0.0,0.0,20412.0,6.0,18124.0,19421.0,6.0,18127.0
36.98970861901762,0.0,0.0,0.0,0.0,0.0,0.0,0.0,0.0,0.0,0.0,0.0,0.0,0.0,20412.0,6.0,18124.0,19422.0,6.0,18134.0
37.42658908202429,0.0,0.0,0.0,0.0,0.0,0.0,0.0,0.0,0.0,0.0,0.0,0.0,0.0,20414.0,6.0,18164.0,19423.0,6.0,18168.0
37.42680264200317,0.0,0.0,0.0,0.0,0.0,0.0,0.0,0.0,0.0,0.0,0.0,0.0,0.0,20414.0,6.0,18164.0,19424.0,6.0,18175.0
37.426879659004044,0.0,0.0,0.0,0.0,0.0,0.0,0.0,0.0,0.0,0.0,0.0,0.0,0.0,20415.0,6.0,18184.0,19425.0,6.0,18197.0
37.426943316007964,0.0,0.0,0.0,0.0,0.0,0.0,0.0,0.0,0.0,0.0,0.0,0.0,0.0,20417.0,6.0,18224.0,19426.0,6.0,18227.0
37.42700745302136,0.0,0.0,0.0,0.0,0.0,0.0,0.0,0.0,0.0,0.0,0.0,0.0,0.0,20417.0,6.0,18224.0,19427.0,6.0,18235.0
37.427066930016736,0.0,0.0,0.0,0.0,0.0,0.0,0.0,0.0,0.0,0.0,0.0,0.0,0.0,20418.0,6.0,18244.0,19428.0,6.0,18257.0
37.42712229699828,0.0,0.0,0.0,0.0,0.0,0.0,0.0,0.0,0.0,0.0,0.0,0.0,0.0,20419.0,6.0,18264.0,19429.0,6.0,18277.0
37.427185041015036,0.0,0.0,0.0,0.0,0.0,0.0,0.0,0.0,0.0,0.0,0.0,0.0,0.0,20420.0,6.0,18284.0,19430.0,6.0,18297.0
37.427245450002374,0.0,0.0,0.0,0.0,0.0,0.0,0.0,0.0,0.0,0.0,0.0,0.0,0.0,20422.0,6.0,18324.0,19431.0,6.0,18327.0
37.42730178902275,0.0,0.0,0.0,0.0,0.0,0.0,0.0,0.0,0.0,0.0,0.0,0.0,0.0,20422.0,6.0,18324.0,19432.0,6.0,18335.0
37.42736044400954,0.0,0.0,0.0,0.0,0.0,0.0,0.0,0.0,0.0,0.0,0.0,0.0,0.0,20423.0,6.0,18344.0,19433.0,6.0,18357.0
37.42741416802164,0.0,0.0,0.0,0.0,0.0,0.0,0.0,0.0,0.0,0.0,0.0,0.0,0.0,20424.0,6.0,18364.0,19434.0,6.0,18377.0
37.42747095800587,0.0,0.0,0.0,0.0,0.0,0.0,0.0,0.0,0.0,0.0,0.0,0.0,0.0,20425.0,6.0,18384.0,19435.0,6.0,18396.0
37.42756592700607,0.0,0.0,0.0,0.0,0.0,0.0,0.0,0.0,0.0,0.0,0.0,0.0,0.0,20427.0,6.0,18424.0,19436.0,6.0,18427.0
37.42762782901991,0.0,0.0,0.0,0.0,0.0,0.0,0.0,0.0,0.0,0.0,0.0,0.0,0.0,20427.0,6.0,18424.0,19437.0,6.0,18434.0
37.427717204001965,0.0,0.0,0.0,0.0,0.0,0.0,0.0,0.0,0.0,0.0,0.0,0.0,0.0,20428.0,6.0,18444.0,19438.0,6.0,18457.0
37.42781944901799,0.0,0.0,0.0,0.0,0.0,0.0,0.0,0.0,0.0,0.0,0.0,0.0,0.0,20429.0,6.0,18464.0,19439.0,6.0,18477.0
37.428029462025734,0.0,0.0,0.0,0.0,0.0,0.0,0.0,0.0,0.0,0.0,0.0,0.0,0.0,20430.0,6.0,18484.0,19440.0,6.0,18498.0
37.42821635102155,0.0,0.0,0.0,0.0,0.0,0.0,0.0,0.0,0.0,0.0,0.0,0.0,0.0,20432.0,6.0,18524.0,19441.0,6.0,18527.0
37.42830201800098,0.0,0.0,0.0,0.0,0.0,0.0,0.0,0.0,0.0,0.0,0.0,0.0,0.0,20432.0,6.0,18524.0,19442.0,6.0,18535.0
37.428387364023365,0.0,0.0,0.0,0.0,0.0,0.0,0.0,0.0,0.0,0.0,0.0,0.0,0.0,20433.0,6.0,18544.0,19443.0,6.0,18557.0
37.43197473901091,0.0,0.0,0.0,0.0,0.0,0.0,0.0,0.0,0.0,0.0,0.0,0.0,0.0,20434.0,6.0,18564.0,19444.0,6.0,18577.0
37.45188887399854,0.0,0.0,0.0,0.0,0.0,0.0,0.0,0.0,0.0,0.0,0.0,0.0,0.0,20435.0,6.0,18584.0,19445.0,6.0,18597.0
37.483183313015616,0.0,0.0,0.0,0.0,0.0,0.0,0.0,0.0,0.0,0.0,0.0,0.0,0.0,20437.0,6.0,18624.0,19446.0,6.0,18627.0
37.489949442999205,0.0,0.0,0.0,0.0,0.0,0.0,0.0,0.0,0.0,0.0,0.0,0.0,0.0,20437.0,6.0,18624.0,19447.0,6.0,18634.0
37.513723709009355,0.0,0.0,0.0,0.0,0.0,0.0,0.0,0.0,0.0,0.0,0.0,0.0,0.0,20438.0,6.0,18644.0,19448.0,6.0,18657.0
37.9335279140214,0.0,0.0,0.0,0.0,0.0,0.0,0.0,0.0,0.0,0.0,0.0,0.0,0.0,20439.0,6.0,18664.0,19449.0,6.0,18678.0
37.93378343002405,0.0,0.0,0.0,0.0,0.0,0.0,0.0,0.0,0.0,0.0,0.0,0.0,0.0,20440.0,6.0,18684.0,19450.0,6.0,18697.0
37.9338597250171,0.0,0.0,0.0,0.0,0.0,0.0,0.0,0.0,0.0,0.0,0.0,0.0,0.0,20442.0,6.0,18724.0,19451.0,6.0,18727.0
37.93392243899871,0.0,0.0,0.0,0.0,0.0,0.0,0.0,0.0,0.0,0.0,0.0,0.0,0.0,20452.0,6.0,18924.0,19452.0,6.0,18939.0
37.93397999100853,0.0,0.0,0.0,0.0,0.0,0.0,0.0,0.0,0.0,0.0,0.0,0.0,0.0,20453.0,6.0,18944.0,19453.0,6.0,18957.0
37.93403641000623,0.0,0.0,0.0,0.0,0.0,0.0,0.0,0.0,0.0,0.0,0.0,0.0,0.0,20454.0,6.0,18964.0,19454.0,6.0,18977.0
37.9340928090096,0.0,0.0,0.0,0.0,0.0,0.0,0.0,0.0,0.0,0.0,0.0,0.0,0.0,20455.0,6.0,18984.0,19455.0,6.0,18998.0
37.93414635202498,0.0,0.0,0.0,0.0,0.0,0.0,0.0,0.0,0.0,0.0,0.0,0.0,0.0,20457.0,6.0,19024.0,19456.0,6.0,19027.0
37.934210810024524,0.0,0.0,0.0,0.0,0.0,0.0,0.0,0.0,0.0,0.0,0.0,0.0,0.0,20457.0,6.0,19024.0,19457.0,6.0,19035.0
37.93427255100687,0.0,0.0,0.0,0.0,0.0,0.0,0.0,0.0,0.0,0.0,0.0,0.0,0.0,20458.0,6.0,19044.0,19458.0,6.0,19057.0
37.93432649501483,0.0,0.0,0.0,0.0,0.0,0.0,0.0,0.0,0.0,0.0,0.0,0.0,0.0,20459.0,6.0,19064.0,19459.0,6.0,19077.0
37.96308153599966,0.0,0.0,0.0,0.0,0.0,0.0,0.0,0.0,0.0,0.0,0.0,0.0,0.0,20461.0,6.0,19104.0,19460.0,6.0,19107.0
37.97601488602231,0.0,0.0,0.0,0.0,0.0,0.0,0.0,0.0,0.0,0.0,0.0,0.0,0.0,20461.0,6.0,19104.0,19461.0,6.0,19118.0
37.99219690400059,0.0,0.0,0.0,0.0,0.0,0.0,0.0,0.0,0.0,0.0,0.0,0.0,0.0,20462.0,6.0,19124.0,19462.0,6.0,19137.0
38.012457442004234,0.0,0.0,0.0,0.0,0.0,0.0,0.0,0.0,0.0,0.0,0.0,0.0,0.0,20463.0,6.0,19144.0,19463.0,6.0,19157.0
38.0325683960109,0.0,0.0,0.0,0.0,0.0,0.0,0.0,0.0,0.0,0.0,0.0,0.0,0.0,20464.0,6.0,19164.0,19464.0,6.0,19177.0
38.45046083201305,0.0,0.0,0.0,0.0,0.0,0.0,0.0,0.0,0.0,0.0,0.0,0.0,0.0,20475.0,6.0,19384.0,19475.0,6.0,19397.0
38.45092162801302,0.0,0.0,0.0,0.0,0.0,0.0,0.0,0.0,0.0,0.0,0.0,0.0,0.0,20477.0,6.0,19424.0,19476.0,6.0,19427.0
38.45099040601053,0.0,0.0,0.0,0.0,0.0,0.0,0.0,0.0,0.0,0.0,0.0,0.0,0.0,20477.0,6.0,19424.0,19477.0,6.0,19434.0
38.45104930101661,0.0,0.0,0.0,0.0,0.0,0.0,0.0,0.0,0.0,0.0,0.0,0.0,0.0,20478.0,6.0,19444.0,19478.0,6.0,19457.0
38.45110471799853,0.0,0.0,0.0,0.0,0.0,0.0,0.0,0.0,0.0,0.0,0.0,0.0,0.0,20479.0,6.0,19464.0,19479.0,6.0,19477.0
38.4511588520254,0.0,0.0,0.0,0.0,0.0,0.0,0.0,0.0,0.0,0.0,0.0,0.0,0.0,20480.0,6.0,19484.0,19480.0,6.0,19498.0
38.4512117030099,0.0,0.0,0.0,0.0,0.0,0.0,0.0,0.0,0.0,0.0,0.0,0.0,0.0,20482.0,6.0,19524.0,19481.0,6.0,19527.0
38.451267260010354,0.0,0.0,0.0,0.0,0.0,0.0,0.0,0.0,0.0,0.0,0.0,0.0,0.0,20482.0,6.0,19524.0,19482.0,6.0,19534.0
38.45132110401755,0.0,0.0,0.0,0.0,0.0,0.0,0.0,0.0,0.0,0.0,0.0,0.0,0.0,20483.0,6.0,19544.0,19483.0,6.0,19557.0
38.4513755190128,0.0,0.0,0.0,0.0,0.0,0.0,0.0,0.0,0.0,0.0,0.0,0.0,0.0,20484.0,6.0,19564.0,19484.0,6.0,19577.0
38.45458734201384,0.0,0.0,0.0,0.0,0.0,0.0,0.0,0.0,0.0,0.0,0.0,0.0,0.0,20485.0,6.0,19584.0,19485.0,6.0,19596.0
38.48661612800788,0.0,0.0,0.0,0.0,0.0,0.0,0.0,0.0,0.0,0.0,0.0,0.0,0.0,20487.0,6.0,19624.0,19486.0,6.0,19627.0
38.491483607009286,0.0,0.0,0.0,0.0,0.0,0.0,0.0,0.0,0.0,0.0,0.0,0.0,0.0,20487.0,6.0,19624.0,19487.0,6.0,19634.0
38.523023643007036,0.0,0.0,0.0,0.0,0.0,0.0,0.0,0.0,0.0,0.0,0.0,0.0,0.0,20489.0,6.0,19664.0,19488.0,6.0,19667.0
38.529641064000316,0.0,0.0,0.0,0.0,0.0,0.0,0.0,0.0,0.0,0.0,0.0,0.0,0.0,20489.0,6.0,19664.0,19489.0,6.0,19674.0
38.953443566017086,0.0,0.0,0.0,0.0,0.0,0.0,0.0,0.0,0.0,0.0,0.0,0.0,0.0,20491.0,6.0,19704.0,19490.0,6.0,19707.0
38.953606338007376,0.0,0.0,0.0,0.0,0.0,0.0,0.0,0.0,0.0,0.0,0.0,0.0,0.0,20491.0,6.0,19704.0,19491.0,6.0,19719.0
38.95367450400954,0.0,0.0,0.0,0.0,0.0,0.0,0.0,0.0,0.0,0.0,0.0,0.0,0.0,20492.0,6.0,19724.0,19492.0,6.0,19737.0
38.9549535390106,0.0,0.0,0.0,0.0,0.0,0.0,0.0,0.0,0.0,0.0,0.0,0.0,0.0,20493.0,6.0,19744.0,19493.0,6.0,19757.0
38.95503359200666,0.0,0.0,0.0,0.0,0.0,0.0,0.0,0.0,0.0,0.0,0.0,0.0,0.0,20498.0,6.0,19844.0,19498.0,6.0,19857.0
38.95509388000937,0.0,0.0,0.0,0.0,0.0,0.0,0.0,0.0,0.0,0.0,0.0,0.0,0.0,20499.0,6.0,19864.0,19499.0,6.0,19877.0
38.95514839500538,0.0,0.0,0.0,0.0,0.0,0.0,0.0,0.0,0.0,0.0,0.0,0.0,0.0,20500.0,6.0,19884.0,19500.0,6.0,19897.0
38.9552015470108,0.0,0.0,0.0,0.0,0.0,0.0,0.0,0.0,0.0,0.0,0.0,0.0,0.0,20502.0,6.0,19924.0,19501.0,6.0,19927.0
38.95525415701559,0.0,0.0,0.0,0.0,0.0,0.0,0.0,0.0,0.0,0.0,0.0,0.0,0.0,20502.0,6.0,19924.0,19502.0,6.0,19934.0
38.955306527001085,0.0,0.0,0.0,0.0,0.0,0.0,0.0,0.0,0.0,0.0,0.0,0.0,0.0,20503.0,6.0,19944.0,19503.0,6.0,19957.0
38.9553592170123,0.0,0.0,0.0,0.0,0.0,0.0,0.0,0.0,0.0,0.0,0.0,0.0,0.0,20504.0,6.0,19964.0,19504.0,6.0,19977.0
38.95541209800285,0.0,0.0,0.0,0.0,0.0,0.0,0.0,0.0,0.0,0.0,0.0,0.0,0.0,20505.0,6.0,19984.0,19505.0,6.0,19998.0
38.95546811600798,0.0,0.0,0.0,0.0,0.0,0.0,0.0,0.0,0.0,0.0,0.0,0.0,0.0,20507.0,6.0,20024.0,19506.0,6.0,20027.0
38.95553093001945,0.0,0.0,0.0,0.0,0.0,0.0,0.0,0.0,0.0,0.0,0.0,0.0,0.0,20507.0,6.0,20024.0,19507.0,6.0,20035.0
38.955594696017215,0.0,0.0,0.0,0.0,0.0,0.0,0.0,0.0,0.0,0.0,0.0,0.0,0.0,20508.0,6.0,20044.0,19508.0,6.0,20057.0
38.95564826802001,0.0,0.0,0.0,0.0,0.0,0.0,0.0,0.0,0.0,0.0,0.0,0.0,0.0,20509.0,6.0,20064.0,19509.0,6.0,20077.0
38.955701440019766,0.0,0.0,0.0,0.0,0.0,0.0,0.0,0.0,0.0,0.0,0.0,0.0,0.0,20510.0,6.0,20084.0,19510.0,6.0,20097.0
38.983730369014665,0.0,0.0,0.0,0.0,0.0,0.0,0.0,0.0,0.0,0.0,0.0,0.0,0.0,20512.0,6.0,20124.0,19511.0,6.0,20127.0
38.99230779800564,0.0,0.0,0.0,0.0,0.0,0.0,0.0,0.0,0.0,0.0,0.0,0.0,0.0,20512.0,6.0,20124.0,19512.0,6.0,20134.0
39.01568569900701,0.0,0.0,0.0,0.0,0.0,0.0,0.0,0.0,0.0,0.0,0.0,0.0,0.0,20513.0,6.0,20144.0,19513.0,6.0,20157.0
39.03246243100148,0.0,0.0,0.0,0.0,0.0,0.0,0.0,0.0,0.0,0.0,0.0,0.0,0.0,20514.0,6.0,20164.0,19514.0,6.0,20177.0
39.054030262021115,0.0,0.0,0.0,0.0,0.0,0.0,0.0,0.0,0.0,0.0,0.0,0.0,0.0,20515.0,6.0,20184.0,19515.0,6.0,20197.0
39.46414265001658,0.0,0.0,0.0,0.0,0.0,0.0,0.0,0.0,0.0,0.0,0.0,0.0,0.0,20517.0,6.0,20224.0,19516.0,6.0,20227.0
39.464284294022946,0.0,0.0,0.0,0.0,0.0,0.0,0.0,0.0,0.0,0.0,0.0,0.0,0.0,20522.0,6.0,20324.0,19521.0,6.0,20327.0
39.46436515901587,0.0,0.0,0.0,0.0,0.0,0.0,0.0,0.0,0.0,0.0,0.0,0.0,0.0,20522.0,6.0,20324.0,19522.0,6.0,20335.0
39.46442883502459,0.0,0.0,0.0,0.0,0.0,0.0,0.0,0.0,0.0,0.0,0.0,0.0,0.0,20523.0,6.0,20344.0,19523.0,6.0,20357.0
39.4644909670169,0.0,0.0,0.0,0.0,0.0,0.0,0.0,0.0,0.0,0.0,0.0,0.0,0.0,20524.0,6.0,20364.0,19524.0,6.0,20377.0
39.46455248800339,0.0,0.0,0.0,0.0,0.0,0.0,0.0,0.0,0.0,0.0,0.0,0.0,0.0,20525.0,6.0,20384.0,19525.0,6.0,20397.0
39.46460719301831,0.0,0.0,0.0,0.0,0.0,0.0,0.0,0.0,0.0,0.0,0.0,0.0,0.0,20527.0,6.0,20424.0,19526.0,6.0,20427.0
39.46466330101248,0.0,0.0,0.0,0.0,0.0,0.0,0.0,0.0,0.0,0.0,0.0,0.0,0.0,20527.0,6.0,20424.0,19527.0,6.0,20434.0
39.46471977001056,0.0,0.0,0.0,0.0,0.0,0.0,0.0,0.0,0.0,0.0,0.0,0.0,0.0,20528.0,6.0,20444.0,19528.0,6.0,20457.0
39.46478703801404,0.0,0.0,0.0,0.0,0.0,0.0,0.0,0.0,0.0,0.0,0.0,0.0,0.0,20529.0,6.0,20464.0,19529.0,6.0,20477.0
39.46484859101474,0.0,0.0,0.0,0.0,0.0,0.0,0.0,0.0,0.0,0.0,0.0,0.0,0.0,20530.0,6.0,20484.0,19530.0,6.0,20498.0
39.46490369300591,0.0,0.0,0.0,0.0,0.0,0.0,0.0,0.0,0.0,0.0,0.0,0.0,0.0,20532.0,6.0,20524.0,19531.0,6.0,20527.0
39.46495870500803,0.0,0.0,0.0,0.0,0.0,0.0,0.0,0.0,0.0,0.0,0.0,0.0,0.0,20532.0,6.0,20524.0,19532.0,6.0,20535.0
39.46501298600924,0.0,0.0,0.0,0.0,0.0,0.0,0.0,0.0,0.0,0.0,0.0,0.0,0.0,20533.0,6.0,20544.0,19533.0,6.0,20557.0
39.46506455200142,0.0,0.0,0.0,0.0,0.0,0.0,0.0,0.0,0.0,0.0,0.0,0.0,0.0,20534.0,6.0,20564.0,19534.0,6.0,20577.0
39.46511495602317,0.0,0.0,0.0,0.0,0.0,0.0,0.0,0.0,0.0,0.0,0.0,0.0,0.0,20535.0,6.0,20584.0,19535.0,6.0,20597.0
39.48779035001644,0.0,0.0,0.0,0.0,0.0,0.0,0.0,0.0,0.0,0.0,0.0,0.0,0.0,20537.0,6.0,20624.0,19536.0,6.0,20627.0
39.49060839100275,0.0,0.0,0.0,0.0,0.0,0.0,0.0,0.0,0.0,0.0,0.0,0.0,0.0,20537.0,6.0,20624.0,19537.0,6.0,20634.0
39.517437488015275,0.0,0.0,0.0,0.0,0.0,0.0,0.0,0.0,0.0,0.0,0.0,0.0,0.0,20538.0,6.0,20644.0,19538.0,6.0,20656.0
39.53338778001489,0.0,0.0,0.0,0.0,0.0,0.0,0.0,0.0,0.0,0.0,0.0,0.0,0.0,20539.0,6.0,20664.0,19539.0,6.0,20677.0
39.5527131340059,0.0,0.0,0.0,0.0,0.0,0.0,0.0,0.0,0.0,0.0,0.0,0.0,0.0,20540.0,6.0,20684.0,19540.0,6.0,20697.0
39.97268927600817,0.0,0.0,0.0,0.0,0.0,0.0,0.0,0.0,0.0,0.0,0.0,0.0,0.0,20542.0,6.0,20724.0,19541.0,6.0,20727.0
39.973123715026304,0.0,0.0,0.0,0.0,0.0,0.0,0.0,0.0,0.0,0.0,0.0,0.0,0.0,20552.0,6.0,20924.0,19542.0,6.0,20938.0
39.97319305202109,0.0,0.0,0.0,0.0,0.0,0.0,0.0,0.0,0.0,0.0,0.0,0.0,0.0,20553.0,6.0,20944.0,19543.0,6.0,20957.0
39.97325700701913,0.0,0.0,0.0,0.0,0.0,0.0,0.0,0.0,0.0,0.0,0.0,0.0,0.0,20554.0,6.0,20964.0,19544.0,6.0,20977.0
39.973314215021674,0.0,0.0,0.0,0.0,0.0,0.0,0.0,0.0,0.0,0.0,0.0,0.0,0.0,20555.0,6.0,20984.0,19545.0,6.0,20998.0
39.97336760599865,0.0,0.0,0.0,0.0,0.0,0.0,0.0,0.0,0.0,0.0,0.0,0.0,0.0,20557.0,6.0,21024.0,19546.0,6.0,21027.0
39.973420068999985,0.0,0.0,0.0,0.0,0.0,0.0,0.0,0.0,0.0,0.0,0.0,0.0,0.0,20557.0,6.0,21024.0,19547.0,6.0,21035.0
39.97347984800581,0.0,0.0,0.0,0.0,0.0,0.0,0.0,0.0,0.0,0.0,0.0,0.0,0.0,20558.0,6.0,21044.0,19548.0,6.0,21057.0
39.97353208300774,0.0,0.0,0.0,0.0,0.0,0.0,0.0,0.0,0.0,0.0,0.0,0.0,0.0,20559.0,6.0,21064.0,19549.0,6.0,21077.0
39.97358485500445,0.0,0.0,0.0,0.0,0.0,0.0,0.0,0.0,0.0,0.0,0.0,0.0,0.0,20560.0,6.0,21084.0,19550.0,6.0,21097.0
39.98260326302261,0.0,0.0,0.0,0.0,0.0,0.0,0.0,0.0,0.0,0.0,0.0,0.0,0.0,20562.0,6.0,21124.0,19551.0,6.0,21129.0
39.990682617004495,0.0,0.0,0.0,0.0,0.0,0.0,0.0,0.0,0.0,0.0,0.0,0.0,0.0,20562.0,6.0,21124.0,19552.0,6.0,21136.0
40.014393151010154,0.0,0.0,0.0,0.0,0.0,0.0,0.0,0.0,0.0,0.0,0.0,0.0,0.0,20563.0,6.0,21144.0,19553.0,6.0,21157.0
40.034016085002804,0.0,0.0,0.0,0.0,0.0,0.0,0.0,0.0,0.0,0.0,0.0,0.0,0.0,20564.0,6.0,21164.0,19554.0,6.0,21177.0
40.05125054702512,0.0,0.0,0.0,0.0,0.0,0.0,0.0,0.0,0.0,0.0,0.0,0.0,0.0,20565.0,6.0,21184.0,19555.0,6.0,21197.0
40.48060429299949,0.0,0.0,0.0,0.0,0.0,0.0,0.0,0.0,0.0,0.0,0.0,0.0,0.0,20577.0,6.0,21424.0,19566.0,6.0,21427.0
40.48088911600644,0.0,0.0,0.0,0.0,0.0,0.0,0.0,0.0,0.0,0.0,0.0,0.0,0.0,20577.0,6.0,21424.0,19567.0,6.0,21434.0
40.480997611011844,0.0,0.0,0.0,0.0,0.0,0.0,0.0,0.0,0.0,0.0,0.0,0.0,0.0,20578.0,6.0,21444.0,19568.0,6.0,21457.0
40.481063598999754,0.0,0.0,0.0,0.0,0.0,0.0,0.0,0.0,0.0,0.0,0.0,0.0,0.0,20579.0,6.0,21464.0,19569.0,6.0,21477.0
40.48112225200748,0.0,0.0,0.0,0.0,0.0,0.0,0.0,0.0,0.0,0.0,0.0,0.0,0.0,20580.0,6.0,21484.0,19570.0,6.0,21498.0
40.48118095501559,0.0,0.0,0.0,0.0,0.0,0.0,0.0,0.0,0.0,0.0,0.0,0.0,0.0,20582.0,6.0,21524.0,19571.0,6.0,21527.0
40.48124229800305,0.0,0.0,0.0,0.0,0.0,0.0,0.0,0.0,0.0,0.0,0.0,0.0,0.0,20582.0,6.0,21524.0,19572.0,6.0,21535.0
40.48129726402112,0.0,0.0,0.0,0.0,0.0,0.0,0.0,0.0,0.0,0.0,0.0,0.0,0.0,20583.0,6.0,21544.0,19573.0,6.0,21557.0
40.48135013601859,0.0,0.0,0.0,0.0,0.0,0.0,0.0,0.0,0.0,0.0,0.0,0.0,0.0,20584.0,6.0,21564.0,19574.0,6.0,21577.0
40.48140344701824,0.0,0.0,0.0,0.0,0.0,0.0,0.0,0.0,0.0,0.0,0.0,0.0,0.0,20585.0,6.0,21584.0,19575.0,6.0,21597.0
40.48145616002148,0.0,0.0,0.0,0.0,0.0,0.0,0.0,0.0,0.0,0.0,0.0,0.0,0.0,20587.0,6.0,21624.0,19576.0,6.0,21627.0
40.486815944022965,0.0,0.0,0.0,0.0,0.0,0.0,0.0,0.0,0.0,0.0,0.0,0.0,0.0,20587.0,6.0,21624.0,19577.0,6.0,21634.0
40.5083790270146,0.0,0.0,0.0,0.0,0.0,0.0,0.0,0.0,0.0,0.0,0.0,0.0,0.0,20588.0,6.0,21644.0,19578.0,6.0,21657.0
40.52990971901454,0.0,0.0,0.0,0.0,0.0,0.0,0.0,0.0,0.0,0.0,0.0,0.0,0.0,20589.0,6.0,21664.0,19579.0,6.0,21677.0
40.547759741020855,0.0,0.0,0.0,0.0,0.0,0.0,0.0,0.0,0.0,0.0,0.0,0.0,0.0,20590.0,6.0,21684.0,19580.0,6.0,21697.0
40.57808682700852,0.0,0.0,0.0,0.0,0.0,0.0,0.0,0.0,0.0,0.0,0.0,0.0,0.0,20592.0,6.0,21724.0,19581.0,6.0,21727.0
40.90955655599828,0.0,0.0,0.0,0.0,0.0,0.0,0.0,0.0,0.0,0.0,0.0,0.0,0.0,20592.0,6.0,21724.0,19582.0,6.0,21734.0
40.90970934001962,0.0,0.0,0.0,0.0,0.0,0.0,0.0,0.0,0.0,0.0,0.0,0.0,0.0,20593.0,6.0,21744.0,19583.0,6.0,21757.0
40.9097858669993,0.0,0.0,0.0,0.0,0.0,0.0,0.0,0.0,0.0,0.0,0.0,0.0,0.0,20594.0,6.0,21764.0,19584.0,6.0,21777.0
40.9098510480253,0.0,0.0,0.0,0.0,0.0,0.0,0.0,0.0,0.0,0.0,0.0,0.0,0.0,20595.0,6.0,21784.0,19585.0,6.0,21797.0
40.90990993802552,0.0,0.0,0.0,0.0,0.0,0.0,0.0,0.0,0.0,0.0,0.0,0.0,0.0,20597.0,6.0,21824.0,19586.0,6.0,21827.0
40.90996912799892,0.0,0.0,0.0,0.0,0.0,0.0,0.0,0.0,0.0,0.0,0.0,0.0,0.0,20597.0,6.0,21824.0,19587.0,6.0,21834.0
40.91002606402617,0.0,0.0,0.0,0.0,0.0,0.0,0.0,0.0,0.0,0.0,0.0,0.0,0.0,20598.0,6.0,21844.0,19588.0,6.0,21857.0
40.91008336900268,0.0,0.0,0.0,0.0,0.0,0.0,0.0,0.0,0.0,0.0,0.0,0.0,0.0,20599.0,6.0,21864.0,19589.0,6.0,21877.0
40.91014003701275,0.0,0.0,0.0,0.0,0.0,0.0,0.0,0.0,0.0,0.0,0.0,0.0,0.0,20600.0,6.0,21884.0,19590.0,6.0,21897.0
40.910196265002014,0.0,0.0,0.0,0.0,0.0,0.0,0.0,0.0,0.0,0.0,0.0,0.0,0.0,20602.0,6.0,21924.0,19591.0,6.0,21928.0
40.91028158500558,0.0,0.0,0.0,0.0,0.0,0.0,0.0,0.0,0.0,0.0,0.0,0.0,0.0,20602.0,6.0,21924.0,19592.0,6.0,21935.0
40.91036624700064,0.0,0.0,0.0,0.0,0.0,0.0,0.0,0.0,0.0,0.0,0.0,0.0,0.0,20603.0,6.0,21944.0,19593.0,6.0,21957.0
40.91044660101761,0.0,0.0,0.0,0.0,0.0,0.0,0.0,0.0,0.0,0.0,0.0,0.0,0.0,20604.0,6.0,21964.0,19594.0,6.0,21977.0
40.91053327699774,0.0,0.0,0.0,0.0,0.0,0.0,0.0,0.0,0.0,0.0,0.0,0.0,0.0,20605.0,6.0,21984.0,19595.0,6.0,21998.0
40.91071979800472,0.0,0.0,0.0,0.0,0.0,0.0,0.0,0.0,0.0,0.0,0.0,0.0,0.0,20607.0,6.0,22024.0,19596.0,6.0,22027.0
40.91080345300725,0.0,0.0,0.0,0.0,0.0,0.0,0.0,0.0,0.0,0.0,0.0,0.0,0.0,20607.0,6.0,22024.0,19597.0,6.0,22035.0
40.91349243102013,0.0,0.0,0.0,0.0,0.0,0.0,0.0,0.0,0.0,0.0,0.0,0.0,0.0,20608.0,6.0,22044.0,19598.0,6.0,22057.0
40.926512158999685,0.0,0.0,0.0,0.0,0.0,0.0,0.0,0.0,0.0,0.0,0.0,0.0,0.0,20609.0,6.0,22064.0,19599.0,6.0,22077.0
40.946481899009086,0.0,0.0,0.0,0.0,0.0,0.0,0.0,0.0,0.0,0.0,0.0,0.0,0.0,20610.0,6.0,22084.0,19600.0,6.0,22097.0
40.977307556022424,0.0,0.0,0.0,0.0,0.0,0.0,0.0,0.0,0.0,0.0,0.0,0.0,0.0,20612.0,6.0,22124.0,19601.0,6.0,22127.0
40.984626463003224,0.0,0.0,0.0,0.0,0.0,0.0,0.0,0.0,0.0,0.0,0.0,0.0,0.0,20612.0,6.0,22124.0,19602.0,6.0,22134.0
41.00677364101284,0.0,0.0,0.0,0.0,0.0,0.0,0.0,0.0,0.0,0.0,0.0,0.0,0.0,20613.0,6.0,22144.0,19603.0,6.0,22156.0
41.026977905014064,0.0,0.0,0.0,0.0,0.0,0.0,0.0,0.0,0.0,0.0,0.0,0.0,0.0,20614.0,6.0,22164.0,19604.0,6.0,22177.0
41.046792467997875,0.0,0.0,0.0,0.0,0.0,0.0,0.0,0.0,0.0,0.0,0.0,0.0,0.0,20615.0,6.0,22184.0,19605.0,6.0,22197.0
41.07643386701238,0.0,0.0,0.0,0.0,0.0,0.0,0.0,0.0,0.0,0.0,0.0,0.0,0.0,20617.0,6.0,22224.0,19606.0,6.0,22227.0
41.083357220020844,0.0,0.0,0.0,0.0,0.0,0.0,0.0,0.0,0.0,0.0,0.0,0.0,0.0,20617.0,6.0,22224.0,19607.0,6.0,22234.0
41.10937573001138,0.0,0.0,0.0,0.0,0.0,0.0,0.0,0.0,0.0,0.0,0.0,0.0,0.0,20618.0,6.0,22244.0,19608.0,6.0,22257.0
41.124572029017145,0.0,0.0,0.0,0.0,0.0,0.0,0.0,0.0,0.0,0.0,0.0,0.0,0.0,20619.0,6.0,22264.0,19609.0,6.0,22277.0
41.148041145002935,0.0,0.0,0.0,0.0,0.0,0.0,0.0,0.0,0.0,0.0,0.0,0.0,0.0,20620.0,6.0,22284.0,19610.0,6.0,22297.0
41.17809022101574,0.0,0.0,0.0,0.0,0.0,0.0,0.0,0.0,0.0,0.0,0.0,0.0,0.0,20622.0,6.0,22324.0,19611.0,6.0,22327.0
41.18208093900466,0.0,0.0,0.0,0.0,0.0,0.0,0.0,0.0,0.0,0.0,0.0,0.0,0.0,20622.0,6.0,22324.0,19612.0,6.0,22334.0
41.208046769024804,0.0,0.0,0.0,0.0,0.0,0.0,0.0,0.0,0.0,0.0,0.0,0.0,0.0,20623.0,6.0,22344.0,19613.0,6.0,22357.0
41.224947699025506,0.0,0.0,0.0,0.0,0.0,0.0,0.0,0.0,0.0,0.0,0.0,0.0,0.0,20624.0,6.0,22364.0,19614.0,6.0,22377.0
41.359607368009165,0.0,0.0,0.0,0.0,0.0,0.0,0.0,0.0,0.0,0.0,0.0,0.0,0.0,20625.0,6.0,22384.0,19615.0,6.0,22397.0
41.35976702100015,0.0,0.0,0.0,0.0,0.0,0.0,0.0,0.0,0.0,0.0,0.0,0.0,0.0,20627.0,6.0,22424.0,19616.0,6.0,22427.0
41.359841245022835,0.0,0.0,0.0,0.0,0.0,0.0,0.0,0.0,0.0,0.0,0.0,0.0,0.0,20627.0,6.0,22424.0,19617.0,6.0,22434.0
41.35990294700605,0.0,0.0,0.0,0.0,0.0,0.0,0.0,0.0,0.0,0.0,0.0,0.0,0.0,20629.0,6.0,22464.0,19618.0,6.0,22467.0
41.35996183700627,0.0,0.0,0.0,0.0,0.0,0.0,0.0,0.0,0.0,0.0,0.0,0.0,0.0,20629.0,6.0,22464.0,19619.0,6.0,22474.0
41.360019950021524,0.0,0.0,0.0,0.0,0.0,0.0,0.0,0.0,0.0,0.0,0.0,0.0,0.0,20631.0,6.0,22504.0,19620.0,6.0,22507.0
41.366532097017625,0.0,0.0,0.0,0.0,0.0,0.0,0.0,0.0,0.0,0.0,0.0,0.0,0.0,20631.0,6.0,22504.0,19621.0,6.0,22518.0
41.394871477998095,0.0,0.0,0.0,0.0,0.0,0.0,0.0,0.0,0.0,0.0,0.0,0.0,0.0,20632.0,6.0,22524.0,19622.0,6.0,22537.0
41.40374228102155,0.0,0.0,0.0,0.0,0.0,0.0,0.0,0.0,0.0,0.0,0.0,0.0,0.0,20633.0,6.0,22544.0,19623.0,6.0,22557.0
41.423707903013565,0.0,0.0,0.0,0.0,0.0,0.0,0.0,0.0,0.0,0.0,0.0,0.0,0.0,20634.0,6.0,22564.0,19624.0,6.0,22577.0
41.446865609003,0.0,0.0,0.0,0.0,0.0,0.0,0.0,0.0,0.0,0.0,0.0,0.0,0.0,20635.0,6.0,22584.0,19625.0,6.0,22597.0
41.509494532016106,0.0,0.0,0.0,0.0,0.0,0.0,0.0,0.0,0.0,0.0,0.0,0.0,0.0,20637.0,6.0,22624.0,19626.0,6.0,22627.0
41.50989002501592,0.0,0.0,0.0,0.0,0.0,0.0,0.0,0.0,0.0,0.0,0.0,0.0,0.0,20637.0,6.0,22624.0,19627.0,6.0,22634.0
41.51017062901519,0.0,0.0,0.0,0.0,0.0,0.0,0.0,0.0,0.0,0.0,0.0,0.0,0.0,20638.0,6.0,22644.0,19628.0,6.0,22657.0
41.580110442999285,0.0,0.0,0.0,0.0,0.0,0.0,0.0,0.0,0.0,0.0,0.0,0.0,0.0,20639.0,6.0,22664.0,19629.0,6.0,22677.0
41.58022163400892,0.0,0.0,0.0,0.0,0.0,0.0,0.0,0.0,0.0,0.0,0.0,0.0,0.0,20640.0,6.0,22684.0,19630.0,6.0,22697.0
41.580293126025936,0.0,0.0,0.0,0.0,0.0,0.0,0.0,0.0,0.0,0.0,0.0,0.0,0.0,20642.0,6.0,22724.0,19631.0,6.0,22727.0
41.593439717020374,0.0,0.0,0.0,0.0,0.0,0.0,0.0,0.0,0.0,0.0,0.0,0.0,0.0,20643.0,6.0,22744.0,19632.0,6.0,22746.0
41.599656505015446,0.0,0.0,0.0,0.0,0.0,0.0,0.0,0.0,0.0,0.0,0.0,0.0,0.0,20643.0,6.0,22744.0,19633.0,6.0,22753.0
41.63324315100908,0.0,0.0,0.0,0.0,0.0,0.0,0.0,0.0,0.0,0.0,0.0,0.0,0.0,20645.0,6.0,22784.0,19634.0,6.0,22787.0
41.64132107200567,0.0,0.0,0.0,0.0,0.0,0.0,0.0,0.0,0.0,0.0,0.0,0.0,0.0,20645.0,6.0,22784.0,19635.0,6.0,22794.0
41.664136848005,0.0,0.0,0.0,0.0,0.0,0.0,0.0,0.0,0.0,0.0,0.0,0.0,0.0,20646.0,6.0,22804.0,19636.0,6.0,22817.0
41.79775472401525,0.0,0.0,0.0,0.0,0.0,0.0,0.0,0.0,0.0,0.0,0.0,0.0,0.0,20647.0,6.0,22824.0,19637.0,6.0,22837.0
41.79791754501639,0.0,0.0,0.0,0.0,0.0,0.0,0.0,0.0,0.0,0.0,0.0,0.0,0.0,20648.0,6.0,22844.0,19638.0,6.0,22857.0
41.79798914701678,0.0,0.0,0.0,0.0,0.0,0.0,0.0,0.0,0.0,0.0,0.0,0.0,0.0,20649.0,6.0,22864.0,19639.0,6.0,22878.0
41.798057419015095,0.0,0.0,0.0,0.0,0.0,0.0,0.0,0.0,0.0,0.0,0.0,0.0,0.0,20650.0,6.0,22884.0,19640.0,6.0,22897.0
41.79811912900186,0.0,0.0,0.0,0.0,0.0,0.0,0.0,0.0,0.0,0.0,0.0,0.0,0.0,20652.0,6.0,22924.0,19641.0,6.0,22927.0
41.79817836501752,0.0,0.0,0.0,0.0,0.0,0.0,0.0,0.0,0.0,0.0,0.0,0.0,0.0,20652.0,6.0,22924.0,19642.0,6.0,22935.0
41.80243903200608,0.0,0.0,0.0,0.0,0.0,0.0,0.0,0.0,0.0,0.0,0.0,0.0,0.0,20653.0,6.0,22944.0,19643.0,6.0,22957.0
41.82256426202366,0.0,0.0,0.0,0.0,0.0,0.0,0.0,0.0,0.0,0.0,0.0,0.0,0.0,20654.0,6.0,22964.0,19644.0,6.0,22976.0
41.844508643000154,0.0,0.0,0.0,0.0,0.0,0.0,0.0,0.0,0.0,0.0,0.0,0.0,0.0,20655.0,6.0,22984.0,19645.0,6.0,22998.0
41.87335540301865,0.0,0.0,0.0,0.0,0.0,0.0,0.0,0.0,0.0,0.0,0.0,0.0,0.0,20657.0,6.0,23024.0,19646.0,6.0,23027.0
41.879019428015454,0.0,0.0,0.0,0.0,0.0,0.0,0.0,0.0,0.0,0.0,0.0,0.0,0.0,20657.0,6.0,23024.0,19647.0,6.0,23034.0
41.924831306008855,0.0,0.0,0.0,0.0,0.0,0.0,0.0,0.0,0.0,0.0,0.0,0.0,0.0,20658.0,6.0,23044.0,19648.0,6.0,23057.0
41.92494387601619,0.0,0.0,0.0,0.0,0.0,0.0,0.0,0.0,0.0,0.0,0.0,0.0,0.0,20659.0,6.0,23064.0,19649.0,6.0,23077.0
42.01407080001081,0.0,0.0,0.0,0.0,0.0,0.0,0.0,0.0,0.0,0.0,0.0,0.0,0.0,20660.0,6.0,23084.0,19650.0,6.0,23097.0
42.01421804301208,0.0,0.0,0.0,0.0,0.0,0.0,0.0,0.0,0.0,0.0,0.0,0.0,0.0,20662.0,6.0,23124.0,19651.0,6.0,23127.0
42.014290065009845,0.0,0.0,0.0,0.0,0.0,0.0,0.0,0.0,0.0,0.0,0.0,0.0,0.0,20662.0,6.0,23124.0,19652.0,6.0,23134.0
42.01435259199934,0.0,0.0,0.0,0.0,0.0,0.0,0.0,0.0,0.0,0.0,0.0,0.0,0.0,20664.0,6.0,23164.0,19653.0,6.0,23167.0
42.03180073801195,0.0,0.0,0.0,0.0,0.0,0.0,0.0,0.0,0.0,0.0,0.0,0.0,0.0,20664.0,6.0,23164.0,19654.0,6.0,23175.0
42.04063488700194,0.0,0.0,0.0,0.0,0.0,0.0,0.0,0.0,0.0,0.0,0.0,0.0,0.0,20665.0,6.0,23184.0,19655.0,6.0,23197.0
42.07447277801111,0.0,0.0,0.0,0.0,0.0,0.0,0.0,0.0,0.0,0.0,0.0,0.0,0.0,20667.0,6.0,23224.0,19656.0,6.0,23227.0
42.084485675004544,0.0,0.0,0.0,0.0,0.0,0.0,0.0,0.0,0.0,0.0,0.0,0.0,0.0,20667.0,6.0,23224.0,19657.0,6.0,23234.0
42.10180335000041,0.0,0.0,0.0,0.0,0.0,0.0,0.0,0.0,0.0,0.0,0.0,0.0,0.0,20668.0,6.0,23244.0,19658.0,6.0,23257.0
42.1942649249977,0.0,0.0,0.0,0.0,0.0,0.0,0.0,0.0,0.0,0.0,0.0,0.0,0.0,20669.0,6.0,23264.0,19659.0,6.0,23277.0
42.19439287201385,0.0,0.0,0.0,0.0,0.0,0.0,0.0,0.0,0.0,0.0,0.0,0.0,0.0,20670.0,6.0,23284.0,19660.0,6.0,23297.0
42.19447237299755,0.0,0.0,0.0,0.0,0.0,0.0,0.0,0.0,0.0,0.0,0.0,0.0,0.0,20672.0,6.0,23324.0,19661.0,6.0,23327.0
42.194537882023724,0.0,0.0,0.0,0.0,0.0,0.0,0.0,0.0,0.0,0.0,0.0,0.0,0.0,20672.0,6.0,23324.0,19662.0,6.0,23334.0
42.2307512400148,0.0,0.0,0.0,0.0,0.0,0.0,0.0,0.0,0.0,0.0,0.0,0.0,0.0,20673.0,6.0,23344.0,19663.0,6.0,23357.0
42.2309220090101,0.0,0.0,0.0,0.0,0.0,0.0,0.0,0.0,0.0,0.0,0.0,0.0,0.0,20674.0,6.0,23364.0,19664.0,6.0,23377.0
42.24148558700108,0.0,0.0,0.0,0.0,0.0,0.0,0.0,0.0,0.0,0.0,0.0,0.0,0.0,20675.0,6.0,23384.0,19665.0,6.0,23397.0
42.272618570015766,0.0,0.0,0.0,0.0,0.0,0.0,0.0,0.0,0.0,0.0,0.0,0.0,0.0,20677.0,6.0,23424.0,19666.0,6.0,23427.0
42.2771062500251,0.0,0.0,0.0,0.0,0.0,0.0,0.0,0.0,0.0,0.0,0.0,0.0,0.0,20677.0,6.0,23424.0,19667.0,6.0,23434.0
42.31171889300458,0.0,0.0,0.0,0.0,0.0,0.0,0.0,0.0,0.0,0.0,0.0,0.0,0.0,20679.0,6.0,23464.0,19668.0,6.0,23467.0
42.31741594700725,0.0,0.0,0.0,0.0,0.0,0.0,0.0,0.0,0.0,0.0,0.0,0.0,0.0,20679.0,6.0,23464.0,19669.0,6.0,23474.0
42.45050800300669,0.0,0.0,0.0,0.0,0.0,0.0,0.0,0.0,0.0,0.0,0.0,0.0,0.0,20681.0,6.0,23504.0,19670.0,6.0,23507.0
42.45066947801388,0.0,0.0,0.0,0.0,0.0,0.0,0.0,0.0,0.0,0.0,0.0,0.0,0.0,20681.0,6.0,23504.0,19671.0,6.0,23519.0
42.450741011009086,0.0,0.0,0.0,0.0,0.0,0.0,0.0,0.0,0.0,0.0,0.0,0.0,0.0,20682.0,6.0,23524.0,19672.0,6.0,23536.0
42.45082310400903,0.0,0.0,0.0,0.0,0.0,0.0,0.0,0.0,0.0,0.0,0.0,0.0,0.0,20683.0,6.0,23544.0,19673.0,6.0,23557.0
42.45088600102463,0.0,0.0,0.0,0.0,0.0,0.0,0.0,0.0,0.0,0.0,0.0,0.0,0.0,20684.0,6.0,23564.0,19674.0,6.0,23577.0
42.45094468901516,0.0,0.0,0.0,0.0,0.0,0.0,0.0,0.0,0.0,0.0,0.0,0.0,0.0,20685.0,6.0,23584.0,19675.0,6.0,23597.0
42.469239549012855,0.0,0.0,0.0,0.0,0.0,0.0,0.0,0.0,0.0,0.0,0.0,0.0,0.0,20687.0,6.0,23624.0,19676.0,6.0,23627.0
42.47561078201397,0.0,0.0,0.0,0.0,0.0,0.0,0.0,0.0,0.0,0.0,0.0,0.0,0.0,20687.0,6.0,23624.0,19677.0,6.0,23634.0
42.51232412000536,0.0,0.0,0.0,0.0,0.0,0.0,0.0,0.0,0.0,0.0,0.0,0.0,0.0,20689.0,6.0,23664.0,19678.0,6.0,23667.0
42.51686568200239,0.0,0.0,0.0,0.0,0.0,0.0,0.0,0.0,0.0,0.0,0.0,0.0,0.0,20689.0,6.0,23664.0,19679.0,6.0,23674.0
42.53946353102219,0.0,0.0,0.0,0.0,0.0,0.0,0.0,0.0,0.0,0.0,0.0,0.0,0.0,20690.0,6.0,23684.0,19680.0,6.0,23697.0
42.670670148014324,0.0,0.0,0.0,0.0,0.0,0.0,0.0,0.0,0.0,0.0,0.0,0.0,0.0,20692.0,6.0,23724.0,19681.0,6.0,23727.0
42.67083035901305,0.0,0.0,0.0,0.0,0.0,0.0,0.0,0.0,0.0,0.0,0.0,0.0,0.0,20692.0,6.0,23724.0,19682.0,6.0,23734.0
42.670904894010164,0.0,0.0,0.0,0.0,0.0,0.0,0.0,0.0,0.0,0.0,0.0,0.0,0.0,20694.0,6.0,23763.0,19683.0,6.0,23767.0
42.6709678080224,0.0,0.0,0.0,0.0,0.0,0.0,0.0,0.0,0.0,0.0,0.0,0.0,0.0,20694.0,6.0,23763.0,19684.0,6.0,23774.0
42.67102734002401,0.0,0.0,0.0,0.0,0.0,0.0,0.0,0.0,0.0,0.0,0.0,0.0,0.0,20696.0,6.0,23804.0,19685.0,6.0,23807.0
42.67108639300568,0.0,0.0,0.0,0.0,0.0,0.0,0.0,0.0,0.0,0.0,0.0,0.0,0.0,20696.0,6.0,23804.0,19686.0,6.0,23819.0
42.678094014001545,0.0,0.0,0.0,0.0,0.0,0.0,0.0,0.0,0.0,0.0,0.0,0.0,0.0,20697.0,6.0,23824.0,19687.0,6.0,23837.0
42.6975571650255,0.0,0.0,0.0,0.0,0.0,0.0,0.0,0.0,0.0,0.0,0.0,0.0,0.0,20698.0,6.0,23844.0,19688.0,6.0,23857.0
42.71835716400528,0.0,0.0,0.0,0.0,0.0,0.0,0.0,0.0,0.0,0.0,0.0,0.0,0.0,20699.0,6.0,23864.0,19689.0,6.0,23877.0
42.738825706008356,0.0,0.0,0.0,0.0,0.0,0.0,0.0,0.0,0.0,0.0,0.0,0.0,0.0,20700.0,6.0,23884.0,19690.0,6.0,23897.0
42.76726066600531,0.0,0.0,0.0,0.0,0.0,0.0,0.0,0.0,0.0,0.0,0.0,0.0,0.0,20702.0,6.0,23924.0,19691.0,6.0,23927.0
42.799757919012336,0.0,0.0,0.0,0.0,0.0,0.0,0.0,0.0,0.0,0.0,0.0,0.0,0.0,20702.0,6.0,23924.0,19692.0,6.0,23934.0
42.88211140601197,0.0,0.0,0.0,0.0,0.0,0.0,0.0,0.0,0.0,0.0,0.0,0.0,0.0,20704.0,6.0,23964.0,19693.0,6.0,23967.0
42.88221338301082,0.0,0.0,0.0,0.0,0.0,0.0,0.0,0.0,0.0,0.0,0.0,0.0,0.0,20704.0,6.0,23964.0,19694.0,6.0,23974.0
42.882275109004695,0.0,0.0,0.0,0.0,0.0,0.0,0.0,0.0,0.0,0.0,0.0,0.0,0.0,20706.0,6.0,24004.0,19695.0,6.0,24007.0
42.882358611997915,0.0,0.0,0.0,0.0,0.0,0.0,0.0,0.0,0.0,0.0,0.0,0.0,0.0,20706.0,6.0,24004.0,19696.0,6.0,24019.0
42.88241587000084,0.0,0.0,0.0,0.0,0.0,0.0,0.0,0.0,0.0,0.0,0.0,0.0,0.0,20707.0,6.0,24024.0,19697.0,6.0,24037.0
42.89874671702273,0.0,0.0,0.0,0.0,0.0,0.0,0.0,0.0,0.0,0.0,0.0,0.0,0.0,20708.0,6.0,24044.0,19698.0,6.0,24057.0
42.91681087500183,0.0,0.0,0.0,0.0,0.0,0.0,0.0,0.0,0.0,0.0,0.0,0.0,0.0,20709.0,6.0,24064.0,19699.0,6.0,24077.0
42.93684993500938,0.0,0.0,0.0,0.0,0.0,0.0,0.0,0.0,0.0,0.0,0.0,0.0,0.0,20710.0,6.0,24084.0,19700.0,6.0,24097.0
42.96949978900375,0.0,0.0,0.0,0.0,0.0,0.0,0.0,0.0,0.0,0.0,0.0,0.0,0.0,20712.0,6.0,24124.0,19701.0,6.0,24127.0
42.976572537998436,0.0,0.0,0.0,0.0,0.0,0.0,0.0,0.0,0.0,0.0,0.0,0.0,0.0,20712.0,6.0,24124.0,19702.0,6.0,24134.0
43.10682191301021,0.0,0.0,0.0,0.0,0.0,0.0,0.0,0.0,0.0,0.0,0.0,0.0,0.0,20713.0,6.0,24144.0,19703.0,6.0,24157.0
43.106940666999435,0.0,0.0,0.0,0.0,0.0,0.0,0.0,0.0,0.0,0.0,0.0,0.0,0.0,20714.0,6.0,24164.0,19704.0,6.0,24177.0
43.10701514201355,0.0,0.0,0.0,0.0,0.0,0.0,0.0,0.0,0.0,0.0,0.0,0.0,0.0,20715.0,6.0,24184.0,19705.0,6.0,24197.0
43.10708524801885,0.0,0.0,0.0,0.0,0.0,0.0,0.0,0.0,0.0,0.0,0.0,0.0,0.0,20717.0,6.0,24224.0,19706.0,6.0,24227.0
43.10714342302526,0.0,0.0,0.0,0.0,0.0,0.0,0.0,0.0,0.0,0.0,0.0,0.0,0.0,20717.0,6.0,24224.0,19707.0,6.0,24234.0
43.107203115010634,0.0,0.0,0.0,0.0,0.0,0.0,0.0,0.0,0.0,0.0,0.0,0.0,0.0,20719.0,6.0,24263.0,19708.0,6.0,24267.0
43.12340111201047,0.0,0.0,0.0,0.0,0.0,0.0,0.0,0.0,0.0,0.0,0.0,0.0,0.0,20719.0,6.0,24263.0,19709.0,6.0,24274.0
43.147283639002126,0.0,0.0,0.0,0.0,0.0,0.0,0.0,0.0,0.0,0.0,0.0,0.0,0.0,20721.0,6.0,24304.0,19710.0,6.0,24307.0
43.167761537013575,0.0,0.0,0.0,0.0,0.0,0.0,0.0,0.0,0.0,0.0,0.0,0.0,0.0,20721.0,6.0,24304.0,19711.0,6.0,24319.0
43.176041476021055,0.0,0.0,0.0,0.0,0.0,0.0,0.0,0.0,0.0,0.0,0.0,0.0,0.0,20722.0,6.0,24324.0,19712.0,6.0,24337.0
43.20174798902008,0.0,0.0,0.0,0.0,0.0,0.0,0.0,0.0,0.0,0.0,0.0,0.0,0.0,20723.0,6.0,24344.0,19713.0,6.0,24356.0
43.26372198201716,0.0,0.0,0.0,0.0,0.0,0.0,0.0,0.0,0.0,0.0,0.0,0.0,0.0,20724.0,6.0,24364.0,19714.0,6.0,24377.0
43.26381413300987,0.0,0.0,0.0,0.0,0.0,0.0,0.0,0.0,0.0,0.0,0.0,0.0,0.0,20725.0,6.0,24384.0,19715.0,6.0,24397.0
43.26569407101488,0.0,0.0,0.0,0.0,0.0,0.0,0.0,0.0,0.0,0.0,0.0,0.0,0.0,20727.0,6.0,24424.0,19716.0,6.0,24427.0
43.32797822300927,0.0,0.0,0.0,0.0,0.0,0.0,0.0,0.0,0.0,0.0,0.0,0.0,0.0,20727.0,6.0,24424.0,19717.0,6.0,24434.0
43.328080160019454,0.0,0.0,0.0,0.0,0.0,0.0,0.0,0.0,0.0,0.0,0.0,0.0,0.0,20728.0,6.0,24444.0,19718.0,6.0,24457.0
43.32816344301682,0.0,0.0,0.0,0.0,0.0,0.0,0.0,0.0,0.0,0.0,0.0,0.0,0.0,20729.0,6.0,24464.0,19719.0,6.0,24477.0
43.33710506701027,0.0,0.0,0.0,0.0,0.0,0.0,0.0,0.0,0.0,0.0,0.0,0.0,0.0,20730.0,6.0,24484.0,19720.0,6.0,24498.0
43.36579213102232,0.0,0.0,0.0,0.0,0.0,0.0,0.0,0.0,0.0,0.0,0.0,0.0,0.0,20732.0,6.0,24524.0,19721.0,6.0,24527.0
43.372824650024995,0.0,0.0,0.0,0.0,0.0,0.0,0.0,0.0,0.0,0.0,0.0,0.0,0.0,20732.0,6.0,24524.0,19722.0,6.0,24534.0
43.39687650601263,0.0,0.0,0.0,0.0,0.0,0.0,0.0,0.0,0.0,0.0,0.0,0.0,0.0,20733.0,6.0,24544.0,19723.0,6.0,24557.0
43.41465184200206,0.0,0.0,0.0,0.0,0.0,0.0,0.0,0.0,0.0,0.0,0.0,0.0,0.0,20734.0,6.0,24564.0,19724.0,6.0,24577.0
43.4933725890005,0.0,0.0,0.0,0.0,0.0,0.0,0.0,0.0,0.0,0.0,0.0,0.0,0.0,20735.0,6.0,24584.0,19725.0,6.0,24597.0
43.49348038100288,0.0,0.0,0.0,0.0,0.0,0.0,0.0,0.0,0.0,0.0,0.0,0.0,0.0,20737.0,6.0,24624.0,19726.0,6.0,24627.0
43.49354953999864,0.0,0.0,0.0,0.0,0.0,0.0,0.0,0.0,0.0,0.0,0.0,0.0,0.0,20737.0,6.0,24624.0,19727.0,6.0,24634.0
43.545365233003395,0.0,0.0,0.0,0.0,0.0,0.0,0.0,0.0,0.0,0.0,0.0,0.0,0.0,20738.0,6.0,24644.0,19728.0,6.0,24657.0
43.545733229024336,0.0,0.0,0.0,0.0,0.0,0.0,0.0,0.0,0.0,0.0,0.0,0.0,0.0,20739.0,6.0,24664.0,19729.0,6.0,24677.0
43.54598713701125,0.0,0.0,0.0,0.0,0.0,0.0,0.0,0.0,0.0,0.0,0.0,0.0,0.0,20740.0,6.0,24684.0,19730.0,6.0,24697.0
43.564300985017326,0.0,0.0,0.0,0.0,0.0,0.0,0.0,0.0,0.0,0.0,0.0,0.0,0.0,20742.0,6.0,24724.0,19731.0,6.0,24727.0
43.5811602390022,0.0,0.0,0.0,0.0,0.0,0.0,0.0,0.0,0.0,0.0,0.0,0.0,0.0,20742.0,6.0,24724.0,19732.0,6.0,24742.0
43.60509430701495,0.0,0.0,0.0,0.0,0.0,0.0,0.0,0.0,0.0,0.0,0.0,0.0,0.0,20744.0,6.0,24764.0,19733.0,6.0,24767.0
43.61276884100516,0.0,0.0,0.0,0.0,0.0,0.0,0.0,0.0,0.0,0.0,0.0,0.0,0.0,20744.0,6.0,24764.0,19734.0,6.0,24774.0
43.64609435500461,0.0,0.0,0.0,0.0,0.0,0.0,0.0,0.0,0.0,0.0,0.0,0.0,0.0,20746.0,6.0,24804.0,19735.0,6.0,24807.0
43.9188390080235,0.0,0.0,0.0,0.0,0.0,0.0,0.0,0.0,0.0,0.0,0.0,0.0,0.0,20746.0,6.0,24804.0,19736.0,6.0,24819.0
43.91913209401537,0.0,0.0,0.0,0.0,0.0,0.0,0.0,0.0,0.0,0.0,0.0,0.0,0.0,20747.0,6.0,24824.0,19737.0,6.0,24837.0
43.91920140001457,0.0,0.0,0.0,0.0,0.0,0.0,0.0,0.0,0.0,0.0,0.0,0.0,0.0,20748.0,6.0,24844.0,19738.0,6.0,24857.0
43.919263182004215,0.0,0.0,0.0,0.0,0.0,0.0,0.0,0.0,0.0,0.0,0.0,0.0,0.0,20749.0,6.0,24864.0,19739.0,6.0,24877.0
43.919319666019874,0.0,0.0,0.0,0.0,0.0,0.0,0.0,0.0,0.0,0.0,0.0,0.0,0.0,20750.0,6.0,24884.0,19740.0,6.0,24897.0
43.91938073001802,0.0,0.0,0.0,0.0,0.0,0.0,0.0,0.0,0.0,0.0,0.0,0.0,0.0,20752.0,6.0,24924.0,19741.0,6.0,24927.0
43.91944932701881,0.0,0.0,0.0,0.0,0.0,0.0,0.0,0.0,0.0,0.0,0.0,0.0,0.0,20752.0,6.0,24924.0,19742.0,6.0,24934.0
43.91950807601097,0.0,0.0,0.0,0.0,0.0,0.0,0.0,0.0,0.0,0.0,0.0,0.0,0.0,20753.0,6.0,24944.0,19743.0,6.0,24957.0
43.91955977102043,0.0,0.0,0.0,0.0,0.0,0.0,0.0,0.0,0.0,0.0,0.0,0.0,0.0,20754.0,6.0,24964.0,19744.0,6.0,24977.0
43.919610937009566,0.0,0.0,0.0,0.0,0.0,0.0,0.0,0.0,0.0,0.0,0.0,0.0,0.0,20755.0,6.0,24984.0,19745.0,6.0,24998.0
43.91966214199783,0.0,0.0,0.0,0.0,0.0,0.0,0.0,0.0,0.0,0.0,0.0,0.0,0.0,20757.0,6.0,25024.0,19746.0,6.0,25027.0
43.9197144159989,0.0,0.0,0.0,0.0,0.0,0.0,0.0,0.0,0.0,0.0,0.0,0.0,0.0,20757.0,6.0,25024.0,19747.0,6.0,25034.0
43.91976967302617,0.0,0.0,0.0,0.0,0.0,0.0,0.0,0.0,0.0,0.0,0.0,0.0,0.0,20758.0,6.0,25044.0,19748.0,6.0,25057.0
43.91982453002129,0.0,0.0,0.0,0.0,0.0,0.0,0.0,0.0,0.0,0.0,0.0,0.0,0.0,20759.0,6.0,25064.0,19749.0,6.0,25077.0
43.983790449012304,0.0,0.0,0.0,0.0,0.0,0.0,0.0,0.0,0.0,0.0,0.0,0.0,0.0,20760.0,6.0,25084.0,19750.0,6.0,25097.0
43.98398437601281,0.0,0.0,0.0,0.0,0.0,0.0,0.0,0.0,0.0,0.0,0.0,0.0,0.0,20762.0,6.0,25124.0,19751.0,6.0,25127.0
43.98405009999988,0.0,0.0,0.0,0.0,0.0,0.0,0.0,0.0,0.0,0.0,0.0,0.0,0.0,20762.0,6.0,25124.0,19752.0,6.0,25135.0
43.995525382022606,0.0,0.0,0.0,0.0,0.0,0.0,0.0,0.0,0.0,0.0,0.0,0.0,0.0,20763.0,6.0,25144.0,19753.0,6.0,25157.0
44.012729301000945,0.0,0.0,0.0,0.0,0.0,0.0,0.0,0.0,0.0,0.0,0.0,0.0,0.0,20764.0,6.0,25164.0,19754.0,6.0,25177.0
44.03329252899857,0.0,0.0,0.0,0.0,0.0,0.0,0.0,0.0,0.0,0.0,0.0,0.0,0.0,20765.0,6.0,25184.0,19755.0,6.0,25197.0
44.06423494301271,0.0,0.0,0.0,0.0,0.0,0.0,0.0,0.0,0.0,0.0,0.0,0.0,0.0,20767.0,6.0,25224.0,19756.0,6.0,25227.0
44.07018989502103,0.0,0.0,0.0,0.0,0.0,0.0,0.0,0.0,0.0,0.0,0.0,0.0,0.0,20767.0,6.0,25224.0,19757.0,6.0,25234.0
44.15335241900175,0.0,0.0,0.0,0.0,0.0,0.0,0.0,0.0,0.0,0.0,0.0,0.0,0.0,20768.0,6.0,25244.0,19758.0,6.0,25257.0
44.15365664102137,0.0,0.0,0.0,0.0,0.0,0.0,0.0,0.0,0.0,0.0,0.0,0.0,0.0,20769.0,6.0,25264.0,19759.0,6.0,25276.0
44.15384535002522,0.0,0.0,0.0,0.0,0.0,0.0,0.0,0.0,0.0,0.0,0.0,0.0,0.0,20770.0,6.0,25284.0,19760.0,6.0,25297.0
44.202372214000206,0.0,0.0,0.0,0.0,0.0,0.0,0.0,0.0,0.0,0.0,0.0,0.0,0.0,20772.0,6.0,25324.0,19761.0,6.0,25327.0
44.20247996400576,0.0,0.0,0.0,0.0,0.0,0.0,0.0,0.0,0.0,0.0,0.0,0.0,0.0,20772.0,6.0,25324.0,19762.0,6.0,25334.0
44.20255006800289,0.0,0.0,0.0,0.0,0.0,0.0,0.0,0.0,0.0,0.0,0.0,0.0,0.0,20773.0,6.0,25344.0,19763.0,6.0,25357.0
44.21691419900162,0.0,0.0,0.0,0.0,0.0,0.0,0.0,0.0,0.0,0.0,0.0,0.0,0.0,20774.0,6.0,25364.0,19764.0,6.0,25377.0
44.231417200004216,0.0,0.0,0.0,0.0,0.0,0.0,0.0,0.0,0.0,0.0,0.0,0.0,0.0,20775.0,6.0,25384.0,19765.0,6.0,25397.0
44.26280477200635,0.0,0.0,0.0,0.0,0.0,0.0,0.0,0.0,0.0,0.0,0.0,0.0,0.0,20777.0,6.0,25424.0,19766.0,6.0,25427.0
44.268967320007505,0.0,0.0,0.0,0.0,0.0,0.0,0.0,0.0,0.0,0.0,0.0,0.0,0.0,20777.0,6.0,25424.0,19767.0,6.0,25434.0
44.30476207501488,0.0,0.0,0.0,0.0,0.0,0.0,0.0,0.0,0.0,0.0,0.0,0.0,0.0,20779.0,6.0,25464.0,19768.0,6.0,25467.0
44.308512971008895,0.0,0.0,0.0,0.0,0.0,0.0,0.0,0.0,0.0,0.0,0.0,0.0,0.0,20779.0,6.0,25464.0,19769.0,6.0,25475.0
44.422090845007915,0.0,0.0,0.0,0.0,0.0,0.0,0.0,0.0,0.0,0.0,0.0,0.0,0.0,20780.0,6.0,25484.0,19770.0,6.0,25498.0
44.422247884009266,0.0,0.0,0.0,0.0,0.0,0.0,0.0,0.0,0.0,0.0,0.0,0.0,0.0,20782.0,6.0,25524.0,19771.0,6.0,25542.0
44.422313907009084,0.0,0.0,0.0,0.0,0.0,0.0,0.0,0.0,0.0,0.0,0.0,0.0,0.0,20784.0,6.0,25564.0,19772.0,6.0,25567.0
44.42237269601901,0.0,0.0,0.0,0.0,0.0,0.0,0.0,0.0,0.0,0.0,0.0,0.0,0.0,20784.0,6.0,25564.0,19773.0,6.0,25574.0
44.442404739005724,0.0,0.0,0.0,0.0,0.0,0.0,0.0,0.0,0.0,0.0,0.0,0.0,0.0,20786.0,6.0,25604.0,19774.0,6.0,25607.0
44.44728593502077,0.0,0.0,0.0,0.0,0.0,0.0,0.0,0.0,0.0,0.0,0.0,0.0,0.0,20786.0,6.0,25604.0,19775.0,6.0,25614.0
44.47209873702377,0.0,0.0,0.0,0.0,0.0,0.0,0.0,0.0,0.0,0.0,0.0,0.0,0.0,20787.0,6.0,25624.0,19776.0,6.0,25637.0
44.50033719101339,0.0,0.0,0.0,0.0,0.0,0.0,0.0,0.0,0.0,0.0,0.0,0.0,0.0,20788.0,6.0,25644.0,19777.0,6.0,25657.0
44.51107445900561,0.0,0.0,0.0,0.0,0.0,0.0,0.0,0.0,0.0,0.0,0.0,0.0,0.0,20789.0,6.0,25664.0,19778.0,6.0,25677.0
44.64096944802441,0.0,0.0,0.0,0.0,0.0,0.0,0.0,0.0,0.0,0.0,0.0,0.0,0.0,20790.0,6.0,25684.0,19779.0,6.0,25697.0
44.64135830101441,0.0,0.0,0.0,0.0,0.0,0.0,0.0,0.0,0.0,0.0,0.0,0.0,0.0,20791.0,6.0,25704.0,19780.0,6.0,25717.0
44.64158895701985,0.0,0.0,0.0,0.0,0.0,0.0,0.0,0.0,0.0,0.0,0.0,0.0,0.0,20793.0,6.0,25744.0,19781.0,6.0,25747.0
44.641647666023346,0.0,0.0,0.0,0.0,0.0,0.0,0.0,0.0,0.0,0.0,0.0,0.0,0.0,20793.0,6.0,25744.0,19782.0,6.0,25754.0
44.64170236402424,0.0,0.0,0.0,0.0,0.0,0.0,0.0,0.0,0.0,0.0,0.0,0.0,0.0,20794.0,6.0,25764.0,19783.0,6.0,25776.0
44.64175891800551,0.0,0.0,0.0,0.0,0.0,0.0,0.0,0.0,0.0,0.0,0.0,0.0,0.0,20795.0,6.0,25784.0,19784.0,6.0,25797.0
44.649822318024235,0.0,0.0,0.0,0.0,0.0,0.0,0.0,0.0,0.0,0.0,0.0,0.0,0.0,20796.0,6.0,25804.0,19785.0,6.0,25817.0
44.679425506998086,0.0,0.0,0.0,0.0,0.0,0.0,0.0,0.0,0.0,0.0,0.0,0.0,0.0,20798.0,6.0,25844.0,19786.0,6.0,25847.0
44.68853339200723,0.0,0.0,0.0,0.0,0.0,0.0,0.0,0.0,0.0,0.0,0.0,0.0,0.0,20798.0,6.0,25844.0,19787.0,6.0,25854.0
44.711702105007134,0.0,0.0,0.0,0.0,0.0,0.0,0.0,0.0,0.0,0.0,0.0,0.0,0.0,20799.0,6.0,25864.0,19788.0,6.0,25877.0
44.72923121100757,0.0,0.0,0.0,0.0,0.0,0.0,0.0,0.0,0.0,0.0,0.0,0.0,0.0,20800.0,6.0,25884.0,19789.0,6.0,25897.0
44.83018172401353,0.0,0.0,0.0,0.0,0.0,0.0,0.0,0.0,0.0,0.0,0.0,0.0,0.0,20801.0,6.0,25904.0,19790.0,6.0,25917.0
44.830293890001485,0.0,0.0,0.0,0.0,0.0,0.0,0.0,0.0,0.0,0.0,0.0,0.0,0.0,20803.0,6.0,25944.0,19791.0,6.0,25947.0
44.83035968901822,0.0,0.0,0.0,0.0,0.0,0.0,0.0,0.0,0.0,0.0,0.0,0.0,0.0,20803.0,6.0,25944.0,19792.0,6.0,25954.0
44.83041819301434,0.0,0.0,0.0,0.0,0.0,0.0,0.0,0.0,0.0,0.0,0.0,0.0,0.0,20804.0,6.0,25964.0,19793.0,6.0,25977.0
44.859699651016854,0.0,0.0,0.0,0.0,0.0,0.0,0.0,0.0,0.0,0.0,0.0,0.0,0.0,20805.0,6.0,25984.0,19794.0,6.0,25998.0
44.859795191005105,0.0,0.0,0.0,0.0,0.0,0.0,0.0,0.0,0.0,0.0,0.0,0.0,0.0,20806.0,6.0,26004.0,19795.0,6.0,26017.0
44.88013538302039,0.0,0.0,0.0,0.0,0.0,0.0,0.0,0.0,0.0,0.0,0.0,0.0,0.0,20808.0,6.0,26044.0,19796.0,6.0,26047.0
44.885871428006794,0.0,0.0,0.0,0.0,0.0,0.0,0.0,0.0,0.0,0.0,0.0,0.0,0.0,20808.0,6.0,26044.0,19797.0,6.0,26054.0
44.9089020260144,0.0,0.0,0.0,0.0,0.0,0.0,0.0,0.0,0.0,0.0,0.0,0.0,0.0,20809.0,6.0,26064.0,19798.0,6.0,26076.0
44.93232098102453,0.0,0.0,0.0,0.0,0.0,0.0,0.0,0.0,0.0,0.0,0.0,0.0,0.0,20810.0,6.0,26084.0,19799.0,6.0,26097.0
44.94946062201052,0.0,0.0,0.0,0.0,0.0,0.0,0.0,0.0,0.0,0.0,0.0,0.0,0.0,20811.0,6.0,26104.0,19800.0,6.0,26117.0
45.02096871600952,0.0,0.0,0.0,0.0,0.0,0.0,0.0,0.0,0.0,0.0,0.0,0.0,0.0,20813.0,6.0,26144.0,19801.0,6.0,26147.0
45.021081642014906,0.0,0.0,0.0,0.0,0.0,0.0,0.0,0.0,0.0,0.0,0.0,0.0,0.0,20813.0,6.0,26144.0,19802.0,6.0,26155.0
45.021149147010874,0.0,0.0,0.0,0.0,0.0,0.0,0.0,0.0,0.0,0.0,0.0,0.0,0.0,20814.0,6.0,26164.0,19803.0,6.0,26177.0
45.07931165100308,0.0,0.0,0.0,0.0,0.0,0.0,0.0,0.0,0.0,0.0,0.0,0.0,0.0,20815.0,6.0,26184.0,19804.0,6.0,26197.0
45.079410085018026,0.0,0.0,0.0,0.0,0.0,0.0,0.0,0.0,0.0,0.0,0.0,0.0,0.0,20816.0,6.0,26204.0,19805.0,6.0,26217.0
45.07949957699748,0.0,0.0,0.0,0.0,0.0,0.0,0.0,0.0,0.0,0.0,0.0,0.0,0.0,20818.0,6.0,26244.0,19806.0,6.0,26247.0
45.086137317004614,0.0,0.0,0.0,0.0,0.0,0.0,0.0,0.0,0.0,0.0,0.0,0.0,0.0,20818.0,6.0,26244.0,19807.0,6.0,26255.0
45.10760050400859,0.0,0.0,0.0,0.0,0.0,0.0,0.0,0.0,0.0,0.0,0.0,0.0,0.0,20819.0,6.0,26264.0,19808.0,6.0,26277.0
45.13047935400391,0.0,0.0,0.0,0.0,0.0,0.0,0.0,0.0,0.0,0.0,0.0,0.0,0.0,20820.0,6.0,26284.0,19809.0,6.0,26297.0
45.148298462998355,0.0,0.0,0.0,0.0,0.0,0.0,0.0,0.0,0.0,0.0,0.0,0.0,0.0,20821.0,6.0,26304.0,19810.0,6.0,26317.0
45.17842765399837,0.0,0.0,0.0,0.0,0.0,0.0,0.0,0.0,0.0,0.0,0.0,0.0,0.0,20823.0,6.0,26344.0,19811.0,6.0,26347.0
45.29815162601881,0.0,0.0,0.0,0.0,0.0,0.0,0.0,0.0,0.0,0.0,0.0,0.0,0.0,20823.0,6.0,26344.0,19812.0,6.0,26354.0
45.29847469300148,0.0,0.0,0.0,0.0,0.0,0.0,0.0,0.0,0.0,0.0,0.0,0.0,0.0,20824.0,6.0,26364.0,19813.0,6.0,26377.0
45.29872513501323,0.0,0.0,0.0,0.0,0.0,0.0,0.0,0.0,0.0,0.0,0.0,0.0,0.0,20825.0,6.0,26384.0,19814.0,6.0,26397.0
45.298998181999195,0.0,0.0,0.0,0.0,0.0,0.0,0.0,0.0,0.0,0.0,0.0,0.0,0.0,20826.0,6.0,26404.0,19815.0,6.0,26417.0
45.29924392301473,0.0,0.0,0.0,0.0,0.0,0.0,0.0,0.0,0.0,0.0,0.0,0.0,0.0,20828.0,6.0,26444.0,19816.0,6.0,26447.0
45.29945226802374,0.0,0.0,0.0,0.0,0.0,0.0,0.0,0.0,0.0,0.0,0.0,0.0,0.0,20828.0,6.0,26444.0,19817.0,6.0,26454.0
45.30676134201349,0.0,0.0,0.0,0.0,0.0,0.0,0.0,0.0,0.0,0.0,0.0,0.0,0.0,20829.0,6.0,26464.0,19818.0,6.0,26477.0
45.328497486014385,0.0,0.0,0.0,0.0,0.0,0.0,0.0,0.0,0.0,0.0,0.0,0.0,0.0,20830.0,6.0,26484.0,19819.0,6.0,26498.0
45.34675965300994,0.0,0.0,0.0,0.0,0.0,0.0,0.0,0.0,0.0,0.0,0.0,0.0,0.0,20831.0,6.0,26504.0,19820.0,6.0,26517.0
45.377239048015326,0.0,0.0,0.0,0.0,0.0,0.0,0.0,0.0,0.0,0.0,0.0,0.0,0.0,20833.0,6.0,26544.0,19821.0,6.0,26547.0
45.384910840017255,0.0,0.0,0.0,0.0,0.0,0.0,0.0,0.0,0.0,0.0,0.0,0.0,0.0,20833.0,6.0,26544.0,19822.0,6.0,26554.0
45.52591677001328,0.0,0.0,0.0,0.0,0.0,0.0,0.0,0.0,0.0,0.0,0.0,0.0,0.0,20834.0,6.0,26564.0,19823.0,6.0,26577.0
45.52603917699889,0.0,0.0,0.0,0.0,0.0,0.0,0.0,0.0,0.0,0.0,0.0,0.0,0.0,20835.0,6.0,26584.0,19824.0,6.0,26597.0
45.526106144010555,0.0,0.0,0.0,0.0,0.0,0.0,0.0,0.0,0.0,0.0,0.0,0.0,0.0,20836.0,6.0,26604.0,19825.0,6.0,26617.0
45.52616657302133,0.0,0.0,0.0,0.0,0.0,0.0,0.0,0.0,0.0,0.0,0.0,0.0,0.0,20838.0,6.0,26644.0,19826.0,6.0,26647.0
45.52622275101021,0.0,0.0,0.0,0.0,0.0,0.0,0.0,0.0,0.0,0.0,0.0,0.0,0.0,20838.0,6.0,26644.0,19827.0,6.0,26654.0
45.52627934902557,0.0,0.0,0.0,0.0,0.0,0.0,0.0,0.0,0.0,0.0,0.0,0.0,0.0,20839.0,6.0,26664.0,19828.0,6.0,26677.0
45.542322173016146,0.0,0.0,0.0,0.0,0.0,0.0,0.0,0.0,0.0,0.0,0.0,0.0,0.0,20840.0,6.0,26684.0,19829.0,6.0,26697.0
45.54860929099959,0.0,0.0,0.0,0.0,0.0,0.0,0.0,0.0,0.0,0.0,0.0,0.0,0.0,20841.0,6.0,26704.0,19830.0,6.0,26717.0
45.575326771999244,0.0,0.0,0.0,0.0,0.0,0.0,0.0,0.0,0.0,0.0,0.0,0.0,0.0,20842.0,6.0,26724.0,19831.0,6.0,26736.0
45.5863093759981,0.0,0.0,0.0,0.0,0.0,0.0,0.0,0.0,0.0,0.0,0.0,0.0,0.0,20843.0,6.0,26744.0,19832.0,6.0,26757.0
45.60579755299841,0.0,0.0,0.0,0.0,0.0,0.0,0.0,0.0,0.0,0.0,0.0,0.0,0.0,20844.0,6.0,26764.0,19833.0,6.0,26777.0
45.7376186310139,0.0,0.0,0.0,0.0,0.0,0.0,0.0,0.0,0.0,0.0,0.0,0.0,0.0,20845.0,6.0,26784.0,19834.0,6.0,26796.0
45.73775326300529,0.0,0.0,0.0,0.0,0.0,0.0,0.0,0.0,0.0,0.0,0.0,0.0,0.0,20846.0,6.0,26804.0,19835.0,6.0,26817.0
45.73783722502412,0.0,0.0,0.0,0.0,0.0,0.0,0.0,0.0,0.0,0.0,0.0,0.0,0.0,20848.0,6.0,26844.0,19836.0,6.0,26847.0
45.73790208101855,0.0,0.0,0.0,0.0,0.0,0.0,0.0,0.0,0.0,0.0,0.0,0.0,0.0,20848.0,6.0,26844.0,19837.0,6.0,26854.0
45.737961396022,0.0,0.0,0.0,0.0,0.0,0.0,0.0,0.0,0.0,0.0,0.0,0.0,0.0,20849.0,6.0,26864.0,19838.0,6.0,26877.0
45.73802067100769,0.0,0.0,0.0,0.0,0.0,0.0,0.0,0.0,0.0,0.0,0.0,0.0,0.0,20850.0,6.0,26884.0,19839.0,6.0,26897.0
45.745380788022885,0.0,0.0,0.0,0.0,0.0,0.0,0.0,0.0,0.0,0.0,0.0,0.0,0.0,20851.0,6.0,26904.0,19840.0,6.0,26916.0
45.775575183011824,0.0,0.0,0.0,0.0,0.0,0.0,0.0,0.0,0.0,0.0,0.0,0.0,0.0,20853.0,6.0,26944.0,19841.0,6.0,26947.0
45.783882008021465,0.0,0.0,0.0,0.0,0.0,0.0,0.0,0.0,0.0,0.0,0.0,0.0,0.0,20853.0,6.0,26944.0,19842.0,6.0,26954.0
45.8160609290062,0.0,0.0,0.0,0.0,0.0,0.0,0.0,0.0,0.0,0.0,0.0,0.0,0.0,20855.0,6.0,26984.0,19843.0,6.0,26987.0
45.82512853102526,0.0,0.0,0.0,0.0,0.0,0.0,0.0,0.0,0.0,0.0,0.0,0.0,0.0,20855.0,6.0,26984.0,19844.0,6.0,26994.0
45.95557254500454,0.0,0.0,0.0,0.0,0.0,0.0,0.0,0.0,0.0,0.0,0.0,0.0,0.0,20856.0,6.0,27004.0,19845.0,6.0,27017.0
45.95568159301183,0.0,0.0,0.0,0.0,0.0,0.0,0.0,0.0,0.0,0.0,0.0,0.0,0.0,20858.0,6.0,27044.0,19846.0,6.0,27047.0
45.95575069100596,0.0,0.0,0.0,0.0,0.0,0.0,0.0,0.0,0.0,0.0,0.0,0.0,0.0,20858.0,6.0,27044.0,19847.0,6.0,27054.0
45.955821565003134,0.0,0.0,0.0,0.0,0.0,0.0,0.0,0.0,0.0,0.0,0.0,0.0,0.0,20860.0,6.0,27084.0,19848.0,6.0,27087.0
45.95587894401979,0.0,0.0,0.0,0.0,0.0,0.0,0.0,0.0,0.0,0.0,0.0,0.0,0.0,20860.0,6.0,27084.0,19849.0,6.0,27094.0
45.95593544401345,0.0,0.0,0.0,0.0,0.0,0.0,0.0,0.0,0.0,0.0,0.0,0.0,0.0,20861.0,6.0,27104.0,19850.0,6.0,27117.0
45.975938980001956,0.0,0.0,0.0,0.0,0.0,0.0,0.0,0.0,0.0,0.0,0.0,0.0,0.0,20863.0,6.0,27144.0,19851.0,6.0,27147.0
45.98217039901647,0.0,0.0,0.0,0.0,0.0,0.0,0.0,0.0,0.0,0.0,0.0,0.0,0.0,20863.0,6.0,27144.0,19852.0,6.0,27154.0
46.01454754002043,0.0,0.0,0.0,0.0,0.0,0.0,0.0,0.0,0.0,0.0,0.0,0.0,0.0,20865.0,6.0,27184.0,19853.0,6.0,27187.0
46.02229539200198,0.0,0.0,0.0,0.0,0.0,0.0,0.0,0.0,0.0,0.0,0.0,0.0,0.0,20865.0,6.0,27184.0,19854.0,6.0,27194.0
46.05630048000603,0.0,0.0,0.0,0.0,0.0,0.0,0.0,0.0,0.0,0.0,0.0,0.0,0.0,20867.0,6.0,27224.0,19855.0,6.0,27227.0
46.089450257015415,0.0,0.0,0.0,0.0,0.0,0.0,0.0,0.0,0.0,0.0,0.0,0.0,0.0,20867.0,6.0,27224.0,19856.0,6.0,27239.0
46.08955327500007,0.0,0.0,0.0,0.0,0.0,0.0,0.0,0.0,0.0,0.0,0.0,0.0,0.0,20868.0,6.0,27244.0,19857.0,6.0,27257.0
46.13201653101714,0.0,0.0,0.0,0.0,0.0,0.0,0.0,0.0,0.0,0.0,0.0,0.0,0.0,20869.0,6.0,27264.0,19858.0,6.0,27276.0
46.13236931801657,0.0,0.0,0.0,0.0,0.0,0.0,0.0,0.0,0.0,0.0,0.0,0.0,0.0,20870.0,6.0,27284.0,19859.0,6.0,27297.0
46.17489366501104,0.0,0.0,0.0,0.0,0.0,0.0,0.0,0.0,0.0,0.0,0.0,0.0,0.0,20871.0,6.0,27304.0,19860.0,6.0,27317.0
46.1749916820263,0.0,0.0,0.0,0.0,0.0,0.0,0.0,0.0,0.0,0.0,0.0,0.0,0.0,20873.0,6.0,27344.0,19861.0,6.0,27347.0
46.191018528013956,0.0,0.0,0.0,0.0,0.0,0.0,0.0,0.0,0.0,0.0,0.0,0.0,0.0,20873.0,6.0,27344.0,19862.0,6.0,27354.0
46.205819099006476,0.0,0.0,0.0,0.0,0.0,0.0,0.0,0.0,0.0,0.0,0.0,0.0,0.0,20874.0,6.0,27364.0,19863.0,6.0,27377.0
46.22825361401192,0.0,0.0,0.0,0.0,0.0,0.0,0.0,0.0,0.0,0.0,0.0,0.0,0.0,20875.0,6.0,27384.0,19864.0,6.0,27397.0
46.24452587601263,0.0,0.0,0.0,0.0,0.0,0.0,0.0,0.0,0.0,0.0,0.0,0.0,0.0,20876.0,6.0,27404.0,19865.0,6.0,27417.0
46.27696320202085,0.0,0.0,0.0,0.0,0.0,0.0,0.0,0.0,0.0,0.0,0.0,0.0,0.0,20878.0,6.0,27444.0,19866.0,6.0,27447.0
46.29691300200648,0.0,0.0,0.0,0.0,0.0,0.0,0.0,0.0,0.0,0.0,0.0,0.0,0.0,20878.0,6.0,27444.0,19867.0,6.0,27454.0
46.39668745000381,0.0,0.0,0.0,0.0,0.0,0.0,0.0,0.0,0.0,0.0,0.0,0.0,0.0,20879.0,6.0,27464.0,19868.0,6.0,27477.0
46.39682375002303,0.0,0.0,0.0,0.0,0.0,0.0,0.0,0.0,0.0,0.0,0.0,0.0,0.0,20880.0,6.0,27484.0,19869.0,6.0,27498.0
46.39689423501841,0.0,0.0,0.0,0.0,0.0,0.0,0.0,0.0,0.0,0.0,0.0,0.0,0.0,20881.0,6.0,27504.0,19870.0,6.0,27516.0
46.3969544590218,0.0,0.0,0.0,0.0,0.0,0.0,0.0,0.0,0.0,0.0,0.0,0.0,0.0,20883.0,6.0,27544.0,19871.0,6.0,27547.0
46.397011588007445,0.0,0.0,0.0,0.0,0.0,0.0,0.0,0.0,0.0,0.0,0.0,0.0,0.0,20883.0,6.0,27544.0,19872.0,6.0,27554.0
46.41436397400685,0.0,0.0,0.0,0.0,0.0,0.0,0.0,0.0,0.0,0.0,0.0,0.0,0.0,20885.0,6.0,27584.0,19873.0,6.0,27587.0
46.41987076200894,0.0,0.0,0.0,0.0,0.0,0.0,0.0,0.0,0.0,0.0,0.0,0.0,0.0,20885.0,6.0,27584.0,19874.0,6.0,27594.0
46.445666053012246,0.0,0.0,0.0,0.0,0.0,0.0,0.0,0.0,0.0,0.0,0.0,0.0,0.0,20886.0,6.0,27604.0,19875.0,6.0,27617.0
46.47290161202545,0.0,0.0,0.0,0.0,0.0,0.0,0.0,0.0,0.0,0.0,0.0,0.0,0.0,20888.0,6.0,27644.0,19876.0,6.0,27647.0
46.4803916689998,0.0,0.0,0.0,0.0,0.0,0.0,0.0,0.0,0.0,0.0,0.0,0.0,0.0,20888.0,6.0,27644.0,19877.0,6.0,27654.0
46.61803248801152,0.0,0.0,0.0,0.0,0.0,0.0,0.0,0.0,0.0,0.0,0.0,0.0,0.0,20889.0,6.0,27664.0,19878.0,6.0,27677.0
46.61814351202338,0.0,0.0,0.0,0.0,0.0,0.0,0.0,0.0,0.0,0.0,0.0,0.0,0.0,20890.0,6.0,27684.0,19879.0,6.0,27697.0
46.6182097850251,0.0,0.0,0.0,0.0,0.0,0.0,0.0,0.0,0.0,0.0,0.0,0.0,0.0,20891.0,6.0,27704.0,19880.0,6.0,27717.0
46.61826974901487,0.0,0.0,0.0,0.0,0.0,0.0,0.0,0.0,0.0,0.0,0.0,0.0,0.0,20893.0,6.0,27744.0,19881.0,6.0,27747.0
46.618326888012234,0.0,0.0,0.0,0.0,0.0,0.0,0.0,0.0,0.0,0.0,0.0,0.0,0.0,20893.0,6.0,27744.0,19882.0,6.0,27755.0
46.61838525501662,0.0,0.0,0.0,0.0,0.0,0.0,0.0,0.0,0.0,0.0,0.0,0.0,0.0,20894.0,6.0,27764.0,19883.0,6.0,27777.0
46.62374120001914,0.0,0.0,0.0,0.0,0.0,0.0,0.0,0.0,0.0,0.0,0.0,0.0,0.0,20895.0,6.0,27784.0,19884.0,6.0,27797.0
46.64370006401441,0.0,0.0,0.0,0.0,0.0,0.0,0.0,0.0,0.0,0.0,0.0,0.0,0.0,20896.0,6.0,27804.0,19885.0,6.0,27817.0
46.672918894008035,0.0,0.0,0.0,0.0,0.0,0.0,0.0,0.0,0.0,0.0,0.0,0.0,0.0,20898.0,6.0,27844.0,19886.0,6.0,27847.0
46.67994870300754,0.0,0.0,0.0,0.0,0.0,0.0,0.0,0.0,0.0,0.0,0.0,0.0,0.0,20898.0,6.0,27844.0,19887.0,6.0,27854.0
46.70203093800228,0.0,0.0,0.0,0.0,0.0,0.0,0.0,0.0,0.0,0.0,0.0,0.0,0.0,20899.0,6.0,27864.0,19888.0,6.0,27877.0
47.123504129005596,0.0,0.0,0.0,0.0,0.0,0.0,0.0,0.0,0.0,0.0,0.0,0.0,0.0,20900.0,6.0,27884.0,19889.0,6.0,27897.0
47.12368816300295,0.0,0.0,0.0,0.0,0.0,0.0,0.0,0.0,0.0,0.0,0.0,0.0,0.0,20901.0,6.0,27904.0,19890.0,6.0,27917.0
47.12376321700867,0.0,0.0,0.0,0.0,0.0,0.0,0.0,0.0,0.0,0.0,0.0,0.0,0.0,20903.0,6.0,27944.0,19891.0,6.0,27947.0
47.1238260390237,0.0,0.0,0.0,0.0,0.0,0.0,0.0,0.0,0.0,0.0,0.0,0.0,0.0,20903.0,6.0,27944.0,19892.0,6.0,27955.0
47.12388287100475,0.0,0.0,0.0,0.0,0.0,0.0,0.0,0.0,0.0,0.0,0.0,0.0,0.0,20904.0,6.0,27964.0,19893.0,6.0,27977.0
47.123937536001904,0.0,0.0,0.0,0.0,0.0,0.0,0.0,0.0,0.0,0.0,0.0,0.0,0.0,20905.0,6.0,27984.0,19894.0,6.0,27998.0
47.123991232016124,0.0,0.0,0.0,0.0,0.0,0.0,0.0,0.0,0.0,0.0,0.0,0.0,0.0,20906.0,6.0,28004.0,19895.0,6.0,28017.0
47.12404596700799,0.0,0.0,0.0,0.0,0.0,0.0,0.0,0.0,0.0,0.0,0.0,0.0,0.0,20908.0,6.0,28044.0,19896.0,6.0,28047.0
47.12409834601567,0.0,0.0,0.0,0.0,0.0,0.0,0.0,0.0,0.0,0.0,0.0,0.0,0.0,20908.0,6.0,28044.0,19897.0,6.0,28055.0
47.1241505240032,0.0,0.0,0.0,0.0,0.0,0.0,0.0,0.0,0.0,0.0,0.0,0.0,0.0,20909.0,6.0,28064.0,19898.0,6.0,28077.0
47.12420323200058,0.0,0.0,0.0,0.0,0.0,0.0,0.0,0.0,0.0,0.0,0.0,0.0,0.0,20910.0,6.0,28084.0,19899.0,6.0,28096.0
47.12425514200004,0.0,0.0,0.0,0.0,0.0,0.0,0.0,0.0,0.0,0.0,0.0,0.0,0.0,20911.0,6.0,28104.0,19900.0,6.0,28117.0
47.12443289501243,0.0,0.0,0.0,0.0,0.0,0.0,0.0,0.0,0.0,0.0,0.0,0.0,0.0,20913.0,6.0,28144.0,19901.0,6.0,28147.0
47.12451901100576,0.0,0.0,0.0,0.0,0.0,0.0,0.0,0.0,0.0,0.0,0.0,0.0,0.0,20913.0,6.0,28144.0,19902.0,6.0,28154.0
47.12459683002089,0.0,0.0,0.0,0.0,0.0,0.0,0.0,0.0,0.0,0.0,0.0,0.0,0.0,20915.0,6.0,28184.0,19903.0,6.0,28187.0
47.124679212021874,0.0,0.0,0.0,0.0,0.0,0.0,0.0,0.0,0.0,0.0,0.0,0.0,0.0,20915.0,6.0,28184.0,19904.0,6.0,28195.0
47.12476315200911,0.0,0.0,0.0,0.0,0.0,0.0,0.0,0.0,0.0,0.0,0.0,0.0,0.0,20916.0,6.0,28204.0,19905.0,6.0,28217.0
47.12509159100591,0.0,0.0,0.0,0.0,0.0,0.0,0.0,0.0,0.0,0.0,0.0,0.0,0.0,20918.0,6.0,28244.0,19906.0,6.0,28247.0
47.12517450199812,0.0,0.0,0.0,0.0,0.0,0.0,0.0,0.0,0.0,0.0,0.0,0.0,0.0,20918.0,6.0,28244.0,19907.0,6.0,28254.0
47.12525721400743,0.0,0.0,0.0,0.0,0.0,0.0,0.0,0.0,0.0,0.0,0.0,0.0,0.0,20919.0,6.0,28264.0,19908.0,6.0,28277.0
47.125333206000505,0.0,0.0,0.0,0.0,0.0,0.0,0.0,0.0,0.0,0.0,0.0,0.0,0.0,20920.0,6.0,28284.0,19909.0,6.0,28297.0
47.140172901999904,0.0,0.0,0.0,0.0,0.0,0.0,0.0,0.0,0.0,0.0,0.0,0.0,0.0,20921.0,6.0,28304.0,19910.0,6.0,28317.0
47.171697834011866,0.0,0.0,0.0,0.0,0.0,0.0,0.0,0.0,0.0,0.0,0.0,0.0,0.0,20923.0,6.0,28344.0,19911.0,6.0,28347.0
47.17771659602295,0.0,0.0,0.0,0.0,0.0,0.0,0.0,0.0,0.0,0.0,0.0,0.0,0.0,20923.0,6.0,28344.0,19912.0,6.0,28354.0
47.20067771401955,0.0,0.0,0.0,0.0,0.0,0.0,0.0,0.0,0.0,0.0,0.0,0.0,0.0,20924.0,6.0,28364.0,19913.0,6.0,28377.0
47.22039109200705,0.0,0.0,0.0,0.0,0.0,0.0,0.0,0.0,0.0,0.0,0.0,0.0,0.0,20925.0,6.0,28384.0,19914.0,6.0,28397.0
47.633144113002345,0.0,0.0,0.0,0.0,0.0,0.0,0.0,0.0,0.0,0.0,0.0,0.0,0.0,20926.0,6.0,28404.0,19915.0,6.0,28417.0
47.6356672590191,0.0,0.0,0.0,0.0,0.0,0.0,0.0,0.0,0.0,0.0,0.0,0.0,0.0,20928.0,6.0,28444.0,19916.0,6.0,28447.0
47.63575973600382,0.0,0.0,0.0,0.0,0.0,0.0,0.0,0.0,0.0,0.0,0.0,0.0,0.0,20928.0,6.0,28444.0,19917.0,6.0,28454.0
47.63582490402041,0.0,0.0,0.0,0.0,0.0,0.0,0.0,0.0,0.0,0.0,0.0,0.0,0.0,20929.0,6.0,28464.0,19918.0,6.0,28477.0
47.63588226502179,0.0,0.0,0.0,0.0,0.0,0.0,0.0,0.0,0.0,0.0,0.0,0.0,0.0,20930.0,6.0,28484.0,19919.0,6.0,28498.0
47.63593746902188,0.0,0.0,0.0,0.0,0.0,0.0,0.0,0.0,0.0,0.0,0.0,0.0,0.0,20931.0,6.0,28504.0,19920.0,6.0,28517.0
47.6361198759987,0.0,0.0,0.0,0.0,0.0,0.0,0.0,0.0,0.0,0.0,0.0,0.0,0.0,20933.0,6.0,28544.0,19921.0,6.0,28547.0
47.636198583000805,0.0,0.0,0.0,0.0,0.0,0.0,0.0,0.0,0.0,0.0,0.0,0.0,0.0,20933.0,6.0,28544.0,19922.0,6.0,28555.0
47.636284050007816,0.0,0.0,0.0,0.0,0.0,0.0,0.0,0.0,0.0,0.0,0.0,0.0,0.0,20934.0,6.0,28564.0,19923.0,6.0,28577.0
47.636363697005436,0.0,0.0,0.0,0.0,0.0,0.0,0.0,0.0,0.0,0.0,0.0,0.0,0.0,20935.0,6.0,28584.0,19924.0,6.0,28597.0
47.636447556025814,0.0,0.0,0.0,0.0,0.0,0.0,0.0,0.0,0.0,0.0,0.0,0.0,0.0,20936.0,6.0,28604.0,19925.0,6.0,28617.0
47.63663128000917,0.0,0.0,0.0,0.0,0.0,0.0,0.0,0.0,0.0,0.0,0.0,0.0,0.0,20938.0,6.0,28644.0,19926.0,6.0,28647.0
47.636715380009264,0.0,0.0,0.0,0.0,0.0,0.0,0.0,0.0,0.0,0.0,0.0,0.0,0.0,20938.0,6.0,28644.0,19927.0,6.0,28655.0
47.636793508019764,0.0,0.0,0.0,0.0,0.0,0.0,0.0,0.0,0.0,0.0,0.0,0.0,0.0,20939.0,6.0,28664.0,19928.0,6.0,28677.0
47.6368718460144,0.0,0.0,0.0,0.0,0.0,0.0,0.0,0.0,0.0,0.0,0.0,0.0,0.0,20940.0,6.0,28684.0,19929.0,6.0,28697.0
47.636963724013185,0.0,0.0,0.0,0.0,0.0,0.0,0.0,0.0,0.0,0.0,0.0,0.0,0.0,20941.0,6.0,28704.0,19930.0,6.0,28717.0
47.65119978800067,0.0,0.0,0.0,0.0,0.0,0.0,0.0,0.0,0.0,0.0,0.0,0.0,0.0,20947.0,6.0,28824.0,19931.0,6.0,28828.0
47.656490432011196,0.0,0.0,0.0,0.0,0.0,0.0,0.0,0.0,0.0,0.0,0.0,0.0,0.0,20947.0,6.0,28824.0,19932.0,6.0,28835.0
47.68183481701999,0.0,0.0,0.0,0.0,0.0,0.0,0.0,0.0,0.0,0.0,0.0,0.0,0.0,20948.0,6.0,28844.0,19933.0,6.0,28857.0
47.69979712102213,0.0,0.0,0.0,0.0,0.0,0.0,0.0,0.0,0.0,0.0,0.0,0.0,0.0,20949.0,6.0,28864.0,19934.0,6.0,28877.0
47.72392842100817,0.0,0.0,0.0,0.0,0.0,0.0,0.0,0.0,0.0,0.0,0.0,0.0,0.0,20950.0,6.0,28884.0,19935.0,6.0,28897.0
48.1412713600148,0.0,0.0,0.0,0.0,0.0,0.0,0.0,0.0,0.0,0.0,0.0,0.0,0.0,20962.0,6.0,29124.0,19946.0,6.0,29127.0
48.141436436009826,0.0,0.0,0.0,0.0,0.0,0.0,0.0,0.0,0.0,0.0,0.0,0.0,0.0,20962.0,6.0,29124.0,19947.0,6.0,29134.0
48.14150286599761,0.0,0.0,0.0,0.0,0.0,0.0,0.0,0.0,0.0,0.0,0.0,0.0,0.0,20963.0,6.0,29144.0,19948.0,6.0,29157.0
48.141561586002354,0.0,0.0,0.0,0.0,0.0,0.0,0.0,0.0,0.0,0.0,0.0,0.0,0.0,20964.0,6.0,29164.0,19949.0,6.0,29177.0
48.14161704102298,0.0,0.0,0.0,0.0,0.0,0.0,0.0,0.0,0.0,0.0,0.0,0.0,0.0,20965.0,6.0,29184.0,19950.0,6.0,29197.0
48.141672236000886,0.0,0.0,0.0,0.0,0.0,0.0,0.0,0.0,0.0,0.0,0.0,0.0,0.0,20967.0,6.0,29224.0,19951.0,6.0,29227.0
48.14172563300235,0.0,0.0,0.0,0.0,0.0,0.0,0.0,0.0,0.0,0.0,0.0,0.0,0.0,20967.0,6.0,29224.0,19952.0,6.0,29234.0
48.14178687002277,0.0,0.0,0.0,0.0,0.0,0.0,0.0,0.0,0.0,0.0,0.0,0.0,0.0,20968.0,6.0,29244.0,19953.0,6.0,29257.0
48.14184168601059,0.0,0.0,0.0,0.0,0.0,0.0,0.0,0.0,0.0,0.0,0.0,0.0,0.0,20969.0,6.0,29264.0,19954.0,6.0,29277.0
48.14189439400798,0.0,0.0,0.0,0.0,0.0,0.0,0.0,0.0,0.0,0.0,0.0,0.0,0.0,20970.0,6.0,29284.0,19955.0,6.0,29297.0
48.15274367600796,0.0,0.0,0.0,0.0,0.0,0.0,0.0,0.0,0.0,0.0,0.0,0.0,0.0,20972.0,6.0,29324.0,19956.0,6.0,29327.0
48.15511320900987,0.0,0.0,0.0,0.0,0.0,0.0,0.0,0.0,0.0,0.0,0.0,0.0,0.0,20972.0,6.0,29324.0,19957.0,6.0,29334.0
48.17879663599888,0.0,0.0,0.0,0.0,0.0,0.0,0.0,0.0,0.0,0.0,0.0,0.0,0.0,20973.0,6.0,29344.0,19958.0,6.0,29357.0
48.19810072900145,0.0,0.0,0.0,0.0,0.0,0.0,0.0,0.0,0.0,0.0,0.0,0.0,0.0,20974.0,6.0,29364.0,19959.0,6.0,29377.0
48.216961284022545,0.0,0.0,0.0,0.0,0.0,0.0,0.0,0.0,0.0,0.0,0.0,0.0,0.0,20975.0,6.0,29384.0,19960.0,6.0,29397.0
48.650784351018956,0.0,0.0,0.0,0.0,0.0,0.0,0.0,0.0,0.0,0.0,0.0,0.0,0.0,20977.0,6.0,29424.0,19961.0,6.0,29427.0
48.65096252900548,0.0,0.0,0.0,0.0,0.0,0.0,0.0,0.0,0.0,0.0,0.0,0.0,0.0,20977.0,6.0,29424.0,19962.0,6.0,29434.0
48.651031256013084,0.0,0.0,0.0,0.0,0.0,0.0,0.0,0.0,0.0,0.0,0.0,0.0,0.0,20979.0,6.0,29464.0,19963.0,6.0,29467.0
48.65109033501358,0.0,0.0,0.0,0.0,0.0,0.0,0.0,0.0,0.0,0.0,0.0,0.0,0.0,20979.0,6.0,29464.0,19964.0,6.0,29474.0
48.65114678902319,0.0,0.0,0.0,0.0,0.0,0.0,0.0,0.0,0.0,0.0,0.0,0.0,0.0,20981.0,6.0,29504.0,19965.0,6.0,29507.0
48.65120208400185,0.0,0.0,0.0,0.0,0.0,0.0,0.0,0.0,0.0,0.0,0.0,0.0,0.0,20981.0,6.0,29504.0,19966.0,6.0,29519.0
48.65125577102299,0.0,0.0,0.0,0.0,0.0,0.0,0.0,0.0,0.0,0.0,0.0,0.0,0.0,20982.0,6.0,29524.0,19967.0,6.0,29537.0
48.651308439002605,0.0,0.0,0.0,0.0,0.0,0.0,0.0,0.0,0.0,0.0,0.0,0.0,0.0,20983.0,6.0,29544.0,19968.0,6.0,29557.0
48.651361218013335,0.0,0.0,0.0,0.0,0.0,0.0,0.0,0.0,0.0,0.0,0.0,0.0,0.0,20984.0,6.0,29564.0,19969.0,6.0,29577.0
48.65141482499894,0.0,0.0,0.0,0.0,0.0,0.0,0.0,0.0,0.0,0.0,0.0,0.0,0.0,20985.0,6.0,29584.0,19970.0,6.0,29597.0
48.65146830200683,0.0,0.0,0.0,0.0,0.0,0.0,0.0,0.0,0.0,0.0,0.0,0.0,0.0,20987.0,6.0,29624.0,19971.0,6.0,29627.0
48.6515207310149,0.0,0.0,0.0,0.0,0.0,0.0,0.0,0.0,0.0,0.0,0.0,0.0,0.0,20987.0,6.0,29624.0,19972.0,6.0,29635.0
48.65160692401696,0.0,0.0,0.0,0.0,0.0,0.0,0.0,0.0,0.0,0.0,0.0,0.0,0.0,20988.0,6.0,29644.0,19973.0,6.0,29657.0
48.651683860021876,0.0,0.0,0.0,0.0,0.0,0.0,0.0,0.0,0.0,0.0,0.0,0.0,0.0,20989.0,6.0,29664.0,19974.0,6.0,29677.0
48.651763322006445,0.0,0.0,0.0,0.0,0.0,0.0,0.0,0.0,0.0,0.0,0.0,0.0,0.0,20990.0,6.0,29684.0,19975.0,6.0,29697.0
48.651948201004416,0.0,0.0,0.0,0.0,0.0,0.0,0.0,0.0,0.0,0.0,0.0,0.0,0.0,20992.0,6.0,29724.0,19976.0,6.0,29727.0
48.6520261450205,0.0,0.0,0.0,0.0,0.0,0.0,0.0,0.0,0.0,0.0,0.0,0.0,0.0,20992.0,6.0,29724.0,19977.0,6.0,29734.0
48.65211333701154,0.0,0.0,0.0,0.0,0.0,0.0,0.0,0.0,0.0,0.0,0.0,0.0,0.0,20994.0,6.0,29764.0,19978.0,6.0,29767.0
48.65219092101324,0.0,0.0,0.0,0.0,0.0,0.0,0.0,0.0,0.0,0.0,0.0,0.0,0.0,20994.0,6.0,29764.0,19979.0,6.0,29775.0
48.65228057000786,0.0,0.0,0.0,0.0,0.0,0.0,0.0,0.0,0.0,0.0,0.0,0.0,0.0,20995.0,6.0,29784.0,19980.0,6.0,29797.0
48.65245450302609,0.0,0.0,0.0,0.0,0.0,0.0,0.0,0.0,0.0,0.0,0.0,0.0,0.0,20997.0,6.0,29824.0,19981.0,6.0,29827.0
48.66040078600054,0.0,0.0,0.0,0.0,0.0,0.0,0.0,0.0,0.0,0.0,0.0,0.0,0.0,20997.0,6.0,29824.0,19982.0,6.0,29835.0
48.68530930601992,0.0,0.0,0.0,0.0,0.0,0.0,0.0,0.0,0.0,0.0,0.0,0.0,0.0,20998.0,6.0,29844.0,19983.0,6.0,29857.0
48.70208314500633,0.0,0.0,0.0,0.0,0.0,0.0,0.0,0.0,0.0,0.0,0.0,0.0,0.0,20999.0,6.0,29864.0,19984.0,6.0,29877.0
48.71530712701497,0.0,0.0,0.0,0.0,0.0,0.0,0.0,0.0,0.0,0.0,0.0,0.0,0.0,21000.0,6.0,29884.0,19985.0,6.0,29897.0
48.74770174801233,0.0,0.0,0.0,0.0,0.0,0.0,0.0,0.0,0.0,0.0,0.0,0.0,0.0,21002.0,6.0,29924.0,19986.0,6.0,29928.0
49.15846996899927,0.0,0.0,0.0,0.0,0.0,0.0,0.0,0.0,0.0,0.0,0.0,0.0,0.0,21013.0,6.0,30144.0,19998.0,6.0,30157.0
49.15862841301714,0.0,0.0,0.0,0.0,0.0,0.0,0.0,0.0,0.0,0.0,0.0,0.0,0.0,21014.0,6.0,30164.0,19999.0,6.0,30177.0
49.15869548401679,0.0,0.0,0.0,0.0,0.0,0.0,0.0,0.0,0.0,0.0,0.0,0.0,0.0,21015.0,6.0,30184.0,20000.0,6.0,30197.0
49.1587622660154,0.0,0.0,0.0,0.0,0.0,0.0,0.0,0.0,0.0,0.0,0.0,0.0,0.0,21017.0,6.0,30224.0,20001.0,6.0,30227.0
49.15882012801012,0.0,0.0,0.0,0.0,0.0,0.0,0.0,0.0,0.0,0.0,0.0,0.0,0.0,21017.0,6.0,30224.0,20002.0,6.0,30234.0
49.15887438500067,0.0,0.0,0.0,0.0,0.0,0.0,0.0,0.0,0.0,0.0,0.0,0.0,0.0,21018.0,6.0,30244.0,20003.0,6.0,30257.0
49.158927772019524,0.0,0.0,0.0,0.0,0.0,0.0,0.0,0.0,0.0,0.0,0.0,0.0,0.0,21019.0,6.0,30264.0,20004.0,6.0,30277.0
49.158981958025834,0.0,0.0,0.0,0.0,0.0,0.0,0.0,0.0,0.0,0.0,0.0,0.0,0.0,21020.0,6.0,30284.0,20005.0,6.0,30297.0
49.15903524600435,0.0,0.0,0.0,0.0,0.0,0.0,0.0,0.0,0.0,0.0,0.0,0.0,0.0,21022.0,6.0,30324.0,20006.0,6.0,30327.0
49.15908784401836,0.0,0.0,0.0,0.0,0.0,0.0,0.0,0.0,0.0,0.0,0.0,0.0,0.0,21022.0,6.0,30324.0,20007.0,6.0,30334.0
49.1837716770242,0.0,0.0,0.0,0.0,0.0,0.0,0.0,0.0,0.0,0.0,0.0,0.0,0.0,21023.0,6.0,30344.0,20008.0,6.0,30357.0
49.20656374900136,0.0,0.0,0.0,0.0,0.0,0.0,0.0,0.0,0.0,0.0,0.0,0.0,0.0,21024.0,6.0,30364.0,20009.0,6.0,30377.0
49.21615901699988,0.0,0.0,0.0,0.0,0.0,0.0,0.0,0.0,0.0,0.0,0.0,0.0,0.0,21025.0,6.0,30384.0,20010.0,6.0,30396.0
49.246966449019965,0.0,0.0,0.0,0.0,0.0,0.0,0.0,0.0,0.0,0.0,0.0,0.0,0.0,21027.0,6.0,30424.0,20011.0,6.0,30427.0
49.25187989699771,0.0,0.0,0.0,0.0,0.0,0.0,0.0,0.0,0.0,0.0,0.0,0.0,0.0,21027.0,6.0,30424.0,20012.0,6.0,30434.0
49.66451445201528,0.0,0.0,0.0,0.0,0.0,0.0,0.0,0.0,0.0,0.0,0.0,0.0,0.0,21029.0,6.0,30464.0,20013.0,6.0,30467.0
49.664739277010085,0.0,0.0,0.0,0.0,0.0,0.0,0.0,0.0,0.0,0.0,0.0,0.0,0.0,21029.0,6.0,30464.0,20014.0,6.0,30474.0
49.664826001011534,0.0,0.0,0.0,0.0,0.0,0.0,0.0,0.0,0.0,0.0,0.0,0.0,0.0,21030.0,6.0,30484.0,20015.0,6.0,30498.0
49.66489677000209,0.0,0.0,0.0,0.0,0.0,0.0,0.0,0.0,0.0,0.0,0.0,0.0,0.0,21032.0,6.0,30524.0,20016.0,6.0,30527.0
49.66495609100093,0.0,0.0,0.0,0.0,0.0,0.0,0.0,0.0,0.0,0.0,0.0,0.0,0.0,21032.0,6.0,30524.0,20017.0,6.0,30535.0
49.66501285400591,0.0,0.0,0.0,0.0,0.0,0.0,0.0,0.0,0.0,0.0,0.0,0.0,0.0,21033.0,6.0,30544.0,20018.0,6.0,30557.0
49.66506831801962,0.0,0.0,0.0,0.0,0.0,0.0,0.0,0.0,0.0,0.0,0.0,0.0,0.0,21034.0,6.0,30564.0,20019.0,6.0,30577.0
49.66512258400326,0.0,0.0,0.0,0.0,0.0,0.0,0.0,0.0,0.0,0.0,0.0,0.0,0.0,21035.0,6.0,30584.0,20020.0,6.0,30597.0
49.66519135501585,0.0,0.0,0.0,0.0,0.0,0.0,0.0,0.0,0.0,0.0,0.0,0.0,0.0,21037.0,6.0,30624.0,20021.0,6.0,30627.0
49.66524714999832,0.0,0.0,0.0,0.0,0.0,0.0,0.0,0.0,0.0,0.0,0.0,0.0,0.0,21037.0,6.0,30624.0,20022.0,6.0,30634.0
49.6653020150261,0.0,0.0,0.0,0.0,0.0,0.0,0.0,0.0,0.0,0.0,0.0,0.0,0.0,21038.0,6.0,30644.0,20023.0,6.0,30656.0
49.66535742901033,0.0,0.0,0.0,0.0,0.0,0.0,0.0,0.0,0.0,0.0,0.0,0.0,0.0,21039.0,6.0,30664.0,20024.0,6.0,30677.0
49.665414162998786,0.0,0.0,0.0,0.0,0.0,0.0,0.0,0.0,0.0,0.0,0.0,0.0,0.0,21040.0,6.0,30684.0,20025.0,6.0,30697.0
49.6654691779986,0.0,0.0,0.0,0.0,0.0,0.0,0.0,0.0,0.0,0.0,0.0,0.0,0.0,21042.0,6.0,30724.0,20026.0,6.0,30727.0
49.67735160200391,0.0,0.0,0.0,0.0,0.0,0.0,0.0,0.0,0.0,0.0,0.0,0.0,0.0,21048.0,6.0,30844.0,20027.0,6.0,30861.0
49.70612990000518,0.0,0.0,0.0,0.0,0.0,0.0,0.0,0.0,0.0,0.0,0.0,0.0,0.0,21050.0,6.0,30884.0,20028.0,6.0,30887.0
49.71172911400208,0.0,0.0,0.0,0.0,0.0,0.0,0.0,0.0,0.0,0.0,0.0,0.0,0.0,21050.0,6.0,30884.0,20029.0,6.0,30895.0
49.732740205014125,0.0,0.0,0.0,0.0,0.0,0.0,0.0,0.0,0.0,0.0,0.0,0.0,0.0,21051.0,6.0,30904.0,20030.0,6.0,30917.0
49.76541063300101,0.0,0.0,0.0,0.0,0.0,0.0,0.0,0.0,0.0,0.0,0.0,0.0,0.0,21053.0,6.0,30944.0,20031.0,6.0,30947.0
50.17441280200728,0.0,0.0,0.0,0.0,0.0,0.0,0.0,0.0,0.0,0.0,0.0,0.0,0.0,21064.0,6.0,31164.0,20043.0,6.0,31177.0
50.17484984500334,0.0,0.0,0.0,0.0,0.0,0.0,0.0,0.0,0.0,0.0,0.0,0.0,0.0,21065.0,6.0,31184.0,20044.0,6.0,31197.0
50.1751178370032,0.0,0.0,0.0,0.0,0.0,0.0,0.0,0.0,0.0,0.0,0.0,0.0,0.0,21066.0,6.0,31204.0,20045.0,6.0,31217.0
50.175297827023314,0.0,0.0,0.0,0.0,0.0,0.0,0.0,0.0,0.0,0.0,0.0,0.0,0.0,21068.0,6.0,31244.0,20046.0,6.0,31247.0
50.17535273201065,0.0,0.0,0.0,0.0,0.0,0.0,0.0,0.0,0.0,0.0,0.0,0.0,0.0,21068.0,6.0,31244.0,20047.0,6.0,31254.0
50.17540717800148,0.0,0.0,0.0,0.0,0.0,0.0,0.0,0.0,0.0,0.0,0.0,0.0,0.0,21069.0,6.0,31264.0,20048.0,6.0,31277.0
50.17546143301297,0.0,0.0,0.0,0.0,0.0,0.0,0.0,0.0,0.0,0.0,0.0,0.0,0.0,21070.0,6.0,31284.0,20049.0,6.0,31297.0
50.175516558025265,0.0,0.0,0.0,0.0,0.0,0.0,0.0,0.0,0.0,0.0,0.0,0.0,0.0,21071.0,6.0,31304.0,20050.0,6.0,31317.0
50.17557098402176,0.0,0.0,0.0,0.0,0.0,0.0,0.0,0.0,0.0,0.0,0.0,0.0,0.0,21073.0,6.0,31344.0,20051.0,6.0,31347.0
50.175625100004254,0.0,0.0,0.0,0.0,0.0,0.0,0.0,0.0,0.0,0.0,0.0,0.0,0.0,21073.0,6.0,31344.0,20052.0,6.0,31354.0
50.1911653180141,0.0,0.0,0.0,0.0,0.0,0.0,0.0,0.0,0.0,0.0,0.0,0.0,0.0,21074.0,6.0,31364.0,20053.0,6.0,31377.0
50.21410132502206,0.0,0.0,0.0,0.0,0.0,0.0,0.0,0.0,0.0,0.0,0.0,0.0,0.0,21075.0,6.0,31384.0,20054.0,6.0,31397.0
50.23344778001774,0.0,0.0,0.0,0.0,0.0,0.0,0.0,0.0,0.0,0.0,0.0,0.0,0.0,21076.0,6.0,31404.0,20055.0,6.0,31417.0
50.26131698599784,0.0,0.0,0.0,0.0,0.0,0.0,0.0,0.0,0.0,0.0,0.0,0.0,0.0,21078.0,6.0,31444.0,20056.0,6.0,31447.0
50.26756067600218,0.0,0.0,0.0,0.0,0.0,0.0,0.0,0.0,0.0,0.0,0.0,0.0,0.0,21078.0,6.0,31444.0,20057.0,6.0,31454.0
50.683274122013245,0.0,0.0,0.0,0.0,0.0,0.0,0.0,0.0,0.0,0.0,0.0,0.0,0.0,21089.0,6.0,31664.0,20068.0,6.0,31677.0
50.68343598701176,0.0,0.0,0.0,0.0,0.0,0.0,0.0,0.0,0.0,0.0,0.0,0.0,0.0,21090.0,6.0,31684.0,20069.0,6.0,31697.0
50.68350232101511,0.0,0.0,0.0,0.0,0.0,0.0,0.0,0.0,0.0,0.0,0.0,0.0,0.0,21091.0,6.0,31704.0,20070.0,6.0,31717.0
50.6835604130174,0.0,0.0,0.0,0.0,0.0,0.0,0.0,0.0,0.0,0.0,0.0,0.0,0.0,21093.0,6.0,31744.0,20071.0,6.0,31747.0
50.68361639601062,0.0,0.0,0.0,0.0,0.0,0.0,0.0,0.0,0.0,0.0,0.0,0.0,0.0,21093.0,6.0,31744.0,20072.0,6.0,31754.0
50.683670580008766,0.0,0.0,0.0,0.0,0.0,0.0,0.0,0.0,0.0,0.0,0.0,0.0,0.0,21094.0,6.0,31764.0,20073.0,6.0,31777.0
50.68372361600632,0.0,0.0,0.0,0.0,0.0,0.0,0.0,0.0,0.0,0.0,0.0,0.0,0.0,21095.0,6.0,31784.0,20074.0,6.0,31797.0
50.683783646003576,0.0,0.0,0.0,0.0,0.0,0.0,0.0,0.0,0.0,0.0,0.0,0.0,0.0,21096.0,6.0,31804.0,20075.0,6.0,31817.0
50.6838396290259,0.0,0.0,0.0,0.0,0.0,0.0,0.0,0.0,0.0,0.0,0.0,0.0,0.0,21098.0,6.0,31844.0,20076.0,6.0,31847.0
50.68389639101224,0.0,0.0,0.0,0.0,0.0,0.0,0.0,0.0,0.0,0.0,0.0,0.0,0.0,21098.0,6.0,31844.0,20077.0,6.0,31854.0
50.69001003401354,0.0,0.0,0.0,0.0,0.0,0.0,0.0,0.0,0.0,0.0,0.0,0.0,0.0,21099.0,6.0,31864.0,20078.0,6.0,31877.0
50.710800141998334,0.0,0.0,0.0,0.0,0.0,0.0,0.0,0.0,0.0,0.0,0.0,0.0,0.0,21100.0,6.0,31884.0,20079.0,6.0,31897.0
50.73117032099981,0.0,0.0,0.0,0.0,0.0,0.0,0.0,0.0,0.0,0.0,0.0,0.0,0.0,21101.0,6.0,31904.0,20080.0,6.0,31917.0
50.760642781009665,0.0,0.0,0.0,0.0,0.0,0.0,0.0,0.0,0.0,0.0,0.0,0.0,0.0,21103.0,6.0,31944.0,20081.0,6.0,31947.0
50.7665961770108,0.0,0.0,0.0,0.0,0.0,0.0,0.0,0.0,0.0,0.0,0.0,0.0,0.0,21103.0,6.0,31944.0,20082.0,6.0,31954.0
51.18929711502278,0.0,0.0,0.0,0.0,0.0,0.0,0.0,0.0,0.0,0.0,0.0,0.0,0.0,21104.0,6.0,31964.0,20083.0,6.0,31977.0
51.18957100601983,0.0,0.0,0.0,0.0,0.0,0.0,0.0,0.0,0.0,0.0,0.0,0.0,0.0,21105.0,6.0,31984.0,20084.0,6.0,31998.0
51.18964221701026,0.0,0.0,0.0,0.0,0.0,0.0,0.0,0.0,0.0,0.0,0.0,0.0,0.0,21106.0,6.0,32004.0,20085.0,6.0,32017.0
51.18970729201101,0.0,0.0,0.0,0.0,0.0,0.0,0.0,0.0,0.0,0.0,0.0,0.0,0.0,21108.0,6.0,32044.0,20086.0,6.0,32047.0
51.189773527003126,0.0,0.0,0.0,0.0,0.0,0.0,0.0,0.0,0.0,0.0,0.0,0.0,0.0,21108.0,6.0,32044.0,20087.0,6.0,32054.0
51.18983848200878,0.0,0.0,0.0,0.0,0.0,0.0,0.0,0.0,0.0,0.0,0.0,0.0,0.0,21109.0,6.0,32064.0,20088.0,6.0,32077.0
51.18990013102302,0.0,0.0,0.0,0.0,0.0,0.0,0.0,0.0,0.0,0.0,0.0,0.0,0.0,21110.0,6.0,32084.0,20089.0,6.0,32097.0
51.18995818201802,0.0,0.0,0.0,0.0,0.0,0.0,0.0,0.0,0.0,0.0,0.0,0.0,0.0,21111.0,6.0,32104.0,20090.0,6.0,32117.0
51.190015534026315,0.0,0.0,0.0,0.0,0.0,0.0,0.0,0.0,0.0,0.0,0.0,0.0,0.0,21113.0,6.0,32144.0,20091.0,6.0,32147.0
51.19007247601985,0.0,0.0,0.0,0.0,0.0,0.0,0.0,0.0,0.0,0.0,0.0,0.0,0.0,21113.0,6.0,32144.0,20092.0,6.0,32155.0
51.19012757000746,0.0,0.0,0.0,0.0,0.0,0.0,0.0,0.0,0.0,0.0,0.0,0.0,0.0,21114.0,6.0,32164.0,20093.0,6.0,32177.0
51.19018273401889,0.0,0.0,0.0,0.0,0.0,0.0,0.0,0.0,0.0,0.0,0.0,0.0,0.0,21115.0,6.0,32184.0,20094.0,6.0,32197.0
51.19023827800993,0.0,0.0,0.0,0.0,0.0,0.0,0.0,0.0,0.0,0.0,0.0,0.0,0.0,21116.0,6.0,32204.0,20095.0,6.0,32217.0
51.19029402101296,0.0,0.0,0.0,0.0,0.0,0.0,0.0,0.0,0.0,0.0,0.0,0.0,0.0,21118.0,6.0,32244.0,20096.0,6.0,32247.0
51.19034961401485,0.0,0.0,0.0,0.0,0.0,0.0,0.0,0.0,0.0,0.0,0.0,0.0,0.0,21118.0,6.0,32244.0,20097.0,6.0,32255.0
51.190404419001425,0.0,0.0,0.0,0.0,0.0,0.0,0.0,0.0,0.0,0.0,0.0,0.0,0.0,21119.0,6.0,32264.0,20098.0,6.0,32277.0
51.19046005202108,0.0,0.0,0.0,0.0,0.0,0.0,0.0,0.0,0.0,0.0,0.0,0.0,0.0,21120.0,6.0,32284.0,20099.0,6.0,32298.0
51.19051548599964,0.0,0.0,0.0,0.0,0.0,0.0,0.0,0.0,0.0,0.0,0.0,0.0,0.0,21121.0,6.0,32304.0,20100.0,6.0,32317.0
51.19080748100532,0.0,0.0,0.0,0.0,0.0,0.0,0.0,0.0,0.0,0.0,0.0,0.0,0.0,21123.0,6.0,32344.0,20101.0,6.0,32347.0
51.190889752004296,0.0,0.0,0.0,0.0,0.0,0.0,0.0,0.0,0.0,0.0,0.0,0.0,0.0,21123.0,6.0,32344.0,20102.0,6.0,32354.0
51.190967527014436,0.0,0.0,0.0,0.0,0.0,0.0,0.0,0.0,0.0,0.0,0.0,0.0,0.0,21124.0,6.0,32364.0,20103.0,6.0,32377.0
51.209118334023515,0.0,0.0,0.0,0.0,0.0,0.0,0.0,0.0,0.0,0.0,0.0,0.0,0.0,21125.0,6.0,32384.0,20104.0,6.0,32396.0
51.2281605550088,0.0,0.0,0.0,0.0,0.0,0.0,0.0,0.0,0.0,0.0,0.0,0.0,0.0,21126.0,6.0,32404.0,20105.0,6.0,32417.0
51.25907894401462,0.0,0.0,0.0,0.0,0.0,0.0,0.0,0.0,0.0,0.0,0.0,0.0,0.0,21128.0,6.0,32444.0,20106.0,6.0,32447.0
51.265829404001124,0.0,0.0,0.0,0.0,0.0,0.0,0.0,0.0,0.0,0.0,0.0,0.0,0.0,21128.0,6.0,32444.0,20107.0,6.0,32454.0
51.650478393014055,0.0,0.0,0.0,0.0,0.0,0.0,0.0,0.0,0.0,0.0,0.0,0.0,0.0,21130.0,6.0,32483.0,20108.0,6.0,32487.0
51.650935711018974,0.0,0.0,0.0,0.0,0.0,0.0,0.0,0.0,0.0,0.0,0.0,0.0,0.0,21130.0,6.0,32483.0,20109.0,6.0,32494.0
51.651207433023956,0.0,0.0,0.0,0.0,0.0,0.0,0.0,0.0,0.0,0.0,0.0,0.0,0.0,21131.0,6.0,32504.0,20110.0,6.0,32517.0
51.651269102003425,0.0,0.0,0.0,0.0,0.0,0.0,0.0,0.0,0.0,0.0,0.0,0.0,0.0,21133.0,6.0,32544.0,20111.0,6.0,32547.0
51.65132903101039,0.0,0.0,0.0,0.0,0.0,0.0,0.0,0.0,0.0,0.0,0.0,0.0,0.0,21133.0,6.0,32544.0,20112.0,6.0,32554.0
51.651390459999675,0.0,0.0,0.0,0.0,0.0,0.0,0.0,0.0,0.0,0.0,0.0,0.0,0.0,21134.0,6.0,32564.0,20113.0,6.0,32577.0
51.65144768200116,0.0,0.0,0.0,0.0,0.0,0.0,0.0,0.0,0.0,0.0,0.0,0.0,0.0,21135.0,6.0,32584.0,20114.0,6.0,32597.0
51.651505494024605,0.0,0.0,0.0,0.0,0.0,0.0,0.0,0.0,0.0,0.0,0.0,0.0,0.0,21136.0,6.0,32604.0,20115.0,6.0,32617.0
51.65157289701165,0.0,0.0,0.0,0.0,0.0,0.0,0.0,0.0,0.0,0.0,0.0,0.0,0.0,21138.0,6.0,32644.0,20116.0,6.0,32647.0
51.65162999002496,0.0,0.0,0.0,0.0,0.0,0.0,0.0,0.0,0.0,0.0,0.0,0.0,0.0,21138.0,6.0,32644.0,20117.0,6.0,32655.0
51.651684704003856,0.0,0.0,0.0,0.0,0.0,0.0,0.0,0.0,0.0,0.0,0.0,0.0,0.0,21139.0,6.0,32664.0,20118.0,6.0,32677.0
51.65173852900625,0.0,0.0,0.0,0.0,0.0,0.0,0.0,0.0,0.0,0.0,0.0,0.0,0.0,21140.0,6.0,32684.0,20119.0,6.0,32697.0
51.6517980589997,0.0,0.0,0.0,0.0,0.0,0.0,0.0,0.0,0.0,0.0,0.0,0.0,0.0,21141.0,6.0,32704.0,20120.0,6.0,32717.0
51.66655293200165,0.0,0.0,0.0,0.0,0.0,0.0,0.0,0.0,0.0,0.0,0.0,0.0,0.0,21148.0,6.0,32844.0,20121.0,6.0,32854.0
51.696609597012866,0.0,0.0,0.0,0.0,0.0,0.0,0.0,0.0,0.0,0.0,0.0,0.0,0.0,21150.0,6.0,32883.0,20122.0,6.0,32887.0
51.7045412750158,0.0,0.0,0.0,0.0,0.0,0.0,0.0,0.0,0.0,0.0,0.0,0.0,0.0,21150.0,6.0,32883.0,20123.0,6.0,32894.0
51.73773006501142,0.0,0.0,0.0,0.0,0.0,0.0,0.0,0.0,0.0,0.0,0.0,0.0,0.0,21152.0,6.0,32924.0,20124.0,6.0,32927.0
51.74587193899788,0.0,0.0,0.0,0.0,0.0,0.0,0.0,0.0,0.0,0.0,0.0,0.0,0.0,21152.0,6.0,32924.0,20125.0,6.0,32934.0
51.769136766000884,0.0,0.0,0.0,0.0,0.0,0.0,0.0,0.0,0.0,0.0,0.0,0.0,0.0,21153.0,6.0,32944.0,20126.0,6.0,32957.0
51.78591909300303,0.0,0.0,0.0,0.0,0.0,0.0,0.0,0.0,0.0,0.0,0.0,0.0,0.0,21154.0,6.0,32964.0,20127.0,6.0,32977.0
51.80778523700428,0.0,0.0,0.0,0.0,0.0,0.0,0.0,0.0,0.0,0.0,0.0,0.0,0.0,21155.0,6.0,32984.0,20128.0,6.0,32998.0
51.82626379199792,0.0,0.0,0.0,0.0,0.0,0.0,0.0,0.0,0.0,0.0,0.0,0.0,0.0,21156.0,6.0,33004.0,20129.0,6.0,33017.0
51.848373200016795,0.0,0.0,0.0,0.0,0.0,0.0,0.0,0.0,0.0,0.0,0.0,0.0,0.0,21157.0,6.0,33024.0,20130.0,6.0,33037.0
51.87742689202423,0.0,0.0,0.0,0.0,0.0,0.0,0.0,0.0,0.0,0.0,0.0,0.0,0.0,21159.0,6.0,33064.0,20131.0,6.0,33067.0
51.88414783900953,0.0,0.0,0.0,0.0,0.0,0.0,0.0,0.0,0.0,0.0,0.0,0.0,0.0,21159.0,6.0,33064.0,20132.0,6.0,33074.0
51.90767267800402,0.0,0.0,0.0,0.0,0.0,0.0,0.0,0.0,0.0,0.0,0.0,0.0,0.0,21160.0,6.0,33084.0,20133.0,6.0,33097.0
51.92636879402562,0.0,0.0,0.0,0.0,0.0,0.0,0.0,0.0,0.0,0.0,0.0,0.0,0.0,21161.0,6.0,33104.0,20134.0,6.0,33117.0
51.9470473320107,0.0,0.0,0.0,0.0,0.0,0.0,0.0,0.0,0.0,0.0,0.0,0.0,0.0,21162.0,6.0,33124.0,20135.0,6.0,33137.0
52.07212600001367,0.0,0.0,0.0,0.0,0.0,0.0,0.0,0.0,0.0,0.0,0.0,0.0,0.0,21164.0,6.0,33164.0,20136.0,6.0,33167.0
52.07226114801597,0.0,0.0,0.0,0.0,0.0,0.0,0.0,0.0,0.0,0.0,0.0,0.0,0.0,21164.0,6.0,33164.0,20137.0,6.0,33174.0
52.07233265900868,0.0,0.0,0.0,0.0,0.0,0.0,0.0,0.0,0.0,0.0,0.0,0.0,0.0,21165.0,6.0,33184.0,20138.0,6.0,33197.0
52.07239259799826,0.0,0.0,0.0,0.0,0.0,0.0,0.0,0.0,0.0,0.0,0.0,0.0,0.0,21166.0,6.0,33204.0,20139.0,6.0,33216.0
52.072448639024515,0.0,0.0,0.0,0.0,0.0,0.0,0.0,0.0,0.0,0.0,0.0,0.0,0.0,21167.0,6.0,33224.0,20140.0,6.0,33237.0
52.07703236001544,0.0,0.0,0.0,0.0,0.0,0.0,0.0,0.0,0.0,0.0,0.0,0.0,0.0,21169.0,6.0,33264.0,20141.0,6.0,33267.0
52.084392709017266,0.0,0.0,0.0,0.0,0.0,0.0,0.0,0.0,0.0,0.0,0.0,0.0,0.0,21169.0,6.0,33264.0,20142.0,6.0,33274.0
52.105515663017286,0.0,0.0,0.0,0.0,0.0,0.0,0.0,0.0,0.0,0.0,0.0,0.0,0.0,21170.0,6.0,33284.0,20143.0,6.0,33297.0
52.136818914004834,0.0,0.0,0.0,0.0,0.0,0.0,0.0,0.0,0.0,0.0,0.0,0.0,0.0,21171.0,6.0,33304.0,20144.0,6.0,33317.0
52.14643080200767,0.0,0.0,0.0,0.0,0.0,0.0,0.0,0.0,0.0,0.0,0.0,0.0,0.0,21172.0,6.0,33324.0,20145.0,6.0,33337.0
52.19949130201712,0.0,0.0,0.0,0.0,0.0,0.0,0.0,0.0,0.0,0.0,0.0,0.0,0.0,21174.0,6.0,33364.0,20146.0,6.0,33367.0
52.19961929501733,0.0,0.0,0.0,0.0,0.0,0.0,0.0,0.0,0.0,0.0,0.0,0.0,0.0,21174.0,6.0,33364.0,20147.0,6.0,33374.0
52.28819609200582,0.0,0.0,0.0,0.0,0.0,0.0,0.0,0.0,0.0,0.0,0.0,0.0,0.0,21176.0,6.0,33404.0,20148.0,6.0,33407.0
52.288317169004586,0.0,0.0,0.0,0.0,0.0,0.0,0.0,0.0,0.0,0.0,0.0,0.0,0.0,21176.0,6.0,33404.0,20149.0,6.0,33414.0
52.2883889900113,0.0,0.0,0.0,0.0,0.0,0.0,0.0,0.0,0.0,0.0,0.0,0.0,0.0,21177.0,6.0,33424.0,20150.0,6.0,33437.0
52.2886321330152,0.0,0.0,0.0,0.0,0.0,0.0,0.0,0.0,0.0,0.0,0.0,0.0,0.0,21179.0,6.0,33464.0,20151.0,6.0,33467.0
52.288837822008645,0.0,0.0,0.0,0.0,0.0,0.0,0.0,0.0,0.0,0.0,0.0,0.0,0.0,21179.0,6.0,33464.0,20152.0,6.0,33475.0
52.30723069602391,0.0,0.0,0.0,0.0,0.0,0.0,0.0,0.0,0.0,0.0,0.0,0.0,0.0,21180.0,6.0,33484.0,20153.0,6.0,33498.0
52.32563945802394,0.0,0.0,0.0,0.0,0.0,0.0,0.0,0.0,0.0,0.0,0.0,0.0,0.0,21181.0,6.0,33504.0,20154.0,6.0,33517.0
52.345799991016975,0.0,0.0,0.0,0.0,0.0,0.0,0.0,0.0,0.0,0.0,0.0,0.0,0.0,21182.0,6.0,33524.0,20155.0,6.0,33537.0
52.37504134501796,0.0,0.0,0.0,0.0,0.0,0.0,0.0,0.0,0.0,0.0,0.0,0.0,0.0,21184.0,6.0,33564.0,20156.0,6.0,33567.0
52.382716438005446,0.0,0.0,0.0,0.0,0.0,0.0,0.0,0.0,0.0,0.0,0.0,0.0,0.0,21184.0,6.0,33564.0,20157.0,6.0,33574.0
52.492296681011794,0.0,0.0,0.0,0.0,0.0,0.0,0.0,0.0,0.0,0.0,0.0,0.0,0.0,21186.0,6.0,33604.0,20158.0,6.0,33607.0
52.49273035401711,0.0,0.0,0.0,0.0,0.0,0.0,0.0,0.0,0.0,0.0,0.0,0.0,0.0,21186.0,6.0,33604.0,20159.0,6.0,33614.0
52.493018756009405,0.0,0.0,0.0,0.0,0.0,0.0,0.0,0.0,0.0,0.0,0.0,0.0,0.0,21188.0,6.0,33644.0,20160.0,6.0,33647.0
52.493180845020106,0.0,0.0,0.0,0.0,0.0,0.0,0.0,0.0,0.0,0.0,0.0,0.0,0.0,21188.0,6.0,33644.0,20161.0,6.0,33659.0
52.49323856600677,0.0,0.0,0.0,0.0,0.0,0.0,0.0,0.0,0.0,0.0,0.0,0.0,0.0,21189.0,6.0,33664.0,20162.0,6.0,33677.0
52.50754726602463,0.0,0.0,0.0,0.0,0.0,0.0,0.0,0.0,0.0,0.0,0.0,0.0,0.0,21190.0,6.0,33684.0,20163.0,6.0,33697.0
52.52520411400474,0.0,0.0,0.0,0.0,0.0,0.0,0.0,0.0,0.0,0.0,0.0,0.0,0.0,21191.0,6.0,33704.0,20164.0,6.0,33717.0
52.544340268010274,0.0,0.0,0.0,0.0,0.0,0.0,0.0,0.0,0.0,0.0,0.0,0.0,0.0,21192.0,6.0,33724.0,20165.0,6.0,33737.0
52.574702014011564,0.0,0.0,0.0,0.0,0.0,0.0,0.0,0.0,0.0,0.0,0.0,0.0,0.0,21194.0,6.0,33764.0,20166.0,6.0,33767.0
52.58277502501733,0.0,0.0,0.0,0.0,0.0,0.0,0.0,0.0,0.0,0.0,0.0,0.0,0.0,21194.0,6.0,33764.0,20167.0,6.0,33774.0
52.70804774801945,0.0,0.0,0.0,0.0,0.0,0.0,0.0,0.0,0.0,0.0,0.0,0.0,0.0,21196.0,6.0,33804.0,20168.0,6.0,33807.0
52.70847201801371,0.0,0.0,0.0,0.0,0.0,0.0,0.0,0.0,0.0,0.0,0.0,0.0,0.0,21196.0,6.0,33804.0,20169.0,6.0,33814.0
52.7085806390096,0.0,0.0,0.0,0.0,0.0,0.0,0.0,0.0,0.0,0.0,0.0,0.0,0.0,21198.0,6.0,33844.0,20170.0,6.0,33847.0
52.7086724289984,0.0,0.0,0.0,0.0,0.0,0.0,0.0,0.0,0.0,0.0,0.0,0.0,0.0,21198.0,6.0,33844.0,20171.0,6.0,33859.0
52.70873749401653,0.0,0.0,0.0,0.0,0.0,0.0,0.0,0.0,0.0,0.0,0.0,0.0,0.0,21199.0,6.0,33864.0,20172.0,6.0,33877.0
52.70880390802631,0.0,0.0,0.0,0.0,0.0,0.0,0.0,0.0,0.0,0.0,0.0,0.0,0.0,21200.0,6.0,33884.0,20173.0,6.0,33897.0
52.72706669502077,0.0,0.0,0.0,0.0,0.0,0.0,0.0,0.0,0.0,0.0,0.0,0.0,0.0,21201.0,6.0,33904.0,20174.0,6.0,33917.0
52.74399233801523,0.0,0.0,0.0,0.0,0.0,0.0,0.0,0.0,0.0,0.0,0.0,0.0,0.0,21202.0,6.0,33924.0,20175.0,6.0,33937.0
52.775808466016315,0.0,0.0,0.0,0.0,0.0,0.0,0.0,0.0,0.0,0.0,0.0,0.0,0.0,21204.0,6.0,33964.0,20176.0,6.0,33967.0
52.79120912501821,0.0,0.0,0.0,0.0,0.0,0.0,0.0,0.0,0.0,0.0,0.0,0.0,0.0,21204.0,6.0,33964.0,20177.0,6.0,33974.0
52.805377473006956,0.0,0.0,0.0,0.0,0.0,0.0,0.0,0.0,0.0,0.0,0.0,0.0,0.0,21205.0,6.0,33984.0,20178.0,6.0,33998.0
52.82356985801016,0.0,0.0,0.0,0.0,0.0,0.0,0.0,0.0,0.0,0.0,0.0,0.0,0.0,21206.0,6.0,34004.0,20179.0,6.0,34017.0
52.93182420000085,0.0,0.0,0.0,0.0,0.0,0.0,0.0,0.0,0.0,0.0,0.0,0.0,0.0,21207.0,6.0,34024.0,20180.0,6.0,34037.0
52.9319292930013,0.0,0.0,0.0,0.0,0.0,0.0,0.0,0.0,0.0,0.0,0.0,0.0,0.0,21209.0,6.0,34064.0,20181.0,6.0,34067.0
52.93199950500275,0.0,0.0,0.0,0.0,0.0,0.0,0.0,0.0,0.0,0.0,0.0,0.0,0.0,21209.0,6.0,34064.0,20182.0,6.0,34074.0
52.932059892016696,0.0,0.0,0.0,0.0,0.0,0.0,0.0,0.0,0.0,0.0,0.0,0.0,0.0,21210.0,6.0,34084.0,20183.0,6.0,34097.0
52.932115652016364,0.0,0.0,0.0,0.0,0.0,0.0,0.0,0.0,0.0,0.0,0.0,0.0,0.0,21211.0,6.0,34104.0,20184.0,6.0,34117.0
52.94837223700597,0.0,0.0,0.0,0.0,0.0,0.0,0.0,0.0,0.0,0.0,0.0,0.0,0.0,21212.0,6.0,34124.0,20185.0,6.0,34137.0
52.973887712025316,0.0,0.0,0.0,0.0,0.0,0.0,0.0,0.0,0.0,0.0,0.0,0.0,0.0,21214.0,6.0,34164.0,20186.0,6.0,34167.0
52.982518842007266,0.0,0.0,0.0,0.0,0.0,0.0,0.0,0.0,0.0,0.0,0.0,0.0,0.0,21214.0,6.0,34164.0,20187.0,6.0,34173.0
53.013237564999145,0.0,0.0,0.0,0.0,0.0,0.0,0.0,0.0,0.0,0.0,0.0,0.0,0.0,21216.0,6.0,34203.0,20188.0,6.0,34207.0
53.021284592017764,0.0,0.0,0.0,0.0,0.0,0.0,0.0,0.0,0.0,0.0,0.0,0.0,0.0,21216.0,6.0,34203.0,20189.0,6.0,34214.0
53.13892114601913,0.0,0.0,0.0,0.0,0.0,0.0,0.0,0.0,0.0,0.0,0.0,0.0,0.0,21218.0,6.0,34244.0,20190.0,6.0,34247.0
53.139255724003306,0.0,0.0,0.0,0.0,0.0,0.0,0.0,0.0,0.0,0.0,0.0,0.0,0.0,21218.0,6.0,34244.0,20191.0,6.0,34259.0
53.139321109018056,0.0,0.0,0.0,0.0,0.0,0.0,0.0,0.0,0.0,0.0,0.0,0.0,0.0,21219.0,6.0,34264.0,20192.0,6.0,34277.0
53.13937957701273,0.0,0.0,0.0,0.0,0.0,0.0,0.0,0.0,0.0,0.0,0.0,0.0,0.0,21220.0,6.0,34284.0,20193.0,6.0,34297.0
53.139436097000726,0.0,0.0,0.0,0.0,0.0,0.0,0.0,0.0,0.0,0.0,0.0,0.0,0.0,21221.0,6.0,34304.0,20194.0,6.0,34317.0
53.16615798699786,0.0,0.0,0.0,0.0,0.0,0.0,0.0,0.0,0.0,0.0,0.0,0.0,0.0,21222.0,6.0,34324.0,20195.0,6.0,34337.0
53.17306223401101,0.0,0.0,0.0,0.0,0.0,0.0,0.0,0.0,0.0,0.0,0.0,0.0,0.0,21224.0,6.0,34364.0,20196.0,6.0,34367.0
53.18218979402445,0.0,0.0,0.0,0.0,0.0,0.0,0.0,0.0,0.0,0.0,0.0,0.0,0.0,21224.0,6.0,34364.0,20197.0,6.0,34374.0
53.203506236022804,0.0,0.0,0.0,0.0,0.0,0.0,0.0,0.0,0.0,0.0,0.0,0.0,0.0,21225.0,6.0,34384.0,20198.0,6.0,34397.0
53.22350067400839,0.0,0.0,0.0,0.0,0.0,0.0,0.0,0.0,0.0,0.0,0.0,0.0,0.0,21226.0,6.0,34404.0,20199.0,6.0,34417.0
53.24287526900298,0.0,0.0,0.0,0.0,0.0,0.0,0.0,0.0,0.0,0.0,0.0,0.0,0.0,21227.0,6.0,34424.0,20200.0,6.0,34437.0
53.34642126300605,0.0,0.0,0.0,0.0,0.0,0.0,0.0,0.0,0.0,0.0,0.0,0.0,0.0,21229.0,6.0,34464.0,20201.0,6.0,34467.0
53.387280278024264,0.0,0.0,0.0,0.0,0.0,0.0,0.0,0.0,0.0,0.0,0.0,0.0,0.0,21229.0,6.0,34464.0,20202.0,6.0,34474.0
53.38780176601722,0.0,0.0,0.0,0.0,0.0,0.0,0.0,0.0,0.0,0.0,0.0,0.0,0.0,21231.0,6.0,34504.0,20203.0,6.0,34507.0
53.38812325100298,0.0,0.0,0.0,0.0,0.0,0.0,0.0,0.0,0.0,0.0,0.0,0.0,0.0,21231.0,6.0,34504.0,20204.0,6.0,34514.0
53.38838291101274,0.0,0.0,0.0,0.0,0.0,0.0,0.0,0.0,0.0,0.0,0.0,0.0,0.0,21232.0,6.0,34524.0,20205.0,6.0,34537.0
53.38853517800453,0.0,0.0,0.0,0.0,0.0,0.0,0.0,0.0,0.0,0.0,0.0,0.0,0.0,21234.0,6.0,34564.0,20206.0,6.0,34567.0
53.38859904301353,0.0,0.0,0.0,0.0,0.0,0.0,0.0,0.0,0.0,0.0,0.0,0.0,0.0,21234.0,6.0,34564.0,20207.0,6.0,34574.0
53.429365689022234,0.0,0.0,0.0,0.0,0.0,0.0,0.0,0.0,0.0,0.0,0.0,0.0,0.0,21236.0,6.0,34604.0,20208.0,6.0,34607.0
53.429470942006446,0.0,0.0,0.0,0.0,0.0,0.0,0.0,0.0,0.0,0.0,0.0,0.0,0.0,21236.0,6.0,34604.0,20209.0,6.0,34614.0
53.45565658301348,0.0,0.0,0.0,0.0,0.0,0.0,0.0,0.0,0.0,0.0,0.0,0.0,0.0,21238.0,6.0,34644.0,20210.0,6.0,34647.0
53.46385469799861,0.0,0.0,0.0,0.0,0.0,0.0,0.0,0.0,0.0,0.0,0.0,0.0,0.0,21238.0,6.0,34644.0,20211.0,6.0,34659.0
53.4914990280231,0.0,0.0,0.0,0.0,0.0,0.0,0.0,0.0,0.0,0.0,0.0,0.0,0.0,21239.0,6.0,34664.0,20212.0,6.0,34677.0
53.57315186402411,0.0,0.0,0.0,0.0,0.0,0.0,0.0,0.0,0.0,0.0,0.0,0.0,0.0,21240.0,6.0,34684.0,20213.0,6.0,34697.0
53.573541592020774,0.0,0.0,0.0,0.0,0.0,0.0,0.0,0.0,0.0,0.0,0.0,0.0,0.0,21241.0,6.0,34704.0,20214.0,6.0,34717.0
53.57382263999898,0.0,0.0,0.0,0.0,0.0,0.0,0.0,0.0,0.0,0.0,0.0,0.0,0.0,21242.0,6.0,34724.0,20215.0,6.0,34737.0
53.60608849400887,0.0,0.0,0.0,0.0,0.0,0.0,0.0,0.0,0.0,0.0,0.0,0.0,0.0,21244.0,6.0,34764.0,20216.0,6.0,34779.0
53.606467289006105,0.0,0.0,0.0,0.0,0.0,0.0,0.0,0.0,0.0,0.0,0.0,0.0,0.0,21245.0,6.0,34784.0,20217.0,6.0,34797.0
53.623124647012446,0.0,0.0,0.0,0.0,0.0,0.0,0.0,0.0,0.0,0.0,0.0,0.0,0.0,21246.0,6.0,34804.0,20218.0,6.0,34817.0
53.64291432601749,0.0,0.0,0.0,0.0,0.0,0.0,0.0,0.0,0.0,0.0,0.0,0.0,0.0,21247.0,6.0,34824.0,20219.0,6.0,34837.0
53.66217966101249,0.0,0.0,0.0,0.0,0.0,0.0,0.0,0.0,0.0,0.0,0.0,0.0,0.0,21248.0,6.0,34844.0,20220.0,6.0,34857.0
53.699040082021384,0.0,0.0,0.0,0.0,0.0,0.0,0.0,0.0,0.0,0.0,0.0,0.0,0.0,21250.0,6.0,34884.0,20221.0,6.0,34887.0
53.700024410005426,0.0,0.0,0.0,0.0,0.0,0.0,0.0,0.0,0.0,0.0,0.0,0.0,0.0,21250.0,6.0,34884.0,20222.0,6.0,34895.0
53.722912459023064,0.0,0.0,0.0,0.0,0.0,0.0,0.0,0.0,0.0,0.0,0.0,0.0,0.0,21251.0,6.0,34904.0,20223.0,6.0,34917.0
53.824066933011636,0.0,0.0,0.0,0.0,0.0,0.0,0.0,0.0,0.0,0.0,0.0,0.0,0.0,21252.0,6.0,34924.0,20224.0,6.0,34937.0
53.82443323300686,0.0,0.0,0.0,0.0,0.0,0.0,0.0,0.0,0.0,0.0,0.0,0.0,0.0,21253.0,6.0,34944.0,20225.0,6.0,34956.0
53.82470780101721,0.0,0.0,0.0,0.0,0.0,0.0,0.0,0.0,0.0,0.0,0.0,0.0,0.0,21255.0,6.0,34984.0,20226.0,6.0,34987.0
53.82495547001599,0.0,0.0,0.0,0.0,0.0,0.0,0.0,0.0,0.0,0.0,0.0,0.0,0.0,21255.0,6.0,34984.0,20227.0,6.0,34993.0
53.82517841801746,0.0,0.0,0.0,0.0,0.0,0.0,0.0,0.0,0.0,0.0,0.0,0.0,0.0,21256.0,6.0,35004.0,20228.0,6.0,35017.0
53.84148918502615,0.0,0.0,0.0,0.0,0.0,0.0,0.0,0.0,0.0,0.0,0.0,0.0,0.0,21257.0,6.0,35024.0,20229.0,6.0,35037.0
53.863514726021094,0.0,0.0,0.0,0.0,0.0,0.0,0.0,0.0,0.0,0.0,0.0,0.0,0.0,21258.0,6.0,35044.0,20230.0,6.0,35057.0
53.89400725901942,0.0,0.0,0.0,0.0,0.0,0.0,0.0,0.0,0.0,0.0,0.0,0.0,0.0,21260.0,6.0,35084.0,20231.0,6.0,35087.0
53.902246523008216,0.0,0.0,0.0,0.0,0.0,0.0,0.0,0.0,0.0,0.0,0.0,0.0,0.0,21260.0,6.0,35084.0,20232.0,6.0,35094.0
54.056137581006624,0.0,0.0,0.0,0.0,0.0,0.0,0.0,0.0,0.0,0.0,0.0,0.0,0.0,21262.0,6.0,35124.0,20233.0,6.0,35127.0
54.05654719402082,0.0,0.0,0.0,0.0,0.0,0.0,0.0,0.0,0.0,0.0,0.0,0.0,0.0,21262.0,6.0,35124.0,20234.0,6.0,35134.0
54.056749211013084,0.0,0.0,0.0,0.0,0.0,0.0,0.0,0.0,0.0,0.0,0.0,0.0,0.0,21264.0,6.0,35164.0,20235.0,6.0,35167.0
54.056817783013685,0.0,0.0,0.0,0.0,0.0,0.0,0.0,0.0,0.0,0.0,0.0,0.0,0.0,21264.0,6.0,35164.0,20236.0,6.0,35179.0
54.05687501002103,0.0,0.0,0.0,0.0,0.0,0.0,0.0,0.0,0.0,0.0,0.0,0.0,0.0,21265.0,6.0,35184.0,20237.0,6.0,35197.0
54.056929857004434,0.0,0.0,0.0,0.0,0.0,0.0,0.0,0.0,0.0,0.0,0.0,0.0,0.0,21266.0,6.0,35204.0,20238.0,6.0,35217.0
54.0569850949978,0.0,0.0,0.0,0.0,0.0,0.0,0.0,0.0,0.0,0.0,0.0,0.0,0.0,21267.0,6.0,35224.0,20239.0,6.0,35237.0
54.061257509019924,0.0,0.0,0.0,0.0,0.0,0.0,0.0,0.0,0.0,0.0,0.0,0.0,0.0,21268.0,6.0,35244.0,20240.0,6.0,35257.0
54.09172885000589,0.0,0.0,0.0,0.0,0.0,0.0,0.0,0.0,0.0,0.0,0.0,0.0,0.0,21270.0,6.0,35284.0,20241.0,6.0,35287.0
54.10462017302052,0.0,0.0,0.0,0.0,0.0,0.0,0.0,0.0,0.0,0.0,0.0,0.0,0.0,21270.0,6.0,35284.0,20242.0,6.0,35294.0
54.13242271501804,0.0,0.0,0.0,0.0,0.0,0.0,0.0,0.0,0.0,0.0,0.0,0.0,0.0,21272.0,6.0,35324.0,20243.0,6.0,35327.0
54.13819846502156,0.0,0.0,0.0,0.0,0.0,0.0,0.0,0.0,0.0,0.0,0.0,0.0,0.0,21272.0,6.0,35324.0,20244.0,6.0,35334.0
54.26314410901978,0.0,0.0,0.0,0.0,0.0,0.0,0.0,0.0,0.0,0.0,0.0,0.0,0.0,21274.0,6.0,35364.0,20245.0,6.0,35366.0
54.263520386011805,0.0,0.0,0.0,0.0,0.0,0.0,0.0,0.0,0.0,0.0,0.0,0.0,0.0,21274.0,6.0,35364.0,20246.0,6.0,35378.0
54.2638028000074,0.0,0.0,0.0,0.0,0.0,0.0,0.0,0.0,0.0,0.0,0.0,0.0,0.0,21275.0,6.0,35384.0,20247.0,6.0,35397.0
54.263866034016246,0.0,0.0,0.0,0.0,0.0,0.0,0.0,0.0,0.0,0.0,0.0,0.0,0.0,21276.0,6.0,35404.0,20248.0,6.0,35417.0
54.26392300100997,0.0,0.0,0.0,0.0,0.0,0.0,0.0,0.0,0.0,0.0,0.0,0.0,0.0,21277.0,6.0,35424.0,20249.0,6.0,35437.0
54.263977649010485,0.0,0.0,0.0,0.0,0.0,0.0,0.0,0.0,0.0,0.0,0.0,0.0,0.0,21278.0,6.0,35444.0,20250.0,6.0,35457.0
54.290576212020824,0.0,0.0,0.0,0.0,0.0,0.0,0.0,0.0,0.0,0.0,0.0,0.0,0.0,21280.0,6.0,35484.0,20251.0,6.0,35487.0
54.29952591602341,0.0,0.0,0.0,0.0,0.0,0.0,0.0,0.0,0.0,0.0,0.0,0.0,0.0,21280.0,6.0,35484.0,20252.0,6.0,35495.0
54.322538624022854,0.0,0.0,0.0,0.0,0.0,0.0,0.0,0.0,0.0,0.0,0.0,0.0,0.0,21281.0,6.0,35504.0,20253.0,6.0,35516.0
54.340632831008406,0.0,0.0,0.0,0.0,0.0,0.0,0.0,0.0,0.0,0.0,0.0,0.0,0.0,21282.0,6.0,35524.0,20254.0,6.0,35537.0
54.38584608002566,0.0,0.0,0.0,0.0,0.0,0.0,0.0,0.0,0.0,0.0,0.0,0.0,0.0,21284.0,6.0,35564.0,20255.0,6.0,35576.0
54.482497383025475,0.0,0.0,0.0,0.0,0.0,0.0,0.0,0.0,0.0,0.0,0.0,0.0,0.0,21286.0,6.0,35604.0,20256.0,6.0,35607.0
54.48263313801726,0.0,0.0,0.0,0.0,0.0,0.0,0.0,0.0,0.0,0.0,0.0,0.0,0.0,21286.0,6.0,35604.0,20257.0,6.0,35614.0
54.48270024001249,0.0,0.0,0.0,0.0,0.0,0.0,0.0,0.0,0.0,0.0,0.0,0.0,0.0,21288.0,6.0,35644.0,20258.0,6.0,35647.0
54.48276593402261,0.0,0.0,0.0,0.0,0.0,0.0,0.0,0.0,0.0,0.0,0.0,0.0,0.0,21288.0,6.0,35644.0,20259.0,6.0,35654.0
54.48928956800955,0.0,0.0,0.0,0.0,0.0,0.0,0.0,0.0,0.0,0.0,0.0,0.0,0.0,21290.0,6.0,35684.0,20260.0,6.0,35687.0
54.503841083002044,0.0,0.0,0.0,0.0,0.0,0.0,0.0,0.0,0.0,0.0,0.0,0.0,0.0,21290.0,6.0,35684.0,20261.0,6.0,35698.0
54.51977475400781,0.0,0.0,0.0,0.0,0.0,0.0,0.0,0.0,0.0,0.0,0.0,0.0,0.0,21291.0,6.0,35704.0,20262.0,6.0,35717.0
54.539897593000205,0.0,0.0,0.0,0.0,0.0,0.0,0.0,0.0,0.0,0.0,0.0,0.0,0.0,21292.0,6.0,35724.0,20263.0,6.0,35737.0
54.56969224000932,0.0,0.0,0.0,0.0,0.0,0.0,0.0,0.0,0.0,0.0,0.0,0.0,0.0,21293.0,6.0,35744.0,20264.0,6.0,35757.0
54.578963122999994,0.0,0.0,0.0,0.0,0.0,0.0,0.0,0.0,0.0,0.0,0.0,0.0,0.0,21294.0,6.0,35764.0,20265.0,6.0,35776.0
54.70364532401436,0.0,0.0,0.0,0.0,0.0,0.0,0.0,0.0,0.0,0.0,0.0,0.0,0.0,21296.0,6.0,35804.0,20266.0,6.0,35807.0
54.704085069010034,0.0,0.0,0.0,0.0,0.0,0.0,0.0,0.0,0.0,0.0,0.0,0.0,0.0,21296.0,6.0,35804.0,20267.0,6.0,35814.0
54.70435045400518,0.0,0.0,0.0,0.0,0.0,0.0,0.0,0.0,0.0,0.0,0.0,0.0,0.0,21298.0,6.0,35843.0,20268.0,6.0,35847.0
54.70458577701356,0.0,0.0,0.0,0.0,0.0,0.0,0.0,0.0,0.0,0.0,0.0,0.0,0.0,21298.0,6.0,35843.0,20269.0,6.0,35854.0
54.70465440800763,0.0,0.0,0.0,0.0,0.0,0.0,0.0,0.0,0.0,0.0,0.0,0.0,0.0,21300.0,6.0,35884.0,20270.0,6.0,35887.0
54.70470847300021,0.0,0.0,0.0,0.0,0.0,0.0,0.0,0.0,0.0,0.0,0.0,0.0,0.0,21300.0,6.0,35884.0,20271.0,6.0,35899.0
54.71922123202239,0.0,0.0,0.0,0.0,0.0,0.0,0.0,0.0,0.0,0.0,0.0,0.0,0.0,21301.0,6.0,35904.0,20272.0,6.0,35917.0
54.74028994402033,0.0,0.0,0.0,0.0,0.0,0.0,0.0,0.0,0.0,0.0,0.0,0.0,0.0,21302.0,6.0,35924.0,20273.0,6.0,35937.0
54.7590002240031,0.0,0.0,0.0,0.0,0.0,0.0,0.0,0.0,0.0,0.0,0.0,0.0,0.0,21303.0,6.0,35944.0,20274.0,6.0,35957.0
54.78134949400555,0.0,0.0,0.0,0.0,0.0,0.0,0.0,0.0,0.0,0.0,0.0,0.0,0.0,21304.0,6.0,35964.0,20275.0,6.0,35977.0
54.924578964011744,0.0,0.0,0.0,0.0,0.0,0.0,0.0,0.0,0.0,0.0,0.0,0.0,0.0,21306.0,6.0,36004.0,20276.0,6.0,36007.0
54.92500583300716,0.0,0.0,0.0,0.0,0.0,0.0,0.0,0.0,0.0,0.0,0.0,0.0,0.0,21306.0,6.0,36004.0,20277.0,6.0,36014.0
54.925174035015516,0.0,0.0,0.0,0.0,0.0,0.0,0.0,0.0,0.0,0.0,0.0,0.0,0.0,21308.0,6.0,36044.0,20278.0,6.0,36047.0
54.9252315290214,0.0,0.0,0.0,0.0,0.0,0.0,0.0,0.0,0.0,0.0,0.0,0.0,0.0,21308.0,6.0,36044.0,20279.0,6.0,36054.0
54.92528787301853,0.0,0.0,0.0,0.0,0.0,0.0,0.0,0.0,0.0,0.0,0.0,0.0,0.0,21310.0,6.0,36084.0,20280.0,6.0,36087.0
54.92534235800849,0.0,0.0,0.0,0.0,0.0,0.0,0.0,0.0,0.0,0.0,0.0,0.0,0.0,21310.0,6.0,36084.0,20281.0,6.0,36098.0
54.925396392005496,0.0,0.0,0.0,0.0,0.0,0.0,0.0,0.0,0.0,0.0,0.0,0.0,0.0,21311.0,6.0,36104.0,20282.0,6.0,36117.0
54.93925837602001,0.0,0.0,0.0,0.0,0.0,0.0,0.0,0.0,0.0,0.0,0.0,0.0,0.0,21312.0,6.0,36124.0,20283.0,6.0,36137.0
54.959596745000454,0.0,0.0,0.0,0.0,0.0,0.0,0.0,0.0,0.0,0.0,0.0,0.0,0.0,21313.0,6.0,36144.0,20284.0,6.0,36157.0
54.97897389600985,0.0,0.0,0.0,0.0,0.0,0.0,0.0,0.0,0.0,0.0,0.0,0.0,0.0,21314.0,6.0,36164.0,20285.0,6.0,36177.0
55.010115136014065,0.0,0.0,0.0,0.0,0.0,0.0,0.0,0.0,0.0,0.0,0.0,0.0,0.0,21316.0,6.0,36204.0,20286.0,6.0,36207.0
55.017882276006276,0.0,0.0,0.0,0.0,0.0,0.0,0.0,0.0,0.0,0.0,0.0,0.0,0.0,21316.0,6.0,36204.0,20287.0,6.0,36214.0
55.14422574901255,0.0,0.0,0.0,0.0,0.0,0.0,0.0,0.0,0.0,0.0,0.0,0.0,0.0,21318.0,6.0,36244.0,20288.0,6.0,36247.0
55.14434422500199,0.0,0.0,0.0,0.0,0.0,0.0,0.0,0.0,0.0,0.0,0.0,0.0,0.0,21318.0,6.0,36244.0,20289.0,6.0,36254.0
55.14441452501342,0.0,0.0,0.0,0.0,0.0,0.0,0.0,0.0,0.0,0.0,0.0,0.0,0.0,21320.0,6.0,36284.0,20290.0,6.0,36287.0
55.144483616022626,0.0,0.0,0.0,0.0,0.0,0.0,0.0,0.0,0.0,0.0,0.0,0.0,0.0,21320.0,6.0,36284.0,20291.0,6.0,36298.0
55.14456120401155,0.0,0.0,0.0,0.0,0.0,0.0,0.0,0.0,0.0,0.0,0.0,0.0,0.0,21321.0,6.0,36304.0,20292.0,6.0,36317.0
55.14464910901734,0.0,0.0,0.0,0.0,0.0,0.0,0.0,0.0,0.0,0.0,0.0,0.0,0.0,21322.0,6.0,36324.0,20293.0,6.0,36337.0
55.15900826200959,0.0,0.0,0.0,0.0,0.0,0.0,0.0,0.0,0.0,0.0,0.0,0.0,0.0,21323.0,6.0,36344.0,20294.0,6.0,36357.0
55.17823674500687,0.0,0.0,0.0,0.0,0.0,0.0,0.0,0.0,0.0,0.0,0.0,0.0,0.0,21324.0,6.0,36364.0,20295.0,6.0,36377.0
55.20999872800894,0.0,0.0,0.0,0.0,0.0,0.0,0.0,0.0,0.0,0.0,0.0,0.0,0.0,21326.0,6.0,36404.0,20296.0,6.0,36407.0
55.215453493001405,0.0,0.0,0.0,0.0,0.0,0.0,0.0,0.0,0.0,0.0,0.0,0.0,0.0,21326.0,6.0,36404.0,20297.0,6.0,36414.0
55.24114977501449,0.0,0.0,0.0,0.0,0.0,0.0,0.0,0.0,0.0,0.0,0.0,0.0,0.0,21327.0,6.0,36424.0,20298.0,6.0,36437.0
55.282832688011695,0.0,0.0,0.0,0.0,0.0,0.0,0.0,0.0,0.0,0.0,0.0,0.0,0.0,21328.0,6.0,36444.0,20299.0,6.0,36457.0
55.28316105500562,0.0,0.0,0.0,0.0,0.0,0.0,0.0,0.0,0.0,0.0,0.0,0.0,0.0,21329.0,6.0,36464.0,20300.0,6.0,36477.0
55.36089045801782,0.0,0.0,0.0,0.0,0.0,0.0,0.0,0.0,0.0,0.0,0.0,0.0,0.0,21331.0,6.0,36504.0,20301.0,6.0,36507.0
55.361017892020755,0.0,0.0,0.0,0.0,0.0,0.0,0.0,0.0,0.0,0.0,0.0,0.0,0.0,21331.0,6.0,36504.0,20302.0,6.0,36514.0
55.361087302007945,0.0,0.0,0.0,0.0,0.0,0.0,0.0,0.0,0.0,0.0,0.0,0.0,0.0,21332.0,6.0,36524.0,20303.0,6.0,36537.0
55.36114825500408,0.0,0.0,0.0,0.0,0.0,0.0,0.0,0.0,0.0,0.0,0.0,0.0,0.0,21333.0,6.0,36544.0,20304.0,6.0,36557.0
55.37759178702254,0.0,0.0,0.0,0.0,0.0,0.0,0.0,0.0,0.0,0.0,0.0,0.0,0.0,21334.0,6.0,36564.0,20305.0,6.0,36577.0
55.4080962370208,0.0,0.0,0.0,0.0,0.0,0.0,0.0,0.0,0.0,0.0,0.0,0.0,0.0,21336.0,6.0,36604.0,20306.0,6.0,36607.0
55.41641601000447,0.0,0.0,0.0,0.0,0.0,0.0,0.0,0.0,0.0,0.0,0.0,0.0,0.0,21336.0,6.0,36604.0,20307.0,6.0,36614.0
55.43833203302347,0.0,0.0,0.0,0.0,0.0,0.0,0.0,0.0,0.0,0.0,0.0,0.0,0.0,21337.0,6.0,36624.0,20308.0,6.0,36637.0
55.45809365500463,0.0,0.0,0.0,0.0,0.0,0.0,0.0,0.0,0.0,0.0,0.0,0.0,0.0,21338.0,6.0,36644.0,20309.0,6.0,36657.0
55.580367301008664,0.0,0.0,0.0,0.0,0.0,0.0,0.0,0.0,0.0,0.0,0.0,0.0,0.0,21339.0,6.0,36664.0,20310.0,6.0,36677.0
55.58048274801695,0.0,0.0,0.0,0.0,0.0,0.0,0.0,0.0,0.0,0.0,0.0,0.0,0.0,21341.0,6.0,36704.0,20311.0,6.0,36707.0
55.58054949901998,0.0,0.0,0.0,0.0,0.0,0.0,0.0,0.0,0.0,0.0,0.0,0.0,0.0,21341.0,6.0,36704.0,20312.0,6.0,36714.0
55.580609782016836,0.0,0.0,0.0,0.0,0.0,0.0,0.0,0.0,0.0,0.0,0.0,0.0,0.0,21343.0,6.0,36744.0,20313.0,6.0,36746.0
55.59190096400562,0.0,0.0,0.0,0.0,0.0,0.0,0.0,0.0,0.0,0.0,0.0,0.0,0.0,21345.0,6.0,36784.0,20314.0,6.0,36790.0
55.60077266101143,0.0,0.0,0.0,0.0,0.0,0.0,0.0,0.0,0.0,0.0,0.0,0.0,0.0,21345.0,6.0,36784.0,20315.0,6.0,36797.0
55.63102637202246,0.0,0.0,0.0,0.0,0.0,0.0,0.0,0.0,0.0,0.0,0.0,0.0,0.0,21347.0,6.0,36824.0,20316.0,6.0,36827.0
55.637710149021586,0.0,0.0,0.0,0.0,0.0,0.0,0.0,0.0,0.0,0.0,0.0,0.0,0.0,21347.0,6.0,36824.0,20317.0,6.0,36835.0
55.658530101005454,0.0,0.0,0.0,0.0,0.0,0.0,0.0,0.0,0.0,0.0,0.0,0.0,0.0,21348.0,6.0,36844.0,20318.0,6.0,36857.0
55.67733066302026,0.0,0.0,0.0,0.0,0.0,0.0,0.0,0.0,0.0,0.0,0.0,0.0,0.0,21349.0,6.0,36864.0,20319.0,6.0,36877.0
55.800118452025345,0.0,0.0,0.0,0.0,0.0,0.0,0.0,0.0,0.0,0.0,0.0,0.0,0.0,21350.0,6.0,36884.0,20320.0,6.0,36897.0
55.80038334900746,0.0,0.0,0.0,0.0,0.0,0.0,0.0,0.0,0.0,0.0,0.0,0.0,0.0,21352.0,6.0,36924.0,20321.0,6.0,36928.0
55.80044894802268,0.0,0.0,0.0,0.0,0.0,0.0,0.0,0.0,0.0,0.0,0.0,0.0,0.0,21352.0,6.0,36924.0,20322.0,6.0,36935.0
55.80050612799823,0.0,0.0,0.0,0.0,0.0,0.0,0.0,0.0,0.0,0.0,0.0,0.0,0.0,21353.0,6.0,36944.0,20323.0,6.0,36957.0
55.800561779004056,0.0,0.0,0.0,0.0,0.0,0.0,0.0,0.0,0.0,0.0,0.0,0.0,0.0,21354.0,6.0,36964.0,20324.0,6.0,36977.0
55.800614650011994,0.0,0.0,0.0,0.0,0.0,0.0,0.0,0.0,0.0,0.0,0.0,0.0,0.0,21355.0,6.0,36984.0,20325.0,6.0,36998.0
55.82860780801275,0.0,0.0,0.0,0.0,0.0,0.0,0.0,0.0,0.0,0.0,0.0,0.0,0.0,21357.0,6.0,37024.0,20326.0,6.0,37027.0
55.834074332000455,0.0,0.0,0.0,0.0,0.0,0.0,0.0,0.0,0.0,0.0,0.0,0.0,0.0,21357.0,6.0,37024.0,20327.0,6.0,37033.0
55.86840780900093,0.0,0.0,0.0,0.0,0.0,0.0,0.0,0.0,0.0,0.0,0.0,0.0,0.0,21359.0,6.0,37064.0,20328.0,6.0,37067.0
55.8791307110223,0.0,0.0,0.0,0.0,0.0,0.0,0.0,0.0,0.0,0.0,0.0,0.0,0.0,21359.0,6.0,37064.0,20329.0,6.0,37074.0
56.019871254015015,0.0,0.0,0.0,0.0,0.0,0.0,0.0,0.0,0.0,0.0,0.0,0.0,0.0,21361.0,6.0,37104.0,20330.0,6.0,37107.0
56.02033871601452,0.0,0.0,0.0,0.0,0.0,0.0,0.0,0.0,0.0,0.0,0.0,0.0,0.0,21361.0,6.0,37104.0,20331.0,6.0,37118.0
56.02061933002551,0.0,0.0,0.0,0.0,0.0,0.0,0.0,0.0,0.0,0.0,0.0,0.0,0.0,21362.0,6.0,37124.0,20332.0,6.0,37136.0
56.020711805002065,0.0,0.0,0.0,0.0,0.0,0.0,0.0,0.0,0.0,0.0,0.0,0.0,0.0,21363.0,6.0,37144.0,20333.0,6.0,37156.0
56.02077148502576,0.0,0.0,0.0,0.0,0.0,0.0,0.0,0.0,0.0,0.0,0.0,0.0,0.0,21364.0,6.0,37164.0,20334.0,6.0,37177.0
56.020826146006584,0.0,0.0,0.0,0.0,0.0,0.0,0.0,0.0,0.0,0.0,0.0,0.0,0.0,21365.0,6.0,37184.0,20335.0,6.0,37197.0
56.02802991101635,0.0,0.0,0.0,0.0,0.0,0.0,0.0,0.0,0.0,0.0,0.0,0.0,0.0,21367.0,6.0,37224.0,20336.0,6.0,37227.0
56.03674217601656,0.0,0.0,0.0,0.0,0.0,0.0,0.0,0.0,0.0,0.0,0.0,0.0,0.0,21367.0,6.0,37224.0,20337.0,6.0,37234.0
56.0606620600156,0.0,0.0,0.0,0.0,0.0,0.0,0.0,0.0,0.0,0.0,0.0,0.0,0.0,21368.0,6.0,37244.0,20338.0,6.0,37257.0
56.07700704000308,0.0,0.0,0.0,0.0,0.0,0.0,0.0,0.0,0.0,0.0,0.0,0.0,0.0,21369.0,6.0,37264.0,20339.0,6.0,37277.0
56.09636578001664,0.0,0.0,0.0,0.0,0.0,0.0,0.0,0.0,0.0,0.0,0.0,0.0,0.0,21370.0,6.0,37284.0,20340.0,6.0,37297.0
56.24173460502061,0.0,0.0,0.0,0.0,0.0,0.0,0.0,0.0,0.0,0.0,0.0,0.0,0.0,21372.0,6.0,37324.0,20341.0,6.0,37327.0
56.242031636007596,0.0,0.0,0.0,0.0,0.0,0.0,0.0,0.0,0.0,0.0,0.0,0.0,0.0,21372.0,6.0,37324.0,20342.0,6.0,37334.0
56.242096735019004,0.0,0.0,0.0,0.0,0.0,0.0,0.0,0.0,0.0,0.0,0.0,0.0,0.0,21373.0,6.0,37344.0,20343.0,6.0,37357.0
56.242153996019624,0.0,0.0,0.0,0.0,0.0,0.0,0.0,0.0,0.0,0.0,0.0,0.0,0.0,21374.0,6.0,37364.0,20344.0,6.0,37377.0
56.24220870700083,0.0,0.0,0.0,0.0,0.0,0.0,0.0,0.0,0.0,0.0,0.0,0.0,0.0,21375.0,6.0,37384.0,20345.0,6.0,37397.0
56.24227053602226,0.0,0.0,0.0,0.0,0.0,0.0,0.0,0.0,0.0,0.0,0.0,0.0,0.0,21377.0,6.0,37424.0,20346.0,6.0,37427.0
56.24236132099759,0.0,0.0,0.0,0.0,0.0,0.0,0.0,0.0,0.0,0.0,0.0,0.0,0.0,21377.0,6.0,37424.0,20347.0,6.0,37434.0
56.2660987850104,0.0,0.0,0.0,0.0,0.0,0.0,0.0,0.0,0.0,0.0,0.0,0.0,0.0,21379.0,6.0,37464.0,20348.0,6.0,37467.0
56.272858175012516,0.0,0.0,0.0,0.0,0.0,0.0,0.0,0.0,0.0,0.0,0.0,0.0,0.0,21379.0,6.0,37464.0,20349.0,6.0,37474.0
56.30768476999947,0.0,0.0,0.0,0.0,0.0,0.0,0.0,0.0,0.0,0.0,0.0,0.0,0.0,21381.0,6.0,37504.0,20350.0,6.0,37507.0
56.318077077012276,0.0,0.0,0.0,0.0,0.0,0.0,0.0,0.0,0.0,0.0,0.0,0.0,0.0,21381.0,6.0,37504.0,20351.0,6.0,37519.0
56.45868670102209,0.0,0.0,0.0,0.0,0.0,0.0,0.0,0.0,0.0,0.0,0.0,0.0,0.0,21382.0,6.0,37524.0,20352.0,6.0,37537.0
56.45882614800939,0.0,0.0,0.0,0.0,0.0,0.0,0.0,0.0,0.0,0.0,0.0,0.0,0.0,21383.0,6.0,37544.0,20353.0,6.0,37557.0
56.458895557007054,0.0,0.0,0.0,0.0,0.0,0.0,0.0,0.0,0.0,0.0,0.0,0.0,0.0,21384.0,6.0,37564.0,20354.0,6.0,37577.0
56.458953916997416,0.0,0.0,0.0,0.0,0.0,0.0,0.0,0.0,0.0,0.0,0.0,0.0,0.0,21385.0,6.0,37584.0,20355.0,6.0,37597.0
56.459010348015,0.0,0.0,0.0,0.0,0.0,0.0,0.0,0.0,0.0,0.0,0.0,0.0,0.0,21387.0,6.0,37624.0,20356.0,6.0,37627.0
56.45906457901583,0.0,0.0,0.0,0.0,0.0,0.0,0.0,0.0,0.0,0.0,0.0,0.0,0.0,21387.0,6.0,37624.0,20357.0,6.0,37634.0
56.45912050901097,0.0,0.0,0.0,0.0,0.0,0.0,0.0,0.0,0.0,0.0,0.0,0.0,0.0,21388.0,6.0,37644.0,20358.0,6.0,37657.0
56.47613556802389,0.0,0.0,0.0,0.0,0.0,0.0,0.0,0.0,0.0,0.0,0.0,0.0,0.0,21389.0,6.0,37664.0,20359.0,6.0,37677.0
56.49533515400253,0.0,0.0,0.0,0.0,0.0,0.0,0.0,0.0,0.0,0.0,0.0,0.0,0.0,21390.0,6.0,37684.0,20360.0,6.0,37697.0
56.52690500000608,0.0,0.0,0.0,0.0,0.0,0.0,0.0,0.0,0.0,0.0,0.0,0.0,0.0,21392.0,6.0,37724.0,20361.0,6.0,37727.0
56.53476233701804,0.0,0.0,0.0,0.0,0.0,0.0,0.0,0.0,0.0,0.0,0.0,0.0,0.0,21392.0,6.0,37724.0,20362.0,6.0,37734.0
56.555553369020345,0.0,0.0,0.0,0.0,0.0,0.0,0.0,0.0,0.0,0.0,0.0,0.0,0.0,21393.0,6.0,37744.0,20363.0,6.0,37757.0
56.67809983799816,0.0,0.0,0.0,0.0,0.0,0.0,0.0,0.0,0.0,0.0,0.0,0.0,0.0,21394.0,6.0,37764.0,20364.0,6.0,37777.0
56.67823954101186,0.0,0.0,0.0,0.0,0.0,0.0,0.0,0.0,0.0,0.0,0.0,0.0,0.0,21395.0,6.0,37784.0,20365.0,6.0,37797.0
56.67860422001104,0.0,0.0,0.0,0.0,0.0,0.0,0.0,0.0,0.0,0.0,0.0,0.0,0.0,21397.0,6.0,37824.0,20366.0,6.0,37827.0
56.67896678001853,0.0,0.0,0.0,0.0,0.0,0.0,0.0,0.0,0.0,0.0,0.0,0.0,0.0,21397.0,6.0,37824.0,20367.0,6.0,37834.0
56.67922363601974,0.0,0.0,0.0,0.0,0.0,0.0,0.0,0.0,0.0,0.0,0.0,0.0,0.0,21398.0,6.0,37844.0,20368.0,6.0,37857.0
56.679289712017635,0.0,0.0,0.0,0.0,0.0,0.0,0.0,0.0,0.0,0.0,0.0,0.0,0.0,21399.0,6.0,37864.0,20369.0,6.0,37877.0
56.69577290301095,0.0,0.0,0.0,0.0,0.0,0.0,0.0,0.0,0.0,0.0,0.0,0.0,0.0,21400.0,6.0,37884.0,20370.0,6.0,37896.0
56.72688427902176,0.0,0.0,0.0,0.0,0.0,0.0,0.0,0.0,0.0,0.0,0.0,0.0,0.0,21402.0,6.0,37924.0,20371.0,6.0,37928.0
56.734279637021245,0.0,0.0,0.0,0.0,0.0,0.0,0.0,0.0,0.0,0.0,0.0,0.0,0.0,21402.0,6.0,37924.0,20372.0,6.0,37935.0
56.758356744016055,0.0,0.0,0.0,0.0,0.0,0.0,0.0,0.0,0.0,0.0,0.0,0.0,0.0,21403.0,6.0,37944.0,20373.0,6.0,37956.0
56.774581710022176,0.0,0.0,0.0,0.0,0.0,0.0,0.0,0.0,0.0,0.0,0.0,0.0,0.0,21404.0,6.0,37964.0,20374.0,6.0,37976.0
56.89768454802106,0.0,0.0,0.0,0.0,0.0,0.0,0.0,0.0,0.0,0.0,0.0,0.0,0.0,21405.0,6.0,37984.0,20375.0,6.0,37998.0
56.897831969021354,0.0,0.0,0.0,0.0,0.0,0.0,0.0,0.0,0.0,0.0,0.0,0.0,0.0,21407.0,6.0,38024.0,20376.0,6.0,38027.0
56.89790147502208,0.0,0.0,0.0,0.0,0.0,0.0,0.0,0.0,0.0,0.0,0.0,0.0,0.0,21407.0,6.0,38024.0,20377.0,6.0,38034.0
56.89795983201475,0.0,0.0,0.0,0.0,0.0,0.0,0.0,0.0,0.0,0.0,0.0,0.0,0.0,21408.0,6.0,38044.0,20378.0,6.0,38057.0
56.89801530900877,0.0,0.0,0.0,0.0,0.0,0.0,0.0,0.0,0.0,0.0,0.0,0.0,0.0,21409.0,6.0,38064.0,20379.0,6.0,38076.0
56.89807008599746,0.0,0.0,0.0,0.0,0.0,0.0,0.0,0.0,0.0,0.0,0.0,0.0,0.0,21410.0,6.0,38084.0,20380.0,6.0,38097.0
56.927197572018486,0.0,0.0,0.0,0.0,0.0,0.0,0.0,0.0,0.0,0.0,0.0,0.0,0.0,21412.0,6.0,38124.0,20381.0,6.0,38127.0
56.94223024402163,0.0,0.0,0.0,0.0,0.0,0.0,0.0,0.0,0.0,0.0,0.0,0.0,0.0,21412.0,6.0,38124.0,20382.0,6.0,38135.0
56.956898007018026,0.0,0.0,0.0,0.0,0.0,0.0,0.0,0.0,0.0,0.0,0.0,0.0,0.0,21413.0,6.0,38144.0,20383.0,6.0,38157.0
56.97943016100908,0.0,0.0,0.0,0.0,0.0,0.0,0.0,0.0,0.0,0.0,0.0,0.0,0.0,21414.0,6.0,38164.0,20384.0,6.0,38177.0
56.995673445024295,0.0,0.0,0.0,0.0,0.0,0.0,0.0,0.0,0.0,0.0,0.0,0.0,0.0,21415.0,6.0,38184.0,20385.0,6.0,38197.0
57.11747268500039,0.0,0.0,0.0,0.0,0.0,0.0,0.0,0.0,0.0,0.0,0.0,0.0,0.0,21417.0,6.0,38224.0,20386.0,6.0,38227.0
57.117610907007474,0.0,0.0,0.0,0.0,0.0,0.0,0.0,0.0,0.0,0.0,0.0,0.0,0.0,21417.0,6.0,38224.0,20387.0,6.0,38234.0
57.117679454007884,0.0,0.0,0.0,0.0,0.0,0.0,0.0,0.0,0.0,0.0,0.0,0.0,0.0,21419.0,6.0,38264.0,20388.0,6.0,38267.0
57.11773859002278,0.0,0.0,0.0,0.0,0.0,0.0,0.0,0.0,0.0,0.0,0.0,0.0,0.0,21419.0,6.0,38264.0,20389.0,6.0,38275.0
57.11780615700991,0.0,0.0,0.0,0.0,0.0,0.0,0.0,0.0,0.0,0.0,0.0,0.0,0.0,21420.0,6.0,38284.0,20390.0,6.0,38297.0
57.12568451699917,0.0,0.0,0.0,0.0,0.0,0.0,0.0,0.0,0.0,0.0,0.0,0.0,0.0,21422.0,6.0,38324.0,20391.0,6.0,38327.0
57.13511875201948,0.0,0.0,0.0,0.0,0.0,0.0,0.0,0.0,0.0,0.0,0.0,0.0,0.0,21422.0,6.0,38324.0,20392.0,6.0,38334.0
57.15430471202126,0.0,0.0,0.0,0.0,0.0,0.0,0.0,0.0,0.0,0.0,0.0,0.0,0.0,21423.0,6.0,38344.0,20393.0,6.0,38357.0
57.174518965010066,0.0,0.0,0.0,0.0,0.0,0.0,0.0,0.0,0.0,0.0,0.0,0.0,0.0,21424.0,6.0,38364.0,20394.0,6.0,38377.0
57.19453836901812,0.0,0.0,0.0,0.0,0.0,0.0,0.0,0.0,0.0,0.0,0.0,0.0,0.0,21425.0,6.0,38384.0,20395.0,6.0,38397.0
57.22882853800547,0.0,0.0,0.0,0.0,0.0,0.0,0.0,0.0,0.0,0.0,0.0,0.0,0.0,21427.0,6.0,38424.0,20396.0,6.0,38427.0
57.33621221099747,0.0,0.0,0.0,0.0,0.0,0.0,0.0,0.0,0.0,0.0,0.0,0.0,0.0,21427.0,6.0,38424.0,20397.0,6.0,38434.0
57.33636086300248,0.0,0.0,0.0,0.0,0.0,0.0,0.0,0.0,0.0,0.0,0.0,0.0,0.0,21428.0,6.0,38444.0,20398.0,6.0,38457.0
57.33642926902394,0.0,0.0,0.0,0.0,0.0,0.0,0.0,0.0,0.0,0.0,0.0,0.0,0.0,21429.0,6.0,38464.0,20399.0,6.0,38477.0
57.33649159601191,0.0,0.0,0.0,0.0,0.0,0.0,0.0,0.0,0.0,0.0,0.0,0.0,0.0,21430.0,6.0,38484.0,20400.0,6.0,38498.0
57.336548103019595,0.0,0.0,0.0,0.0,0.0,0.0,0.0,0.0,0.0,0.0,0.0,0.0,0.0,21432.0,6.0,38524.0,20401.0,6.0,38527.0
57.336603420000756,0.0,0.0,0.0,0.0,0.0,0.0,0.0,0.0,0.0,0.0,0.0,0.0,0.0,21432.0,6.0,38524.0,20402.0,6.0,38534.0
57.35394580301363,0.0,0.0,0.0,0.0,0.0,0.0,0.0,0.0,0.0,0.0,0.0,0.0,0.0,21433.0,6.0,38544.0,20403.0,6.0,38557.0
57.37492858301266,0.0,0.0,0.0,0.0,0.0,0.0,0.0,0.0,0.0,0.0,0.0,0.0,0.0,21434.0,6.0,38564.0,20404.0,6.0,38576.0
57.393474549025996,0.0,0.0,0.0,0.0,0.0,0.0,0.0,0.0,0.0,0.0,0.0,0.0,0.0,21435.0,6.0,38584.0,20405.0,6.0,38597.0
57.42463762202533,0.0,0.0,0.0,0.0,0.0,0.0,0.0,0.0,0.0,0.0,0.0,0.0,0.0,21437.0,6.0,38624.0,20406.0,6.0,38627.0
57.431091922015185,0.0,0.0,0.0,0.0,0.0,0.0,0.0,0.0,0.0,0.0,0.0,0.0,0.0,21437.0,6.0,38624.0,20407.0,6.0,38634.0
57.85422657500021,0.0,0.0,0.0,0.0,0.0,0.0,0.0,0.0,0.0,0.0,0.0,0.0,0.0,21439.0,6.0,38664.0,20408.0,6.0,38667.0
57.854408994026016,0.0,0.0,0.0,0.0,0.0,0.0,0.0,0.0,0.0,0.0,0.0,0.0,0.0,21439.0,6.0,38664.0,20409.0,6.0,38674.0
57.854499828012194,0.0,0.0,0.0,0.0,0.0,0.0,0.0,0.0,0.0,0.0,0.0,0.0,0.0,21441.0,6.0,38704.0,20410.0,6.0,38707.0
57.854558551014634,0.0,0.0,0.0,0.0,0.0,0.0,0.0,0.0,0.0,0.0,0.0,0.0,0.0,21441.0,6.0,38704.0,20411.0,6.0,38719.0
57.854666536004515,0.0,0.0,0.0,0.0,0.0,0.0,0.0,0.0,0.0,0.0,0.0,0.0,0.0,21442.0,6.0,38724.0,20412.0,6.0,38737.0
57.854790502024116,0.0,0.0,0.0,0.0,0.0,0.0,0.0,0.0,0.0,0.0,0.0,0.0,0.0,21443.0,6.0,38744.0,20413.0,6.0,38757.0
57.854863184998976,0.0,0.0,0.0,0.0,0.0,0.0,0.0,0.0,0.0,0.0,0.0,0.0,0.0,21454.0,6.0,38964.0,20414.0,6.0,38969.0
57.85492161801085,0.0,0.0,0.0,0.0,0.0,0.0,0.0,0.0,0.0,0.0,0.0,0.0,0.0,21454.0,6.0,38964.0,20415.0,6.0,38976.0
57.85497500101337,0.0,0.0,0.0,0.0,0.0,0.0,0.0,0.0,0.0,0.0,0.0,0.0,0.0,21455.0,6.0,38984.0,20416.0,6.0,38998.0
57.85502802301198,0.0,0.0,0.0,0.0,0.0,0.0,0.0,0.0,0.0,0.0,0.0,0.0,0.0,21456.0,6.0,39004.0,20417.0,6.0,39017.0
57.855082106019836,0.0,0.0,0.0,0.0,0.0,0.0,0.0,0.0,0.0,0.0,0.0,0.0,0.0,21457.0,6.0,39024.0,20418.0,6.0,39037.0
57.87073565801256,0.0,0.0,0.0,0.0,0.0,0.0,0.0,0.0,0.0,0.0,0.0,0.0,0.0,21458.0,6.0,39044.0,20419.0,6.0,39057.0
57.87614841500181,0.0,0.0,0.0,0.0,0.0,0.0,0.0,0.0,0.0,0.0,0.0,0.0,0.0,21459.0,6.0,39064.0,20420.0,6.0,39077.0
57.905207853007596,0.0,0.0,0.0,0.0,0.0,0.0,0.0,0.0,0.0,0.0,0.0,0.0,0.0,21461.0,6.0,39104.0,20421.0,6.0,39107.0
57.91045097200549,0.0,0.0,0.0,0.0,0.0,0.0,0.0,0.0,0.0,0.0,0.0,0.0,0.0,21461.0,6.0,39104.0,20422.0,6.0,39114.0
57.93604679501732,0.0,0.0,0.0,0.0,0.0,0.0,0.0,0.0,0.0,0.0,0.0,0.0,0.0,21462.0,6.0,39124.0,20423.0,6.0,39137.0
58.35865932801971,0.0,0.0,0.0,0.0,0.0,0.0,0.0,0.0,0.0,0.0,0.0,0.0,0.0,21463.0,6.0,39144.0,20424.0,6.0,39158.0
58.35910740902182,0.0,0.0,0.0,0.0,0.0,0.0,0.0,0.0,0.0,0.0,0.0,0.0,0.0,21464.0,6.0,39164.0,20425.0,6.0,39177.0
58.35920833400451,0.0,0.0,0.0,0.0,0.0,0.0,0.0,0.0,0.0,0.0,0.0,0.0,0.0,21466.0,6.0,39204.0,20426.0,6.0,39207.0
58.359277207026025,0.0,0.0,0.0,0.0,0.0,0.0,0.0,0.0,0.0,0.0,0.0,0.0,0.0,21466.0,6.0,39204.0,20427.0,6.0,39214.0
58.35937425101292,0.0,0.0,0.0,0.0,0.0,0.0,0.0,0.0,0.0,0.0,0.0,0.0,0.0,21468.0,6.0,39244.0,20428.0,6.0,39247.0
58.359475976001704,0.0,0.0,0.0,0.0,0.0,0.0,0.0,0.0,0.0,0.0,0.0,0.0,0.0,21468.0,6.0,39244.0,20429.0,6.0,39254.0
58.35957398102619,0.0,0.0,0.0,0.0,0.0,0.0,0.0,0.0,0.0,0.0,0.0,0.0,0.0,21469.0,6.0,39264.0,20430.0,6.0,39277.0
58.35966791500687,0.0,0.0,0.0,0.0,0.0,0.0,0.0,0.0,0.0,0.0,0.0,0.0,0.0,21471.0,6.0,39304.0,20431.0,6.0,39307.0
58.359737949009286,0.0,0.0,0.0,0.0,0.0,0.0,0.0,0.0,0.0,0.0,0.0,0.0,0.0,21471.0,6.0,39304.0,20432.0,6.0,39313.0
58.35980783202103,0.0,0.0,0.0,0.0,0.0,0.0,0.0,0.0,0.0,0.0,0.0,0.0,0.0,21473.0,6.0,39344.0,20433.0,6.0,39347.0
58.359867655002745,0.0,0.0,0.0,0.0,0.0,0.0,0.0,0.0,0.0,0.0,0.0,0.0,0.0,21473.0,6.0,39344.0,20434.0,6.0,39354.0
58.35992012702627,0.0,0.0,0.0,0.0,0.0,0.0,0.0,0.0,0.0,0.0,0.0,0.0,0.0,21474.0,6.0,39364.0,20435.0,6.0,39377.0
58.35997279000003,0.0,0.0,0.0,0.0,0.0,0.0,0.0,0.0,0.0,0.0,0.0,0.0,0.0,21476.0,6.0,39404.0,20436.0,6.0,39407.0
58.36002382202423,0.0,0.0,0.0,0.0,0.0,0.0,0.0,0.0,0.0,0.0,0.0,0.0,0.0,21476.0,6.0,39404.0,20437.0,6.0,39414.0
58.360075745003996,0.0,0.0,0.0,0.0,0.0,0.0,0.0,0.0,0.0,0.0,0.0,0.0,0.0,21477.0,6.0,39424.0,20438.0,6.0,39437.0
58.36012738701538,0.0,0.0,0.0,0.0,0.0,0.0,0.0,0.0,0.0,0.0,0.0,0.0,0.0,21478.0,6.0,39444.0,20439.0,6.0,39457.0
58.36017912000534,0.0,0.0,0.0,0.0,0.0,0.0,0.0,0.0,0.0,0.0,0.0,0.0,0.0,21479.0,6.0,39464.0,20440.0,6.0,39477.0
58.36022977202083,0.0,0.0,0.0,0.0,0.0,0.0,0.0,0.0,0.0,0.0,0.0,0.0,0.0,21481.0,6.0,39504.0,20441.0,6.0,39507.0
58.360279884014744,0.0,0.0,0.0,0.0,0.0,0.0,0.0,0.0,0.0,0.0,0.0,0.0,0.0,21481.0,6.0,39504.0,20442.0,6.0,39514.0
58.36033021702315,0.0,0.0,0.0,0.0,0.0,0.0,0.0,0.0,0.0,0.0,0.0,0.0,0.0,21482.0,6.0,39524.0,20443.0,6.0,39537.0
58.36038167899824,0.0,0.0,0.0,0.0,0.0,0.0,0.0,0.0,0.0,0.0,0.0,0.0,0.0,21483.0,6.0,39544.0,20444.0,6.0,39557.0
58.37213580700336,0.0,0.0,0.0,0.0,0.0,0.0,0.0,0.0,0.0,0.0,0.0,0.0,0.0,21484.0,6.0,39564.0,20445.0,6.0,39577.0
58.40697081902181,0.0,0.0,0.0,0.0,0.0,0.0,0.0,0.0,0.0,0.0,0.0,0.0,0.0,21486.0,6.0,39604.0,20446.0,6.0,39607.0
58.40881522602285,0.0,0.0,0.0,0.0,0.0,0.0,0.0,0.0,0.0,0.0,0.0,0.0,0.0,21486.0,6.0,39604.0,20447.0,6.0,39614.0
58.44217025800026,0.0,0.0,0.0,0.0,0.0,0.0,0.0,0.0,0.0,0.0,0.0,0.0,0.0,21488.0,6.0,39644.0,20448.0,6.0,39647.0
58.44982494102442,0.0,0.0,0.0,0.0,0.0,0.0,0.0,0.0,0.0,0.0,0.0,0.0,0.0,21488.0,6.0,39644.0,20449.0,6.0,39654.0
58.86559888100601,0.0,0.0,0.0,0.0,0.0,0.0,0.0,0.0,0.0,0.0,0.0,0.0,0.0,21490.0,6.0,39684.0,20450.0,6.0,39687.0
58.86576429501292,0.0,0.0,0.0,0.0,0.0,0.0,0.0,0.0,0.0,0.0,0.0,0.0,0.0,21490.0,6.0,39684.0,20451.0,6.0,39699.0
58.86583997501293,0.0,0.0,0.0,0.0,0.0,0.0,0.0,0.0,0.0,0.0,0.0,0.0,0.0,21491.0,6.0,39704.0,20452.0,6.0,39717.0
58.865901534009026,0.0,0.0,0.0,0.0,0.0,0.0,0.0,0.0,0.0,0.0,0.0,0.0,0.0,21492.0,6.0,39724.0,20453.0,6.0,39737.0
58.86595725201187,0.0,0.0,0.0,0.0,0.0,0.0,0.0,0.0,0.0,0.0,0.0,0.0,0.0,21493.0,6.0,39744.0,20454.0,6.0,39757.0
58.866011500009336,0.0,0.0,0.0,0.0,0.0,0.0,0.0,0.0,0.0,0.0,0.0,0.0,0.0,21494.0,6.0,39764.0,20455.0,6.0,39777.0
58.86606444802601,0.0,0.0,0.0,0.0,0.0,0.0,0.0,0.0,0.0,0.0,0.0,0.0,0.0,21496.0,6.0,39804.0,20456.0,6.0,39807.0
58.866786632017465,0.0,0.0,0.0,0.0,0.0,0.0,0.0,0.0,0.0,0.0,0.0,0.0,0.0,21496.0,6.0,39804.0,20457.0,6.0,39814.0
58.86684918100946,0.0,0.0,0.0,0.0,0.0,0.0,0.0,0.0,0.0,0.0,0.0,0.0,0.0,21498.0,6.0,39844.0,20458.0,6.0,39847.0
58.86690233901027,0.0,0.0,0.0,0.0,0.0,0.0,0.0,0.0,0.0,0.0,0.0,0.0,0.0,21498.0,6.0,39844.0,20459.0,6.0,39854.0
58.8669554060034,0.0,0.0,0.0,0.0,0.0,0.0,0.0,0.0,0.0,0.0,0.0,0.0,0.0,21500.0,6.0,39884.0,20460.0,6.0,39887.0
58.86700770401512,0.0,0.0,0.0,0.0,0.0,0.0,0.0,0.0,0.0,0.0,0.0,0.0,0.0,21500.0,6.0,39884.0,20461.0,6.0,39899.0
58.86706008101464,0.0,0.0,0.0,0.0,0.0,0.0,0.0,0.0,0.0,0.0,0.0,0.0,0.0,21501.0,6.0,39904.0,20462.0,6.0,39917.0
58.86711223900784,0.0,0.0,0.0,0.0,0.0,0.0,0.0,0.0,0.0,0.0,0.0,0.0,0.0,21502.0,6.0,39924.0,20463.0,6.0,39937.0
58.86716564602102,0.0,0.0,0.0,0.0,0.0,0.0,0.0,0.0,0.0,0.0,0.0,0.0,0.0,21503.0,6.0,39944.0,20464.0,6.0,39957.0
58.86721805401612,0.0,0.0,0.0,0.0,0.0,0.0,0.0,0.0,0.0,0.0,0.0,0.0,0.0,21504.0,6.0,39964.0,20465.0,6.0,39977.0
58.8672710719984,0.0,0.0,0.0,0.0,0.0,0.0,0.0,0.0,0.0,0.0,0.0,0.0,0.0,21506.0,6.0,40004.0,20466.0,6.0,40007.0
58.86732472901349,0.0,0.0,0.0,0.0,0.0,0.0,0.0,0.0,0.0,0.0,0.0,0.0,0.0,21506.0,6.0,40004.0,20467.0,6.0,40015.0
58.86737667702255,0.0,0.0,0.0,0.0,0.0,0.0,0.0,0.0,0.0,0.0,0.0,0.0,0.0,21507.0,6.0,40024.0,20468.0,6.0,40037.0
58.867440246016486,0.0,0.0,0.0,0.0,0.0,0.0,0.0,0.0,0.0,0.0,0.0,0.0,0.0,21508.0,6.0,40044.0,20469.0,6.0,40057.0
58.872212234011386,0.0,0.0,0.0,0.0,0.0,0.0,0.0,0.0,0.0,0.0,0.0,0.0,0.0,21509.0,6.0,40064.0,20470.0,6.0,40076.0
58.901957310998114,0.0,0.0,0.0,0.0,0.0,0.0,0.0,0.0,0.0,0.0,0.0,0.0,0.0,21511.0,6.0,40104.0,20471.0,6.0,40107.0
58.907375642011175,0.0,0.0,0.0,0.0,0.0,0.0,0.0,0.0,0.0,0.0,0.0,0.0,0.0,21511.0,6.0,40104.0,20472.0,6.0,40113.0
58.94257318502059,0.0,0.0,0.0,0.0,0.0,0.0,0.0,0.0,0.0,0.0,0.0,0.0,0.0,21513.0,6.0,40144.0,20473.0,6.0,40147.0
58.949341970001115,0.0,0.0,0.0,0.0,0.0,0.0,0.0,0.0,0.0,0.0,0.0,0.0,0.0,21513.0,6.0,40144.0,20474.0,6.0,40154.0
59.38905354400049,0.0,0.0,0.0,0.0,0.0,0.0,0.0,0.0,0.0,0.0,0.0,0.0,0.0,21515.0,6.0,40184.0,20475.0,6.0,40187.0
59.39653328200802,0.0,0.0,0.0,0.0,0.0,0.0,0.0,0.0,0.0,0.0,0.0,0.0,0.0,21515.0,6.0,40184.0,20476.0,6.0,40199.0
59.39660368202021,0.0,0.0,0.0,0.0,0.0,0.0,0.0,0.0,0.0,0.0,0.0,0.0,0.0,21516.0,6.0,40204.0,20477.0,6.0,40217.0
59.39666198001942,0.0,0.0,0.0,0.0,0.0,0.0,0.0,0.0,0.0,0.0,0.0,0.0,0.0,21517.0,6.0,40224.0,20478.0,6.0,40237.0
59.3967415119987,0.0,0.0,0.0,0.0,0.0,0.0,0.0,0.0,0.0,0.0,0.0,0.0,0.0,21518.0,6.0,40244.0,20479.0,6.0,40257.0
59.39683446500567,0.0,0.0,0.0,0.0,0.0,0.0,0.0,0.0,0.0,0.0,0.0,0.0,0.0,21519.0,6.0,40264.0,20480.0,6.0,40277.0
59.39700941002229,0.0,0.0,0.0,0.0,0.0,0.0,0.0,0.0,0.0,0.0,0.0,0.0,0.0,21521.0,6.0,40304.0,20481.0,6.0,40307.0
59.39709669302101,0.0,0.0,0.0,0.0,0.0,0.0,0.0,0.0,0.0,0.0,0.0,0.0,0.0,21521.0,6.0,40304.0,20482.0,6.0,40314.0
59.39717444402049,0.0,0.0,0.0,0.0,0.0,0.0,0.0,0.0,0.0,0.0,0.0,0.0,0.0,21523.0,6.0,40344.0,20483.0,6.0,40347.0
59.39726928801974,0.0,0.0,0.0,0.0,0.0,0.0,0.0,0.0,0.0,0.0,0.0,0.0,0.0,21523.0,6.0,40344.0,20484.0,6.0,40355.0
59.39734688901808,0.0,0.0,0.0,0.0,0.0,0.0,0.0,0.0,0.0,0.0,0.0,0.0,0.0,21524.0,6.0,40364.0,20485.0,6.0,40377.0
59.39751186300418,0.0,0.0,0.0,0.0,0.0,0.0,0.0,0.0,0.0,0.0,0.0,0.0,0.0,21526.0,6.0,40404.0,20486.0,6.0,40407.0
59.39759034401504,0.0,0.0,0.0,0.0,0.0,0.0,0.0,0.0,0.0,0.0,0.0,0.0,0.0,21526.0,6.0,40404.0,20487.0,6.0,40414.0
59.39767691702582,0.0,0.0,0.0,0.0,0.0,0.0,0.0,0.0,0.0,0.0,0.0,0.0,0.0,21528.0,6.0,40443.0,20488.0,6.0,40447.0
59.3977602290106,0.0,0.0,0.0,0.0,0.0,0.0,0.0,0.0,0.0,0.0,0.0,0.0,0.0,21528.0,6.0,40443.0,20489.0,6.0,40454.0
59.39784107002197,0.0,0.0,0.0,0.0,0.0,0.0,0.0,0.0,0.0,0.0,0.0,0.0,0.0,21529.0,6.0,40464.0,20490.0,6.0,40477.0
59.39803953902447,0.0,0.0,0.0,0.0,0.0,0.0,0.0,0.0,0.0,0.0,0.0,0.0,0.0,21531.0,6.0,40504.0,20491.0,6.0,40507.0
59.39811412000563,0.0,0.0,0.0,0.0,0.0,0.0,0.0,0.0,0.0,0.0,0.0,0.0,0.0,21531.0,6.0,40504.0,20492.0,6.0,40515.0
59.39818819001084,0.0,0.0,0.0,0.0,0.0,0.0,0.0,0.0,0.0,0.0,0.0,0.0,0.0,21532.0,6.0,40524.0,20493.0,6.0,40537.0
59.398426725005265,0.0,0.0,0.0,0.0,0.0,0.0,0.0,0.0,0.0,0.0,0.0,0.0,0.0,21533.0,6.0,40544.0,20494.0,6.0,40557.0
59.398503966018325,0.0,0.0,0.0,0.0,0.0,0.0,0.0,0.0,0.0,0.0,0.0,0.0,0.0,21534.0,6.0,40564.0,20495.0,6.0,40577.0
59.40067308800644,0.0,0.0,0.0,0.0,0.0,0.0,0.0,0.0,0.0,0.0,0.0,0.0,0.0,21536.0,6.0,40604.0,20496.0,6.0,40607.0
59.409381764009595,0.0,0.0,0.0,0.0,0.0,0.0,0.0,0.0,0.0,0.0,0.0,0.0,0.0,21536.0,6.0,40604.0,20497.0,6.0,40614.0
59.4414547260094,0.0,0.0,0.0,0.0,0.0,0.0,0.0,0.0,0.0,0.0,0.0,0.0,0.0,21538.0,6.0,40644.0,20498.0,6.0,40647.0
59.44753287200001,0.0,0.0,0.0,0.0,0.0,0.0,0.0,0.0,0.0,0.0,0.0,0.0,0.0,21538.0,6.0,40644.0,20499.0,6.0,40654.0
59.8863886440231,0.0,0.0,0.0,0.0,0.0,0.0,0.0,0.0,0.0,0.0,0.0,0.0,0.0,21540.0,6.0,40684.0,20500.0,6.0,40687.0
59.89177513902541,0.0,0.0,0.0,0.0,0.0,0.0,0.0,0.0,0.0,0.0,0.0,0.0,0.0,21540.0,6.0,40684.0,20501.0,6.0,40698.0
59.89203954100958,0.0,0.0,0.0,0.0,0.0,0.0,0.0,0.0,0.0,0.0,0.0,0.0,0.0,21541.0,6.0,40704.0,20502.0,6.0,40717.0
59.89210926700616,0.0,0.0,0.0,0.0,0.0,0.0,0.0,0.0,0.0,0.0,0.0,0.0,0.0,21542.0,6.0,40724.0,20503.0,6.0,40737.0
59.89216974200099,0.0,0.0,0.0,0.0,0.0,0.0,0.0,0.0,0.0,0.0,0.0,0.0,0.0,21543.0,6.0,40744.0,20504.0,6.0,40757.0
59.892226685013156,0.0,0.0,0.0,0.0,0.0,0.0,0.0,0.0,0.0,0.0,0.0,0.0,0.0,21554.0,6.0,40964.0,20505.0,6.0,40968.0
59.89228539902251,0.0,0.0,0.0,0.0,0.0,0.0,0.0,0.0,0.0,0.0,0.0,0.0,0.0,21554.0,6.0,40964.0,20506.0,6.0,40979.0
59.89234024201869,0.0,0.0,0.0,0.0,0.0,0.0,0.0,0.0,0.0,0.0,0.0,0.0,0.0,21555.0,6.0,40984.0,20507.0,6.0,41000.0
59.89239344402449,0.0,0.0,0.0,0.0,0.0,0.0,0.0,0.0,0.0,0.0,0.0,0.0,0.0,21557.0,6.0,41024.0,20508.0,6.0,41027.0
59.892447187012294,0.0,0.0,0.0,0.0,0.0,0.0,0.0,0.0,0.0,0.0,0.0,0.0,0.0,21557.0,6.0,41024.0,20509.0,6.0,41034.0
59.89249989902601,0.0,0.0,0.0,0.0,0.0,0.0,0.0,0.0,0.0,0.0,0.0,0.0,0.0,21558.0,6.0,41044.0,20510.0,6.0,41057.0
59.892577737016836,0.0,0.0,0.0,0.0,0.0,0.0,0.0,0.0,0.0,0.0,0.0,0.0,0.0,21560.0,6.0,41084.0,20511.0,6.0,41087.0
59.892654365015915,0.0,0.0,0.0,0.0,0.0,0.0,0.0,0.0,0.0,0.0,0.0,0.0,0.0,21560.0,6.0,41084.0,20512.0,6.0,41095.0
59.904811309010256,0.0,0.0,0.0,0.0,0.0,0.0,0.0,0.0,0.0,0.0,0.0,0.0,0.0,21561.0,6.0,41104.0,20513.0,6.0,41112.0
