time_s,left_target_rpm,left_actual_rpm,left_raw_pwm,left_final_pwm,right_target_rpm,right_actual_rpm,right_raw_pwm,right_final_pwm,sync_error_rpm,sync_correction_pwm,sync_active,startup_active,startup_fault,control_seq_mod65536,control_time_ms_hi16,control_time_ms_lo16,publish_seq_mod65536,publish_time_ms_hi16,publish_time_ms_lo16
0.05249554698821157,0.0,-1.401298464324817e-45,0.0,0.0,0.0,-1.401298464324817e-45,0.0,0.0,0.0,0.0,0.0,0.0,0.0,46270.0,14.0,10996.0,33122.0,14.0,11000.0
0.05266839999239892,0.0,-1.401298464324817e-45,0.0,0.0,0.0,-1.401298464324817e-45,0.0,0.0,0.0,0.0,0.0,0.0,0.0,46271.0,14.0,11017.0,33123.0,14.0,11022.0
0.4972460349963512,0.0,-1.401298464324817e-45,0.0,0.0,0.0,-1.401298464324817e-45,0.0,0.0,0.0,0.0,0.0,0.0,0.0,46272.0,14.0,11036.0,33124.0,14.0,11039.0
0.4974826159887016,0.0,-1.401298464324817e-45,0.0,0.0,0.0,-1.401298464324817e-45,0.0,0.0,0.0,0.0,0.0,0.0,0.0,46273.0,14.0,11056.0,33125.0,14.0,11068.0
0.49758833399391733,0.0,-1.401298464324817e-45,0.0,0.0,0.0,-1.401298464324817e-45,0.0,0.0,0.0,0.0,0.0,0.0,0.0,46274.0,14.0,11076.0,33126.0,14.0,11088.0
0.49767823099682573,0.0,-1.401298464324817e-45,0.0,0.0,0.0,-1.401298464324817e-45,0.0,0.0,0.0,0.0,0.0,0.0,0.0,46275.0,14.0,11096.0,33127.0,14.0,11098.0
0.4977634399983799,0.0,-1.401298464324817e-45,0.0,0.0,0.0,-1.401298464324817e-45,0.0,0.0,0.0,0.0,0.0,0.0,0.0,46276.0,14.0,11116.0,33128.0,14.0,11129.0
0.49785062299633864,0.0,-1.401298464324817e-45,0.0,0.0,0.0,-1.401298464324817e-45,0.0,0.0,0.0,0.0,0.0,0.0,0.0,46277.0,14.0,11136.0,33129.0,14.0,11148.0
0.49793453999154735,0.0,-1.401298464324817e-45,0.0,0.0,0.0,-1.401298464324817e-45,0.0,0.0,0.0,0.0,0.0,0.0,0.0,46278.0,14.0,11156.0,33130.0,14.0,11168.0
0.498017734993482,0.0,-1.401298464324817e-45,0.0,0.0,0.0,-1.401298464324817e-45,0.0,0.0,0.0,0.0,0.0,0.0,0.0,46279.0,14.0,11176.0,33131.0,14.0,11188.0
0.4981026839959668,0.0,-1.401298464324817e-45,0.0,0.0,0.0,-1.401298464324817e-45,0.0,0.0,0.0,0.0,0.0,0.0,0.0,46284.0,14.0,11276.0,33136.0,14.0,11288.0
0.49818590898939874,0.0,-1.401298464324817e-45,0.0,0.0,0.0,-1.401298464324817e-45,0.0,0.0,0.0,0.0,0.0,0.0,0.0,46287.0,14.0,11336.0,33139.0,14.0,11348.0
0.5096765529888216,0.0,-1.401298464324817e-45,0.0,0.0,0.0,-1.401298464324817e-45,0.0,0.0,0.0,0.0,0.0,0.0,0.0,46288.0,14.0,11356.0,33140.0,14.0,11368.0
0.5098291069880361,0.0,-1.401298464324817e-45,0.0,0.0,0.0,-1.401298464324817e-45,0.0,0.0,0.0,0.0,0.0,0.0,0.0,46291.0,14.0,11416.0,33143.0,14.0,11429.0
0.5329800710023846,0.0,-1.401298464324817e-45,0.0,0.0,0.0,-1.401298464324817e-45,0.0,0.0,0.0,0.0,0.0,0.0,0.0,46294.0,14.0,11476.0,33146.0,14.0,11488.0
0.5469281010009581,0.0,-1.401298464324817e-45,0.0,0.0,0.0,-1.401298464324817e-45,0.0,0.0,0.0,0.0,0.0,0.0,0.0,46295.0,14.0,11496.0,33147.0,14.0,11498.0
0.9975194909929996,0.0,-1.401298464324817e-45,0.0,0.0,0.0,-1.401298464324817e-45,0.0,0.0,0.0,0.0,0.0,0.0,0.0,46296.0,14.0,11516.0,33148.0,14.0,11529.0
0.997796487994492,0.0,-1.401298464324817e-45,0.0,0.0,0.0,-1.401298464324817e-45,0.0,0.0,0.0,0.0,0.0,0.0,0.0,46297.0,14.0,11536.0,33149.0,14.0,11549.0
0.9978789320011856,0.0,-1.401298464324817e-45,0.0,0.0,0.0,-1.401298464324817e-45,0.0,0.0,0.0,0.0,0.0,0.0,0.0,46298.0,14.0,11556.0,33150.0,14.0,11568.0
0.9979491129925009,0.0,-1.401298464324817e-45,0.0,0.0,0.0,-1.401298464324817e-45,0.0,0.0,0.0,0.0,0.0,0.0,0.0,46299.0,14.0,11576.0,33151.0,14.0,11589.0
0.9980173999938415,0.0,-1.401298464324817e-45,0.0,0.0,0.0,-1.401298464324817e-45,0.0,0.0,0.0,0.0,0.0,0.0,0.0,46300.0,14.0,11596.0,33152.0,14.0,11598.0
1.0113855980016524,0.0,-1.401298464324817e-45,0.0,0.0,0.0,-1.401298464324817e-45,0.0,0.0,0.0,0.0,0.0,0.0,0.0,46301.0,14.0,11616.0,33153.0,14.0,11628.0
1.0117112360021565,0.0,-1.401298464324817e-45,0.0,0.0,0.0,-1.401298464324817e-45,0.0,0.0,0.0,0.0,0.0,0.0,0.0,46302.0,14.0,11636.0,33154.0,14.0,11648.0
1.0117791119992035,0.0,-1.401298464324817e-45,0.0,0.0,0.0,-1.401298464324817e-45,0.0,0.0,0.0,0.0,0.0,0.0,0.0,46303.0,14.0,11656.0,33155.0,14.0,11668.0
1.0118411979929078,0.0,-1.401298464324817e-45,0.0,0.0,0.0,-1.401298464324817e-45,0.0,0.0,0.0,0.0,0.0,0.0,0.0,46317.0,14.0,11936.0,33169.0,14.0,11949.0
1.0119098559953272,0.0,-1.401298464324817e-45,0.0,0.0,0.0,-1.401298464324817e-45,0.0,0.0,0.0,0.0,0.0,0.0,0.0,46318.0,14.0,11956.0,33170.0,14.0,11968.0
1.062777355997241,0.0,-1.401298464324817e-45,0.0,0.0,0.0,-1.401298464324817e-45,0.0,0.0,0.0,0.0,0.0,0.0,0.0,46320.0,14.0,11996.0,33171.0,14.0,12012.0
1.0629359619924799,0.0,-1.401298464324817e-45,0.0,0.0,0.0,-1.401298464324817e-45,0.0,0.0,0.0,0.0,0.0,0.0,0.0,46321.0,14.0,12016.0,33172.0,14.0,12021.0
1.5039278249896597,0.0,-1.401298464324817e-45,0.0,0.0,0.0,-1.401298464324817e-45,0.0,0.0,0.0,0.0,0.0,0.0,0.0,46322.0,14.0,12036.0,33173.0,14.0,12039.0
1.5042815349879675,0.0,-1.401298464324817e-45,0.0,0.0,0.0,-1.401298464324817e-45,0.0,0.0,0.0,0.0,0.0,0.0,0.0,46323.0,14.0,12056.0,33174.0,14.0,12068.0
1.5045588719949592,0.0,-1.401298464324817e-45,0.0,0.0,0.0,-1.401298464324817e-45,0.0,0.0,0.0,0.0,0.0,0.0,0.0,46324.0,14.0,12076.0,33175.0,14.0,12088.0
1.5046731249894947,0.0,-1.401298464324817e-45,0.0,0.0,0.0,-1.401298464324817e-45,0.0,0.0,0.0,0.0,0.0,0.0,0.0,46325.0,14.0,12096.0,33176.0,14.0,12108.0
1.504751911998028,0.0,-1.401298464324817e-45,0.0,0.0,0.0,-1.401298464324817e-45,0.0,0.0,0.0,0.0,0.0,0.0,0.0,46326.0,14.0,12116.0,33177.0,14.0,12117.0
1.504819708992727,0.0,-1.401298464324817e-45,0.0,0.0,0.0,-1.401298464324817e-45,0.0,0.0,0.0,0.0,0.0,0.0,0.0,46327.0,14.0,12136.0,33178.0,14.0,12149.0
1.5048848299920792,0.0,-1.401298464324817e-45,0.0,0.0,0.0,-1.401298464324817e-45,0.0,0.0,0.0,0.0,0.0,0.0,0.0,46338.0,14.0,12356.0,33189.0,14.0,12368.0
1.5049523670022609,0.0,-1.401298464324817e-45,0.0,0.0,0.0,-1.401298464324817e-45,0.0,0.0,0.0,0.0,0.0,0.0,0.0,46339.0,14.0,12376.0,33190.0,14.0,12388.0
1.5050169570022263,0.0,-1.401298464324817e-45,0.0,0.0,0.0,-1.401298464324817e-45,0.0,0.0,0.0,0.0,0.0,0.0,0.0,46340.0,14.0,12396.0,33191.0,14.0,12408.0
1.561017775995424,0.0,-1.401298464324817e-45,0.0,0.0,0.0,-1.401298464324817e-45,0.0,0.0,0.0,0.0,0.0,0.0,0.0,46341.0,14.0,12416.0,33192.0,14.0,12417.0
1.561431458001607,0.0,-1.401298464324817e-45,0.0,0.0,0.0,-1.401298464324817e-45,0.0,0.0,0.0,0.0,0.0,0.0,0.0,46344.0,14.0,12476.0,33195.0,14.0,12489.0
1.561718042998109,0.0,-1.401298464324817e-45,0.0,0.0,0.0,-1.401298464324817e-45,0.0,0.0,0.0,0.0,0.0,0.0,0.0,46345.0,14.0,12496.0,33196.0,14.0,12508.0
1.5618322259979323,0.0,-1.401298464324817e-45,0.0,0.0,0.0,-1.401298464324817e-45,0.0,0.0,0.0,0.0,0.0,0.0,0.0,46346.0,14.0,12516.0,33197.0,14.0,12517.0
1.591422737998073,0.0,-1.401298464324817e-45,0.0,0.0,0.0,-1.401298464324817e-45,0.0,0.0,0.0,0.0,0.0,0.0,0.0,46347.0,14.0,12536.0,33198.0,14.0,12548.0
2.110861332999775,0.0,-1.401298464324817e-45,0.0,0.0,0.0,-1.401298464324817e-45,0.0,0.0,0.0,0.0,0.0,0.0,0.0,46360.0,14.0,12796.0,33211.0,14.0,12809.0
2.1110148299922002,0.0,-1.401298464324817e-45,0.0,0.0,0.0,-1.401298464324817e-45,0.0,0.0,0.0,0.0,0.0,0.0,0.0,46361.0,14.0,12816.0,33212.0,14.0,12819.0
2.111093195999274,0.0,-1.401298464324817e-45,0.0,0.0,0.0,-1.401298464324817e-45,0.0,0.0,0.0,0.0,0.0,0.0,0.0,46362.0,14.0,12836.0,33213.0,14.0,12849.0
2.1111597400013125,0.0,-1.401298464324817e-45,0.0,0.0,0.0,-1.401298464324817e-45,0.0,0.0,0.0,0.0,0.0,0.0,0.0,46363.0,14.0,12856.0,33214.0,14.0,12868.0
2.1112241099908715,0.0,-1.401298464324817e-45,0.0,0.0,0.0,-1.401298464324817e-45,0.0,0.0,0.0,0.0,0.0,0.0,0.0,46364.0,14.0,12876.0,33215.0,14.0,12888.0
2.111288139989483,0.0,-1.401298464324817e-45,0.0,0.0,0.0,-1.401298464324817e-45,0.0,0.0,0.0,0.0,0.0,0.0,0.0,46365.0,14.0,12896.0,33216.0,14.0,12908.0
2.1113528610003414,0.0,-1.401298464324817e-45,0.0,0.0,0.0,-1.401298464324817e-45,0.0,0.0,0.0,0.0,0.0,0.0,0.0,46366.0,14.0,12916.0,33217.0,14.0,12917.0
2.566434998996556,0.0,-1.401298464324817e-45,0.0,0.0,0.0,-1.401298464324817e-45,0.0,0.0,0.0,0.0,0.0,0.0,0.0,46396.0,14.0,13516.0,33220.0,14.0,13517.0
2.566750787998899,0.0,-1.401298464324817e-45,0.0,0.0,0.0,-1.401298464324817e-45,0.0,0.0,0.0,0.0,0.0,0.0,0.0,46396.0,14.0,13516.0,33221.0,14.0,13523.0
2.6066252829914447,0.0,-1.401298464324817e-45,0.0,0.0,0.0,-1.401298464324817e-45,0.0,0.0,0.0,0.0,0.0,0.0,0.0,46397.0,14.0,13536.0,33222.0,14.0,13549.0
2.607186790992273,0.0,-1.401298464324817e-45,0.0,0.0,0.0,-1.401298464324817e-45,0.0,0.0,0.0,0.0,0.0,0.0,0.0,46398.0,14.0,13556.0,33223.0,14.0,13569.0
3.0222433939925395,0.0,-1.401298464324817e-45,0.0,0.0,0.0,-1.401298464324817e-45,0.0,0.0,0.0,0.0,0.0,0.0,0.0,46399.0,14.0,13576.0,33224.0,14.0,13589.0
3.022805663989857,0.0,-1.401298464324817e-45,0.0,0.0,0.0,-1.401298464324817e-45,0.0,0.0,0.0,0.0,0.0,0.0,0.0,46400.0,14.0,13596.0,33225.0,14.0,13608.0
3.0230107359966496,0.0,-1.401298464324817e-45,0.0,0.0,0.0,-1.401298464324817e-45,0.0,0.0,0.0,0.0,0.0,0.0,0.0,46401.0,14.0,13616.0,33226.0,14.0,13628.0
3.0230818089912646,0.0,-1.401298464324817e-45,0.0,0.0,0.0,-1.401298464324817e-45,0.0,0.0,0.0,0.0,0.0,0.0,0.0,46402.0,14.0,13636.0,33227.0,14.0,13637.0
3.023144164995756,0.0,-1.401298464324817e-45,0.0,0.0,0.0,-1.401298464324817e-45,0.0,0.0,0.0,0.0,0.0,0.0,0.0,46403.0,14.0,13656.0,33228.0,14.0,13668.0
3.0232077339896932,0.0,-1.401298464324817e-45,0.0,0.0,0.0,-1.401298464324817e-45,0.0,0.0,0.0,0.0,0.0,0.0,0.0,46404.0,14.0,13676.0,33229.0,14.0,13688.0
3.0232715829915833,0.0,-1.401298464324817e-45,0.0,0.0,0.0,-1.401298464324817e-45,0.0,0.0,0.0,0.0,0.0,0.0,0.0,46405.0,14.0,13696.0,33230.0,14.0,13708.0
3.02333596299286,0.0,-1.401298464324817e-45,0.0,0.0,0.0,-1.401298464324817e-45,0.0,0.0,0.0,0.0,0.0,0.0,0.0,46406.0,14.0,13716.0,33231.0,14.0,13729.0
3.540901900996687,0.0,-1.401298464324817e-45,0.0,0.0,0.0,-1.401298464324817e-45,0.0,0.0,0.0,0.0,0.0,0.0,0.0,46446.0,14.0,14516.0,33244.0,14.0,14519.0
3.567913031001808,0.0,-1.401298464324817e-45,0.0,0.0,0.0,-1.401298464324817e-45,0.0,0.0,0.0,0.0,0.0,0.0,0.0,46447.0,14.0,14536.0,33245.0,14.0,14549.0
3.5877892049902584,0.0,-1.401298464324817e-45,0.0,0.0,0.0,-1.401298464324817e-45,0.0,0.0,0.0,0.0,0.0,0.0,0.0,46448.0,14.0,14556.0,33246.0,14.0,14569.0
3.60026455699699,0.0,-1.401298464324817e-45,0.0,0.0,0.0,-1.401298464324817e-45,0.0,0.0,0.0,0.0,0.0,0.0,0.0,46449.0,14.0,14576.0,33247.0,14.0,14581.0
3.6192170969879953,0.0,-1.401298464324817e-45,0.0,0.0,0.0,-1.401298464324817e-45,0.0,0.0,0.0,0.0,0.0,0.0,0.0,46450.0,14.0,14596.0,33248.0,14.0,14599.0
4.042034482990857,0.0,-1.401298464324817e-45,0.0,0.0,0.0,-1.401298464324817e-45,0.0,0.0,0.0,0.0,0.0,0.0,0.0,46451.0,14.0,14616.0,33249.0,14.0,14619.0
4.0425976239930606,0.0,-1.401298464324817e-45,0.0,0.0,0.0,-1.401298464324817e-45,0.0,0.0,0.0,0.0,0.0,0.0,0.0,46452.0,14.0,14636.0,33250.0,14.0,14649.0
4.042916398990201,0.0,-1.401298464324817e-45,0.0,0.0,0.0,-1.401298464324817e-45,0.0,0.0,0.0,0.0,0.0,0.0,0.0,46453.0,14.0,14656.0,33251.0,14.0,14669.0
4.043074784989585,0.0,-1.401298464324817e-45,0.0,0.0,0.0,-1.401298464324817e-45,0.0,0.0,0.0,0.0,0.0,0.0,0.0,46454.0,14.0,14676.0,33252.0,14.0,14681.0
4.043165122988285,0.0,-1.401298464324817e-45,0.0,0.0,0.0,-1.401298464324817e-45,0.0,0.0,0.0,0.0,0.0,0.0,0.0,46455.0,14.0,14696.0,33253.0,14.0,14699.0
4.043227118992945,0.0,-1.401298464324817e-45,0.0,0.0,0.0,-1.401298464324817e-45,0.0,0.0,0.0,0.0,0.0,0.0,0.0,46456.0,14.0,14716.0,33254.0,14.0,14729.0
4.043288593995385,0.0,-1.401298464324817e-45,0.0,0.0,0.0,-1.401298464324817e-45,0.0,0.0,0.0,0.0,0.0,0.0,0.0,46457.0,14.0,14736.0,33255.0,14.0,14749.0
4.043349146988476,0.0,-1.401298464324817e-45,0.0,0.0,0.0,-1.401298464324817e-45,0.0,0.0,0.0,0.0,0.0,0.0,0.0,46458.0,14.0,14756.0,33256.0,14.0,14768.0
4.603665699993144,0.0,-1.401298464324817e-45,0.0,0.0,0.0,-1.401298464324817e-45,0.0,0.0,0.0,0.0,0.0,0.0,0.0,46498.0,14.0,15556.0,33267.0,14.0,15566.0
4.621874111995567,0.0,-1.401298464324817e-45,0.0,0.0,0.0,-1.401298464324817e-45,0.0,0.0,0.0,0.0,0.0,0.0,0.0,46499.0,14.0,15576.0,33268.0,14.0,15588.0
4.6584381599968765,0.0,-1.401298464324817e-45,0.0,0.0,0.0,-1.401298464324817e-45,0.0,0.0,0.0,0.0,0.0,0.0,0.0,46500.0,14.0,15596.0,33269.0,14.0,15608.0
5.028133895000792,0.0,-1.401298464324817e-45,0.0,0.0,0.0,-1.401298464324817e-45,0.0,0.0,0.0,0.0,0.0,0.0,0.0,46501.0,14.0,15616.0,33270.0,14.0,15628.0
5.028254110002308,0.0,-1.401298464324817e-45,0.0,0.0,0.0,-1.401298464324817e-45,0.0,0.0,0.0,0.0,0.0,0.0,0.0,46502.0,14.0,15636.0,33271.0,14.0,15649.0
5.041182487999322,0.0,-1.401298464324817e-45,0.0,0.0,0.0,-1.401298464324817e-45,0.0,0.0,0.0,0.0,0.0,0.0,0.0,46503.0,14.0,15656.0,33272.0,14.0,15660.0
5.041474422992906,0.0,-1.401298464324817e-45,0.0,0.0,0.0,-1.401298464324817e-45,0.0,0.0,0.0,0.0,0.0,0.0,0.0,46504.0,14.0,15676.0,33273.0,14.0,15679.0
5.041543150990037,0.0,-1.401298464324817e-45,0.0,0.0,0.0,-1.401298464324817e-45,0.0,0.0,0.0,0.0,0.0,0.0,0.0,46505.0,14.0,15696.0,33274.0,14.0,15709.0
5.041601749995607,0.0,-1.401298464324817e-45,0.0,0.0,0.0,-1.401298464324817e-45,0.0,0.0,0.0,0.0,0.0,0.0,0.0,46506.0,14.0,15716.0,33275.0,14.0,15729.0
5.041660880990094,0.0,-1.401298464324817e-45,0.0,0.0,0.0,-1.401298464324817e-45,0.0,0.0,0.0,0.0,0.0,0.0,0.0,46507.0,14.0,15736.0,33276.0,14.0,15749.0
5.041719599990756,0.0,-1.401298464324817e-45,0.0,0.0,0.0,-1.401298464324817e-45,0.0,0.0,0.0,0.0,0.0,0.0,0.0,46508.0,14.0,15756.0,33277.0,14.0,15761.0
7.688156279997202,0.0,-1.401298464324817e-45,0.0,0.0,0.0,-1.401298464324817e-45,0.0,0.0,0.0,0.0,0.0,0.0,0.0,46653.0,14.0,18656.0,33289.0,14.0,18669.0
7.708107835991541,0.0,-1.401298464324817e-45,0.0,0.0,0.0,-1.401298464324817e-45,0.0,0.0,0.0,0.0,0.0,0.0,0.0,46654.0,14.0,18676.0,33290.0,14.0,18689.0
7.728064090988482,0.0,-1.401298464324817e-45,0.0,0.0,0.0,-1.401298464324817e-45,0.0,0.0,0.0,0.0,0.0,0.0,0.0,46655.0,14.0,18697.0,33291.0,14.0,18709.0
7.8672611599904485,0.0,-1.401298464324817e-45,0.0,0.0,0.0,-1.401298464324817e-45,0.0,0.0,0.0,0.0,0.0,0.0,0.0,46656.0,14.0,18716.0,33292.0,14.0,18729.0
7.867370373001904,0.0,-1.401298464324817e-45,0.0,0.0,0.0,-1.401298464324817e-45,0.0,0.0,0.0,0.0,0.0,0.0,0.0,46657.0,14.0,18736.0,33293.0,14.0,18750.0
7.867447917989921,0.0,-1.401298464324817e-45,0.0,0.0,0.0,-1.401298464324817e-45,0.0,0.0,0.0,0.0,0.0,0.0,0.0,46658.0,14.0,18756.0,33294.0,14.0,18763.0
7.867512888988131,0.0,-1.401298464324817e-45,0.0,0.0,0.0,-1.401298464324817e-45,0.0,0.0,0.0,0.0,0.0,0.0,0.0,46660.0,14.0,18796.0,33295.0,14.0,18801.0
7.867579614001443,0.0,-1.401298464324817e-45,0.0,0.0,0.0,-1.401298464324817e-45,0.0,0.0,0.0,0.0,0.0,0.0,0.0,46660.0,14.0,18796.0,33296.0,14.0,18806.0
7.867644073994597,0.0,-1.401298464324817e-45,0.0,0.0,0.0,-1.401298464324817e-45,0.0,0.0,0.0,0.0,0.0,0.0,0.0,46661.0,14.0,18816.0,33297.0,14.0,18828.0
7.9127657859935425,0.0,-1.401298464324817e-45,0.0,0.0,0.0,-1.401298464324817e-45,0.0,0.0,0.0,0.0,0.0,0.0,0.0,46662.0,14.0,18836.0,33298.0,14.0,18849.0
7.912905858000158,0.0,-1.401298464324817e-45,0.0,0.0,0.0,-1.401298464324817e-45,0.0,0.0,0.0,0.0,0.0,0.0,0.0,46663.0,14.0,18856.0,33299.0,14.0,18868.0
7.926539302992751,0.0,-1.401298464324817e-45,0.0,0.0,0.0,-1.401298464324817e-45,0.0,0.0,0.0,0.0,0.0,0.0,0.0,46664.0,14.0,18876.0,33300.0,14.0,18888.0
7.939621748999343,0.0,-1.401298464324817e-45,0.0,0.0,0.0,-1.401298464324817e-45,0.0,0.0,0.0,0.0,0.0,0.0,0.0,46665.0,14.0,18896.0,33301.0,14.0,18908.0
8.10817526000028,0.0,-1.401298464324817e-45,0.0,0.0,0.0,-1.401298464324817e-45,0.0,0.0,0.0,0.0,0.0,0.0,0.0,46666.0,14.0,18916.0,33302.0,14.0,18929.0
8.108365203996073,0.0,-1.401298464324817e-45,0.0,0.0,0.0,-1.401298464324817e-45,0.0,0.0,0.0,0.0,0.0,0.0,0.0,46667.0,14.0,18936.0,33303.0,14.0,18949.0
8.108443610995892,0.0,-1.401298464324817e-45,0.0,0.0,0.0,-1.401298464324817e-45,0.0,0.0,0.0,0.0,0.0,0.0,0.0,46668.0,14.0,18956.0,33304.0,14.0,18968.0
8.108507900993573,0.0,-1.401298464324817e-45,0.0,0.0,0.0,-1.401298464324817e-45,0.0,0.0,0.0,0.0,0.0,0.0,0.0,46669.0,14.0,18976.0,33305.0,14.0,18988.0
8.108568062991253,0.0,-1.401298464324817e-45,0.0,0.0,0.0,-1.401298464324817e-45,0.0,0.0,0.0,0.0,0.0,0.0,0.0,46670.0,14.0,18996.0,33306.0,14.0,19008.0
8.108629637994454,0.0,-1.401298464324817e-45,0.0,0.0,0.0,-1.401298464324817e-45,0.0,0.0,0.0,0.0,0.0,0.0,0.0,46671.0,14.0,19016.0,33307.0,14.0,19028.0
8.10868793699774,0.0,-1.401298464324817e-45,0.0,0.0,0.0,-1.401298464324817e-45,0.0,0.0,0.0,0.0,0.0,0.0,0.0,46672.0,14.0,19036.0,33308.0,14.0,19048.0
8.13471009299974,0.0,-1.401298464324817e-45,0.0,0.0,0.0,-1.401298464324817e-45,0.0,0.0,0.0,0.0,0.0,0.0,0.0,46675.0,14.0,19096.0,33309.0,14.0,19101.0
8.163471312000183,0.0,-1.401298464324817e-45,0.0,0.0,0.0,-1.401298464324817e-45,0.0,0.0,0.0,0.0,0.0,0.0,0.0,46676.0,14.0,19116.0,33310.0,14.0,19129.0
8.302018349990249,0.0,-1.401298464324817e-45,0.0,0.0,0.0,-1.401298464324817e-45,0.0,0.0,0.0,0.0,0.0,0.0,0.0,46677.0,14.0,19136.0,33311.0,14.0,19149.0
8.302204396997695,0.0,-1.401298464324817e-45,0.0,0.0,0.0,-1.401298464324817e-45,0.0,0.0,0.0,0.0,0.0,0.0,0.0,46678.0,14.0,19156.0,33312.0,14.0,19168.0
8.302282161996118,0.0,-1.401298464324817e-45,0.0,0.0,0.0,-1.401298464324817e-45,0.0,0.0,0.0,0.0,0.0,0.0,0.0,46679.0,14.0,19176.0,33313.0,14.0,19189.0
8.302349338002387,0.0,-1.401298464324817e-45,0.0,0.0,0.0,-1.401298464324817e-45,0.0,0.0,0.0,0.0,0.0,0.0,0.0,46680.0,14.0,19196.0,33314.0,14.0,19210.0
8.302418808001676,0.0,-1.401298464324817e-45,0.0,0.0,0.0,-1.401298464324817e-45,0.0,0.0,0.0,0.0,0.0,0.0,0.0,46681.0,14.0,19216.0,33315.0,14.0,19228.0
8.302488588000415,0.0,-1.401298464324817e-45,0.0,0.0,0.0,-1.401298464324817e-45,0.0,0.0,0.0,0.0,0.0,0.0,0.0,46682.0,14.0,19236.0,33316.0,14.0,19250.0
8.310511181000038,0.0,-1.401298464324817e-45,0.0,0.0,0.0,-1.401298464324817e-45,0.0,0.0,0.0,0.0,0.0,0.0,0.0,46683.0,14.0,19256.0,33317.0,14.0,19269.0
8.311450673994841,0.0,-1.401298464324817e-45,0.0,0.0,0.0,-1.401298464324817e-45,0.0,0.0,0.0,0.0,0.0,0.0,0.0,46684.0,14.0,19276.0,33318.0,14.0,19288.0
8.353328343000612,0.0,-1.401298464324817e-45,0.0,0.0,0.0,-1.401298464324817e-45,0.0,0.0,0.0,0.0,0.0,0.0,0.0,46685.0,14.0,19296.0,33319.0,14.0,19308.0
8.372577228001319,0.0,-1.401298464324817e-45,0.0,0.0,0.0,-1.401298464324817e-45,0.0,0.0,0.0,0.0,0.0,0.0,0.0,46686.0,14.0,19316.0,33320.0,14.0,19328.0
8.37955458999204,0.0,-1.401298464324817e-45,0.0,0.0,0.0,-1.401298464324817e-45,0.0,0.0,0.0,0.0,0.0,0.0,0.0,46687.0,14.0,19336.0,33321.0,14.0,19349.0
8.529974757999298,0.0,-1.401298464324817e-45,0.0,0.0,0.0,-1.401298464324817e-45,0.0,0.0,0.0,0.0,0.0,0.0,0.0,46688.0,14.0,19356.0,33322.0,14.0,19368.0
8.530426040000748,0.0,-1.401298464324817e-45,0.0,0.0,0.0,-1.401298464324817e-45,0.0,0.0,0.0,0.0,0.0,0.0,0.0,46689.0,14.0,19376.0,33323.0,14.0,19389.0
8.530539592000423,0.0,-1.401298464324817e-45,0.0,0.0,0.0,-1.401298464324817e-45,0.0,0.0,0.0,0.0,0.0,0.0,0.0,46690.0,14.0,19396.0,33324.0,14.0,19409.0
8.53060759899381,0.0,-1.401298464324817e-45,0.0,0.0,0.0,-1.401298464324817e-45,0.0,0.0,0.0,0.0,0.0,0.0,0.0,46691.0,14.0,19416.0,33325.0,14.0,19428.0
8.530670736989123,0.0,-1.401298464324817e-45,0.0,0.0,0.0,-1.401298464324817e-45,0.0,0.0,0.0,0.0,0.0,0.0,0.0,46692.0,14.0,19436.0,33326.0,14.0,19448.0
8.530731299993931,0.0,-1.401298464324817e-45,0.0,0.0,0.0,-1.401298464324817e-45,0.0,0.0,0.0,0.0,0.0,0.0,0.0,46693.0,14.0,19456.0,33327.0,14.0,19468.0
8.53079290498863,0.0,-1.401298464324817e-45,0.0,0.0,0.0,-1.401298464324817e-45,0.0,0.0,0.0,0.0,0.0,0.0,0.0,46694.0,14.0,19476.0,33328.0,14.0,19488.0
8.542667987989262,0.0,-1.401298464324817e-45,0.0,0.0,0.0,-1.401298464324817e-45,0.0,0.0,0.0,0.0,0.0,0.0,0.0,46695.0,14.0,19496.0,33329.0,14.0,19509.0
8.578307673989912,0.0,-1.401298464324817e-45,0.0,0.0,0.0,-1.401298464324817e-45,0.0,0.0,0.0,0.0,0.0,0.0,0.0,46696.0,14.0,19516.0,33330.0,14.0,19528.0
8.578402742001344,0.0,-1.401298464324817e-45,0.0,0.0,0.0,-1.401298464324817e-45,0.0,0.0,0.0,0.0,0.0,0.0,0.0,46697.0,14.0,19536.0,33331.0,14.0,19548.0
8.597766341001261,0.0,-1.401298464324817e-45,0.0,0.0,0.0,-1.401298464324817e-45,0.0,0.0,0.0,0.0,0.0,0.0,0.0,46698.0,14.0,19556.0,33332.0,14.0,19568.0
8.609831037989352,0.0,-1.401298464324817e-45,0.0,0.0,0.0,-1.401298464324817e-45,0.0,0.0,0.0,0.0,0.0,0.0,0.0,46699.0,14.0,19576.0,33333.0,14.0,19589.0
8.742713132989593,0.0,-1.401298464324817e-45,0.0,0.0,0.0,-1.401298464324817e-45,0.0,0.0,0.0,0.0,0.0,0.0,0.0,46701.0,14.0,19616.0,33334.0,14.0,19619.0
8.742813830991508,0.0,-1.401298464324817e-45,0.0,0.0,0.0,-1.401298464324817e-45,0.0,0.0,0.0,0.0,0.0,0.0,0.0,46701.0,14.0,19616.0,33335.0,14.0,19625.0
8.742881487996783,0.0,-1.401298464324817e-45,0.0,0.0,0.0,-1.401298464324817e-45,0.0,0.0,0.0,0.0,0.0,0.0,0.0,46703.0,14.0,19656.0,33336.0,14.0,19659.0
8.74294294200081,0.0,-1.401298464324817e-45,0.0,0.0,0.0,-1.401298464324817e-45,0.0,0.0,0.0,0.0,0.0,0.0,0.0,46703.0,14.0,19656.0,33337.0,14.0,19664.0
8.743013693994726,0.0,-1.401298464324817e-45,0.0,0.0,0.0,-1.401298464324817e-45,0.0,0.0,0.0,0.0,0.0,0.0,0.0,46705.0,14.0,19696.0,33338.0,14.0,19698.0
8.743074418001925,0.0,-1.401298464324817e-45,0.0,0.0,0.0,-1.401298464324817e-45,0.0,0.0,0.0,0.0,0.0,0.0,0.0,46705.0,14.0,19696.0,33339.0,14.0,19707.0
8.758523480995791,0.0,-1.401298464324817e-45,0.0,0.0,0.0,-1.401298464324817e-45,0.0,0.0,0.0,0.0,0.0,0.0,0.0,46706.0,14.0,19716.0,33340.0,14.0,19728.0
8.821695752994856,0.0,-1.401298464324817e-45,0.0,0.0,0.0,-1.401298464324817e-45,0.0,0.0,0.0,0.0,0.0,0.0,0.0,46707.0,14.0,19736.0,33341.0,14.0,19750.0
8.822201646995381,0.0,-1.401298464324817e-45,0.0,0.0,0.0,-1.401298464324817e-45,0.0,0.0,0.0,0.0,0.0,0.0,0.0,46708.0,14.0,19756.0,33342.0,14.0,19768.0
8.82925924898882,0.0,-1.401298464324817e-45,0.0,0.0,0.0,-1.401298464324817e-45,0.0,0.0,0.0,0.0,0.0,0.0,0.0,46709.0,14.0,19776.0,33343.0,14.0,19788.0
8.953593240992632,0.0,-1.401298464324817e-45,0.0,0.0,0.0,-1.401298464324817e-45,0.0,0.0,0.0,0.0,0.0,0.0,0.0,46710.0,14.0,19796.0,33344.0,14.0,19808.0
8.953963572988869,0.0,-1.401298464324817e-45,0.0,0.0,0.0,-1.401298464324817e-45,0.0,0.0,0.0,0.0,0.0,0.0,0.0,46711.0,14.0,19816.0,33345.0,14.0,19828.0
8.954080269992119,0.0,-1.401298464324817e-45,0.0,0.0,0.0,-1.401298464324817e-45,0.0,0.0,0.0,0.0,0.0,0.0,0.0,46712.0,14.0,19836.0,33346.0,14.0,19848.0
8.95416049999767,0.0,-1.401298464324817e-45,0.0,0.0,0.0,-1.401298464324817e-45,0.0,0.0,0.0,0.0,0.0,0.0,0.0,46713.0,14.0,19856.0,33347.0,14.0,19868.0
8.954232183998101,0.0,-1.401298464324817e-45,0.0,0.0,0.0,-1.401298464324817e-45,0.0,0.0,0.0,0.0,0.0,0.0,0.0,46714.0,14.0,19876.0,33348.0,14.0,19889.0
8.954295752992039,0.0,-1.401298464324817e-45,0.0,0.0,0.0,-1.401298464324817e-45,0.0,0.0,0.0,0.0,0.0,0.0,0.0,46716.0,14.0,19916.0,33349.0,14.0,19919.0
8.954359631999978,0.0,-1.401298464324817e-45,0.0,0.0,0.0,-1.401298464324817e-45,0.0,0.0,0.0,0.0,0.0,0.0,0.0,46716.0,14.0,19916.0,33350.0,14.0,19926.0
8.970043252993491,0.0,-1.401298464324817e-45,0.0,0.0,0.0,-1.401298464324817e-45,0.0,0.0,0.0,0.0,0.0,0.0,0.0,46717.0,14.0,19936.0,33351.0,14.0,19949.0
9.037203148996923,0.0,-1.401298464324817e-45,0.0,0.0,0.0,-1.401298464324817e-45,0.0,0.0,0.0,0.0,0.0,0.0,0.0,46718.0,14.0,19956.0,33352.0,14.0,19968.0
9.037559914999292,0.0,-1.401298464324817e-45,0.0,0.0,0.0,-1.401298464324817e-45,0.0,0.0,0.0,0.0,0.0,0.0,0.0,46719.0,14.0,19976.0,33353.0,14.0,19988.0
9.044198153991601,0.0,-1.401298464324817e-45,0.0,0.0,0.0,-1.401298464324817e-45,0.0,0.0,0.0,0.0,0.0,0.0,0.0,46720.0,14.0,19996.0,33354.0,14.0,20009.0
9.061625410002307,0.0,-1.401298464324817e-45,0.0,0.0,0.0,-1.401298464324817e-45,0.0,0.0,0.0,0.0,0.0,0.0,0.0,46721.0,14.0,20016.0,33355.0,14.0,20028.0
9.178975008995621,0.0,-1.401298464324817e-45,0.0,0.0,0.0,-1.401298464324817e-45,0.0,0.0,0.0,0.0,0.0,0.0,0.0,46722.0,14.0,20036.0,33356.0,14.0,20049.0
9.261281032988336,0.0,-1.401298464324817e-45,0.0,0.0,0.0,-1.401298464324817e-45,0.0,0.0,0.0,0.0,0.0,0.0,0.0,46728.0,14.0,20156.0,33357.0,14.0,20174.0
9.261778180996771,0.0,-1.401298464324817e-45,0.0,0.0,0.0,-1.401298464324817e-45,0.0,0.0,0.0,0.0,0.0,0.0,0.0,46730.0,14.0,20196.0,33358.0,14.0,20199.0
9.275349780000397,0.0,-1.401298464324817e-45,0.0,0.0,0.0,-1.401298464324817e-45,0.0,0.0,0.0,0.0,0.0,0.0,0.0,46730.0,14.0,20196.0,33359.0,14.0,20207.0
9.2754666779947,0.0,-1.401298464324817e-45,0.0,0.0,0.0,-1.401298464324817e-45,0.0,0.0,0.0,0.0,0.0,0.0,0.0,46731.0,14.0,20216.0,33360.0,14.0,20228.0
9.39298592400155,0.0,-1.401298464324817e-45,0.0,0.0,0.0,-1.401298464324817e-45,0.0,0.0,0.0,0.0,0.0,0.0,0.0,46732.0,14.0,20236.0,33361.0,14.0,20250.0
9.393494011994335,0.0,-1.401298464324817e-45,0.0,0.0,0.0,-1.401298464324817e-45,0.0,0.0,0.0,0.0,0.0,0.0,0.0,46733.0,14.0,20256.0,33362.0,14.0,20268.0
9.393810793000739,0.0,-1.401298464324817e-45,0.0,0.0,0.0,-1.401298464324817e-45,0.0,0.0,0.0,0.0,0.0,0.0,0.0,46734.0,14.0,20276.0,33363.0,14.0,20289.0
9.394074254989391,0.0,-1.401298464324817e-45,0.0,0.0,0.0,-1.401298464324817e-45,0.0,0.0,0.0,0.0,0.0,0.0,0.0,46735.0,14.0,20296.0,33364.0,14.0,20309.0
9.394221169000957,0.0,-1.401298464324817e-45,0.0,0.0,0.0,-1.401298464324817e-45,0.0,0.0,0.0,0.0,0.0,0.0,0.0,46736.0,14.0,20316.0,33365.0,14.0,20329.0
9.394286360999104,0.0,-1.401298464324817e-45,0.0,0.0,0.0,-1.401298464324817e-45,0.0,0.0,0.0,0.0,0.0,0.0,0.0,46737.0,14.0,20336.0,33366.0,14.0,20348.0
9.394346432993189,0.0,-1.401298464324817e-45,0.0,0.0,0.0,-1.401298464324817e-45,0.0,0.0,0.0,0.0,0.0,0.0,0.0,46738.0,14.0,20356.0,33367.0,14.0,20369.0
9.407759896988864,0.0,-1.401298464324817e-45,0.0,0.0,0.0,-1.401298464324817e-45,0.0,0.0,0.0,0.0,0.0,0.0,0.0,46739.0,14.0,20376.0,33368.0,14.0,20389.0
9.421781596989604,0.0,-1.401298464324817e-45,0.0,0.0,0.0,-1.401298464324817e-45,0.0,0.0,0.0,0.0,0.0,0.0,0.0,46740.0,14.0,20396.0,33369.0,14.0,20403.0
9.461441808001837,0.0,-1.401298464324817e-45,0.0,0.0,0.0,-1.401298464324817e-45,0.0,0.0,0.0,0.0,0.0,0.0,0.0,46742.0,14.0,20436.0,33370.0,14.0,20440.0
9.465887915997882,0.0,-1.401298464324817e-45,0.0,0.0,0.0,-1.401298464324817e-45,0.0,0.0,0.0,0.0,0.0,0.0,0.0,46742.0,14.0,20436.0,33371.0,14.0,20447.0
9.487835148000158,0.0,-1.401298464324817e-45,0.0,0.0,0.0,-1.401298464324817e-45,0.0,0.0,0.0,0.0,0.0,0.0,0.0,46743.0,14.0,20456.0,33372.0,14.0,20469.0
9.612617438993766,0.0,-1.401298464324817e-45,0.0,0.0,0.0,-1.401298464324817e-45,0.0,0.0,0.0,0.0,0.0,0.0,0.0,46744.0,14.0,20476.0,33373.0,14.0,20489.0
9.613186710994341,0.0,-1.401298464324817e-45,0.0,0.0,0.0,-1.401298464324817e-45,0.0,0.0,0.0,0.0,0.0,0.0,0.0,46746.0,14.0,20516.0,33374.0,14.0,20519.0
9.613535812997725,0.0,-1.401298464324817e-45,0.0,0.0,0.0,-1.401298464324817e-45,0.0,0.0,0.0,0.0,0.0,0.0,0.0,46746.0,14.0,20516.0,33375.0,14.0,20526.0
9.613645717996405,0.0,-1.401298464324817e-45,0.0,0.0,0.0,-1.401298464324817e-45,0.0,0.0,0.0,0.0,0.0,0.0,0.0,46747.0,14.0,20536.0,33376.0,14.0,20550.0
9.613713223996456,0.0,-1.401298464324817e-45,0.0,0.0,0.0,-1.401298464324817e-45,0.0,0.0,0.0,0.0,0.0,0.0,0.0,46748.0,14.0,20556.0,33377.0,14.0,20569.0
9.613783715001773,0.0,-1.401298464324817e-45,0.0,0.0,0.0,-1.401298464324817e-45,0.0,0.0,0.0,0.0,0.0,0.0,0.0,46749.0,14.0,20576.0,33378.0,14.0,20589.0
9.621845902991481,0.0,-1.401298464324817e-45,0.0,0.0,0.0,-1.401298464324817e-45,0.0,0.0,0.0,0.0,0.0,0.0,0.0,46750.0,14.0,20596.0,33379.0,14.0,20603.0
9.660071145000984,0.0,-1.401298464324817e-45,0.0,0.0,0.0,-1.401298464324817e-45,0.0,0.0,0.0,0.0,0.0,0.0,0.0,46752.0,14.0,20636.0,33380.0,14.0,20639.0
9.665947963992949,0.0,-1.401298464324817e-45,0.0,0.0,0.0,-1.401298464324817e-45,0.0,0.0,0.0,0.0,0.0,0.0,0.0,46752.0,14.0,20636.0,33381.0,14.0,20646.0
9.688213549990905,0.0,-1.401298464324817e-45,0.0,0.0,0.0,-1.401298464324817e-45,0.0,0.0,0.0,0.0,0.0,0.0,0.0,46753.0,14.0,20656.0,33382.0,14.0,20669.0
9.708134870001231,0.0,-1.401298464324817e-45,0.0,0.0,0.0,-1.401298464324817e-45,0.0,0.0,0.0,0.0,0.0,0.0,0.0,46754.0,14.0,20676.0,33383.0,14.0,20689.0
9.770591397988028,0.0,-1.401298464324817e-45,0.0,0.0,0.0,-1.401298464324817e-45,0.0,0.0,0.0,0.0,0.0,0.0,0.0,46755.0,14.0,20696.0,33384.0,14.0,20703.0
9.770791620991076,0.0,-1.401298464324817e-45,0.0,0.0,0.0,-1.401298464324817e-45,0.0,0.0,0.0,0.0,0.0,0.0,0.0,46757.0,14.0,20736.0,33385.0,14.0,20740.0
9.770867072002147,0.0,-1.401298464324817e-45,0.0,0.0,0.0,-1.401298464324817e-45,0.0,0.0,0.0,0.0,0.0,0.0,0.0,46757.0,14.0,20736.0,33386.0,14.0,20748.0
9.830813494991162,0.0,-1.401298464324817e-45,0.0,0.0,0.0,-1.401298464324817e-45,0.0,0.0,0.0,0.0,0.0,0.0,0.0,46758.0,14.0,20756.0,33387.0,14.0,20768.0
9.831217227998422,0.0,-1.401298464324817e-45,0.0,0.0,0.0,-1.401298464324817e-45,0.0,0.0,0.0,0.0,0.0,0.0,0.0,46759.0,14.0,20776.0,33388.0,14.0,20789.0
9.83129254898813,0.0,-1.401298464324817e-45,0.0,0.0,0.0,-1.401298464324817e-45,0.0,0.0,0.0,0.0,0.0,0.0,0.0,46760.0,14.0,20796.0,33389.0,14.0,20803.0
9.85925514799601,0.0,-1.401298464324817e-45,0.0,0.0,0.0,-1.401298464324817e-45,0.0,0.0,0.0,0.0,0.0,0.0,0.0,46762.0,14.0,20836.0,33390.0,14.0,20840.0
9.865599608994671,0.0,-1.401298464324817e-45,0.0,0.0,0.0,-1.401298464324817e-45,0.0,0.0,0.0,0.0,0.0,0.0,0.0,46762.0,14.0,20836.0,33391.0,14.0,20846.0
9.891484188992763,0.0,-1.401298464324817e-45,0.0,0.0,0.0,-1.401298464324817e-45,0.0,0.0,0.0,0.0,0.0,0.0,0.0,46763.0,14.0,20856.0,33392.0,14.0,20868.0
10.175553444991237,0.0,-1.401298464324817e-45,0.0,0.0,0.0,-1.401298464324817e-45,0.0,0.0,0.0,0.0,0.0,0.0,0.0,46764.0,14.0,20876.0,33393.0,14.0,20888.0
10.175815633992897,0.0,-1.401298464324817e-45,0.0,0.0,0.0,-1.401298464324817e-45,0.0,0.0,0.0,0.0,0.0,0.0,0.0,46765.0,14.0,20896.0,33394.0,14.0,20908.0
10.175903417999507,0.0,-1.401298464324817e-45,0.0,0.0,0.0,-1.401298464324817e-45,0.0,0.0,0.0,0.0,0.0,0.0,0.0,46766.0,14.0,20916.0,33395.0,14.0,20929.0
10.17597065398877,0.0,-1.401298464324817e-45,0.0,0.0,0.0,-1.401298464324817e-45,0.0,0.0,0.0,0.0,0.0,0.0,0.0,46767.0,14.0,20936.0,33396.0,14.0,20948.0
10.176034011994489,0.0,-1.401298464324817e-45,0.0,0.0,0.0,-1.401298464324817e-45,0.0,0.0,0.0,0.0,0.0,0.0,0.0,46768.0,14.0,20956.0,33397.0,14.0,20968.0
10.176097069997923,0.0,-1.401298464324817e-45,0.0,0.0,0.0,-1.401298464324817e-45,0.0,0.0,0.0,0.0,0.0,0.0,0.0,46769.0,14.0,20976.0,33398.0,14.0,20989.0
10.176160357994377,0.0,-1.401298464324817e-45,0.0,0.0,0.0,-1.401298464324817e-45,0.0,0.0,0.0,0.0,0.0,0.0,0.0,46770.0,14.0,20996.0,33399.0,14.0,21008.0
10.176221811998403,0.0,-1.401298464324817e-45,0.0,0.0,0.0,-1.401298464324817e-45,0.0,0.0,0.0,0.0,0.0,0.0,0.0,46771.0,14.0,21016.0,33400.0,14.0,21028.0
10.176285530993482,0.0,-1.401298464324817e-45,0.0,0.0,0.0,-1.401298464324817e-45,0.0,0.0,0.0,0.0,0.0,0.0,0.0,46772.0,14.0,21036.0,33401.0,14.0,21049.0
10.282586671994068,0.0,-1.401298464324817e-45,0.0,0.0,0.0,-1.401298464324817e-45,0.0,0.0,0.0,0.0,0.0,0.0,0.0,46781.0,14.0,21216.0,33402.0,14.0,21220.0
10.282970767992083,0.0,-1.401298464324817e-45,0.0,0.0,0.0,-1.401298464324817e-45,0.0,0.0,0.0,0.0,0.0,0.0,0.0,46781.0,14.0,21216.0,33403.0,14.0,21227.0
10.316222048990312,0.0,-1.401298464324817e-45,0.0,0.0,0.0,-1.401298464324817e-45,0.0,0.0,0.0,0.0,0.0,0.0,0.0,46782.0,14.0,21236.0,33404.0,14.0,21250.0
10.316589363996172,0.0,-1.401298464324817e-45,0.0,0.0,0.0,-1.401298464324817e-45,0.0,0.0,0.0,0.0,0.0,0.0,0.0,46783.0,14.0,21256.0,33405.0,14.0,21268.0
10.316843998996774,0.0,-1.401298464324817e-45,0.0,0.0,0.0,-1.401298464324817e-45,0.0,0.0,0.0,0.0,0.0,0.0,0.0,46784.0,14.0,21276.0,33406.0,14.0,21289.0
10.332042194990208,0.0,-1.401298464324817e-45,0.0,0.0,0.0,-1.401298464324817e-45,0.0,0.0,0.0,0.0,0.0,0.0,0.0,46785.0,14.0,21296.0,33407.0,14.0,21309.0
10.357133065001108,0.0,-1.401298464324817e-45,0.0,0.0,0.0,-1.401298464324817e-45,0.0,0.0,0.0,0.0,0.0,0.0,0.0,46786.0,14.0,21316.0,33408.0,14.0,21328.0
10.499227579988656,0.0,-1.401298464324817e-45,0.0,0.0,0.0,-1.401298464324817e-45,0.0,0.0,0.0,0.0,0.0,0.0,0.0,46787.0,14.0,21336.0,33409.0,14.0,21348.0
10.499479599995539,0.0,-1.401298464324817e-45,0.0,0.0,0.0,-1.401298464324817e-45,0.0,0.0,0.0,0.0,0.0,0.0,0.0,46788.0,14.0,21356.0,33410.0,14.0,21368.0
10.49956633200054,0.0,-1.401298464324817e-45,0.0,0.0,0.0,-1.401298464324817e-45,0.0,0.0,0.0,0.0,0.0,0.0,0.0,46789.0,14.0,21376.0,33411.0,14.0,21388.0
10.49963281599048,0.0,-1.401298464324817e-45,0.0,0.0,0.0,-1.401298464324817e-45,0.0,0.0,0.0,0.0,0.0,0.0,0.0,46790.0,14.0,21396.0,33412.0,14.0,21409.0
10.499694450991228,0.0,-1.401298464324817e-45,0.0,0.0,0.0,-1.401298464324817e-45,0.0,0.0,0.0,0.0,0.0,0.0,0.0,46791.0,14.0,21416.0,33413.0,14.0,21428.0
10.49975393198838,0.0,-1.401298464324817e-45,0.0,0.0,0.0,-1.401298464324817e-45,0.0,0.0,0.0,0.0,0.0,0.0,0.0,46792.0,14.0,21436.0,33414.0,14.0,21448.0
10.518981367989909,0.0,-1.401298464324817e-45,0.0,0.0,0.0,-1.401298464324817e-45,0.0,0.0,0.0,0.0,0.0,0.0,0.0,46793.0,14.0,21456.0,33415.0,14.0,21468.0
10.537798577992362,0.0,-1.401298464324817e-45,0.0,0.0,0.0,-1.401298464324817e-45,0.0,0.0,0.0,0.0,0.0,0.0,0.0,46794.0,14.0,21476.0,33416.0,14.0,21488.0
10.620211493995157,0.0,-1.401298464324817e-45,0.0,0.0,0.0,-1.401298464324817e-45,0.0,0.0,0.0,0.0,0.0,0.0,0.0,46795.0,14.0,21496.0,33417.0,14.0,21508.0
10.62078641699918,0.0,-1.401298464324817e-45,0.0,0.0,0.0,-1.401298464324817e-45,0.0,0.0,0.0,0.0,0.0,0.0,0.0,46796.0,14.0,21516.0,33418.0,14.0,21528.0
10.621114839988877,0.0,-1.401298464324817e-45,0.0,0.0,0.0,-1.401298464324817e-45,0.0,0.0,0.0,0.0,0.0,0.0,0.0,46797.0,14.0,21536.0,33419.0,14.0,21548.0
10.73613259899139,0.0,-1.401298464324817e-45,0.0,0.0,0.0,-1.401298464324817e-45,0.0,0.0,0.0,0.0,0.0,0.0,0.0,46798.0,14.0,21556.0,33420.0,14.0,21568.0
10.736674629995832,0.0,-1.401298464324817e-45,0.0,0.0,0.0,-1.401298464324817e-45,0.0,0.0,0.0,0.0,0.0,0.0,0.0,46799.0,14.0,21576.0,33421.0,14.0,21588.0
10.736767252994468,0.0,-1.401298464324817e-45,0.0,0.0,0.0,-1.401298464324817e-45,0.0,0.0,0.0,0.0,0.0,0.0,0.0,46800.0,14.0,21596.0,33422.0,14.0,21608.0
10.7368327449949,0.0,-1.401298464324817e-45,0.0,0.0,0.0,-1.401298464324817e-45,0.0,0.0,0.0,0.0,0.0,0.0,0.0,46801.0,14.0,21616.0,33423.0,14.0,21629.0
10.736896824993892,0.0,-1.401298464324817e-45,0.0,0.0,0.0,-1.401298464324817e-45,0.0,0.0,0.0,0.0,0.0,0.0,0.0,46802.0,14.0,21636.0,33424.0,14.0,21641.0
10.736956876993645,0.0,-1.401298464324817e-45,0.0,0.0,0.0,-1.401298464324817e-45,0.0,0.0,0.0,0.0,0.0,0.0,0.0,46803.0,14.0,21656.0,33425.0,14.0,21669.0
10.737028379997355,0.0,-1.401298464324817e-45,0.0,0.0,0.0,-1.401298464324817e-45,0.0,0.0,0.0,0.0,0.0,0.0,0.0,46804.0,14.0,21676.0,33426.0,14.0,21689.0
10.737089894988458,0.0,-1.401298464324817e-45,0.0,0.0,0.0,-1.401298464324817e-45,0.0,0.0,0.0,0.0,0.0,0.0,0.0,46805.0,14.0,21696.0,33427.0,14.0,21709.0
10.754805569988093,0.0,-1.401298464324817e-45,0.0,0.0,0.0,-1.401298464324817e-45,0.0,0.0,0.0,0.0,0.0,0.0,0.0,46806.0,14.0,21716.0,33428.0,14.0,21728.0
10.77618947099836,0.0,-1.401298464324817e-45,0.0,0.0,0.0,-1.401298464324817e-45,0.0,0.0,0.0,0.0,0.0,0.0,0.0,46807.0,14.0,21736.0,33429.0,14.0,21750.0
10.803947177992086,0.0,-1.401298464324817e-45,0.0,0.0,0.0,-1.401298464324817e-45,0.0,0.0,0.0,0.0,0.0,0.0,0.0,46808.0,14.0,21756.0,33430.0,14.0,21770.0
11.222952885000268,0.0,-1.401298464324817e-45,0.0,0.0,0.0,-1.401298464324817e-45,0.0,0.0,0.0,0.0,0.0,0.0,0.0,46809.0,14.0,21776.0,33431.0,14.0,21788.0
11.223343434001436,0.0,-1.401298464324817e-45,0.0,0.0,0.0,-1.401298464324817e-45,0.0,0.0,0.0,0.0,0.0,0.0,0.0,46810.0,14.0,21796.0,33432.0,14.0,21808.0
11.223426719996496,0.0,-1.401298464324817e-45,0.0,0.0,0.0,-1.401298464324817e-45,0.0,0.0,0.0,0.0,0.0,0.0,0.0,46811.0,14.0,21816.0,33433.0,14.0,21828.0
11.23163278499851,0.0,-1.401298464324817e-45,0.0,0.0,0.0,-1.401298464324817e-45,0.0,0.0,0.0,0.0,0.0,0.0,0.0,46812.0,14.0,21836.0,33434.0,14.0,21849.0
11.231721069998457,0.0,-1.401298464324817e-45,0.0,0.0,0.0,-1.401298464324817e-45,0.0,0.0,0.0,0.0,0.0,0.0,0.0,46813.0,14.0,21856.0,33435.0,14.0,21868.0
11.231789397992543,0.0,-1.401298464324817e-45,0.0,0.0,0.0,-1.401298464324817e-45,0.0,0.0,0.0,0.0,0.0,0.0,0.0,46814.0,14.0,21876.0,33436.0,14.0,21888.0
11.23185416898923,0.0,-1.401298464324817e-45,0.0,0.0,0.0,-1.401298464324817e-45,0.0,0.0,0.0,0.0,0.0,0.0,0.0,46815.0,14.0,21896.0,33437.0,14.0,21908.0
11.231916785996873,0.0,-1.401298464324817e-45,0.0,0.0,0.0,-1.401298464324817e-45,0.0,0.0,0.0,0.0,0.0,0.0,0.0,46816.0,14.0,21916.0,33438.0,14.0,21929.0
11.74461377300031,0.0,-1.401298464324817e-45,0.0,0.0,0.0,-1.401298464324817e-45,0.0,0.0,0.0,0.0,0.0,0.0,0.0,46856.0,14.0,22716.0,33446.0,14.0,22725.0
11.770080474001588,0.0,-1.401298464324817e-45,0.0,0.0,0.0,-1.401298464324817e-45,0.0,0.0,0.0,0.0,0.0,0.0,0.0,46857.0,14.0,22736.0,33447.0,14.0,22750.0
11.788615497993305,0.0,-1.401298464324817e-45,0.0,0.0,0.0,-1.401298464324817e-45,0.0,0.0,0.0,0.0,0.0,0.0,0.0,46858.0,14.0,22756.0,33448.0,14.0,22769.0
11.802334342995891,0.0,-1.401298464324817e-45,0.0,0.0,0.0,-1.401298464324817e-45,0.0,0.0,0.0,0.0,0.0,0.0,0.0,46859.0,14.0,22776.0,33449.0,14.0,22783.0
12.248084555991227,0.0,-1.401298464324817e-45,0.0,0.0,0.0,-1.401298464324817e-45,0.0,0.0,0.0,0.0,0.0,0.0,0.0,46861.0,14.0,22816.0,33450.0,14.0,22819.0
12.248276704995078,0.0,-1.401298464324817e-45,0.0,0.0,0.0,-1.401298464324817e-45,0.0,0.0,0.0,0.0,0.0,0.0,0.0,46861.0,14.0,22816.0,33451.0,14.0,22826.0
12.248355932999402,0.0,-1.401298464324817e-45,0.0,0.0,0.0,-1.401298464324817e-45,0.0,0.0,0.0,0.0,0.0,0.0,0.0,46862.0,14.0,22836.0,33452.0,14.0,22849.0
12.248446691999561,0.0,-1.401298464324817e-45,0.0,0.0,0.0,-1.401298464324817e-45,0.0,0.0,0.0,0.0,0.0,0.0,0.0,46863.0,14.0,22856.0,33453.0,14.0,22869.0
12.248512514997856,0.0,-1.401298464324817e-45,0.0,0.0,0.0,-1.401298464324817e-45,0.0,0.0,0.0,0.0,0.0,0.0,0.0,46864.0,14.0,22876.0,33454.0,14.0,22883.0
12.248574500990799,0.0,-1.401298464324817e-45,0.0,0.0,0.0,-1.401298464324817e-45,0.0,0.0,0.0,0.0,0.0,0.0,0.0,46866.0,14.0,22916.0,33455.0,14.0,22919.0
12.248634702991694,0.0,-1.401298464324817e-45,0.0,0.0,0.0,-1.401298464324817e-45,0.0,0.0,0.0,0.0,0.0,0.0,0.0,46866.0,14.0,22916.0,33456.0,14.0,22924.0
12.248694624999189,0.0,-1.401298464324817e-45,0.0,0.0,0.0,-1.401298464324817e-45,0.0,0.0,0.0,0.0,0.0,0.0,0.0,46868.0,14.0,22956.0,33457.0,14.0,22959.0
12.248753524996573,0.0,-1.401298464324817e-45,0.0,0.0,0.0,-1.401298464324817e-45,0.0,0.0,0.0,0.0,0.0,0.0,0.0,46868.0,14.0,22956.0,33458.0,14.0,22964.0
12.787524056999246,0.0,-1.401298464324817e-45,0.0,0.0,0.0,-1.401298464324817e-45,0.0,0.0,0.0,0.0,0.0,0.0,0.0,46908.0,14.0,23756.0,33465.0,14.0,23768.0
12.842819362995215,0.0,-1.401298464324817e-45,0.0,0.0,0.0,-1.401298464324817e-45,0.0,0.0,0.0,0.0,0.0,0.0,0.0,46909.0,14.0,23776.0,33466.0,14.0,23789.0
12.848928364997846,0.0,-1.401298464324817e-45,0.0,0.0,0.0,-1.401298464324817e-45,0.0,0.0,0.0,0.0,0.0,0.0,0.0,46910.0,14.0,23796.0,33467.0,14.0,23808.0
13.277405458997237,0.0,-1.401298464324817e-45,0.0,0.0,0.0,-1.401298464324817e-45,0.0,0.0,0.0,0.0,0.0,0.0,0.0,46911.0,14.0,23816.0,33468.0,14.0,23828.0
13.278071943001123,0.0,-1.401298464324817e-45,0.0,0.0,0.0,-1.401298464324817e-45,0.0,0.0,0.0,0.0,0.0,0.0,0.0,46912.0,14.0,23836.0,33469.0,14.0,23849.0
13.27817934298946,0.0,-1.401298464324817e-45,0.0,0.0,0.0,-1.401298464324817e-45,0.0,0.0,0.0,0.0,0.0,0.0,0.0,46913.0,14.0,23856.0,33470.0,14.0,23868.0
13.278249493989279,0.0,-1.401298464324817e-45,0.0,0.0,0.0,-1.401298464324817e-45,0.0,0.0,0.0,0.0,0.0,0.0,0.0,46914.0,14.0,23876.0,33471.0,14.0,23888.0
13.27831189999415,0.0,-1.401298464324817e-45,0.0,0.0,0.0,-1.401298464324817e-45,0.0,0.0,0.0,0.0,0.0,0.0,0.0,46915.0,14.0,23896.0,33472.0,14.0,23908.0
13.27837306499714,0.0,-1.401298464324817e-45,0.0,0.0,0.0,-1.401298464324817e-45,0.0,0.0,0.0,0.0,0.0,0.0,0.0,46916.0,14.0,23916.0,33473.0,14.0,23929.0
13.278442775001167,0.0,-1.401298464324817e-45,0.0,0.0,0.0,-1.401298464324817e-45,0.0,0.0,0.0,0.0,0.0,0.0,0.0,46917.0,14.0,23936.0,33474.0,14.0,23949.0
13.790681657992536,0.0,-1.401298464324817e-45,0.0,0.0,0.0,-1.401298464324817e-45,0.0,0.0,0.0,0.0,0.0,0.0,0.0,46958.0,14.0,24756.0,33482.0,14.0,24771.0
13.809088443988003,0.0,-1.401298464324817e-45,0.0,0.0,0.0,-1.401298464324817e-45,0.0,0.0,0.0,0.0,0.0,0.0,0.0,46959.0,14.0,24776.0,33483.0,14.0,24789.0
13.821408698990126,0.0,-1.401298464324817e-45,0.0,0.0,0.0,-1.401298464324817e-45,0.0,0.0,0.0,0.0,0.0,0.0,0.0,46960.0,14.0,24796.0,33484.0,14.0,24803.0
13.858943926999927,0.0,-1.401298464324817e-45,0.0,0.0,0.0,-1.401298464324817e-45,0.0,0.0,0.0,0.0,0.0,0.0,0.0,46962.0,14.0,24836.0,33485.0,14.0,24839.0
13.865571406990057,0.0,-1.401298464324817e-45,0.0,0.0,0.0,-1.401298464324817e-45,0.0,0.0,0.0,0.0,0.0,0.0,0.0,46962.0,14.0,24836.0,33486.0,14.0,24847.0
14.295319942990318,0.0,-1.401298464324817e-45,0.0,0.0,0.0,-1.401298464324817e-45,0.0,0.0,0.0,0.0,0.0,0.0,0.0,46963.0,14.0,24856.0,33487.0,14.0,24869.0
14.295540413993876,0.0,-1.401298464324817e-45,0.0,0.0,0.0,-1.401298464324817e-45,0.0,0.0,0.0,0.0,0.0,0.0,0.0,46964.0,14.0,24876.0,33488.0,14.0,24889.0
14.295615244001965,0.0,-1.401298464324817e-45,0.0,0.0,0.0,-1.401298464324817e-45,0.0,0.0,0.0,0.0,0.0,0.0,0.0,46965.0,14.0,24896.0,33489.0,14.0,24902.0
14.2956765179988,0.0,-1.401298464324817e-45,0.0,0.0,0.0,-1.401298464324817e-45,0.0,0.0,0.0,0.0,0.0,0.0,0.0,46967.0,14.0,24936.0,33490.0,14.0,24939.0
14.295734617000562,0.0,-1.401298464324817e-45,0.0,0.0,0.0,-1.401298464324817e-45,0.0,0.0,0.0,0.0,0.0,0.0,0.0,46967.0,14.0,24936.0,33491.0,14.0,24946.0
14.295790510994266,0.0,-1.401298464324817e-45,0.0,0.0,0.0,-1.401298464324817e-45,0.0,0.0,0.0,0.0,0.0,0.0,0.0,46968.0,14.0,24956.0,33492.0,14.0,24969.0
14.295854550990043,0.0,-1.401298464324817e-45,0.0,0.0,0.0,-1.401298464324817e-45,0.0,0.0,0.0,0.0,0.0,0.0,0.0,46969.0,14.0,24976.0,33493.0,14.0,24989.0
14.295910815999378,0.0,-1.401298464324817e-45,0.0,0.0,0.0,-1.401298464324817e-45,0.0,0.0,0.0,0.0,0.0,0.0,0.0,46970.0,14.0,24996.0,33494.0,14.0,25003.0
15.30891517699638,0.0,-1.401298464324817e-45,0.0,0.0,0.0,-1.401298464324817e-45,0.0,0.0,0.0,0.0,0.0,0.0,0.0,47010.0,14.0,25796.0,33499.0,14.0,25813.0
15.309435687988298,0.0,-1.401298464324817e-45,0.0,0.0,0.0,-1.401298464324817e-45,0.0,0.0,0.0,0.0,0.0,0.0,0.0,47012.0,14.0,25836.0,33500.0,14.0,25839.0
15.309540463989833,0.0,-1.401298464324817e-45,0.0,0.0,0.0,-1.401298464324817e-45,0.0,0.0,0.0,0.0,0.0,0.0,0.0,47012.0,14.0,25836.0,33501.0,14.0,25844.0
15.309616144993925,0.0,-1.401298464324817e-45,0.0,0.0,0.0,-1.401298464324817e-45,0.0,0.0,0.0,0.0,0.0,0.0,0.0,47014.0,14.0,25876.0,33502.0,14.0,25878.0
15.309700081998017,0.0,-1.401298464324817e-45,0.0,0.0,0.0,-1.401298464324817e-45,0.0,0.0,0.0,0.0,0.0,0.0,0.0,47014.0,14.0,25876.0,33503.0,14.0,25884.0
15.309771614993224,0.0,-1.401298464324817e-45,0.0,0.0,0.0,-1.401298464324817e-45,0.0,0.0,0.0,0.0,0.0,0.0,0.0,47015.0,14.0,25896.0,33504.0,14.0,25908.0
15.30984054399596,0.0,-1.401298464324817e-45,0.0,0.0,0.0,-1.401298464324817e-45,0.0,0.0,0.0,0.0,0.0,0.0,0.0,47016.0,14.0,25916.0,33505.0,14.0,25929.0
15.309908379989793,0.0,-1.401298464324817e-45,0.0,0.0,0.0,-1.401298464324817e-45,0.0,0.0,0.0,0.0,0.0,0.0,0.0,47017.0,14.0,25936.0,33506.0,14.0,25948.0
15.822283779998543,0.0,-1.401298464324817e-45,0.0,0.0,0.0,-1.401298464324817e-45,0.0,0.0,0.0,0.0,0.0,0.0,0.0,47060.0,14.0,26796.0,33515.0,14.0,26803.0
15.900473650995991,0.0,-1.401298464324817e-45,0.0,0.0,0.0,-1.401298464324817e-45,0.0,0.0,0.0,0.0,0.0,0.0,0.0,47062.0,14.0,26836.0,33516.0,14.0,26839.0
15.901084110999363,0.0,-1.401298464324817e-45,0.0,0.0,0.0,-1.401298464324817e-45,0.0,0.0,0.0,0.0,0.0,0.0,0.0,47062.0,14.0,26836.0,33517.0,14.0,26844.0
15.913125145001686,0.0,-1.401298464324817e-45,0.0,0.0,0.0,-1.401298464324817e-45,0.0,0.0,0.0,0.0,0.0,0.0,0.0,47064.0,14.0,26876.0,33518.0,14.0,26879.0
15.914499569989857,0.0,-1.401298464324817e-45,0.0,0.0,0.0,-1.401298464324817e-45,0.0,0.0,0.0,0.0,0.0,0.0,0.0,47064.0,14.0,26876.0,33519.0,14.0,26890.0
15.990195357997436,0.0,-1.401298464324817e-45,0.0,0.0,0.0,-1.401298464324817e-45,0.0,0.0,0.0,0.0,0.0,0.0,0.0,47065.0,14.0,26896.0,33520.0,14.0,26909.0
15.990709056990454,0.0,-1.401298464324817e-45,0.0,0.0,0.0,-1.401298464324817e-45,0.0,0.0,0.0,0.0,0.0,0.0,0.0,47066.0,14.0,26916.0,33521.0,14.0,26928.0
15.990802421001717,0.0,-1.401298464324817e-45,0.0,0.0,0.0,-1.401298464324817e-45,0.0,0.0,0.0,0.0,0.0,0.0,0.0,47067.0,14.0,26936.0,33522.0,14.0,26949.0
15.99182467898936,0.0,-1.401298464324817e-45,0.0,0.0,0.0,-1.401298464324817e-45,0.0,0.0,0.0,0.0,0.0,0.0,0.0,47068.0,14.0,26956.0,33523.0,14.0,26969.0
16.00872227898799,0.0,-1.401298464324817e-45,0.0,0.0,0.0,-1.401298464324817e-45,0.0,0.0,0.0,0.0,0.0,0.0,0.0,47069.0,14.0,26976.0,33524.0,14.0,26989.0
16.028557220997754,0.0,-1.401298464324817e-45,0.0,0.0,0.0,-1.401298464324817e-45,0.0,0.0,0.0,0.0,0.0,0.0,0.0,47070.0,14.0,26996.0,33525.0,14.0,27009.0
16.04994534299476,0.0,-1.401298464324817e-45,0.0,0.0,0.0,-1.401298464324817e-45,0.0,0.0,0.0,0.0,0.0,0.0,0.0,47071.0,14.0,27016.0,33526.0,14.0,27029.0
16.173212252993835,0.0,-1.401298464324817e-45,0.0,0.0,0.0,-1.401298464324817e-45,0.0,0.0,0.0,0.0,0.0,0.0,0.0,47072.0,14.0,27036.0,33527.0,14.0,27049.0
16.173738534998847,0.0,-1.401298464324817e-45,0.0,0.0,0.0,-1.401298464324817e-45,0.0,0.0,0.0,0.0,0.0,0.0,0.0,47074.0,14.0,27076.0,33528.0,14.0,27091.0
16.17381314499653,0.0,-1.401298464324817e-45,0.0,0.0,0.0,-1.401298464324817e-45,0.0,0.0,0.0,0.0,0.0,0.0,0.0,47075.0,14.0,27096.0,33529.0,14.0,27104.0
16.18401269199967,0.0,-1.401298464324817e-45,0.0,0.0,0.0,-1.401298464324817e-45,0.0,0.0,0.0,0.0,0.0,0.0,0.0,47078.0,14.0,27156.0,33530.0,14.0,27162.0
16.2152381749911,0.0,-1.401298464324817e-45,0.0,0.0,0.0,-1.401298464324817e-45,0.0,0.0,0.0,0.0,0.0,0.0,0.0,47079.0,14.0,27176.0,33531.0,14.0,27189.0
16.233712788991397,0.0,-1.401298464324817e-45,0.0,0.0,0.0,-1.401298464324817e-45,0.0,0.0,0.0,0.0,0.0,0.0,0.0,47080.0,14.0,27196.0,33532.0,14.0,27208.0
16.25355635699816,0.0,-1.401298464324817e-45,0.0,0.0,0.0,-1.401298464324817e-45,0.0,0.0,0.0,0.0,0.0,0.0,0.0,47081.0,14.0,27216.0,33533.0,14.0,27229.0
16.420476005994715,0.0,-1.401298464324817e-45,0.0,0.0,0.0,-1.401298464324817e-45,0.0,0.0,0.0,0.0,0.0,0.0,0.0,47082.0,14.0,27236.0,33534.0,14.0,27250.0
16.429333929991117,0.0,-1.401298464324817e-45,0.0,0.0,0.0,-1.401298464324817e-45,0.0,0.0,0.0,0.0,0.0,0.0,0.0,47083.0,14.0,27256.0,33535.0,14.0,27268.0
16.42987865699979,0.0,-1.401298464324817e-45,0.0,0.0,0.0,-1.401298464324817e-45,0.0,0.0,0.0,0.0,0.0,0.0,0.0,47084.0,14.0,27276.0,33536.0,14.0,27289.0
16.430113634996815,0.0,-1.401298464324817e-45,0.0,0.0,0.0,-1.401298464324817e-45,0.0,0.0,0.0,0.0,0.0,0.0,0.0,47085.0,14.0,27296.0,33537.0,14.0,27309.0
16.43017655199219,0.0,-1.401298464324817e-45,0.0,0.0,0.0,-1.401298464324817e-45,0.0,0.0,0.0,0.0,0.0,0.0,0.0,47086.0,14.0,27316.0,33538.0,14.0,27328.0
16.43023739599448,0.0,-1.401298464324817e-45,0.0,0.0,0.0,-1.401298464324817e-45,0.0,0.0,0.0,0.0,0.0,0.0,0.0,47087.0,14.0,27336.0,33539.0,14.0,27348.0
16.430298309991485,0.0,-1.401298464324817e-45,0.0,0.0,0.0,-1.401298464324817e-45,0.0,0.0,0.0,0.0,0.0,0.0,0.0,47088.0,14.0,27356.0,33540.0,14.0,27369.0
16.434923712993623,0.0,-1.401298464324817e-45,0.0,0.0,0.0,-1.401298464324817e-45,0.0,0.0,0.0,0.0,0.0,0.0,0.0,47089.0,14.0,27376.0,33541.0,14.0,27389.0
16.436933534991113,0.0,-1.401298464324817e-45,0.0,0.0,0.0,-1.401298464324817e-45,0.0,0.0,0.0,0.0,0.0,0.0,0.0,47090.0,14.0,27396.0,33542.0,14.0,27408.0
16.45973265999055,0.0,-1.401298464324817e-45,0.0,0.0,0.0,-1.401298464324817e-45,0.0,0.0,0.0,0.0,0.0,0.0,0.0,47091.0,14.0,27416.0,33543.0,14.0,27428.0
16.468624827000895,0.0,-1.401298464324817e-45,0.0,0.0,0.0,-1.401298464324817e-45,0.0,0.0,0.0,0.0,0.0,0.0,0.0,47092.0,14.0,27436.0,33544.0,14.0,27449.0
16.48963329999242,0.0,-1.401298464324817e-45,0.0,0.0,0.0,-1.401298464324817e-45,0.0,0.0,0.0,0.0,0.0,0.0,0.0,47093.0,14.0,27456.0,33545.0,14.0,27469.0
16.639795932002016,0.0,-1.401298464324817e-45,0.0,0.0,0.0,-1.401298464324817e-45,0.0,0.0,0.0,0.0,0.0,0.0,0.0,47094.0,14.0,27476.0,33546.0,14.0,27489.0
16.64034198099398,0.0,-1.401298464324817e-45,0.0,0.0,0.0,-1.401298464324817e-45,0.0,0.0,0.0,0.0,0.0,0.0,0.0,47095.0,14.0,27496.0,33547.0,14.0,27508.0
16.640631119997124,0.0,-1.401298464324817e-45,0.0,0.0,0.0,-1.401298464324817e-45,0.0,0.0,0.0,0.0,0.0,0.0,0.0,47096.0,14.0,27516.0,33548.0,14.0,27528.0
16.64069822599413,0.0,-1.401298464324817e-45,0.0,0.0,0.0,-1.401298464324817e-45,0.0,0.0,0.0,0.0,0.0,0.0,0.0,47097.0,14.0,27536.0,33549.0,14.0,27549.0
16.640759419999085,0.0,-1.401298464324817e-45,0.0,0.0,0.0,-1.401298464324817e-45,0.0,0.0,0.0,0.0,0.0,0.0,0.0,47098.0,14.0,27556.0,33550.0,14.0,27568.0
16.641801013989607,0.0,-1.401298464324817e-45,0.0,0.0,0.0,-1.401298464324817e-45,0.0,0.0,0.0,0.0,0.0,0.0,0.0,47099.0,14.0,27576.0,33551.0,14.0,27588.0
16.865767531999154,0.0,-1.401298464324817e-45,0.0,0.0,0.0,-1.401298464324817e-45,0.0,0.0,0.0,0.0,0.0,0.0,0.0,47101.0,14.0,27616.0,33553.0,14.0,27628.0
16.86643911599822,0.0,-1.401298464324817e-45,0.0,0.0,0.0,-1.401298464324817e-45,0.0,0.0,0.0,0.0,0.0,0.0,0.0,47102.0,14.0,27636.0,33554.0,14.0,27648.0
16.866774591995636,0.0,-1.401298464324817e-45,0.0,0.0,0.0,-1.401298464324817e-45,0.0,0.0,0.0,0.0,0.0,0.0,0.0,47103.0,14.0,27656.0,33555.0,14.0,27668.0
16.866972991992952,0.0,-1.401298464324817e-45,0.0,0.0,0.0,-1.401298464324817e-45,0.0,0.0,0.0,0.0,0.0,0.0,0.0,47104.0,14.0,27676.0,33556.0,14.0,27688.0
16.867067699000472,0.0,-1.401298464324817e-45,0.0,0.0,0.0,-1.401298464324817e-45,0.0,0.0,0.0,0.0,0.0,0.0,0.0,47105.0,14.0,27696.0,33557.0,14.0,27708.0
16.867133110994473,0.0,-1.401298464324817e-45,0.0,0.0,0.0,-1.401298464324817e-45,0.0,0.0,0.0,0.0,0.0,0.0,0.0,47106.0,14.0,27716.0,33558.0,14.0,27729.0
16.89167016999272,0.0,-1.401298464324817e-45,0.0,0.0,0.0,-1.401298464324817e-45,0.0,0.0,0.0,0.0,0.0,0.0,0.0,47110.0,14.0,27796.0,33562.0,14.0,27809.0
16.90388028099551,0.0,-1.401298464324817e-45,0.0,0.0,0.0,-1.401298464324817e-45,0.0,0.0,0.0,0.0,0.0,0.0,0.0,47111.0,14.0,27816.0,33563.0,14.0,27828.0
16.90815507998923,0.0,-1.401298464324817e-45,0.0,0.0,0.0,-1.401298464324817e-45,0.0,0.0,0.0,0.0,0.0,0.0,0.0,47112.0,14.0,27836.0,33564.0,14.0,27848.0
16.946530818997417,0.0,-1.401298464324817e-45,0.0,0.0,0.0,-1.401298464324817e-45,0.0,0.0,0.0,0.0,0.0,0.0,0.0,47113.0,14.0,27856.0,33565.0,14.0,27868.0
16.947081286998582,0.0,-1.401298464324817e-45,0.0,0.0,0.0,-1.401298464324817e-45,0.0,0.0,0.0,0.0,0.0,0.0,0.0,47114.0,14.0,27876.0,33566.0,14.0,27889.0
16.94716507299745,0.0,-1.401298464324817e-45,0.0,0.0,0.0,-1.401298464324817e-45,0.0,0.0,0.0,0.0,0.0,0.0,0.0,47115.0,14.0,27896.0,33567.0,14.0,27908.0
17.075370102989837,0.0,-1.401298464324817e-45,0.0,0.0,0.0,-1.401298464324817e-45,0.0,0.0,0.0,0.0,0.0,0.0,0.0,47116.0,14.0,27916.0,33568.0,14.0,27928.0
17.075633364991518,0.0,-1.401298464324817e-45,0.0,0.0,0.0,-1.401298464324817e-45,0.0,0.0,0.0,0.0,0.0,0.0,0.0,47117.0,14.0,27936.0,33569.0,14.0,27948.0
17.07571564799582,0.0,-1.401298464324817e-45,0.0,0.0,0.0,-1.401298464324817e-45,0.0,0.0,0.0,0.0,0.0,0.0,0.0,47118.0,14.0,27956.0,33570.0,14.0,27968.0
17.075786860994413,0.0,-1.401298464324817e-45,0.0,0.0,0.0,-1.401298464324817e-45,0.0,0.0,0.0,0.0,0.0,0.0,0.0,47119.0,14.0,27976.0,33571.0,14.0,27988.0
17.075856139999814,0.0,-1.401298464324817e-45,0.0,0.0,0.0,-1.401298464324817e-45,0.0,0.0,0.0,0.0,0.0,0.0,0.0,47120.0,14.0,27996.0,33572.0,14.0,28009.0
17.088221710990183,0.0,-1.401298464324817e-45,0.0,0.0,0.0,-1.401298464324817e-45,0.0,0.0,0.0,0.0,0.0,0.0,0.0,47121.0,14.0,28016.0,33573.0,14.0,28029.0
17.088789741988876,0.0,-1.401298464324817e-45,0.0,0.0,0.0,-1.401298464324817e-45,0.0,0.0,0.0,0.0,0.0,0.0,0.0,47122.0,14.0,28036.0,33574.0,14.0,28049.0
17.107064853000338,0.0,-1.401298464324817e-45,0.0,0.0,0.0,-1.401298464324817e-45,0.0,0.0,0.0,0.0,0.0,0.0,0.0,47123.0,14.0,28056.0,33575.0,14.0,28068.0
17.139826683996944,0.0,-1.401298464324817e-45,0.0,0.0,0.0,-1.401298464324817e-45,0.0,0.0,0.0,0.0,0.0,0.0,0.0,47124.0,14.0,28076.0,33576.0,14.0,28089.0
17.140174193002167,0.0,-1.401298464324817e-45,0.0,0.0,0.0,-1.401298464324817e-45,0.0,0.0,0.0,0.0,0.0,0.0,0.0,47125.0,14.0,28096.0,33577.0,14.0,28109.0
17.288855672988575,0.0,-1.401298464324817e-45,0.0,0.0,0.0,-1.401298464324817e-45,0.0,0.0,0.0,0.0,0.0,0.0,0.0,47127.0,14.0,28136.0,33578.0,14.0,28149.0
17.289361296992865,0.0,-1.401298464324817e-45,0.0,0.0,0.0,-1.401298464324817e-45,0.0,0.0,0.0,0.0,0.0,0.0,0.0,47129.0,14.0,28176.0,33579.0,14.0,28179.0
17.28949501599709,0.0,-1.401298464324817e-45,0.0,0.0,0.0,-1.401298464324817e-45,0.0,0.0,0.0,0.0,0.0,0.0,0.0,47129.0,14.0,28176.0,33580.0,14.0,28184.0
17.28959833898989,0.0,-1.401298464324817e-45,0.0,0.0,0.0,-1.401298464324817e-45,0.0,0.0,0.0,0.0,0.0,0.0,0.0,47131.0,14.0,28216.0,33581.0,14.0,28219.0
17.28969792499265,0.0,-1.401298464324817e-45,0.0,0.0,0.0,-1.401298464324817e-45,0.0,0.0,0.0,0.0,0.0,0.0,0.0,47131.0,14.0,28216.0,33582.0,14.0,28225.0
17.355555310990894,0.0,-1.401298464324817e-45,0.0,0.0,0.0,-1.401298464324817e-45,0.0,0.0,0.0,0.0,0.0,0.0,0.0,47133.0,14.0,28256.0,33584.0,14.0,28269.0
17.35572504698939,0.0,-1.401298464324817e-45,0.0,0.0,0.0,-1.401298464324817e-45,0.0,0.0,0.0,0.0,0.0,0.0,0.0,47134.0,14.0,28276.0,33585.0,14.0,28288.0
17.355796410993207,0.0,-1.401298464324817e-45,0.0,0.0,0.0,-1.401298464324817e-45,0.0,0.0,0.0,0.0,0.0,0.0,0.0,47135.0,14.0,28296.0,33586.0,14.0,28308.0
17.376947190001374,0.0,-1.401298464324817e-45,0.0,0.0,0.0,-1.401298464324817e-45,0.0,0.0,0.0,0.0,0.0,0.0,0.0,47136.0,14.0,28316.0,33587.0,14.0,28329.0
17.41246912299539,0.0,-1.401298464324817e-45,0.0,0.0,0.0,-1.401298464324817e-45,0.0,0.0,0.0,0.0,0.0,0.0,0.0,47137.0,14.0,28336.0,33588.0,14.0,28348.0
17.519578015999286,0.0,-1.401298464324817e-45,0.0,0.0,0.0,-1.401298464324817e-45,0.0,0.0,0.0,0.0,0.0,0.0,0.0,47138.0,14.0,28356.0,33589.0,14.0,28368.0
17.519693631998962,0.0,-1.401298464324817e-45,0.0,0.0,0.0,-1.401298464324817e-45,0.0,0.0,0.0,0.0,0.0,0.0,0.0,47139.0,14.0,28376.0,33590.0,14.0,28388.0
17.51978117499675,0.0,-1.401298464324817e-45,0.0,0.0,0.0,-1.401298464324817e-45,0.0,0.0,0.0,0.0,0.0,0.0,0.0,47140.0,14.0,28396.0,33591.0,14.0,28408.0
17.519846586990752,0.0,-1.401298464324817e-45,0.0,0.0,0.0,-1.401298464324817e-45,0.0,0.0,0.0,0.0,0.0,0.0,0.0,47141.0,14.0,28416.0,33592.0,14.0,28428.0
17.51991368200106,0.0,-1.401298464324817e-45,0.0,0.0,0.0,-1.401298464324817e-45,0.0,0.0,0.0,0.0,0.0,0.0,0.0,47142.0,14.0,28436.0,33593.0,14.0,28448.0
17.528519334999146,0.0,-1.401298464324817e-45,0.0,0.0,0.0,-1.401298464324817e-45,0.0,0.0,0.0,0.0,0.0,0.0,0.0,47143.0,14.0,28456.0,33594.0,14.0,28469.0
17.52877260799869,0.0,-1.401298464324817e-45,0.0,0.0,0.0,-1.401298464324817e-45,0.0,0.0,0.0,0.0,0.0,0.0,0.0,47144.0,14.0,28476.0,33595.0,14.0,28488.0
17.52900195599068,0.0,-1.401298464324817e-45,0.0,0.0,0.0,-1.401298464324817e-45,0.0,0.0,0.0,0.0,0.0,0.0,0.0,47145.0,14.0,28496.0,33596.0,14.0,28508.0
17.55836074599938,0.0,-1.401298464324817e-45,0.0,0.0,0.0,-1.401298464324817e-45,0.0,0.0,0.0,0.0,0.0,0.0,0.0,47146.0,14.0,28516.0,33597.0,14.0,28528.0
17.590224890998797,0.0,-1.401298464324817e-45,0.0,0.0,0.0,-1.401298464324817e-45,0.0,0.0,0.0,0.0,0.0,0.0,0.0,47147.0,14.0,28536.0,33598.0,14.0,28549.0
17.591687041000114,0.0,-1.401298464324817e-45,0.0,0.0,0.0,-1.401298464324817e-45,0.0,0.0,0.0,0.0,0.0,0.0,0.0,47148.0,14.0,28556.0,33599.0,14.0,28568.0
17.723704477000865,0.0,-1.401298464324817e-45,0.0,0.0,0.0,-1.401298464324817e-45,0.0,0.0,0.0,0.0,0.0,0.0,0.0,47149.0,14.0,28576.0,33600.0,14.0,28589.0
17.723858193989145,0.0,-1.401298464324817e-45,0.0,0.0,0.0,-1.401298464324817e-45,0.0,0.0,0.0,0.0,0.0,0.0,0.0,47150.0,14.0,28596.0,33601.0,14.0,28609.0
17.723927272993024,0.0,-1.401298464324817e-45,0.0,0.0,0.0,-1.401298464324817e-45,0.0,0.0,0.0,0.0,0.0,0.0,0.0,47151.0,14.0,28616.0,33602.0,14.0,28629.0
17.723986863988102,0.0,-1.401298464324817e-45,0.0,0.0,0.0,-1.401298464324817e-45,0.0,0.0,0.0,0.0,0.0,0.0,0.0,47152.0,14.0,28636.0,33603.0,14.0,28649.0
17.72404839898809,0.0,-1.401298464324817e-45,0.0,0.0,0.0,-1.401298464324817e-45,0.0,0.0,0.0,0.0,0.0,0.0,0.0,47154.0,14.0,28676.0,33604.0,14.0,28679.0
17.724108149996027,0.0,-1.401298464324817e-45,0.0,0.0,0.0,-1.401298464324817e-45,0.0,0.0,0.0,0.0,0.0,0.0,0.0,47154.0,14.0,28676.0,33605.0,14.0,28686.0
17.727736592991278,0.0,-1.401298464324817e-45,0.0,0.0,0.0,-1.401298464324817e-45,0.0,0.0,0.0,0.0,0.0,0.0,0.0,47155.0,14.0,28696.0,33606.0,14.0,28709.0
17.749294191002264,0.0,-1.401298464324817e-45,0.0,0.0,0.0,-1.401298464324817e-45,0.0,0.0,0.0,0.0,0.0,0.0,0.0,47156.0,14.0,28716.0,33607.0,14.0,28728.0
17.769543616988813,0.0,-1.401298464324817e-45,0.0,0.0,0.0,-1.401298464324817e-45,0.0,0.0,0.0,0.0,0.0,0.0,0.0,47157.0,14.0,28736.0,33608.0,14.0,28750.0
17.781863051990513,0.0,-1.401298464324817e-45,0.0,0.0,0.0,-1.401298464324817e-45,0.0,0.0,0.0,0.0,0.0,0.0,0.0,47158.0,14.0,28756.0,33609.0,14.0,28763.0
17.818026362001547,0.0,-1.401298464324817e-45,0.0,0.0,0.0,-1.401298464324817e-45,0.0,0.0,0.0,0.0,0.0,0.0,0.0,47160.0,14.0,28796.0,33610.0,14.0,28799.0
17.824892577991704,0.0,-1.401298464324817e-45,0.0,0.0,0.0,-1.401298464324817e-45,0.0,0.0,0.0,0.0,0.0,0.0,0.0,47160.0,14.0,28796.0,33611.0,14.0,28806.0
17.937110758997733,0.0,-1.401298464324817e-45,0.0,0.0,0.0,-1.401298464324817e-45,0.0,0.0,0.0,0.0,0.0,0.0,0.0,47161.0,14.0,28816.0,33612.0,14.0,28829.0
17.937335397989955,0.0,-1.401298464324817e-45,0.0,0.0,0.0,-1.401298464324817e-45,0.0,0.0,0.0,0.0,0.0,0.0,0.0,47162.0,14.0,28836.0,33613.0,14.0,28849.0
17.937440604990115,0.0,-1.401298464324817e-45,0.0,0.0,0.0,-1.401298464324817e-45,0.0,0.0,0.0,0.0,0.0,0.0,0.0,47163.0,14.0,28856.0,33614.0,14.0,28861.0
17.937510203992133,0.0,-1.401298464324817e-45,0.0,0.0,0.0,-1.401298464324817e-45,0.0,0.0,0.0,0.0,0.0,0.0,0.0,47164.0,14.0,28876.0,33615.0,14.0,28889.0
17.937574083989603,0.0,-1.401298464324817e-45,0.0,0.0,0.0,-1.401298464324817e-45,0.0,0.0,0.0,0.0,0.0,0.0,0.0,47165.0,14.0,28896.0,33616.0,14.0,28909.0
17.9477944909886,0.0,-1.401298464324817e-45,0.0,0.0,0.0,-1.401298464324817e-45,0.0,0.0,0.0,0.0,0.0,0.0,0.0,47166.0,14.0,28916.0,33617.0,14.0,28929.0
17.967962344991975,0.0,-1.401298464324817e-45,0.0,0.0,0.0,-1.401298464324817e-45,0.0,0.0,0.0,0.0,0.0,0.0,0.0,47167.0,14.0,28936.0,33618.0,14.0,28949.0
17.98156648800068,0.0,-1.401298464324817e-45,0.0,0.0,0.0,-1.401298464324817e-45,0.0,0.0,0.0,0.0,0.0,0.0,0.0,47168.0,14.0,28956.0,33619.0,14.0,28963.0
18.018230673988,0.0,-1.401298464324817e-45,0.0,0.0,0.0,-1.401298464324817e-45,0.0,0.0,0.0,0.0,0.0,0.0,0.0,47170.0,14.0,28996.0,33620.0,14.0,28999.0
18.02481249999255,0.0,-1.401298464324817e-45,0.0,0.0,0.0,-1.401298464324817e-45,0.0,0.0,0.0,0.0,0.0,0.0,0.0,47170.0,14.0,28996.0,33621.0,14.0,29006.0
18.047845000997768,0.0,-1.401298464324817e-45,0.0,0.0,0.0,-1.401298464324817e-45,0.0,0.0,0.0,0.0,0.0,0.0,0.0,47171.0,14.0,29016.0,33622.0,14.0,29029.0
18.16294416099845,0.0,-1.401298464324817e-45,0.0,0.0,0.0,-1.401298464324817e-45,0.0,0.0,0.0,0.0,0.0,0.0,0.0,47172.0,14.0,29036.0,33623.0,14.0,29049.0
18.16334207399632,0.0,-1.401298464324817e-45,0.0,0.0,0.0,-1.401298464324817e-45,0.0,0.0,0.0,0.0,0.0,0.0,0.0,47173.0,14.0,29056.0,33624.0,14.0,29061.0
18.163853688995005,0.0,-1.401298464324817e-45,0.0,0.0,0.0,-1.401298464324817e-45,0.0,0.0,0.0,0.0,0.0,0.0,0.0,47174.0,14.0,29076.0,33625.0,14.0,29089.0
18.164261138997972,0.0,-1.401298464324817e-45,0.0,0.0,0.0,-1.401298464324817e-45,0.0,0.0,0.0,0.0,0.0,0.0,0.0,47175.0,14.0,29096.0,33626.0,14.0,29109.0
18.236352002000785,0.0,-1.401298464324817e-45,0.0,0.0,0.0,-1.401298464324817e-45,0.0,0.0,0.0,0.0,0.0,0.0,0.0,47177.0,14.0,29136.0,33627.0,14.0,29153.0
18.23649199299689,0.0,-1.401298464324817e-45,0.0,0.0,0.0,-1.401298464324817e-45,0.0,0.0,0.0,0.0,0.0,0.0,0.0,47179.0,14.0,29176.0,33628.0,14.0,29179.0
18.23656477899931,0.0,-1.401298464324817e-45,0.0,0.0,0.0,-1.401298464324817e-45,0.0,0.0,0.0,0.0,0.0,0.0,0.0,47179.0,14.0,29176.0,33629.0,14.0,29191.0
18.236624088996905,0.0,-1.401298464324817e-45,0.0,0.0,0.0,-1.401298464324817e-45,0.0,0.0,0.0,0.0,0.0,0.0,0.0,47180.0,14.0,29196.0,33630.0,14.0,29209.0
18.27933671500068,0.0,-1.401298464324817e-45,0.0,0.0,0.0,-1.401298464324817e-45,0.0,0.0,0.0,0.0,0.0,0.0,0.0,47181.0,14.0,29216.0,33631.0,14.0,29229.0
18.279686627996853,0.0,-1.401298464324817e-45,0.0,0.0,0.0,-1.401298464324817e-45,0.0,0.0,0.0,0.0,0.0,0.0,0.0,47182.0,14.0,29236.0,33632.0,14.0,29250.0
18.39398535399232,0.0,-1.401298464324817e-45,0.0,0.0,0.0,-1.401298464324817e-45,0.0,0.0,0.0,0.0,0.0,0.0,0.0,47183.0,14.0,29256.0,33633.0,14.0,29268.0
18.394147817001794,0.0,-1.401298464324817e-45,0.0,0.0,0.0,-1.401298464324817e-45,0.0,0.0,0.0,0.0,0.0,0.0,0.0,47185.0,14.0,29296.0,33634.0,14.0,29299.0
18.39421880998998,0.0,-1.401298464324817e-45,0.0,0.0,0.0,-1.401298464324817e-45,0.0,0.0,0.0,0.0,0.0,0.0,0.0,47185.0,14.0,29296.0,33635.0,14.0,29305.0
18.445517791988095,0.0,-1.401298464324817e-45,0.0,0.0,0.0,-1.401298464324817e-45,0.0,0.0,0.0,0.0,0.0,0.0,0.0,47186.0,14.0,29316.0,33636.0,14.0,29328.0
18.445909703994403,0.0,-1.401298464324817e-45,0.0,0.0,0.0,-1.401298464324817e-45,0.0,0.0,0.0,0.0,0.0,0.0,0.0,47187.0,14.0,29336.0,33637.0,14.0,29350.0
18.44617253499746,0.0,-1.401298464324817e-45,0.0,0.0,0.0,-1.401298464324817e-45,0.0,0.0,0.0,0.0,0.0,0.0,0.0,47188.0,14.0,29356.0,33638.0,14.0,29368.0
18.456617400996038,0.0,-1.401298464324817e-45,0.0,0.0,0.0,-1.401298464324817e-45,0.0,0.0,0.0,0.0,0.0,0.0,0.0,47189.0,14.0,29376.0,33639.0,14.0,29388.0
18.457000444992445,0.0,-1.401298464324817e-45,0.0,0.0,0.0,-1.401298464324817e-45,0.0,0.0,0.0,0.0,0.0,0.0,0.0,47191.0,14.0,29416.0,33641.0,14.0,29428.0
18.487324757996248,0.0,-1.401298464324817e-45,0.0,0.0,0.0,-1.401298464324817e-45,0.0,0.0,0.0,0.0,0.0,0.0,0.0,47192.0,14.0,29436.0,33642.0,14.0,29450.0
18.603675974998623,0.0,-1.401298464324817e-45,0.0,0.0,0.0,-1.401298464324817e-45,0.0,0.0,0.0,0.0,0.0,0.0,0.0,47193.0,14.0,29456.0,33643.0,14.0,29468.0
18.603798212992842,0.0,-1.401298464324817e-45,0.0,0.0,0.0,-1.401298464324817e-45,0.0,0.0,0.0,0.0,0.0,0.0,0.0,47194.0,14.0,29476.0,33644.0,14.0,29489.0
18.60387429498951,0.0,-1.401298464324817e-45,0.0,0.0,0.0,-1.401298464324817e-45,0.0,0.0,0.0,0.0,0.0,0.0,0.0,47195.0,14.0,29496.0,33645.0,14.0,29508.0
18.603950386997894,0.0,-1.401298464324817e-45,0.0,0.0,0.0,-1.401298464324817e-45,0.0,0.0,0.0,0.0,0.0,0.0,0.0,47196.0,14.0,29516.0,33646.0,14.0,29528.0
18.604007122994517,0.0,-1.401298464324817e-45,0.0,0.0,0.0,-1.401298464324817e-45,0.0,0.0,0.0,0.0,0.0,0.0,0.0,47197.0,14.0,29536.0,33647.0,14.0,29549.0
18.60406514100032,0.0,-1.401298464324817e-45,0.0,0.0,0.0,-1.401298464324817e-45,0.0,0.0,0.0,0.0,0.0,0.0,0.0,47198.0,14.0,29556.0,33648.0,14.0,29569.0
18.625326245994074,0.0,-1.401298464324817e-45,0.0,0.0,0.0,-1.401298464324817e-45,0.0,0.0,0.0,0.0,0.0,0.0,0.0,47200.0,14.0,29596.0,33649.0,14.0,29599.0
18.625433465989772,0.0,-1.401298464324817e-45,0.0,0.0,0.0,-1.401298464324817e-45,0.0,0.0,0.0,0.0,0.0,0.0,0.0,47200.0,14.0,29596.0,33650.0,14.0,29605.0
18.662186688001384,0.0,-1.401298464324817e-45,0.0,0.0,0.0,-1.401298464324817e-45,0.0,0.0,0.0,0.0,0.0,0.0,0.0,47201.0,14.0,29616.0,33651.0,14.0,29628.0
18.68143936499837,0.0,-1.401298464324817e-45,0.0,0.0,0.0,-1.401298464324817e-45,0.0,0.0,0.0,0.0,0.0,0.0,0.0,47202.0,14.0,29636.0,33652.0,14.0,29649.0
18.691774174993043,0.0,-1.401298464324817e-45,0.0,0.0,0.0,-1.401298464324817e-45,0.0,0.0,0.0,0.0,0.0,0.0,0.0,47203.0,14.0,29656.0,33653.0,14.0,29668.0
18.837355020994437,0.0,-1.401298464324817e-45,0.0,0.0,0.0,-1.401298464324817e-45,0.0,0.0,0.0,0.0,0.0,0.0,0.0,47204.0,14.0,29676.0,33654.0,14.0,29689.0
18.837807795993285,0.0,-1.401298464324817e-45,0.0,0.0,0.0,-1.401298464324817e-45,0.0,0.0,0.0,0.0,0.0,0.0,0.0,47205.0,14.0,29696.0,33655.0,14.0,29708.0
18.83806806198845,0.0,-1.401298464324817e-45,0.0,0.0,0.0,-1.401298464324817e-45,0.0,0.0,0.0,0.0,0.0,0.0,0.0,47206.0,14.0,29716.0,33656.0,14.0,29728.0
18.838241284989635,0.0,-1.401298464324817e-45,0.0,0.0,0.0,-1.401298464324817e-45,0.0,0.0,0.0,0.0,0.0,0.0,0.0,47207.0,14.0,29736.0,33657.0,14.0,29750.0
18.83829815099307,0.0,-1.401298464324817e-45,0.0,0.0,0.0,-1.401298464324817e-45,0.0,0.0,0.0,0.0,0.0,0.0,0.0,47208.0,14.0,29756.0,33658.0,14.0,29769.0
18.84991406300105,0.0,-1.401298464324817e-45,0.0,0.0,0.0,-1.401298464324817e-45,0.0,0.0,0.0,0.0,0.0,0.0,0.0,47209.0,14.0,29776.0,33659.0,14.0,29789.0
18.866837441993994,0.0,-1.401298464324817e-45,0.0,0.0,0.0,-1.401298464324817e-45,0.0,0.0,0.0,0.0,0.0,0.0,0.0,47210.0,14.0,29796.0,33660.0,14.0,29808.0
18.86721172099351,0.0,-1.401298464324817e-45,0.0,0.0,0.0,-1.401298464324817e-45,0.0,0.0,0.0,0.0,0.0,0.0,0.0,47211.0,14.0,29816.0,33661.0,14.0,29829.0
18.885773586996947,0.0,-1.401298464324817e-45,0.0,0.0,0.0,-1.401298464324817e-45,0.0,0.0,0.0,0.0,0.0,0.0,0.0,47212.0,14.0,29836.0,33662.0,14.0,29848.0
18.918598276999546,0.0,-1.401298464324817e-45,0.0,0.0,0.0,-1.401298464324817e-45,0.0,0.0,0.0,0.0,0.0,0.0,0.0,47213.0,14.0,29856.0,33663.0,14.0,29869.0
18.918708782992326,0.0,-1.401298464324817e-45,0.0,0.0,0.0,-1.401298464324817e-45,0.0,0.0,0.0,0.0,0.0,0.0,0.0,47214.0,14.0,29876.0,33664.0,14.0,29888.0
18.927615779000917,0.0,-1.401298464324817e-45,0.0,0.0,0.0,-1.401298464324817e-45,0.0,0.0,0.0,0.0,0.0,0.0,0.0,47215.0,14.0,29896.0,33665.0,14.0,29909.0
18.96229856699938,0.0,-1.401298464324817e-45,0.0,0.0,0.0,-1.401298464324817e-45,0.0,0.0,0.0,0.0,0.0,0.0,0.0,47216.0,14.0,29916.0,33666.0,14.0,29929.0
19.08742050699948,0.0,-1.401298464324817e-45,0.0,0.0,0.0,-1.401298464324817e-45,0.0,0.0,0.0,0.0,0.0,0.0,0.0,47217.0,14.0,29936.0,33667.0,14.0,29949.0
19.087532095989445,0.0,-1.401298464324817e-45,0.0,0.0,0.0,-1.401298464324817e-45,0.0,0.0,0.0,0.0,0.0,0.0,0.0,47218.0,14.0,29956.0,33668.0,14.0,29969.0
19.087602626997977,0.0,-1.401298464324817e-45,0.0,0.0,0.0,-1.401298464324817e-45,0.0,0.0,0.0,0.0,0.0,0.0,0.0,47220.0,14.0,29996.0,33669.0,14.0,29999.0
19.09514581700205,0.0,-1.401298464324817e-45,0.0,0.0,0.0,-1.401298464324817e-45,0.0,0.0,0.0,0.0,0.0,0.0,0.0,47220.0,14.0,29996.0,33670.0,14.0,30005.0
19.095241735994932,0.0,-1.401298464324817e-45,0.0,0.0,0.0,-1.401298464324817e-45,0.0,0.0,0.0,0.0,0.0,0.0,0.0,47221.0,14.0,30016.0,33671.0,14.0,30029.0
19.13740385499841,0.0,-1.401298464324817e-45,0.0,0.0,0.0,-1.401298464324817e-45,0.0,0.0,0.0,0.0,0.0,0.0,0.0,47222.0,14.0,30036.0,33672.0,14.0,30049.0
19.13753012099187,0.0,-1.401298464324817e-45,0.0,0.0,0.0,-1.401298464324817e-45,0.0,0.0,0.0,0.0,0.0,0.0,0.0,47223.0,14.0,30056.0,33673.0,14.0,30068.0
19.13760115399782,0.0,-1.401298464324817e-45,0.0,0.0,0.0,-1.401298464324817e-45,0.0,0.0,0.0,0.0,0.0,0.0,0.0,47224.0,14.0,30076.0,33674.0,14.0,30088.0
19.137664651992964,0.0,-1.401298464324817e-45,0.0,0.0,0.0,-1.401298464324817e-45,0.0,0.0,0.0,0.0,0.0,0.0,0.0,47225.0,14.0,30096.0,33675.0,14.0,30109.0
19.773445549988537,0.0,-1.401298464324817e-45,0.0,0.0,0.0,-1.401298464324817e-45,0.0,0.0,0.0,0.0,0.0,0.0,0.0,47255.0,14.0,30696.0,33676.0,14.0,30709.0
19.773742384000798,0.0,-1.401298464324817e-45,0.0,0.0,0.0,-1.401298464324817e-45,0.0,0.0,0.0,0.0,0.0,0.0,0.0,47256.0,14.0,30716.0,33677.0,14.0,30728.0
19.803320163991884,0.0,-1.401298464324817e-45,0.0,0.0,0.0,-1.401298464324817e-45,0.0,0.0,0.0,0.0,0.0,0.0,0.0,47257.0,14.0,30736.0,33678.0,14.0,30750.0
19.925149156988482,0.0,-1.401298464324817e-45,0.0,0.0,0.0,-1.401298464324817e-45,0.0,0.0,0.0,0.0,0.0,0.0,0.0,47259.0,14.0,30776.0,33679.0,14.0,30780.0
19.925281994990655,0.0,-1.401298464324817e-45,0.0,0.0,0.0,-1.401298464324817e-45,0.0,0.0,0.0,0.0,0.0,0.0,0.0,47259.0,14.0,30776.0,33680.0,14.0,30786.0
19.92535220598802,0.0,-1.401298464324817e-45,0.0,0.0,0.0,-1.401298464324817e-45,0.0,0.0,0.0,0.0,0.0,0.0,0.0,47260.0,14.0,30796.0,33681.0,14.0,30808.0
19.925423278997187,0.0,-1.401298464324817e-45,0.0,0.0,0.0,-1.401298464324817e-45,0.0,0.0,0.0,0.0,0.0,0.0,0.0,47261.0,14.0,30816.0,33682.0,14.0,30829.0
19.925489351997385,0.0,-1.401298464324817e-45,0.0,0.0,0.0,-1.401298464324817e-45,0.0,0.0,0.0,0.0,0.0,0.0,0.0,47262.0,14.0,30836.0,33683.0,14.0,30849.0
19.925553312001284,0.0,-1.401298464324817e-45,0.0,0.0,0.0,-1.401298464324817e-45,0.0,0.0,0.0,0.0,0.0,0.0,0.0,47263.0,14.0,30856.0,33684.0,14.0,30863.0
19.925614266001503,0.0,-1.401298464324817e-45,0.0,0.0,0.0,-1.401298464324817e-45,0.0,0.0,0.0,0.0,0.0,0.0,0.0,47265.0,14.0,30896.0,33685.0,14.0,30899.0
19.927873772991006,0.0,-1.401298464324817e-45,0.0,0.0,0.0,-1.401298464324817e-45,0.0,0.0,0.0,0.0,0.0,0.0,0.0,47265.0,14.0,30896.0,33686.0,14.0,30906.0
19.949041694999323,0.0,-1.401298464324817e-45,0.0,0.0,0.0,-1.401298464324817e-45,0.0,0.0,0.0,0.0,0.0,0.0,0.0,47266.0,14.0,30916.0,33687.0,14.0,30929.0
19.967845143997693,0.0,-1.401298464324817e-45,0.0,0.0,0.0,-1.401298464324817e-45,0.0,0.0,0.0,0.0,0.0,0.0,0.0,47267.0,14.0,30936.0,33688.0,14.0,30949.0
19.98189199400076,0.0,-1.401298464324817e-45,0.0,0.0,0.0,-1.401298464324817e-45,0.0,0.0,0.0,0.0,0.0,0.0,0.0,47268.0,14.0,30956.0,33689.0,14.0,30963.0
20.018918196990853,0.0,-1.401298464324817e-45,0.0,0.0,0.0,-1.401298464324817e-45,0.0,0.0,0.0,0.0,0.0,0.0,0.0,47270.0,14.0,30996.0,33690.0,14.0,30999.0
20.028542731990456,0.0,-1.401298464324817e-45,0.0,0.0,0.0,-1.401298464324817e-45,0.0,0.0,0.0,0.0,0.0,0.0,0.0,47270.0,14.0,30996.0,33691.0,14.0,31006.0
20.071051359002013,0.0,-1.401298464324817e-45,0.0,0.0,0.0,-1.401298464324817e-45,0.0,0.0,0.0,0.0,0.0,0.0,0.0,47271.0,14.0,31016.0,33692.0,14.0,31029.0
20.071132079989184,0.0,-1.401298464324817e-45,0.0,0.0,0.0,-1.401298464324817e-45,0.0,0.0,0.0,0.0,0.0,0.0,0.0,47272.0,14.0,31036.0,33693.0,14.0,31049.0
20.143495052994695,0.0,-1.401298464324817e-45,0.0,0.0,0.0,-1.401298464324817e-45,0.0,0.0,0.0,0.0,0.0,0.0,0.0,47273.0,14.0,31056.0,33694.0,14.0,31063.0
20.143603464995977,0.0,-1.401298464324817e-45,0.0,0.0,0.0,-1.401298464324817e-45,0.0,0.0,0.0,0.0,0.0,0.0,0.0,47275.0,14.0,31096.0,33695.0,14.0,31099.0
20.1436779939977,0.0,-1.401298464324817e-45,0.0,0.0,0.0,-1.401298464324817e-45,0.0,0.0,0.0,0.0,0.0,0.0,0.0,47275.0,14.0,31096.0,33696.0,14.0,31106.0
20.153090282998164,0.0,-1.401298464324817e-45,0.0,0.0,0.0,-1.401298464324817e-45,0.0,0.0,0.0,0.0,0.0,0.0,0.0,47276.0,14.0,31116.0,33697.0,14.0,31134.0
20.160351165992324,0.0,-1.401298464324817e-45,0.0,0.0,0.0,-1.401298464324817e-45,0.0,0.0,0.0,0.0,0.0,0.0,0.0,47277.0,14.0,31136.0,33698.0,14.0,31142.0
20.190052115998697,0.0,-1.401298464324817e-45,0.0,0.0,0.0,-1.401298464324817e-45,0.0,0.0,0.0,0.0,0.0,0.0,0.0,47278.0,14.0,31156.0,33699.0,14.0,31169.0
20.20896503899712,0.0,-1.401298464324817e-45,0.0,0.0,0.0,-1.401298464324817e-45,0.0,0.0,0.0,0.0,0.0,0.0,0.0,47279.0,14.0,31176.0,33700.0,14.0,31190.0
20.22761589298898,0.0,-1.401298464324817e-45,0.0,0.0,0.0,-1.401298464324817e-45,0.0,0.0,0.0,0.0,0.0,0.0,0.0,47280.0,14.0,31196.0,33701.0,14.0,31209.0
20.24754179699812,0.0,-1.401298464324817e-45,0.0,0.0,0.0,-1.401298464324817e-45,0.0,0.0,0.0,0.0,0.0,0.0,0.0,47281.0,14.0,31216.0,33702.0,14.0,31229.0
20.29875608299335,0.0,-1.401298464324817e-45,0.0,0.0,0.0,-1.401298464324817e-45,0.0,0.0,0.0,0.0,0.0,0.0,0.0,47282.0,14.0,31236.0,33703.0,14.0,31250.0
20.299138286995003,0.0,-1.401298464324817e-45,0.0,0.0,0.0,-1.401298464324817e-45,0.0,0.0,0.0,0.0,0.0,0.0,0.0,47283.0,14.0,31256.0,33704.0,14.0,31263.0
20.37059618999774,0.0,-1.401298464324817e-45,0.0,0.0,0.0,-1.401298464324817e-45,0.0,0.0,0.0,0.0,0.0,0.0,0.0,47285.0,14.0,31296.0,33705.0,14.0,31299.0
20.370738295998308,0.0,-1.401298464324817e-45,0.0,0.0,0.0,-1.401298464324817e-45,0.0,0.0,0.0,0.0,0.0,0.0,0.0,47285.0,14.0,31296.0,33706.0,14.0,31306.0
20.3708095089969,0.0,-1.401298464324817e-45,0.0,0.0,0.0,-1.401298464324817e-45,0.0,0.0,0.0,0.0,0.0,0.0,0.0,47286.0,14.0,31316.0,33707.0,14.0,31329.0
20.375287466988084,0.0,-1.401298464324817e-45,0.0,0.0,0.0,-1.401298464324817e-45,0.0,0.0,0.0,0.0,0.0,0.0,0.0,47287.0,14.0,31336.0,33708.0,14.0,31349.0
20.41949781999574,0.0,-1.401298464324817e-45,0.0,0.0,0.0,-1.401298464324817e-45,0.0,0.0,0.0,0.0,0.0,0.0,0.0,47288.0,14.0,31356.0,33709.0,14.0,31369.0
20.430567322997376,0.0,-1.401298464324817e-45,0.0,0.0,0.0,-1.401298464324817e-45,0.0,0.0,0.0,0.0,0.0,0.0,0.0,47289.0,14.0,31376.0,33710.0,14.0,31389.0
20.437561838989495,0.0,-1.401298464324817e-45,0.0,0.0,0.0,-1.401298464324817e-45,0.0,0.0,0.0,0.0,0.0,0.0,0.0,47290.0,14.0,31396.0,33711.0,14.0,31409.0
20.460694658991997,0.0,-1.401298464324817e-45,0.0,0.0,0.0,-1.401298464324817e-45,0.0,0.0,0.0,0.0,0.0,0.0,0.0,47291.0,14.0,31416.0,33712.0,14.0,31429.0
20.595103956991807,0.0,-1.401298464324817e-45,0.0,0.0,0.0,-1.401298464324817e-45,0.0,0.0,0.0,0.0,0.0,0.0,0.0,47292.0,14.0,31436.0,33713.0,14.0,31449.0
20.59523034299491,0.0,-1.401298464324817e-45,0.0,0.0,0.0,-1.401298464324817e-45,0.0,0.0,0.0,0.0,0.0,0.0,0.0,47293.0,14.0,31456.0,33714.0,14.0,31468.0
20.59530816899496,0.0,-1.401298464324817e-45,0.0,0.0,0.0,-1.401298464324817e-45,0.0,0.0,0.0,0.0,0.0,0.0,0.0,47294.0,14.0,31476.0,33715.0,14.0,31489.0
20.59537609499239,0.0,-1.401298464324817e-45,0.0,0.0,0.0,-1.401298464324817e-45,0.0,0.0,0.0,0.0,0.0,0.0,0.0,47295.0,14.0,31496.0,33716.0,14.0,31509.0
20.595441587996902,0.0,-1.401298464324817e-45,0.0,0.0,0.0,-1.401298464324817e-45,0.0,0.0,0.0,0.0,0.0,0.0,0.0,47296.0,14.0,31516.0,33717.0,14.0,31529.0
20.595503182994435,0.0,-1.401298464324817e-45,0.0,0.0,0.0,-1.401298464324817e-45,0.0,0.0,0.0,0.0,0.0,0.0,0.0,47297.0,14.0,31536.0,33718.0,14.0,31548.0
20.597475704998942,0.0,-1.401298464324817e-45,0.0,0.0,0.0,-1.401298464324817e-45,0.0,0.0,0.0,0.0,0.0,0.0,0.0,47298.0,14.0,31556.0,33719.0,14.0,31568.0
20.607459038990783,0.0,-1.401298464324817e-45,0.0,0.0,0.0,-1.401298464324817e-45,0.0,0.0,0.0,0.0,0.0,0.0,0.0,47299.0,14.0,31576.0,33720.0,14.0,31589.0
20.62812591600232,0.0,-1.401298464324817e-45,0.0,0.0,0.0,-1.401298464324817e-45,0.0,0.0,0.0,0.0,0.0,0.0,0.0,47300.0,14.0,31596.0,33721.0,14.0,31609.0
20.64733435100061,0.0,-1.401298464324817e-45,0.0,0.0,0.0,-1.401298464324817e-45,0.0,0.0,0.0,0.0,0.0,0.0,0.0,47301.0,14.0,31616.0,33722.0,14.0,31629.0
20.66747925299569,0.0,-1.401298464324817e-45,0.0,0.0,0.0,-1.401298464324817e-45,0.0,0.0,0.0,0.0,0.0,0.0,0.0,47302.0,14.0,31636.0,33723.0,14.0,31649.0
20.84094229999755,0.0,-1.401298464324817e-45,0.0,0.0,0.0,-1.401298464324817e-45,0.0,0.0,0.0,0.0,0.0,0.0,0.0,47304.0,14.0,31676.0,33724.0,14.0,31679.0
20.841458743991097,0.0,-1.401298464324817e-45,0.0,0.0,0.0,-1.401298464324817e-45,0.0,0.0,0.0,0.0,0.0,0.0,0.0,47304.0,14.0,31676.0,33725.0,14.0,31684.0
20.841701316996478,0.0,-1.401298464324817e-45,0.0,0.0,0.0,-1.401298464324817e-45,0.0,0.0,0.0,0.0,0.0,0.0,0.0,47306.0,14.0,31716.0,33726.0,14.0,31719.0
20.84178166699712,0.0,-1.401298464324817e-45,0.0,0.0,0.0,-1.401298464324817e-45,0.0,0.0,0.0,0.0,0.0,0.0,0.0,47306.0,14.0,31716.0,33727.0,14.0,31725.0
20.84183799198945,0.0,-1.401298464324817e-45,0.0,0.0,0.0,-1.401298464324817e-45,0.0,0.0,0.0,0.0,0.0,0.0,0.0,47308.0,14.0,31756.0,33728.0,14.0,31759.0
20.84189424700162,0.0,-1.401298464324817e-45,0.0,0.0,0.0,-1.401298464324817e-45,0.0,0.0,0.0,0.0,0.0,0.0,0.0,47308.0,14.0,31756.0,33729.0,14.0,31768.0
20.852881314989645,0.0,-1.401298464324817e-45,0.0,0.0,0.0,-1.401298464324817e-45,0.0,0.0,0.0,0.0,0.0,0.0,0.0,47309.0,14.0,31776.0,33730.0,14.0,31788.0
20.8531133679935,0.0,-1.401298464324817e-45,0.0,0.0,0.0,-1.401298464324817e-45,0.0,0.0,0.0,0.0,0.0,0.0,0.0,47310.0,14.0,31796.0,33731.0,14.0,31808.0
20.879972233000444,0.0,-1.401298464324817e-45,0.0,0.0,0.0,-1.401298464324817e-45,0.0,0.0,0.0,0.0,0.0,0.0,0.0,47311.0,14.0,31816.0,33732.0,14.0,31828.0
20.880059887000243,0.0,-1.401298464324817e-45,0.0,0.0,0.0,-1.401298464324817e-45,0.0,0.0,0.0,0.0,0.0,0.0,0.0,47312.0,14.0,31836.0,33733.0,14.0,31848.0
20.887631259989575,0.0,-1.401298464324817e-45,0.0,0.0,0.0,-1.401298464324817e-45,0.0,0.0,0.0,0.0,0.0,0.0,0.0,47313.0,14.0,31856.0,33734.0,14.0,31869.0
21.03343332700024,0.0,-1.401298464324817e-45,0.0,0.0,0.0,-1.401298464324817e-45,0.0,0.0,0.0,0.0,0.0,0.0,0.0,47314.0,14.0,31876.0,33735.0,14.0,31889.0
21.033855614994536,0.0,-1.401298464324817e-45,0.0,0.0,0.0,-1.401298464324817e-45,0.0,0.0,0.0,0.0,0.0,0.0,0.0,47315.0,14.0,31896.0,33736.0,14.0,31909.0
21.03396190299827,0.0,-1.401298464324817e-45,0.0,0.0,0.0,-1.401298464324817e-45,0.0,0.0,0.0,0.0,0.0,0.0,0.0,47316.0,14.0,31916.0,33737.0,14.0,31929.0
21.03402248599741,0.0,-1.401298464324817e-45,0.0,0.0,0.0,-1.401298464324817e-45,0.0,0.0,0.0,0.0,0.0,0.0,0.0,47317.0,14.0,31936.0,33738.0,14.0,31949.0
21.034079191987985,0.0,-1.401298464324817e-45,0.0,0.0,0.0,-1.401298464324817e-45,0.0,0.0,0.0,0.0,0.0,0.0,0.0,47319.0,14.0,31976.0,33739.0,14.0,31979.0
21.0341381420003,0.0,-1.401298464324817e-45,0.0,0.0,0.0,-1.401298464324817e-45,0.0,0.0,0.0,0.0,0.0,0.0,0.0,47319.0,14.0,31976.0,33740.0,14.0,31985.0
21.04634125099983,0.0,-1.401298464324817e-45,0.0,0.0,0.0,-1.401298464324817e-45,0.0,0.0,0.0,0.0,0.0,0.0,0.0,47320.0,14.0,31996.0,33741.0,14.0,32009.0
21.054979224994895,0.0,-1.401298464324817e-45,0.0,0.0,0.0,-1.401298464324817e-45,0.0,0.0,0.0,0.0,0.0,0.0,0.0,47321.0,14.0,32016.0,33742.0,14.0,32028.0
21.093871962992125,0.0,-1.401298464324817e-45,0.0,0.0,0.0,-1.401298464324817e-45,0.0,0.0,0.0,0.0,0.0,0.0,0.0,47322.0,14.0,32036.0,33743.0,14.0,32049.0
21.160773131996393,0.0,-1.401298464324817e-45,0.0,0.0,0.0,-1.401298464324817e-45,0.0,0.0,0.0,0.0,0.0,0.0,0.0,47323.0,14.0,32056.0,33744.0,14.0,32069.0
21.160903234995203,0.0,-1.401298464324817e-45,0.0,0.0,0.0,-1.401298464324817e-45,0.0,0.0,0.0,0.0,0.0,0.0,0.0,47324.0,14.0,32076.0,33745.0,14.0,32088.0
21.246343449995038,0.0,-1.401298464324817e-45,0.0,0.0,0.0,-1.401298464324817e-45,0.0,0.0,0.0,0.0,0.0,0.0,0.0,47325.0,14.0,32096.0,33746.0,14.0,32109.0
21.280388739993214,0.0,-1.401298464324817e-45,0.0,0.0,0.0,-1.401298464324817e-45,0.0,0.0,0.0,0.0,0.0,0.0,0.0,47332.0,14.0,32236.0,33747.0,14.0,32239.0
21.28050157999678,0.0,-1.401298464324817e-45,0.0,0.0,0.0,-1.401298464324817e-45,0.0,0.0,0.0,0.0,0.0,0.0,0.0,47332.0,14.0,32236.0,33748.0,14.0,32245.0
21.313152135990094,0.0,-1.401298464324817e-45,0.0,0.0,0.0,-1.401298464324817e-45,0.0,0.0,0.0,0.0,0.0,0.0,0.0,47333.0,14.0,32256.0,33749.0,14.0,32268.0
21.313261470000725,0.0,-1.401298464324817e-45,0.0,0.0,0.0,-1.401298464324817e-45,0.0,0.0,0.0,0.0,0.0,0.0,0.0,47334.0,14.0,32276.0,33750.0,14.0,32288.0
21.513246566988528,0.0,-1.401298464324817e-45,0.0,0.0,0.0,-1.401298464324817e-45,0.0,0.0,0.0,0.0,0.0,0.0,0.0,47335.0,14.0,32296.0,33751.0,14.0,32309.0
21.513714380998863,0.0,-1.401298464324817e-45,0.0,0.0,0.0,-1.401298464324817e-45,0.0,0.0,0.0,0.0,0.0,0.0,0.0,47336.0,14.0,32316.0,33752.0,14.0,32329.0
21.513905657993746,0.0,-1.401298464324817e-45,0.0,0.0,0.0,-1.401298464324817e-45,0.0,0.0,0.0,0.0,0.0,0.0,0.0,47337.0,14.0,32336.0,33753.0,14.0,32348.0
21.51398108799185,0.0,-1.401298464324817e-45,0.0,0.0,0.0,-1.401298464324817e-45,0.0,0.0,0.0,0.0,0.0,0.0,0.0,47338.0,14.0,32356.0,33754.0,14.0,32368.0
21.514041221002117,0.0,-1.401298464324817e-45,0.0,0.0,0.0,-1.401298464324817e-45,0.0,0.0,0.0,0.0,0.0,0.0,0.0,47339.0,14.0,32376.0,33755.0,14.0,32388.0
21.51409779599635,0.0,-1.401298464324817e-45,0.0,0.0,0.0,-1.401298464324817e-45,0.0,0.0,0.0,0.0,0.0,0.0,0.0,47340.0,14.0,32396.0,33756.0,14.0,32409.0
21.514152207993902,0.0,-1.401298464324817e-45,0.0,0.0,0.0,-1.401298464324817e-45,0.0,0.0,0.0,0.0,0.0,0.0,0.0,47341.0,14.0,32416.0,33757.0,14.0,32429.0
21.514207931992132,0.0,-1.401298464324817e-45,0.0,0.0,0.0,-1.401298464324817e-45,0.0,0.0,0.0,0.0,0.0,0.0,0.0,47342.0,14.0,32436.0,33758.0,14.0,32449.0
21.514263295001,0.0,-1.401298464324817e-45,0.0,0.0,0.0,-1.401298464324817e-45,0.0,0.0,0.0,0.0,0.0,0.0,0.0,47344.0,14.0,32476.0,33760.0,14.0,32489.0
21.529598309993162,0.0,-1.401298464324817e-45,0.0,0.0,0.0,-1.401298464324817e-45,0.0,0.0,0.0,0.0,0.0,0.0,0.0,47345.0,14.0,32496.0,33761.0,14.0,32509.0
21.549798736989032,0.0,-1.401298464324817e-45,0.0,0.0,0.0,-1.401298464324817e-45,0.0,0.0,0.0,0.0,0.0,0.0,0.0,47346.0,14.0,32516.0,33762.0,14.0,32528.0
21.973668692997308,0.0,-1.401298464324817e-45,0.0,0.0,0.0,-1.401298464324817e-45,0.0,0.0,0.0,0.0,0.0,0.0,0.0,47347.0,14.0,32536.0,33763.0,14.0,32548.0
21.973828661997686,0.0,-1.401298464324817e-45,0.0,0.0,0.0,-1.401298464324817e-45,0.0,0.0,0.0,0.0,0.0,0.0,0.0,47348.0,14.0,32556.0,33764.0,14.0,32569.0
21.973904002996278,0.0,-1.401298464324817e-45,0.0,0.0,0.0,-1.401298464324817e-45,0.0,0.0,0.0,0.0,0.0,0.0,0.0,47349.0,14.0,32576.0,33765.0,14.0,32588.0
21.97397100798844,0.0,-1.401298464324817e-45,0.0,0.0,0.0,-1.401298464324817e-45,0.0,0.0,0.0,0.0,0.0,0.0,0.0,47350.0,14.0,32596.0,33766.0,14.0,32608.0
21.974036729996442,0.0,-1.401298464324817e-45,0.0,0.0,0.0,-1.401298464324817e-45,0.0,0.0,0.0,0.0,0.0,0.0,0.0,47351.0,14.0,32616.0,33767.0,14.0,32629.0
21.974095350000425,0.0,-1.401298464324817e-45,0.0,0.0,0.0,-1.401298464324817e-45,0.0,0.0,0.0,0.0,0.0,0.0,0.0,47352.0,14.0,32636.0,33768.0,14.0,32648.0
21.974150682988693,0.0,-1.401298464324817e-45,0.0,0.0,0.0,-1.401298464324817e-45,0.0,0.0,0.0,0.0,0.0,0.0,0.0,47353.0,14.0,32656.0,33769.0,14.0,32668.0
21.97420638699259,0.0,-1.401298464324817e-45,0.0,0.0,0.0,-1.401298464324817e-45,0.0,0.0,0.0,0.0,0.0,0.0,0.0,47354.0,14.0,32676.0,33770.0,14.0,32688.0
22.009288672998082,0.0,-1.401298464324817e-45,0.0,0.0,0.0,-1.401298464324817e-45,0.0,0.0,0.0,0.0,0.0,0.0,0.0,47369.0,14.0,32976.0,33784.0,14.0,32979.0
22.00970670300012,0.0,-1.401298464324817e-45,0.0,0.0,0.0,-1.401298464324817e-45,0.0,0.0,0.0,0.0,0.0,0.0,0.0,47369.0,14.0,32976.0,33785.0,14.0,32984.0
22.038239814995904,0.0,-1.401298464324817e-45,0.0,0.0,0.0,-1.401298464324817e-45,0.0,0.0,0.0,0.0,0.0,0.0,0.0,47371.0,14.0,33016.0,33786.0,14.0,33019.0
22.049597715988057,0.0,-1.401298464324817e-45,0.0,0.0,0.0,-1.401298464324817e-45,0.0,0.0,0.0,0.0,0.0,0.0,0.0,47371.0,14.0,33016.0,33787.0,14.0,33026.0
22.06750039399776,0.0,-1.401298464324817e-45,0.0,0.0,0.0,-1.401298464324817e-45,0.0,0.0,0.0,0.0,0.0,0.0,0.0,47372.0,14.0,33036.0,33788.0,14.0,33049.0
22.490623032994336,0.0,-1.401298464324817e-45,0.0,0.0,0.0,-1.401298464324817e-45,0.0,0.0,0.0,0.0,0.0,0.0,0.0,47373.0,14.0,33056.0,33789.0,14.0,33061.0
22.490832563998993,0.0,-1.401298464324817e-45,0.0,0.0,0.0,-1.401298464324817e-45,0.0,0.0,0.0,0.0,0.0,0.0,0.0,47374.0,14.0,33076.0,33790.0,14.0,33089.0
22.490905529994052,0.0,-1.401298464324817e-45,0.0,0.0,0.0,-1.401298464324817e-45,0.0,0.0,0.0,0.0,0.0,0.0,0.0,47375.0,14.0,33096.0,33791.0,14.0,33109.0
22.553301751991967,0.0,-1.401298464324817e-45,0.0,0.0,0.0,-1.401298464324817e-45,0.0,0.0,0.0,0.0,0.0,0.0,0.0,47394.0,14.0,33476.0,33792.0,14.0,33485.0
22.553438516988535,0.0,-1.401298464324817e-45,0.0,0.0,0.0,-1.401298464324817e-45,0.0,0.0,0.0,0.0,0.0,0.0,0.0,47395.0,14.0,33496.0,33793.0,14.0,33508.0
22.571422697001253,0.0,-1.401298464324817e-45,0.0,0.0,0.0,-1.401298464324817e-45,0.0,0.0,0.0,0.0,0.0,0.0,0.0,47396.0,14.0,33516.0,33794.0,14.0,33529.0
22.57848329699482,0.0,-1.401298464324817e-45,0.0,0.0,0.0,-1.401298464324817e-45,0.0,0.0,0.0,0.0,0.0,0.0,0.0,47397.0,14.0,33537.0,33795.0,14.0,33549.0
23.010938648993033,0.0,-1.401298464324817e-45,0.0,0.0,0.0,-1.401298464324817e-45,0.0,0.0,0.0,0.0,0.0,0.0,0.0,47398.0,14.0,33556.0,33796.0,14.0,33569.0
23.011354574991856,0.0,-1.401298464324817e-45,0.0,0.0,0.0,-1.401298464324817e-45,0.0,0.0,0.0,0.0,0.0,0.0,0.0,47399.0,14.0,33576.0,33797.0,14.0,33588.0
23.011637352989055,0.0,-1.401298464324817e-45,0.0,0.0,0.0,-1.401298464324817e-45,0.0,0.0,0.0,0.0,0.0,0.0,0.0,47400.0,14.0,33596.0,33798.0,14.0,33608.0
23.012547733000247,0.0,-1.401298464324817e-45,0.0,0.0,0.0,-1.401298464324817e-45,0.0,0.0,0.0,0.0,0.0,0.0,0.0,47401.0,14.0,33616.0,33799.0,14.0,33628.0
23.01262570799736,0.0,-1.401298464324817e-45,0.0,0.0,0.0,-1.401298464324817e-45,0.0,0.0,0.0,0.0,0.0,0.0,0.0,47402.0,14.0,33636.0,33800.0,14.0,33648.0
23.01268824499857,0.0,-1.401298464324817e-45,0.0,0.0,0.0,-1.401298464324817e-45,0.0,0.0,0.0,0.0,0.0,0.0,0.0,47403.0,14.0,33656.0,33801.0,14.0,33668.0
23.01274494099198,0.0,-1.401298464324817e-45,0.0,0.0,0.0,-1.401298464324817e-45,0.0,0.0,0.0,0.0,0.0,0.0,0.0,47404.0,14.0,33676.0,33802.0,14.0,33688.0
23.012801125994883,0.0,-1.401298464324817e-45,0.0,0.0,0.0,-1.401298464324817e-45,0.0,0.0,0.0,0.0,0.0,0.0,0.0,47405.0,14.0,33696.0,33803.0,14.0,33708.0
23.047517289000098,0.0,-1.401298464324817e-45,0.0,0.0,0.0,-1.401298464324817e-45,0.0,0.0,0.0,0.0,0.0,0.0,0.0,47418.0,14.0,33956.0,33816.0,14.0,33969.0
23.047861511993688,0.0,-1.401298464324817e-45,0.0,0.0,0.0,-1.401298464324817e-45,0.0,0.0,0.0,0.0,0.0,0.0,0.0,47419.0,14.0,33976.0,33817.0,14.0,33988.0
23.048110415998963,0.0,-1.401298464324817e-45,0.0,0.0,0.0,-1.401298464324817e-45,0.0,0.0,0.0,0.0,0.0,0.0,0.0,47420.0,14.0,33996.0,33818.0,14.0,34008.0
23.079799628991168,0.0,-1.401298464324817e-45,0.0,0.0,0.0,-1.401298464324817e-45,0.0,0.0,0.0,0.0,0.0,0.0,0.0,47421.0,14.0,34016.0,33819.0,14.0,34029.0
23.084110386000248,0.0,-1.401298464324817e-45,0.0,0.0,0.0,-1.401298464324817e-45,0.0,0.0,0.0,0.0,0.0,0.0,0.0,47422.0,14.0,34036.0,33820.0,14.0,34049.0
23.092189436996705,0.0,-1.401298464324817e-45,0.0,0.0,0.0,-1.401298464324817e-45,0.0,0.0,0.0,0.0,0.0,0.0,0.0,47423.0,14.0,34057.0,33821.0,14.0,34068.0
23.53396681699087,0.0,-1.401298464324817e-45,0.0,0.0,0.0,-1.401298464324817e-45,0.0,0.0,0.0,0.0,0.0,0.0,0.0,47424.0,14.0,34076.0,33822.0,14.0,34088.0
23.534444047996658,0.0,-1.401298464324817e-45,0.0,0.0,0.0,-1.401298464324817e-45,0.0,0.0,0.0,0.0,0.0,0.0,0.0,47425.0,14.0,34096.0,33823.0,14.0,34108.0
23.612150599990855,0.0,-1.401298464324817e-45,0.0,0.0,0.0,-1.401298464324817e-45,0.0,0.0,0.0,0.0,0.0,0.0,0.0,47447.0,14.0,34536.0,33824.0,14.0,34538.0
23.612569070988684,0.0,-1.401298464324817e-45,0.0,0.0,0.0,-1.401298464324817e-45,0.0,0.0,0.0,0.0,0.0,0.0,0.0,47447.0,14.0,34536.0,33825.0,14.0,34543.0
23.612656924990006,0.0,-1.401298464324817e-45,0.0,0.0,0.0,-1.401298464324817e-45,0.0,0.0,0.0,0.0,0.0,0.0,0.0,47449.0,14.0,34576.0,33826.0,14.0,34579.0
23.612719361000927,0.0,-1.401298464324817e-45,0.0,0.0,0.0,-1.401298464324817e-45,0.0,0.0,0.0,0.0,0.0,0.0,0.0,47449.0,14.0,34576.0,33827.0,14.0,34585.0
24.024135909989127,0.0,-1.401298464324817e-45,0.0,0.0,0.0,-1.401298464324817e-45,0.0,0.0,0.0,0.0,0.0,0.0,0.0,47450.0,14.0,34596.0,33828.0,14.0,34608.0
24.024575791001553,0.0,-1.401298464324817e-45,0.0,0.0,0.0,-1.401298464324817e-45,0.0,0.0,0.0,0.0,0.0,0.0,0.0,47451.0,14.0,34616.0,33829.0,14.0,34628.0
24.024699621993932,0.0,-1.401298464324817e-45,0.0,0.0,0.0,-1.401298464324817e-45,0.0,0.0,0.0,0.0,0.0,0.0,0.0,47452.0,14.0,34636.0,33830.0,14.0,34648.0
24.024760745989624,0.0,-1.401298464324817e-45,0.0,0.0,0.0,-1.401298464324817e-45,0.0,0.0,0.0,0.0,0.0,0.0,0.0,47453.0,14.0,34656.0,33831.0,14.0,34669.0
24.0248177129979,0.0,-1.401298464324817e-45,0.0,0.0,0.0,-1.401298464324817e-45,0.0,0.0,0.0,0.0,0.0,0.0,0.0,47454.0,14.0,34676.0,33832.0,14.0,34688.0
24.024873496993678,0.0,-1.401298464324817e-45,0.0,0.0,0.0,-1.401298464324817e-45,0.0,0.0,0.0,0.0,0.0,0.0,0.0,47455.0,14.0,34696.0,33833.0,14.0,34709.0
24.024935943001765,0.0,-1.401298464324817e-45,0.0,0.0,0.0,-1.401298464324817e-45,0.0,0.0,0.0,0.0,0.0,0.0,0.0,47456.0,14.0,34716.0,33834.0,14.0,34728.0
24.02499089599587,0.0,-1.401298464324817e-45,0.0,0.0,0.0,-1.401298464324817e-45,0.0,0.0,0.0,0.0,0.0,0.0,0.0,47457.0,14.0,34736.0,33835.0,14.0,34750.0
24.02504665000015,0.0,-1.401298464324817e-45,0.0,0.0,0.0,-1.401298464324817e-45,0.0,0.0,0.0,0.0,0.0,0.0,0.0,47469.0,14.0,34976.0,33847.0,14.0,34988.0
24.044699204998324,0.0,-1.401298464324817e-45,0.0,0.0,0.0,-1.401298464324817e-45,0.0,0.0,0.0,0.0,0.0,0.0,0.0,47470.0,14.0,34996.0,33848.0,14.0,35009.0
24.103794216993265,0.0,-1.401298464324817e-45,0.0,0.0,0.0,-1.401298464324817e-45,0.0,0.0,0.0,0.0,0.0,0.0,0.0,47472.0,14.0,35036.0,33849.0,14.0,35039.0
24.103897930996027,0.0,-1.401298464324817e-45,0.0,0.0,0.0,-1.401298464324817e-45,0.0,0.0,0.0,0.0,0.0,0.0,0.0,47472.0,14.0,35036.0,33850.0,14.0,35045.0
24.546128214991768,0.0,-1.401298464324817e-45,0.0,0.0,0.0,-1.401298464324817e-45,0.0,0.0,0.0,0.0,0.0,0.0,0.0,47474.0,14.0,35076.0,33851.0,14.0,35079.0
24.546302730988828,0.0,-1.401298464324817e-45,0.0,0.0,0.0,-1.401298464324817e-45,0.0,0.0,0.0,0.0,0.0,0.0,0.0,47474.0,14.0,35076.0,33852.0,14.0,35086.0
24.54637337299937,0.0,-1.401298464324817e-45,0.0,0.0,0.0,-1.401298464324817e-45,0.0,0.0,0.0,0.0,0.0,0.0,0.0,47475.0,14.0,35096.0,33853.0,14.0,35109.0
24.62062065899954,0.0,-1.401298464324817e-45,0.0,0.0,0.0,-1.401298464324817e-45,0.0,0.0,0.0,0.0,0.0,0.0,0.0,47498.0,14.0,35556.0,33854.0,14.0,35573.0
25.047137624002062,0.0,-1.401298464324817e-45,0.0,0.0,0.0,-1.401298464324817e-45,0.0,0.0,0.0,0.0,0.0,0.0,0.0,47500.0,14.0,35596.0,33855.0,14.0,35599.0
25.0476965479902,0.0,-1.401298464324817e-45,0.0,0.0,0.0,-1.401298464324817e-45,0.0,0.0,0.0,0.0,0.0,0.0,0.0,47500.0,14.0,35596.0,33856.0,14.0,35605.0
25.04802271600056,0.0,-1.401298464324817e-45,0.0,0.0,0.0,-1.401298464324817e-45,0.0,0.0,0.0,0.0,0.0,0.0,0.0,47501.0,14.0,35616.0,33857.0,14.0,35628.0
25.04810318700038,0.0,-1.401298464324817e-45,0.0,0.0,0.0,-1.401298464324817e-45,0.0,0.0,0.0,0.0,0.0,0.0,0.0,47502.0,14.0,35636.0,33858.0,14.0,35648.0
25.04816497200227,0.0,-1.401298464324817e-45,0.0,0.0,0.0,-1.401298464324817e-45,0.0,0.0,0.0,0.0,0.0,0.0,0.0,47504.0,14.0,35676.0,33860.0,14.0,35689.0
25.048221226999885,0.0,-1.401298464324817e-45,0.0,0.0,0.0,-1.401298464324817e-45,0.0,0.0,0.0,0.0,0.0,0.0,0.0,47505.0,14.0,35696.0,33861.0,14.0,35708.0
25.04827689100057,0.0,-1.401298464324817e-45,0.0,0.0,0.0,-1.401298464324817e-45,0.0,0.0,0.0,0.0,0.0,0.0,0.0,47506.0,14.0,35716.0,33862.0,14.0,35729.0
25.048332153994124,0.0,-1.401298464324817e-45,0.0,0.0,0.0,-1.401298464324817e-45,0.0,0.0,0.0,0.0,0.0,0.0,0.0,47507.0,14.0,35736.0,33863.0,14.0,35750.0
25.084772627989878,0.0,-1.401298464324817e-45,0.0,0.0,0.0,-1.401298464324817e-45,0.0,0.0,0.0,0.0,0.0,0.0,0.0,47519.0,14.0,35976.0,33874.0,14.0,35979.0
25.08486364799319,0.0,-1.401298464324817e-45,0.0,0.0,0.0,-1.401298464324817e-45,0.0,0.0,0.0,0.0,0.0,0.0,0.0,47519.0,14.0,35976.0,33875.0,14.0,35984.0
25.08493394899415,0.0,-1.401298464324817e-45,0.0,0.0,0.0,-1.401298464324817e-45,0.0,0.0,0.0,0.0,0.0,0.0,0.0,47521.0,14.0,36016.0,33876.0,14.0,36019.0
25.084998669990455,0.0,-1.401298464324817e-45,0.0,0.0,0.0,-1.401298464324817e-45,0.0,0.0,0.0,0.0,0.0,0.0,0.0,47521.0,14.0,36016.0,33877.0,14.0,36024.0
25.085056326992344,0.0,-1.401298464324817e-45,0.0,0.0,0.0,-1.401298464324817e-45,0.0,0.0,0.0,0.0,0.0,0.0,0.0,47523.0,14.0,36056.0,33878.0,14.0,36059.0
25.092531271002372,0.0,-1.401298464324817e-45,0.0,0.0,0.0,-1.401298464324817e-45,0.0,0.0,0.0,0.0,0.0,0.0,0.0,47523.0,14.0,36056.0,33879.0,14.0,36068.0
25.54596674098866,0.0,-1.401298464324817e-45,0.0,0.0,0.0,-1.401298464324817e-45,0.0,0.0,0.0,0.0,0.0,0.0,0.0,47524.0,14.0,36076.0,33880.0,14.0,36088.0
25.54613509499177,0.0,-1.401298464324817e-45,0.0,0.0,0.0,-1.401298464324817e-45,0.0,0.0,0.0,0.0,0.0,0.0,0.0,47525.0,14.0,36096.0,33881.0,14.0,36109.0
25.55835097799718,0.0,-1.401298464324817e-45,0.0,0.0,0.0,-1.401298464324817e-45,0.0,0.0,0.0,0.0,0.0,0.0,0.0,47547.0,14.0,36536.0,33882.0,14.0,36538.0
25.564411932995426,0.0,-1.401298464324817e-45,0.0,0.0,0.0,-1.401298464324817e-45,0.0,0.0,0.0,0.0,0.0,0.0,0.0,47547.0,14.0,36536.0,33883.0,14.0,36544.0
25.58749302799697,0.0,-1.401298464324817e-45,0.0,0.0,0.0,-1.401298464324817e-45,0.0,0.0,0.0,0.0,0.0,0.0,0.0,47548.0,14.0,36556.0,33884.0,14.0,36569.0
25.607787892993656,0.0,-1.401298464324817e-45,0.0,0.0,0.0,-1.401298464324817e-45,0.0,0.0,0.0,0.0,0.0,0.0,0.0,47549.0,14.0,36576.0,33885.0,14.0,36589.0
25.627994782989845,0.0,-1.401298464324817e-45,0.0,0.0,0.0,-1.401298464324817e-45,0.0,0.0,0.0,0.0,0.0,0.0,0.0,47550.0,14.0,36596.0,33886.0,14.0,36609.0
26.06889015699562,0.0,-1.401298464324817e-45,0.0,0.0,0.0,-1.401298464324817e-45,0.0,0.0,0.0,0.0,0.0,0.0,0.0,47551.0,14.0,36617.0,33887.0,14.0,36629.0
26.06929305900121,0.0,-1.401298464324817e-45,0.0,0.0,0.0,-1.401298464324817e-45,0.0,0.0,0.0,0.0,0.0,0.0,0.0,47552.0,14.0,36636.0,33888.0,14.0,36649.0
26.069566549995216,0.0,-1.401298464324817e-45,0.0,0.0,0.0,-1.401298464324817e-45,0.0,0.0,0.0,0.0,0.0,0.0,0.0,47554.0,14.0,36676.0,33889.0,14.0,36679.0
26.069694728998,0.0,-1.401298464324817e-45,0.0,0.0,0.0,-1.401298464324817e-45,0.0,0.0,0.0,0.0,0.0,0.0,0.0,47554.0,14.0,36676.0,33890.0,14.0,36684.0
26.06975129499915,0.0,-1.401298464324817e-45,0.0,0.0,0.0,-1.401298464324817e-45,0.0,0.0,0.0,0.0,0.0,0.0,0.0,47556.0,14.0,36716.0,33891.0,14.0,36719.0
26.069806818995858,0.0,-1.401298464324817e-45,0.0,0.0,0.0,-1.401298464324817e-45,0.0,0.0,0.0,0.0,0.0,0.0,0.0,47556.0,14.0,36716.0,33892.0,14.0,36725.0
26.069861680996837,0.0,-1.401298464324817e-45,0.0,0.0,0.0,-1.401298464324817e-45,0.0,0.0,0.0,0.0,0.0,0.0,0.0,47558.0,14.0,36756.0,33893.0,14.0,36759.0
26.069916182997986,0.0,-1.401298464324817e-45,0.0,0.0,0.0,-1.401298464324817e-45,0.0,0.0,0.0,0.0,0.0,0.0,0.0,47558.0,14.0,36756.0,33894.0,14.0,36768.0
26.09841534298903,0.0,-1.401298464324817e-45,0.0,0.0,0.0,-1.401298464324817e-45,0.0,0.0,0.0,0.0,0.0,0.0,0.0,47571.0,14.0,37016.0,33907.0,14.0,37029.0
26.098593235001317,0.0,-1.401298464324817e-45,0.0,0.0,0.0,-1.401298464324817e-45,0.0,0.0,0.0,0.0,0.0,0.0,0.0,47572.0,14.0,37036.0,33908.0,14.0,37048.0
26.12159867999435,0.0,-1.401298464324817e-45,0.0,0.0,0.0,-1.401298464324817e-45,0.0,0.0,0.0,0.0,0.0,0.0,0.0,47573.0,14.0,37056.0,33909.0,14.0,37068.0
26.121916222997243,0.0,-1.401298464324817e-45,0.0,0.0,0.0,-1.401298464324817e-45,0.0,0.0,0.0,0.0,0.0,0.0,0.0,47574.0,14.0,37076.0,33910.0,14.0,37088.0
26.566065246996004,0.0,-1.401298464324817e-45,0.0,0.0,0.0,-1.401298464324817e-45,0.0,0.0,0.0,0.0,0.0,0.0,0.0,47580.0,14.0,37196.0,33911.0,14.0,37197.0
26.566490580997197,0.0,-1.401298464324817e-45,0.0,0.0,0.0,-1.401298464324817e-45,0.0,0.0,0.0,0.0,0.0,0.0,0.0,47580.0,14.0,37196.0,33912.0,14.0,37203.0
26.56660248899425,0.0,-1.401298464324817e-45,0.0,0.0,0.0,-1.401298464324817e-45,0.0,0.0,0.0,0.0,0.0,0.0,0.0,47581.0,14.0,37216.0,33913.0,14.0,37228.0
26.56667271099286,0.0,-1.401298464324817e-45,0.0,0.0,0.0,-1.401298464324817e-45,0.0,0.0,0.0,0.0,0.0,0.0,0.0,47583.0,14.0,37256.0,33914.0,14.0,37259.0
26.566739033994963,0.0,-1.401298464324817e-45,0.0,0.0,0.0,-1.401298464324817e-45,0.0,0.0,0.0,0.0,0.0,0.0,0.0,47583.0,14.0,37256.0,33915.0,14.0,37266.0
26.566801049993956,0.0,-1.401298464324817e-45,0.0,0.0,0.0,-1.401298464324817e-45,0.0,0.0,0.0,0.0,0.0,0.0,0.0,47584.0,14.0,37276.0,33916.0,14.0,37289.0
26.58033820000128,0.0,-1.401298464324817e-45,0.0,0.0,0.0,-1.401298464324817e-45,0.0,0.0,0.0,0.0,0.0,0.0,0.0,47585.0,14.0,37296.0,33917.0,14.0,37309.0
26.580436383999768,0.0,-1.401298464324817e-45,0.0,0.0,0.0,-1.401298464324817e-45,0.0,0.0,0.0,0.0,0.0,0.0,0.0,47586.0,14.0,37316.0,33918.0,14.0,37329.0
26.580501644988544,0.0,-1.401298464324817e-45,0.0,0.0,0.0,-1.401298464324817e-45,0.0,0.0,0.0,0.0,0.0,0.0,0.0,47597.0,14.0,37536.0,33929.0,14.0,37548.0
26.60958294199372,0.0,-1.401298464324817e-45,0.0,0.0,0.0,-1.401298464324817e-45,0.0,0.0,0.0,0.0,0.0,0.0,0.0,47598.0,14.0,37556.0,33930.0,14.0,37568.0
26.62681994900049,0.0,-1.401298464324817e-45,0.0,0.0,0.0,-1.401298464324817e-45,0.0,0.0,0.0,0.0,0.0,0.0,0.0,47599.0,14.0,37576.0,33931.0,14.0,37589.0
26.668726997988415,0.0,-1.401298464324817e-45,0.0,0.0,0.0,-1.401298464324817e-45,0.0,0.0,0.0,0.0,0.0,0.0,0.0,47600.0,14.0,37596.0,33932.0,14.0,37608.0
26.741010721991188,0.0,-1.401298464324817e-45,0.0,0.0,0.0,-1.401298464324817e-45,0.0,0.0,0.0,0.0,0.0,0.0,0.0,47601.0,14.0,37616.0,33933.0,14.0,37628.0
26.778213910001796,0.0,-1.401298464324817e-45,0.0,0.0,0.0,-1.401298464324817e-45,0.0,0.0,0.0,0.0,0.0,0.0,0.0,47602.0,14.0,37636.0,33934.0,14.0,37648.0
26.77863445499679,0.0,-1.401298464324817e-45,0.0,0.0,0.0,-1.401298464324817e-45,0.0,0.0,0.0,0.0,0.0,0.0,0.0,47603.0,14.0,37656.0,33935.0,14.0,37668.0
26.77887927199481,0.0,-1.401298464324817e-45,0.0,0.0,0.0,-1.401298464324817e-45,0.0,0.0,0.0,0.0,0.0,0.0,0.0,47604.0,14.0,37676.0,33936.0,14.0,37688.0
26.77893889299594,0.0,-1.401298464324817e-45,0.0,0.0,0.0,-1.401298464324817e-45,0.0,0.0,0.0,0.0,0.0,0.0,0.0,47606.0,14.0,37716.0,33938.0,14.0,37728.0
26.780092877001152,0.0,-1.401298464324817e-45,0.0,0.0,0.0,-1.401298464324817e-45,0.0,0.0,0.0,0.0,0.0,0.0,0.0,47607.0,14.0,37736.0,33939.0,14.0,37750.0
26.789318698996794,0.0,-1.401298464324817e-45,0.0,0.0,0.0,-1.401298464324817e-45,0.0,0.0,0.0,0.0,0.0,0.0,0.0,47608.0,14.0,37756.0,33940.0,14.0,37769.0
26.934989546993165,0.0,-1.401298464324817e-45,0.0,0.0,0.0,-1.401298464324817e-45,0.0,0.0,0.0,0.0,0.0,0.0,0.0,47610.0,14.0,37796.0,33942.0,14.0,37809.0
26.93563853899832,0.0,-1.401298464324817e-45,0.0,0.0,0.0,-1.401298464324817e-45,0.0,0.0,0.0,0.0,0.0,0.0,0.0,47611.0,14.0,37816.0,33943.0,14.0,37828.0
26.93615896999836,0.0,-1.401298464324817e-45,0.0,0.0,0.0,-1.401298464324817e-45,0.0,0.0,0.0,0.0,0.0,0.0,0.0,47612.0,14.0,37836.0,33944.0,14.0,37848.0
26.941232610988664,0.0,-1.401298464324817e-45,0.0,0.0,0.0,-1.401298464324817e-45,0.0,0.0,0.0,0.0,0.0,0.0,0.0,47613.0,14.0,37856.0,33945.0,14.0,37868.0
26.941643026992097,0.0,-1.401298464324817e-45,0.0,0.0,0.0,-1.401298464324817e-45,0.0,0.0,0.0,0.0,0.0,0.0,0.0,47614.0,14.0,37876.0,33946.0,14.0,37888.0
26.964080291989376,0.0,-1.401298464324817e-45,0.0,0.0,0.0,-1.401298464324817e-45,0.0,0.0,0.0,0.0,0.0,0.0,0.0,47615.0,14.0,37896.0,33947.0,14.0,37908.0
26.98204008799803,0.0,-1.401298464324817e-45,0.0,0.0,0.0,-1.401298464324817e-45,0.0,0.0,0.0,0.0,0.0,0.0,0.0,47616.0,14.0,37916.0,33948.0,14.0,37928.0
26.998495606996585,0.0,-1.401298464324817e-45,0.0,0.0,0.0,-1.401298464324817e-45,0.0,0.0,0.0,0.0,0.0,0.0,0.0,47617.0,14.0,37936.0,33949.0,14.0,37948.0
27.03711861599004,0.0,-1.401298464324817e-45,0.0,0.0,0.0,-1.401298464324817e-45,0.0,0.0,0.0,0.0,0.0,0.0,0.0,47618.0,14.0,37956.0,33950.0,14.0,37968.0
27.037628346995916,0.0,-1.401298464324817e-45,0.0,0.0,0.0,-1.401298464324817e-45,0.0,0.0,0.0,0.0,0.0,0.0,0.0,47619.0,14.0,37976.0,33951.0,14.0,37988.0
27.038043191991164,0.0,-1.401298464324817e-45,0.0,0.0,0.0,-1.401298464324817e-45,0.0,0.0,0.0,0.0,0.0,0.0,0.0,47620.0,14.0,37996.0,33952.0,14.0,38009.0
27.165712447997066,0.0,-1.401298464324817e-45,0.0,0.0,0.0,-1.401298464324817e-45,0.0,0.0,0.0,0.0,0.0,0.0,0.0,47621.0,14.0,38016.0,33953.0,14.0,38028.0
27.165840636997018,0.0,-1.401298464324817e-45,0.0,0.0,0.0,-1.401298464324817e-45,0.0,0.0,0.0,0.0,0.0,0.0,0.0,47622.0,14.0,38036.0,33954.0,14.0,38049.0
27.165910607989645,0.0,-1.401298464324817e-45,0.0,0.0,0.0,-1.401298464324817e-45,0.0,0.0,0.0,0.0,0.0,0.0,0.0,47623.0,14.0,38056.0,33955.0,14.0,38068.0
27.16597146099957,0.0,-1.401298464324817e-45,0.0,0.0,0.0,-1.401298464324817e-45,0.0,0.0,0.0,0.0,0.0,0.0,0.0,47624.0,14.0,38076.0,33956.0,14.0,38088.0
27.1704883229977,0.0,-1.401298464324817e-45,0.0,0.0,0.0,-1.401298464324817e-45,0.0,0.0,0.0,0.0,0.0,0.0,0.0,47625.0,14.0,38096.0,33957.0,14.0,38108.0
27.17078196100192,0.0,-1.401298464324817e-45,0.0,0.0,0.0,-1.401298464324817e-45,0.0,0.0,0.0,0.0,0.0,0.0,0.0,47626.0,14.0,38116.0,33958.0,14.0,38128.0
27.208166698997957,0.0,-1.401298464324817e-45,0.0,0.0,0.0,-1.401298464324817e-45,0.0,0.0,0.0,0.0,0.0,0.0,0.0,47629.0,14.0,38176.0,33959.0,14.0,38176.0
27.208497686995543,0.0,-1.401298464324817e-45,0.0,0.0,0.0,-1.401298464324817e-45,0.0,0.0,0.0,0.0,0.0,0.0,0.0,47629.0,14.0,38176.0,33960.0,14.0,38181.0
27.2495670329954,0.0,-1.401298464324817e-45,0.0,0.0,0.0,-1.401298464324817e-45,0.0,0.0,0.0,0.0,0.0,0.0,0.0,47630.0,14.0,38196.0,33961.0,14.0,38209.0
27.388766392992693,0.0,-1.401298464324817e-45,0.0,0.0,0.0,-1.401298464324817e-45,0.0,0.0,0.0,0.0,0.0,0.0,0.0,47631.0,14.0,38216.0,33962.0,14.0,38228.0
27.38889668599586,0.0,-1.401298464324817e-45,0.0,0.0,0.0,-1.401298464324817e-45,0.0,0.0,0.0,0.0,0.0,0.0,0.0,47632.0,14.0,38236.0,33963.0,14.0,38251.0
27.38896949199261,0.0,-1.401298464324817e-45,0.0,0.0,0.0,-1.401298464324817e-45,0.0,0.0,0.0,0.0,0.0,0.0,0.0,47634.0,14.0,38276.0,33964.0,14.0,38279.0
27.389032940001925,0.0,-1.401298464324817e-45,0.0,0.0,0.0,-1.401298464324817e-45,0.0,0.0,0.0,0.0,0.0,0.0,0.0,47634.0,14.0,38276.0,33965.0,14.0,38284.0
27.389092851997702,0.0,-1.401298464324817e-45,0.0,0.0,0.0,-1.401298464324817e-45,0.0,0.0,0.0,0.0,0.0,0.0,0.0,47636.0,14.0,38316.0,33966.0,14.0,38319.0
27.38915052000084,0.0,-1.401298464324817e-45,0.0,0.0,0.0,-1.401298464324817e-45,0.0,0.0,0.0,0.0,0.0,0.0,0.0,47636.0,14.0,38316.0,33967.0,14.0,38324.0
27.42777625400049,0.0,-1.401298464324817e-45,0.0,0.0,0.0,-1.401298464324817e-45,0.0,0.0,0.0,0.0,0.0,0.0,0.0,47638.0,14.0,38356.0,33968.0,14.0,38359.0
27.429336556990165,0.0,-1.401298464324817e-45,0.0,0.0,0.0,-1.401298464324817e-45,0.0,0.0,0.0,0.0,0.0,0.0,0.0,47638.0,14.0,38356.0,33969.0,14.0,38367.0
27.429625535995,0.0,-1.401298464324817e-45,0.0,0.0,0.0,-1.401298464324817e-45,0.0,0.0,0.0,0.0,0.0,0.0,0.0,47639.0,14.0,38376.0,33970.0,14.0,38388.0
27.432595229998697,0.0,-1.401298464324817e-45,0.0,0.0,0.0,-1.401298464324817e-45,0.0,0.0,0.0,0.0,0.0,0.0,0.0,47640.0,14.0,38396.0,33971.0,14.0,38408.0
27.447299398991163,0.0,-1.401298464324817e-45,0.0,0.0,0.0,-1.401298464324817e-45,0.0,0.0,0.0,0.0,0.0,0.0,0.0,47641.0,14.0,38416.0,33972.0,14.0,38428.0
27.46754000299552,0.0,-1.401298464324817e-45,0.0,0.0,0.0,-1.401298464324817e-45,0.0,0.0,0.0,0.0,0.0,0.0,0.0,47642.0,14.0,38436.0,33973.0,14.0,38449.0
27.596602569989045,0.0,-1.401298464324817e-45,0.0,0.0,0.0,-1.401298464324817e-45,0.0,0.0,0.0,0.0,0.0,0.0,0.0,47644.0,14.0,38476.0,33974.0,14.0,38479.0
27.596715399995446,0.0,-1.401298464324817e-45,0.0,0.0,0.0,-1.401298464324817e-45,0.0,0.0,0.0,0.0,0.0,0.0,0.0,47644.0,14.0,38476.0,33975.0,14.0,38485.0
27.596784298992134,0.0,-1.401298464324817e-45,0.0,0.0,0.0,-1.401298464324817e-45,0.0,0.0,0.0,0.0,0.0,0.0,0.0,47645.0,14.0,38496.0,33976.0,14.0,38508.0
27.5968438199925,0.0,-1.401298464324817e-45,0.0,0.0,0.0,-1.401298464324817e-45,0.0,0.0,0.0,0.0,0.0,0.0,0.0,47646.0,14.0,38516.0,33977.0,14.0,38529.0
27.5969009870023,0.0,-1.401298464324817e-45,0.0,0.0,0.0,-1.401298464324817e-45,0.0,0.0,0.0,0.0,0.0,0.0,0.0,47647.0,14.0,38536.0,33978.0,14.0,38549.0
27.59696243099461,0.0,-1.401298464324817e-45,0.0,0.0,0.0,-1.401298464324817e-45,0.0,0.0,0.0,0.0,0.0,0.0,0.0,47648.0,14.0,38556.0,33979.0,14.0,38560.0
27.617763190995902,0.0,-1.401298464324817e-45,0.0,0.0,0.0,-1.401298464324817e-45,0.0,0.0,0.0,0.0,0.0,0.0,0.0,47650.0,14.0,38596.0,33980.0,14.0,38599.0
27.625606973000686,0.0,-1.401298464324817e-45,0.0,0.0,0.0,-1.401298464324817e-45,0.0,0.0,0.0,0.0,0.0,0.0,0.0,47650.0,14.0,38596.0,33981.0,14.0,38605.0
27.654325312993024,0.0,-1.401298464324817e-45,0.0,0.0,0.0,-1.401298464324817e-45,0.0,0.0,0.0,0.0,0.0,0.0,0.0,47651.0,14.0,38616.0,33982.0,14.0,38628.0
27.667714917988633,0.0,-1.401298464324817e-45,0.0,0.0,0.0,-1.401298464324817e-45,0.0,0.0,0.0,0.0,0.0,0.0,0.0,47652.0,14.0,38636.0,33983.0,14.0,38649.0
27.686076785001205,0.0,-1.401298464324817e-45,0.0,0.0,0.0,-1.401298464324817e-45,0.0,0.0,0.0,0.0,0.0,0.0,0.0,47653.0,14.0,38656.0,33984.0,14.0,38661.0
27.816014755997458,0.0,-1.401298464324817e-45,0.0,0.0,0.0,-1.401298464324817e-45,0.0,0.0,0.0,0.0,0.0,0.0,0.0,47655.0,14.0,38696.0,33985.0,14.0,38699.0
27.816123128999607,0.0,-1.401298464324817e-45,0.0,0.0,0.0,-1.401298464324817e-45,0.0,0.0,0.0,0.0,0.0,0.0,0.0,47655.0,14.0,38696.0,33986.0,14.0,38706.0
27.816195063001942,0.0,-1.401298464324817e-45,0.0,0.0,0.0,-1.401298464324817e-45,0.0,0.0,0.0,0.0,0.0,0.0,0.0,47656.0,14.0,38716.0,33987.0,14.0,38729.0
27.816259843995795,0.0,-1.401298464324817e-45,0.0,0.0,0.0,-1.401298464324817e-45,0.0,0.0,0.0,0.0,0.0,0.0,0.0,47657.0,14.0,38736.0,33988.0,14.0,38750.0
27.816317611999693,0.0,-1.401298464324817e-45,0.0,0.0,0.0,-1.401298464324817e-45,0.0,0.0,0.0,0.0,0.0,0.0,0.0,47658.0,14.0,38756.0,33989.0,14.0,38763.0
27.81747150600131,0.0,-1.401298464324817e-45,0.0,0.0,0.0,-1.401298464324817e-45,0.0,0.0,0.0,0.0,0.0,0.0,0.0,47660.0,14.0,38796.0,33990.0,14.0,38799.0
27.82453082400025,0.0,-1.401298464324817e-45,0.0,0.0,0.0,-1.401298464324817e-45,0.0,0.0,0.0,0.0,0.0,0.0,0.0,47660.0,14.0,38796.0,33991.0,14.0,38806.0
27.847632459001034,0.0,-1.401298464324817e-45,0.0,0.0,0.0,-1.401298464324817e-45,0.0,0.0,0.0,0.0,0.0,0.0,0.0,47661.0,14.0,38816.0,33992.0,14.0,38829.0
27.867900904995622,0.0,-1.401298464324817e-45,0.0,0.0,0.0,-1.401298464324817e-45,0.0,0.0,0.0,0.0,0.0,0.0,0.0,47662.0,14.0,38836.0,33993.0,14.0,38849.0
27.885593421990052,0.0,-1.401298464324817e-45,0.0,0.0,0.0,-1.401298464324817e-45,0.0,0.0,0.0,0.0,0.0,0.0,0.0,47663.0,14.0,38856.0,33994.0,14.0,38863.0
27.917888479001704,0.0,-1.401298464324817e-45,0.0,0.0,0.0,-1.401298464324817e-45,0.0,0.0,0.0,0.0,0.0,0.0,0.0,47665.0,14.0,38896.0,33995.0,14.0,38899.0
28.03581203399517,0.0,-1.401298464324817e-45,0.0,0.0,0.0,-1.401298464324817e-45,0.0,0.0,0.0,0.0,0.0,0.0,0.0,47665.0,14.0,38896.0,33996.0,14.0,38906.0
28.03624568399391,0.0,-1.401298464324817e-45,0.0,0.0,0.0,-1.401298464324817e-45,0.0,0.0,0.0,0.0,0.0,0.0,0.0,47666.0,14.0,38916.0,33997.0,14.0,38929.0
28.0365757499967,0.0,-1.401298464324817e-45,0.0,0.0,0.0,-1.401298464324817e-45,0.0,0.0,0.0,0.0,0.0,0.0,0.0,47667.0,14.0,38936.0,33998.0,14.0,38949.0
28.03669587399054,0.0,-1.401298464324817e-45,0.0,0.0,0.0,-1.401298464324817e-45,0.0,0.0,0.0,0.0,0.0,0.0,0.0,47668.0,14.0,38956.0,33999.0,14.0,38963.0
28.036755895998795,0.0,-1.401298464324817e-45,0.0,0.0,0.0,-1.401298464324817e-45,0.0,0.0,0.0,0.0,0.0,0.0,0.0,47670.0,14.0,38996.0,34000.0,14.0,38999.0
28.036812691992964,0.0,-1.401298464324817e-45,0.0,0.0,0.0,-1.401298464324817e-45,0.0,0.0,0.0,0.0,0.0,0.0,0.0,47670.0,14.0,38996.0,34001.0,14.0,39006.0
28.047537893988192,0.0,-1.401298464324817e-45,0.0,0.0,0.0,-1.401298464324817e-45,0.0,0.0,0.0,0.0,0.0,0.0,0.0,47671.0,14.0,39016.0,34002.0,14.0,39029.0
28.0679194409895,0.0,-1.401298464324817e-45,0.0,0.0,0.0,-1.401298464324817e-45,0.0,0.0,0.0,0.0,0.0,0.0,0.0,47672.0,14.0,39036.0,34003.0,14.0,39049.0
28.080151825997746,0.0,-1.401298464324817e-45,0.0,0.0,0.0,-1.401298464324817e-45,0.0,0.0,0.0,0.0,0.0,0.0,0.0,47673.0,14.0,39056.0,34004.0,14.0,39061.0
28.107609562997823,0.0,-1.401298464324817e-45,0.0,0.0,0.0,-1.401298464324817e-45,0.0,0.0,0.0,0.0,0.0,0.0,0.0,47674.0,14.0,39076.0,34005.0,14.0,39089.0
28.127446323996992,0.0,-1.401298464324817e-45,0.0,0.0,0.0,-1.401298464324817e-45,0.0,0.0,0.0,0.0,0.0,0.0,0.0,47675.0,14.0,39096.0,34006.0,14.0,39109.0
28.255617168993922,0.0,-1.401298464324817e-45,0.0,0.0,0.0,-1.401298464324817e-45,0.0,0.0,0.0,0.0,0.0,0.0,0.0,47676.0,14.0,39116.0,34007.0,14.0,39129.0
28.263527935996535,0.0,-1.401298464324817e-45,0.0,0.0,0.0,-1.401298464324817e-45,0.0,0.0,0.0,0.0,0.0,0.0,0.0,47682.0,14.0,39236.0,34008.0,14.0,39245.0
28.28745682600129,0.0,-1.401298464324817e-45,0.0,0.0,0.0,-1.401298464324817e-45,0.0,0.0,0.0,0.0,0.0,0.0,0.0,47683.0,14.0,39256.0,34009.0,14.0,39269.0
28.307649099995615,0.0,-1.401298464324817e-45,0.0,0.0,0.0,-1.401298464324817e-45,0.0,0.0,0.0,0.0,0.0,0.0,0.0,47684.0,14.0,39276.0,34010.0,14.0,39289.0
28.32768313899578,0.0,-1.401298464324817e-45,0.0,0.0,0.0,-1.401298464324817e-45,0.0,0.0,0.0,0.0,0.0,0.0,0.0,47685.0,14.0,39296.0,34011.0,14.0,39309.0
28.347811814994202,0.0,-1.401298464324817e-45,0.0,0.0,0.0,-1.401298464324817e-45,0.0,0.0,0.0,0.0,0.0,0.0,0.0,47686.0,14.0,39316.0,34012.0,14.0,39329.0
28.488955355991493,0.0,-1.401298464324817e-45,0.0,0.0,0.0,-1.401298464324817e-45,0.0,0.0,0.0,0.0,0.0,0.0,0.0,47687.0,14.0,39336.0,34013.0,14.0,39348.0
28.506922997999936,0.0,-1.401298464324817e-45,0.0,0.0,0.0,-1.401298464324817e-45,0.0,0.0,0.0,0.0,0.0,0.0,0.0,47688.0,14.0,39356.0,34014.0,14.0,39368.0
28.507261499995366,0.0,-1.401298464324817e-45,0.0,0.0,0.0,-1.401298464324817e-45,0.0,0.0,0.0,0.0,0.0,0.0,0.0,47689.0,14.0,39376.0,34015.0,14.0,39388.0
28.507516436002334,0.0,-1.401298464324817e-45,0.0,0.0,0.0,-1.401298464324817e-45,0.0,0.0,0.0,0.0,0.0,0.0,0.0,47690.0,14.0,39396.0,34016.0,14.0,39408.0
28.507746885996312,0.0,-1.401298464324817e-45,0.0,0.0,0.0,-1.401298464324817e-45,0.0,0.0,0.0,0.0,0.0,0.0,0.0,47691.0,14.0,39416.0,34017.0,14.0,39428.0
28.50790327799041,0.0,-1.401298464324817e-45,0.0,0.0,0.0,-1.401298464324817e-45,0.0,0.0,0.0,0.0,0.0,0.0,0.0,47692.0,14.0,39436.0,34018.0,14.0,39448.0
28.507959772992763,0.0,-1.401298464324817e-45,0.0,0.0,0.0,-1.401298464324817e-45,0.0,0.0,0.0,0.0,0.0,0.0,0.0,47693.0,14.0,39456.0,34019.0,14.0,39468.0
28.519399377997615,0.0,-1.401298464324817e-45,0.0,0.0,0.0,-1.401298464324817e-45,0.0,0.0,0.0,0.0,0.0,0.0,0.0,47694.0,14.0,39476.0,34020.0,14.0,39488.0
28.56136890599737,0.0,-1.401298464324817e-45,0.0,0.0,0.0,-1.401298464324817e-45,0.0,0.0,0.0,0.0,0.0,0.0,0.0,47695.0,14.0,39496.0,34021.0,14.0,39508.0
28.561773049994372,0.0,-1.401298464324817e-45,0.0,0.0,0.0,-1.401298464324817e-45,0.0,0.0,0.0,0.0,0.0,0.0,0.0,47696.0,14.0,39516.0,34022.0,14.0,39528.0
28.702833876988734,0.0,-1.401298464324817e-45,0.0,0.0,0.0,-1.401298464324817e-45,0.0,0.0,0.0,0.0,0.0,0.0,0.0,47697.0,14.0,39536.0,34023.0,14.0,39548.0
28.703186175000155,0.0,-1.401298464324817e-45,0.0,0.0,0.0,-1.401298464324817e-45,0.0,0.0,0.0,0.0,0.0,0.0,0.0,47698.0,14.0,39556.0,34024.0,14.0,39568.0
28.703461678989697,0.0,-1.401298464324817e-45,0.0,0.0,0.0,-1.401298464324817e-45,0.0,0.0,0.0,0.0,0.0,0.0,0.0,47699.0,14.0,39576.0,34025.0,14.0,39588.0
28.70358122199832,0.0,-1.401298464324817e-45,0.0,0.0,0.0,-1.401298464324817e-45,0.0,0.0,0.0,0.0,0.0,0.0,0.0,47700.0,14.0,39596.0,34026.0,14.0,39608.0
28.703638859995408,0.0,-1.401298464324817e-45,0.0,0.0,0.0,-1.401298464324817e-45,0.0,0.0,0.0,0.0,0.0,0.0,0.0,47701.0,14.0,39616.0,34027.0,14.0,39629.0
28.703694413998164,0.0,-1.401298464324817e-45,0.0,0.0,0.0,-1.401298464324817e-45,0.0,0.0,0.0,0.0,0.0,0.0,0.0,47702.0,14.0,39636.0,34028.0,14.0,39649.0
28.704899813994416,0.0,-1.401298464324817e-45,0.0,0.0,0.0,-1.401298464324817e-45,0.0,0.0,0.0,0.0,0.0,0.0,0.0,47703.0,14.0,39656.0,34029.0,14.0,39663.0
28.7481989129883,0.0,-1.401298464324817e-45,0.0,0.0,0.0,-1.401298464324817e-45,0.0,0.0,0.0,0.0,0.0,0.0,0.0,47705.0,14.0,39696.0,34030.0,14.0,39699.0
28.748293639990152,0.0,-1.401298464324817e-45,0.0,0.0,0.0,-1.401298464324817e-45,0.0,0.0,0.0,0.0,0.0,0.0,0.0,47705.0,14.0,39696.0,34031.0,14.0,39704.0
28.75771442599944,0.0,-1.401298464324817e-45,0.0,0.0,0.0,-1.401298464324817e-45,0.0,0.0,0.0,0.0,0.0,0.0,0.0,47707.0,14.0,39736.0,34032.0,14.0,39739.0
28.786308053997345,0.0,-1.401298464324817e-45,0.0,0.0,0.0,-1.401298464324817e-45,0.0,0.0,0.0,0.0,0.0,0.0,0.0,47707.0,14.0,39736.0,34033.0,14.0,39745.0
28.791923646989744,0.0,-1.401298464324817e-45,0.0,0.0,0.0,-1.401298464324817e-45,0.0,0.0,0.0,0.0,0.0,0.0,0.0,47708.0,14.0,39756.0,34034.0,14.0,39769.0
28.927640858993982,0.0,-1.401298464324817e-45,0.0,0.0,0.0,-1.401298464324817e-45,0.0,0.0,0.0,0.0,0.0,0.0,0.0,47709.0,14.0,39776.0,34035.0,14.0,39788.0
28.92774993299099,0.0,-1.401298464324817e-45,0.0,0.0,0.0,-1.401298464324817e-45,0.0,0.0,0.0,0.0,0.0,0.0,0.0,47710.0,14.0,39796.0,34036.0,14.0,39808.0
28.92781767899578,0.0,-1.401298464324817e-45,0.0,0.0,0.0,-1.401298464324817e-45,0.0,0.0,0.0,0.0,0.0,0.0,0.0,47711.0,14.0,39816.0,34037.0,14.0,39828.0
28.92787491600029,0.0,-1.401298464324817e-45,0.0,0.0,0.0,-1.401298464324817e-45,0.0,0.0,0.0,0.0,0.0,0.0,0.0,47712.0,14.0,39836.0,34038.0,14.0,39848.0
28.92793053999776,0.0,-1.401298464324817e-45,0.0,0.0,0.0,-1.401298464324817e-45,0.0,0.0,0.0,0.0,0.0,0.0,0.0,47713.0,14.0,39856.0,34039.0,14.0,39868.0
28.927984841997386,0.0,-1.401298464324817e-45,0.0,0.0,0.0,-1.401298464324817e-45,0.0,0.0,0.0,0.0,0.0,0.0,0.0,47714.0,14.0,39876.0,34040.0,14.0,39889.0
28.945515056999284,0.0,-1.401298464324817e-45,0.0,0.0,0.0,-1.401298464324817e-45,0.0,0.0,0.0,0.0,0.0,0.0,0.0,47715.0,14.0,39896.0,34041.0,14.0,39908.0
28.948334460001206,0.0,-1.401298464324817e-45,0.0,0.0,0.0,-1.401298464324817e-45,0.0,0.0,0.0,0.0,0.0,0.0,0.0,47716.0,14.0,39916.0,34042.0,14.0,39929.0
28.96805029499228,0.0,-1.401298464324817e-45,0.0,0.0,0.0,-1.401298464324817e-45,0.0,0.0,0.0,0.0,0.0,0.0,0.0,47717.0,14.0,39936.0,34043.0,14.0,39949.0
28.98149456299143,0.0,-1.401298464324817e-45,0.0,0.0,0.0,-1.401298464324817e-45,0.0,0.0,0.0,0.0,0.0,0.0,0.0,47718.0,14.0,39956.0,34044.0,14.0,39963.0
29.152566536999075,0.0,-1.401298464324817e-45,0.0,0.0,0.0,-1.401298464324817e-45,0.0,0.0,0.0,0.0,0.0,0.0,0.0,47720.0,14.0,39996.0,34045.0,14.0,39999.0
29.15267509999103,0.0,-1.401298464324817e-45,0.0,0.0,0.0,-1.401298464324817e-45,0.0,0.0,0.0,0.0,0.0,0.0,0.0,47720.0,14.0,39996.0,34046.0,14.0,40005.0
29.1527470239962,0.0,-1.401298464324817e-45,0.0,0.0,0.0,-1.401298464324817e-45,0.0,0.0,0.0,0.0,0.0,0.0,0.0,47721.0,14.0,40016.0,34047.0,14.0,40029.0
29.152805082994746,0.0,-1.401298464324817e-45,0.0,0.0,0.0,-1.401298464324817e-45,0.0,0.0,0.0,0.0,0.0,0.0,0.0,47722.0,14.0,40036.0,34048.0,14.0,40049.0
29.152859623995028,0.0,-1.401298464324817e-45,0.0,0.0,0.0,-1.401298464324817e-45,0.0,0.0,0.0,0.0,0.0,0.0,0.0,47723.0,14.0,40056.0,34049.0,14.0,40068.0
29.152915518992813,0.0,-1.401298464324817e-45,0.0,0.0,0.0,-1.401298464324817e-45,0.0,0.0,0.0,0.0,0.0,0.0,0.0,47724.0,14.0,40076.0,34050.0,14.0,40088.0
29.16480633598985,0.0,-1.401298464324817e-45,0.0,0.0,0.0,-1.401298464324817e-45,0.0,0.0,0.0,0.0,0.0,0.0,0.0,47725.0,14.0,40096.0,34051.0,14.0,40108.0
29.165113269002177,0.0,-1.401298464324817e-45,0.0,0.0,0.0,-1.401298464324817e-45,0.0,0.0,0.0,0.0,0.0,0.0,0.0,47726.0,14.0,40116.0,34052.0,14.0,40128.0
29.189489974989556,0.0,-1.401298464324817e-45,0.0,0.0,0.0,-1.401298464324817e-45,0.0,0.0,0.0,0.0,0.0,0.0,0.0,47728.0,14.0,40156.0,34053.0,14.0,40157.0
29.212054988995078,0.0,-1.401298464324817e-45,0.0,0.0,0.0,-1.401298464324817e-45,0.0,0.0,0.0,0.0,0.0,0.0,0.0,47728.0,14.0,40156.0,34054.0,14.0,40166.0
29.222231566993287,0.0,-1.401298464324817e-45,0.0,0.0,0.0,-1.401298464324817e-45,0.0,0.0,0.0,0.0,0.0,0.0,0.0,47729.0,14.0,40176.0,34055.0,14.0,40188.0
29.233915188000537,0.0,-1.401298464324817e-45,0.0,0.0,0.0,-1.401298464324817e-45,0.0,0.0,0.0,0.0,0.0,0.0,0.0,47730.0,14.0,40196.0,34056.0,14.0,40209.0
29.377667262000614,0.0,-1.401298464324817e-45,0.0,0.0,0.0,-1.401298464324817e-45,0.0,0.0,0.0,0.0,0.0,0.0,0.0,47731.0,14.0,40216.0,34057.0,14.0,40229.0
29.377759554001386,0.0,-1.401298464324817e-45,0.0,0.0,0.0,-1.401298464324817e-45,0.0,0.0,0.0,0.0,0.0,0.0,0.0,47732.0,14.0,40236.0,34058.0,14.0,40250.0
29.377818765002303,0.0,-1.401298464324817e-45,0.0,0.0,0.0,-1.401298464324817e-45,0.0,0.0,0.0,0.0,0.0,0.0,0.0,47734.0,14.0,40276.0,34059.0,14.0,40279.0
29.377874207988498,0.0,-1.401298464324817e-45,0.0,0.0,0.0,-1.401298464324817e-45,0.0,0.0,0.0,0.0,0.0,0.0,0.0,47734.0,14.0,40276.0,34060.0,14.0,40285.0
29.41065524300211,0.0,-1.401298464324817e-45,0.0,0.0,0.0,-1.401298464324817e-45,0.0,0.0,0.0,0.0,0.0,0.0,0.0,47735.0,14.0,40296.0,34061.0,14.0,40309.0
29.410738669001148,0.0,-1.401298464324817e-45,0.0,0.0,0.0,-1.401298464324817e-45,0.0,0.0,0.0,0.0,0.0,0.0,0.0,47736.0,14.0,40316.0,34062.0,14.0,40328.0
29.427188567991834,0.0,-1.401298464324817e-45,0.0,0.0,0.0,-1.401298464324817e-45,0.0,0.0,0.0,0.0,0.0,0.0,0.0,47737.0,14.0,40336.0,34063.0,14.0,40349.0
29.427296850000857,0.0,-1.401298464324817e-45,0.0,0.0,0.0,-1.401298464324817e-45,0.0,0.0,0.0,0.0,0.0,0.0,0.0,47738.0,14.0,40356.0,34064.0,14.0,40368.0
29.427355038002133,0.0,-1.401298464324817e-45,0.0,0.0,0.0,-1.401298464324817e-45,0.0,0.0,0.0,0.0,0.0,0.0,0.0,47739.0,14.0,40376.0,34065.0,14.0,40388.0
29.435115545988083,0.0,-1.401298464324817e-45,0.0,0.0,0.0,-1.401298464324817e-45,0.0,0.0,0.0,0.0,0.0,0.0,0.0,47740.0,14.0,40396.0,34066.0,14.0,40408.0
29.592706834999262,0.0,-1.401298464324817e-45,0.0,0.0,0.0,-1.401298464324817e-45,0.0,0.0,0.0,0.0,0.0,0.0,0.0,47741.0,14.0,40416.0,34067.0,14.0,40428.0
29.592825776999234,0.0,-1.401298464324817e-45,0.0,0.0,0.0,-1.401298464324817e-45,0.0,0.0,0.0,0.0,0.0,0.0,0.0,47742.0,14.0,40436.0,34068.0,14.0,40448.0
29.592902920994675,0.0,-1.401298464324817e-45,0.0,0.0,0.0,-1.401298464324817e-45,0.0,0.0,0.0,0.0,0.0,0.0,0.0,47743.0,14.0,40456.0,34069.0,14.0,40469.0
29.592964965995634,0.0,-1.401298464324817e-45,0.0,0.0,0.0,-1.401298464324817e-45,0.0,0.0,0.0,0.0,0.0,0.0,0.0,47744.0,14.0,40476.0,34070.0,14.0,40489.0
29.593022914996254,0.0,-1.401298464324817e-45,0.0,0.0,0.0,-1.401298464324817e-45,0.0,0.0,0.0,0.0,0.0,0.0,0.0,47745.0,14.0,40496.0,34071.0,14.0,40508.0
29.593078819001676,0.0,-1.401298464324817e-45,0.0,0.0,0.0,-1.401298464324817e-45,0.0,0.0,0.0,0.0,0.0,0.0,0.0,47746.0,14.0,40516.0,34072.0,14.0,40528.0
29.639488014989183,0.0,-1.401298464324817e-45,0.0,0.0,0.0,-1.401298464324817e-45,0.0,0.0,0.0,0.0,0.0,0.0,0.0,47747.0,14.0,40536.0,34073.0,14.0,40548.0
29.639880488000927,0.0,-1.401298464324817e-45,0.0,0.0,0.0,-1.401298464324817e-45,0.0,0.0,0.0,0.0,0.0,0.0,0.0,47748.0,14.0,40556.0,34074.0,14.0,40568.0
29.64014601300005,0.0,-1.401298464324817e-45,0.0,0.0,0.0,-1.401298464324817e-45,0.0,0.0,0.0,0.0,0.0,0.0,0.0,47749.0,14.0,40576.0,34075.0,14.0,40588.0
29.640379919990664,0.0,-1.401298464324817e-45,0.0,0.0,0.0,-1.401298464324817e-45,0.0,0.0,0.0,0.0,0.0,0.0,0.0,47750.0,14.0,40596.0,34076.0,14.0,40608.0
29.801377828000113,0.0,-1.401298464324817e-45,0.0,0.0,0.0,-1.401298464324817e-45,0.0,0.0,0.0,0.0,0.0,0.0,0.0,47751.0,14.0,40616.0,34077.0,14.0,40629.0
29.801722421994782,0.0,-1.401298464324817e-45,0.0,0.0,0.0,-1.401298464324817e-45,0.0,0.0,0.0,0.0,0.0,0.0,0.0,47752.0,14.0,40636.0,34078.0,14.0,40648.0
29.801786110998364,0.0,-1.401298464324817e-45,0.0,0.0,0.0,-1.401298464324817e-45,0.0,0.0,0.0,0.0,0.0,0.0,0.0,47753.0,14.0,40656.0,34079.0,14.0,40668.0
29.80184758499672,0.0,-1.401298464324817e-45,0.0,0.0,0.0,-1.401298464324817e-45,0.0,0.0,0.0,0.0,0.0,0.0,0.0,47754.0,14.0,40676.0,34080.0,14.0,40688.0
29.801904982989072,0.0,-1.401298464324817e-45,0.0,0.0,0.0,-1.401298464324817e-45,0.0,0.0,0.0,0.0,0.0,0.0,0.0,47755.0,14.0,40696.0,34081.0,14.0,40709.0
29.801960286000394,0.0,-1.401298464324817e-45,0.0,0.0,0.0,-1.401298464324817e-45,0.0,0.0,0.0,0.0,0.0,0.0,0.0,47756.0,14.0,40716.0,34082.0,14.0,40728.0
29.802015167995705,0.0,-1.401298464324817e-45,0.0,0.0,0.0,-1.401298464324817e-45,0.0,0.0,0.0,0.0,0.0,0.0,0.0,47757.0,14.0,40736.0,34083.0,14.0,40750.0
29.8251788100024,0.0,-1.401298464324817e-45,0.0,0.0,0.0,-1.401298464324817e-45,0.0,0.0,0.0,0.0,0.0,0.0,0.0,47759.0,14.0,40776.0,34084.0,14.0,40779.0
29.82545721999486,0.0,-1.401298464324817e-45,0.0,0.0,0.0,-1.401298464324817e-45,0.0,0.0,0.0,0.0,0.0,0.0,0.0,47759.0,14.0,40776.0,34085.0,14.0,40784.0
29.84552792699833,0.0,-1.401298464324817e-45,0.0,0.0,0.0,-1.401298464324817e-45,0.0,0.0,0.0,0.0,0.0,0.0,0.0,47761.0,14.0,40816.0,34086.0,14.0,40819.0
29.84935797700018,0.0,-1.401298464324817e-45,0.0,0.0,0.0,-1.401298464324817e-45,0.0,0.0,0.0,0.0,0.0,0.0,0.0,47761.0,14.0,40816.0,34087.0,14.0,40824.0
30.058448297000723,0.0,-1.401298464324817e-45,0.0,0.0,0.0,-1.401298464324817e-45,0.0,0.0,0.0,0.0,0.0,0.0,0.0,47763.0,14.0,40856.0,34088.0,14.0,40859.0
30.05860215399298,0.0,-1.401298464324817e-45,0.0,0.0,0.0,-1.401298464324817e-45,0.0,0.0,0.0,0.0,0.0,0.0,0.0,47763.0,14.0,40856.0,34089.0,14.0,40868.0
30.05868036999891,0.0,-1.401298464324817e-45,0.0,0.0,0.0,-1.401298464324817e-45,0.0,0.0,0.0,0.0,0.0,0.0,0.0,47764.0,14.0,40876.0,34090.0,14.0,40888.0
30.058749618998263,0.0,-1.401298464324817e-45,0.0,0.0,0.0,-1.401298464324817e-45,0.0,0.0,0.0,0.0,0.0,0.0,0.0,47765.0,14.0,40896.0,34091.0,14.0,40908.0
30.058815080992645,0.0,-1.401298464324817e-45,0.0,0.0,0.0,-1.401298464324817e-45,0.0,0.0,0.0,0.0,0.0,0.0,0.0,47766.0,14.0,40916.0,34092.0,14.0,40929.0
30.058875724993413,0.0,-1.401298464324817e-45,0.0,0.0,0.0,-1.401298464324817e-45,0.0,0.0,0.0,0.0,0.0,0.0,0.0,47767.0,14.0,40936.0,34093.0,14.0,40948.0
30.113490509989788,0.0,-1.401298464324817e-45,0.0,0.0,0.0,-1.401298464324817e-45,0.0,0.0,0.0,0.0,0.0,0.0,0.0,47768.0,14.0,40956.0,34094.0,14.0,40968.0
30.11359589699714,0.0,-1.401298464324817e-45,0.0,0.0,0.0,-1.401298464324817e-45,0.0,0.0,0.0,0.0,0.0,0.0,0.0,47769.0,14.0,40976.0,34095.0,14.0,40988.0
30.11366873299994,0.0,-1.401298464324817e-45,0.0,0.0,0.0,-1.401298464324817e-45,0.0,0.0,0.0,0.0,0.0,0.0,0.0,47770.0,14.0,40996.0,34096.0,14.0,41008.0
30.23850877500081,0.0,-1.401298464324817e-45,0.0,0.0,0.0,-1.401298464324817e-45,0.0,0.0,0.0,0.0,0.0,0.0,0.0,47771.0,14.0,41016.0,34097.0,14.0,41028.0
30.23864096098987,0.0,-1.401298464324817e-45,0.0,0.0,0.0,-1.401298464324817e-45,0.0,0.0,0.0,0.0,0.0,0.0,0.0,47772.0,14.0,41036.0,34098.0,14.0,41048.0
30.238710099991295,0.0,-1.401298464324817e-45,0.0,0.0,0.0,-1.401298464324817e-45,0.0,0.0,0.0,0.0,0.0,0.0,0.0,47774.0,14.0,41076.0,34100.0,14.0,41088.0
30.238771083997563,0.0,-1.401298464324817e-45,0.0,0.0,0.0,-1.401298464324817e-45,0.0,0.0,0.0,0.0,0.0,0.0,0.0,47775.0,14.0,41096.0,34101.0,14.0,41108.0
30.23882958300237,0.0,-1.401298464324817e-45,0.0,0.0,0.0,-1.401298464324817e-45,0.0,0.0,0.0,0.0,0.0,0.0,0.0,47776.0,14.0,41116.0,34102.0,14.0,41129.0
30.247881771996617,0.0,-1.401298464324817e-45,0.0,0.0,0.0,-1.401298464324817e-45,0.0,0.0,0.0,0.0,0.0,0.0,0.0,47781.0,14.0,41216.0,34103.0,14.0,41229.0
30.26021347299684,0.0,-1.401298464324817e-45,0.0,0.0,0.0,-1.401298464324817e-45,0.0,0.0,0.0,0.0,0.0,0.0,0.0,47782.0,14.0,41236.0,34104.0,14.0,41241.0
30.28751904699311,0.0,-1.401298464324817e-45,0.0,0.0,0.0,-1.401298464324817e-45,0.0,0.0,0.0,0.0,0.0,0.0,0.0,47783.0,14.0,41256.0,34105.0,14.0,41269.0
30.307850482000504,0.0,-1.401298464324817e-45,0.0,0.0,0.0,-1.401298464324817e-45,0.0,0.0,0.0,0.0,0.0,0.0,0.0,47784.0,14.0,41276.0,34106.0,14.0,41289.0
30.333118912996724,0.0,-1.401298464324817e-45,0.0,0.0,0.0,-1.401298464324817e-45,0.0,0.0,0.0,0.0,0.0,0.0,0.0,47785.0,14.0,41296.0,34107.0,14.0,41309.0
30.473563385996385,0.0,-1.401298464324817e-45,0.0,0.0,0.0,-1.401298464324817e-45,0.0,0.0,0.0,0.0,0.0,0.0,0.0,47786.0,14.0,41316.0,34108.0,14.0,41329.0
30.4737070639967,0.0,-1.401298464324817e-45,0.0,0.0,0.0,-1.401298464324817e-45,0.0,0.0,0.0,0.0,0.0,0.0,0.0,47787.0,14.0,41336.0,34109.0,14.0,41349.0
30.473776222992456,0.0,-1.401298464324817e-45,0.0,0.0,0.0,-1.401298464324817e-45,0.0,0.0,0.0,0.0,0.0,0.0,0.0,47788.0,14.0,41356.0,34110.0,14.0,41368.0
30.47383708698908,0.0,-1.401298464324817e-45,0.0,0.0,0.0,-1.401298464324817e-45,0.0,0.0,0.0,0.0,0.0,0.0,0.0,47789.0,14.0,41376.0,34111.0,14.0,41388.0
30.473894002992893,0.0,-1.401298464324817e-45,0.0,0.0,0.0,-1.401298464324817e-45,0.0,0.0,0.0,0.0,0.0,0.0,0.0,47790.0,14.0,41396.0,34112.0,14.0,41408.0
30.473949766994338,0.0,-1.401298464324817e-45,0.0,0.0,0.0,-1.401298464324817e-45,0.0,0.0,0.0,0.0,0.0,0.0,0.0,47791.0,14.0,41416.0,34113.0,14.0,41428.0
30.474005490992568,0.0,-1.401298464324817e-45,0.0,0.0,0.0,-1.401298464324817e-45,0.0,0.0,0.0,0.0,0.0,0.0,0.0,47792.0,14.0,41436.0,34114.0,14.0,41448.0
30.4883871889906,0.0,-1.401298464324817e-45,0.0,0.0,0.0,-1.401298464324817e-45,0.0,0.0,0.0,0.0,0.0,0.0,0.0,47793.0,14.0,41456.0,34115.0,14.0,41469.0
30.539905773999635,0.0,-1.401298464324817e-45,0.0,0.0,0.0,-1.401298464324817e-45,0.0,0.0,0.0,0.0,0.0,0.0,0.0,47794.0,14.0,41476.0,34116.0,14.0,41488.0
30.5401124899945,0.0,-1.401298464324817e-45,0.0,0.0,0.0,-1.401298464324817e-45,0.0,0.0,0.0,0.0,0.0,0.0,0.0,47795.0,14.0,41496.0,34117.0,14.0,41508.0
30.677289942992502,0.0,-1.401298464324817e-45,0.0,0.0,0.0,-1.401298464324817e-45,0.0,0.0,0.0,0.0,0.0,0.0,0.0,47796.0,14.0,41516.0,34118.0,14.0,41529.0
30.677629867990618,0.0,-1.401298464324817e-45,0.0,0.0,0.0,-1.401298464324817e-45,0.0,0.0,0.0,0.0,0.0,0.0,0.0,47797.0,14.0,41536.0,34119.0,14.0,41542.0
30.677739933002158,0.0,-1.401298464324817e-45,0.0,0.0,0.0,-1.401298464324817e-45,0.0,0.0,0.0,0.0,0.0,0.0,0.0,47798.0,14.0,41556.0,34120.0,14.0,41568.0
30.67781459300022,0.0,-1.401298464324817e-45,0.0,0.0,0.0,-1.401298464324817e-45,0.0,0.0,0.0,0.0,0.0,0.0,0.0,47799.0,14.0,41576.0,34121.0,14.0,41588.0
30.677888651000103,0.0,-1.401298464324817e-45,0.0,0.0,0.0,-1.401298464324817e-45,0.0,0.0,0.0,0.0,0.0,0.0,0.0,47800.0,14.0,41596.0,34122.0,14.0,41608.0
30.67796590499347,0.0,-1.401298464324817e-45,0.0,0.0,0.0,-1.401298464324817e-45,0.0,0.0,0.0,0.0,0.0,0.0,0.0,47801.0,14.0,41616.0,34123.0,14.0,41629.0
30.681159316998674,0.0,-1.401298464324817e-45,0.0,0.0,0.0,-1.401298464324817e-45,0.0,0.0,0.0,0.0,0.0,0.0,0.0,47803.0,14.0,41656.0,34124.0,14.0,41659.0
30.68435490199772,0.0,-1.401298464324817e-45,0.0,0.0,0.0,-1.401298464324817e-45,0.0,0.0,0.0,0.0,0.0,0.0,0.0,47803.0,14.0,41656.0,34125.0,14.0,41666.0
30.70746131800115,0.0,-1.401298464324817e-45,0.0,0.0,0.0,-1.401298464324817e-45,0.0,0.0,0.0,0.0,0.0,0.0,0.0,47804.0,14.0,41676.0,34126.0,14.0,41689.0
30.727586387001793,0.0,-1.401298464324817e-45,0.0,0.0,0.0,-1.401298464324817e-45,0.0,0.0,0.0,0.0,0.0,0.0,0.0,47805.0,14.0,41696.0,34127.0,14.0,41709.0
30.93755781299842,0.0,-1.401298464324817e-45,0.0,0.0,0.0,-1.401298464324817e-45,0.0,0.0,0.0,0.0,0.0,0.0,0.0,47806.0,14.0,41716.0,34128.0,14.0,41729.0
30.93785077999928,0.0,-1.401298464324817e-45,0.0,0.0,0.0,-1.401298464324817e-45,0.0,0.0,0.0,0.0,0.0,0.0,0.0,47807.0,14.0,41737.0,34129.0,14.0,41750.0
30.93791844599764,0.0,-1.401298464324817e-45,0.0,0.0,0.0,-1.401298464324817e-45,0.0,0.0,0.0,0.0,0.0,0.0,0.0,47808.0,14.0,41756.0,34130.0,14.0,41768.0
30.937979850990814,0.0,-1.401298464324817e-45,0.0,0.0,0.0,-1.401298464324817e-45,0.0,0.0,0.0,0.0,0.0,0.0,0.0,47809.0,14.0,41776.0,34131.0,14.0,41788.0
30.93804230800015,0.0,-1.401298464324817e-45,0.0,0.0,0.0,-1.401298464324817e-45,0.0,0.0,0.0,0.0,0.0,0.0,0.0,47810.0,14.0,41796.0,34132.0,14.0,41808.0
30.938100175990257,0.0,-1.401298464324817e-45,0.0,0.0,0.0,-1.401298464324817e-45,0.0,0.0,0.0,0.0,0.0,0.0,0.0,47811.0,14.0,41816.0,34133.0,14.0,41828.0
30.938156400996377,0.0,-1.401298464324817e-45,0.0,0.0,0.0,-1.401298464324817e-45,0.0,0.0,0.0,0.0,0.0,0.0,0.0,47812.0,14.0,41836.0,34134.0,14.0,41848.0
30.938210851993063,0.0,-1.401298464324817e-45,0.0,0.0,0.0,-1.401298464324817e-45,0.0,0.0,0.0,0.0,0.0,0.0,0.0,47813.0,14.0,41856.0,34135.0,14.0,41868.0
31.14657869900111,0.0,-1.401298464324817e-45,0.0,0.0,0.0,-1.401298464324817e-45,0.0,0.0,0.0,0.0,0.0,0.0,0.0,47816.0,14.0,41916.0,34138.0,14.0,41929.0
31.14706584799569,0.0,-1.401298464324817e-45,0.0,0.0,0.0,-1.401298464324817e-45,0.0,0.0,0.0,0.0,0.0,0.0,0.0,47818.0,14.0,41956.0,34139.0,14.0,41959.0
31.147180261992617,0.0,-1.401298464324817e-45,0.0,0.0,0.0,-1.401298464324817e-45,0.0,0.0,0.0,0.0,0.0,0.0,0.0,47818.0,14.0,41956.0,34140.0,14.0,41964.0
31.147243510000408,0.0,-1.401298464324817e-45,0.0,0.0,0.0,-1.401298464324817e-45,0.0,0.0,0.0,0.0,0.0,0.0,0.0,47820.0,14.0,41996.0,34141.0,14.0,41999.0
31.147300786993583,0.0,-1.401298464324817e-45,0.0,0.0,0.0,-1.401298464324817e-45,0.0,0.0,0.0,0.0,0.0,0.0,0.0,47820.0,14.0,41996.0,34142.0,14.0,42004.0
31.147355267996318,0.0,-1.401298464324817e-45,0.0,0.0,0.0,-1.401298464324817e-45,0.0,0.0,0.0,0.0,0.0,0.0,0.0,47822.0,14.0,42036.0,34143.0,14.0,42039.0
31.14741765499639,0.0,-1.401298464324817e-45,0.0,0.0,0.0,-1.401298464324817e-45,0.0,0.0,0.0,0.0,0.0,0.0,0.0,47822.0,14.0,42036.0,34144.0,14.0,42048.0
31.147477926991996,0.0,-1.401298464324817e-45,0.0,0.0,0.0,-1.401298464324817e-45,0.0,0.0,0.0,0.0,0.0,0.0,0.0,47823.0,14.0,42056.0,34145.0,14.0,42068.0
31.17432807199657,0.0,-1.401298464324817e-45,0.0,0.0,0.0,-1.401298464324817e-45,0.0,0.0,0.0,0.0,0.0,0.0,0.0,47824.0,14.0,42076.0,34146.0,14.0,42088.0
31.174639523000224,0.0,-1.401298464324817e-45,0.0,0.0,0.0,-1.401298464324817e-45,0.0,0.0,0.0,0.0,0.0,0.0,0.0,47825.0,14.0,42096.0,34147.0,14.0,42108.0
31.17487590399105,0.0,-1.401298464324817e-45,0.0,0.0,0.0,-1.401298464324817e-45,0.0,0.0,0.0,0.0,0.0,0.0,0.0,47826.0,14.0,42116.0,34148.0,14.0,42128.0
31.348768951997044,0.0,-1.401298464324817e-45,0.0,0.0,0.0,-1.401298464324817e-45,0.0,0.0,0.0,0.0,0.0,0.0,0.0,47832.0,14.0,42236.0,34149.0,14.0,42253.0
31.349094730991055,0.0,-1.401298464324817e-45,0.0,0.0,0.0,-1.401298464324817e-45,0.0,0.0,0.0,0.0,0.0,0.0,0.0,47834.0,14.0,42276.0,34150.0,14.0,42279.0
31.34934015899489,0.0,-1.401298464324817e-45,0.0,0.0,0.0,-1.401298464324817e-45,0.0,0.0,0.0,0.0,0.0,0.0,0.0,47834.0,14.0,42276.0,34151.0,14.0,42284.0
31.379742805002024,0.0,-1.401298464324817e-45,0.0,0.0,0.0,-1.401298464324817e-45,0.0,0.0,0.0,0.0,0.0,0.0,0.0,47836.0,14.0,42316.0,34152.0,14.0,42319.0
31.379868830001215,0.0,-1.401298464324817e-45,0.0,0.0,0.0,-1.401298464324817e-45,0.0,0.0,0.0,0.0,0.0,0.0,0.0,47836.0,14.0,42316.0,34153.0,14.0,42325.0
31.379938500002027,0.0,-1.401298464324817e-45,0.0,0.0,0.0,-1.401298464324817e-45,0.0,0.0,0.0,0.0,0.0,0.0,0.0,47837.0,14.0,42336.0,34154.0,14.0,42349.0
31.387636941988603,0.0,-1.401298464324817e-45,0.0,0.0,0.0,-1.401298464324817e-45,0.0,0.0,0.0,0.0,0.0,0.0,0.0,47838.0,14.0,42356.0,34155.0,14.0,42369.0
31.438991441988037,0.0,-1.401298464324817e-45,0.0,0.0,0.0,-1.401298464324817e-45,0.0,0.0,0.0,0.0,0.0,0.0,0.0,47839.0,14.0,42376.0,34156.0,14.0,42388.0
31.43938485599938,0.0,-1.401298464324817e-45,0.0,0.0,0.0,-1.401298464324817e-45,0.0,0.0,0.0,0.0,0.0,0.0,0.0,47840.0,14.0,42396.0,34157.0,14.0,42408.0
31.56770724199305,0.0,-1.401298464324817e-45,0.0,0.0,0.0,-1.401298464324817e-45,0.0,0.0,0.0,0.0,0.0,0.0,0.0,47841.0,14.0,42416.0,34158.0,14.0,42428.0
31.57250177199603,0.0,-1.401298464324817e-45,0.0,0.0,0.0,-1.401298464324817e-45,0.0,0.0,0.0,0.0,0.0,0.0,0.0,47842.0,14.0,42436.0,34159.0,14.0,42449.0
31.57612105899898,0.0,-1.401298464324817e-45,0.0,0.0,0.0,-1.401298464324817e-45,0.0,0.0,0.0,0.0,0.0,0.0,0.0,47843.0,14.0,42456.0,34160.0,14.0,42468.0
31.576356528996257,0.0,-1.401298464324817e-45,0.0,0.0,0.0,-1.401298464324817e-45,0.0,0.0,0.0,0.0,0.0,0.0,0.0,47844.0,14.0,42476.0,34161.0,14.0,42489.0
31.576601765991654,0.0,-1.401298464324817e-45,0.0,0.0,0.0,-1.401298464324817e-45,0.0,0.0,0.0,0.0,0.0,0.0,0.0,47845.0,14.0,42496.0,34162.0,14.0,42508.0
31.576830863996292,0.0,-1.401298464324817e-45,0.0,0.0,0.0,-1.401298464324817e-45,0.0,0.0,0.0,0.0,0.0,0.0,0.0,47846.0,14.0,42516.0,34163.0,14.0,42528.0
31.589876918995287,0.0,-1.401298464324817e-45,0.0,0.0,0.0,-1.401298464324817e-45,0.0,0.0,0.0,0.0,0.0,0.0,0.0,47847.0,14.0,42536.0,34164.0,14.0,42549.0
31.619126161996974,0.0,-1.401298464324817e-45,0.0,0.0,0.0,-1.401298464324817e-45,0.0,0.0,0.0,0.0,0.0,0.0,0.0,47848.0,14.0,42556.0,34165.0,14.0,42568.0
31.777430938993348,0.0,-1.401298464324817e-45,0.0,0.0,0.0,-1.401298464324817e-45,0.0,0.0,0.0,0.0,0.0,0.0,0.0,47849.0,14.0,42576.0,34166.0,14.0,42588.0
31.777782195000327,0.0,-1.401298464324817e-45,0.0,0.0,0.0,-1.401298464324817e-45,0.0,0.0,0.0,0.0,0.0,0.0,0.0,47850.0,14.0,42596.0,34167.0,14.0,42608.0
31.777853829000378,0.0,-1.401298464324817e-45,0.0,0.0,0.0,-1.401298464324817e-45,0.0,0.0,0.0,0.0,0.0,0.0,0.0,47851.0,14.0,42616.0,34168.0,14.0,42628.0
31.777914992999285,0.0,-1.401298464324817e-45,0.0,0.0,0.0,-1.401298464324817e-45,0.0,0.0,0.0,0.0,0.0,0.0,0.0,47852.0,14.0,42636.0,34169.0,14.0,42648.0
31.77797326199652,0.0,-1.401298464324817e-45,0.0,0.0,0.0,-1.401298464324817e-45,0.0,0.0,0.0,0.0,0.0,0.0,0.0,47853.0,14.0,42656.0,34170.0,14.0,42668.0
31.77802882499236,0.0,-1.401298464324817e-45,0.0,0.0,0.0,-1.401298464324817e-45,0.0,0.0,0.0,0.0,0.0,0.0,0.0,47854.0,14.0,42676.0,34171.0,14.0,42689.0
31.778085230995202,0.0,-1.401298464324817e-45,0.0,0.0,0.0,-1.401298464324817e-45,0.0,0.0,0.0,0.0,0.0,0.0,0.0,47855.0,14.0,42696.0,34172.0,14.0,42708.0
31.77814027298882,0.0,-1.401298464324817e-45,0.0,0.0,0.0,-1.401298464324817e-45,0.0,0.0,0.0,0.0,0.0,0.0,0.0,47856.0,14.0,42716.0,34173.0,14.0,42728.0
31.788620748993708,0.0,-1.401298464324817e-45,0.0,0.0,0.0,-1.401298464324817e-45,0.0,0.0,0.0,0.0,0.0,0.0,0.0,47858.0,14.0,42756.0,34175.0,14.0,42769.0
31.80772647599224,0.0,-1.401298464324817e-45,0.0,0.0,0.0,-1.401298464324817e-45,0.0,0.0,0.0,0.0,0.0,0.0,0.0,47859.0,14.0,42776.0,34176.0,14.0,42789.0
31.827637736991164,0.0,-1.401298464324817e-45,0.0,0.0,0.0,-1.401298464324817e-45,0.0,0.0,0.0,0.0,0.0,0.0,0.0,47860.0,14.0,42796.0,34177.0,14.0,42809.0
32.01322919499944,0.0,-1.401298464324817e-45,0.0,0.0,0.0,-1.401298464324817e-45,0.0,0.0,0.0,0.0,0.0,0.0,0.0,47861.0,14.0,42816.0,34178.0,14.0,42828.0
32.0182129189925,0.0,-1.401298464324817e-45,0.0,0.0,0.0,-1.401298464324817e-45,0.0,0.0,0.0,0.0,0.0,0.0,0.0,47862.0,14.0,42836.0,34179.0,14.0,42848.0
32.01857351299259,0.0,-1.401298464324817e-45,0.0,0.0,0.0,-1.401298464324817e-45,0.0,0.0,0.0,0.0,0.0,0.0,0.0,47863.0,14.0,42856.0,34180.0,14.0,42868.0
32.01882070399006,0.0,-1.401298464324817e-45,0.0,0.0,0.0,-1.401298464324817e-45,0.0,0.0,0.0,0.0,0.0,0.0,0.0,47864.0,14.0,42876.0,34181.0,14.0,42888.0
32.01887849198829,0.0,-1.401298464324817e-45,0.0,0.0,0.0,-1.401298464324817e-45,0.0,0.0,0.0,0.0,0.0,0.0,0.0,47865.0,14.0,42896.0,34182.0,14.0,42908.0
32.01893354499771,0.0,-1.401298464324817e-45,0.0,0.0,0.0,-1.401298464324817e-45,0.0,0.0,0.0,0.0,0.0,0.0,0.0,47866.0,14.0,42916.0,34183.0,14.0,42928.0
32.01898897800129,0.0,-1.401298464324817e-45,0.0,0.0,0.0,-1.401298464324817e-45,0.0,0.0,0.0,0.0,0.0,0.0,0.0,47868.0,14.0,42956.0,34185.0,14.0,42968.0
32.0381004059891,0.0,-1.401298464324817e-45,0.0,0.0,0.0,-1.401298464324817e-45,0.0,0.0,0.0,0.0,0.0,0.0,0.0,47869.0,14.0,42976.0,34186.0,14.0,42988.0
32.038476407993585,0.0,-1.401298464324817e-45,0.0,0.0,0.0,-1.401298464324817e-45,0.0,0.0,0.0,0.0,0.0,0.0,0.0,47870.0,14.0,42996.0,34187.0,14.0,43008.0
32.069118130995776,0.0,-1.401298464324817e-45,0.0,0.0,0.0,-1.401298464324817e-45,0.0,0.0,0.0,0.0,0.0,0.0,0.0,47871.0,14.0,43016.0,34188.0,14.0,43028.0
32.318795910992776,0.0,-1.401298464324817e-45,0.0,0.0,0.0,-1.401298464324817e-45,0.0,0.0,0.0,0.0,0.0,0.0,0.0,47873.0,14.0,43056.0,34190.0,14.0,43069.0
32.3189607289969,0.0,-1.401298464324817e-45,0.0,0.0,0.0,-1.401298464324817e-45,0.0,0.0,0.0,0.0,0.0,0.0,0.0,47874.0,14.0,43076.0,34191.0,14.0,43089.0
32.31902927700139,0.0,-1.401298464324817e-45,0.0,0.0,0.0,-1.401298464324817e-45,0.0,0.0,0.0,0.0,0.0,0.0,0.0,47875.0,14.0,43096.0,34192.0,14.0,43109.0
32.319089558994165,0.0,-1.401298464324817e-45,0.0,0.0,0.0,-1.401298464324817e-45,0.0,0.0,0.0,0.0,0.0,0.0,0.0,47876.0,14.0,43116.0,34193.0,14.0,43128.0
32.729877265999676,0.0,-1.401298464324817e-45,0.0,0.0,0.0,-1.401298464324817e-45,0.0,0.0,0.0,0.0,0.0,0.0,0.0,47886.0,14.0,43316.0,34194.0,14.0,43332.0
32.730203806000645,0.0,-1.401298464324817e-45,0.0,0.0,0.0,-1.401298464324817e-45,0.0,0.0,0.0,0.0,0.0,0.0,0.0,47887.0,14.0,43336.0,34195.0,14.0,43348.0
32.73107320899726,0.0,-1.401298464324817e-45,0.0,0.0,0.0,-1.401298464324817e-45,0.0,0.0,0.0,0.0,0.0,0.0,0.0,47888.0,14.0,43356.0,34196.0,14.0,43369.0
32.73273614299251,0.0,-1.401298464324817e-45,0.0,0.0,0.0,-1.401298464324817e-45,0.0,0.0,0.0,0.0,0.0,0.0,0.0,47889.0,14.0,43376.0,34197.0,14.0,43388.0
32.73402449800051,0.0,-1.401298464324817e-45,0.0,0.0,0.0,-1.401298464324817e-45,0.0,0.0,0.0,0.0,0.0,0.0,0.0,47890.0,14.0,43396.0,34198.0,14.0,43408.0
32.74315126700094,0.0,-1.401298464324817e-45,0.0,0.0,0.0,-1.401298464324817e-45,0.0,0.0,0.0,0.0,0.0,0.0,0.0,47891.0,14.0,43416.0,34199.0,14.0,43428.0
32.74474959100189,0.0,-1.401298464324817e-45,0.0,0.0,0.0,-1.401298464324817e-45,0.0,0.0,0.0,0.0,0.0,0.0,0.0,47892.0,14.0,43436.0,34200.0,14.0,43448.0
32.74673188099405,0.0,-1.401298464324817e-45,0.0,0.0,0.0,-1.401298464324817e-45,0.0,0.0,0.0,0.0,0.0,0.0,0.0,47893.0,14.0,43456.0,34201.0,14.0,43468.0
32.74812418100191,0.0,-1.401298464324817e-45,0.0,0.0,0.0,-1.401298464324817e-45,0.0,0.0,0.0,0.0,0.0,0.0,0.0,47894.0,14.0,43476.0,34202.0,14.0,43488.0
32.74929996598803,0.0,-1.401298464324817e-45,0.0,0.0,0.0,-1.401298464324817e-45,0.0,0.0,0.0,0.0,0.0,0.0,0.0,47895.0,14.0,43496.0,34203.0,14.0,43509.0
32.75375958099903,0.0,-1.401298464324817e-45,0.0,0.0,0.0,-1.401298464324817e-45,0.0,0.0,0.0,0.0,0.0,0.0,0.0,47905.0,14.0,43696.0,34213.0,14.0,43709.0
32.755780282997875,0.0,-1.401298464324817e-45,0.0,0.0,0.0,-1.401298464324817e-45,0.0,0.0,0.0,0.0,0.0,0.0,0.0,47906.0,14.0,43716.0,34214.0,14.0,43729.0
32.769539408996934,0.0,-1.401298464324817e-45,0.0,0.0,0.0,-1.401298464324817e-45,0.0,0.0,0.0,0.0,0.0,0.0,0.0,47907.0,14.0,43736.0,34215.0,14.0,43751.0
32.789958077992196,0.0,-1.401298464324817e-45,0.0,0.0,0.0,-1.401298464324817e-45,0.0,0.0,0.0,0.0,0.0,0.0,0.0,47908.0,14.0,43756.0,34216.0,14.0,43769.0
32.82382213699748,0.0,-1.401298464324817e-45,0.0,0.0,0.0,-1.401298464324817e-45,0.0,0.0,0.0,0.0,0.0,0.0,0.0,47909.0,14.0,43776.0,34217.0,14.0,43789.0
33.253771471994696,0.0,-1.401298464324817e-45,0.0,0.0,0.0,-1.401298464324817e-45,0.0,0.0,0.0,0.0,0.0,0.0,0.0,47910.0,14.0,43796.0,34218.0,14.0,43808.0
33.25391000098898,0.0,-1.401298464324817e-45,0.0,0.0,0.0,-1.401298464324817e-45,0.0,0.0,0.0,0.0,0.0,0.0,0.0,47911.0,14.0,43816.0,34219.0,14.0,43828.0
33.25397949099715,0.0,-1.401298464324817e-45,0.0,0.0,0.0,-1.401298464324817e-45,0.0,0.0,0.0,0.0,0.0,0.0,0.0,47912.0,14.0,43836.0,34220.0,14.0,43849.0
33.254040464991704,0.0,-1.401298464324817e-45,0.0,0.0,0.0,-1.401298464324817e-45,0.0,0.0,0.0,0.0,0.0,0.0,0.0,47913.0,14.0,43856.0,34221.0,14.0,43868.0
33.254098402991076,0.0,-1.401298464324817e-45,0.0,0.0,0.0,-1.401298464324817e-45,0.0,0.0,0.0,0.0,0.0,0.0,0.0,47914.0,14.0,43876.0,34222.0,14.0,43888.0
33.25415349598916,0.0,-1.401298464324817e-45,0.0,0.0,0.0,-1.401298464324817e-45,0.0,0.0,0.0,0.0,0.0,0.0,0.0,47915.0,14.0,43896.0,34223.0,14.0,43908.0
33.254208467988065,0.0,-1.401298464324817e-45,0.0,0.0,0.0,-1.401298464324817e-45,0.0,0.0,0.0,0.0,0.0,0.0,0.0,47918.0,14.0,43956.0,34226.0,14.0,43968.0
33.25426468299702,0.0,-1.401298464324817e-45,0.0,0.0,0.0,-1.401298464324817e-45,0.0,0.0,0.0,0.0,0.0,0.0,0.0,47919.0,14.0,43976.0,34227.0,14.0,43988.0
33.825164756999584,0.0,-1.401298464324817e-45,0.0,0.0,0.0,-1.401298464324817e-45,0.0,0.0,0.0,0.0,0.0,0.0,0.0,47957.0,14.0,44736.0,34235.0,14.0,44753.0
33.82534431199019,0.0,-1.401298464324817e-45,0.0,0.0,0.0,-1.401298464324817e-45,0.0,0.0,0.0,0.0,0.0,0.0,0.0,47959.0,14.0,44776.0,34236.0,14.0,44778.0
33.82542219699826,0.0,-1.401298464324817e-45,0.0,0.0,0.0,-1.401298464324817e-45,0.0,0.0,0.0,0.0,0.0,0.0,0.0,47959.0,14.0,44776.0,34237.0,14.0,44784.0
33.83838114999526,0.0,-1.401298464324817e-45,0.0,0.0,0.0,-1.401298464324817e-45,0.0,0.0,0.0,0.0,0.0,0.0,0.0,47961.0,14.0,44816.0,34238.0,14.0,44819.0
34.258776697999565,0.0,-1.401298464324817e-45,0.0,0.0,0.0,-1.401298464324817e-45,0.0,0.0,0.0,0.0,0.0,0.0,0.0,47961.0,14.0,44816.0,34239.0,14.0,44828.0
34.25892993398884,0.0,-1.401298464324817e-45,0.0,0.0,0.0,-1.401298464324817e-45,0.0,0.0,0.0,0.0,0.0,0.0,0.0,47962.0,14.0,44836.0,34240.0,14.0,44849.0
34.25900080699648,0.0,-1.401298464324817e-45,0.0,0.0,0.0,-1.401298464324817e-45,0.0,0.0,0.0,0.0,0.0,0.0,0.0,47963.0,14.0,44856.0,34241.0,14.0,44868.0
34.25906061800197,0.0,-1.401298464324817e-45,0.0,0.0,0.0,-1.401298464324817e-45,0.0,0.0,0.0,0.0,0.0,0.0,0.0,47964.0,14.0,44876.0,34242.0,14.0,44888.0
34.25911740399897,0.0,-1.401298464324817e-45,0.0,0.0,0.0,-1.401298464324817e-45,0.0,0.0,0.0,0.0,0.0,0.0,0.0,47965.0,14.0,44896.0,34243.0,14.0,44909.0
34.25917498199851,0.0,-1.401298464324817e-45,0.0,0.0,0.0,-1.401298464324817e-45,0.0,0.0,0.0,0.0,0.0,0.0,0.0,47966.0,14.0,44916.0,34244.0,14.0,44929.0
34.2592302349949,0.0,-1.401298464324817e-45,0.0,0.0,0.0,-1.401298464324817e-45,0.0,0.0,0.0,0.0,0.0,0.0,0.0,47967.0,14.0,44936.0,34245.0,14.0,44948.0
34.259285148000345,0.0,-1.401298464324817e-45,0.0,0.0,0.0,-1.401298464324817e-45,0.0,0.0,0.0,0.0,0.0,0.0,0.0,47968.0,14.0,44956.0,34246.0,14.0,44968.0
34.77390153698798,0.0,-1.401298464324817e-45,0.0,0.0,0.0,-1.401298464324817e-45,0.0,0.0,0.0,0.0,0.0,0.0,0.0,48007.0,14.0,45736.0,34256.0,14.0,45755.0
34.78083002199128,0.0,-1.401298464324817e-45,0.0,0.0,0.0,-1.401298464324817e-45,0.0,0.0,0.0,0.0,0.0,0.0,0.0,48008.0,14.0,45756.0,34257.0,14.0,45762.0
34.81874275999144,0.0,-1.401298464324817e-45,0.0,0.0,0.0,-1.401298464324817e-45,0.0,0.0,0.0,0.0,0.0,0.0,0.0,48010.0,14.0,45796.0,34258.0,14.0,45799.0
34.82958355899609,0.0,-1.401298464324817e-45,0.0,0.0,0.0,-1.401298464324817e-45,0.0,0.0,0.0,0.0,0.0,0.0,0.0,48010.0,14.0,45796.0,34259.0,14.0,45811.0
34.84996504899755,0.0,-1.401298464324817e-45,0.0,0.0,0.0,-1.401298464324817e-45,0.0,0.0,0.0,0.0,0.0,0.0,0.0,48011.0,14.0,45816.0,34260.0,14.0,45828.0
35.28815264199511,0.0,-1.401298464324817e-45,0.0,0.0,0.0,-1.401298464324817e-45,0.0,0.0,0.0,0.0,0.0,0.0,0.0,48012.0,14.0,45836.0,34261.0,14.0,45849.0
35.28841765699326,0.0,-1.401298464324817e-45,0.0,0.0,0.0,-1.401298464324817e-45,0.0,0.0,0.0,0.0,0.0,0.0,0.0,48013.0,14.0,45856.0,34262.0,14.0,45868.0
35.28848930000095,0.0,-1.401298464324817e-45,0.0,0.0,0.0,-1.401298464324817e-45,0.0,0.0,0.0,0.0,0.0,0.0,0.0,48014.0,14.0,45876.0,34263.0,14.0,45889.0
35.288559060994885,0.0,-1.401298464324817e-45,0.0,0.0,0.0,-1.401298464324817e-45,0.0,0.0,0.0,0.0,0.0,0.0,0.0,48015.0,14.0,45896.0,34264.0,14.0,45909.0
35.28861627700098,0.0,-1.401298464324817e-45,0.0,0.0,0.0,-1.401298464324817e-45,0.0,0.0,0.0,0.0,0.0,0.0,0.0,48016.0,14.0,45916.0,34265.0,14.0,45928.0
35.28867366499617,0.0,-1.401298464324817e-45,0.0,0.0,0.0,-1.401298464324817e-45,0.0,0.0,0.0,0.0,0.0,0.0,0.0,48017.0,14.0,45936.0,34266.0,14.0,45948.0
35.288727434992325,0.0,-1.401298464324817e-45,0.0,0.0,0.0,-1.401298464324817e-45,0.0,0.0,0.0,0.0,0.0,0.0,0.0,48018.0,14.0,45956.0,34267.0,14.0,45969.0
35.288782898991485,0.0,-1.401298464324817e-45,0.0,0.0,0.0,-1.401298464324817e-45,0.0,0.0,0.0,0.0,0.0,0.0,0.0,48019.0,14.0,45976.0,34268.0,14.0,45988.0
35.8348784869886,0.0,-1.401298464324817e-45,0.0,0.0,0.0,-1.401298464324817e-45,0.0,0.0,0.0,0.0,0.0,0.0,0.0,48060.0,14.0,46796.0,34278.0,14.0,46811.0
35.84121022799809,0.0,-1.401298464324817e-45,0.0,0.0,0.0,-1.401298464324817e-45,0.0,0.0,0.0,0.0,0.0,0.0,0.0,48061.0,14.0,46816.0,34279.0,14.0,46822.0
35.87791757698869,0.0,-1.401298464324817e-45,0.0,0.0,0.0,-1.401298464324817e-45,0.0,0.0,0.0,0.0,0.0,0.0,0.0,48063.0,14.0,46856.0,34280.0,14.0,46859.0
35.88524669999606,0.0,-1.401298464324817e-45,0.0,0.0,0.0,-1.401298464324817e-45,0.0,0.0,0.0,0.0,0.0,0.0,0.0,48063.0,14.0,46856.0,34281.0,14.0,46866.0
36.29811686598987,0.0,-1.401298464324817e-45,0.0,0.0,0.0,-1.401298464324817e-45,0.0,0.0,0.0,0.0,0.0,0.0,0.0,48064.0,14.0,46876.0,34282.0,14.0,46888.0
36.298294968990376,0.0,-1.401298464324817e-45,0.0,0.0,0.0,-1.401298464324817e-45,0.0,0.0,0.0,0.0,0.0,0.0,0.0,48065.0,14.0,46896.0,34283.0,14.0,46909.0
36.298372532997746,0.0,-1.401298464324817e-45,0.0,0.0,0.0,-1.401298464324817e-45,0.0,0.0,0.0,0.0,0.0,0.0,0.0,48066.0,14.0,46916.0,34284.0,14.0,46923.0
36.298445188993355,0.0,-1.401298464324817e-45,0.0,0.0,0.0,-1.401298464324817e-45,0.0,0.0,0.0,0.0,0.0,0.0,0.0,48068.0,14.0,46956.0,34285.0,14.0,46959.0
36.298510822001845,0.0,-1.401298464324817e-45,0.0,0.0,0.0,-1.401298464324817e-45,0.0,0.0,0.0,0.0,0.0,0.0,0.0,48068.0,14.0,46956.0,34286.0,14.0,46966.0
36.298573327992926,0.0,-1.401298464324817e-45,0.0,0.0,0.0,-1.401298464324817e-45,0.0,0.0,0.0,0.0,0.0,0.0,0.0,48069.0,14.0,46976.0,34287.0,14.0,46989.0
36.298634231992764,0.0,-1.401298464324817e-45,0.0,0.0,0.0,-1.401298464324817e-45,0.0,0.0,0.0,0.0,0.0,0.0,0.0,48070.0,14.0,46996.0,34288.0,14.0,47009.0
36.29869502499059,0.0,-1.401298464324817e-45,0.0,0.0,0.0,-1.401298464324817e-45,0.0,0.0,0.0,0.0,0.0,0.0,0.0,48071.0,14.0,47016.0,34289.0,14.0,47023.0
36.81477209199511,0.0,-1.401298464324817e-45,0.0,0.0,0.0,-1.401298464324817e-45,0.0,0.0,0.0,0.0,0.0,0.0,0.0,48110.0,14.0,47796.0,34297.0,14.0,47796.0
36.82183328499377,0.0,-1.401298464324817e-45,0.0,0.0,0.0,-1.401298464324817e-45,0.0,0.0,0.0,0.0,0.0,0.0,0.0,48110.0,14.0,47796.0,34298.0,14.0,47803.0
36.84770605700032,0.0,-1.401298464324817e-45,0.0,0.0,0.0,-1.401298464324817e-45,0.0,0.0,0.0,0.0,0.0,0.0,0.0,48111.0,14.0,47816.0,34299.0,14.0,47829.0
36.867695315988385,0.0,-1.401298464324817e-45,0.0,0.0,0.0,-1.401298464324817e-45,0.0,0.0,0.0,0.0,0.0,0.0,0.0,48112.0,14.0,47836.0,34300.0,14.0,47849.0
36.88867762799782,0.0,-1.401298464324817e-45,0.0,0.0,0.0,-1.401298464324817e-45,0.0,0.0,0.0,0.0,0.0,0.0,0.0,48113.0,14.0,47856.0,34301.0,14.0,47869.0
37.33988740100176,0.0,-1.401298464324817e-45,0.0,0.0,0.0,-1.401298464324817e-45,0.0,0.0,0.0,0.0,0.0,0.0,0.0,48114.0,14.0,47876.0,34302.0,14.0,47889.0
37.340061846000026,0.0,-1.401298464324817e-45,0.0,0.0,0.0,-1.401298464324817e-45,0.0,0.0,0.0,0.0,0.0,0.0,0.0,48115.0,14.0,47896.0,34303.0,14.0,47908.0
37.34014222699625,0.0,-1.401298464324817e-45,0.0,0.0,0.0,-1.401298464324817e-45,0.0,0.0,0.0,0.0,0.0,0.0,0.0,48116.0,14.0,47916.0,34304.0,14.0,47928.0
37.34020640599192,0.0,-1.401298464324817e-45,0.0,0.0,0.0,-1.401298464324817e-45,0.0,0.0,0.0,0.0,0.0,0.0,0.0,48117.0,14.0,47936.0,34305.0,14.0,47949.0
37.34026794099191,0.0,-1.401298464324817e-45,0.0,0.0,0.0,-1.401298464324817e-45,0.0,0.0,0.0,0.0,0.0,0.0,0.0,48118.0,14.0,47956.0,34306.0,14.0,47968.0
37.340329605998704,0.0,-1.401298464324817e-45,0.0,0.0,0.0,-1.401298464324817e-45,0.0,0.0,0.0,0.0,0.0,0.0,0.0,48119.0,14.0,47976.0,34307.0,14.0,47988.0
37.34040126999025,0.0,-1.401298464324817e-45,0.0,0.0,0.0,-1.401298464324817e-45,0.0,0.0,0.0,0.0,0.0,0.0,0.0,48120.0,14.0,47996.0,34308.0,14.0,48008.0
37.34046690299874,0.0,-1.401298464324817e-45,0.0,0.0,0.0,-1.401298464324817e-45,0.0,0.0,0.0,0.0,0.0,0.0,0.0,48121.0,14.0,48016.0,34309.0,14.0,48028.0
37.340523317994666,0.0,-1.401298464324817e-45,0.0,0.0,0.0,-1.401298464324817e-45,0.0,0.0,0.0,0.0,0.0,0.0,0.0,48122.0,14.0,48036.0,34310.0,14.0,48049.0
37.76695302799635,0.0,-1.401298464324817e-45,0.0,0.0,0.0,-1.401298464324817e-45,0.0,0.0,0.0,0.0,0.0,0.0,0.0,48157.0,14.0,48736.0,34317.0,14.0,48747.0
37.78754649499024,0.0,-1.401298464324817e-45,0.0,0.0,0.0,-1.401298464324817e-45,0.0,0.0,0.0,0.0,0.0,0.0,0.0,48158.0,14.0,48756.0,34318.0,14.0,48769.0
37.935888150997926,0.0,-1.401298464324817e-45,0.0,0.0,0.0,-1.401298464324817e-45,0.0,0.0,0.0,0.0,0.0,0.0,0.0,48160.0,14.0,48796.0,34319.0,14.0,48799.0
37.936185165992356,0.0,-1.401298464324817e-45,0.0,0.0,0.0,-1.401298464324817e-45,0.0,0.0,0.0,0.0,0.0,0.0,0.0,48160.0,14.0,48796.0,34320.0,14.0,48806.0
37.93625650899776,0.0,-1.401298464324817e-45,0.0,0.0,0.0,-1.401298464324817e-45,0.0,0.0,0.0,0.0,0.0,0.0,0.0,48161.0,14.0,48816.0,34321.0,14.0,48828.0
37.93632483600231,0.0,-1.401298464324817e-45,0.0,0.0,0.0,-1.401298464324817e-45,0.0,0.0,0.0,0.0,0.0,0.0,0.0,48162.0,14.0,48836.0,34322.0,14.0,48848.0
37.93638678199204,0.0,-1.401298464324817e-45,0.0,0.0,0.0,-1.401298464324817e-45,0.0,0.0,0.0,0.0,0.0,0.0,0.0,48163.0,14.0,48856.0,34323.0,14.0,48868.0
37.980626455988386,0.0,-1.401298464324817e-45,0.0,0.0,0.0,-1.401298464324817e-45,0.0,0.0,0.0,0.0,0.0,0.0,0.0,48164.0,14.0,48876.0,34324.0,14.0,48888.0
37.980989493997185,0.0,-1.401298464324817e-45,0.0,0.0,0.0,-1.401298464324817e-45,0.0,0.0,0.0,0.0,0.0,0.0,0.0,48165.0,14.0,48896.0,34325.0,14.0,48908.0
37.99013522898895,0.0,-1.401298464324817e-45,0.0,0.0,0.0,-1.401298464324817e-45,0.0,0.0,0.0,0.0,0.0,0.0,0.0,48166.0,14.0,48916.0,34326.0,14.0,48928.0
37.99021177100076,0.0,-1.401298464324817e-45,0.0,0.0,0.0,-1.401298464324817e-45,0.0,0.0,0.0,0.0,0.0,0.0,0.0,48167.0,14.0,48936.0,34327.0,14.0,48948.0
38.008749650995014,0.0,-1.401298464324817e-45,0.0,0.0,0.0,-1.401298464324817e-45,0.0,0.0,0.0,0.0,0.0,0.0,0.0,48168.0,14.0,48956.0,34328.0,14.0,48968.0
38.13309533998836,0.0,-1.401298464324817e-45,0.0,0.0,0.0,-1.401298464324817e-45,0.0,0.0,0.0,0.0,0.0,0.0,0.0,48169.0,14.0,48976.0,34329.0,14.0,48988.0
38.13346320699202,0.0,-1.401298464324817e-45,0.0,0.0,0.0,-1.401298464324817e-45,0.0,0.0,0.0,0.0,0.0,0.0,0.0,48170.0,14.0,48996.0,34330.0,14.0,49009.0
38.13353526098945,0.0,-1.401298464324817e-45,0.0,0.0,0.0,-1.401298464324817e-45,0.0,0.0,0.0,0.0,0.0,0.0,0.0,48171.0,14.0,49016.0,34331.0,14.0,49029.0
38.13359640499402,0.0,-1.401298464324817e-45,0.0,0.0,0.0,-1.401298464324817e-45,0.0,0.0,0.0,0.0,0.0,0.0,0.0,48172.0,14.0,49036.0,34332.0,14.0,49049.0
38.13365480399807,0.0,-1.401298464324817e-45,0.0,0.0,0.0,-1.401298464324817e-45,0.0,0.0,0.0,0.0,0.0,0.0,0.0,48173.0,14.0,49056.0,34333.0,14.0,49069.0
38.13371288299095,0.0,-1.401298464324817e-45,0.0,0.0,0.0,-1.401298464324817e-45,0.0,0.0,0.0,0.0,0.0,0.0,0.0,48174.0,14.0,49076.0,34334.0,14.0,49088.0
38.1337702699966,0.0,-1.401298464324817e-45,0.0,0.0,0.0,-1.401298464324817e-45,0.0,0.0,0.0,0.0,0.0,0.0,0.0,48175.0,14.0,49096.0,34335.0,14.0,49110.0
38.16480242599209,0.0,-1.401298464324817e-45,0.0,0.0,0.0,-1.401298464324817e-45,0.0,0.0,0.0,0.0,0.0,0.0,0.0,48176.0,14.0,49116.0,34336.0,14.0,49128.0
38.18900097400183,0.0,-1.401298464324817e-45,0.0,0.0,0.0,-1.401298464324817e-45,0.0,0.0,0.0,0.0,0.0,0.0,0.0,48177.0,14.0,49136.0,34337.0,14.0,49148.0
38.34817824199854,0.0,-1.401298464324817e-45,0.0,0.0,0.0,-1.401298464324817e-45,0.0,0.0,0.0,0.0,0.0,0.0,0.0,48178.0,14.0,49156.0,34338.0,14.0,49169.0
38.358610437993775,0.0,-1.401298464324817e-45,0.0,0.0,0.0,-1.401298464324817e-45,0.0,0.0,0.0,0.0,0.0,0.0,0.0,48187.0,14.0,49336.0,34339.0,14.0,49340.0
38.36492753199127,0.0,-1.401298464324817e-45,0.0,0.0,0.0,-1.401298464324817e-45,0.0,0.0,0.0,0.0,0.0,0.0,0.0,48187.0,14.0,49336.0,34340.0,14.0,49347.0
38.38749884199933,0.0,-1.401298464324817e-45,0.0,0.0,0.0,-1.401298464324817e-45,0.0,0.0,0.0,0.0,0.0,0.0,0.0,48188.0,14.0,49356.0,34341.0,14.0,49369.0
38.409532567995484,0.0,-1.401298464324817e-45,0.0,0.0,0.0,-1.401298464324817e-45,0.0,0.0,0.0,0.0,0.0,0.0,0.0,48189.0,14.0,49376.0,34342.0,14.0,49389.0
38.435825144988485,0.0,-1.401298464324817e-45,0.0,0.0,0.0,-1.401298464324817e-45,0.0,0.0,0.0,0.0,0.0,0.0,0.0,48190.0,14.0,49396.0,34343.0,14.0,49409.0
38.452011164001306,0.0,-1.401298464324817e-45,0.0,0.0,0.0,-1.401298464324817e-45,0.0,0.0,0.0,0.0,0.0,0.0,0.0,48191.0,14.0,49416.0,34344.0,14.0,49429.0
38.49254134199873,0.0,-1.401298464324817e-45,0.0,0.0,0.0,-1.401298464324817e-45,0.0,0.0,0.0,0.0,0.0,0.0,0.0,48192.0,14.0,49436.0,34345.0,14.0,49449.0
38.49264709999261,0.0,-1.401298464324817e-45,0.0,0.0,0.0,-1.401298464324817e-45,0.0,0.0,0.0,0.0,0.0,0.0,0.0,48193.0,14.0,49456.0,34346.0,14.0,49468.0
38.57267786399461,0.0,-1.401298464324817e-45,0.0,0.0,0.0,-1.401298464324817e-45,0.0,0.0,0.0,0.0,0.0,0.0,0.0,48194.0,14.0,49476.0,34347.0,14.0,49488.0
38.57307225099066,0.0,-1.401298464324817e-45,0.0,0.0,0.0,-1.401298464324817e-45,0.0,0.0,0.0,0.0,0.0,0.0,0.0,48195.0,14.0,49496.0,34348.0,14.0,49509.0
38.5733540969959,0.0,-1.401298464324817e-45,0.0,0.0,0.0,-1.401298464324817e-45,0.0,0.0,0.0,0.0,0.0,0.0,0.0,48196.0,14.0,49516.0,34349.0,14.0,49528.0
38.5738666739926,0.0,-1.401298464324817e-45,0.0,0.0,0.0,-1.401298464324817e-45,0.0,0.0,0.0,0.0,0.0,0.0,0.0,48197.0,14.0,49536.0,34350.0,14.0,49549.0
38.595195713991416,0.0,-1.401298464324817e-45,0.0,0.0,0.0,-1.401298464324817e-45,0.0,0.0,0.0,0.0,0.0,0.0,0.0,48198.0,14.0,49556.0,34351.0,14.0,49569.0
38.649375345994486,0.0,-1.401298464324817e-45,0.0,0.0,0.0,-1.401298464324817e-45,0.0,0.0,0.0,0.0,0.0,0.0,0.0,48199.0,14.0,49576.0,34352.0,14.0,49589.0
38.64952538599027,0.0,-1.401298464324817e-45,0.0,0.0,0.0,-1.401298464324817e-45,0.0,0.0,0.0,0.0,0.0,0.0,0.0,48200.0,14.0,49596.0,34353.0,14.0,49608.0
38.64959368298878,0.0,-1.401298464324817e-45,0.0,0.0,0.0,-1.401298464324817e-45,0.0,0.0,0.0,0.0,0.0,0.0,0.0,48201.0,14.0,49616.0,34354.0,14.0,49628.0
38.66947527199227,0.0,-1.401298464324817e-45,0.0,0.0,0.0,-1.401298464324817e-45,0.0,0.0,0.0,0.0,0.0,0.0,0.0,48202.0,14.0,49636.0,34355.0,14.0,49648.0
38.79435276299773,0.0,-1.401298464324817e-45,0.0,0.0,0.0,-1.401298464324817e-45,0.0,0.0,0.0,0.0,0.0,0.0,0.0,48203.0,14.0,49656.0,34356.0,14.0,49669.0
38.794481913995696,0.0,-1.401298464324817e-45,0.0,0.0,0.0,-1.401298464324817e-45,0.0,0.0,0.0,0.0,0.0,0.0,0.0,48204.0,14.0,49676.0,34357.0,14.0,49688.0
38.79456481899251,0.0,-1.401298464324817e-45,0.0,0.0,0.0,-1.401298464324817e-45,0.0,0.0,0.0,0.0,0.0,0.0,0.0,48205.0,14.0,49696.0,34358.0,14.0,49708.0
38.794631873999606,0.0,-1.401298464324817e-45,0.0,0.0,0.0,-1.401298464324817e-45,0.0,0.0,0.0,0.0,0.0,0.0,0.0,48206.0,14.0,49716.0,34359.0,14.0,49729.0
38.79469511299976,0.0,-1.401298464324817e-45,0.0,0.0,0.0,-1.401298464324817e-45,0.0,0.0,0.0,0.0,0.0,0.0,0.0,48207.0,14.0,49736.0,34360.0,14.0,49750.0
38.814158289998886,0.0,-1.401298464324817e-45,0.0,0.0,0.0,-1.401298464324817e-45,0.0,0.0,0.0,0.0,0.0,0.0,0.0,48208.0,14.0,49756.0,34361.0,14.0,49769.0
38.83233880199259,0.0,-1.401298464324817e-45,0.0,0.0,0.0,-1.401298464324817e-45,0.0,0.0,0.0,0.0,0.0,0.0,0.0,48209.0,14.0,49776.0,34362.0,14.0,49789.0
38.853719298000215,0.0,-1.401298464324817e-45,0.0,0.0,0.0,-1.401298464324817e-45,0.0,0.0,0.0,0.0,0.0,0.0,0.0,48210.0,14.0,49796.0,34363.0,14.0,49808.0
38.86849563498981,0.0,-1.401298464324817e-45,0.0,0.0,0.0,-1.401298464324817e-45,0.0,0.0,0.0,0.0,0.0,0.0,0.0,48211.0,14.0,49816.0,34364.0,14.0,49828.0
38.878521342994645,0.0,-1.401298464324817e-45,0.0,0.0,0.0,-1.401298464324817e-45,0.0,0.0,0.0,0.0,0.0,0.0,0.0,48212.0,14.0,49836.0,34365.0,14.0,49848.0
38.887460932994145,0.0,-1.401298464324817e-45,0.0,0.0,0.0,-1.401298464324817e-45,0.0,0.0,0.0,0.0,0.0,0.0,0.0,48213.0,14.0,49856.0,34366.0,14.0,49869.0
39.02673193899682,0.0,-1.401298464324817e-45,0.0,0.0,0.0,-1.401298464324817e-45,0.0,0.0,0.0,0.0,0.0,0.0,0.0,48214.0,14.0,49876.0,34367.0,14.0,49888.0
39.02708796400111,0.0,-1.401298464324817e-45,0.0,0.0,0.0,-1.401298464324817e-45,0.0,0.0,0.0,0.0,0.0,0.0,0.0,48215.0,14.0,49896.0,34368.0,14.0,49908.0
39.02733701899706,0.0,-1.401298464324817e-45,0.0,0.0,0.0,-1.401298464324817e-45,0.0,0.0,0.0,0.0,0.0,0.0,0.0,48216.0,14.0,49916.0,34369.0,14.0,49928.0
39.027441974991234,0.0,-1.401298464324817e-45,0.0,0.0,0.0,-1.401298464324817e-45,0.0,0.0,0.0,0.0,0.0,0.0,0.0,48217.0,14.0,49936.0,34370.0,14.0,49948.0
39.02757002400176,0.0,-1.401298464324817e-45,0.0,0.0,0.0,-1.401298464324817e-45,0.0,0.0,0.0,0.0,0.0,0.0,0.0,48218.0,14.0,49956.0,34371.0,14.0,49968.0
39.027641276989016,0.0,-1.401298464324817e-45,0.0,0.0,0.0,-1.401298464324817e-45,0.0,0.0,0.0,0.0,0.0,0.0,0.0,48219.0,14.0,49976.0,34372.0,14.0,49988.0
39.04737229399325,0.0,-1.401298464324817e-45,0.0,0.0,0.0,-1.401298464324817e-45,0.0,0.0,0.0,0.0,0.0,0.0,0.0,48220.0,14.0,49996.0,34373.0,14.0,50008.0
39.237887833995046,0.0,-1.401298464324817e-45,0.0,0.0,0.0,-1.401298464324817e-45,0.0,0.0,0.0,0.0,0.0,0.0,0.0,48221.0,14.0,50016.0,34374.0,14.0,50028.0
39.23829709799611,0.0,-1.401298464324817e-45,0.0,0.0,0.0,-1.401298464324817e-45,0.0,0.0,0.0,0.0,0.0,0.0,0.0,48222.0,14.0,50036.0,34375.0,14.0,50048.0
39.23858426399238,0.0,-1.401298464324817e-45,0.0,0.0,0.0,-1.401298464324817e-45,0.0,0.0,0.0,0.0,0.0,0.0,0.0,48223.0,14.0,50056.0,34376.0,14.0,50068.0
39.2386523509922,0.0,-1.401298464324817e-45,0.0,0.0,0.0,-1.401298464324817e-45,0.0,0.0,0.0,0.0,0.0,0.0,0.0,48224.0,14.0,50076.0,34377.0,14.0,50088.0
39.23870876598812,0.0,-1.401298464324817e-45,0.0,0.0,0.0,-1.401298464324817e-45,0.0,0.0,0.0,0.0,0.0,0.0,0.0,48225.0,14.0,50096.0,34378.0,14.0,50108.0
39.23876454999845,0.0,-1.401298464324817e-45,0.0,0.0,0.0,-1.401298464324817e-45,0.0,0.0,0.0,0.0,0.0,0.0,0.0,48227.0,14.0,50136.0,34380.0,14.0,50148.0
39.238820604994544,0.0,-1.401298464324817e-45,0.0,0.0,0.0,-1.401298464324817e-45,0.0,0.0,0.0,0.0,0.0,0.0,0.0,48228.0,14.0,50156.0,34381.0,14.0,50168.0
39.27442582898948,0.0,-1.401298464324817e-45,0.0,0.0,0.0,-1.401298464324817e-45,0.0,0.0,0.0,0.0,0.0,0.0,0.0,48231.0,14.0,50216.0,34382.0,14.0,50232.0
39.27479521899659,0.0,-1.401298464324817e-45,0.0,0.0,0.0,-1.401298464324817e-45,0.0,0.0,0.0,0.0,0.0,0.0,0.0,48232.0,14.0,50236.0,34383.0,14.0,50250.0
39.30016710799828,0.0,-1.401298464324817e-45,0.0,0.0,0.0,-1.401298464324817e-45,0.0,0.0,0.0,0.0,0.0,0.0,0.0,48234.0,14.0,50276.0,34384.0,14.0,50279.0
39.30647241999395,0.0,-1.401298464324817e-45,0.0,0.0,0.0,-1.401298464324817e-45,0.0,0.0,0.0,0.0,0.0,0.0,0.0,48234.0,14.0,50276.0,34385.0,14.0,50286.0
39.47296934699989,0.0,-1.401298464324817e-45,0.0,0.0,0.0,-1.401298464324817e-45,0.0,0.0,0.0,0.0,0.0,0.0,0.0,48235.0,14.0,50296.0,34386.0,14.0,50308.0
39.473117222994915,0.0,-1.401298464324817e-45,0.0,0.0,0.0,-1.401298464324817e-45,0.0,0.0,0.0,0.0,0.0,0.0,0.0,48236.0,14.0,50316.0,34387.0,14.0,50328.0
39.47318539999833,0.0,-1.401298464324817e-45,0.0,0.0,0.0,-1.401298464324817e-45,0.0,0.0,0.0,0.0,0.0,0.0,0.0,48237.0,14.0,50336.0,34388.0,14.0,50348.0
39.47324469099112,0.0,-1.401298464324817e-45,0.0,0.0,0.0,-1.401298464324817e-45,0.0,0.0,0.0,0.0,0.0,0.0,0.0,48238.0,14.0,50356.0,34389.0,14.0,50368.0
39.47330198799318,0.0,-1.401298464324817e-45,0.0,0.0,0.0,-1.401298464324817e-45,0.0,0.0,0.0,0.0,0.0,0.0,0.0,48239.0,14.0,50376.0,34390.0,14.0,50388.0
39.47336317200097,0.0,-1.401298464324817e-45,0.0,0.0,0.0,-1.401298464324817e-45,0.0,0.0,0.0,0.0,0.0,0.0,0.0,48240.0,14.0,50396.0,34391.0,14.0,50409.0
39.473429675999796,0.0,-1.401298464324817e-45,0.0,0.0,0.0,-1.401298464324817e-45,0.0,0.0,0.0,0.0,0.0,0.0,0.0,48241.0,14.0,50416.0,34392.0,14.0,50428.0
39.49559089099057,0.0,-1.401298464324817e-45,0.0,0.0,0.0,-1.401298464324817e-45,0.0,0.0,0.0,0.0,0.0,0.0,0.0,48242.0,14.0,50436.0,34393.0,14.0,50448.0
39.51555324999208,0.0,-1.401298464324817e-45,0.0,0.0,0.0,-1.401298464324817e-45,0.0,0.0,0.0,0.0,0.0,0.0,0.0,48243.0,14.0,50456.0,34394.0,14.0,50469.0
39.69652033298917,0.0,-1.401298464324817e-45,0.0,0.0,0.0,-1.401298464324817e-45,0.0,0.0,0.0,0.0,0.0,0.0,0.0,48244.0,14.0,50476.0,34395.0,14.0,50488.0
39.69668930799526,0.0,-1.401298464324817e-45,0.0,0.0,0.0,-1.401298464324817e-45,0.0,0.0,0.0,0.0,0.0,0.0,0.0,48245.0,14.0,50496.0,34396.0,14.0,50508.0
39.69676451900159,0.0,-1.401298464324817e-45,0.0,0.0,0.0,-1.401298464324817e-45,0.0,0.0,0.0,0.0,0.0,0.0,0.0,48246.0,14.0,50516.0,34397.0,14.0,50529.0
39.69682969999849,0.0,-1.401298464324817e-45,0.0,0.0,0.0,-1.401298464324817e-45,0.0,0.0,0.0,0.0,0.0,0.0,0.0,48247.0,14.0,50536.0,34398.0,14.0,50549.0
39.696892356994795,0.0,-1.401298464324817e-45,0.0,0.0,0.0,-1.401298464324817e-45,0.0,0.0,0.0,0.0,0.0,0.0,0.0,48248.0,14.0,50556.0,34399.0,14.0,50568.0
39.69695429300191,0.0,-1.401298464324817e-45,0.0,0.0,0.0,-1.401298464324817e-45,0.0,0.0,0.0,0.0,0.0,0.0,0.0,48249.0,14.0,50576.0,34400.0,14.0,50588.0
39.69701548699231,0.0,-1.401298464324817e-45,0.0,0.0,0.0,-1.401298464324817e-45,0.0,0.0,0.0,0.0,0.0,0.0,0.0,48250.0,14.0,50596.0,34401.0,14.0,50608.0
39.697076461001416,0.0,-1.401298464324817e-45,0.0,0.0,0.0,-1.401298464324817e-45,0.0,0.0,0.0,0.0,0.0,0.0,0.0,48251.0,14.0,50616.0,34402.0,14.0,50628.0
39.72820297400176,0.0,-1.401298464324817e-45,0.0,0.0,0.0,-1.401298464324817e-45,0.0,0.0,0.0,0.0,0.0,0.0,0.0,48252.0,14.0,50636.0,34403.0,14.0,50649.0
39.74005792698881,0.0,-1.401298464324817e-45,0.0,0.0,0.0,-1.401298464324817e-45,0.0,0.0,0.0,0.0,0.0,0.0,0.0,48253.0,14.0,50656.0,34404.0,14.0,50668.0
39.740131062993896,0.0,-1.401298464324817e-45,0.0,0.0,0.0,-1.401298464324817e-45,0.0,0.0,0.0,0.0,0.0,0.0,0.0,48254.0,14.0,50676.0,34405.0,14.0,50688.0
39.74020429998927,0.0,-1.401298464324817e-45,0.0,0.0,0.0,-1.401298464324817e-45,0.0,0.0,0.0,0.0,0.0,0.0,0.0,48255.0,14.0,50696.0,34406.0,14.0,50708.0
39.89999357399938,0.0,-1.401298464324817e-45,0.0,0.0,0.0,-1.401298464324817e-45,0.0,0.0,0.0,0.0,0.0,0.0,0.0,48256.0,14.0,50716.0,34407.0,14.0,50728.0
39.900113527997746,0.0,-1.401298464324817e-45,0.0,0.0,0.0,-1.401298464324817e-45,0.0,0.0,0.0,0.0,0.0,0.0,0.0,48257.0,14.0,50736.0,34408.0,14.0,50750.0
39.90018938000139,0.0,-1.401298464324817e-45,0.0,0.0,0.0,-1.401298464324817e-45,0.0,0.0,0.0,0.0,0.0,0.0,0.0,48259.0,14.0,50776.0,34409.0,14.0,50779.0
39.90025480199256,0.0,-1.401298464324817e-45,0.0,0.0,0.0,-1.401298464324817e-45,0.0,0.0,0.0,0.0,0.0,0.0,0.0,48259.0,14.0,50776.0,34410.0,14.0,50784.0
39.90031527499377,0.0,-1.401298464324817e-45,0.0,0.0,0.0,-1.401298464324817e-45,0.0,0.0,0.0,0.0,0.0,0.0,0.0,48261.0,14.0,50816.0,34411.0,14.0,50819.0
39.90037473599659,0.0,-1.401298464324817e-45,0.0,0.0,0.0,-1.401298464324817e-45,0.0,0.0,0.0,0.0,0.0,0.0,0.0,48261.0,14.0,50816.0,34412.0,14.0,50824.0
39.928862913002376,0.0,-1.401298464324817e-45,0.0,0.0,0.0,-1.401298464324817e-45,0.0,0.0,0.0,0.0,0.0,0.0,0.0,48263.0,14.0,50856.0,34413.0,14.0,50859.0
39.92896165700222,0.0,-1.401298464324817e-45,0.0,0.0,0.0,-1.401298464324817e-45,0.0,0.0,0.0,0.0,0.0,0.0,0.0,48263.0,14.0,50856.0,34414.0,14.0,50868.0
39.9290336319973,0.0,-1.401298464324817e-45,0.0,0.0,0.0,-1.401298464324817e-45,0.0,0.0,0.0,0.0,0.0,0.0,0.0,48264.0,14.0,50876.0,34415.0,14.0,50888.0
39.96301413299807,0.0,-1.401298464324817e-45,0.0,0.0,0.0,-1.401298464324817e-45,0.0,0.0,0.0,0.0,0.0,0.0,0.0,48265.0,14.0,50896.0,34416.0,14.0,50909.0
39.96325687698845,0.0,-1.401298464324817e-45,0.0,0.0,0.0,-1.401298464324817e-45,0.0,0.0,0.0,0.0,0.0,0.0,0.0,48266.0,14.0,50916.0,34417.0,14.0,50928.0
40.125981323988526,0.0,-1.401298464324817e-45,0.0,0.0,0.0,-1.401298464324817e-45,0.0,0.0,0.0,0.0,0.0,0.0,0.0,48267.0,14.0,50936.0,34418.0,14.0,50949.0
40.126380307992804,0.0,-1.401298464324817e-45,0.0,0.0,0.0,-1.401298464324817e-45,0.0,0.0,0.0,0.0,0.0,0.0,0.0,48268.0,14.0,50956.0,34419.0,14.0,50968.0
40.12668168099481,0.0,-1.401298464324817e-45,0.0,0.0,0.0,-1.401298464324817e-45,0.0,0.0,0.0,0.0,0.0,0.0,0.0,48269.0,14.0,50976.0,34420.0,14.0,50989.0
40.126935364998644,0.0,-1.401298464324817e-45,0.0,0.0,0.0,-1.401298464324817e-45,0.0,0.0,0.0,0.0,0.0,0.0,0.0,48270.0,14.0,50996.0,34421.0,14.0,51008.0
40.12710408998828,0.0,-1.401298464324817e-45,0.0,0.0,0.0,-1.401298464324817e-45,0.0,0.0,0.0,0.0,0.0,0.0,0.0,48271.0,14.0,51016.0,34422.0,14.0,51028.0
40.127176804991905,0.0,-1.401298464324817e-45,0.0,0.0,0.0,-1.401298464324817e-45,0.0,0.0,0.0,0.0,0.0,0.0,0.0,48272.0,14.0,51036.0,34423.0,14.0,51048.0
40.12723963300232,0.0,-1.401298464324817e-45,0.0,0.0,0.0,-1.401298464324817e-45,0.0,0.0,0.0,0.0,0.0,0.0,0.0,48273.0,14.0,51056.0,34424.0,14.0,51069.0
40.13755981098802,0.0,-1.401298464324817e-45,0.0,0.0,0.0,-1.401298464324817e-45,0.0,0.0,0.0,0.0,0.0,0.0,0.0,48274.0,14.0,51076.0,34425.0,14.0,51088.0
40.14565216899791,0.0,-1.401298464324817e-45,0.0,0.0,0.0,-1.401298464324817e-45,0.0,0.0,0.0,0.0,0.0,0.0,0.0,48275.0,14.0,51096.0,34426.0,14.0,51108.0
40.16340988299635,0.0,-1.401298464324817e-45,0.0,0.0,0.0,-1.401298464324817e-45,0.0,0.0,0.0,0.0,0.0,0.0,0.0,48276.0,14.0,51116.0,34427.0,14.0,51128.0
40.186759806994814,0.0,-1.401298464324817e-45,0.0,0.0,0.0,-1.401298464324817e-45,0.0,0.0,0.0,0.0,0.0,0.0,0.0,48277.0,14.0,51136.0,34428.0,14.0,51149.0
40.33452604699414,0.0,-1.401298464324817e-45,0.0,0.0,0.0,-1.401298464324817e-45,0.0,0.0,0.0,0.0,0.0,0.0,0.0,48279.0,14.0,51176.0,34429.0,14.0,51179.0
40.3562707050005,0.0,-1.401298464324817e-45,0.0,0.0,0.0,-1.401298464324817e-45,0.0,0.0,0.0,0.0,0.0,0.0,0.0,48287.0,14.0,51336.0,34430.0,14.0,51338.0
40.36301207100041,0.0,-1.401298464324817e-45,0.0,0.0,0.0,-1.401298464324817e-45,0.0,0.0,0.0,0.0,0.0,0.0,0.0,48287.0,14.0,51336.0,34431.0,14.0,51344.0
40.3891866789927,0.0,-1.401298464324817e-45,0.0,0.0,0.0,-1.401298464324817e-45,0.0,0.0,0.0,0.0,0.0,0.0,0.0,48288.0,14.0,51356.0,34432.0,14.0,51369.0
40.40743798400217,0.0,-1.401298464324817e-45,0.0,0.0,0.0,-1.401298464324817e-45,0.0,0.0,0.0,0.0,0.0,0.0,0.0,48289.0,14.0,51376.0,34433.0,14.0,51389.0
40.42110594199039,0.0,-1.401298464324817e-45,0.0,0.0,0.0,-1.401298464324817e-45,0.0,0.0,0.0,0.0,0.0,0.0,0.0,48290.0,14.0,51396.0,34434.0,14.0,51403.0
40.5639039559901,0.0,-1.401298464324817e-45,0.0,0.0,0.0,-1.401298464324817e-45,0.0,0.0,0.0,0.0,0.0,0.0,0.0,48292.0,14.0,51436.0,34435.0,14.0,51439.0
40.56407729999046,0.0,-1.401298464324817e-45,0.0,0.0,0.0,-1.401298464324817e-45,0.0,0.0,0.0,0.0,0.0,0.0,0.0,48292.0,14.0,51436.0,34436.0,14.0,51445.0
40.59494709399587,0.0,-1.401298464324817e-45,0.0,0.0,0.0,-1.401298464324817e-45,0.0,0.0,0.0,0.0,0.0,0.0,0.0,48294.0,14.0,51476.0,34437.0,14.0,51479.0
40.59505631799402,0.0,-1.401298464324817e-45,0.0,0.0,0.0,-1.401298464324817e-45,0.0,0.0,0.0,0.0,0.0,0.0,0.0,48294.0,14.0,51476.0,34438.0,14.0,51484.0
40.63171689299634,0.0,-1.401298464324817e-45,0.0,0.0,0.0,-1.401298464324817e-45,0.0,0.0,0.0,0.0,0.0,0.0,0.0,48295.0,14.0,51496.0,34439.0,14.0,51509.0
40.63181910398998,0.0,-1.401298464324817e-45,0.0,0.0,0.0,-1.401298464324817e-45,0.0,0.0,0.0,0.0,0.0,0.0,0.0,48296.0,14.0,51516.0,34440.0,14.0,51528.0
40.63189121898904,0.0,-1.401298464324817e-45,0.0,0.0,0.0,-1.401298464324817e-45,0.0,0.0,0.0,0.0,0.0,0.0,0.0,48298.0,14.0,51556.0,34442.0,14.0,51569.0
40.63195693099988,0.0,-1.401298464324817e-45,0.0,0.0,0.0,-1.401298464324817e-45,0.0,0.0,0.0,0.0,0.0,0.0,0.0,48299.0,14.0,51576.0,34443.0,14.0,51588.0
40.643835297989426,0.0,-1.401298464324817e-45,0.0,0.0,0.0,-1.401298464324817e-45,0.0,0.0,0.0,0.0,0.0,0.0,0.0,48300.0,14.0,51596.0,34444.0,14.0,51608.0
40.768005033998634,0.0,-1.401298464324817e-45,0.0,0.0,0.0,-1.401298464324817e-45,0.0,0.0,0.0,0.0,0.0,0.0,0.0,48301.0,14.0,51616.0,34445.0,14.0,51628.0
40.76812117100053,0.0,-1.401298464324817e-45,0.0,0.0,0.0,-1.401298464324817e-45,0.0,0.0,0.0,0.0,0.0,0.0,0.0,48302.0,14.0,51636.0,34446.0,14.0,51648.0
40.76819334499305,0.0,-1.401298464324817e-45,0.0,0.0,0.0,-1.401298464324817e-45,0.0,0.0,0.0,0.0,0.0,0.0,0.0,48303.0,14.0,51656.0,34447.0,14.0,51668.0
40.76825900799304,0.0,-1.401298464324817e-45,0.0,0.0,0.0,-1.401298464324817e-45,0.0,0.0,0.0,0.0,0.0,0.0,0.0,48304.0,14.0,51676.0,34448.0,14.0,51688.0
40.76832094400015,0.0,-1.401298464324817e-45,0.0,0.0,0.0,-1.401298464324817e-45,0.0,0.0,0.0,0.0,0.0,0.0,0.0,48305.0,14.0,51696.0,34449.0,14.0,51708.0
40.769594811994466,0.0,-1.401298464324817e-45,0.0,0.0,0.0,-1.401298464324817e-45,0.0,0.0,0.0,0.0,0.0,0.0,0.0,48307.0,14.0,51736.0,34451.0,14.0,51750.0
40.78937104399665,0.0,-1.401298464324817e-45,0.0,0.0,0.0,-1.401298464324817e-45,0.0,0.0,0.0,0.0,0.0,0.0,0.0,48308.0,14.0,51756.0,34452.0,14.0,51768.0
40.80732014500245,0.0,-1.401298464324817e-45,0.0,0.0,0.0,-1.401298464324817e-45,0.0,0.0,0.0,0.0,0.0,0.0,0.0,48309.0,14.0,51776.0,34453.0,14.0,51789.0
40.838270109001314,0.0,-1.401298464324817e-45,0.0,0.0,0.0,-1.401298464324817e-45,0.0,0.0,0.0,0.0,0.0,0.0,0.0,48311.0,14.0,51816.0,34454.0,14.0,51819.0
40.84489185200073,0.0,-1.401298464324817e-45,0.0,0.0,0.0,-1.401298464324817e-45,0.0,0.0,0.0,0.0,0.0,0.0,0.0,48311.0,14.0,51816.0,34455.0,14.0,51826.0
41.00361525999324,0.0,-1.401298464324817e-45,0.0,0.0,0.0,-1.401298464324817e-45,0.0,0.0,0.0,0.0,0.0,0.0,0.0,48312.0,14.0,51836.0,34456.0,14.0,51848.0
41.003723171990714,0.0,-1.401298464324817e-45,0.0,0.0,0.0,-1.401298464324817e-45,0.0,0.0,0.0,0.0,0.0,0.0,0.0,48313.0,14.0,51856.0,34457.0,14.0,51869.0
41.00379821199749,0.0,-1.401298464324817e-45,0.0,0.0,0.0,-1.401298464324817e-45,0.0,0.0,0.0,0.0,0.0,0.0,0.0,48314.0,14.0,51876.0,34458.0,14.0,51888.0
41.00386120998883,0.0,-1.401298464324817e-45,0.0,0.0,0.0,-1.401298464324817e-45,0.0,0.0,0.0,0.0,0.0,0.0,0.0,48315.0,14.0,51896.0,34459.0,14.0,51908.0
41.003922844989575,0.0,-1.401298464324817e-45,0.0,0.0,0.0,-1.401298464324817e-45,0.0,0.0,0.0,0.0,0.0,0.0,0.0,48316.0,14.0,51916.0,34460.0,14.0,51928.0
41.00398676400073,0.0,-1.401298464324817e-45,0.0,0.0,0.0,-1.401298464324817e-45,0.0,0.0,0.0,0.0,0.0,0.0,0.0,48317.0,14.0,51936.0,34461.0,14.0,51948.0
41.01891443399654,0.0,-1.401298464324817e-45,0.0,0.0,0.0,-1.401298464324817e-45,0.0,0.0,0.0,0.0,0.0,0.0,0.0,48318.0,14.0,51956.0,34462.0,14.0,51969.0
41.03625129300053,0.0,-1.401298464324817e-45,0.0,0.0,0.0,-1.401298464324817e-45,0.0,0.0,0.0,0.0,0.0,0.0,0.0,48319.0,14.0,51976.0,34463.0,14.0,51989.0
41.04583989499952,0.0,-1.401298464324817e-45,0.0,0.0,0.0,-1.401298464324817e-45,0.0,0.0,0.0,0.0,0.0,0.0,0.0,48320.0,14.0,51996.0,34464.0,14.0,52009.0
41.06321851100074,0.0,-1.401298464324817e-45,0.0,0.0,0.0,-1.401298464324817e-45,0.0,0.0,0.0,0.0,0.0,0.0,0.0,48321.0,14.0,52016.0,34465.0,14.0,52028.0
41.08645102698938,0.0,-1.401298464324817e-45,0.0,0.0,0.0,-1.401298464324817e-45,0.0,0.0,0.0,0.0,0.0,0.0,0.0,48322.0,14.0,52036.0,34466.0,14.0,52049.0
41.21172128900071,0.0,-1.401298464324817e-45,0.0,0.0,0.0,-1.401298464324817e-45,0.0,0.0,0.0,0.0,0.0,0.0,0.0,48323.0,14.0,52056.0,34467.0,14.0,52069.0
41.2120838159899,0.0,-1.401298464324817e-45,0.0,0.0,0.0,-1.401298464324817e-45,0.0,0.0,0.0,0.0,0.0,0.0,0.0,48324.0,14.0,52076.0,34468.0,14.0,52089.0
41.21228733599128,0.0,-1.401298464324817e-45,0.0,0.0,0.0,-1.401298464324817e-45,0.0,0.0,0.0,0.0,0.0,0.0,0.0,48325.0,14.0,52096.0,34469.0,14.0,52102.0
41.21234878100222,0.0,-1.401298464324817e-45,0.0,0.0,0.0,-1.401298464324817e-45,0.0,0.0,0.0,0.0,0.0,0.0,0.0,48327.0,14.0,52136.0,34470.0,14.0,52139.0
41.21241815999383,0.0,-1.401298464324817e-45,0.0,0.0,0.0,-1.401298464324817e-45,0.0,0.0,0.0,0.0,0.0,0.0,0.0,48327.0,14.0,52136.0,34471.0,14.0,52146.0
41.21248283098976,0.0,-1.401298464324817e-45,0.0,0.0,0.0,-1.401298464324817e-45,0.0,0.0,0.0,0.0,0.0,0.0,0.0,48328.0,14.0,52156.0,34472.0,14.0,52168.0
41.212544465990504,0.0,-1.401298464324817e-45,0.0,0.0,0.0,-1.401298464324817e-45,0.0,0.0,0.0,0.0,0.0,0.0,0.0,48329.0,14.0,52176.0,34473.0,14.0,52189.0
41.23866104599438,0.0,-1.401298464324817e-45,0.0,0.0,0.0,-1.401298464324817e-45,0.0,0.0,0.0,0.0,0.0,0.0,0.0,48330.0,14.0,52196.0,34474.0,14.0,52207.0
41.2564340789977,0.0,-1.401298464324817e-45,0.0,0.0,0.0,-1.401298464324817e-45,0.0,0.0,0.0,0.0,0.0,0.0,0.0,48331.0,14.0,52216.0,34475.0,14.0,52229.0
41.27141242400103,0.0,-1.401298464324817e-45,0.0,0.0,0.0,-1.401298464324817e-45,0.0,0.0,0.0,0.0,0.0,0.0,0.0,48332.0,14.0,52236.0,34476.0,14.0,52250.0
41.44274965400109,0.0,-1.401298464324817e-45,0.0,0.0,0.0,-1.401298464324817e-45,0.0,0.0,0.0,0.0,0.0,0.0,0.0,48333.0,14.0,52256.0,34477.0,14.0,52269.0
41.44289534600102,0.0,-1.401298464324817e-45,0.0,0.0,0.0,-1.401298464324817e-45,0.0,0.0,0.0,0.0,0.0,0.0,0.0,48334.0,14.0,52276.0,34478.0,14.0,52288.0
41.44297738999012,0.0,-1.401298464324817e-45,0.0,0.0,0.0,-1.401298464324817e-45,0.0,0.0,0.0,0.0,0.0,0.0,0.0,48335.0,14.0,52296.0,34479.0,14.0,52308.0
41.44304369299789,0.0,-1.401298464324817e-45,0.0,0.0,0.0,-1.401298464324817e-45,0.0,0.0,0.0,0.0,0.0,0.0,0.0,48336.0,14.0,52316.0,34480.0,14.0,52329.0
41.4431062599906,0.0,-1.401298464324817e-45,0.0,0.0,0.0,-1.401298464324817e-45,0.0,0.0,0.0,0.0,0.0,0.0,0.0,48337.0,14.0,52336.0,34481.0,14.0,52349.0
41.44316603199695,0.0,-1.401298464324817e-45,0.0,0.0,0.0,-1.401298464324817e-45,0.0,0.0,0.0,0.0,0.0,0.0,0.0,48338.0,14.0,52356.0,34482.0,14.0,52368.0
41.44322458100214,0.0,-1.401298464324817e-45,0.0,0.0,0.0,-1.401298464324817e-45,0.0,0.0,0.0,0.0,0.0,0.0,0.0,48339.0,14.0,52376.0,34483.0,14.0,52389.0
41.453077676997054,0.0,-1.401298464324817e-45,0.0,0.0,0.0,-1.401298464324817e-45,0.0,0.0,0.0,0.0,0.0,0.0,0.0,48340.0,14.0,52396.0,34484.0,14.0,52408.0
41.46661014200072,0.0,-1.401298464324817e-45,0.0,0.0,0.0,-1.401298464324817e-45,0.0,0.0,0.0,0.0,0.0,0.0,0.0,48341.0,14.0,52416.0,34485.0,14.0,52428.0
41.47693159298797,0.0,-1.401298464324817e-45,0.0,0.0,0.0,-1.401298464324817e-45,0.0,0.0,0.0,0.0,0.0,0.0,0.0,48342.0,14.0,52436.0,34486.0,14.0,52448.0
41.48903191399586,0.0,-1.401298464324817e-45,0.0,0.0,0.0,-1.401298464324817e-45,0.0,0.0,0.0,0.0,0.0,0.0,0.0,48343.0,14.0,52456.0,34487.0,14.0,52469.0
41.52442238898948,0.0,-1.401298464324817e-45,0.0,0.0,0.0,-1.401298464324817e-45,0.0,0.0,0.0,0.0,0.0,0.0,0.0,48344.0,14.0,52476.0,34488.0,14.0,52488.0
41.75100064599246,0.0,-1.401298464324817e-45,0.0,0.0,0.0,-1.401298464324817e-45,0.0,0.0,0.0,0.0,0.0,0.0,0.0,48347.0,14.0,52536.0,34491.0,14.0,52549.0
41.751441578991944,0.0,-1.401298464324817e-45,0.0,0.0,0.0,-1.401298464324817e-45,0.0,0.0,0.0,0.0,0.0,0.0,0.0,48348.0,14.0,52556.0,34492.0,14.0,52569.0
41.75151349299995,0.0,-1.401298464324817e-45,0.0,0.0,0.0,-1.401298464324817e-45,0.0,0.0,0.0,0.0,0.0,0.0,0.0,48349.0,14.0,52576.0,34493.0,14.0,52588.0
41.75157308499911,0.0,-1.401298464324817e-45,0.0,0.0,0.0,-1.401298464324817e-45,0.0,0.0,0.0,0.0,0.0,0.0,0.0,48350.0,14.0,52596.0,34494.0,14.0,52608.0
41.75163010098913,0.0,-1.401298464324817e-45,0.0,0.0,0.0,-1.401298464324817e-45,0.0,0.0,0.0,0.0,0.0,0.0,0.0,48351.0,14.0,52616.0,34495.0,14.0,52628.0
41.751684672999545,0.0,-1.401298464324817e-45,0.0,0.0,0.0,-1.401298464324817e-45,0.0,0.0,0.0,0.0,0.0,0.0,0.0,48352.0,14.0,52636.0,34496.0,14.0,52648.0
41.75174292200245,0.0,-1.401298464324817e-45,0.0,0.0,0.0,-1.401298464324817e-45,0.0,0.0,0.0,0.0,0.0,0.0,0.0,48353.0,14.0,52656.0,34497.0,14.0,52668.0
41.7517974729999,0.0,-1.401298464324817e-45,0.0,0.0,0.0,-1.401298464324817e-45,0.0,0.0,0.0,0.0,0.0,0.0,0.0,48354.0,14.0,52676.0,34498.0,14.0,52689.0
41.751851925000665,0.0,-1.401298464324817e-45,0.0,0.0,0.0,-1.401298464324817e-45,0.0,0.0,0.0,0.0,0.0,0.0,0.0,48355.0,14.0,52696.0,34499.0,14.0,52708.0
41.75190656699124,0.0,-1.401298464324817e-45,0.0,0.0,0.0,-1.401298464324817e-45,0.0,0.0,0.0,0.0,0.0,0.0,0.0,48356.0,14.0,52716.0,34500.0,14.0,52729.0
41.79656561699812,0.0,-1.401298464324817e-45,0.0,0.0,0.0,-1.401298464324817e-45,0.0,0.0,0.0,0.0,0.0,0.0,0.0,48357.0,14.0,52736.0,34501.0,14.0,52750.0
41.79714860499371,0.0,-1.401298464324817e-45,0.0,0.0,0.0,-1.401298464324817e-45,0.0,0.0,0.0,0.0,0.0,0.0,0.0,48358.0,14.0,52756.0,34502.0,14.0,52769.0
41.88967999299348,0.0,-1.401298464324817e-45,0.0,0.0,0.0,-1.401298464324817e-45,0.0,0.0,0.0,0.0,0.0,0.0,0.0,48359.0,14.0,52776.0,34503.0,14.0,52789.0
41.88978666299954,0.0,-1.401298464324817e-45,0.0,0.0,0.0,-1.401298464324817e-45,0.0,0.0,0.0,0.0,0.0,0.0,0.0,48360.0,14.0,52796.0,34504.0,14.0,52808.0
41.88986106099037,0.0,-1.401298464324817e-45,0.0,0.0,0.0,-1.401298464324817e-45,0.0,0.0,0.0,0.0,0.0,0.0,0.0,48361.0,14.0,52816.0,34505.0,14.0,52829.0
41.88992853699892,0.0,-1.401298464324817e-45,0.0,0.0,0.0,-1.401298464324817e-45,0.0,0.0,0.0,0.0,0.0,0.0,0.0,48362.0,14.0,52836.0,34506.0,14.0,52848.0
41.90557850598998,0.0,-1.401298464324817e-45,0.0,0.0,0.0,-1.401298464324817e-45,0.0,0.0,0.0,0.0,0.0,0.0,0.0,48363.0,14.0,52856.0,34507.0,14.0,52869.0
41.92557927800226,0.0,-1.401298464324817e-45,0.0,0.0,0.0,-1.401298464324817e-45,0.0,0.0,0.0,0.0,0.0,0.0,0.0,48364.0,14.0,52876.0,34508.0,14.0,52889.0
42.10469775999081,0.0,-1.401298464324817e-45,0.0,0.0,0.0,-1.401298464324817e-45,0.0,0.0,0.0,0.0,0.0,0.0,0.0,48366.0,14.0,52916.0,34509.0,14.0,52919.0
42.1048267409933,0.0,-1.401298464324817e-45,0.0,0.0,0.0,-1.401298464324817e-45,0.0,0.0,0.0,0.0,0.0,0.0,0.0,48366.0,14.0,52916.0,34510.0,14.0,52924.0
42.10489794399473,0.0,-1.401298464324817e-45,0.0,0.0,0.0,-1.401298464324817e-45,0.0,0.0,0.0,0.0,0.0,0.0,0.0,48368.0,14.0,52956.0,34511.0,14.0,52959.0
42.10496267399867,0.0,-1.401298464324817e-45,0.0,0.0,0.0,-1.401298464324817e-45,0.0,0.0,0.0,0.0,0.0,0.0,0.0,48368.0,14.0,52956.0,34512.0,14.0,52964.0
42.10502582199115,0.0,-1.401298464324817e-45,0.0,0.0,0.0,-1.401298464324817e-45,0.0,0.0,0.0,0.0,0.0,0.0,0.0,48370.0,14.0,52996.0,34513.0,14.0,52999.0
42.1050879379909,0.0,-1.401298464324817e-45,0.0,0.0,0.0,-1.401298464324817e-45,0.0,0.0,0.0,0.0,0.0,0.0,0.0,48370.0,14.0,52996.0,34514.0,14.0,53008.0
42.10515280898835,0.0,-1.401298464324817e-45,0.0,0.0,0.0,-1.401298464324817e-45,0.0,0.0,0.0,0.0,0.0,0.0,0.0,48371.0,14.0,53016.0,34515.0,14.0,53029.0
42.15791059999901,0.0,-1.401298464324817e-45,0.0,0.0,0.0,-1.401298464324817e-45,0.0,0.0,0.0,0.0,0.0,0.0,0.0,48372.0,14.0,53036.0,34516.0,14.0,53049.0
42.158003003001795,0.0,-1.401298464324817e-45,0.0,0.0,0.0,-1.401298464324817e-45,0.0,0.0,0.0,0.0,0.0,0.0,0.0,48373.0,14.0,53056.0,34517.0,14.0,53068.0
42.18115161199239,0.0,-1.401298464324817e-45,0.0,0.0,0.0,-1.401298464324817e-45,0.0,0.0,0.0,0.0,0.0,0.0,0.0,48374.0,14.0,53076.0,34518.0,14.0,53088.0
42.18125021598826,0.0,-1.401298464324817e-45,0.0,0.0,0.0,-1.401298464324817e-45,0.0,0.0,0.0,0.0,0.0,0.0,0.0,48375.0,14.0,53096.0,34519.0,14.0,53108.0
42.1813195959985,0.0,-1.401298464324817e-45,0.0,0.0,0.0,-1.401298464324817e-45,0.0,0.0,0.0,0.0,0.0,0.0,0.0,48377.0,14.0,53136.0,34521.0,14.0,53148.0
42.42282139998861,0.0,-1.401298464324817e-45,0.0,0.0,0.0,-1.401298464324817e-45,0.0,0.0,0.0,0.0,0.0,0.0,0.0,48378.0,14.0,53156.0,34522.0,14.0,53168.0
42.42299326098873,0.0,-1.401298464324817e-45,0.0,0.0,0.0,-1.401298464324817e-45,0.0,0.0,0.0,0.0,0.0,0.0,0.0,48379.0,14.0,53176.0,34523.0,14.0,53188.0
42.548293250991264,0.0,-1.401298464324817e-45,0.0,0.0,0.0,-1.401298464324817e-45,0.0,0.0,0.0,0.0,0.0,0.0,0.0,48392.0,14.0,53436.0,34524.0,14.0,53453.0
42.55646198299655,0.0,-1.401298464324817e-45,0.0,0.0,0.0,-1.401298464324817e-45,0.0,0.0,0.0,0.0,0.0,0.0,0.0,48393.0,14.0,53456.0,34525.0,14.0,53468.0
42.55658955099352,0.0,-1.401298464324817e-45,0.0,0.0,0.0,-1.401298464324817e-45,0.0,0.0,0.0,0.0,0.0,0.0,0.0,48394.0,14.0,53476.0,34526.0,14.0,53488.0
42.57814375299495,0.0,-1.401298464324817e-45,0.0,0.0,0.0,-1.401298464324817e-45,0.0,0.0,0.0,0.0,0.0,0.0,0.0,48395.0,14.0,53496.0,34527.0,14.0,53508.0
42.578548067991505,0.0,-1.401298464324817e-45,0.0,0.0,0.0,-1.401298464324817e-45,0.0,0.0,0.0,0.0,0.0,0.0,0.0,48396.0,14.0,53516.0,34528.0,14.0,53528.0
42.57884318899596,0.0,-1.401298464324817e-45,0.0,0.0,0.0,-1.401298464324817e-45,0.0,0.0,0.0,0.0,0.0,0.0,0.0,48397.0,14.0,53536.0,34529.0,14.0,53548.0
42.85578872798942,0.0,-1.401298464324817e-45,0.0,0.0,0.0,-1.401298464324817e-45,0.0,0.0,0.0,0.0,0.0,0.0,0.0,48401.0,14.0,53616.0,34533.0,14.0,53629.0
42.855957823994686,0.0,-1.401298464324817e-45,0.0,0.0,0.0,-1.401298464324817e-45,0.0,0.0,0.0,0.0,0.0,0.0,0.0,48402.0,14.0,53636.0,34534.0,14.0,53648.0
42.8560321929981,0.0,-1.401298464324817e-45,0.0,0.0,0.0,-1.401298464324817e-45,0.0,0.0,0.0,0.0,0.0,0.0,0.0,48403.0,14.0,53656.0,34535.0,14.0,53668.0
42.856095351002296,0.0,-1.401298464324817e-45,0.0,0.0,0.0,-1.401298464324817e-45,0.0,0.0,0.0,0.0,0.0,0.0,0.0,48404.0,14.0,53676.0,34536.0,14.0,53688.0
42.85615586399217,0.0,-1.401298464324817e-45,0.0,0.0,0.0,-1.401298464324817e-45,0.0,0.0,0.0,0.0,0.0,0.0,0.0,48405.0,14.0,53696.0,34537.0,14.0,53709.0
42.85621365100087,0.0,-1.401298464324817e-45,0.0,0.0,0.0,-1.401298464324817e-45,0.0,0.0,0.0,0.0,0.0,0.0,0.0,48406.0,14.0,53716.0,34538.0,14.0,53728.0
42.85627774099703,0.0,-1.401298464324817e-45,0.0,0.0,0.0,-1.401298464324817e-45,0.0,0.0,0.0,0.0,0.0,0.0,0.0,48407.0,14.0,53736.0,34539.0,14.0,53749.0
42.85633457699441,0.0,-1.401298464324817e-45,0.0,0.0,0.0,-1.401298464324817e-45,0.0,0.0,0.0,0.0,0.0,0.0,0.0,48408.0,14.0,53756.0,34540.0,14.0,53769.0
42.856390271001146,0.0,-1.401298464324817e-45,0.0,0.0,0.0,-1.401298464324817e-45,0.0,0.0,0.0,0.0,0.0,0.0,0.0,48409.0,14.0,53776.0,34541.0,14.0,53788.0
42.856458327994915,0.0,-1.401298464324817e-45,0.0,0.0,0.0,-1.401298464324817e-45,0.0,0.0,0.0,0.0,0.0,0.0,0.0,48410.0,14.0,53796.0,34542.0,14.0,53808.0
42.94220602299902,0.0,-1.401298464324817e-45,0.0,0.0,0.0,-1.401298464324817e-45,0.0,0.0,0.0,0.0,0.0,0.0,0.0,48411.0,14.0,53816.0,34543.0,14.0,53828.0
42.94236490999174,0.0,-1.401298464324817e-45,0.0,0.0,0.0,-1.401298464324817e-45,0.0,0.0,0.0,0.0,0.0,0.0,0.0,48412.0,14.0,53836.0,34544.0,14.0,53848.0
42.94244661300036,0.0,-1.401298464324817e-45,0.0,0.0,0.0,-1.401298464324817e-45,0.0,0.0,0.0,0.0,0.0,0.0,0.0,48413.0,14.0,53856.0,34545.0,14.0,53868.0
42.942514669994125,0.0,-1.401298464324817e-45,0.0,0.0,0.0,-1.401298464324817e-45,0.0,0.0,0.0,0.0,0.0,0.0,0.0,48414.0,14.0,53876.0,34546.0,14.0,53888.0
42.95620085299015,0.0,-1.401298464324817e-45,0.0,0.0,0.0,-1.401298464324817e-45,0.0,0.0,0.0,0.0,0.0,0.0,0.0,48415.0,14.0,53896.0,34547.0,14.0,53908.0
42.98625927299145,0.0,-1.401298464324817e-45,0.0,0.0,0.0,-1.401298464324817e-45,0.0,0.0,0.0,0.0,0.0,0.0,0.0,48416.0,14.0,53916.0,34548.0,14.0,53928.0
42.99073414799932,0.0,-1.401298464324817e-45,0.0,0.0,0.0,-1.401298464324817e-45,0.0,0.0,0.0,0.0,0.0,0.0,0.0,48417.0,14.0,53936.0,34549.0,14.0,53948.0
42.994134287000634,0.0,-1.401298464324817e-45,0.0,0.0,0.0,-1.401298464324817e-45,0.0,0.0,0.0,0.0,0.0,0.0,0.0,48418.0,14.0,53956.0,34550.0,14.0,53969.0
43.00759564999316,0.0,-1.401298464324817e-45,0.0,0.0,0.0,-1.401298464324817e-45,0.0,0.0,0.0,0.0,0.0,0.0,0.0,48419.0,14.0,53976.0,34551.0,14.0,53989.0
43.02735600399319,0.0,-1.401298464324817e-45,0.0,0.0,0.0,-1.401298464324817e-45,0.0,0.0,0.0,0.0,0.0,0.0,0.0,48420.0,14.0,53996.0,34552.0,14.0,54009.0
43.04767733499466,0.0,-1.401298464324817e-45,0.0,0.0,0.0,-1.401298464324817e-45,0.0,0.0,0.0,0.0,0.0,0.0,0.0,48421.0,14.0,54016.0,34553.0,14.0,54029.0
43.07435270899441,0.0,-1.401298464324817e-45,0.0,0.0,0.0,-1.401298464324817e-45,0.0,0.0,0.0,0.0,0.0,0.0,0.0,48422.0,14.0,54036.0,34554.0,14.0,54041.0
43.477996586996596,0.0,-1.401298464324817e-45,0.0,0.0,0.0,-1.401298464324817e-45,0.0,0.0,0.0,0.0,0.0,0.0,0.0,48423.0,14.0,54056.0,34555.0,14.0,54069.0
43.47816028298985,0.0,-1.401298464324817e-45,0.0,0.0,0.0,-1.401298464324817e-45,0.0,0.0,0.0,0.0,0.0,0.0,0.0,48424.0,14.0,54076.0,34556.0,14.0,54089.0
43.47823481199157,0.0,-1.401298464324817e-45,0.0,0.0,0.0,-1.401298464324817e-45,0.0,0.0,0.0,0.0,0.0,0.0,0.0,48425.0,14.0,54096.0,34557.0,14.0,54109.0
43.47829950299638,0.0,-1.401298464324817e-45,0.0,0.0,0.0,-1.401298464324817e-45,0.0,0.0,0.0,0.0,0.0,0.0,0.0,48426.0,14.0,54116.0,34558.0,14.0,54128.0
46.54158173399628,0.0,-1.401298464324817e-45,0.0,0.0,0.0,-1.401298464324817e-45,0.0,0.0,0.0,0.0,0.0,0.0,0.0,48576.0,14.0,57116.0,34562.0,14.0,57118.0
46.54185834000236,0.0,-1.401298464324817e-45,0.0,0.0,0.0,-1.401298464324817e-45,0.0,0.0,0.0,0.0,0.0,0.0,0.0,48576.0,14.0,57116.0,34563.0,14.0,57125.0
46.54251603799639,0.0,-1.401298464324817e-45,0.0,0.0,0.0,-1.401298464324817e-45,0.0,0.0,0.0,0.0,0.0,0.0,0.0,48577.0,14.0,57136.0,34564.0,14.0,57148.0
46.54315013199812,0.0,-1.401298464324817e-45,0.0,0.0,0.0,-1.401298464324817e-45,0.0,0.0,0.0,0.0,0.0,0.0,0.0,48578.0,14.0,57156.0,34565.0,14.0,57168.0
46.54379442500067,0.0,-1.401298464324817e-45,0.0,0.0,0.0,-1.401298464324817e-45,0.0,0.0,0.0,0.0,0.0,0.0,0.0,48579.0,14.0,57176.0,34566.0,14.0,57188.0
46.54526464999071,0.0,-1.401298464324817e-45,0.0,0.0,0.0,-1.401298464324817e-45,0.0,0.0,0.0,0.0,0.0,0.0,0.0,48580.0,14.0,57196.0,34567.0,14.0,57208.0
46.56169682099426,0.0,-1.401298464324817e-45,0.0,0.0,0.0,-1.401298464324817e-45,0.0,0.0,0.0,0.0,0.0,0.0,0.0,48581.0,14.0,57216.0,34568.0,14.0,57228.0
46.56228533000103,0.0,-1.401298464324817e-45,0.0,0.0,0.0,-1.401298464324817e-45,0.0,0.0,0.0,0.0,0.0,0.0,0.0,48582.0,14.0,57236.0,34569.0,14.0,57250.0
46.56290527699457,0.0,-1.401298464324817e-45,0.0,0.0,0.0,-1.401298464324817e-45,0.0,0.0,0.0,0.0,0.0,0.0,0.0,48583.0,14.0,57256.0,34570.0,14.0,57268.0
46.594127903998015,0.0,-1.401298464324817e-45,0.0,0.0,0.0,-1.401298464324817e-45,0.0,0.0,0.0,0.0,0.0,0.0,0.0,48598.0,14.0,57556.0,34571.0,14.0,57567.0
46.60763463198964,0.0,-1.401298464324817e-45,0.0,0.0,0.0,-1.401298464324817e-45,0.0,0.0,0.0,0.0,0.0,0.0,0.0,48599.0,14.0,57576.0,34572.0,14.0,57589.0
46.62747387398849,0.0,-1.401298464324817e-45,0.0,0.0,0.0,-1.401298464324817e-45,0.0,0.0,0.0,0.0,0.0,0.0,0.0,48600.0,14.0,57596.0,34573.0,14.0,57609.0
47.06664931999694,0.0,-1.401298464324817e-45,0.0,0.0,0.0,-1.401298464324817e-45,0.0,0.0,0.0,0.0,0.0,0.0,0.0,48601.0,14.0,57616.0,34574.0,14.0,57629.0
47.067162748993724,0.0,-1.401298464324817e-45,0.0,0.0,0.0,-1.401298464324817e-45,0.0,0.0,0.0,0.0,0.0,0.0,0.0,48602.0,14.0,57636.0,34575.0,14.0,57649.0
47.067238609990454,0.0,-1.401298464324817e-45,0.0,0.0,0.0,-1.401298464324817e-45,0.0,0.0,0.0,0.0,0.0,0.0,0.0,48603.0,14.0,57656.0,34576.0,14.0,57669.0
47.06730130799406,0.0,-1.401298464324817e-45,0.0,0.0,0.0,-1.401298464324817e-45,0.0,0.0,0.0,0.0,0.0,0.0,0.0,48604.0,14.0,57676.0,34577.0,14.0,57680.0
47.0673601669987,0.0,-1.401298464324817e-45,0.0,0.0,0.0,-1.401298464324817e-45,0.0,0.0,0.0,0.0,0.0,0.0,0.0,48605.0,14.0,57696.0,34578.0,14.0,57708.0
47.067423525993945,0.0,-1.401298464324817e-45,0.0,0.0,0.0,-1.401298464324817e-45,0.0,0.0,0.0,0.0,0.0,0.0,0.0,48606.0,14.0,57716.0,34579.0,14.0,57729.0
47.067483767998056,0.0,-1.401298464324817e-45,0.0,0.0,0.0,-1.401298464324817e-45,0.0,0.0,0.0,0.0,0.0,0.0,0.0,48607.0,14.0,57736.0,34580.0,14.0,57750.0
47.06754117499804,0.0,-1.401298464324817e-45,0.0,0.0,0.0,-1.401298464324817e-45,0.0,0.0,0.0,0.0,0.0,0.0,0.0,48608.0,14.0,57756.0,34581.0,14.0,57768.0
47.114604829999735,0.0,-1.401298464324817e-45,0.0,0.0,0.0,-1.401298464324817e-45,0.0,0.0,0.0,0.0,0.0,0.0,0.0,48620.0,14.0,57996.0,34593.0,14.0,58008.0
47.11471592698945,0.0,-1.401298464324817e-45,0.0,0.0,0.0,-1.401298464324817e-45,0.0,0.0,0.0,0.0,0.0,0.0,0.0,48621.0,14.0,58016.0,34594.0,14.0,58028.0
47.11478510599409,0.0,-1.401298464324817e-45,0.0,0.0,0.0,-1.401298464324817e-45,0.0,0.0,0.0,0.0,0.0,0.0,0.0,48622.0,14.0,58036.0,34595.0,14.0,58048.0
47.1148461499979,0.0,-1.401298464324817e-45,0.0,0.0,0.0,-1.401298464324817e-45,0.0,0.0,0.0,0.0,0.0,0.0,0.0,48623.0,14.0,58056.0,34596.0,14.0,58068.0
47.116841786992154,0.0,-1.401298464324817e-45,0.0,0.0,0.0,-1.401298464324817e-45,0.0,0.0,0.0,0.0,0.0,0.0,0.0,48624.0,14.0,58076.0,34597.0,14.0,58088.0
47.12904375899234,0.0,-1.401298464324817e-45,0.0,0.0,0.0,-1.401298464324817e-45,0.0,0.0,0.0,0.0,0.0,0.0,0.0,48625.0,14.0,58096.0,34598.0,14.0,58108.0
47.15335169598984,0.0,-1.401298464324817e-45,0.0,0.0,0.0,-1.401298464324817e-45,0.0,0.0,0.0,0.0,0.0,0.0,0.0,48626.0,14.0,58116.0,34599.0,14.0,58129.0
47.56130708499404,0.0,-1.401298464324817e-45,0.0,0.0,0.0,-1.401298464324817e-45,0.0,0.0,0.0,0.0,0.0,0.0,0.0,48627.0,14.0,58136.0,34600.0,14.0,58148.0
47.56163248298981,0.0,-1.401298464324817e-45,0.0,0.0,0.0,-1.401298464324817e-45,0.0,0.0,0.0,0.0,0.0,0.0,0.0,48628.0,14.0,58156.0,34601.0,14.0,58168.0
47.56170793400088,0.0,-1.401298464324817e-45,0.0,0.0,0.0,-1.401298464324817e-45,0.0,0.0,0.0,0.0,0.0,0.0,0.0,48629.0,14.0,58176.0,34602.0,14.0,58188.0
47.561768125990056,0.0,-1.401298464324817e-45,0.0,0.0,0.0,-1.401298464324817e-45,0.0,0.0,0.0,0.0,0.0,0.0,0.0,48630.0,14.0,58196.0,34603.0,14.0,58208.0
47.56182590399112,0.0,-1.401298464324817e-45,0.0,0.0,0.0,-1.401298464324817e-45,0.0,0.0,0.0,0.0,0.0,0.0,0.0,48631.0,14.0,58216.0,34604.0,14.0,58228.0
47.56188154799747,0.0,-1.401298464324817e-45,0.0,0.0,0.0,-1.401298464324817e-45,0.0,0.0,0.0,0.0,0.0,0.0,0.0,48632.0,14.0,58236.0,34605.0,14.0,58249.0
47.561936479993165,0.0,-1.401298464324817e-45,0.0,0.0,0.0,-1.401298464324817e-45,0.0,0.0,0.0,0.0,0.0,0.0,0.0,48633.0,14.0,58256.0,34606.0,14.0,58268.0
47.57223683298798,0.0,-1.401298464324817e-45,0.0,0.0,0.0,-1.401298464324817e-45,0.0,0.0,0.0,0.0,0.0,0.0,0.0,48647.0,14.0,58536.0,34607.0,14.0,58550.0
47.58897470499505,0.0,-1.401298464324817e-45,0.0,0.0,0.0,-1.401298464324817e-45,0.0,0.0,0.0,0.0,0.0,0.0,0.0,48648.0,14.0,58556.0,34608.0,14.0,58569.0
47.61234056200192,0.0,-1.401298464324817e-45,0.0,0.0,0.0,-1.401298464324817e-45,0.0,0.0,0.0,0.0,0.0,0.0,0.0,48649.0,14.0,58576.0,34609.0,14.0,58588.0
47.64011152400053,0.0,-1.401298464324817e-45,0.0,0.0,0.0,-1.401298464324817e-45,0.0,0.0,0.0,0.0,0.0,0.0,0.0,48650.0,14.0,58596.0,34610.0,14.0,58608.0
48.064189098993666,0.0,-1.401298464324817e-45,0.0,0.0,0.0,-1.401298464324817e-45,0.0,0.0,0.0,0.0,0.0,0.0,0.0,48651.0,14.0,58616.0,34611.0,14.0,58629.0
48.06473998699221,0.0,-1.401298464324817e-45,0.0,0.0,0.0,-1.401298464324817e-45,0.0,0.0,0.0,0.0,0.0,0.0,0.0,48652.0,14.0,58636.0,34612.0,14.0,58648.0
48.06493430999399,0.0,-1.401298464324817e-45,0.0,0.0,0.0,-1.401298464324817e-45,0.0,0.0,0.0,0.0,0.0,0.0,0.0,48653.0,14.0,58656.0,34613.0,14.0,58668.0
48.06500442099059,0.0,-1.401298464324817e-45,0.0,0.0,0.0,-1.401298464324817e-45,0.0,0.0,0.0,0.0,0.0,0.0,0.0,48654.0,14.0,58676.0,34614.0,14.0,58688.0
48.06506660699961,0.0,-1.401298464324817e-45,0.0,0.0,0.0,-1.401298464324817e-45,0.0,0.0,0.0,0.0,0.0,0.0,0.0,48657.0,14.0,58736.0,34617.0,14.0,58750.0
48.06512714999553,0.0,-1.401298464324817e-45,0.0,0.0,0.0,-1.401298464324817e-45,0.0,0.0,0.0,0.0,0.0,0.0,0.0,48658.0,14.0,58756.0,34618.0,14.0,58769.0
48.06518969699391,0.0,-1.401298464324817e-45,0.0,0.0,0.0,-1.401298464324817e-45,0.0,0.0,0.0,0.0,0.0,0.0,0.0,48659.0,14.0,58776.0,34619.0,14.0,58789.0
48.065250560990535,0.0,-1.401298464324817e-45,0.0,0.0,0.0,-1.401298464324817e-45,0.0,0.0,0.0,0.0,0.0,0.0,0.0,48660.0,14.0,58796.0,34620.0,14.0,58809.0
48.06531063299917,0.0,-1.401298464324817e-45,0.0,0.0,0.0,-1.401298464324817e-45,0.0,0.0,0.0,0.0,0.0,0.0,0.0,48661.0,14.0,58816.0,34621.0,14.0,58829.0
48.087432157000876,0.0,-1.401298464324817e-45,0.0,0.0,0.0,-1.401298464324817e-45,0.0,0.0,0.0,0.0,0.0,0.0,0.0,48673.0,14.0,59056.0,34633.0,14.0,59069.0
48.107365566000226,0.0,-1.401298464324817e-45,0.0,0.0,0.0,-1.401298464324817e-45,0.0,0.0,0.0,0.0,0.0,0.0,0.0,48674.0,14.0,59076.0,34634.0,14.0,59089.0
48.15156061499147,0.0,-1.401298464324817e-45,0.0,0.0,0.0,-1.401298464324817e-45,0.0,0.0,0.0,0.0,0.0,0.0,0.0,48675.0,14.0,59096.0,34635.0,14.0,59108.0
48.16826869199576,0.0,-1.401298464324817e-45,0.0,0.0,0.0,-1.401298464324817e-45,0.0,0.0,0.0,0.0,0.0,0.0,0.0,48676.0,14.0,59116.0,34636.0,14.0,59128.0
48.17490140598966,0.0,-1.401298464324817e-45,0.0,0.0,0.0,-1.401298464324817e-45,0.0,0.0,0.0,0.0,0.0,0.0,0.0,48677.0,14.0,59136.0,34637.0,14.0,59148.0
48.202093357991544,0.0,-1.401298464324817e-45,0.0,0.0,0.0,-1.401298464324817e-45,0.0,0.0,0.0,0.0,0.0,0.0,0.0,48678.0,14.0,59156.0,34638.0,14.0,59168.0
48.23971705698932,0.0,-1.401298464324817e-45,0.0,0.0,0.0,-1.401298464324817e-45,0.0,0.0,0.0,0.0,0.0,0.0,0.0,48679.0,14.0,59176.0,34639.0,14.0,59188.0
48.24648720800178,0.0,-1.401298464324817e-45,0.0,0.0,0.0,-1.401298464324817e-45,0.0,0.0,0.0,0.0,0.0,0.0,0.0,48680.0,14.0,59196.0,34640.0,14.0,59208.0
48.27498647099128,0.0,-1.401298464324817e-45,0.0,0.0,0.0,-1.401298464324817e-45,0.0,0.0,0.0,0.0,0.0,0.0,0.0,48681.0,14.0,59216.0,34641.0,14.0,59229.0
48.294416149001336,0.0,-1.401298464324817e-45,0.0,0.0,0.0,-1.401298464324817e-45,0.0,0.0,0.0,0.0,0.0,0.0,0.0,48682.0,14.0,59236.0,34642.0,14.0,59250.0
48.475780143999145,0.0,-1.401298464324817e-45,0.0,0.0,0.0,-1.401298464324817e-45,0.0,0.0,0.0,0.0,0.0,0.0,0.0,48683.0,14.0,59256.0,34643.0,14.0,59269.0
48.512410538998665,0.0,-1.401298464324817e-45,0.0,0.0,0.0,-1.401298464324817e-45,0.0,0.0,0.0,0.0,0.0,0.0,0.0,48694.0,14.0,59476.0,34644.0,14.0,59478.0
48.52149468100106,0.0,-1.401298464324817e-45,0.0,0.0,0.0,-1.401298464324817e-45,0.0,0.0,0.0,0.0,0.0,0.0,0.0,48694.0,14.0,59476.0,34645.0,14.0,59484.0
48.66397914200206,0.0,-1.401298464324817e-45,0.0,0.0,0.0,-1.401298464324817e-45,0.0,0.0,0.0,0.0,0.0,0.0,0.0,48695.0,14.0,59496.0,34646.0,14.0,59508.0
48.66451567399781,0.0,-1.401298464324817e-45,0.0,0.0,0.0,-1.401298464324817e-45,0.0,0.0,0.0,0.0,0.0,0.0,0.0,48696.0,14.0,59516.0,34647.0,14.0,59529.0
48.66489449099754,0.0,-1.401298464324817e-45,0.0,0.0,0.0,-1.401298464324817e-45,0.0,0.0,0.0,0.0,0.0,0.0,0.0,48697.0,14.0,59536.0,34648.0,14.0,59549.0
48.66502663800202,0.0,-1.401298464324817e-45,0.0,0.0,0.0,-1.401298464324817e-45,0.0,0.0,0.0,0.0,0.0,0.0,0.0,48698.0,14.0,59556.0,34649.0,14.0,59569.0
48.66509227998904,0.0,-1.401298464324817e-45,0.0,0.0,0.0,-1.401298464324817e-45,0.0,0.0,0.0,0.0,0.0,0.0,0.0,48699.0,14.0,59576.0,34650.0,14.0,59589.0
48.66515391498979,0.0,-1.401298464324817e-45,0.0,0.0,0.0,-1.401298464324817e-45,0.0,0.0,0.0,0.0,0.0,0.0,0.0,48700.0,14.0,59596.0,34651.0,14.0,59608.0
48.6652141079976,0.0,-1.401298464324817e-45,0.0,0.0,0.0,-1.401298464324817e-45,0.0,0.0,0.0,0.0,0.0,0.0,0.0,48701.0,14.0,59616.0,34652.0,14.0,59628.0
48.66748172199004,0.0,-1.401298464324817e-45,0.0,0.0,0.0,-1.401298464324817e-45,0.0,0.0,0.0,0.0,0.0,0.0,0.0,48702.0,14.0,59636.0,34653.0,14.0,59649.0
48.68725792699843,0.0,-1.401298464324817e-45,0.0,0.0,0.0,-1.401298464324817e-45,0.0,0.0,0.0,0.0,0.0,0.0,0.0,48703.0,14.0,59657.0,34654.0,14.0,59669.0
48.70736831599788,0.0,-1.401298464324817e-45,0.0,0.0,0.0,-1.401298464324817e-45,0.0,0.0,0.0,0.0,0.0,0.0,0.0,48704.0,14.0,59676.0,34655.0,14.0,59689.0
48.730831134991604,0.0,-1.401298464324817e-45,0.0,0.0,0.0,-1.401298464324817e-45,0.0,0.0,0.0,0.0,0.0,0.0,0.0,48705.0,14.0,59696.0,34656.0,14.0,59709.0
48.73978559499665,0.0,-1.401298464324817e-45,0.0,0.0,0.0,-1.401298464324817e-45,0.0,0.0,0.0,0.0,0.0,0.0,0.0,48706.0,14.0,59716.0,34657.0,14.0,59721.0
48.88378307099629,0.0,-1.401298464324817e-45,0.0,0.0,0.0,-1.401298464324817e-45,0.0,0.0,0.0,0.0,0.0,0.0,0.0,48707.0,14.0,59736.0,34658.0,14.0,59750.0
48.90395836099924,0.0,-1.401298464324817e-45,0.0,0.0,0.0,-1.401298464324817e-45,0.0,0.0,0.0,0.0,0.0,0.0,0.0,48708.0,14.0,59756.0,34659.0,14.0,59768.0
48.904153064999264,0.0,-1.401298464324817e-45,0.0,0.0,0.0,-1.401298464324817e-45,0.0,0.0,0.0,0.0,0.0,0.0,0.0,48709.0,14.0,59776.0,34660.0,14.0,59788.0
48.90423256299982,0.0,-1.401298464324817e-45,0.0,0.0,0.0,-1.401298464324817e-45,0.0,0.0,0.0,0.0,0.0,0.0,0.0,48710.0,14.0,59796.0,34661.0,14.0,59808.0
48.90429939799651,0.0,-1.401298464324817e-45,0.0,0.0,0.0,-1.401298464324817e-45,0.0,0.0,0.0,0.0,0.0,0.0,0.0,48711.0,14.0,59816.0,34662.0,14.0,59828.0
48.90436291699007,0.0,-1.401298464324817e-45,0.0,0.0,0.0,-1.401298464324817e-45,0.0,0.0,0.0,0.0,0.0,0.0,0.0,48712.0,14.0,59836.0,34663.0,14.0,59848.0
48.90443593300006,0.0,-1.401298464324817e-45,0.0,0.0,0.0,-1.401298464324817e-45,0.0,0.0,0.0,0.0,0.0,0.0,0.0,48713.0,14.0,59856.0,34664.0,14.0,59868.0
48.950370820995886,0.0,-1.401298464324817e-45,0.0,0.0,0.0,-1.401298464324817e-45,0.0,0.0,0.0,0.0,0.0,0.0,0.0,48714.0,14.0,59876.0,34665.0,14.0,59889.0
48.96643445499649,0.0,-1.401298464324817e-45,0.0,0.0,0.0,-1.401298464324817e-45,0.0,0.0,0.0,0.0,0.0,0.0,0.0,48715.0,14.0,59896.0,34666.0,14.0,59908.0
48.966843888993026,0.0,-1.401298464324817e-45,0.0,0.0,0.0,-1.401298464324817e-45,0.0,0.0,0.0,0.0,0.0,0.0,0.0,48716.0,14.0,59916.0,34667.0,14.0,59928.0
48.9700431329984,0.0,-1.401298464324817e-45,0.0,0.0,0.0,-1.401298464324817e-45,0.0,0.0,0.0,0.0,0.0,0.0,0.0,48717.0,14.0,59936.0,34668.0,14.0,59949.0
49.12295858300058,0.0,-1.401298464324817e-45,0.0,0.0,0.0,-1.401298464324817e-45,0.0,0.0,0.0,0.0,0.0,0.0,0.0,48718.0,14.0,59956.0,34669.0,14.0,59968.0
49.123087703992496,0.0,-1.401298464324817e-45,0.0,0.0,0.0,-1.401298464324817e-45,0.0,0.0,0.0,0.0,0.0,0.0,0.0,48719.0,14.0,59976.0,34670.0,14.0,59988.0
49.123162192991,0.0,-1.401298464324817e-45,0.0,0.0,0.0,-1.401298464324817e-45,0.0,0.0,0.0,0.0,0.0,0.0,0.0,48720.0,14.0,59996.0,34671.0,14.0,60008.0
49.1235356709949,0.0,-1.401298464324817e-45,0.0,0.0,0.0,-1.401298464324817e-45,0.0,0.0,0.0,0.0,0.0,0.0,0.0,48721.0,14.0,60016.0,34672.0,14.0,60028.0
49.123603807995096,0.0,-1.401298464324817e-45,0.0,0.0,0.0,-1.401298464324817e-45,0.0,0.0,0.0,0.0,0.0,0.0,0.0,48723.0,14.0,60056.0,34674.0,14.0,60069.0
49.123668599000666,0.0,-1.401298464324817e-45,0.0,0.0,0.0,-1.401298464324817e-45,0.0,0.0,0.0,0.0,0.0,0.0,0.0,48724.0,14.0,60076.0,34675.0,14.0,60088.0
49.16685427399352,0.0,-1.401298464324817e-45,0.0,0.0,0.0,-1.401298464324817e-45,0.0,0.0,0.0,0.0,0.0,0.0,0.0,48725.0,14.0,60096.0,34676.0,14.0,60109.0
49.16695765699842,0.0,-1.401298464324817e-45,0.0,0.0,0.0,-1.401298464324817e-45,0.0,0.0,0.0,0.0,0.0,0.0,0.0,48726.0,14.0,60116.0,34677.0,14.0,60128.0
49.19006487299339,0.0,-1.401298464324817e-45,0.0,0.0,0.0,-1.401298464324817e-45,0.0,0.0,0.0,0.0,0.0,0.0,0.0,48727.0,14.0,60136.0,34678.0,14.0,60148.0
49.33768694900209,0.0,-1.401298464324817e-45,0.0,0.0,0.0,-1.401298464324817e-45,0.0,0.0,0.0,0.0,0.0,0.0,0.0,48728.0,14.0,60156.0,34679.0,14.0,60169.0
49.337793218001025,0.0,-1.401298464324817e-45,0.0,0.0,0.0,-1.401298464324817e-45,0.0,0.0,0.0,0.0,0.0,0.0,0.0,48729.0,14.0,60176.0,34680.0,14.0,60188.0
49.337892071998795,0.0,-1.401298464324817e-45,0.0,0.0,0.0,-1.401298464324817e-45,0.0,0.0,0.0,0.0,0.0,0.0,0.0,48730.0,14.0,60196.0,34681.0,14.0,60208.0
49.33796667199931,0.0,-1.401298464324817e-45,0.0,0.0,0.0,-1.401298464324817e-45,0.0,0.0,0.0,0.0,0.0,0.0,0.0,48731.0,14.0,60216.0,34682.0,14.0,60228.0
49.33803372699185,0.0,-1.401298464324817e-45,0.0,0.0,0.0,-1.401298464324817e-45,0.0,0.0,0.0,0.0,0.0,0.0,0.0,48732.0,14.0,60236.0,34683.0,14.0,60250.0
49.33809159499651,0.0,-1.401298464324817e-45,0.0,0.0,0.0,-1.401298464324817e-45,0.0,0.0,0.0,0.0,0.0,0.0,0.0,48733.0,14.0,60256.0,34684.0,14.0,60269.0
49.39494873699732,0.0,-1.401298464324817e-45,0.0,0.0,0.0,-1.401298464324817e-45,0.0,0.0,0.0,0.0,0.0,0.0,0.0,48737.0,14.0,60336.0,34685.0,14.0,60355.0
49.53963138499239,0.0,-1.401298464324817e-45,0.0,0.0,0.0,-1.401298464324817e-45,0.0,0.0,0.0,0.0,0.0,0.0,0.0,48738.0,14.0,60356.0,34686.0,14.0,60361.0
49.53978662499867,0.0,-1.401298464324817e-45,0.0,0.0,0.0,-1.401298464324817e-45,0.0,0.0,0.0,0.0,0.0,0.0,0.0,48739.0,14.0,60376.0,34687.0,14.0,60388.0
49.5398657629994,0.0,-1.401298464324817e-45,0.0,0.0,0.0,-1.401298464324817e-45,0.0,0.0,0.0,0.0,0.0,0.0,0.0,48740.0,14.0,60396.0,34688.0,14.0,60408.0
49.539932517989655,0.0,-1.401298464324817e-45,0.0,0.0,0.0,-1.401298464324817e-45,0.0,0.0,0.0,0.0,0.0,0.0,0.0,48741.0,14.0,60416.0,34689.0,14.0,60429.0
49.54016828798922,0.0,-1.401298464324817e-45,0.0,0.0,0.0,-1.401298464324817e-45,0.0,0.0,0.0,0.0,0.0,0.0,0.0,48742.0,14.0,60436.0,34690.0,14.0,60449.0
49.54023788799532,0.0,-1.401298464324817e-45,0.0,0.0,0.0,-1.401298464324817e-45,0.0,0.0,0.0,0.0,0.0,0.0,0.0,48743.0,14.0,60456.0,34691.0,14.0,60469.0
49.54032421899319,0.0,-1.401298464324817e-45,0.0,0.0,0.0,-1.401298464324817e-45,0.0,0.0,0.0,0.0,0.0,0.0,0.0,48744.0,14.0,60477.0,34692.0,14.0,60482.0
49.540385132990195,0.0,-1.401298464324817e-45,0.0,0.0,0.0,-1.401298464324817e-45,0.0,0.0,0.0,0.0,0.0,0.0,0.0,48746.0,14.0,60516.0,34693.0,14.0,60519.0
49.547060607001185,0.0,-1.401298464324817e-45,0.0,0.0,0.0,-1.401298464324817e-45,0.0,0.0,0.0,0.0,0.0,0.0,0.0,48746.0,14.0,60516.0,34694.0,14.0,60526.0
49.56742936899536,0.0,-1.401298464324817e-45,0.0,0.0,0.0,-1.401298464324817e-45,0.0,0.0,0.0,0.0,0.0,0.0,0.0,48747.0,14.0,60536.0,34695.0,14.0,60549.0
49.58746505899762,0.0,-1.401298464324817e-45,0.0,0.0,0.0,-1.401298464324817e-45,0.0,0.0,0.0,0.0,0.0,0.0,0.0,48748.0,14.0,60556.0,34696.0,14.0,60569.0
49.60017267699004,0.0,-1.401298464324817e-45,0.0,0.0,0.0,-1.401298464324817e-45,0.0,0.0,0.0,0.0,0.0,0.0,0.0,48749.0,14.0,60576.0,34697.0,14.0,60581.0
49.62744653200207,0.0,-1.401298464324817e-45,0.0,0.0,0.0,-1.401298464324817e-45,0.0,0.0,0.0,0.0,0.0,0.0,0.0,48750.0,14.0,60596.0,34698.0,14.0,60609.0
49.80609125299088,0.0,-1.401298464324817e-45,0.0,0.0,0.0,-1.401298464324817e-45,0.0,0.0,0.0,0.0,0.0,0.0,0.0,48751.0,14.0,60616.0,34699.0,14.0,60629.0
49.80620177999663,0.0,-1.401298464324817e-45,0.0,0.0,0.0,-1.401298464324817e-45,0.0,0.0,0.0,0.0,0.0,0.0,0.0,48752.0,14.0,60636.0,34700.0,14.0,60649.0
49.806710569988354,0.0,-1.401298464324817e-45,0.0,0.0,0.0,-1.401298464324817e-45,0.0,0.0,0.0,0.0,0.0,0.0,0.0,48753.0,14.0,60656.0,34701.0,14.0,60669.0
49.808155548002105,0.0,-1.401298464324817e-45,0.0,0.0,0.0,-1.401298464324817e-45,0.0,0.0,0.0,0.0,0.0,0.0,0.0,48754.0,14.0,60676.0,34702.0,14.0,60681.0
49.80824571599078,0.0,-1.401298464324817e-45,0.0,0.0,0.0,-1.401298464324817e-45,0.0,0.0,0.0,0.0,0.0,0.0,0.0,48755.0,14.0,60696.0,34703.0,14.0,60709.0
49.80830670999421,0.0,-1.401298464324817e-45,0.0,0.0,0.0,-1.401298464324817e-45,0.0,0.0,0.0,0.0,0.0,0.0,0.0,48756.0,14.0,60716.0,34704.0,14.0,60729.0
49.808365099001094,0.0,-1.401298464324817e-45,0.0,0.0,0.0,-1.401298464324817e-45,0.0,0.0,0.0,0.0,0.0,0.0,0.0,48757.0,14.0,60736.0,34705.0,14.0,60750.0
49.808428055999684,0.0,-1.401298464324817e-45,0.0,0.0,0.0,-1.401298464324817e-45,0.0,0.0,0.0,0.0,0.0,0.0,0.0,48758.0,14.0,60756.0,34706.0,14.0,60769.0
49.82753989199409,0.0,-1.401298464324817e-45,0.0,0.0,0.0,-1.401298464324817e-45,0.0,0.0,0.0,0.0,0.0,0.0,0.0,48760.0,14.0,60796.0,34708.0,14.0,60809.0
49.84926537699357,0.0,-1.401298464324817e-45,0.0,0.0,0.0,-1.401298464324817e-45,0.0,0.0,0.0,0.0,0.0,0.0,0.0,48761.0,14.0,60816.0,34709.0,14.0,60829.0
49.98300161799125,0.0,-1.401298464324817e-45,0.0,0.0,0.0,-1.401298464324817e-45,0.0,0.0,0.0,0.0,0.0,0.0,0.0,48762.0,14.0,60836.0,34710.0,14.0,60849.0
49.98311215399008,0.0,-1.401298464324817e-45,0.0,0.0,0.0,-1.401298464324817e-45,0.0,0.0,0.0,0.0,0.0,0.0,0.0,48763.0,14.0,60856.0,34711.0,14.0,60869.0
49.98318209499121,0.0,-1.401298464324817e-45,0.0,0.0,0.0,-1.401298464324817e-45,0.0,0.0,0.0,0.0,0.0,0.0,0.0,48764.0,14.0,60876.0,34712.0,14.0,60881.0
49.98324107499502,0.0,-1.401298464324817e-45,0.0,0.0,0.0,-1.401298464324817e-45,0.0,0.0,0.0,0.0,0.0,0.0,0.0,48765.0,14.0,60896.0,34713.0,14.0,60909.0
49.983328427988454,0.0,-1.401298464324817e-45,0.0,0.0,0.0,-1.401298464324817e-45,0.0,0.0,0.0,0.0,0.0,0.0,0.0,48766.0,14.0,60916.0,34714.0,14.0,60929.0
49.983388961001765,0.0,-1.401298464324817e-45,0.0,0.0,0.0,-1.401298464324817e-45,0.0,0.0,0.0,0.0,0.0,0.0,0.0,48767.0,14.0,60936.0,34715.0,14.0,60949.0
49.9871851689968,0.0,-1.401298464324817e-45,0.0,0.0,0.0,-1.401298464324817e-45,0.0,0.0,0.0,0.0,0.0,0.0,0.0,48768.0,14.0,60956.0,34716.0,14.0,60969.0
50.00402879899775,0.0,-1.401298464324817e-45,0.0,0.0,0.0,-1.401298464324817e-45,0.0,0.0,0.0,0.0,0.0,0.0,0.0,48769.0,14.0,60976.0,34717.0,14.0,60982.0
50.02992996199464,0.0,-1.401298464324817e-45,0.0,0.0,0.0,-1.401298464324817e-45,0.0,0.0,0.0,0.0,0.0,0.0,0.0,48770.0,14.0,60996.0,34718.0,14.0,61009.0
50.0484392419894,0.0,-1.401298464324817e-45,0.0,0.0,0.0,-1.401298464324817e-45,0.0,0.0,0.0,0.0,0.0,0.0,0.0,48771.0,14.0,61016.0,34719.0,14.0,61029.0
50.06776840399834,0.0,-1.401298464324817e-45,0.0,0.0,0.0,-1.401298464324817e-45,0.0,0.0,0.0,0.0,0.0,0.0,0.0,48772.0,14.0,61036.0,34720.0,14.0,61049.0
50.22006541299925,0.0,-1.401298464324817e-45,0.0,0.0,0.0,-1.401298464324817e-45,0.0,0.0,0.0,0.0,0.0,0.0,0.0,48773.0,14.0,61056.0,34721.0,14.0,61069.0
50.220172763001756,0.0,-1.401298464324817e-45,0.0,0.0,0.0,-1.401298464324817e-45,0.0,0.0,0.0,0.0,0.0,0.0,0.0,48774.0,14.0,61076.0,34722.0,14.0,61081.0
50.22024015898933,0.0,-1.401298464324817e-45,0.0,0.0,0.0,-1.401298464324817e-45,0.0,0.0,0.0,0.0,0.0,0.0,0.0,48775.0,14.0,61096.0,34723.0,14.0,61109.0
50.22029921899957,0.0,-1.401298464324817e-45,0.0,0.0,0.0,-1.401298464324817e-45,0.0,0.0,0.0,0.0,0.0,0.0,0.0,48776.0,14.0,61116.0,34724.0,14.0,61129.0
50.22035456199956,0.0,-1.401298464324817e-45,0.0,0.0,0.0,-1.401298464324817e-45,0.0,0.0,0.0,0.0,0.0,0.0,0.0,48777.0,14.0,61136.0,34725.0,14.0,61148.0
50.220418732002145,0.0,-1.401298464324817e-45,0.0,0.0,0.0,-1.401298464324817e-45,0.0,0.0,0.0,0.0,0.0,0.0,0.0,48778.0,14.0,61156.0,34726.0,14.0,61169.0
50.22047890500107,0.0,-1.401298464324817e-45,0.0,0.0,0.0,-1.401298464324817e-45,0.0,0.0,0.0,0.0,0.0,0.0,0.0,48779.0,14.0,61176.0,34727.0,14.0,61189.0
50.25415438300115,0.0,-1.401298464324817e-45,0.0,0.0,0.0,-1.401298464324817e-45,0.0,0.0,0.0,0.0,0.0,0.0,0.0,48780.0,14.0,61196.0,34728.0,14.0,61208.0
50.254256513988366,0.0,-1.401298464324817e-45,0.0,0.0,0.0,-1.401298464324817e-45,0.0,0.0,0.0,0.0,0.0,0.0,0.0,48781.0,14.0,61216.0,34729.0,14.0,61228.0
50.436362972992356,0.0,-1.401298464324817e-45,0.0,0.0,0.0,-1.401298464324817e-45,0.0,0.0,0.0,0.0,0.0,0.0,0.0,48782.0,14.0,61236.0,34730.0,14.0,61250.0
50.436489237996284,0.0,-1.401298464324817e-45,0.0,0.0,0.0,-1.401298464324817e-45,0.0,0.0,0.0,0.0,0.0,0.0,0.0,48783.0,14.0,61256.0,34731.0,14.0,61268.0
50.45423966199451,0.0,-1.401298464324817e-45,0.0,0.0,0.0,-1.401298464324817e-45,0.0,0.0,0.0,0.0,0.0,0.0,0.0,48791.0,14.0,61416.0,34732.0,14.0,61435.0
50.461297219997505,0.0,-1.401298464324817e-45,0.0,0.0,0.0,-1.401298464324817e-45,0.0,0.0,0.0,0.0,0.0,0.0,0.0,48792.0,14.0,61436.0,34733.0,14.0,61443.0
50.658534440997755,0.0,-1.401298464324817e-45,0.0,0.0,0.0,-1.401298464324817e-45,0.0,0.0,0.0,0.0,0.0,0.0,0.0,48793.0,14.0,61456.0,34734.0,14.0,61468.0
50.658666887989966,0.0,-1.401298464324817e-45,0.0,0.0,0.0,-1.401298464324817e-45,0.0,0.0,0.0,0.0,0.0,0.0,0.0,48794.0,14.0,61476.0,34735.0,14.0,61488.0
50.65873621699575,0.0,-1.401298464324817e-45,0.0,0.0,0.0,-1.401298464324817e-45,0.0,0.0,0.0,0.0,0.0,0.0,0.0,48795.0,14.0,61496.0,34736.0,14.0,61508.0
50.65879828299512,0.0,-1.401298464324817e-45,0.0,0.0,0.0,-1.401298464324817e-45,0.0,0.0,0.0,0.0,0.0,0.0,0.0,48796.0,14.0,61516.0,34737.0,14.0,61528.0
50.658853977001854,0.0,-1.401298464324817e-45,0.0,0.0,0.0,-1.401298464324817e-45,0.0,0.0,0.0,0.0,0.0,0.0,0.0,48797.0,14.0,61536.0,34738.0,14.0,61548.0
50.65890866899281,0.0,-1.401298464324817e-45,0.0,0.0,0.0,-1.401298464324817e-45,0.0,0.0,0.0,0.0,0.0,0.0,0.0,48798.0,14.0,61556.0,34739.0,14.0,61568.0
50.658961868990446,0.0,-1.401298464324817e-45,0.0,0.0,0.0,-1.401298464324817e-45,0.0,0.0,0.0,0.0,0.0,0.0,0.0,48799.0,14.0,61576.0,34740.0,14.0,61589.0
50.65901587899134,0.0,-1.401298464324817e-45,0.0,0.0,0.0,-1.401298464324817e-45,0.0,0.0,0.0,0.0,0.0,0.0,0.0,48800.0,14.0,61596.0,34741.0,14.0,61608.0
50.65962281299289,0.0,-1.401298464324817e-45,0.0,0.0,0.0,-1.401298464324817e-45,0.0,0.0,0.0,0.0,0.0,0.0,0.0,48801.0,14.0,61616.0,34742.0,14.0,61628.0
50.6913183239958,0.0,-1.401298464324817e-45,0.0,0.0,0.0,-1.401298464324817e-45,0.0,0.0,0.0,0.0,0.0,0.0,0.0,48802.0,14.0,61636.0,34743.0,14.0,61648.0
50.71044269300182,0.0,-1.401298464324817e-45,0.0,0.0,0.0,-1.401298464324817e-45,0.0,0.0,0.0,0.0,0.0,0.0,0.0,48803.0,14.0,61656.0,34744.0,14.0,61669.0
50.72421745400061,0.0,-1.401298464324817e-45,0.0,0.0,0.0,-1.401298464324817e-45,0.0,0.0,0.0,0.0,0.0,0.0,0.0,48804.0,14.0,61676.0,34745.0,14.0,61688.0
50.982849993000855,0.0,-1.401298464324817e-45,0.0,0.0,0.0,-1.401298464324817e-45,0.0,0.0,0.0,0.0,0.0,0.0,0.0,48805.0,14.0,61696.0,34746.0,14.0,61709.0
50.98297709999315,0.0,-1.401298464324817e-45,0.0,0.0,0.0,-1.401298464324817e-45,0.0,0.0,0.0,0.0,0.0,0.0,0.0,48806.0,14.0,61716.0,34747.0,14.0,61728.0
50.98304367400124,0.0,-1.401298464324817e-45,0.0,0.0,0.0,-1.401298464324817e-45,0.0,0.0,0.0,0.0,0.0,0.0,0.0,48812.0,14.0,61836.0,34753.0,14.0,61848.0
50.98310224399029,0.0,-1.401298464324817e-45,0.0,0.0,0.0,-1.401298464324817e-45,0.0,0.0,0.0,0.0,0.0,0.0,0.0,48813.0,14.0,61856.0,34754.0,14.0,61868.0
50.983158709001145,0.0,-1.401298464324817e-45,0.0,0.0,0.0,-1.401298464324817e-45,0.0,0.0,0.0,0.0,0.0,0.0,0.0,48814.0,14.0,61876.0,34755.0,14.0,61889.0
