time_s,left_target_rpm,left_actual_rpm,left_raw_pwm,left_final_pwm,right_target_rpm,right_actual_rpm,right_raw_pwm,right_final_pwm,sync_error_rpm,sync_correction_pwm,sync_active,startup_active,startup_fault,control_seq_mod65536,control_time_ms_hi16,control_time_ms_lo16,publish_seq_mod65536,publish_time_ms_hi16,publish_time_ms_lo16
0.36401469200791325,0.0,0.0,0.0,0.0,0.0,0.0,0.0,0.0,0.0,0.0,0.0,0.0,0.0,26008.0,7.0,64508.0,23301.0,7.0,64516.0
0.3641602660063654,0.0,0.0,0.0,0.0,0.0,0.0,0.0,0.0,0.0,0.0,0.0,0.0,0.0,26008.0,7.0,64508.0,23302.0,7.0,64522.0
0.37253574799979106,0.0,0.0,0.0,0.0,0.0,0.0,0.0,0.0,0.0,0.0,0.0,0.0,0.0,26010.0,7.0,64547.0,23303.0,7.0,64552.0
0.3881572170066647,0.0,0.0,0.0,0.0,0.0,0.0,0.0,0.0,0.0,0.0,0.0,0.0,0.0,26011.0,7.0,64568.0,23304.0,7.0,64576.0
0.3958485519979149,0.0,0.0,0.0,0.0,0.0,0.0,0.0,0.0,0.0,0.0,0.0,0.0,0.0,26011.0,7.0,64568.0,23305.0,7.0,64582.0
0.42950323900731746,0.0,0.0,0.0,0.0,0.0,0.0,0.0,0.0,0.0,0.0,0.0,0.0,0.0,26013.0,7.0,64608.0,23306.0,7.0,64616.0
0.43379871200886555,0.0,0.0,0.0,0.0,0.0,0.0,0.0,0.0,0.0,0.0,0.0,0.0,0.0,26013.0,7.0,64608.0,23307.0,7.0,64622.0
0.8619289170019329,0.0,0.0,0.0,0.0,0.0,0.0,0.0,0.0,0.0,0.0,0.0,0.0,0.0,26027.0,7.0,64888.0,23321.0,7.0,64906.0
0.8621735369961243,0.0,0.0,0.0,0.0,0.0,0.0,0.0,0.0,0.0,0.0,0.0,0.0,0.0,26029.0,7.0,64928.0,23322.0,7.0,64936.0
0.8815650210017338,0.0,0.0,0.0,0.0,0.0,0.0,0.0,0.0,0.0,0.0,0.0,0.0,0.0,26036.0,7.0,65069.0,23323.0,7.0,65069.0
0.9147081450064434,0.0,0.0,0.0,0.0,0.0,0.0,0.0,0.0,0.0,0.0,0.0,0.0,0.0,26037.0,7.0,65088.0,23324.0,7.0,65096.0
0.9148516860004747,0.0,0.0,0.0,0.0,0.0,0.0,0.0,0.0,0.0,0.0,0.0,0.0,0.0,26037.0,7.0,65088.0,23325.0,7.0,65103.0
0.9486407049989793,0.0,0.0,0.0,0.0,0.0,0.0,0.0,0.0,0.0,0.0,0.0,0.0,0.0,26039.0,7.0,65128.0,23326.0,7.0,65136.0
1.3629053390031913,0.0,0.0,0.0,0.0,0.0,0.0,0.0,0.0,0.0,0.0,0.0,0.0,0.0,26039.0,7.0,65128.0,23327.0,7.0,65142.0
1.3631445589999203,0.0,0.0,0.0,0.0,0.0,0.0,0.0,0.0,0.0,0.0,0.0,0.0,0.0,26059.0,7.0,65528.0,23346.0,8.0,0.0
1.3632653660024516,0.0,0.0,0.0,0.0,0.0,0.0,0.0,0.0,0.0,0.0,0.0,0.0,0.0,26059.0,7.0,65528.0,23347.0,8.0,6.0
1.387688260001596,0.0,0.0,0.0,0.0,0.0,0.0,0.0,0.0,0.0,0.0,0.0,0.0,0.0,26061.0,8.0,31.0,23348.0,8.0,40.0
1.3943921370082535,0.0,0.0,0.0,0.0,0.0,0.0,0.0,0.0,0.0,0.0,0.0,0.0,0.0,26061.0,8.0,31.0,23349.0,8.0,46.0
1.4285253350099083,0.0,0.0,0.0,0.0,0.0,0.0,0.0,0.0,0.0,0.0,0.0,0.0,0.0,26063.0,8.0,72.0,23350.0,8.0,80.0
1.4391025310033,0.0,0.0,0.0,0.0,0.0,0.0,0.0,0.0,0.0,0.0,0.0,0.0,0.0,26063.0,8.0,72.0,23351.0,8.0,90.0
1.8736830690031638,0.0,0.0,0.0,0.0,0.0,0.0,0.0,0.0,0.0,0.0,0.0,0.0,0.0,26065.0,8.0,112.0,23352.0,8.0,120.0
1.874249045009492,0.0,0.0,0.0,0.0,0.0,0.0,0.0,0.0,0.0,0.0,0.0,0.0,0.0,26079.0,8.0,392.0,23366.0,8.0,400.0
1.887052300007781,0.0,0.0,0.0,0.0,0.0,0.0,0.0,0.0,0.0,0.0,0.0,0.0,0.0,26086.0,8.0,531.0,23367.0,8.0,539.0
1.8950087840057677,0.0,0.0,0.0,0.0,0.0,0.0,0.0,0.0,0.0,0.0,0.0,0.0,0.0,26086.0,8.0,531.0,23368.0,8.0,545.0
1.9296217560040532,0.0,0.0,0.0,0.0,0.0,0.0,0.0,0.0,0.0,0.0,0.0,0.0,0.0,26088.0,8.0,571.0,23369.0,8.0,580.0
1.968144366008346,0.0,0.0,0.0,0.0,0.0,0.0,0.0,0.0,0.0,0.0,0.0,0.0,0.0,26090.0,8.0,612.0,23371.0,8.0,620.0
1.9778904280101415,0.0,0.0,0.0,0.0,0.0,0.0,0.0,0.0,0.0,0.0,0.0,0.0,0.0,26090.0,8.0,612.0,23372.0,8.0,626.0
2.3858210040052654,0.0,0.0,0.0,0.0,0.0,0.0,0.0,0.0,0.0,0.0,0.0,0.0,0.0,26110.0,8.0,1012.0,23391.0,8.0,1020.0
2.3860058419959387,0.0,0.0,0.0,0.0,0.0,0.0,0.0,0.0,0.0,0.0,0.0,0.0,0.0,26110.0,8.0,1012.0,23392.0,8.0,1026.0
2.408787617998314,0.0,0.0,0.0,0.0,0.0,0.0,0.0,0.0,0.0,0.0,0.0,0.0,0.0,26112.0,8.0,1052.0,23393.0,8.0,1060.0
2.413132866000524,0.0,0.0,0.0,0.0,0.0,0.0,0.0,0.0,0.0,0.0,0.0,0.0,0.0,26112.0,8.0,1052.0,23394.0,8.0,1065.0
2.449096701006056,0.0,0.0,0.0,0.0,0.0,0.0,0.0,0.0,0.0,0.0,0.0,0.0,0.0,26114.0,8.0,1091.0,23395.0,8.0,1100.0
2.4589651840069564,0.0,0.0,0.0,0.0,0.0,0.0,0.0,0.0,0.0,0.0,0.0,0.0,0.0,26114.0,8.0,1091.0,23396.0,8.0,1111.0
2.4896101979975356,0.0,0.0,0.0,0.0,0.0,0.0,0.0,0.0,0.0,0.0,0.0,0.0,0.0,26116.0,8.0,1132.0,23397.0,8.0,1140.0
2.893082192997099,0.0,0.0,0.0,0.0,0.0,0.0,0.0,0.0,0.0,0.0,0.0,0.0,0.0,26130.0,8.0,1412.0,23411.0,8.0,1420.0
2.9058163989975583,0.0,0.0,0.0,0.0,0.0,0.0,0.0,0.0,0.0,0.0,0.0,0.0,0.0,26137.0,8.0,1552.0,23412.0,8.0,1556.0
2.9281889050034806,0.0,0.0,0.0,0.0,0.0,0.0,0.0,0.0,0.0,0.0,0.0,0.0,0.0,26138.0,8.0,1572.0,23413.0,8.0,1580.0
2.933843577004154,0.0,0.0,0.0,0.0,0.0,0.0,0.0,0.0,0.0,0.0,0.0,0.0,0.0,26138.0,8.0,1572.0,23414.0,8.0,1586.0
2.9674517289968207,0.0,0.0,0.0,0.0,0.0,0.0,0.0,0.0,0.0,0.0,0.0,0.0,0.0,26140.0,8.0,1612.0,23415.0,8.0,1620.0
2.978192223003134,0.0,0.0,0.0,0.0,0.0,0.0,0.0,0.0,0.0,0.0,0.0,0.0,0.0,26140.0,8.0,1612.0,23416.0,8.0,1630.0
3.4067222520097857,0.0,0.0,0.0,0.0,0.0,0.0,0.0,0.0,0.0,0.0,0.0,0.0,0.0,26160.0,8.0,2011.0,23436.0,8.0,2029.0
3.411696244002087,0.0,0.0,0.0,0.0,0.0,0.0,0.0,0.0,0.0,0.0,0.0,0.0,0.0,26162.0,8.0,2052.0,23437.0,8.0,2060.0
3.4141571649961406,0.0,0.0,0.0,0.0,0.0,0.0,0.0,0.0,0.0,0.0,0.0,0.0,0.0,26162.0,8.0,2052.0,23438.0,8.0,2065.0
3.4485434620000888,0.0,0.0,0.0,0.0,0.0,0.0,0.0,0.0,0.0,0.0,0.0,0.0,0.0,26164.0,8.0,2091.0,23439.0,8.0,2100.0
3.4543549100053497,0.0,0.0,0.0,0.0,0.0,0.0,0.0,0.0,0.0,0.0,0.0,0.0,0.0,26164.0,8.0,2091.0,23440.0,8.0,2106.0
3.4884390180086484,0.0,0.0,0.0,0.0,0.0,0.0,0.0,0.0,0.0,0.0,0.0,0.0,0.0,26166.0,8.0,2132.0,23441.0,8.0,2140.0
3.49518682800408,0.0,0.0,0.0,0.0,0.0,0.0,0.0,0.0,0.0,0.0,0.0,0.0,0.0,26166.0,8.0,2132.0,23442.0,8.0,2146.0
3.5281171450042166,0.0,0.0,0.0,0.0,0.0,0.0,0.0,0.0,0.0,0.0,0.0,0.0,0.0,26168.0,8.0,2171.0,23443.0,8.0,2180.0
3.5356640390091343,0.0,0.0,0.0,0.0,0.0,0.0,0.0,0.0,0.0,0.0,0.0,0.0,0.0,26168.0,8.0,2171.0,23444.0,8.0,2186.0
3.690246903002844,0.0,0.0,0.0,0.0,0.0,0.0,0.0,0.0,0.0,0.0,0.0,0.0,0.0,26176.0,8.0,2332.0,23451.0,8.0,2340.0
3.7280257450038334,0.0,0.0,0.0,0.0,0.0,0.0,0.0,0.0,0.0,0.0,0.0,0.0,0.0,26176.0,8.0,2332.0,23452.0,8.0,2346.0
3.7282533929974306,0.0,0.0,0.0,0.0,0.0,0.0,0.0,0.0,0.0,0.0,0.0,0.0,0.0,26178.0,8.0,2371.0,23453.0,8.0,2380.0
3.7454680719965836,0.0,0.0,0.0,0.0,0.0,0.0,0.0,0.0,0.0,0.0,0.0,0.0,0.0,26178.0,8.0,2371.0,23454.0,8.0,2385.0
3.772575290000532,0.0,0.0,0.0,0.0,0.0,0.0,0.0,0.0,0.0,0.0,0.0,0.0,0.0,26180.0,8.0,2412.0,23455.0,8.0,2420.0
3.78892950899899,0.0,0.0,0.0,0.0,0.0,0.0,0.0,0.0,0.0,0.0,0.0,0.0,0.0,26181.0,8.0,2432.0,23456.0,8.0,2440.0
3.794459848009865,0.0,0.0,0.0,0.0,0.0,0.0,0.0,0.0,0.0,0.0,0.0,0.0,0.0,26181.0,8.0,2432.0,23457.0,8.0,2446.0
3.829682267998578,0.0,0.0,0.0,0.0,0.0,0.0,0.0,0.0,0.0,0.0,0.0,0.0,0.0,26183.0,8.0,2471.0,23458.0,8.0,2480.0
3.834341227004188,0.0,0.0,0.0,0.0,0.0,0.0,0.0,0.0,0.0,0.0,0.0,0.0,0.0,26183.0,8.0,2471.0,23459.0,8.0,2486.0
3.8683749699994223,0.0,0.0,0.0,0.0,0.0,0.0,0.0,0.0,0.0,0.0,0.0,0.0,0.0,26185.0,8.0,2512.0,23460.0,8.0,2520.0
3.8965551770088496,0.0,0.0,0.0,0.0,0.0,0.0,0.0,0.0,0.0,0.0,0.0,0.0,0.0,26185.0,8.0,2512.0,23461.0,8.0,2530.0
3.992784328002017,0.0,0.0,0.0,0.0,0.0,0.0,0.0,0.0,0.0,0.0,0.0,0.0,0.0,26191.0,8.0,2632.0,23466.0,8.0,2640.0
3.994519924002816,0.0,0.0,0.0,0.0,0.0,0.0,0.0,0.0,0.0,0.0,0.0,0.0,0.0,26191.0,8.0,2632.0,23467.0,8.0,2646.0
4.038290734999464,0.0,0.0,0.0,0.0,0.0,0.0,0.0,0.0,0.0,0.0,0.0,0.0,0.0,26193.0,8.0,2671.0,23468.0,8.0,2680.0
4.038366908003809,0.0,0.0,0.0,0.0,0.0,0.0,0.0,0.0,0.0,0.0,0.0,0.0,0.0,26193.0,8.0,2671.0,23469.0,8.0,2686.0
4.068184978998033,0.0,0.0,0.0,0.0,0.0,0.0,0.0,0.0,0.0,0.0,0.0,0.0,0.0,26195.0,8.0,2711.0,23470.0,8.0,2720.0
4.077392617997248,0.0,0.0,0.0,0.0,0.0,0.0,0.0,0.0,0.0,0.0,0.0,0.0,0.0,26195.0,8.0,2711.0,23471.0,8.0,2729.0
4.212937015006901,0.0,0.0,0.0,0.0,0.0,0.0,0.0,0.0,0.0,0.0,0.0,0.0,0.0,26201.0,8.0,2832.0,23476.0,8.0,2840.0
4.213033706997521,0.0,0.0,0.0,0.0,0.0,0.0,0.0,0.0,0.0,0.0,0.0,0.0,0.0,26201.0,8.0,2832.0,23477.0,8.0,2846.0
4.2305444439989515,0.0,0.0,0.0,0.0,0.0,0.0,0.0,0.0,0.0,0.0,0.0,0.0,0.0,26203.0,8.0,2872.0,23478.0,8.0,2880.0
4.233797998007503,0.0,0.0,0.0,0.0,0.0,0.0,0.0,0.0,0.0,0.0,0.0,0.0,0.0,26203.0,8.0,2872.0,23479.0,8.0,2886.0
4.2727227980067255,0.0,0.0,0.0,0.0,0.0,0.0,0.0,0.0,0.0,0.0,0.0,0.0,0.0,26205.0,8.0,2912.0,23480.0,8.0,2920.0
4.277838055000757,0.0,0.0,0.0,0.0,0.0,0.0,0.0,0.0,0.0,0.0,0.0,0.0,0.0,26205.0,8.0,2912.0,23481.0,8.0,2930.0
4.308948969002813,0.0,0.0,0.0,0.0,0.0,0.0,0.0,0.0,0.0,0.0,0.0,0.0,0.0,26207.0,8.0,2952.0,23482.0,8.0,2960.0
4.314136932996917,0.0,0.0,0.0,0.0,0.0,0.0,0.0,0.0,0.0,0.0,0.0,0.0,0.0,26207.0,8.0,2952.0,23483.0,8.0,2966.0
4.437189980002586,0.0,0.0,0.0,0.0,0.0,0.0,0.0,0.0,0.0,0.0,0.0,0.0,0.0,26211.0,8.0,3032.0,23486.0,8.0,3040.0
4.4372919620072935,0.0,0.0,0.0,0.0,0.0,0.0,0.0,0.0,0.0,0.0,0.0,0.0,0.0,26211.0,8.0,3032.0,23487.0,8.0,3046.0
4.437355130998185,0.0,0.0,0.0,0.0,0.0,0.0,0.0,0.0,0.0,0.0,0.0,0.0,0.0,26213.0,8.0,3071.0,23488.0,8.0,3080.0
4.441439728005207,0.0,0.0,0.0,0.0,0.0,0.0,0.0,0.0,0.0,0.0,0.0,0.0,0.0,26213.0,8.0,3071.0,23489.0,8.0,3086.0
4.4679318190028425,0.0,0.0,0.0,0.0,0.0,0.0,0.0,0.0,0.0,0.0,0.0,0.0,0.0,26215.0,8.0,3112.0,23490.0,8.0,3120.0
4.476529179999488,0.0,0.0,0.0,0.0,0.0,0.0,0.0,0.0,0.0,0.0,0.0,0.0,0.0,26215.0,8.0,3112.0,23491.0,8.0,3129.0
4.522930721999728,0.0,0.0,0.0,0.0,0.0,0.0,0.0,0.0,0.0,0.0,0.0,0.0,0.0,26217.0,8.0,3152.0,23492.0,8.0,3160.0
4.523023246001685,0.0,0.0,0.0,0.0,0.0,0.0,0.0,0.0,0.0,0.0,0.0,0.0,0.0,26217.0,8.0,3152.0,23493.0,8.0,3166.0
4.630365835007979,0.0,0.0,0.0,0.0,0.0,0.0,0.0,0.0,0.0,0.0,0.0,0.0,0.0,26221.0,8.0,3232.0,23496.0,8.0,3240.0
4.630596930001047,0.0,0.0,0.0,0.0,0.0,0.0,0.0,0.0,0.0,0.0,0.0,0.0,0.0,26221.0,8.0,3232.0,23497.0,8.0,3246.0
4.630671520004398,0.0,0.0,0.0,0.0,0.0,0.0,0.0,0.0,0.0,0.0,0.0,0.0,0.0,26223.0,8.0,3271.0,23498.0,8.0,3280.0
4.652520231000381,0.0,0.0,0.0,0.0,0.0,0.0,0.0,0.0,0.0,0.0,0.0,0.0,0.0,26223.0,8.0,3271.0,23499.0,8.0,3286.0
4.667124458006583,0.0,0.0,0.0,0.0,0.0,0.0,0.0,0.0,0.0,0.0,0.0,0.0,0.0,26225.0,8.0,3312.0,23500.0,8.0,3320.0
4.678011729003629,0.0,0.0,0.0,0.0,0.0,0.0,0.0,0.0,0.0,0.0,0.0,0.0,0.0,26225.0,8.0,3312.0,23501.0,8.0,3330.0
4.709571717001381,0.0,0.0,0.0,0.0,0.0,0.0,0.0,0.0,0.0,0.0,0.0,0.0,0.0,26227.0,8.0,3352.0,23502.0,8.0,3360.0
4.714020821003942,0.0,0.0,0.0,0.0,0.0,0.0,0.0,0.0,0.0,0.0,0.0,0.0,0.0,26227.0,8.0,3352.0,23503.0,8.0,3366.0
4.751709976000711,0.0,0.0,0.0,0.0,0.0,0.0,0.0,0.0,0.0,0.0,0.0,0.0,0.0,26229.0,8.0,3391.0,23504.0,8.0,3400.0
4.753420665001613,0.0,0.0,0.0,0.0,0.0,0.0,0.0,0.0,0.0,0.0,0.0,0.0,0.0,26229.0,8.0,3391.0,23505.0,8.0,3406.0
4.873674274000223,0.0,0.0,0.0,0.0,0.0,0.0,0.0,0.0,0.0,0.0,0.0,0.0,0.0,26231.0,8.0,3432.0,23506.0,8.0,3440.0
4.8842874789988855,0.0,0.0,0.0,0.0,0.0,0.0,0.0,0.0,0.0,0.0,0.0,0.0,0.0,26236.0,8.0,3532.0,23507.0,8.0,3537.0
4.908467818007921,0.0,0.0,0.0,0.0,0.0,0.0,0.0,0.0,0.0,0.0,0.0,0.0,0.0,26237.0,8.0,3552.0,23508.0,8.0,3560.0
4.9146415580034954,0.0,0.0,0.0,0.0,0.0,0.0,0.0,0.0,0.0,0.0,0.0,0.0,0.0,26237.0,8.0,3552.0,23509.0,8.0,3566.0
4.956175870000152,0.0,0.0,0.0,0.0,0.0,0.0,0.0,0.0,0.0,0.0,0.0,0.0,0.0,26239.0,8.0,3591.0,23511.0,8.0,3609.0
5.103848327009473,0.0,0.0,0.0,0.0,0.0,0.0,0.0,0.0,0.0,0.0,0.0,0.0,0.0,26245.0,8.0,3712.0,23516.0,8.0,3720.0
5.104373316004057,0.0,0.0,0.0,0.0,0.0,0.0,0.0,0.0,0.0,0.0,0.0,0.0,0.0,26245.0,8.0,3712.0,23517.0,8.0,3726.0
5.108210307007539,0.0,0.0,0.0,0.0,0.0,0.0,0.0,0.0,0.0,0.0,0.0,0.0,0.0,26247.0,8.0,3751.0,23518.0,8.0,3760.0
5.114643075008644,0.0,0.0,0.0,0.0,0.0,0.0,0.0,0.0,0.0,0.0,0.0,0.0,0.0,26247.0,8.0,3751.0,23519.0,8.0,3766.0
5.147003140009474,0.0,0.0,0.0,0.0,0.0,0.0,0.0,0.0,0.0,0.0,0.0,0.0,0.0,26249.0,8.0,3791.0,23520.0,8.0,3800.0
5.1724129549984355,0.0,0.0,0.0,0.0,0.0,0.0,0.0,0.0,0.0,0.0,0.0,0.0,0.0,26249.0,8.0,3791.0,23521.0,8.0,3810.0
5.188620790009736,0.0,0.0,0.0,0.0,0.0,0.0,0.0,0.0,0.0,0.0,0.0,0.0,0.0,26251.0,8.0,3832.0,23522.0,8.0,3840.0
5.197527933996753,0.0,0.0,0.0,0.0,0.0,0.0,0.0,0.0,0.0,0.0,0.0,0.0,0.0,26251.0,8.0,3832.0,23523.0,8.0,3846.0
5.289860716002295,0.0,0.0,0.0,0.0,0.0,0.0,0.0,0.0,0.0,0.0,0.0,0.0,0.0,26255.0,8.0,3912.0,23526.0,8.0,3920.0
5.290056844998617,0.0,0.0,0.0,0.0,0.0,0.0,0.0,0.0,0.0,0.0,0.0,0.0,0.0,26255.0,8.0,3912.0,23527.0,8.0,3926.0
5.3159634150069905,0.0,0.0,0.0,0.0,0.0,0.0,0.0,0.0,0.0,0.0,0.0,0.0,0.0,26257.0,8.0,3952.0,23528.0,8.0,3960.0
5.316332910006167,0.0,0.0,0.0,0.0,0.0,0.0,0.0,0.0,0.0,0.0,0.0,0.0,0.0,26257.0,8.0,3952.0,23529.0,8.0,3966.0
5.348038344003726,0.0,0.0,0.0,0.0,0.0,0.0,0.0,0.0,0.0,0.0,0.0,0.0,0.0,26259.0,8.0,3991.0,23530.0,8.0,4000.0
5.358961632999126,0.0,0.0,0.0,0.0,0.0,0.0,0.0,0.0,0.0,0.0,0.0,0.0,0.0,26259.0,8.0,3991.0,23531.0,8.0,4009.0
5.387894989005872,0.0,0.0,0.0,0.0,0.0,0.0,0.0,0.0,0.0,0.0,0.0,0.0,0.0,26261.0,8.0,4032.0,23532.0,8.0,4040.0
5.3937512209959095,0.0,0.0,0.0,0.0,0.0,0.0,0.0,0.0,0.0,0.0,0.0,0.0,0.0,26261.0,8.0,4032.0,23533.0,8.0,4046.0
5.534925889005535,0.0,0.0,0.0,0.0,0.0,0.0,0.0,0.0,0.0,0.0,0.0,0.0,0.0,26265.0,8.0,4112.0,23536.0,8.0,4120.0
5.53524643300625,0.0,0.0,0.0,0.0,0.0,0.0,0.0,0.0,0.0,0.0,0.0,0.0,0.0,26265.0,8.0,4112.0,23537.0,8.0,4126.0
5.535367810996831,0.0,0.0,0.0,0.0,0.0,0.0,0.0,0.0,0.0,0.0,0.0,0.0,0.0,26267.0,8.0,4152.0,23538.0,8.0,4157.0
5.53546025500691,0.0,0.0,0.0,0.0,0.0,0.0,0.0,0.0,0.0,0.0,0.0,0.0,0.0,26268.0,8.0,4172.0,23539.0,8.0,4180.0
5.53684775599686,0.0,0.0,0.0,0.0,0.0,0.0,0.0,0.0,0.0,0.0,0.0,0.0,0.0,26268.0,8.0,4172.0,23540.0,8.0,4186.0
5.570570166004472,0.0,0.0,0.0,0.0,0.0,0.0,0.0,0.0,0.0,0.0,0.0,0.0,0.0,26270.0,8.0,4212.0,23541.0,8.0,4220.0
5.57422331199632,0.0,0.0,0.0,0.0,0.0,0.0,0.0,0.0,0.0,0.0,0.0,0.0,0.0,26270.0,8.0,4212.0,23542.0,8.0,4226.0
5.608556271006819,0.0,0.0,0.0,0.0,0.0,0.0,0.0,0.0,0.0,0.0,0.0,0.0,0.0,26272.0,8.0,4251.0,23543.0,8.0,4260.0
5.614186628008611,0.0,0.0,0.0,0.0,0.0,0.0,0.0,0.0,0.0,0.0,0.0,0.0,0.0,26272.0,8.0,4251.0,23544.0,8.0,4266.0
5.76896103299805,0.0,0.0,0.0,0.0,0.0,0.0,0.0,0.0,0.0,0.0,0.0,0.0,0.0,26280.0,8.0,4412.0,23551.0,8.0,4420.0
5.778611405999982,0.0,0.0,0.0,0.0,0.0,0.0,0.0,0.0,0.0,0.0,0.0,0.0,0.0,26280.0,8.0,4412.0,23552.0,8.0,4425.0
5.807582282999647,0.0,0.0,0.0,0.0,0.0,0.0,0.0,0.0,0.0,0.0,0.0,0.0,0.0,26282.0,8.0,4452.0,23553.0,8.0,4460.0
5.823042581003392,0.0,0.0,0.0,0.0,0.0,0.0,0.0,0.0,0.0,0.0,0.0,0.0,0.0,26283.0,8.0,4473.0,23554.0,8.0,4473.0
5.848503982007969,0.0,0.0,0.0,0.0,0.0,0.0,0.0,0.0,0.0,0.0,0.0,0.0,0.0,26284.0,8.0,4492.0,23555.0,8.0,4500.0
5.857860983000137,0.0,0.0,0.0,0.0,0.0,0.0,0.0,0.0,0.0,0.0,0.0,0.0,0.0,26284.0,8.0,4492.0,23556.0,8.0,4510.0
5.974180252000224,0.0,0.0,0.0,0.0,0.0,0.0,0.0,0.0,0.0,0.0,0.0,0.0,0.0,26290.0,8.0,4612.0,23561.0,8.0,4620.0
5.974334061000263,0.0,0.0,0.0,0.0,0.0,0.0,0.0,0.0,0.0,0.0,0.0,0.0,0.0,26290.0,8.0,4612.0,23562.0,8.0,4625.0
6.008121353996103,0.0,0.0,0.0,0.0,0.0,0.0,0.0,0.0,0.0,0.0,0.0,0.0,0.0,26292.0,8.0,4651.0,23563.0,8.0,4660.0
6.013487634001649,0.0,0.0,0.0,0.0,0.0,0.0,0.0,0.0,0.0,0.0,0.0,0.0,0.0,26292.0,8.0,4651.0,23564.0,8.0,4666.0
6.048238390008919,0.0,0.0,0.0,0.0,0.0,0.0,0.0,0.0,0.0,0.0,0.0,0.0,0.0,26294.0,8.0,4692.0,23565.0,8.0,4700.0
6.058403874005307,0.0,0.0,0.0,0.0,0.0,0.0,0.0,0.0,0.0,0.0,0.0,0.0,0.0,26294.0,8.0,4692.0,23566.0,8.0,4710.0
6.183441594010219,0.0,0.0,0.0,0.0,0.0,0.0,0.0,0.0,0.0,0.0,0.0,0.0,0.0,26300.0,8.0,4812.0,23571.0,8.0,4820.0
6.183579593998729,0.0,0.0,0.0,0.0,0.0,0.0,0.0,0.0,0.0,0.0,0.0,0.0,0.0,26300.0,8.0,4812.0,23572.0,8.0,4826.0
6.208325760002481,0.0,0.0,0.0,0.0,0.0,0.0,0.0,0.0,0.0,0.0,0.0,0.0,0.0,26302.0,8.0,4852.0,23573.0,8.0,4860.0
6.213737505997415,0.0,0.0,0.0,0.0,0.0,0.0,0.0,0.0,0.0,0.0,0.0,0.0,0.0,26302.0,8.0,4852.0,23574.0,8.0,4866.0
6.247368545009522,0.0,0.0,0.0,0.0,0.0,0.0,0.0,0.0,0.0,0.0,0.0,0.0,0.0,26304.0,8.0,4892.0,23575.0,8.0,4900.0
6.258340496002347,0.0,0.0,0.0,0.0,0.0,0.0,0.0,0.0,0.0,0.0,0.0,0.0,0.0,26304.0,8.0,4892.0,23576.0,8.0,4910.0
6.286854423000477,0.0,0.0,0.0,0.0,0.0,0.0,0.0,0.0,0.0,0.0,0.0,0.0,0.0,26306.0,8.0,4932.0,23577.0,8.0,4940.0
6.293441511006677,0.0,0.0,0.0,0.0,0.0,0.0,0.0,0.0,0.0,0.0,0.0,0.0,0.0,26306.0,8.0,4932.0,23578.0,8.0,4945.0
6.413253897000686,0.0,0.0,0.0,0.0,0.0,0.0,0.0,0.0,0.0,0.0,0.0,0.0,0.0,26310.0,8.0,5012.0,23581.0,8.0,5020.0
6.4133695350028574,0.0,0.0,0.0,0.0,0.0,0.0,0.0,0.0,0.0,0.0,0.0,0.0,0.0,26310.0,8.0,5012.0,23582.0,8.0,5026.0
6.4134361400065245,0.0,0.0,0.0,0.0,0.0,0.0,0.0,0.0,0.0,0.0,0.0,0.0,0.0,26312.0,8.0,5051.0,23583.0,8.0,5060.0
6.413494228996569,0.0,0.0,0.0,0.0,0.0,0.0,0.0,0.0,0.0,0.0,0.0,0.0,0.0,26312.0,8.0,5051.0,23584.0,8.0,5066.0
6.4482776670047315,0.0,0.0,0.0,0.0,0.0,0.0,0.0,0.0,0.0,0.0,0.0,0.0,0.0,26314.0,8.0,5092.0,23585.0,8.0,5100.0
6.457704490007018,0.0,0.0,0.0,0.0,0.0,0.0,0.0,0.0,0.0,0.0,0.0,0.0,0.0,26314.0,8.0,5092.0,23586.0,8.0,5110.0
6.489589792996412,0.0,0.0,0.0,0.0,0.0,0.0,0.0,0.0,0.0,0.0,0.0,0.0,0.0,26316.0,8.0,5132.0,23587.0,8.0,5140.0
6.493530100007774,0.0,0.0,0.0,0.0,0.0,0.0,0.0,0.0,0.0,0.0,0.0,0.0,0.0,26316.0,8.0,5132.0,23588.0,8.0,5146.0
6.5932827000069665,0.0,0.0,0.0,0.0,0.0,0.0,0.0,0.0,0.0,0.0,0.0,0.0,0.0,26320.0,8.0,5212.0,23591.0,8.0,5220.0
6.59341504900658,0.0,0.0,0.0,0.0,0.0,0.0,0.0,0.0,0.0,0.0,0.0,0.0,0.0,26320.0,8.0,5212.0,23592.0,8.0,5226.0
6.632852727008867,0.0,0.0,0.0,0.0,0.0,0.0,0.0,0.0,0.0,0.0,0.0,0.0,0.0,26322.0,8.0,5252.0,23593.0,8.0,5260.0
6.632955970999319,0.0,0.0,0.0,0.0,0.0,0.0,0.0,0.0,0.0,0.0,0.0,0.0,0.0,26322.0,8.0,5252.0,23594.0,8.0,5266.0
6.647128205004265,0.0,0.0,0.0,0.0,0.0,0.0,0.0,0.0,0.0,0.0,0.0,0.0,0.0,26324.0,8.0,5291.0,23595.0,8.0,5300.0
6.658398177009076,0.0,0.0,0.0,0.0,0.0,0.0,0.0,0.0,0.0,0.0,0.0,0.0,0.0,26324.0,8.0,5291.0,23596.0,8.0,5310.0
6.692116710997652,0.0,0.0,0.0,0.0,0.0,0.0,0.0,0.0,0.0,0.0,0.0,0.0,0.0,26326.0,8.0,5332.0,23597.0,8.0,5340.0
6.700322464996134,0.0,0.0,0.0,0.0,0.0,0.0,0.0,0.0,0.0,0.0,0.0,0.0,0.0,26326.0,8.0,5332.0,23598.0,8.0,5346.0
6.728768485001638,0.0,0.0,0.0,0.0,0.0,0.0,0.0,0.0,0.0,0.0,0.0,0.0,0.0,26328.0,8.0,5371.0,23599.0,8.0,5380.0
6.733385123996413,0.0,0.0,0.0,0.0,0.0,0.0,0.0,0.0,0.0,0.0,0.0,0.0,0.0,26328.0,8.0,5371.0,23600.0,8.0,5386.0
6.85338257800322,0.0,0.0,0.0,0.0,0.0,0.0,0.0,0.0,0.0,0.0,0.0,0.0,0.0,26330.0,8.0,5412.0,23601.0,8.0,5420.0
6.853518174000783,0.0,0.0,0.0,0.0,0.0,0.0,0.0,0.0,0.0,0.0,0.0,0.0,0.0,26330.0,8.0,5412.0,23602.0,8.0,5426.0
6.853588286001468,0.0,0.0,0.0,0.0,0.0,0.0,0.0,0.0,0.0,0.0,0.0,0.0,0.0,26332.0,8.0,5452.0,23603.0,8.0,5460.0
6.864959017009824,0.0,0.0,0.0,0.0,0.0,0.0,0.0,0.0,0.0,0.0,0.0,0.0,0.0,26335.0,8.0,5512.0,23604.0,8.0,5516.0
6.887698246006039,0.0,0.0,0.0,0.0,0.0,0.0,0.0,0.0,0.0,0.0,0.0,0.0,0.0,26336.0,8.0,5532.0,23605.0,8.0,5540.0
6.899638289003633,0.0,0.0,0.0,0.0,0.0,0.0,0.0,0.0,0.0,0.0,0.0,0.0,0.0,26336.0,8.0,5532.0,23606.0,8.0,5550.0
6.92859524099913,0.0,0.0,0.0,0.0,0.0,0.0,0.0,0.0,0.0,0.0,0.0,0.0,0.0,26338.0,8.0,5572.0,23607.0,8.0,5580.0
6.943712403008249,0.0,0.0,0.0,0.0,0.0,0.0,0.0,0.0,0.0,0.0,0.0,0.0,0.0,26338.0,8.0,5572.0,23608.0,8.0,5586.0
7.016421085005277,0.0,0.0,0.0,0.0,0.0,0.0,0.0,0.0,0.0,0.0,0.0,0.0,0.0,26342.0,8.0,5652.0,23611.0,8.0,5660.0
7.016817120005726,0.0,0.0,0.0,0.0,0.0,0.0,0.0,0.0,0.0,0.0,0.0,0.0,0.0,26342.0,8.0,5652.0,23612.0,8.0,5665.0
7.0743267640064005,0.0,0.0,0.0,0.0,0.0,0.0,0.0,0.0,0.0,0.0,0.0,0.0,0.0,26344.0,8.0,5691.0,23613.0,8.0,5700.0
7.074461948999669,0.0,0.0,0.0,0.0,0.0,0.0,0.0,0.0,0.0,0.0,0.0,0.0,0.0,26344.0,8.0,5691.0,23614.0,8.0,5706.0
7.088421423002728,0.0,0.0,0.0,0.0,0.0,0.0,0.0,0.0,0.0,0.0,0.0,0.0,0.0,26346.0,8.0,5731.0,23615.0,8.0,5740.0
7.128396233005333,0.0,0.0,0.0,0.0,0.0,0.0,0.0,0.0,0.0,0.0,0.0,0.0,0.0,26348.0,8.0,5772.0,23616.0,8.0,5780.0
7.133845849995851,0.0,0.0,0.0,0.0,0.0,0.0,0.0,0.0,0.0,0.0,0.0,0.0,0.0,26348.0,8.0,5772.0,23617.0,8.0,5786.0
7.1680991720058955,0.0,0.0,0.0,0.0,0.0,0.0,0.0,0.0,0.0,0.0,0.0,0.0,0.0,26350.0,8.0,5812.0,23618.0,8.0,5820.0
7.173291423998307,0.0,0.0,0.0,0.0,0.0,0.0,0.0,0.0,0.0,0.0,0.0,0.0,0.0,26350.0,8.0,5812.0,23619.0,8.0,5826.0
7.304264610997052,0.0,0.0,0.0,0.0,0.0,0.0,0.0,0.0,0.0,0.0,0.0,0.0,0.0,26352.0,8.0,5852.0,23621.0,8.0,5869.0
7.304516835996765,0.0,0.0,0.0,0.0,0.0,0.0,0.0,0.0,0.0,0.0,0.0,0.0,0.0,26354.0,8.0,5892.0,23622.0,8.0,5900.0
7.304588840997894,0.0,0.0,0.0,0.0,0.0,0.0,0.0,0.0,0.0,0.0,0.0,0.0,0.0,26354.0,8.0,5892.0,23623.0,8.0,5906.0
7.304650908001349,0.0,0.0,0.0,0.0,0.0,0.0,0.0,0.0,0.0,0.0,0.0,0.0,0.0,26356.0,8.0,5931.0,23624.0,8.0,5940.0
7.304725929003325,0.0,0.0,0.0,0.0,0.0,0.0,0.0,0.0,0.0,0.0,0.0,0.0,0.0,26356.0,8.0,5931.0,23625.0,8.0,5946.0
7.328011046003667,0.0,0.0,0.0,0.0,0.0,0.0,0.0,0.0,0.0,0.0,0.0,0.0,0.0,26358.0,8.0,5972.0,23626.0,8.0,5980.0
7.334143479005434,0.0,0.0,0.0,0.0,0.0,0.0,0.0,0.0,0.0,0.0,0.0,0.0,0.0,26358.0,8.0,5972.0,23627.0,8.0,5986.0
7.369576480006799,0.0,0.0,0.0,0.0,0.0,0.0,0.0,0.0,0.0,0.0,0.0,0.0,0.0,26360.0,8.0,6012.0,23628.0,8.0,6020.0
7.374513843009481,0.0,0.0,0.0,0.0,0.0,0.0,0.0,0.0,0.0,0.0,0.0,0.0,0.0,26360.0,8.0,6012.0,23629.0,8.0,6026.0
7.604205477007781,0.0,0.0,0.0,0.0,0.0,0.0,0.0,0.0,0.0,0.0,0.0,0.0,0.0,26368.0,8.0,6172.0,23636.0,8.0,6180.0
7.604499430002761,0.0,0.0,0.0,0.0,0.0,0.0,0.0,0.0,0.0,0.0,0.0,0.0,0.0,26368.0,8.0,6172.0,23637.0,8.0,6185.0
7.6045751220081,0.0,0.0,0.0,0.0,0.0,0.0,0.0,0.0,0.0,0.0,0.0,0.0,0.0,26370.0,8.0,6211.0,23638.0,8.0,6220.0
7.604644092003582,0.0,0.0,0.0,0.0,0.0,0.0,0.0,0.0,0.0,0.0,0.0,0.0,0.0,26370.0,8.0,6211.0,23639.0,8.0,6226.0
7.735132355999667,0.0,0.0,0.0,0.0,0.0,0.0,0.0,0.0,0.0,0.0,0.0,0.0,0.0,26378.0,8.0,6372.0,23646.0,8.0,6380.0
7.735306003000005,0.0,0.0,0.0,0.0,0.0,0.0,0.0,0.0,0.0,0.0,0.0,0.0,0.0,26378.0,8.0,6372.0,23647.0,8.0,6386.0
7.770729816998937,0.0,0.0,0.0,0.0,0.0,0.0,0.0,0.0,0.0,0.0,0.0,0.0,0.0,26380.0,8.0,6412.0,23648.0,8.0,6420.0
7.774770452000666,0.0,0.0,0.0,0.0,0.0,0.0,0.0,0.0,0.0,0.0,0.0,0.0,0.0,26380.0,8.0,6412.0,23649.0,8.0,6426.0
7.807245025003795,0.0,0.0,0.0,0.0,0.0,0.0,0.0,0.0,0.0,0.0,0.0,0.0,0.0,26382.0,8.0,6452.0,23650.0,8.0,6460.0
7.8304740370076615,0.0,0.0,0.0,0.0,0.0,0.0,0.0,0.0,0.0,0.0,0.0,0.0,0.0,26383.0,8.0,6472.0,23651.0,8.0,6482.0
7.837721126998076,0.0,0.0,0.0,0.0,0.0,0.0,0.0,0.0,0.0,0.0,0.0,0.0,0.0,26383.0,8.0,6472.0,23652.0,8.0,6488.0
7.931156310005463,0.0,0.0,0.0,0.0,0.0,0.0,0.0,0.0,0.0,0.0,0.0,0.0,0.0,26388.0,8.0,6572.0,23656.0,8.0,6580.0
7.950683383998694,0.0,0.0,0.0,0.0,0.0,0.0,0.0,0.0,0.0,0.0,0.0,0.0,0.0,26388.0,8.0,6572.0,23657.0,8.0,6586.0
7.968750540007022,0.0,0.0,0.0,0.0,0.0,0.0,0.0,0.0,0.0,0.0,0.0,0.0,0.0,26390.0,8.0,6611.0,23658.0,8.0,6620.0
7.9762310100049945,0.0,0.0,0.0,0.0,0.0,0.0,0.0,0.0,0.0,0.0,0.0,0.0,0.0,26390.0,8.0,6611.0,23659.0,8.0,6626.0
8.007611574998009,0.0,0.0,0.0,0.0,0.0,0.0,0.0,0.0,0.0,0.0,0.0,0.0,0.0,26392.0,8.0,6652.0,23660.0,8.0,6660.0
8.019547591000446,0.0,0.0,0.0,0.0,0.0,0.0,0.0,0.0,0.0,0.0,0.0,0.0,0.0,26392.0,8.0,6652.0,23661.0,8.0,6669.0
8.047792555007618,0.0,0.0,0.0,0.0,0.0,0.0,0.0,0.0,0.0,0.0,0.0,0.0,0.0,26394.0,8.0,6692.0,23662.0,8.0,6700.0
8.053445313998964,0.0,0.0,0.0,0.0,0.0,0.0,0.0,0.0,0.0,0.0,0.0,0.0,0.0,26394.0,8.0,6692.0,23663.0,8.0,6706.0
8.184062004002044,0.0,0.0,0.0,0.0,0.0,0.0,0.0,0.0,0.0,0.0,0.0,0.0,0.0,26398.0,8.0,6772.0,23666.0,8.0,6780.0
8.184253113009618,0.0,0.0,0.0,0.0,0.0,0.0,0.0,0.0,0.0,0.0,0.0,0.0,0.0,26398.0,8.0,6772.0,23667.0,8.0,6786.0
8.18433020899829,0.0,0.0,0.0,0.0,0.0,0.0,0.0,0.0,0.0,0.0,0.0,0.0,0.0,26400.0,8.0,6811.0,23668.0,8.0,6820.0
8.18438918000902,0.0,0.0,0.0,0.0,0.0,0.0,0.0,0.0,0.0,0.0,0.0,0.0,0.0,26400.0,8.0,6811.0,23669.0,8.0,6826.0
8.208375376998447,0.0,0.0,0.0,0.0,0.0,0.0,0.0,0.0,0.0,0.0,0.0,0.0,0.0,26402.0,8.0,6852.0,23670.0,8.0,6860.0
8.217976158004603,0.0,0.0,0.0,0.0,0.0,0.0,0.0,0.0,0.0,0.0,0.0,0.0,0.0,26402.0,8.0,6852.0,23671.0,8.0,6870.0
8.248356249998324,0.0,0.0,0.0,0.0,0.0,0.0,0.0,0.0,0.0,0.0,0.0,0.0,0.0,26404.0,8.0,6892.0,23672.0,8.0,6900.0
8.25375514201005,0.0,0.0,0.0,0.0,0.0,0.0,0.0,0.0,0.0,0.0,0.0,0.0,0.0,26404.0,8.0,6892.0,23673.0,8.0,6906.0
8.395658666006057,0.0,0.0,0.0,0.0,0.0,0.0,0.0,0.0,0.0,0.0,0.0,0.0,0.0,26408.0,8.0,6972.0,23676.0,8.0,6980.0
8.395808187007788,0.0,0.0,0.0,0.0,0.0,0.0,0.0,0.0,0.0,0.0,0.0,0.0,0.0,26408.0,8.0,6972.0,23677.0,8.0,6986.0
8.395876955997664,0.0,0.0,0.0,0.0,0.0,0.0,0.0,0.0,0.0,0.0,0.0,0.0,0.0,26410.0,8.0,7012.0,23678.0,8.0,7020.0
8.3959379010048,0.0,0.0,0.0,0.0,0.0,0.0,0.0,0.0,0.0,0.0,0.0,0.0,0.0,26410.0,8.0,7012.0,23679.0,8.0,7026.0
8.409581001003971,0.0,0.0,0.0,0.0,0.0,0.0,0.0,0.0,0.0,0.0,0.0,0.0,0.0,26412.0,8.0,7052.0,23680.0,8.0,7060.0
8.4180522950046,0.0,0.0,0.0,0.0,0.0,0.0,0.0,0.0,0.0,0.0,0.0,0.0,0.0,26412.0,8.0,7052.0,23681.0,8.0,7070.0
8.45331241301028,0.0,0.0,0.0,0.0,0.0,0.0,0.0,0.0,0.0,0.0,0.0,0.0,0.0,26414.0,8.0,7092.0,23682.0,8.0,7100.0
8.455080209998414,0.0,0.0,0.0,0.0,0.0,0.0,0.0,0.0,0.0,0.0,0.0,0.0,0.0,26414.0,8.0,7092.0,23683.0,8.0,7106.0
8.488689179997891,0.0,0.0,0.0,0.0,0.0,0.0,0.0,0.0,0.0,0.0,0.0,0.0,0.0,26416.0,8.0,7131.0,23684.0,8.0,7140.0
8.494480820998433,0.0,0.0,0.0,0.0,0.0,0.0,0.0,0.0,0.0,0.0,0.0,0.0,0.0,26416.0,8.0,7131.0,23685.0,8.0,7146.0
8.54058262500621,0.0,0.0,0.0,0.0,0.0,0.0,0.0,0.0,0.0,0.0,0.0,0.0,0.0,26418.0,8.0,7172.0,23686.0,8.0,7180.0
8.540722859004745,0.0,0.0,0.0,0.0,0.0,0.0,0.0,0.0,0.0,0.0,0.0,0.0,0.0,26418.0,8.0,7172.0,23687.0,8.0,7186.0
8.600995054002851,0.0,0.0,0.0,0.0,0.0,0.0,0.0,0.0,0.0,0.0,0.0,0.0,0.0,26420.0,8.0,7211.0,23688.0,8.0,7220.0
8.601197716008755,0.0,0.0,0.0,0.0,0.0,0.0,0.0,0.0,0.0,0.0,0.0,0.0,0.0,26420.0,8.0,7211.0,23689.0,8.0,7226.0
8.618004650008515,0.0,0.0,0.0,0.0,0.0,0.0,0.0,0.0,0.0,0.0,0.0,0.0,0.0,26422.0,8.0,7252.0,23691.0,8.0,7270.0
8.650200689997291,0.0,0.0,0.0,0.0,0.0,0.0,0.0,0.0,0.0,0.0,0.0,0.0,0.0,26424.0,8.0,7292.0,23692.0,8.0,7300.0
8.658941222005524,0.0,0.0,0.0,0.0,0.0,0.0,0.0,0.0,0.0,0.0,0.0,0.0,0.0,26424.0,8.0,7292.0,23693.0,8.0,7306.0
8.690286280005239,0.0,0.0,0.0,0.0,0.0,0.0,0.0,0.0,0.0,0.0,0.0,0.0,0.0,26426.0,8.0,7331.0,23694.0,8.0,7340.0
8.69598041800782,0.0,0.0,0.0,0.0,0.0,0.0,0.0,0.0,0.0,0.0,0.0,0.0,0.0,26426.0,8.0,7331.0,23695.0,8.0,7347.0
8.848571138005354,0.0,0.0,0.0,0.0,0.0,0.0,0.0,0.0,0.0,0.0,0.0,0.0,0.0,26434.0,8.0,7491.0,23701.0,8.0,7499.0
8.852072417997988,0.0,0.0,0.0,0.0,0.0,0.0,0.0,0.0,0.0,0.0,0.0,0.0,0.0,26434.0,8.0,7491.0,23702.0,8.0,7505.0
8.890008953007055,0.0,0.0,0.0,0.0,0.0,0.0,0.0,0.0,0.0,0.0,0.0,0.0,0.0,26436.0,8.0,7531.0,23703.0,8.0,7540.0
8.895149428004515,0.0,0.0,0.0,0.0,0.0,0.0,0.0,0.0,0.0,0.0,0.0,0.0,0.0,26436.0,8.0,7531.0,23704.0,8.0,7546.0
8.928107533007278,0.0,0.0,0.0,0.0,0.0,0.0,0.0,0.0,0.0,0.0,0.0,0.0,0.0,26438.0,8.0,7571.0,23705.0,8.0,7580.0
8.93785144299909,0.0,0.0,0.0,0.0,0.0,0.0,0.0,0.0,0.0,0.0,0.0,0.0,0.0,26438.0,8.0,7571.0,23706.0,8.0,7590.0
9.009137119996012,0.0,0.0,0.0,0.0,0.0,0.0,0.0,0.0,0.0,0.0,0.0,0.0,0.0,26440.0,8.0,7612.0,23707.0,8.0,7620.0
9.009271643008105,0.0,0.0,0.0,0.0,0.0,0.0,0.0,0.0,0.0,0.0,0.0,0.0,0.0,26440.0,8.0,7612.0,23708.0,8.0,7626.0
9.009344931007945,0.0,0.0,0.0,0.0,0.0,0.0,0.0,0.0,0.0,0.0,0.0,0.0,0.0,26442.0,8.0,7652.0,23709.0,8.0,7660.0
9.106323700005305,0.0,0.0,0.0,0.0,0.0,0.0,0.0,0.0,0.0,0.0,0.0,0.0,0.0,26444.0,8.0,7692.0,23711.0,8.0,7700.0
9.10651271599636,0.0,0.0,0.0,0.0,0.0,0.0,0.0,0.0,0.0,0.0,0.0,0.0,0.0,26444.0,8.0,7692.0,23712.0,8.0,7706.0
9.106593728007283,0.0,0.0,0.0,0.0,0.0,0.0,0.0,0.0,0.0,0.0,0.0,0.0,0.0,26446.0,8.0,7731.0,23713.0,8.0,7740.0
9.10665633600729,0.0,0.0,0.0,0.0,0.0,0.0,0.0,0.0,0.0,0.0,0.0,0.0,0.0,26446.0,8.0,7731.0,23714.0,8.0,7746.0
9.12713256799907,0.0,0.0,0.0,0.0,0.0,0.0,0.0,0.0,0.0,0.0,0.0,0.0,0.0,26448.0,8.0,7772.0,23715.0,8.0,7780.0
9.137947294002515,0.0,0.0,0.0,0.0,0.0,0.0,0.0,0.0,0.0,0.0,0.0,0.0,0.0,26448.0,8.0,7772.0,23716.0,8.0,7790.0
9.56703140900936,0.0,0.0,0.0,0.0,0.0,0.0,0.0,0.0,0.0,0.0,0.0,0.0,0.0,26468.0,8.0,8172.0,23736.0,8.0,8190.0
9.568689289997565,0.0,0.0,0.0,0.0,0.0,0.0,0.0,0.0,0.0,0.0,0.0,0.0,0.0,26470.0,8.0,8212.0,23737.0,8.0,8220.0
9.575678635010263,0.0,0.0,0.0,0.0,0.0,0.0,0.0,0.0,0.0,0.0,0.0,0.0,0.0,26470.0,8.0,8212.0,23738.0,8.0,8225.0
9.608340542996302,0.0,0.0,0.0,0.0,0.0,0.0,0.0,0.0,0.0,0.0,0.0,0.0,0.0,26472.0,8.0,8251.0,23739.0,8.0,8260.0
9.614185946004,0.0,0.0,0.0,0.0,0.0,0.0,0.0,0.0,0.0,0.0,0.0,0.0,0.0,26472.0,8.0,8251.0,23740.0,8.0,8266.0
9.648245083997608,0.0,0.0,0.0,0.0,0.0,0.0,0.0,0.0,0.0,0.0,0.0,0.0,0.0,26474.0,8.0,8292.0,23741.0,8.0,8300.0
9.653476610998041,0.0,0.0,0.0,0.0,0.0,0.0,0.0,0.0,0.0,0.0,0.0,0.0,0.0,26474.0,8.0,8292.0,23742.0,8.0,8306.0
10.076894305006135,0.0,0.0,0.0,0.0,0.0,0.0,0.0,0.0,0.0,0.0,0.0,0.0,0.0,26478.0,8.0,8372.0,23746.0,8.0,8387.0
10.077080425005988,0.0,0.0,0.0,0.0,0.0,0.0,0.0,0.0,0.0,0.0,0.0,0.0,0.0,26480.0,8.0,8412.0,23747.0,8.0,8420.0
10.077155546998256,0.0,0.0,0.0,0.0,0.0,0.0,0.0,0.0,0.0,0.0,0.0,0.0,0.0,26480.0,8.0,8412.0,23748.0,8.0,8426.0
10.07722594900406,0.0,0.0,0.0,0.0,0.0,0.0,0.0,0.0,0.0,0.0,0.0,0.0,0.0,26482.0,8.0,8452.0,23749.0,8.0,8460.0
10.098481298002298,0.0,0.0,0.0,0.0,0.0,0.0,0.0,0.0,0.0,0.0,0.0,0.0,0.0,26496.0,8.0,8731.0,23751.0,8.0,8749.0
10.128111790996627,0.0,0.0,0.0,0.0,0.0,0.0,0.0,0.0,0.0,0.0,0.0,0.0,0.0,26498.0,8.0,8772.0,23752.0,8.0,8780.0
10.133989043999463,0.0,0.0,0.0,0.0,0.0,0.0,0.0,0.0,0.0,0.0,0.0,0.0,0.0,26498.0,8.0,8772.0,23753.0,8.0,8786.0
10.169719358003931,0.0,0.0,0.0,0.0,0.0,0.0,0.0,0.0,0.0,0.0,0.0,0.0,0.0,26500.0,8.0,8811.0,23754.0,8.0,8820.0
10.17741562500305,0.0,0.0,0.0,0.0,0.0,0.0,0.0,0.0,0.0,0.0,0.0,0.0,0.0,26500.0,8.0,8811.0,23755.0,8.0,8826.0
10.608962269005133,0.0,0.0,0.0,0.0,0.0,0.0,0.0,0.0,0.0,0.0,0.0,0.0,0.0,26522.0,8.0,9252.0,23776.0,8.0,9260.0
10.613854408002226,0.0,0.0,0.0,0.0,0.0,0.0,0.0,0.0,0.0,0.0,0.0,0.0,0.0,26522.0,8.0,9252.0,23777.0,8.0,9266.0
10.649503389009624,0.0,0.0,0.0,0.0,0.0,0.0,0.0,0.0,0.0,0.0,0.0,0.0,0.0,26524.0,8.0,9292.0,23778.0,8.0,9300.0
10.653814744000556,0.0,0.0,0.0,0.0,0.0,0.0,0.0,0.0,0.0,0.0,0.0,0.0,0.0,26524.0,8.0,9292.0,23779.0,8.0,9306.0
11.105801949001034,0.0,0.0,0.0,0.0,0.0,0.0,0.0,0.0,0.0,0.0,0.0,0.0,0.0,26526.0,8.0,9331.0,23780.0,8.0,9340.0
11.105984232010087,0.0,0.0,0.0,0.0,0.0,0.0,0.0,0.0,0.0,0.0,0.0,0.0,0.0,26532.0,8.0,9452.0,23786.0,8.0,9460.0
11.118348285002867,0.0,0.0,0.0,0.0,0.0,0.0,0.0,0.0,0.0,0.0,0.0,0.0,0.0,26547.0,8.0,9751.0,23787.0,8.0,9771.0
11.149971981009003,0.0,0.0,0.0,0.0,0.0,0.0,0.0,0.0,0.0,0.0,0.0,0.0,0.0,26549.0,8.0,9792.0,23788.0,8.0,9800.0
11.153904232996865,0.0,0.0,0.0,0.0,0.0,0.0,0.0,0.0,0.0,0.0,0.0,0.0,0.0,26549.0,8.0,9792.0,23789.0,8.0,9806.0
11.18906904400501,0.0,0.0,0.0,0.0,0.0,0.0,0.0,0.0,0.0,0.0,0.0,0.0,0.0,26551.0,8.0,9831.0,23790.0,8.0,9840.0
11.200094939005794,0.0,0.0,0.0,0.0,0.0,0.0,0.0,0.0,0.0,0.0,0.0,0.0,0.0,26551.0,8.0,9831.0,23791.0,8.0,9850.0
11.60805168299703,0.0,0.0,0.0,0.0,0.0,0.0,0.0,0.0,0.0,0.0,0.0,0.0,0.0,26571.0,8.0,10232.0,23811.0,8.0,10250.0
11.627472449996276,0.0,0.0,0.0,0.0,0.0,0.0,0.0,0.0,0.0,0.0,0.0,0.0,0.0,26573.0,8.0,10272.0,23812.0,8.0,10280.0
11.634524093009531,0.0,0.0,0.0,0.0,0.0,0.0,0.0,0.0,0.0,0.0,0.0,0.0,0.0,26573.0,8.0,10272.0,23813.0,8.0,10286.0
11.668248722999124,0.0,0.0,0.0,0.0,0.0,0.0,0.0,0.0,0.0,0.0,0.0,0.0,0.0,26575.0,8.0,10312.0,23814.0,8.0,10320.0
11.674129152001115,0.0,0.0,0.0,0.0,0.0,0.0,0.0,0.0,0.0,0.0,0.0,0.0,0.0,26575.0,8.0,10312.0,23815.0,8.0,10326.0
12.117215578007745,0.0,0.0,0.0,0.0,0.0,0.0,0.0,0.0,0.0,0.0,0.0,0.0,0.0,26577.0,8.0,10352.0,23816.0,8.0,10360.0
12.117429000005359,0.0,0.0,0.0,0.0,0.0,0.0,0.0,0.0,0.0,0.0,0.0,0.0,0.0,26577.0,8.0,10352.0,23817.0,8.0,10365.0
12.11750763800228,0.0,0.0,0.0,0.0,0.0,0.0,0.0,0.0,0.0,0.0,0.0,0.0,0.0,26581.0,8.0,10432.0,23821.0,8.0,10450.0
12.117568492001737,0.0,0.0,0.0,0.0,0.0,0.0,0.0,0.0,0.0,0.0,0.0,0.0,0.0,26583.0,8.0,10472.0,23822.0,8.0,10480.0
12.139701274005347,0.0,0.0,0.0,0.0,0.0,0.0,0.0,0.0,0.0,0.0,0.0,0.0,0.0,26598.0,8.0,10771.0,23823.0,8.0,10781.0
12.139818224008195,0.0,0.0,0.0,0.0,0.0,0.0,0.0,0.0,0.0,0.0,0.0,0.0,0.0,26598.0,8.0,10771.0,23824.0,8.0,10787.0
12.167024576003314,0.0,0.0,0.0,0.0,0.0,0.0,0.0,0.0,0.0,0.0,0.0,0.0,0.0,26600.0,8.0,10811.0,23825.0,8.0,10820.0
12.179076230997453,0.0,0.0,0.0,0.0,0.0,0.0,0.0,0.0,0.0,0.0,0.0,0.0,0.0,26600.0,8.0,10811.0,23826.0,8.0,10830.0
12.210006663008244,0.0,0.0,0.0,0.0,0.0,0.0,0.0,0.0,0.0,0.0,0.0,0.0,0.0,26602.0,8.0,10852.0,23827.0,8.0,10860.0
12.214531511010136,0.0,0.0,0.0,0.0,0.0,0.0,0.0,0.0,0.0,0.0,0.0,0.0,0.0,26602.0,8.0,10852.0,23828.0,8.0,10866.0
12.630217897996772,0.0,0.0,0.0,0.0,0.0,0.0,0.0,0.0,0.0,0.0,0.0,0.0,0.0,26620.0,8.0,11211.0,23846.0,8.0,11230.0
12.630546567001147,0.0,0.0,0.0,0.0,0.0,0.0,0.0,0.0,0.0,0.0,0.0,0.0,0.0,26622.0,8.0,11252.0,23847.0,8.0,11260.0
12.630629282997688,0.0,0.0,0.0,0.0,0.0,0.0,0.0,0.0,0.0,0.0,0.0,0.0,0.0,26622.0,8.0,11252.0,23848.0,8.0,11266.0
12.649252057002741,0.0,0.0,0.0,0.0,0.0,0.0,0.0,0.0,0.0,0.0,0.0,0.0,0.0,26624.0,8.0,11291.0,23849.0,8.0,11300.0
12.652727068008971,0.0,0.0,0.0,0.0,0.0,0.0,0.0,0.0,0.0,0.0,0.0,0.0,0.0,26624.0,8.0,11291.0,23850.0,8.0,11306.0
12.688347037998028,0.0,0.0,0.0,0.0,0.0,0.0,0.0,0.0,0.0,0.0,0.0,0.0,0.0,26626.0,8.0,11332.0,23851.0,8.0,11340.0
12.694151414005319,0.0,0.0,0.0,0.0,0.0,0.0,0.0,0.0,0.0,0.0,0.0,0.0,0.0,26626.0,8.0,11332.0,23852.0,8.0,11347.0
12.717954640000244,0.0,0.0,0.0,0.0,0.0,0.0,0.0,0.0,0.0,0.0,0.0,0.0,0.0,26627.0,8.0,11352.0,23853.0,8.0,11370.0
13.137106687005144,0.0,0.0,0.0,0.0,0.0,0.0,0.0,0.0,0.0,0.0,0.0,0.0,0.0,26631.0,8.0,11432.0,23856.0,8.0,11440.0
13.137314858002355,0.0,0.0,0.0,0.0,0.0,0.0,0.0,0.0,0.0,0.0,0.0,0.0,0.0,26631.0,8.0,11432.0,23857.0,8.0,11446.0
13.137399808008922,0.0,0.0,0.0,0.0,0.0,0.0,0.0,0.0,0.0,0.0,0.0,0.0,0.0,26633.0,8.0,11471.0,23858.0,8.0,11480.0
13.14867377000337,0.0,0.0,0.0,0.0,0.0,0.0,0.0,0.0,0.0,0.0,0.0,0.0,0.0,26649.0,8.0,11791.0,23859.0,8.0,11800.0
13.154595497006085,0.0,0.0,0.0,0.0,0.0,0.0,0.0,0.0,0.0,0.0,0.0,0.0,0.0,26649.0,8.0,11791.0,23860.0,8.0,11806.0
13.188133679010207,0.0,0.0,0.0,0.0,0.0,0.0,0.0,0.0,0.0,0.0,0.0,0.0,0.0,26651.0,8.0,11832.0,23861.0,8.0,11840.0
13.196074806997785,0.0,0.0,0.0,0.0,0.0,0.0,0.0,0.0,0.0,0.0,0.0,0.0,0.0,26651.0,8.0,11832.0,23862.0,8.0,11846.0
13.230973861005623,0.0,0.0,0.0,0.0,0.0,0.0,0.0,0.0,0.0,0.0,0.0,0.0,0.0,26653.0,8.0,11871.0,23863.0,8.0,11880.0
13.23557871900266,0.0,0.0,0.0,0.0,0.0,0.0,0.0,0.0,0.0,0.0,0.0,0.0,0.0,26653.0,8.0,11871.0,23864.0,8.0,11886.0
13.64653360300872,0.0,0.0,0.0,0.0,0.0,0.0,0.0,0.0,0.0,0.0,0.0,0.0,0.0,26671.0,8.0,12232.0,23881.0,8.0,12240.0
13.646976686999551,0.0,0.0,0.0,0.0,0.0,0.0,0.0,0.0,0.0,0.0,0.0,0.0,0.0,26671.0,8.0,12232.0,23882.0,8.0,12246.0
13.647242357008508,0.0,0.0,0.0,0.0,0.0,0.0,0.0,0.0,0.0,0.0,0.0,0.0,0.0,26673.0,8.0,12272.0,23883.0,8.0,12280.0
13.647377832006896,0.0,0.0,0.0,0.0,0.0,0.0,0.0,0.0,0.0,0.0,0.0,0.0,0.0,26673.0,8.0,12272.0,23884.0,8.0,12286.0
13.671411132003414,0.0,0.0,0.0,0.0,0.0,0.0,0.0,0.0,0.0,0.0,0.0,0.0,0.0,26675.0,8.0,12311.0,23885.0,8.0,12320.0
13.67683942100848,0.0,0.0,0.0,0.0,0.0,0.0,0.0,0.0,0.0,0.0,0.0,0.0,0.0,26675.0,8.0,12311.0,23886.0,8.0,12330.0
13.710647500003688,0.0,0.0,0.0,0.0,0.0,0.0,0.0,0.0,0.0,0.0,0.0,0.0,0.0,26677.0,8.0,12352.0,23887.0,8.0,12360.0
13.714597174999653,0.0,0.0,0.0,0.0,0.0,0.0,0.0,0.0,0.0,0.0,0.0,0.0,0.0,26677.0,8.0,12352.0,23888.0,8.0,12366.0
14.156970488009392,0.0,0.0,0.0,0.0,0.0,0.0,0.0,0.0,0.0,0.0,0.0,0.0,0.0,26679.0,8.0,12391.0,23889.0,8.0,12400.0
14.157147010002518,0.0,0.0,0.0,0.0,0.0,0.0,0.0,0.0,0.0,0.0,0.0,0.0,0.0,26681.0,8.0,12432.0,23891.0,8.0,12440.0
14.157215027997154,0.0,0.0,0.0,0.0,0.0,0.0,0.0,0.0,0.0,0.0,0.0,0.0,0.0,26681.0,8.0,12432.0,23892.0,8.0,12446.0
14.157281053005136,0.0,0.0,0.0,0.0,0.0,0.0,0.0,0.0,0.0,0.0,0.0,0.0,0.0,26683.0,8.0,12472.0,23893.0,8.0,12480.0
14.183176218008157,0.0,0.0,0.0,0.0,0.0,0.0,0.0,0.0,0.0,0.0,0.0,0.0,0.0,26700.0,8.0,12812.0,23894.0,8.0,12819.0
14.183431659010239,0.0,0.0,0.0,0.0,0.0,0.0,0.0,0.0,0.0,0.0,0.0,0.0,0.0,26700.0,8.0,12812.0,23895.0,8.0,12825.0
14.210232028010068,0.0,0.0,0.0,0.0,0.0,0.0,0.0,0.0,0.0,0.0,0.0,0.0,0.0,26702.0,8.0,12852.0,23896.0,8.0,12860.0
14.214711581007577,0.0,0.0,0.0,0.0,0.0,0.0,0.0,0.0,0.0,0.0,0.0,0.0,0.0,26702.0,8.0,12852.0,23897.0,8.0,12866.0
14.256059905004804,0.0,0.0,0.0,0.0,0.0,0.0,0.0,0.0,0.0,0.0,0.0,0.0,0.0,26704.0,8.0,12891.0,23898.0,8.0,12900.0
14.256176524999319,0.0,0.0,0.0,0.0,0.0,0.0,0.0,0.0,0.0,0.0,0.0,0.0,0.0,26704.0,8.0,12891.0,23899.0,8.0,12906.0
14.287634300999343,0.0,0.0,0.0,0.0,0.0,0.0,0.0,0.0,0.0,0.0,0.0,0.0,0.0,26706.0,8.0,12931.0,23900.0,8.0,12940.0
14.296917687010136,0.0,0.0,0.0,0.0,0.0,0.0,0.0,0.0,0.0,0.0,0.0,0.0,0.0,26706.0,8.0,12931.0,23901.0,8.0,12949.0
14.328650331008248,0.0,0.0,0.0,0.0,0.0,0.0,0.0,0.0,0.0,0.0,0.0,0.0,0.0,26708.0,8.0,12972.0,23902.0,8.0,12980.0
14.334394593999605,0.0,0.0,0.0,0.0,0.0,0.0,0.0,0.0,0.0,0.0,0.0,0.0,0.0,26708.0,8.0,12972.0,23903.0,8.0,12986.0
14.36880126100732,0.0,0.0,0.0,0.0,0.0,0.0,0.0,0.0,0.0,0.0,0.0,0.0,0.0,26710.0,8.0,13011.0,23904.0,8.0,13020.0
14.377650349008036,0.0,0.0,0.0,0.0,0.0,0.0,0.0,0.0,0.0,0.0,0.0,0.0,0.0,26710.0,8.0,13011.0,23905.0,8.0,13026.0
14.41051138700277,0.0,0.0,0.0,0.0,0.0,0.0,0.0,0.0,0.0,0.0,0.0,0.0,0.0,26712.0,8.0,13052.0,23906.0,8.0,13060.0
14.428518143002293,0.0,0.0,0.0,0.0,0.0,0.0,0.0,0.0,0.0,0.0,0.0,0.0,0.0,26712.0,8.0,13052.0,23907.0,8.0,13066.0
14.52883186499821,0.0,0.0,0.0,0.0,0.0,0.0,0.0,0.0,0.0,0.0,0.0,0.0,0.0,26716.0,8.0,13131.0,23911.0,8.0,13150.0
14.533221307996428,0.0,0.0,0.0,0.0,0.0,0.0,0.0,0.0,0.0,0.0,0.0,0.0,0.0,26718.0,8.0,13172.0,23912.0,8.0,13180.0
14.534881523009972,0.0,0.0,0.0,0.0,0.0,0.0,0.0,0.0,0.0,0.0,0.0,0.0,0.0,26718.0,8.0,13172.0,23913.0,8.0,13187.0
14.567177017001086,0.0,0.0,0.0,0.0,0.0,0.0,0.0,0.0,0.0,0.0,0.0,0.0,0.0,26720.0,8.0,13211.0,23914.0,8.0,13220.0
14.574936153003364,0.0,0.0,0.0,0.0,0.0,0.0,0.0,0.0,0.0,0.0,0.0,0.0,0.0,26720.0,8.0,13211.0,23915.0,8.0,13226.0
14.608725398007664,0.0,0.0,0.0,0.0,0.0,0.0,0.0,0.0,0.0,0.0,0.0,0.0,0.0,26722.0,8.0,13252.0,23916.0,8.0,13260.0
14.613802014006069,0.0,0.0,0.0,0.0,0.0,0.0,0.0,0.0,0.0,0.0,0.0,0.0,0.0,26722.0,8.0,13252.0,23917.0,8.0,13266.0
14.745812523004133,0.0,0.0,0.0,0.0,0.0,0.0,0.0,0.0,0.0,0.0,0.0,0.0,0.0,26726.0,8.0,13331.0,23921.0,8.0,13351.0
14.745907190997968,0.0,0.0,0.0,0.0,0.0,0.0,0.0,0.0,0.0,0.0,0.0,0.0,0.0,26728.0,8.0,13372.0,23922.0,8.0,13380.0
14.745978845996433,0.0,0.0,0.0,0.0,0.0,0.0,0.0,0.0,0.0,0.0,0.0,0.0,0.0,26728.0,8.0,13372.0,23923.0,8.0,13386.0
14.7702930450032,0.0,0.0,0.0,0.0,0.0,0.0,0.0,0.0,0.0,0.0,0.0,0.0,0.0,26730.0,8.0,13412.0,23924.0,8.0,13420.0
14.774478154009557,0.0,0.0,0.0,0.0,0.0,0.0,0.0,0.0,0.0,0.0,0.0,0.0,0.0,26730.0,8.0,13412.0,23925.0,8.0,13426.0
14.807522857008735,0.0,0.0,0.0,0.0,0.0,0.0,0.0,0.0,0.0,0.0,0.0,0.0,0.0,26732.0,8.0,13452.0,23926.0,8.0,13460.0
14.813753445996554,0.0,0.0,0.0,0.0,0.0,0.0,0.0,0.0,0.0,0.0,0.0,0.0,0.0,26732.0,8.0,13452.0,23927.0,8.0,13466.0
14.848894516006112,0.0,0.0,0.0,0.0,0.0,0.0,0.0,0.0,0.0,0.0,0.0,0.0,0.0,26734.0,8.0,13492.0,23928.0,8.0,13500.0
14.9661663910083,0.0,0.0,0.0,0.0,0.0,0.0,0.0,0.0,0.0,0.0,0.0,0.0,0.0,26736.0,8.0,13532.0,23931.0,8.0,13549.0
14.966678034004872,0.0,0.0,0.0,0.0,0.0,0.0,0.0,0.0,0.0,0.0,0.0,0.0,0.0,26738.0,8.0,13572.0,23932.0,8.0,13580.0
14.96680702699814,0.0,0.0,0.0,0.0,0.0,0.0,0.0,0.0,0.0,0.0,0.0,0.0,0.0,26738.0,8.0,13572.0,23933.0,8.0,13586.0
14.968670535003184,0.0,0.0,0.0,0.0,0.0,0.0,0.0,0.0,0.0,0.0,0.0,0.0,0.0,26740.0,8.0,13611.0,23934.0,8.0,13620.0
14.974216144008096,0.0,0.0,0.0,0.0,0.0,0.0,0.0,0.0,0.0,0.0,0.0,0.0,0.0,26740.0,8.0,13611.0,23935.0,8.0,13626.0
15.009288817003835,0.0,0.0,0.0,0.0,0.0,0.0,0.0,0.0,0.0,0.0,0.0,0.0,0.0,26742.0,8.0,13652.0,23936.0,8.0,13660.0
15.01345895700797,0.0,0.0,0.0,0.0,0.0,0.0,0.0,0.0,0.0,0.0,0.0,0.0,0.0,26742.0,8.0,13652.0,23937.0,8.0,13666.0
15.048714103002567,0.0,0.0,0.0,0.0,0.0,0.0,0.0,0.0,0.0,0.0,0.0,0.0,0.0,26744.0,8.0,13692.0,23938.0,8.0,13700.0
15.055981523008086,0.0,0.0,0.0,0.0,0.0,0.0,0.0,0.0,0.0,0.0,0.0,0.0,0.0,26744.0,8.0,13692.0,23939.0,8.0,13706.0
15.151082216005307,0.0,0.0,0.0,0.0,0.0,0.0,0.0,0.0,0.0,0.0,0.0,0.0,0.0,26746.0,8.0,13731.0,23941.0,8.0,13749.0
15.151310125002055,0.0,0.0,0.0,0.0,0.0,0.0,0.0,0.0,0.0,0.0,0.0,0.0,0.0,26748.0,8.0,13772.0,23942.0,8.0,13780.0
15.15140043500287,0.0,0.0,0.0,0.0,0.0,0.0,0.0,0.0,0.0,0.0,0.0,0.0,0.0,26748.0,8.0,13772.0,23943.0,8.0,13786.0
15.209491047004121,0.0,0.0,0.0,0.0,0.0,0.0,0.0,0.0,0.0,0.0,0.0,0.0,0.0,26752.0,8.0,13852.0,23946.0,8.0,13860.0
15.213418580009602,0.0,0.0,0.0,0.0,0.0,0.0,0.0,0.0,0.0,0.0,0.0,0.0,0.0,26752.0,8.0,13852.0,23947.0,8.0,13866.0
15.248058388009667,0.0,0.0,0.0,0.0,0.0,0.0,0.0,0.0,0.0,0.0,0.0,0.0,0.0,26754.0,8.0,13891.0,23948.0,8.0,13900.0
15.25469080300536,0.0,0.0,0.0,0.0,0.0,0.0,0.0,0.0,0.0,0.0,0.0,0.0,0.0,26754.0,8.0,13891.0,23949.0,8.0,13906.0
15.287995858001523,0.0,0.0,0.0,0.0,0.0,0.0,0.0,0.0,0.0,0.0,0.0,0.0,0.0,26756.0,8.0,13931.0,23950.0,8.0,13940.0
15.33094842400169,0.0,0.0,0.0,0.0,0.0,0.0,0.0,0.0,0.0,0.0,0.0,0.0,0.0,26756.0,8.0,13931.0,23951.0,8.0,13950.0
15.33114176800882,0.0,0.0,0.0,0.0,0.0,0.0,0.0,0.0,0.0,0.0,0.0,0.0,0.0,26758.0,8.0,13972.0,23952.0,8.0,13980.0
15.363066004007123,0.0,0.0,0.0,0.0,0.0,0.0,0.0,0.0,0.0,0.0,0.0,0.0,0.0,26758.0,8.0,13972.0,23953.0,8.0,13986.0
15.421331616002135,0.0,0.0,0.0,0.0,0.0,0.0,0.0,0.0,0.0,0.0,0.0,0.0,0.0,26762.0,8.0,14052.0,23956.0,8.0,14060.0
15.421576797001762,0.0,0.0,0.0,0.0,0.0,0.0,0.0,0.0,0.0,0.0,0.0,0.0,0.0,26762.0,8.0,14052.0,23957.0,8.0,14065.0
15.451021756001865,0.0,0.0,0.0,0.0,0.0,0.0,0.0,0.0,0.0,0.0,0.0,0.0,0.0,26764.0,8.0,14091.0,23958.0,8.0,14100.0
15.454513108008541,0.0,0.0,0.0,0.0,0.0,0.0,0.0,0.0,0.0,0.0,0.0,0.0,0.0,26764.0,8.0,14091.0,23959.0,8.0,14106.0
15.487392852010089,0.0,0.0,0.0,0.0,0.0,0.0,0.0,0.0,0.0,0.0,0.0,0.0,0.0,26766.0,8.0,14131.0,23960.0,8.0,14140.0
15.49697771499632,0.0,0.0,0.0,0.0,0.0,0.0,0.0,0.0,0.0,0.0,0.0,0.0,0.0,26766.0,8.0,14131.0,23961.0,8.0,14149.0
15.62615224000183,0.0,0.0,0.0,0.0,0.0,0.0,0.0,0.0,0.0,0.0,0.0,0.0,0.0,26772.0,8.0,14252.0,23966.0,8.0,14260.0
15.62635720599792,0.0,0.0,0.0,0.0,0.0,0.0,0.0,0.0,0.0,0.0,0.0,0.0,0.0,26772.0,8.0,14252.0,23967.0,8.0,14266.0
15.647465280009783,0.0,0.0,0.0,0.0,0.0,0.0,0.0,0.0,0.0,0.0,0.0,0.0,0.0,26774.0,8.0,14291.0,23968.0,8.0,14300.0
15.655775163002545,0.0,0.0,0.0,0.0,0.0,0.0,0.0,0.0,0.0,0.0,0.0,0.0,0.0,26774.0,8.0,14291.0,23969.0,8.0,14306.0
15.688073333003558,0.0,0.0,0.0,0.0,0.0,0.0,0.0,0.0,0.0,0.0,0.0,0.0,0.0,26776.0,8.0,14331.0,23970.0,8.0,14340.0
15.705921330998535,0.0,0.0,0.0,0.0,0.0,0.0,0.0,0.0,0.0,0.0,0.0,0.0,0.0,26776.0,8.0,14331.0,23971.0,8.0,14351.0
15.728896690998226,0.0,0.0,0.0,0.0,0.0,0.0,0.0,0.0,0.0,0.0,0.0,0.0,0.0,26778.0,8.0,14372.0,23972.0,8.0,14380.0
15.849601872003404,0.0,0.0,0.0,0.0,0.0,0.0,0.0,0.0,0.0,0.0,0.0,0.0,0.0,26782.0,8.0,14452.0,23976.0,8.0,14460.0
15.849965697008884,0.0,0.0,0.0,0.0,0.0,0.0,0.0,0.0,0.0,0.0,0.0,0.0,0.0,26782.0,8.0,14452.0,23977.0,8.0,14466.0
15.850306457999977,0.0,0.0,0.0,0.0,0.0,0.0,0.0,0.0,0.0,0.0,0.0,0.0,0.0,26784.0,8.0,14491.0,23978.0,8.0,14500.0
15.862292752004578,0.0,0.0,0.0,0.0,0.0,0.0,0.0,0.0,0.0,0.0,0.0,0.0,0.0,26785.0,8.0,14512.0,23979.0,8.0,14513.0
15.889357740001287,0.0,0.0,0.0,0.0,0.0,0.0,0.0,0.0,0.0,0.0,0.0,0.0,0.0,26786.0,8.0,14532.0,23980.0,8.0,14540.0
15.89881094500015,0.0,0.0,0.0,0.0,0.0,0.0,0.0,0.0,0.0,0.0,0.0,0.0,0.0,26786.0,8.0,14532.0,23981.0,8.0,14550.0
15.928214907005895,0.0,0.0,0.0,0.0,0.0,0.0,0.0,0.0,0.0,0.0,0.0,0.0,0.0,26788.0,8.0,14572.0,23982.0,8.0,14580.0
15.934657935009454,0.0,0.0,0.0,0.0,0.0,0.0,0.0,0.0,0.0,0.0,0.0,0.0,0.0,26788.0,8.0,14572.0,23983.0,8.0,14586.0
16.06839488200785,0.0,0.0,0.0,0.0,0.0,0.0,0.0,0.0,0.0,0.0,0.0,0.0,0.0,26792.0,8.0,14652.0,23986.0,8.0,14660.0
16.068931642003008,0.0,0.0,0.0,0.0,0.0,0.0,0.0,0.0,0.0,0.0,0.0,0.0,0.0,26792.0,8.0,14652.0,23987.0,8.0,14666.0
16.069124115005252,0.0,0.0,0.0,0.0,0.0,0.0,0.0,0.0,0.0,0.0,0.0,0.0,0.0,26794.0,8.0,14691.0,23988.0,8.0,14700.0
16.069189558009384,0.0,0.0,0.0,0.0,0.0,0.0,0.0,0.0,0.0,0.0,0.0,0.0,0.0,26794.0,8.0,14691.0,23989.0,8.0,14706.0
16.088697090002825,0.0,0.0,0.0,0.0,0.0,0.0,0.0,0.0,0.0,0.0,0.0,0.0,0.0,26796.0,8.0,14732.0,23990.0,8.0,14740.0
16.09920794700156,0.0,0.0,0.0,0.0,0.0,0.0,0.0,0.0,0.0,0.0,0.0,0.0,0.0,26796.0,8.0,14732.0,23991.0,8.0,14750.0
16.135180134006077,0.0,0.0,0.0,0.0,0.0,0.0,0.0,0.0,0.0,0.0,0.0,0.0,0.0,26798.0,8.0,14772.0,23992.0,8.0,14780.0
16.135348180003348,0.0,0.0,0.0,0.0,0.0,0.0,0.0,0.0,0.0,0.0,0.0,0.0,0.0,26798.0,8.0,14772.0,23993.0,8.0,14786.0
16.168211865006015,0.0,0.0,0.0,0.0,0.0,0.0,0.0,0.0,0.0,0.0,0.0,0.0,0.0,26800.0,8.0,14811.0,23994.0,8.0,14820.0
16.28577813100128,0.0,0.0,0.0,0.0,0.0,0.0,0.0,0.0,0.0,0.0,0.0,0.0,0.0,26802.0,8.0,14852.0,23996.0,8.0,14860.0
16.285924085997976,0.0,0.0,0.0,0.0,0.0,0.0,0.0,0.0,0.0,0.0,0.0,0.0,0.0,26802.0,8.0,14852.0,23997.0,8.0,14866.0
16.28599572100211,0.0,0.0,0.0,0.0,0.0,0.0,0.0,0.0,0.0,0.0,0.0,0.0,0.0,26804.0,8.0,14891.0,23998.0,8.0,14900.0
16.286059610996745,0.0,0.0,0.0,0.0,0.0,0.0,0.0,0.0,0.0,0.0,0.0,0.0,0.0,26804.0,8.0,14891.0,23999.0,8.0,14906.0
16.291393282008357,0.0,0.0,0.0,0.0,0.0,0.0,0.0,0.0,0.0,0.0,0.0,0.0,0.0,26806.0,8.0,14932.0,24000.0,8.0,14940.0
16.29746056300064,0.0,0.0,0.0,0.0,0.0,0.0,0.0,0.0,0.0,0.0,0.0,0.0,0.0,26806.0,8.0,14932.0,24001.0,8.0,14949.0
16.327638382004807,0.0,0.0,0.0,0.0,0.0,0.0,0.0,0.0,0.0,0.0,0.0,0.0,0.0,26808.0,8.0,14972.0,24002.0,8.0,14980.0
16.343212139006937,0.0,0.0,0.0,0.0,0.0,0.0,0.0,0.0,0.0,0.0,0.0,0.0,0.0,26808.0,8.0,14972.0,24003.0,8.0,14986.0
16.37031205400126,0.0,0.0,0.0,0.0,0.0,0.0,0.0,0.0,0.0,0.0,0.0,0.0,0.0,26810.0,8.0,15012.0,24004.0,8.0,15020.0
16.37427224899875,0.0,0.0,0.0,0.0,0.0,0.0,0.0,0.0,0.0,0.0,0.0,0.0,0.0,26810.0,8.0,15012.0,24005.0,8.0,15026.0
16.519302365006297,0.0,0.0,0.0,0.0,0.0,0.0,0.0,0.0,0.0,0.0,0.0,0.0,0.0,26816.0,8.0,15132.0,24011.0,8.0,15150.0
16.526918753006612,0.0,0.0,0.0,0.0,0.0,0.0,0.0,0.0,0.0,0.0,0.0,0.0,0.0,26818.0,8.0,15172.0,24012.0,8.0,15180.0
16.53353801400226,0.0,0.0,0.0,0.0,0.0,0.0,0.0,0.0,0.0,0.0,0.0,0.0,0.0,26818.0,8.0,15172.0,24013.0,8.0,15186.0
16.570356123003876,0.0,0.0,0.0,0.0,0.0,0.0,0.0,0.0,0.0,0.0,0.0,0.0,0.0,26820.0,8.0,15211.0,24014.0,8.0,15220.0
16.58547791899764,0.0,0.0,0.0,0.0,0.0,0.0,0.0,0.0,0.0,0.0,0.0,0.0,0.0,26820.0,8.0,15211.0,24015.0,8.0,15226.0
16.60848286600958,0.0,0.0,0.0,0.0,0.0,0.0,0.0,0.0,0.0,0.0,0.0,0.0,0.0,26822.0,8.0,15252.0,24016.0,8.0,15260.0
16.72673179699632,0.0,0.0,0.0,0.0,0.0,0.0,0.0,0.0,0.0,0.0,0.0,0.0,0.0,26826.0,8.0,15332.0,24021.0,8.0,15351.0
16.72839350500726,0.0,0.0,0.0,0.0,0.0,0.0,0.0,0.0,0.0,0.0,0.0,0.0,0.0,26828.0,8.0,15372.0,24022.0,8.0,15380.0
16.736891792999813,0.0,0.0,0.0,0.0,0.0,0.0,0.0,0.0,0.0,0.0,0.0,0.0,0.0,26828.0,8.0,15372.0,24023.0,8.0,15386.0
16.76886465100688,0.0,0.0,0.0,0.0,0.0,0.0,0.0,0.0,0.0,0.0,0.0,0.0,0.0,26830.0,8.0,15412.0,24024.0,8.0,15420.0
16.774379883005167,0.0,0.0,0.0,0.0,0.0,0.0,0.0,0.0,0.0,0.0,0.0,0.0,0.0,26830.0,8.0,15412.0,24025.0,8.0,15426.0
16.80888407700695,0.0,0.0,0.0,0.0,0.0,0.0,0.0,0.0,0.0,0.0,0.0,0.0,0.0,26832.0,8.0,15452.0,24026.0,8.0,15460.0
16.814447810000274,0.0,0.0,0.0,0.0,0.0,0.0,0.0,0.0,0.0,0.0,0.0,0.0,0.0,26832.0,8.0,15452.0,24027.0,8.0,15466.0
16.897054315006244,0.0,0.0,0.0,0.0,0.0,0.0,0.0,0.0,0.0,0.0,0.0,0.0,0.0,26834.0,8.0,15491.0,24028.0,8.0,15500.0
16.950362105999375,0.0,0.0,0.0,0.0,0.0,0.0,0.0,0.0,0.0,0.0,0.0,0.0,0.0,26839.0,8.0,15592.0,24031.0,8.0,15600.0
16.95365695899818,0.0,0.0,0.0,0.0,0.0,0.0,0.0,0.0,0.0,0.0,0.0,0.0,0.0,26839.0,8.0,15592.0,24032.0,8.0,15606.0
16.98773431000882,0.0,0.0,0.0,0.0,0.0,0.0,0.0,0.0,0.0,0.0,0.0,0.0,0.0,26841.0,8.0,15631.0,24033.0,8.0,15640.0
16.9934834720043,0.0,0.0,0.0,0.0,0.0,0.0,0.0,0.0,0.0,0.0,0.0,0.0,0.0,26841.0,8.0,15631.0,24034.0,8.0,15646.0
17.03081607200147,0.0,0.0,0.0,0.0,0.0,0.0,0.0,0.0,0.0,0.0,0.0,0.0,0.0,26843.0,8.0,15671.0,24035.0,8.0,15680.0
17.040651868010173,0.0,0.0,0.0,0.0,0.0,0.0,0.0,0.0,0.0,0.0,0.0,0.0,0.0,26843.0,8.0,15671.0,24036.0,8.0,15690.0
17.16631927799608,0.0,0.0,0.0,0.0,0.0,0.0,0.0,0.0,0.0,0.0,0.0,0.0,0.0,26849.0,8.0,15792.0,24041.0,8.0,15800.0
17.18489711100119,0.0,0.0,0.0,0.0,0.0,0.0,0.0,0.0,0.0,0.0,0.0,0.0,0.0,26851.0,8.0,15832.0,24042.0,8.0,15837.0
17.208475927996915,0.0,0.0,0.0,0.0,0.0,0.0,0.0,0.0,0.0,0.0,0.0,0.0,0.0,26852.0,8.0,15852.0,24043.0,8.0,15860.0
17.21309561500675,0.0,0.0,0.0,0.0,0.0,0.0,0.0,0.0,0.0,0.0,0.0,0.0,0.0,26852.0,8.0,15852.0,24044.0,8.0,15866.0
17.248207573007676,0.0,0.0,0.0,0.0,0.0,0.0,0.0,0.0,0.0,0.0,0.0,0.0,0.0,26854.0,8.0,15891.0,24045.0,8.0,15900.0
17.257284841005458,0.0,0.0,0.0,0.0,0.0,0.0,0.0,0.0,0.0,0.0,0.0,0.0,0.0,26854.0,8.0,15891.0,24046.0,8.0,15910.0
17.339104368002154,0.0,0.0,0.0,0.0,0.0,0.0,0.0,0.0,0.0,0.0,0.0,0.0,0.0,26856.0,8.0,15932.0,24047.0,8.0,15940.0
17.33933965000324,0.0,0.0,0.0,0.0,0.0,0.0,0.0,0.0,0.0,0.0,0.0,0.0,0.0,26856.0,8.0,15932.0,24048.0,8.0,15945.0
17.33941797800071,0.0,0.0,0.0,0.0,0.0,0.0,0.0,0.0,0.0,0.0,0.0,0.0,0.0,26858.0,8.0,15971.0,24049.0,8.0,15980.0
17.339479643997038,0.0,0.0,0.0,0.0,0.0,0.0,0.0,0.0,0.0,0.0,0.0,0.0,0.0,26858.0,8.0,15971.0,24050.0,8.0,15986.0
17.386361750002834,0.0,0.0,0.0,0.0,0.0,0.0,0.0,0.0,0.0,0.0,0.0,0.0,0.0,26860.0,8.0,16012.0,24051.0,8.0,16020.0
17.386613554001087,0.0,0.0,0.0,0.0,0.0,0.0,0.0,0.0,0.0,0.0,0.0,0.0,0.0,26860.0,8.0,16012.0,24052.0,8.0,16026.0
17.40736358599679,0.0,0.0,0.0,0.0,0.0,0.0,0.0,0.0,0.0,0.0,0.0,0.0,0.0,26862.0,8.0,16052.0,24053.0,8.0,16060.0
17.414769568000338,0.0,0.0,0.0,0.0,0.0,0.0,0.0,0.0,0.0,0.0,0.0,0.0,0.0,26862.0,8.0,16052.0,24054.0,8.0,16066.0
17.45060978800757,0.0,0.0,0.0,0.0,0.0,0.0,0.0,0.0,0.0,0.0,0.0,0.0,0.0,26864.0,8.0,16091.0,24055.0,8.0,16100.0
17.45673298499605,0.0,0.0,0.0,0.0,0.0,0.0,0.0,0.0,0.0,0.0,0.0,0.0,0.0,26864.0,8.0,16091.0,24056.0,8.0,16109.0
17.49012937399675,0.0,0.0,0.0,0.0,0.0,0.0,0.0,0.0,0.0,0.0,0.0,0.0,0.0,26866.0,8.0,16132.0,24057.0,8.0,16140.0
17.6076532540028,0.0,0.0,0.0,0.0,0.0,0.0,0.0,0.0,0.0,0.0,0.0,0.0,0.0,26870.0,8.0,16212.0,24061.0,8.0,16220.0
17.6078219510091,0.0,0.0,0.0,0.0,0.0,0.0,0.0,0.0,0.0,0.0,0.0,0.0,0.0,26870.0,8.0,16212.0,24062.0,8.0,16226.0
17.60878732900892,0.0,0.0,0.0,0.0,0.0,0.0,0.0,0.0,0.0,0.0,0.0,0.0,0.0,26872.0,8.0,16252.0,24063.0,8.0,16260.0
17.61317011900246,0.0,0.0,0.0,0.0,0.0,0.0,0.0,0.0,0.0,0.0,0.0,0.0,0.0,26872.0,8.0,16252.0,24064.0,8.0,16266.0
17.64716352200776,0.0,0.0,0.0,0.0,0.0,0.0,0.0,0.0,0.0,0.0,0.0,0.0,0.0,26874.0,8.0,16291.0,24065.0,8.0,16300.0
17.657301497005392,0.0,0.0,0.0,0.0,0.0,0.0,0.0,0.0,0.0,0.0,0.0,0.0,0.0,26874.0,8.0,16291.0,24066.0,8.0,16309.0
17.68810463399859,0.0,0.0,0.0,0.0,0.0,0.0,0.0,0.0,0.0,0.0,0.0,0.0,0.0,26876.0,8.0,16332.0,24067.0,8.0,16340.0
17.709240312004113,0.0,0.0,0.0,0.0,0.0,0.0,0.0,0.0,0.0,0.0,0.0,0.0,0.0,26876.0,8.0,16332.0,24068.0,8.0,16346.0
17.825170181997237,0.0,0.0,0.0,0.0,0.0,0.0,0.0,0.0,0.0,0.0,0.0,0.0,0.0,26880.0,8.0,16412.0,24071.0,8.0,16420.0
17.825284375998308,0.0,0.0,0.0,0.0,0.0,0.0,0.0,0.0,0.0,0.0,0.0,0.0,0.0,26880.0,8.0,16412.0,24072.0,8.0,16425.0
17.82535386699601,0.0,0.0,0.0,0.0,0.0,0.0,0.0,0.0,0.0,0.0,0.0,0.0,0.0,26882.0,8.0,16452.0,24073.0,8.0,16460.0
17.825422916997923,0.0,0.0,0.0,0.0,0.0,0.0,0.0,0.0,0.0,0.0,0.0,0.0,0.0,26882.0,8.0,16452.0,24074.0,8.0,16466.0
17.847160899007577,0.0,0.0,0.0,0.0,0.0,0.0,0.0,0.0,0.0,0.0,0.0,0.0,0.0,26884.0,8.0,16491.0,24075.0,8.0,16500.0
17.87447445699945,0.0,0.0,0.0,0.0,0.0,0.0,0.0,0.0,0.0,0.0,0.0,0.0,0.0,26885.0,8.0,16512.0,24076.0,8.0,16519.0
17.874569897001493,0.0,0.0,0.0,0.0,0.0,0.0,0.0,0.0,0.0,0.0,0.0,0.0,0.0,26885.0,8.0,16512.0,24077.0,8.0,16525.0
17.909818191998056,0.0,0.0,0.0,0.0,0.0,0.0,0.0,0.0,0.0,0.0,0.0,0.0,0.0,26887.0,8.0,16552.0,24078.0,8.0,16560.0
17.914629229009734,0.0,0.0,0.0,0.0,0.0,0.0,0.0,0.0,0.0,0.0,0.0,0.0,0.0,26887.0,8.0,16552.0,24079.0,8.0,16566.0
17.964968854008475,0.0,0.0,0.0,0.0,0.0,0.0,0.0,0.0,0.0,0.0,0.0,0.0,0.0,26889.0,8.0,16591.0,24081.0,8.0,16610.0
18.068470330006676,0.0,0.0,0.0,0.0,0.0,0.0,0.0,0.0,0.0,0.0,0.0,0.0,0.0,26895.0,8.0,16712.0,24086.0,8.0,16720.0
18.077080820003175,0.0,0.0,0.0,0.0,0.0,0.0,0.0,0.0,0.0,0.0,0.0,0.0,0.0,26895.0,8.0,16712.0,24087.0,8.0,16726.0
18.108636764998664,0.0,0.0,0.0,0.0,0.0,0.0,0.0,0.0,0.0,0.0,0.0,0.0,0.0,26897.0,8.0,16752.0,24088.0,8.0,16760.0
18.114195660004043,0.0,0.0,0.0,0.0,0.0,0.0,0.0,0.0,0.0,0.0,0.0,0.0,0.0,26897.0,8.0,16752.0,24089.0,8.0,16766.0
18.147588463005377,0.0,0.0,0.0,0.0,0.0,0.0,0.0,0.0,0.0,0.0,0.0,0.0,0.0,26899.0,8.0,16791.0,24090.0,8.0,16800.0
18.27276290000009,0.0,0.0,0.0,0.0,0.0,0.0,0.0,0.0,0.0,0.0,0.0,0.0,0.0,26899.0,8.0,16791.0,24091.0,8.0,16810.0
18.27300543599995,0.0,0.0,0.0,0.0,0.0,0.0,0.0,0.0,0.0,0.0,0.0,0.0,0.0,26901.0,8.0,16832.0,24092.0,8.0,16840.0
18.273125842999434,0.0,0.0,0.0,0.0,0.0,0.0,0.0,0.0,0.0,0.0,0.0,0.0,0.0,26901.0,8.0,16832.0,24093.0,8.0,16846.0
18.273236722001457,0.0,0.0,0.0,0.0,0.0,0.0,0.0,0.0,0.0,0.0,0.0,0.0,0.0,26903.0,8.0,16872.0,24094.0,8.0,16880.0
18.273318065010244,0.0,0.0,0.0,0.0,0.0,0.0,0.0,0.0,0.0,0.0,0.0,0.0,0.0,26903.0,8.0,16872.0,24095.0,8.0,16886.0
18.273380872997222,0.0,0.0,0.0,0.0,0.0,0.0,0.0,0.0,0.0,0.0,0.0,0.0,0.0,26905.0,8.0,16912.0,24096.0,8.0,16920.0
18.27520094900683,0.0,0.0,0.0,0.0,0.0,0.0,0.0,0.0,0.0,0.0,0.0,0.0,0.0,26905.0,8.0,16912.0,24097.0,8.0,16925.0
18.308879340009298,0.0,0.0,0.0,0.0,0.0,0.0,0.0,0.0,0.0,0.0,0.0,0.0,0.0,26907.0,8.0,16952.0,24098.0,8.0,16960.0
18.316748835000908,0.0,0.0,0.0,0.0,0.0,0.0,0.0,0.0,0.0,0.0,0.0,0.0,0.0,26907.0,8.0,16952.0,24099.0,8.0,16966.0
18.348765898001147,0.0,0.0,0.0,0.0,0.0,0.0,0.0,0.0,0.0,0.0,0.0,0.0,0.0,26909.0,8.0,16991.0,24100.0,8.0,17000.0
18.357707611998194,0.0,0.0,0.0,0.0,0.0,0.0,0.0,0.0,0.0,0.0,0.0,0.0,0.0,26909.0,8.0,16991.0,24101.0,8.0,17009.0
18.485953009003424,0.0,0.0,0.0,0.0,0.0,0.0,0.0,0.0,0.0,0.0,0.0,0.0,0.0,26915.0,8.0,17112.0,24106.0,8.0,17120.0
18.486064940007054,0.0,0.0,0.0,0.0,0.0,0.0,0.0,0.0,0.0,0.0,0.0,0.0,0.0,26915.0,8.0,17112.0,24107.0,8.0,17126.0
18.508535421002307,0.0,0.0,0.0,0.0,0.0,0.0,0.0,0.0,0.0,0.0,0.0,0.0,0.0,26917.0,8.0,17151.0,24108.0,8.0,17160.0
18.5142882210057,0.0,0.0,0.0,0.0,0.0,0.0,0.0,0.0,0.0,0.0,0.0,0.0,0.0,26917.0,8.0,17151.0,24109.0,8.0,17166.0
18.548522519005928,0.0,0.0,0.0,0.0,0.0,0.0,0.0,0.0,0.0,0.0,0.0,0.0,0.0,26919.0,8.0,17192.0,24110.0,8.0,17200.0
18.5578269950056,0.0,0.0,0.0,0.0,0.0,0.0,0.0,0.0,0.0,0.0,0.0,0.0,0.0,26919.0,8.0,17192.0,24111.0,8.0,17210.0
18.70503792600357,0.0,0.0,0.0,0.0,0.0,0.0,0.0,0.0,0.0,0.0,0.0,0.0,0.0,26925.0,8.0,17312.0,24116.0,8.0,17320.0
18.70522860500205,0.0,0.0,0.0,0.0,0.0,0.0,0.0,0.0,0.0,0.0,0.0,0.0,0.0,26925.0,8.0,17312.0,24117.0,8.0,17326.0
18.71028321000631,0.0,0.0,0.0,0.0,0.0,0.0,0.0,0.0,0.0,0.0,0.0,0.0,0.0,26927.0,8.0,17352.0,24118.0,8.0,17360.0
18.71485347399721,0.0,0.0,0.0,0.0,0.0,0.0,0.0,0.0,0.0,0.0,0.0,0.0,0.0,26927.0,8.0,17352.0,24119.0,8.0,17366.0
18.756697707009153,0.0,0.0,0.0,0.0,0.0,0.0,0.0,0.0,0.0,0.0,0.0,0.0,0.0,26929.0,8.0,17392.0,24121.0,8.0,17409.0
18.791186344009475,0.0,0.0,0.0,0.0,0.0,0.0,0.0,0.0,0.0,0.0,0.0,0.0,0.0,26931.0,8.0,17432.0,24122.0,8.0,17440.0
18.79323198500788,0.0,0.0,0.0,0.0,0.0,0.0,0.0,0.0,0.0,0.0,0.0,0.0,0.0,26931.0,8.0,17432.0,24123.0,8.0,17446.0
18.92684357400867,0.0,0.0,0.0,0.0,0.0,0.0,0.0,0.0,0.0,0.0,0.0,0.0,0.0,26935.0,8.0,17512.0,24126.0,8.0,17520.0
18.947838558000512,0.0,0.0,0.0,0.0,0.0,0.0,0.0,0.0,0.0,0.0,0.0,0.0,0.0,26939.0,8.0,17592.0,24127.0,8.0,17597.0
18.95234487199923,0.0,0.0,0.0,0.0,0.0,0.0,0.0,0.0,0.0,0.0,0.0,0.0,0.0,26939.0,8.0,17592.0,24128.0,8.0,17604.0
18.988395228996524,0.0,0.0,0.0,0.0,0.0,0.0,0.0,0.0,0.0,0.0,0.0,0.0,0.0,26941.0,8.0,17631.0,24129.0,8.0,17640.0
18.99659851200704,0.0,0.0,0.0,0.0,0.0,0.0,0.0,0.0,0.0,0.0,0.0,0.0,0.0,26941.0,8.0,17631.0,24130.0,8.0,17646.0
19.028387508005835,0.0,0.0,0.0,0.0,0.0,0.0,0.0,0.0,0.0,0.0,0.0,0.0,0.0,26943.0,8.0,17672.0,24131.0,8.0,17680.0
19.146202162010013,0.0,0.0,0.0,0.0,0.0,0.0,0.0,0.0,0.0,0.0,0.0,0.0,0.0,26947.0,8.0,17752.0,24136.0,8.0,17769.0
19.14984620299947,0.0,0.0,0.0,0.0,0.0,0.0,0.0,0.0,0.0,0.0,0.0,0.0,0.0,26949.0,8.0,17792.0,24137.0,8.0,17800.0
19.153928678002558,0.0,0.0,0.0,0.0,0.0,0.0,0.0,0.0,0.0,0.0,0.0,0.0,0.0,26949.0,8.0,17792.0,24138.0,8.0,17806.0
19.18954318499891,0.0,0.0,0.0,0.0,0.0,0.0,0.0,0.0,0.0,0.0,0.0,0.0,0.0,26951.0,8.0,17831.0,24139.0,8.0,17840.0
19.194317622997914,0.0,0.0,0.0,0.0,0.0,0.0,0.0,0.0,0.0,0.0,0.0,0.0,0.0,26951.0,8.0,17831.0,24140.0,8.0,17846.0
19.230576133006252,0.0,0.0,0.0,0.0,0.0,0.0,0.0,0.0,0.0,0.0,0.0,0.0,0.0,26953.0,8.0,17872.0,24141.0,8.0,17880.0
19.234629673999734,0.0,0.0,0.0,0.0,0.0,0.0,0.0,0.0,0.0,0.0,0.0,0.0,0.0,26953.0,8.0,17872.0,24142.0,8.0,17886.0
19.36645540500467,0.0,0.0,0.0,0.0,0.0,0.0,0.0,0.0,0.0,0.0,0.0,0.0,0.0,26957.0,8.0,17951.0,24146.0,8.0,17970.0
19.366603745002067,0.0,0.0,0.0,0.0,0.0,0.0,0.0,0.0,0.0,0.0,0.0,0.0,0.0,26959.0,8.0,17992.0,24147.0,8.0,18000.0
19.366696519005927,0.0,0.0,0.0,0.0,0.0,0.0,0.0,0.0,0.0,0.0,0.0,0.0,0.0,26959.0,8.0,17992.0,24148.0,8.0,18006.0
19.392303296001046,0.0,0.0,0.0,0.0,0.0,0.0,0.0,0.0,0.0,0.0,0.0,0.0,0.0,26961.0,8.0,18031.0,24149.0,8.0,18040.0
19.428641125006834,0.0,0.0,0.0,0.0,0.0,0.0,0.0,0.0,0.0,0.0,0.0,0.0,0.0,26963.0,8.0,18072.0,24151.0,8.0,18080.0
19.43363841199607,0.0,0.0,0.0,0.0,0.0,0.0,0.0,0.0,0.0,0.0,0.0,0.0,0.0,26963.0,8.0,18072.0,24152.0,8.0,18086.0
19.467587314007687,0.0,0.0,0.0,0.0,0.0,0.0,0.0,0.0,0.0,0.0,0.0,0.0,0.0,26965.0,8.0,18112.0,24153.0,8.0,18120.0
19.59416528600559,0.0,0.0,0.0,0.0,0.0,0.0,0.0,0.0,0.0,0.0,0.0,0.0,0.0,26967.0,8.0,18151.0,24156.0,8.0,18169.0
19.594301503006136,0.0,0.0,0.0,0.0,0.0,0.0,0.0,0.0,0.0,0.0,0.0,0.0,0.0,26969.0,8.0,18192.0,24157.0,8.0,18200.0
19.5943740990042,0.0,0.0,0.0,0.0,0.0,0.0,0.0,0.0,0.0,0.0,0.0,0.0,0.0,26969.0,8.0,18192.0,24158.0,8.0,18206.0
19.594433190010022,0.0,0.0,0.0,0.0,0.0,0.0,0.0,0.0,0.0,0.0,0.0,0.0,0.0,26971.0,8.0,18231.0,24159.0,8.0,18240.0
19.599145692001912,0.0,0.0,0.0,0.0,0.0,0.0,0.0,0.0,0.0,0.0,0.0,0.0,0.0,26971.0,8.0,18231.0,24160.0,8.0,18246.0
19.628579973999877,0.0,0.0,0.0,0.0,0.0,0.0,0.0,0.0,0.0,0.0,0.0,0.0,0.0,26973.0,8.0,18272.0,24161.0,8.0,18280.0
19.633435195006314,0.0,0.0,0.0,0.0,0.0,0.0,0.0,0.0,0.0,0.0,0.0,0.0,0.0,26973.0,8.0,18272.0,24162.0,8.0,18286.0
19.667817923007533,0.0,0.0,0.0,0.0,0.0,0.0,0.0,0.0,0.0,0.0,0.0,0.0,0.0,26975.0,8.0,18312.0,24163.0,8.0,18320.0
19.67439780999848,0.0,0.0,0.0,0.0,0.0,0.0,0.0,0.0,0.0,0.0,0.0,0.0,0.0,26975.0,8.0,18312.0,24164.0,8.0,18326.0
19.805378631004714,0.0,0.0,0.0,0.0,0.0,0.0,0.0,0.0,0.0,0.0,0.0,0.0,0.0,26977.0,8.0,18352.0,24166.0,8.0,18370.0
19.805641315004323,0.0,0.0,0.0,0.0,0.0,0.0,0.0,0.0,0.0,0.0,0.0,0.0,0.0,26979.0,8.0,18392.0,24167.0,8.0,18400.0
19.80570727000304,0.0,0.0,0.0,0.0,0.0,0.0,0.0,0.0,0.0,0.0,0.0,0.0,0.0,26979.0,8.0,18392.0,24168.0,8.0,18406.0
19.805764386997907,0.0,0.0,0.0,0.0,0.0,0.0,0.0,0.0,0.0,0.0,0.0,0.0,0.0,26981.0,8.0,18431.0,24169.0,8.0,18440.0
19.827198327999213,0.0,0.0,0.0,0.0,0.0,0.0,0.0,0.0,0.0,0.0,0.0,0.0,0.0,26983.0,8.0,18472.0,24171.0,8.0,18480.0
19.834409474002314,0.0,0.0,0.0,0.0,0.0,0.0,0.0,0.0,0.0,0.0,0.0,0.0,0.0,26983.0,8.0,18472.0,24172.0,8.0,18486.0
19.868552721003653,0.0,0.0,0.0,0.0,0.0,0.0,0.0,0.0,0.0,0.0,0.0,0.0,0.0,26985.0,8.0,18512.0,24173.0,8.0,18520.0
19.88132641800621,0.0,0.0,0.0,0.0,0.0,0.0,0.0,0.0,0.0,0.0,0.0,0.0,0.0,26986.0,8.0,18533.0,24174.0,8.0,18533.0
19.908022265008185,0.0,0.0,0.0,0.0,0.0,0.0,0.0,0.0,0.0,0.0,0.0,0.0,0.0,26987.0,8.0,18552.0,24175.0,8.0,18560.0
20.31927803599683,0.0,0.0,0.0,0.0,0.0,0.0,0.0,0.0,0.0,0.0,0.0,0.0,0.0,27007.0,8.0,18952.0,24196.0,8.0,18970.0
20.348485262002214,0.0,0.0,0.0,0.0,0.0,0.0,0.0,0.0,0.0,0.0,0.0,0.0,0.0,27009.0,8.0,18992.0,24197.0,8.0,19000.0
20.353674241006956,0.0,0.0,0.0,0.0,0.0,0.0,0.0,0.0,0.0,0.0,0.0,0.0,0.0,27009.0,8.0,18992.0,24198.0,8.0,19006.0
20.38819723400229,0.0,0.0,0.0,0.0,0.0,0.0,0.0,0.0,0.0,0.0,0.0,0.0,0.0,27011.0,8.0,19032.0,24199.0,8.0,19040.0
20.393045671997243,0.0,0.0,0.0,0.0,0.0,0.0,0.0,0.0,0.0,0.0,0.0,0.0,0.0,27011.0,8.0,19032.0,24200.0,8.0,19046.0
20.83077264900203,0.0,0.0,0.0,0.0,0.0,0.0,0.0,0.0,0.0,0.0,0.0,0.0,0.0,27033.0,8.0,19472.0,24221.0,8.0,19480.0
20.833841426006984,0.0,0.0,0.0,0.0,0.0,0.0,0.0,0.0,0.0,0.0,0.0,0.0,0.0,27033.0,8.0,19472.0,24222.0,8.0,19485.0
20.868207755003823,0.0,0.0,0.0,0.0,0.0,0.0,0.0,0.0,0.0,0.0,0.0,0.0,0.0,27035.0,8.0,19511.0,24223.0,8.0,19520.0
20.88157710400992,0.0,0.0,0.0,0.0,0.0,0.0,0.0,0.0,0.0,0.0,0.0,0.0,0.0,27035.0,8.0,19511.0,24224.0,8.0,19533.0
20.908154128002934,0.0,0.0,0.0,0.0,0.0,0.0,0.0,0.0,0.0,0.0,0.0,0.0,0.0,27037.0,8.0,19552.0,24225.0,8.0,19560.0
20.917935903009493,0.0,0.0,0.0,0.0,0.0,0.0,0.0,0.0,0.0,0.0,0.0,0.0,0.0,27037.0,8.0,19552.0,24226.0,8.0,19570.0
21.350137821005774,0.0,0.0,0.0,0.0,0.0,0.0,0.0,0.0,0.0,0.0,0.0,0.0,0.0,27057.0,8.0,19952.0,24246.0,8.0,19969.0
21.350310006004293,0.0,0.0,0.0,0.0,0.0,0.0,0.0,0.0,0.0,0.0,0.0,0.0,0.0,27059.0,8.0,19992.0,24247.0,8.0,20000.0
21.355940556008136,0.0,0.0,0.0,0.0,0.0,0.0,0.0,0.0,0.0,0.0,0.0,0.0,0.0,27059.0,8.0,19992.0,24248.0,8.0,20006.0
21.391249770007562,0.0,0.0,0.0,0.0,0.0,0.0,0.0,0.0,0.0,0.0,0.0,0.0,0.0,27061.0,8.0,20031.0,24249.0,8.0,20040.0
21.394018582999706,0.0,0.0,0.0,0.0,0.0,0.0,0.0,0.0,0.0,0.0,0.0,0.0,0.0,27061.0,8.0,20031.0,24250.0,8.0,20046.0
21.42885532800574,0.0,0.0,0.0,0.0,0.0,0.0,0.0,0.0,0.0,0.0,0.0,0.0,0.0,27063.0,8.0,20072.0,24251.0,8.0,20080.0
21.435869742999785,0.0,0.0,0.0,0.0,0.0,0.0,0.0,0.0,0.0,0.0,0.0,0.0,0.0,27063.0,8.0,20072.0,24252.0,8.0,20086.0
21.8540594829974,0.0,0.0,0.0,0.0,0.0,0.0,0.0,0.0,0.0,0.0,0.0,0.0,0.0,27083.0,8.0,20472.0,24271.0,8.0,20480.0
21.854194778003148,0.0,0.0,0.0,0.0,0.0,0.0,0.0,0.0,0.0,0.0,0.0,0.0,0.0,27083.0,8.0,20472.0,24272.0,8.0,20486.0
21.869033644004958,0.0,0.0,0.0,0.0,0.0,0.0,0.0,0.0,0.0,0.0,0.0,0.0,0.0,27085.0,8.0,20512.0,24273.0,8.0,20516.0
21.88902585199685,0.0,0.0,0.0,0.0,0.0,0.0,0.0,0.0,0.0,0.0,0.0,0.0,0.0,27086.0,8.0,20532.0,24274.0,8.0,20540.0
21.91187765399809,0.0,0.0,0.0,0.0,0.0,0.0,0.0,0.0,0.0,0.0,0.0,0.0,0.0,27087.0,8.0,20552.0,24276.0,8.0,20564.0
22.363716204999946,0.0,0.0,0.0,0.0,0.0,0.0,0.0,0.0,0.0,0.0,0.0,0.0,0.0,27089.0,8.0,20591.0,24277.0,8.0,20600.0
22.363914729008684,0.0,0.0,0.0,0.0,0.0,0.0,0.0,0.0,0.0,0.0,0.0,0.0,0.0,27089.0,8.0,20591.0,24278.0,8.0,20605.0
22.36556226000539,0.0,0.0,0.0,0.0,0.0,0.0,0.0,0.0,0.0,0.0,0.0,0.0,0.0,27107.0,8.0,20951.0,24296.0,8.0,20970.0
22.365652841006522,0.0,0.0,0.0,0.0,0.0,0.0,0.0,0.0,0.0,0.0,0.0,0.0,0.0,27109.0,8.0,20992.0,24297.0,8.0,21000.0
22.365715459003695,0.0,0.0,0.0,0.0,0.0,0.0,0.0,0.0,0.0,0.0,0.0,0.0,0.0,27109.0,8.0,20992.0,24298.0,8.0,21006.0
22.38840793100826,0.0,0.0,0.0,0.0,0.0,0.0,0.0,0.0,0.0,0.0,0.0,0.0,0.0,27111.0,8.0,21032.0,24299.0,8.0,21040.0
22.39440899899637,0.0,0.0,0.0,0.0,0.0,0.0,0.0,0.0,0.0,0.0,0.0,0.0,0.0,27111.0,8.0,21032.0,24300.0,8.0,21046.0
22.428478379995795,0.0,0.0,0.0,0.0,0.0,0.0,0.0,0.0,0.0,0.0,0.0,0.0,0.0,27113.0,8.0,21072.0,24301.0,8.0,21080.0
22.43375898200611,0.0,0.0,0.0,0.0,0.0,0.0,0.0,0.0,0.0,0.0,0.0,0.0,0.0,27113.0,8.0,21072.0,24302.0,8.0,21086.0
22.871398923001834,0.0,0.0,0.0,0.0,0.0,0.0,0.0,0.0,0.0,0.0,0.0,0.0,0.0,27133.0,8.0,21472.0,24321.0,8.0,21481.0
22.87160186500114,0.0,0.0,0.0,0.0,0.0,0.0,0.0,0.0,0.0,0.0,0.0,0.0,0.0,27133.0,8.0,21472.0,24322.0,8.0,21487.0
22.87855581700569,0.0,0.0,0.0,0.0,0.0,0.0,0.0,0.0,0.0,0.0,0.0,0.0,0.0,27135.0,8.0,21511.0,24323.0,8.0,21520.0
22.87862897499872,0.0,0.0,0.0,0.0,0.0,0.0,0.0,0.0,0.0,0.0,0.0,0.0,0.0,27135.0,8.0,21511.0,24324.0,8.0,21525.0
22.91038622299675,0.0,0.0,0.0,0.0,0.0,0.0,0.0,0.0,0.0,0.0,0.0,0.0,0.0,27137.0,8.0,21552.0,24325.0,8.0,21560.0
22.926142878000974,0.0,0.0,0.0,0.0,0.0,0.0,0.0,0.0,0.0,0.0,0.0,0.0,0.0,27138.0,8.0,21572.0,24326.0,8.0,21577.0
22.934822869006894,0.0,0.0,0.0,0.0,0.0,0.0,0.0,0.0,0.0,0.0,0.0,0.0,0.0,27138.0,8.0,21572.0,24327.0,8.0,21585.0
22.970417201999226,0.0,0.0,0.0,0.0,0.0,0.0,0.0,0.0,0.0,0.0,0.0,0.0,0.0,27140.0,8.0,21611.0,24328.0,8.0,21620.0
23.38520587500534,0.0,0.0,0.0,0.0,0.0,0.0,0.0,0.0,0.0,0.0,0.0,0.0,0.0,27158.0,8.0,21972.0,24346.0,8.0,21980.0
23.385477896998054,0.0,0.0,0.0,0.0,0.0,0.0,0.0,0.0,0.0,0.0,0.0,0.0,0.0,27158.0,8.0,21972.0,24347.0,8.0,21986.0
23.38556219601014,0.0,0.0,0.0,0.0,0.0,0.0,0.0,0.0,0.0,0.0,0.0,0.0,0.0,27160.0,8.0,22012.0,24348.0,8.0,22020.0
23.385626326999045,0.0,0.0,0.0,0.0,0.0,0.0,0.0,0.0,0.0,0.0,0.0,0.0,0.0,27160.0,8.0,22012.0,24349.0,8.0,22026.0
23.407342842008802,0.0,0.0,0.0,0.0,0.0,0.0,0.0,0.0,0.0,0.0,0.0,0.0,0.0,27162.0,8.0,22052.0,24350.0,8.0,22060.0
23.418353272005334,0.0,0.0,0.0,0.0,0.0,0.0,0.0,0.0,0.0,0.0,0.0,0.0,0.0,27162.0,8.0,22052.0,24351.0,8.0,22070.0
23.448729982002988,0.0,0.0,0.0,0.0,0.0,0.0,0.0,0.0,0.0,0.0,0.0,0.0,0.0,27164.0,8.0,22092.0,24352.0,8.0,22100.0
23.45386046099884,0.0,0.0,0.0,0.0,0.0,0.0,0.0,0.0,0.0,0.0,0.0,0.0,0.0,27164.0,8.0,22092.0,24353.0,8.0,22106.0
23.895725701004267,0.0,0.0,0.0,0.0,0.0,0.0,0.0,0.0,0.0,0.0,0.0,0.0,0.0,27182.0,8.0,22452.0,24371.0,8.0,22469.0
23.89587553300953,0.0,0.0,0.0,0.0,0.0,0.0,0.0,0.0,0.0,0.0,0.0,0.0,0.0,27184.0,8.0,22492.0,24372.0,8.0,22500.0
23.895952487000613,0.0,0.0,0.0,0.0,0.0,0.0,0.0,0.0,0.0,0.0,0.0,0.0,0.0,27184.0,8.0,22492.0,24373.0,8.0,22506.0
23.91780831500364,0.0,0.0,0.0,0.0,0.0,0.0,0.0,0.0,0.0,0.0,0.0,0.0,0.0,27187.0,8.0,22552.0,24376.0,8.0,22570.0
23.952057927002897,0.0,0.0,0.0,0.0,0.0,0.0,0.0,0.0,0.0,0.0,0.0,0.0,0.0,27189.0,8.0,22592.0,24377.0,8.0,22600.0
23.953496415997506,0.0,0.0,0.0,0.0,0.0,0.0,0.0,0.0,0.0,0.0,0.0,0.0,0.0,27189.0,8.0,22592.0,24378.0,8.0,22606.0
23.988791235999088,0.0,0.0,0.0,0.0,0.0,0.0,0.0,0.0,0.0,0.0,0.0,0.0,0.0,27191.0,8.0,22631.0,24379.0,8.0,22640.0
24.427898157009622,0.0,0.0,0.0,0.0,0.0,0.0,0.0,0.0,0.0,0.0,0.0,0.0,0.0,27213.0,8.0,23072.0,24401.0,8.0,23080.0
24.443959466007072,0.0,0.0,0.0,0.0,0.0,0.0,0.0,0.0,0.0,0.0,0.0,0.0,0.0,27213.0,8.0,23072.0,24402.0,8.0,23086.0
24.468955967997317,0.0,0.0,0.0,0.0,0.0,0.0,0.0,0.0,0.0,0.0,0.0,0.0,0.0,27215.0,8.0,23112.0,24403.0,8.0,23120.0
24.474422700004652,0.0,0.0,0.0,0.0,0.0,0.0,0.0,0.0,0.0,0.0,0.0,0.0,0.0,27215.0,8.0,23112.0,24404.0,8.0,23126.0
24.928480349000893,0.0,0.0,0.0,0.0,0.0,0.0,0.0,0.0,0.0,0.0,0.0,0.0,0.0,27238.0,8.0,23572.0,24426.0,8.0,23580.0
24.946270643005846,0.0,0.0,0.0,0.0,0.0,0.0,0.0,0.0,0.0,0.0,0.0,0.0,0.0,27239.0,8.0,23592.0,24427.0,8.0,23597.0
24.950825367996003,0.0,0.0,0.0,0.0,0.0,0.0,0.0,0.0,0.0,0.0,0.0,0.0,0.0,27239.0,8.0,23592.0,24428.0,8.0,23603.0
24.98804175799887,0.0,0.0,0.0,0.0,0.0,0.0,0.0,0.0,0.0,0.0,0.0,0.0,0.0,27241.0,8.0,23632.0,24429.0,8.0,23640.0
24.99447027100541,0.0,0.0,0.0,0.0,0.0,0.0,0.0,0.0,0.0,0.0,0.0,0.0,0.0,27241.0,8.0,23632.0,24430.0,8.0,23646.0
25.03260061200126,0.0,0.0,0.0,0.0,0.0,0.0,0.0,0.0,0.0,0.0,0.0,0.0,0.0,27243.0,8.0,23672.0,24431.0,8.0,23680.0
25.03749287300161,0.0,0.0,0.0,0.0,0.0,0.0,0.0,0.0,0.0,0.0,0.0,0.0,0.0,27243.0,8.0,23672.0,24432.0,8.0,23686.0
25.068652579007903,0.0,0.0,0.0,0.0,0.0,0.0,0.0,0.0,0.0,0.0,0.0,0.0,0.0,27245.0,8.0,23711.0,24433.0,8.0,23720.0
25.076996237999992,0.0,0.0,0.0,0.0,0.0,0.0,0.0,0.0,0.0,0.0,0.0,0.0,0.0,27245.0,8.0,23711.0,24434.0,8.0,23726.0
25.10835745400982,0.0,0.0,0.0,0.0,0.0,0.0,0.0,0.0,0.0,0.0,0.0,0.0,0.0,27247.0,8.0,23752.0,24435.0,8.0,23760.0
25.120447075998527,0.0,0.0,0.0,0.0,0.0,0.0,0.0,0.0,0.0,0.0,0.0,0.0,0.0,27247.0,8.0,23752.0,24436.0,8.0,23770.0
25.14740490099939,0.0,0.0,0.0,0.0,0.0,0.0,0.0,0.0,0.0,0.0,0.0,0.0,0.0,27249.0,8.0,23792.0,24437.0,8.0,23800.0
25.15475599099591,0.0,0.0,0.0,0.0,0.0,0.0,0.0,0.0,0.0,0.0,0.0,0.0,0.0,27249.0,8.0,23792.0,24438.0,8.0,23806.0
25.237395532007213,0.0,0.0,0.0,0.0,0.0,0.0,0.0,0.0,0.0,0.0,0.0,0.0,0.0,27253.0,8.0,23872.0,24441.0,8.0,23880.0
25.237846882009762,0.0,0.0,0.0,0.0,0.0,0.0,0.0,0.0,0.0,0.0,0.0,0.0,0.0,27253.0,8.0,23872.0,24442.0,8.0,23886.0
25.279709419002756,0.0,0.0,0.0,0.0,0.0,0.0,0.0,0.0,0.0,0.0,0.0,0.0,0.0,27255.0,8.0,23912.0,24443.0,8.0,23920.0
25.280020445003174,0.0,0.0,0.0,0.0,0.0,0.0,0.0,0.0,0.0,0.0,0.0,0.0,0.0,27255.0,8.0,23912.0,24444.0,8.0,23925.0
25.308367094999994,0.0,0.0,0.0,0.0,0.0,0.0,0.0,0.0,0.0,0.0,0.0,0.0,0.0,27257.0,8.0,23952.0,24445.0,8.0,23960.0
25.317376086008153,0.0,0.0,0.0,0.0,0.0,0.0,0.0,0.0,0.0,0.0,0.0,0.0,0.0,27257.0,8.0,23952.0,24446.0,8.0,23970.0
25.349601159003214,0.0,0.0,0.0,0.0,0.0,0.0,0.0,0.0,0.0,0.0,0.0,0.0,0.0,27259.0,8.0,23992.0,24447.0,8.0,24000.0
25.353199803997995,0.0,0.0,0.0,0.0,0.0,0.0,0.0,0.0,0.0,0.0,0.0,0.0,0.0,27259.0,8.0,23992.0,24448.0,8.0,24006.0
25.389869955004542,0.0,0.0,0.0,0.0,0.0,0.0,0.0,0.0,0.0,0.0,0.0,0.0,0.0,27261.0,8.0,24032.0,24449.0,8.0,24040.0
25.51756568600831,0.0,0.0,0.0,0.0,0.0,0.0,0.0,0.0,0.0,0.0,0.0,0.0,0.0,27263.0,8.0,24072.0,24451.0,8.0,24080.0
25.517681294004433,0.0,0.0,0.0,0.0,0.0,0.0,0.0,0.0,0.0,0.0,0.0,0.0,0.0,27263.0,8.0,24072.0,24452.0,8.0,24086.0
25.517758879999747,0.0,0.0,0.0,0.0,0.0,0.0,0.0,0.0,0.0,0.0,0.0,0.0,0.0,27265.0,8.0,24112.0,24453.0,8.0,24120.0
25.51782405200356,0.0,0.0,0.0,0.0,0.0,0.0,0.0,0.0,0.0,0.0,0.0,0.0,0.0,27265.0,8.0,24112.0,24454.0,8.0,24126.0
25.517927456996404,0.0,0.0,0.0,0.0,0.0,0.0,0.0,0.0,0.0,0.0,0.0,0.0,0.0,27267.0,8.0,24152.0,24455.0,8.0,24160.0
25.51816132699605,0.0,0.0,0.0,0.0,0.0,0.0,0.0,0.0,0.0,0.0,0.0,0.0,0.0,27267.0,8.0,24152.0,24456.0,8.0,24170.0
25.550207923995913,0.0,0.0,0.0,0.0,0.0,0.0,0.0,0.0,0.0,0.0,0.0,0.0,0.0,27269.0,8.0,24192.0,24457.0,8.0,24200.0
25.55360937801015,0.0,0.0,0.0,0.0,0.0,0.0,0.0,0.0,0.0,0.0,0.0,0.0,0.0,27269.0,8.0,24192.0,24458.0,8.0,24206.0
25.588515727999038,0.0,0.0,0.0,0.0,0.0,0.0,0.0,0.0,0.0,0.0,0.0,0.0,0.0,27271.0,8.0,24231.0,24459.0,8.0,24240.0
25.59472346599796,0.0,0.0,0.0,0.0,0.0,0.0,0.0,0.0,0.0,0.0,0.0,0.0,0.0,27271.0,8.0,24231.0,24460.0,8.0,24245.0
25.72080852399813,0.0,0.0,0.0,0.0,0.0,0.0,0.0,0.0,0.0,0.0,0.0,0.0,0.0,27277.0,8.0,24352.0,24466.0,8.0,24370.0
25.748385906001204,0.0,0.0,0.0,0.0,0.0,0.0,0.0,0.0,0.0,0.0,0.0,0.0,0.0,27279.0,8.0,24392.0,24467.0,8.0,24400.0
25.75690671800112,0.0,0.0,0.0,0.0,0.0,0.0,0.0,0.0,0.0,0.0,0.0,0.0,0.0,27279.0,8.0,24392.0,24468.0,8.0,24406.0
25.7886100080068,0.0,0.0,0.0,0.0,0.0,0.0,0.0,0.0,0.0,0.0,0.0,0.0,0.0,27281.0,8.0,24431.0,24469.0,8.0,24440.0
25.793189560004976,0.0,0.0,0.0,0.0,0.0,0.0,0.0,0.0,0.0,0.0,0.0,0.0,0.0,27281.0,8.0,24431.0,24470.0,8.0,24446.0
25.938035551007488,0.0,0.0,0.0,0.0,0.0,0.0,0.0,0.0,0.0,0.0,0.0,0.0,0.0,27287.0,8.0,24552.0,24476.0,8.0,24569.0
25.94761131000996,0.0,0.0,0.0,0.0,0.0,0.0,0.0,0.0,0.0,0.0,0.0,0.0,0.0,27289.0,8.0,24592.0,24477.0,8.0,24600.0
25.96192341700953,0.0,0.0,0.0,0.0,0.0,0.0,0.0,0.0,0.0,0.0,0.0,0.0,0.0,27289.0,8.0,24592.0,24478.0,8.0,24611.0
25.987966340006096,0.0,0.0,0.0,0.0,0.0,0.0,0.0,0.0,0.0,0.0,0.0,0.0,0.0,27291.0,8.0,24632.0,24479.0,8.0,24640.0
25.995929964003153,0.0,0.0,0.0,0.0,0.0,0.0,0.0,0.0,0.0,0.0,0.0,0.0,0.0,27291.0,8.0,24632.0,24480.0,8.0,24646.0
26.028860304999398,0.0,0.0,0.0,0.0,0.0,0.0,0.0,0.0,0.0,0.0,0.0,0.0,0.0,27293.0,8.0,24672.0,24481.0,8.0,24680.0
26.03372364200186,0.0,0.0,0.0,0.0,0.0,0.0,0.0,0.0,0.0,0.0,0.0,0.0,0.0,27293.0,8.0,24672.0,24482.0,8.0,24686.0
26.18034074200841,0.0,0.0,0.0,0.0,0.0,0.0,0.0,0.0,0.0,0.0,0.0,0.0,0.0,27297.0,8.0,24752.0,24486.0,8.0,24770.0
26.180463402008172,0.0,0.0,0.0,0.0,0.0,0.0,0.0,0.0,0.0,0.0,0.0,0.0,0.0,27299.0,8.0,24792.0,24487.0,8.0,24800.0
26.180532812999445,0.0,0.0,0.0,0.0,0.0,0.0,0.0,0.0,0.0,0.0,0.0,0.0,0.0,27299.0,8.0,24792.0,24488.0,8.0,24806.0
26.20105885900557,0.0,0.0,0.0,0.0,0.0,0.0,0.0,0.0,0.0,0.0,0.0,0.0,0.0,27301.0,8.0,24831.0,24489.0,8.0,24840.0
26.229206215008162,0.0,0.0,0.0,0.0,0.0,0.0,0.0,0.0,0.0,0.0,0.0,0.0,0.0,27303.0,8.0,24872.0,24491.0,8.0,24880.0
26.23558043599769,0.0,0.0,0.0,0.0,0.0,0.0,0.0,0.0,0.0,0.0,0.0,0.0,0.0,27303.0,8.0,24872.0,24492.0,8.0,24886.0
26.37769076100085,0.0,0.0,0.0,0.0,0.0,0.0,0.0,0.0,0.0,0.0,0.0,0.0,0.0,27305.0,8.0,24912.0,24493.0,8.0,24920.0
26.3778274780052,0.0,0.0,0.0,0.0,0.0,0.0,0.0,0.0,0.0,0.0,0.0,0.0,0.0,27305.0,8.0,24912.0,24494.0,8.0,24925.0
26.377990574997966,0.0,0.0,0.0,0.0,0.0,0.0,0.0,0.0,0.0,0.0,0.0,0.0,0.0,27307.0,8.0,24952.0,24495.0,8.0,24960.0
26.378241266997065,0.0,0.0,0.0,0.0,0.0,0.0,0.0,0.0,0.0,0.0,0.0,0.0,0.0,27307.0,8.0,24952.0,24496.0,8.0,24970.0
26.378313303008326,0.0,0.0,0.0,0.0,0.0,0.0,0.0,0.0,0.0,0.0,0.0,0.0,0.0,27309.0,8.0,24992.0,24497.0,8.0,25000.0
26.378376191001735,0.0,0.0,0.0,0.0,0.0,0.0,0.0,0.0,0.0,0.0,0.0,0.0,0.0,27309.0,8.0,24992.0,24498.0,8.0,25006.0
26.387127128007705,0.0,0.0,0.0,0.0,0.0,0.0,0.0,0.0,0.0,0.0,0.0,0.0,0.0,27311.0,8.0,25031.0,24499.0,8.0,25040.0
26.3935780430038,0.0,0.0,0.0,0.0,0.0,0.0,0.0,0.0,0.0,0.0,0.0,0.0,0.0,27311.0,8.0,25031.0,24500.0,8.0,25046.0
26.428406238002935,0.0,0.0,0.0,0.0,0.0,0.0,0.0,0.0,0.0,0.0,0.0,0.0,0.0,27313.0,8.0,25072.0,24501.0,8.0,25080.0
26.43368182099948,0.0,0.0,0.0,0.0,0.0,0.0,0.0,0.0,0.0,0.0,0.0,0.0,0.0,27313.0,8.0,25072.0,24502.0,8.0,25086.0
26.46802061299968,0.0,0.0,0.0,0.0,0.0,0.0,0.0,0.0,0.0,0.0,0.0,0.0,0.0,27315.0,8.0,25111.0,24503.0,8.0,25120.0
26.47786207300669,0.0,0.0,0.0,0.0,0.0,0.0,0.0,0.0,0.0,0.0,0.0,0.0,0.0,27315.0,8.0,25111.0,24504.0,8.0,25126.0
26.59530265899957,0.0,0.0,0.0,0.0,0.0,0.0,0.0,0.0,0.0,0.0,0.0,0.0,0.0,27317.0,8.0,25152.0,24505.0,8.0,25160.0
26.59540542300965,0.0,0.0,0.0,0.0,0.0,0.0,0.0,0.0,0.0,0.0,0.0,0.0,0.0,27317.0,8.0,25152.0,24506.0,8.0,25170.0
26.595474101995933,0.0,0.0,0.0,0.0,0.0,0.0,0.0,0.0,0.0,0.0,0.0,0.0,0.0,27319.0,8.0,25192.0,24507.0,8.0,25200.0
26.595536459004506,0.0,0.0,0.0,0.0,0.0,0.0,0.0,0.0,0.0,0.0,0.0,0.0,0.0,27319.0,8.0,25192.0,24508.0,8.0,25206.0
26.595592846002546,0.0,0.0,0.0,0.0,0.0,0.0,0.0,0.0,0.0,0.0,0.0,0.0,0.0,27321.0,8.0,25231.0,24509.0,8.0,25240.0
26.59565096499864,0.0,0.0,0.0,0.0,0.0,0.0,0.0,0.0,0.0,0.0,0.0,0.0,0.0,27321.0,8.0,25231.0,24510.0,8.0,25246.0
26.74252678200719,0.0,0.0,0.0,0.0,0.0,0.0,0.0,0.0,0.0,0.0,0.0,0.0,0.0,27327.0,8.0,25352.0,24516.0,8.0,25370.0
26.765985821009963,0.0,0.0,0.0,0.0,0.0,0.0,0.0,0.0,0.0,0.0,0.0,0.0,0.0,27329.0,8.0,25392.0,24517.0,8.0,25400.0
26.766089374999865,0.0,0.0,0.0,0.0,0.0,0.0,0.0,0.0,0.0,0.0,0.0,0.0,0.0,27329.0,8.0,25392.0,24518.0,8.0,25406.0
26.8303401459998,0.0,0.0,0.0,0.0,0.0,0.0,0.0,0.0,0.0,0.0,0.0,0.0,0.0,27333.0,8.0,25472.0,24521.0,8.0,25480.0
26.833310499001527,0.0,0.0,0.0,0.0,0.0,0.0,0.0,0.0,0.0,0.0,0.0,0.0,0.0,27333.0,8.0,25472.0,24522.0,8.0,25486.0
26.87010913300037,0.0,0.0,0.0,0.0,0.0,0.0,0.0,0.0,0.0,0.0,0.0,0.0,0.0,27335.0,8.0,25511.0,24523.0,8.0,25520.0
26.872589824008173,0.0,0.0,0.0,0.0,0.0,0.0,0.0,0.0,0.0,0.0,0.0,0.0,0.0,27335.0,8.0,25511.0,24524.0,8.0,25526.0
26.907994332999806,0.0,0.0,0.0,0.0,0.0,0.0,0.0,0.0,0.0,0.0,0.0,0.0,0.0,27337.0,8.0,25552.0,24525.0,8.0,25560.0
26.921230785010266,0.0,0.0,0.0,0.0,0.0,0.0,0.0,0.0,0.0,0.0,0.0,0.0,0.0,27337.0,8.0,25552.0,24526.0,8.0,25570.0
27.038368292996893,0.0,0.0,0.0,0.0,0.0,0.0,0.0,0.0,0.0,0.0,0.0,0.0,0.0,27339.0,8.0,25592.0,24527.0,8.0,25600.0
27.054599353999947,0.0,0.0,0.0,0.0,0.0,0.0,0.0,0.0,0.0,0.0,0.0,0.0,0.0,27344.0,8.0,25692.0,24528.0,8.0,25706.0
27.087488157005282,0.0,0.0,0.0,0.0,0.0,0.0,0.0,0.0,0.0,0.0,0.0,0.0,0.0,27346.0,8.0,25731.0,24529.0,8.0,25740.0
27.092792174007627,0.0,0.0,0.0,0.0,0.0,0.0,0.0,0.0,0.0,0.0,0.0,0.0,0.0,27346.0,8.0,25731.0,24530.0,8.0,25745.0
27.12853652400372,0.0,0.0,0.0,0.0,0.0,0.0,0.0,0.0,0.0,0.0,0.0,0.0,0.0,27348.0,8.0,25772.0,24531.0,8.0,25780.0
27.135040109002148,0.0,0.0,0.0,0.0,0.0,0.0,0.0,0.0,0.0,0.0,0.0,0.0,0.0,27348.0,8.0,25772.0,24532.0,8.0,25787.0
27.25618851100444,0.0,0.0,0.0,0.0,0.0,0.0,0.0,0.0,0.0,0.0,0.0,0.0,0.0,27354.0,8.0,25892.0,24536.0,8.0,25900.0
27.256306333001703,0.0,0.0,0.0,0.0,0.0,0.0,0.0,0.0,0.0,0.0,0.0,0.0,0.0,27354.0,8.0,25892.0,24537.0,8.0,25906.0
27.30808163600159,0.0,0.0,0.0,0.0,0.0,0.0,0.0,0.0,0.0,0.0,0.0,0.0,0.0,27356.0,8.0,25931.0,24538.0,8.0,25940.0
27.308272315000067,0.0,0.0,0.0,0.0,0.0,0.0,0.0,0.0,0.0,0.0,0.0,0.0,0.0,27356.0,8.0,25931.0,24539.0,8.0,25946.0
27.33884050999768,0.0,0.0,0.0,0.0,0.0,0.0,0.0,0.0,0.0,0.0,0.0,0.0,0.0,27358.0,8.0,25971.0,24541.0,8.0,25989.0
27.47763414400106,0.0,0.0,0.0,0.0,0.0,0.0,0.0,0.0,0.0,0.0,0.0,0.0,0.0,27364.0,8.0,26092.0,24546.0,8.0,26100.0
27.477772915008245,0.0,0.0,0.0,0.0,0.0,0.0,0.0,0.0,0.0,0.0,0.0,0.0,0.0,27364.0,8.0,26092.0,24547.0,8.0,26106.0
27.488697014006902,0.0,0.0,0.0,0.0,0.0,0.0,0.0,0.0,0.0,0.0,0.0,0.0,0.0,27366.0,8.0,26131.0,24548.0,8.0,26140.0
27.495210548004252,0.0,0.0,0.0,0.0,0.0,0.0,0.0,0.0,0.0,0.0,0.0,0.0,0.0,27366.0,8.0,26131.0,24549.0,8.0,26146.0
27.528357778006466,0.0,0.0,0.0,0.0,0.0,0.0,0.0,0.0,0.0,0.0,0.0,0.0,0.0,27368.0,8.0,26171.0,24550.0,8.0,26180.0
27.538679402001435,0.0,0.0,0.0,0.0,0.0,0.0,0.0,0.0,0.0,0.0,0.0,0.0,0.0,27368.0,8.0,26171.0,24551.0,8.0,26190.0
27.568312354997033,0.0,0.0,0.0,0.0,0.0,0.0,0.0,0.0,0.0,0.0,0.0,0.0,0.0,27370.0,8.0,26212.0,24552.0,8.0,26220.0
27.574642153005698,0.0,0.0,0.0,0.0,0.0,0.0,0.0,0.0,0.0,0.0,0.0,0.0,0.0,27370.0,8.0,26212.0,24553.0,8.0,26226.0
27.697528827004135,0.0,0.0,0.0,0.0,0.0,0.0,0.0,0.0,0.0,0.0,0.0,0.0,0.0,27374.0,8.0,26292.0,24556.0,8.0,26300.0
27.69768779700098,0.0,0.0,0.0,0.0,0.0,0.0,0.0,0.0,0.0,0.0,0.0,0.0,0.0,27374.0,8.0,26292.0,24557.0,8.0,26306.0
27.697753781001666,0.0,0.0,0.0,0.0,0.0,0.0,0.0,0.0,0.0,0.0,0.0,0.0,0.0,27376.0,8.0,26331.0,24558.0,8.0,26340.0
27.69781373400474,0.0,0.0,0.0,0.0,0.0,0.0,0.0,0.0,0.0,0.0,0.0,0.0,0.0,27376.0,8.0,26331.0,24559.0,8.0,26346.0
27.72815435999655,0.0,0.0,0.0,0.0,0.0,0.0,0.0,0.0,0.0,0.0,0.0,0.0,0.0,27378.0,8.0,26371.0,24560.0,8.0,26380.0
27.738461296001333,0.0,0.0,0.0,0.0,0.0,0.0,0.0,0.0,0.0,0.0,0.0,0.0,0.0,27378.0,8.0,26371.0,24561.0,8.0,26389.0
27.769433520996245,0.0,0.0,0.0,0.0,0.0,0.0,0.0,0.0,0.0,0.0,0.0,0.0,0.0,27380.0,8.0,26412.0,24562.0,8.0,26420.0
27.775200108997524,0.0,0.0,0.0,0.0,0.0,0.0,0.0,0.0,0.0,0.0,0.0,0.0,0.0,27380.0,8.0,26412.0,24563.0,8.0,26426.0
27.92499678999593,0.0,0.0,0.0,0.0,0.0,0.0,0.0,0.0,0.0,0.0,0.0,0.0,0.0,27384.0,8.0,26492.0,24566.0,8.0,26500.0
27.92512212600559,0.0,0.0,0.0,0.0,0.0,0.0,0.0,0.0,0.0,0.0,0.0,0.0,0.0,27384.0,8.0,26492.0,24567.0,8.0,26506.0
27.925189603003673,0.0,0.0,0.0,0.0,0.0,0.0,0.0,0.0,0.0,0.0,0.0,0.0,0.0,27386.0,8.0,26531.0,24568.0,8.0,26540.0
27.925248744009878,0.0,0.0,0.0,0.0,0.0,0.0,0.0,0.0,0.0,0.0,0.0,0.0,0.0,27386.0,8.0,26531.0,24569.0,8.0,26545.0
27.927956772997277,0.0,0.0,0.0,0.0,0.0,0.0,0.0,0.0,0.0,0.0,0.0,0.0,0.0,27388.0,8.0,26571.0,24570.0,8.0,26580.0
27.93708309599606,0.0,0.0,0.0,0.0,0.0,0.0,0.0,0.0,0.0,0.0,0.0,0.0,0.0,27388.0,8.0,26571.0,24571.0,8.0,26590.0
27.967308285005856,0.0,0.0,0.0,0.0,0.0,0.0,0.0,0.0,0.0,0.0,0.0,0.0,0.0,27390.0,8.0,26612.0,24572.0,8.0,26620.0
27.98224793400732,0.0,0.0,0.0,0.0,0.0,0.0,0.0,0.0,0.0,0.0,0.0,0.0,0.0,27391.0,8.0,26632.0,24573.0,8.0,26633.0
28.009358188995975,0.0,0.0,0.0,0.0,0.0,0.0,0.0,0.0,0.0,0.0,0.0,0.0,0.0,27392.0,8.0,26652.0,24574.0,8.0,26660.0
28.01314678300696,0.0,0.0,0.0,0.0,0.0,0.0,0.0,0.0,0.0,0.0,0.0,0.0,0.0,27392.0,8.0,26652.0,24575.0,8.0,26666.0
28.138818585008266,0.0,0.0,0.0,0.0,0.0,0.0,0.0,0.0,0.0,0.0,0.0,0.0,0.0,27398.0,8.0,26771.0,24581.0,8.0,26790.0
28.16933381999843,0.0,0.0,0.0,0.0,0.0,0.0,0.0,0.0,0.0,0.0,0.0,0.0,0.0,27400.0,8.0,26812.0,24582.0,8.0,26820.0
28.17432886500319,0.0,0.0,0.0,0.0,0.0,0.0,0.0,0.0,0.0,0.0,0.0,0.0,0.0,27400.0,8.0,26812.0,24583.0,8.0,26826.0
28.21265553899866,0.0,0.0,0.0,0.0,0.0,0.0,0.0,0.0,0.0,0.0,0.0,0.0,0.0,27402.0,8.0,26852.0,24584.0,8.0,26860.0
28.357969093005522,0.0,0.0,0.0,0.0,0.0,0.0,0.0,0.0,0.0,0.0,0.0,0.0,0.0,27408.0,8.0,26972.0,24591.0,8.0,26990.0
28.36824343900662,0.0,0.0,0.0,0.0,0.0,0.0,0.0,0.0,0.0,0.0,0.0,0.0,0.0,27410.0,8.0,27012.0,24592.0,8.0,27020.0
28.37329287600005,0.0,0.0,0.0,0.0,0.0,0.0,0.0,0.0,0.0,0.0,0.0,0.0,0.0,27410.0,8.0,27012.0,24593.0,8.0,27026.0
28.40792995299853,0.0,0.0,0.0,0.0,0.0,0.0,0.0,0.0,0.0,0.0,0.0,0.0,0.0,27412.0,8.0,27052.0,24594.0,8.0,27060.0
28.416768344002776,0.0,0.0,0.0,0.0,0.0,0.0,0.0,0.0,0.0,0.0,0.0,0.0,0.0,27412.0,8.0,27052.0,24595.0,8.0,27066.0
28.448830502005876,0.0,0.0,0.0,0.0,0.0,0.0,0.0,0.0,0.0,0.0,0.0,0.0,0.0,27414.0,8.0,27092.0,24596.0,8.0,27100.0
28.455511872001807,0.0,0.0,0.0,0.0,0.0,0.0,0.0,0.0,0.0,0.0,0.0,0.0,0.0,27414.0,8.0,27092.0,24597.0,8.0,27106.0
28.51057089099777,0.0,0.0,0.0,0.0,0.0,0.0,0.0,0.0,0.0,0.0,0.0,0.0,0.0,27416.0,8.0,27131.0,24598.0,8.0,27140.0
28.510672773001716,0.0,0.0,0.0,0.0,0.0,0.0,0.0,0.0,0.0,0.0,0.0,0.0,0.0,27416.0,8.0,27131.0,24599.0,8.0,27146.0
28.578906927999924,0.0,0.0,0.0,0.0,0.0,0.0,0.0,0.0,0.0,0.0,0.0,0.0,0.0,27418.0,8.0,27171.0,24601.0,8.0,27190.0
28.57900326899835,0.0,0.0,0.0,0.0,0.0,0.0,0.0,0.0,0.0,0.0,0.0,0.0,0.0,27420.0,8.0,27212.0,24602.0,8.0,27220.0
28.579071608008235,0.0,0.0,0.0,0.0,0.0,0.0,0.0,0.0,0.0,0.0,0.0,0.0,0.0,27420.0,8.0,27212.0,24603.0,8.0,27226.0
28.6103195730102,0.0,0.0,0.0,0.0,0.0,0.0,0.0,0.0,0.0,0.0,0.0,0.0,0.0,27422.0,8.0,27252.0,24604.0,8.0,27260.0
28.648110258000088,0.0,0.0,0.0,0.0,0.0,0.0,0.0,0.0,0.0,0.0,0.0,0.0,0.0,27424.0,8.0,27292.0,24606.0,8.0,27300.0
28.65307852200931,0.0,0.0,0.0,0.0,0.0,0.0,0.0,0.0,0.0,0.0,0.0,0.0,0.0,27424.0,8.0,27292.0,24607.0,8.0,27306.0
28.727599033009028,0.0,0.0,0.0,0.0,0.0,0.0,0.0,0.0,0.0,0.0,0.0,0.0,0.0,27426.0,8.0,27331.0,24608.0,8.0,27340.0
28.727709380997112,0.0,0.0,0.0,0.0,0.0,0.0,0.0,0.0,0.0,0.0,0.0,0.0,0.0,27426.0,8.0,27331.0,24609.0,8.0,27346.0
28.79867171299702,0.0,0.0,0.0,0.0,0.0,0.0,0.0,0.0,0.0,0.0,0.0,0.0,0.0,27428.0,8.0,27371.0,24610.0,8.0,27380.0
28.798769397006254,0.0,0.0,0.0,0.0,0.0,0.0,0.0,0.0,0.0,0.0,0.0,0.0,0.0,27428.0,8.0,27371.0,24611.0,8.0,27389.0
28.798834039000212,0.0,0.0,0.0,0.0,0.0,0.0,0.0,0.0,0.0,0.0,0.0,0.0,0.0,27430.0,8.0,27412.0,24612.0,8.0,27420.0
28.798892038001213,0.0,0.0,0.0,0.0,0.0,0.0,0.0,0.0,0.0,0.0,0.0,0.0,0.0,27430.0,8.0,27412.0,24613.0,8.0,27426.0
28.808802908999496,0.0,0.0,0.0,0.0,0.0,0.0,0.0,0.0,0.0,0.0,0.0,0.0,0.0,27432.0,8.0,27452.0,24614.0,8.0,27460.0
28.816818050006987,0.0,0.0,0.0,0.0,0.0,0.0,0.0,0.0,0.0,0.0,0.0,0.0,0.0,27432.0,8.0,27452.0,24615.0,8.0,27465.0
28.849336518003838,0.0,0.0,0.0,0.0,0.0,0.0,0.0,0.0,0.0,0.0,0.0,0.0,0.0,27434.0,8.0,27491.0,24616.0,8.0,27500.0
28.853947630006587,0.0,0.0,0.0,0.0,0.0,0.0,0.0,0.0,0.0,0.0,0.0,0.0,0.0,27434.0,8.0,27491.0,24617.0,8.0,27506.0
28.888299348996952,0.0,0.0,0.0,0.0,0.0,0.0,0.0,0.0,0.0,0.0,0.0,0.0,0.0,27436.0,8.0,27532.0,24618.0,8.0,27540.0
28.894586797003285,0.0,0.0,0.0,0.0,0.0,0.0,0.0,0.0,0.0,0.0,0.0,0.0,0.0,27436.0,8.0,27532.0,24619.0,8.0,27546.0
29.01274329100852,0.0,0.0,0.0,0.0,0.0,0.0,0.0,0.0,0.0,0.0,0.0,0.0,0.0,27438.0,8.0,27571.0,24621.0,8.0,27590.0
29.012883706003777,0.0,0.0,0.0,0.0,0.0,0.0,0.0,0.0,0.0,0.0,0.0,0.0,0.0,27440.0,8.0,27612.0,24622.0,8.0,27620.0
29.032735373999458,0.0,0.0,0.0,0.0,0.0,0.0,0.0,0.0,0.0,0.0,0.0,0.0,0.0,27443.0,8.0,27671.0,24623.0,8.0,27679.0
29.03551389600034,0.0,0.0,0.0,0.0,0.0,0.0,0.0,0.0,0.0,0.0,0.0,0.0,0.0,27443.0,8.0,27671.0,24624.0,8.0,27684.0
29.0705362890003,0.0,0.0,0.0,0.0,0.0,0.0,0.0,0.0,0.0,0.0,0.0,0.0,0.0,27445.0,8.0,27712.0,24625.0,8.0,27720.0
29.078407540000626,0.0,0.0,0.0,0.0,0.0,0.0,0.0,0.0,0.0,0.0,0.0,0.0,0.0,27445.0,8.0,27712.0,24626.0,8.0,27730.0
29.107636765009374,0.0,0.0,0.0,0.0,0.0,0.0,0.0,0.0,0.0,0.0,0.0,0.0,0.0,27447.0,8.0,27752.0,24627.0,8.0,27760.0
29.116543295007432,0.0,0.0,0.0,0.0,0.0,0.0,0.0,0.0,0.0,0.0,0.0,0.0,0.0,27447.0,8.0,27752.0,24628.0,8.0,27766.0
29.238520995000727,0.0,0.0,0.0,0.0,0.0,0.0,0.0,0.0,0.0,0.0,0.0,0.0,0.0,27451.0,8.0,27832.0,24631.0,8.0,27840.0
29.238633116008714,0.0,0.0,0.0,0.0,0.0,0.0,0.0,0.0,0.0,0.0,0.0,0.0,0.0,27451.0,8.0,27832.0,24632.0,8.0,27846.0
29.238697808003053,0.0,0.0,0.0,0.0,0.0,0.0,0.0,0.0,0.0,0.0,0.0,0.0,0.0,27453.0,8.0,27872.0,24633.0,8.0,27880.0
29.238756247999845,0.0,0.0,0.0,0.0,0.0,0.0,0.0,0.0,0.0,0.0,0.0,0.0,0.0,27453.0,8.0,27872.0,24634.0,8.0,27886.0
29.26703907099727,0.0,0.0,0.0,0.0,0.0,0.0,0.0,0.0,0.0,0.0,0.0,0.0,0.0,27455.0,8.0,27912.0,24635.0,8.0,27920.0
29.278788153998903,0.0,0.0,0.0,0.0,0.0,0.0,0.0,0.0,0.0,0.0,0.0,0.0,0.0,27455.0,8.0,27912.0,24636.0,8.0,27930.0
29.308365274002426,0.0,0.0,0.0,0.0,0.0,0.0,0.0,0.0,0.0,0.0,0.0,0.0,0.0,27457.0,8.0,27952.0,24637.0,8.0,27960.0
29.314312873000745,0.0,0.0,0.0,0.0,0.0,0.0,0.0,0.0,0.0,0.0,0.0,0.0,0.0,27457.0,8.0,27952.0,24638.0,8.0,27966.0
29.45830758899683,0.0,0.0,0.0,0.0,0.0,0.0,0.0,0.0,0.0,0.0,0.0,0.0,0.0,27461.0,8.0,28032.0,24641.0,8.0,28040.0
29.45841246600321,0.0,0.0,0.0,0.0,0.0,0.0,0.0,0.0,0.0,0.0,0.0,0.0,0.0,27461.0,8.0,28032.0,24642.0,8.0,28046.0
29.458477038002457,0.0,0.0,0.0,0.0,0.0,0.0,0.0,0.0,0.0,0.0,0.0,0.0,0.0,27463.0,8.0,28071.0,24643.0,8.0,28080.0
29.458537361002527,0.0,0.0,0.0,0.0,0.0,0.0,0.0,0.0,0.0,0.0,0.0,0.0,0.0,27463.0,8.0,28071.0,24644.0,8.0,28086.0
29.46655192199978,0.0,0.0,0.0,0.0,0.0,0.0,0.0,0.0,0.0,0.0,0.0,0.0,0.0,27465.0,8.0,28112.0,24645.0,8.0,28120.0
29.479661776000285,0.0,0.0,0.0,0.0,0.0,0.0,0.0,0.0,0.0,0.0,0.0,0.0,0.0,27465.0,8.0,28112.0,24646.0,8.0,28130.0
29.508111884002574,0.0,0.0,0.0,0.0,0.0,0.0,0.0,0.0,0.0,0.0,0.0,0.0,0.0,27467.0,8.0,28152.0,24647.0,8.0,28160.0
29.51478650199715,0.0,0.0,0.0,0.0,0.0,0.0,0.0,0.0,0.0,0.0,0.0,0.0,0.0,27467.0,8.0,28152.0,24648.0,8.0,28166.0
29.54823288800253,0.0,0.0,0.0,0.0,0.0,0.0,0.0,0.0,0.0,0.0,0.0,0.0,0.0,27469.0,8.0,28191.0,24649.0,8.0,28200.0
29.55325456299761,0.0,0.0,0.0,0.0,0.0,0.0,0.0,0.0,0.0,0.0,0.0,0.0,0.0,27469.0,8.0,28191.0,24650.0,8.0,28206.0
29.67851628700737,0.0,0.0,0.0,0.0,0.0,0.0,0.0,0.0,0.0,0.0,0.0,0.0,0.0,27475.0,8.0,28312.0,24656.0,8.0,28330.0
29.708524629008025,0.0,0.0,0.0,0.0,0.0,0.0,0.0,0.0,0.0,0.0,0.0,0.0,0.0,27477.0,8.0,28352.0,24657.0,8.0,28360.0
29.713287457008846,0.0,0.0,0.0,0.0,0.0,0.0,0.0,0.0,0.0,0.0,0.0,0.0,0.0,27477.0,8.0,28352.0,24658.0,8.0,28366.0
29.89695879899955,0.0,0.0,0.0,0.0,0.0,0.0,0.0,0.0,0.0,0.0,0.0,0.0,0.0,27485.0,8.0,28512.0,24666.0,8.0,28530.0
29.90857157499704,0.0,0.0,0.0,0.0,0.0,0.0,0.0,0.0,0.0,0.0,0.0,0.0,0.0,27487.0,8.0,28552.0,24667.0,8.0,28560.0
29.91364380500454,0.0,0.0,0.0,0.0,0.0,0.0,0.0,0.0,0.0,0.0,0.0,0.0,0.0,27487.0,8.0,28552.0,24668.0,8.0,28566.0
29.948450202005915,0.0,0.0,0.0,0.0,0.0,0.0,0.0,0.0,0.0,0.0,0.0,0.0,0.0,27489.0,8.0,28591.0,24669.0,8.0,28600.0
29.989513431006344,0.0,0.0,0.0,0.0,0.0,0.0,0.0,0.0,0.0,0.0,0.0,0.0,0.0,27491.0,8.0,28632.0,24671.0,8.0,28640.0
30.0026797419996,0.0,0.0,0.0,0.0,0.0,0.0,0.0,0.0,0.0,0.0,0.0,0.0,0.0,27492.0,8.0,28652.0,24672.0,8.0,28655.0
30.058476211997913,0.0,0.0,0.0,0.0,0.0,0.0,0.0,0.0,0.0,0.0,0.0,0.0,0.0,27493.0,8.0,28672.0,24673.0,8.0,28680.0
30.058585478007444,0.0,0.0,0.0,0.0,0.0,0.0,0.0,0.0,0.0,0.0,0.0,0.0,0.0,27493.0,8.0,28672.0,24674.0,8.0,28686.0
30.12058174199774,0.0,0.0,0.0,0.0,0.0,0.0,0.0,0.0,0.0,0.0,0.0,0.0,0.0,27495.0,8.0,28712.0,24676.0,8.0,28730.0
30.120726524008205,0.0,0.0,0.0,0.0,0.0,0.0,0.0,0.0,0.0,0.0,0.0,0.0,0.0,27497.0,8.0,28752.0,24677.0,8.0,28760.0
30.12079580500722,0.0,0.0,0.0,0.0,0.0,0.0,0.0,0.0,0.0,0.0,0.0,0.0,0.0,27497.0,8.0,28752.0,24678.0,8.0,28766.0
30.148220383009175,0.0,0.0,0.0,0.0,0.0,0.0,0.0,0.0,0.0,0.0,0.0,0.0,0.0,27499.0,8.0,28791.0,24679.0,8.0,28800.0
30.15431513900694,0.0,0.0,0.0,0.0,0.0,0.0,0.0,0.0,0.0,0.0,0.0,0.0,0.0,27499.0,8.0,28791.0,24680.0,8.0,28806.0
30.187833440999384,0.0,0.0,0.0,0.0,0.0,0.0,0.0,0.0,0.0,0.0,0.0,0.0,0.0,27501.0,8.0,28832.0,24681.0,8.0,28840.0
30.19618783099577,0.0,0.0,0.0,0.0,0.0,0.0,0.0,0.0,0.0,0.0,0.0,0.0,0.0,27501.0,8.0,28832.0,24682.0,8.0,28846.0
30.29461164600798,0.0,0.0,0.0,0.0,0.0,0.0,0.0,0.0,0.0,0.0,0.0,0.0,0.0,27505.0,8.0,28912.0,24686.0,8.0,28929.0
30.344516092009144,0.0,0.0,0.0,0.0,0.0,0.0,0.0,0.0,0.0,0.0,0.0,0.0,0.0,27507.0,8.0,28952.0,24687.0,8.0,28960.0
30.34462230200006,0.0,0.0,0.0,0.0,0.0,0.0,0.0,0.0,0.0,0.0,0.0,0.0,0.0,27507.0,8.0,28952.0,24688.0,8.0,28966.0
30.349272798004677,0.0,0.0,0.0,0.0,0.0,0.0,0.0,0.0,0.0,0.0,0.0,0.0,0.0,27509.0,8.0,28991.0,24689.0,8.0,29000.0
30.353531878005015,0.0,0.0,0.0,0.0,0.0,0.0,0.0,0.0,0.0,0.0,0.0,0.0,0.0,27509.0,8.0,28991.0,24690.0,8.0,29006.0
30.38858912800788,0.0,0.0,0.0,0.0,0.0,0.0,0.0,0.0,0.0,0.0,0.0,0.0,0.0,27511.0,8.0,29032.0,24691.0,8.0,29040.0
30.395691661004093,0.0,0.0,0.0,0.0,0.0,0.0,0.0,0.0,0.0,0.0,0.0,0.0,0.0,27511.0,8.0,29032.0,24692.0,8.0,29046.0
30.42857589900086,0.0,0.0,0.0,0.0,0.0,0.0,0.0,0.0,0.0,0.0,0.0,0.0,0.0,27513.0,8.0,29071.0,24693.0,8.0,29080.0
30.43306568299886,0.0,0.0,0.0,0.0,0.0,0.0,0.0,0.0,0.0,0.0,0.0,0.0,0.0,27513.0,8.0,29071.0,24694.0,8.0,29086.0
30.610923986008856,0.0,0.0,0.0,0.0,0.0,0.0,0.0,0.0,0.0,0.0,0.0,0.0,0.0,27521.0,8.0,29232.0,24701.0,8.0,29240.0
30.611315893998835,0.0,0.0,0.0,0.0,0.0,0.0,0.0,0.0,0.0,0.0,0.0,0.0,0.0,27521.0,8.0,29232.0,24702.0,8.0,29246.0
30.628716117003933,0.0,0.0,0.0,0.0,0.0,0.0,0.0,0.0,0.0,0.0,0.0,0.0,0.0,27523.0,8.0,29272.0,24703.0,8.0,29280.0
30.634133888001088,0.0,0.0,0.0,0.0,0.0,0.0,0.0,0.0,0.0,0.0,0.0,0.0,0.0,27523.0,8.0,29272.0,24704.0,8.0,29286.0
31.070610110997222,0.0,0.0,0.0,0.0,0.0,0.0,0.0,0.0,0.0,0.0,0.0,0.0,0.0,27541.0,8.0,29632.0,24721.0,8.0,29640.0
31.083716740002274,0.0,0.0,0.0,0.0,0.0,0.0,0.0,0.0,0.0,0.0,0.0,0.0,0.0,27546.0,8.0,29732.0,24722.0,8.0,29736.0
31.1092508599977,0.0,0.0,0.0,0.0,0.0,0.0,0.0,0.0,0.0,0.0,0.0,0.0,0.0,27547.0,8.0,29752.0,24723.0,8.0,29760.0
31.11350907800079,0.0,0.0,0.0,0.0,0.0,0.0,0.0,0.0,0.0,0.0,0.0,0.0,0.0,27547.0,8.0,29752.0,24724.0,8.0,29766.0
31.148488361999625,0.0,0.0,0.0,0.0,0.0,0.0,0.0,0.0,0.0,0.0,0.0,0.0,0.0,27549.0,8.0,29791.0,24725.0,8.0,29800.0
31.158364218004863,0.0,0.0,0.0,0.0,0.0,0.0,0.0,0.0,0.0,0.0,0.0,0.0,0.0,27549.0,8.0,29791.0,24726.0,8.0,29810.0
31.583434795000358,0.0,0.0,0.0,0.0,0.0,0.0,0.0,0.0,0.0,0.0,0.0,0.0,0.0,27569.0,8.0,30192.0,24746.0,8.0,30210.0
31.592368266006815,0.0,0.0,0.0,0.0,0.0,0.0,0.0,0.0,0.0,0.0,0.0,0.0,0.0,27571.0,8.0,30232.0,24747.0,8.0,30240.0
31.59400750300847,0.0,0.0,0.0,0.0,0.0,0.0,0.0,0.0,0.0,0.0,0.0,0.0,0.0,27571.0,8.0,30232.0,24748.0,8.0,30245.0
31.630298296004185,0.0,0.0,0.0,0.0,0.0,0.0,0.0,0.0,0.0,0.0,0.0,0.0,0.0,27573.0,8.0,30271.0,24749.0,8.0,30280.0
31.63401498500025,0.0,0.0,0.0,0.0,0.0,0.0,0.0,0.0,0.0,0.0,0.0,0.0,0.0,27573.0,8.0,30271.0,24750.0,8.0,30286.0
31.66848665299767,0.0,0.0,0.0,0.0,0.0,0.0,0.0,0.0,0.0,0.0,0.0,0.0,0.0,27575.0,8.0,30312.0,24751.0,8.0,30320.0
31.674675086003845,0.0,0.0,0.0,0.0,0.0,0.0,0.0,0.0,0.0,0.0,0.0,0.0,0.0,27575.0,8.0,30312.0,24752.0,8.0,30326.0
32.094165839997004,0.0,0.0,0.0,0.0,0.0,0.0,0.0,0.0,0.0,0.0,0.0,0.0,0.0,27589.0,8.0,30592.0,24766.0,8.0,30610.0
32.09435475499777,0.0,0.0,0.0,0.0,0.0,0.0,0.0,0.0,0.0,0.0,0.0,0.0,0.0,27591.0,8.0,30632.0,24767.0,8.0,30640.0
32.1058486480033,0.0,0.0,0.0,0.0,0.0,0.0,0.0,0.0,0.0,0.0,0.0,0.0,0.0,27597.0,8.0,30752.0,24768.0,8.0,30757.0
32.11173876900284,0.0,0.0,0.0,0.0,0.0,0.0,0.0,0.0,0.0,0.0,0.0,0.0,0.0,27597.0,8.0,30752.0,24769.0,8.0,30765.0
32.149629527004436,0.0,0.0,0.0,0.0,0.0,0.0,0.0,0.0,0.0,0.0,0.0,0.0,0.0,27599.0,8.0,30792.0,24770.0,8.0,30800.0
32.158132778000436,0.0,0.0,0.0,0.0,0.0,0.0,0.0,0.0,0.0,0.0,0.0,0.0,0.0,27599.0,8.0,30792.0,24771.0,8.0,30810.0
32.604705215009744,0.0,0.0,0.0,0.0,0.0,0.0,0.0,0.0,0.0,0.0,0.0,0.0,0.0,27601.0,8.0,30832.0,24772.0,8.0,30840.0
32.60490109400416,0.0,0.0,0.0,0.0,0.0,0.0,0.0,0.0,0.0,0.0,0.0,0.0,0.0,27601.0,8.0,30832.0,24773.0,8.0,30846.0
32.60662684300041,0.0,0.0,0.0,0.0,0.0,0.0,0.0,0.0,0.0,0.0,0.0,0.0,0.0,27619.0,8.0,31191.0,24791.0,8.0,31210.0
32.60673204100749,0.0,0.0,0.0,0.0,0.0,0.0,0.0,0.0,0.0,0.0,0.0,0.0,0.0,27621.0,8.0,31232.0,24792.0,8.0,31240.0
32.60679952800274,0.0,0.0,0.0,0.0,0.0,0.0,0.0,0.0,0.0,0.0,0.0,0.0,0.0,27621.0,8.0,31232.0,24793.0,8.0,31246.0
32.6293426869961,0.0,0.0,0.0,0.0,0.0,0.0,0.0,0.0,0.0,0.0,0.0,0.0,0.0,27623.0,8.0,31272.0,24794.0,8.0,31280.0
32.63663880500826,0.0,0.0,0.0,0.0,0.0,0.0,0.0,0.0,0.0,0.0,0.0,0.0,0.0,27623.0,8.0,31272.0,24795.0,8.0,31286.0
32.668745230999775,0.0,0.0,0.0,0.0,0.0,0.0,0.0,0.0,0.0,0.0,0.0,0.0,0.0,27625.0,8.0,31312.0,24796.0,8.0,31320.0
32.67321342500509,0.0,0.0,0.0,0.0,0.0,0.0,0.0,0.0,0.0,0.0,0.0,0.0,0.0,27625.0,8.0,31312.0,24797.0,8.0,31326.0
33.11278248899907,0.0,0.0,0.0,0.0,0.0,0.0,0.0,0.0,0.0,0.0,0.0,0.0,0.0,27639.0,8.0,31591.0,24811.0,8.0,31610.0
33.112962268001866,0.0,0.0,0.0,0.0,0.0,0.0,0.0,0.0,0.0,0.0,0.0,0.0,0.0,27641.0,8.0,31632.0,24812.0,8.0,31640.0
33.12718896700244,0.0,0.0,0.0,0.0,0.0,0.0,0.0,0.0,0.0,0.0,0.0,0.0,0.0,27648.0,8.0,31772.0,24813.0,8.0,31777.0
33.148510605999036,0.0,0.0,0.0,0.0,0.0,0.0,0.0,0.0,0.0,0.0,0.0,0.0,0.0,27649.0,8.0,31792.0,24814.0,8.0,31800.0
33.15508538600989,0.0,0.0,0.0,0.0,0.0,0.0,0.0,0.0,0.0,0.0,0.0,0.0,0.0,27649.0,8.0,31792.0,24815.0,8.0,31806.0
33.18724394100718,0.0,0.0,0.0,0.0,0.0,0.0,0.0,0.0,0.0,0.0,0.0,0.0,0.0,27651.0,8.0,31832.0,24816.0,8.0,31840.0
33.194108777999645,0.0,0.0,0.0,0.0,0.0,0.0,0.0,0.0,0.0,0.0,0.0,0.0,0.0,27651.0,8.0,31832.0,24817.0,8.0,31846.0
33.62509509999654,0.0,0.0,0.0,0.0,0.0,0.0,0.0,0.0,0.0,0.0,0.0,0.0,0.0,27671.0,8.0,32232.0,24836.0,8.0,32240.0
33.625244410999585,0.0,0.0,0.0,0.0,0.0,0.0,0.0,0.0,0.0,0.0,0.0,0.0,0.0,27671.0,8.0,32232.0,24837.0,8.0,32247.0
33.628959466004744,0.0,0.0,0.0,0.0,0.0,0.0,0.0,0.0,0.0,0.0,0.0,0.0,0.0,27673.0,8.0,32271.0,24838.0,8.0,32280.0
33.632151347002946,0.0,0.0,0.0,0.0,0.0,0.0,0.0,0.0,0.0,0.0,0.0,0.0,0.0,27673.0,8.0,32271.0,24839.0,8.0,32285.0
33.66818819400214,0.0,0.0,0.0,0.0,0.0,0.0,0.0,0.0,0.0,0.0,0.0,0.0,0.0,27675.0,8.0,32312.0,24840.0,8.0,32320.0
33.67823457199847,0.0,0.0,0.0,0.0,0.0,0.0,0.0,0.0,0.0,0.0,0.0,0.0,0.0,27675.0,8.0,32312.0,24841.0,8.0,32330.0
33.710882088009384,0.0,0.0,0.0,0.0,0.0,0.0,0.0,0.0,0.0,0.0,0.0,0.0,0.0,27677.0,8.0,32352.0,24842.0,8.0,32360.0
33.7152809810068,0.0,0.0,0.0,0.0,0.0,0.0,0.0,0.0,0.0,0.0,0.0,0.0,0.0,27677.0,8.0,32352.0,24843.0,8.0,32366.0
34.13114512299944,0.0,0.0,0.0,0.0,0.0,0.0,0.0,0.0,0.0,0.0,0.0,0.0,0.0,27690.0,8.0,32612.0,24856.0,8.0,32630.0
34.131336083009955,0.0,0.0,0.0,0.0,0.0,0.0,0.0,0.0,0.0,0.0,0.0,0.0,0.0,27692.0,8.0,32652.0,24857.0,8.0,32660.0
34.14344761900429,0.0,0.0,0.0,0.0,0.0,0.0,0.0,0.0,0.0,0.0,0.0,0.0,0.0,27699.0,8.0,32792.0,24858.0,8.0,32796.0
34.16804153099656,0.0,0.0,0.0,0.0,0.0,0.0,0.0,0.0,0.0,0.0,0.0,0.0,0.0,27700.0,8.0,32812.0,24859.0,8.0,32820.0
34.17483790800907,0.0,0.0,0.0,0.0,0.0,0.0,0.0,0.0,0.0,0.0,0.0,0.0,0.0,27700.0,8.0,32812.0,24860.0,8.0,32826.0
34.207702052997774,0.0,0.0,0.0,0.0,0.0,0.0,0.0,0.0,0.0,0.0,0.0,0.0,0.0,27702.0,8.0,32852.0,24861.0,8.0,32860.0
34.21405220100132,0.0,0.0,0.0,0.0,0.0,0.0,0.0,0.0,0.0,0.0,0.0,0.0,0.0,27702.0,8.0,32852.0,24862.0,8.0,32866.0
34.64118341699941,0.0,0.0,0.0,0.0,0.0,0.0,0.0,0.0,0.0,0.0,0.0,0.0,0.0,27722.0,8.0,33252.0,24881.0,8.0,33260.0
34.64160824700957,0.0,0.0,0.0,0.0,0.0,0.0,0.0,0.0,0.0,0.0,0.0,0.0,0.0,27722.0,8.0,33252.0,24882.0,8.0,33266.0
34.650000039007864,0.0,0.0,0.0,0.0,0.0,0.0,0.0,0.0,0.0,0.0,0.0,0.0,0.0,27724.0,8.0,33291.0,24883.0,8.0,33300.0
34.65384615100629,0.0,0.0,0.0,0.0,0.0,0.0,0.0,0.0,0.0,0.0,0.0,0.0,0.0,27724.0,8.0,33291.0,24884.0,8.0,33306.0
34.68873160200019,0.0,0.0,0.0,0.0,0.0,0.0,0.0,0.0,0.0,0.0,0.0,0.0,0.0,27726.0,8.0,33331.0,24885.0,8.0,33340.0
34.700014518006356,0.0,0.0,0.0,0.0,0.0,0.0,0.0,0.0,0.0,0.0,0.0,0.0,0.0,27726.0,8.0,33331.0,24886.0,8.0,33351.0
34.727641591001884,0.0,0.0,0.0,0.0,0.0,0.0,0.0,0.0,0.0,0.0,0.0,0.0,0.0,27728.0,8.0,33372.0,24887.0,8.0,33380.0
34.73417123699619,0.0,0.0,0.0,0.0,0.0,0.0,0.0,0.0,0.0,0.0,0.0,0.0,0.0,27728.0,8.0,33372.0,24888.0,8.0,33386.0
35.163755008004955,0.0,0.0,0.0,0.0,0.0,0.0,0.0,0.0,0.0,0.0,0.0,0.0,0.0,27742.0,8.0,33652.0,24901.0,8.0,33660.0
35.18387722900661,0.0,0.0,0.0,0.0,0.0,0.0,0.0,0.0,0.0,0.0,0.0,0.0,0.0,27750.0,8.0,33812.0,24902.0,8.0,33826.0
35.20786878700892,0.0,0.0,0.0,0.0,0.0,0.0,0.0,0.0,0.0,0.0,0.0,0.0,0.0,27752.0,8.0,33852.0,24903.0,8.0,33860.0
35.214083148996,0.0,0.0,0.0,0.0,0.0,0.0,0.0,0.0,0.0,0.0,0.0,0.0,0.0,27752.0,8.0,33852.0,24904.0,8.0,33866.0
35.247997501996,0.0,0.0,0.0,0.0,0.0,0.0,0.0,0.0,0.0,0.0,0.0,0.0,0.0,27754.0,8.0,33891.0,24905.0,8.0,33900.0
35.663402040008805,0.0,0.0,0.0,0.0,0.0,0.0,0.0,0.0,0.0,0.0,0.0,0.0,0.0,27774.0,8.0,34291.0,24926.0,8.0,34310.0
35.692597576999106,0.0,0.0,0.0,0.0,0.0,0.0,0.0,0.0,0.0,0.0,0.0,0.0,0.0,27776.0,8.0,34332.0,24927.0,8.0,34340.0
35.706299088007654,0.0,0.0,0.0,0.0,0.0,0.0,0.0,0.0,0.0,0.0,0.0,0.0,0.0,27776.0,8.0,34332.0,24928.0,8.0,34346.0
35.73276668800099,0.0,0.0,0.0,0.0,0.0,0.0,0.0,0.0,0.0,0.0,0.0,0.0,0.0,27778.0,8.0,34371.0,24929.0,8.0,34380.0
35.736683073002496,0.0,0.0,0.0,0.0,0.0,0.0,0.0,0.0,0.0,0.0,0.0,0.0,0.0,27778.0,8.0,34371.0,24930.0,8.0,34386.0
35.79630876300507,0.0,0.0,0.0,0.0,0.0,0.0,0.0,0.0,0.0,0.0,0.0,0.0,0.0,27780.0,8.0,34412.0,24931.0,8.0,34420.0
35.796543554999516,0.0,0.0,0.0,0.0,0.0,0.0,0.0,0.0,0.0,0.0,0.0,0.0,0.0,27780.0,8.0,34412.0,24932.0,8.0,34426.0
35.807988817003206,0.0,0.0,0.0,0.0,0.0,0.0,0.0,0.0,0.0,0.0,0.0,0.0,0.0,27782.0,8.0,34452.0,24933.0,8.0,34460.0
35.813988385009,0.0,0.0,0.0,0.0,0.0,0.0,0.0,0.0,0.0,0.0,0.0,0.0,0.0,27782.0,8.0,34452.0,24934.0,8.0,34466.0
35.847366397996666,0.0,0.0,0.0,0.0,0.0,0.0,0.0,0.0,0.0,0.0,0.0,0.0,0.0,27784.0,8.0,34492.0,24935.0,8.0,34500.0
35.85775859700516,0.0,0.0,0.0,0.0,0.0,0.0,0.0,0.0,0.0,0.0,0.0,0.0,0.0,27784.0,8.0,34492.0,24936.0,8.0,34510.0
35.88823920399591,0.0,0.0,0.0,0.0,0.0,0.0,0.0,0.0,0.0,0.0,0.0,0.0,0.0,27786.0,8.0,34532.0,24937.0,8.0,34540.0
35.89363577599579,0.0,0.0,0.0,0.0,0.0,0.0,0.0,0.0,0.0,0.0,0.0,0.0,0.0,27786.0,8.0,34532.0,24938.0,8.0,34546.0
36.0359875580034,0.0,0.0,0.0,0.0,0.0,0.0,0.0,0.0,0.0,0.0,0.0,0.0,0.0,27790.0,8.0,34612.0,24941.0,8.0,34620.0
36.03641138599778,0.0,0.0,0.0,0.0,0.0,0.0,0.0,0.0,0.0,0.0,0.0,0.0,0.0,27790.0,8.0,34612.0,24942.0,8.0,34626.0
36.03667712600145,0.0,0.0,0.0,0.0,0.0,0.0,0.0,0.0,0.0,0.0,0.0,0.0,0.0,27792.0,8.0,34651.0,24943.0,8.0,34660.0
36.04776596800366,0.0,0.0,0.0,0.0,0.0,0.0,0.0,0.0,0.0,0.0,0.0,0.0,0.0,27794.0,8.0,34692.0,24944.0,8.0,34699.0
36.053055488009704,0.0,0.0,0.0,0.0,0.0,0.0,0.0,0.0,0.0,0.0,0.0,0.0,0.0,27794.0,8.0,34692.0,24945.0,8.0,34705.0
36.087088126005256,0.0,0.0,0.0,0.0,0.0,0.0,0.0,0.0,0.0,0.0,0.0,0.0,0.0,27796.0,8.0,34732.0,24946.0,8.0,34740.0
36.09686378399783,0.0,0.0,0.0,0.0,0.0,0.0,0.0,0.0,0.0,0.0,0.0,0.0,0.0,27796.0,8.0,34732.0,24947.0,8.0,34746.0
36.12781043999712,0.0,0.0,0.0,0.0,0.0,0.0,0.0,0.0,0.0,0.0,0.0,0.0,0.0,27798.0,8.0,34771.0,24948.0,8.0,34780.0
36.13563252000313,0.0,0.0,0.0,0.0,0.0,0.0,0.0,0.0,0.0,0.0,0.0,0.0,0.0,27798.0,8.0,34771.0,24949.0,8.0,34786.0
36.25175940900226,0.0,0.0,0.0,0.0,0.0,0.0,0.0,0.0,0.0,0.0,0.0,0.0,0.0,27800.0,8.0,34812.0,24951.0,8.0,34829.0
36.25217438999971,0.0,0.0,0.0,0.0,0.0,0.0,0.0,0.0,0.0,0.0,0.0,0.0,0.0,27802.0,8.0,34852.0,24952.0,8.0,34860.0
36.25224973200238,0.0,0.0,0.0,0.0,0.0,0.0,0.0,0.0,0.0,0.0,0.0,0.0,0.0,27802.0,8.0,34852.0,24953.0,8.0,34866.0
36.252314654004294,0.0,0.0,0.0,0.0,0.0,0.0,0.0,0.0,0.0,0.0,0.0,0.0,0.0,27804.0,8.0,34892.0,24954.0,8.0,34900.0
36.25402059699991,0.0,0.0,0.0,0.0,0.0,0.0,0.0,0.0,0.0,0.0,0.0,0.0,0.0,27804.0,8.0,34892.0,24955.0,8.0,34906.0
36.29511709600047,0.0,0.0,0.0,0.0,0.0,0.0,0.0,0.0,0.0,0.0,0.0,0.0,0.0,27806.0,8.0,34932.0,24956.0,8.0,34940.0
36.29528897900309,0.0,0.0,0.0,0.0,0.0,0.0,0.0,0.0,0.0,0.0,0.0,0.0,0.0,27806.0,8.0,34932.0,24957.0,8.0,34946.0
36.329237368001486,0.0,0.0,0.0,0.0,0.0,0.0,0.0,0.0,0.0,0.0,0.0,0.0,0.0,27808.0,8.0,34971.0,24958.0,8.0,34980.0
36.33387378799671,0.0,0.0,0.0,0.0,0.0,0.0,0.0,0.0,0.0,0.0,0.0,0.0,0.0,27808.0,8.0,34971.0,24959.0,8.0,34986.0
36.59053142099583,0.0,0.0,0.0,0.0,0.0,0.0,0.0,0.0,0.0,0.0,0.0,0.0,0.0,27820.0,8.0,35212.0,24971.0,8.0,35230.0
36.652245605000644,0.0,0.0,0.0,0.0,0.0,0.0,0.0,0.0,0.0,0.0,0.0,0.0,0.0,27822.0,8.0,35252.0,24972.0,8.0,35260.0
36.6524322769983,0.0,0.0,0.0,0.0,0.0,0.0,0.0,0.0,0.0,0.0,0.0,0.0,0.0,27822.0,8.0,35252.0,24973.0,8.0,35265.0
36.65250078600366,0.0,0.0,0.0,0.0,0.0,0.0,0.0,0.0,0.0,0.0,0.0,0.0,0.0,27824.0,8.0,35292.0,24974.0,8.0,35300.0
36.65446755899757,0.0,0.0,0.0,0.0,0.0,0.0,0.0,0.0,0.0,0.0,0.0,0.0,0.0,27824.0,8.0,35292.0,24975.0,8.0,35306.0
36.68913947000692,0.0,0.0,0.0,0.0,0.0,0.0,0.0,0.0,0.0,0.0,0.0,0.0,0.0,27826.0,8.0,35332.0,24976.0,8.0,35340.0
36.70161829900462,0.0,0.0,0.0,0.0,0.0,0.0,0.0,0.0,0.0,0.0,0.0,0.0,0.0,27826.0,8.0,35332.0,24977.0,8.0,35346.0
36.72883222599921,0.0,0.0,0.0,0.0,0.0,0.0,0.0,0.0,0.0,0.0,0.0,0.0,0.0,27828.0,8.0,35371.0,24978.0,8.0,35380.0
36.734754107004846,0.0,0.0,0.0,0.0,0.0,0.0,0.0,0.0,0.0,0.0,0.0,0.0,0.0,27828.0,8.0,35371.0,24979.0,8.0,35386.0
36.77975400700234,0.0,0.0,0.0,0.0,0.0,0.0,0.0,0.0,0.0,0.0,0.0,0.0,0.0,27830.0,8.0,35412.0,24981.0,8.0,35430.0
36.917455672999495,0.0,0.0,0.0,0.0,0.0,0.0,0.0,0.0,0.0,0.0,0.0,0.0,0.0,27836.0,8.0,35532.0,24986.0,8.0,35540.0
36.91756745400198,0.0,0.0,0.0,0.0,0.0,0.0,0.0,0.0,0.0,0.0,0.0,0.0,0.0,27836.0,8.0,35532.0,24987.0,8.0,35546.0
36.927844537000055,0.0,0.0,0.0,0.0,0.0,0.0,0.0,0.0,0.0,0.0,0.0,0.0,0.0,27838.0,8.0,35571.0,24988.0,8.0,35580.0
36.93379622400971,0.0,0.0,0.0,0.0,0.0,0.0,0.0,0.0,0.0,0.0,0.0,0.0,0.0,27838.0,8.0,35571.0,24989.0,8.0,35586.0
36.967786471999716,0.0,0.0,0.0,0.0,0.0,0.0,0.0,0.0,0.0,0.0,0.0,0.0,0.0,27840.0,8.0,35612.0,24990.0,8.0,35620.0
36.98739168100292,0.0,0.0,0.0,0.0,0.0,0.0,0.0,0.0,0.0,0.0,0.0,0.0,0.0,27840.0,8.0,35612.0,24991.0,8.0,35630.0
37.02461858400784,0.0,0.0,0.0,0.0,0.0,0.0,0.0,0.0,0.0,0.0,0.0,0.0,0.0,27842.0,8.0,35652.0,24992.0,8.0,35660.0
37.13069751500734,0.0,0.0,0.0,0.0,0.0,0.0,0.0,0.0,0.0,0.0,0.0,0.0,0.0,27848.0,8.0,35772.0,24996.0,8.0,35780.0
37.13408902200172,0.0,0.0,0.0,0.0,0.0,0.0,0.0,0.0,0.0,0.0,0.0,0.0,0.0,27848.0,8.0,35772.0,24997.0,8.0,35786.0
37.16853325499687,0.0,0.0,0.0,0.0,0.0,0.0,0.0,0.0,0.0,0.0,0.0,0.0,0.0,27850.0,8.0,35812.0,24998.0,8.0,35820.0
37.17446956400818,0.0,0.0,0.0,0.0,0.0,0.0,0.0,0.0,0.0,0.0,0.0,0.0,0.0,27850.0,8.0,35812.0,24999.0,8.0,35826.0
37.20994335600699,0.0,0.0,0.0,0.0,0.0,0.0,0.0,0.0,0.0,0.0,0.0,0.0,0.0,27852.0,8.0,35852.0,25000.0,8.0,35860.0
37.21793211900513,0.0,0.0,0.0,0.0,0.0,0.0,0.0,0.0,0.0,0.0,0.0,0.0,0.0,27852.0,8.0,35852.0,25001.0,8.0,35870.0
37.35215041000629,0.0,0.0,0.0,0.0,0.0,0.0,0.0,0.0,0.0,0.0,0.0,0.0,0.0,27859.0,8.0,35992.0,25006.0,8.0,36000.0
37.35373398300726,0.0,0.0,0.0,0.0,0.0,0.0,0.0,0.0,0.0,0.0,0.0,0.0,0.0,27859.0,8.0,35992.0,25007.0,8.0,36005.0
37.38855755000259,0.0,0.0,0.0,0.0,0.0,0.0,0.0,0.0,0.0,0.0,0.0,0.0,0.0,27861.0,8.0,36032.0,25008.0,8.0,36040.0
37.39337395000621,0.0,0.0,0.0,0.0,0.0,0.0,0.0,0.0,0.0,0.0,0.0,0.0,0.0,27861.0,8.0,36032.0,25009.0,8.0,36046.0
37.43682659699698,0.0,0.0,0.0,0.0,0.0,0.0,0.0,0.0,0.0,0.0,0.0,0.0,0.0,27863.0,8.0,36071.0,25011.0,8.0,36089.0
37.57164015900344,0.0,0.0,0.0,0.0,0.0,0.0,0.0,0.0,0.0,0.0,0.0,0.0,0.0,27869.0,8.0,36192.0,25016.0,8.0,36200.0
37.57176315100514,0.0,0.0,0.0,0.0,0.0,0.0,0.0,0.0,0.0,0.0,0.0,0.0,0.0,27869.0,8.0,36192.0,25017.0,8.0,36206.0
37.588550023006974,0.0,0.0,0.0,0.0,0.0,0.0,0.0,0.0,0.0,0.0,0.0,0.0,0.0,27871.0,8.0,36232.0,25018.0,8.0,36240.0
37.595767304010224,0.0,0.0,0.0,0.0,0.0,0.0,0.0,0.0,0.0,0.0,0.0,0.0,0.0,27871.0,8.0,36232.0,25019.0,8.0,36246.0
37.628747659997316,0.0,0.0,0.0,0.0,0.0,0.0,0.0,0.0,0.0,0.0,0.0,0.0,0.0,27873.0,8.0,36271.0,25020.0,8.0,36280.0
37.63929548300803,0.0,0.0,0.0,0.0,0.0,0.0,0.0,0.0,0.0,0.0,0.0,0.0,0.0,27873.0,8.0,36271.0,25021.0,8.0,36290.0
37.66956236000988,0.0,0.0,0.0,0.0,0.0,0.0,0.0,0.0,0.0,0.0,0.0,0.0,0.0,27875.0,8.0,36312.0,25022.0,8.0,36320.0
37.673952987999655,0.0,0.0,0.0,0.0,0.0,0.0,0.0,0.0,0.0,0.0,0.0,0.0,0.0,27875.0,8.0,36312.0,25023.0,8.0,36326.0
37.78860109600646,0.0,0.0,0.0,0.0,0.0,0.0,0.0,0.0,0.0,0.0,0.0,0.0,0.0,27879.0,8.0,36392.0,25026.0,8.0,36400.0
37.788717785006156,0.0,0.0,0.0,0.0,0.0,0.0,0.0,0.0,0.0,0.0,0.0,0.0,0.0,27879.0,8.0,36392.0,25027.0,8.0,36406.0
37.78878644500219,0.0,0.0,0.0,0.0,0.0,0.0,0.0,0.0,0.0,0.0,0.0,0.0,0.0,27881.0,8.0,36432.0,25028.0,8.0,36440.0
37.79545839900675,0.0,0.0,0.0,0.0,0.0,0.0,0.0,0.0,0.0,0.0,0.0,0.0,0.0,27881.0,8.0,36432.0,25029.0,8.0,36446.0
37.829495124999085,0.0,0.0,0.0,0.0,0.0,0.0,0.0,0.0,0.0,0.0,0.0,0.0,0.0,27883.0,8.0,36471.0,25030.0,8.0,36480.0
37.84002412200789,0.0,0.0,0.0,0.0,0.0,0.0,0.0,0.0,0.0,0.0,0.0,0.0,0.0,27883.0,8.0,36471.0,25031.0,8.0,36489.0
37.86824089800939,0.0,0.0,0.0,0.0,0.0,0.0,0.0,0.0,0.0,0.0,0.0,0.0,0.0,27885.0,8.0,36512.0,25032.0,8.0,36520.0
37.87643849500455,0.0,0.0,0.0,0.0,0.0,0.0,0.0,0.0,0.0,0.0,0.0,0.0,0.0,27885.0,8.0,36512.0,25033.0,8.0,36526.0
38.00879065399931,0.0,0.0,0.0,0.0,0.0,0.0,0.0,0.0,0.0,0.0,0.0,0.0,0.0,27889.0,8.0,36592.0,25036.0,8.0,36600.0
38.009194023004966,0.0,0.0,0.0,0.0,0.0,0.0,0.0,0.0,0.0,0.0,0.0,0.0,0.0,27889.0,8.0,36592.0,25037.0,8.0,36606.0
38.009474532009335,0.0,0.0,0.0,0.0,0.0,0.0,0.0,0.0,0.0,0.0,0.0,0.0,0.0,27891.0,8.0,36632.0,25038.0,8.0,36640.0
38.009707580000395,0.0,0.0,0.0,0.0,0.0,0.0,0.0,0.0,0.0,0.0,0.0,0.0,0.0,27891.0,8.0,36632.0,25039.0,8.0,36646.0
38.03257422200113,0.0,0.0,0.0,0.0,0.0,0.0,0.0,0.0,0.0,0.0,0.0,0.0,0.0,27893.0,8.0,36671.0,25040.0,8.0,36680.0
38.05375068100693,0.0,0.0,0.0,0.0,0.0,0.0,0.0,0.0,0.0,0.0,0.0,0.0,0.0,27894.0,8.0,36692.0,25041.0,8.0,36705.0
38.09075660900271,0.0,0.0,0.0,0.0,0.0,0.0,0.0,0.0,0.0,0.0,0.0,0.0,0.0,27896.0,8.0,36732.0,25042.0,8.0,36740.0
38.10182131599868,0.0,0.0,0.0,0.0,0.0,0.0,0.0,0.0,0.0,0.0,0.0,0.0,0.0,27896.0,8.0,36732.0,25043.0,8.0,36746.0
38.22978983201028,0.0,0.0,0.0,0.0,0.0,0.0,0.0,0.0,0.0,0.0,0.0,0.0,0.0,27900.0,8.0,36812.0,25046.0,8.0,36820.0
38.22993638800108,0.0,0.0,0.0,0.0,0.0,0.0,0.0,0.0,0.0,0.0,0.0,0.0,0.0,27900.0,8.0,36812.0,25047.0,8.0,36826.0
38.23000718100229,0.0,0.0,0.0,0.0,0.0,0.0,0.0,0.0,0.0,0.0,0.0,0.0,0.0,27902.0,8.0,36852.0,25048.0,8.0,36860.0
38.23006827599602,0.0,0.0,0.0,0.0,0.0,0.0,0.0,0.0,0.0,0.0,0.0,0.0,0.0,27902.0,8.0,36852.0,25049.0,8.0,36866.0
38.25662645899865,0.0,0.0,0.0,0.0,0.0,0.0,0.0,0.0,0.0,0.0,0.0,0.0,0.0,27904.0,8.0,36891.0,25051.0,8.0,36908.0
38.28787711900077,0.0,0.0,0.0,0.0,0.0,0.0,0.0,0.0,0.0,0.0,0.0,0.0,0.0,27906.0,8.0,36931.0,25052.0,8.0,36940.0
38.29432149500644,0.0,0.0,0.0,0.0,0.0,0.0,0.0,0.0,0.0,0.0,0.0,0.0,0.0,27906.0,8.0,36931.0,25053.0,8.0,36946.0
38.33012461800536,0.0,0.0,0.0,0.0,0.0,0.0,0.0,0.0,0.0,0.0,0.0,0.0,0.0,27908.0,8.0,36971.0,25054.0,8.0,36980.0
38.44847300800029,0.0,0.0,0.0,0.0,0.0,0.0,0.0,0.0,0.0,0.0,0.0,0.0,0.0,27908.0,8.0,36971.0,25055.0,8.0,36985.0
38.44860188099847,0.0,0.0,0.0,0.0,0.0,0.0,0.0,0.0,0.0,0.0,0.0,0.0,0.0,27910.0,8.0,37012.0,25056.0,8.0,37020.0
38.44866883700888,0.0,0.0,0.0,0.0,0.0,0.0,0.0,0.0,0.0,0.0,0.0,0.0,0.0,27910.0,8.0,37012.0,25057.0,8.0,37026.0
38.4487267259974,0.0,0.0,0.0,0.0,0.0,0.0,0.0,0.0,0.0,0.0,0.0,0.0,0.0,27912.0,8.0,37052.0,25058.0,8.0,37060.0
38.448781769009656,0.0,0.0,0.0,0.0,0.0,0.0,0.0,0.0,0.0,0.0,0.0,0.0,0.0,27912.0,8.0,37052.0,25059.0,8.0,37066.0
38.448837053001625,0.0,0.0,0.0,0.0,0.0,0.0,0.0,0.0,0.0,0.0,0.0,0.0,0.0,27914.0,8.0,37091.0,25060.0,8.0,37100.0
38.458508837007685,0.0,0.0,0.0,0.0,0.0,0.0,0.0,0.0,0.0,0.0,0.0,0.0,0.0,27914.0,8.0,37091.0,25061.0,8.0,37109.0
38.491349561998504,0.0,0.0,0.0,0.0,0.0,0.0,0.0,0.0,0.0,0.0,0.0,0.0,0.0,27916.0,8.0,37132.0,25062.0,8.0,37140.0
38.49407212900405,0.0,0.0,0.0,0.0,0.0,0.0,0.0,0.0,0.0,0.0,0.0,0.0,0.0,27916.0,8.0,37132.0,25063.0,8.0,37147.0
38.528888062995975,0.0,0.0,0.0,0.0,0.0,0.0,0.0,0.0,0.0,0.0,0.0,0.0,0.0,27918.0,8.0,37171.0,25064.0,8.0,37180.0
38.53787613900204,0.0,0.0,0.0,0.0,0.0,0.0,0.0,0.0,0.0,0.0,0.0,0.0,0.0,27918.0,8.0,37171.0,25065.0,8.0,37186.0
38.57751372300845,0.0,0.0,0.0,0.0,0.0,0.0,0.0,0.0,0.0,0.0,0.0,0.0,0.0,27920.0,8.0,37212.0,25066.0,8.0,37220.0
38.57794712900068,0.0,0.0,0.0,0.0,0.0,0.0,0.0,0.0,0.0,0.0,0.0,0.0,0.0,27920.0,8.0,37212.0,25067.0,8.0,37226.0
38.67815232199791,0.0,0.0,0.0,0.0,0.0,0.0,0.0,0.0,0.0,0.0,0.0,0.0,0.0,27924.0,8.0,37291.0,25071.0,8.0,37309.0
38.68835340200167,0.0,0.0,0.0,0.0,0.0,0.0,0.0,0.0,0.0,0.0,0.0,0.0,0.0,27926.0,8.0,37332.0,25072.0,8.0,37340.0
38.69518869400781,0.0,0.0,0.0,0.0,0.0,0.0,0.0,0.0,0.0,0.0,0.0,0.0,0.0,27926.0,8.0,37332.0,25073.0,8.0,37346.0
38.73027323400311,0.0,0.0,0.0,0.0,0.0,0.0,0.0,0.0,0.0,0.0,0.0,0.0,0.0,27928.0,8.0,37371.0,25074.0,8.0,37380.0
38.73388651800633,0.0,0.0,0.0,0.0,0.0,0.0,0.0,0.0,0.0,0.0,0.0,0.0,0.0,27928.0,8.0,37371.0,25075.0,8.0,37386.0
38.76750948600238,0.0,0.0,0.0,0.0,0.0,0.0,0.0,0.0,0.0,0.0,0.0,0.0,0.0,27930.0,8.0,37412.0,25076.0,8.0,37420.0
38.89100056000461,0.0,0.0,0.0,0.0,0.0,0.0,0.0,0.0,0.0,0.0,0.0,0.0,0.0,27934.0,8.0,37491.0,25081.0,8.0,37509.0
38.89146140799858,0.0,0.0,0.0,0.0,0.0,0.0,0.0,0.0,0.0,0.0,0.0,0.0,0.0,27936.0,8.0,37532.0,25082.0,8.0,37540.0
38.89398669300135,0.0,0.0,0.0,0.0,0.0,0.0,0.0,0.0,0.0,0.0,0.0,0.0,0.0,27936.0,8.0,37532.0,25083.0,8.0,37546.0
38.929076683998574,0.0,0.0,0.0,0.0,0.0,0.0,0.0,0.0,0.0,0.0,0.0,0.0,0.0,27938.0,8.0,37572.0,25084.0,8.0,37580.0
38.934079173996,0.0,0.0,0.0,0.0,0.0,0.0,0.0,0.0,0.0,0.0,0.0,0.0,0.0,27938.0,8.0,37572.0,25085.0,8.0,37586.0
38.96747794000839,0.0,0.0,0.0,0.0,0.0,0.0,0.0,0.0,0.0,0.0,0.0,0.0,0.0,27940.0,8.0,37612.0,25086.0,8.0,37620.0
38.97412628000893,0.0,0.0,0.0,0.0,0.0,0.0,0.0,0.0,0.0,0.0,0.0,0.0,0.0,27940.0,8.0,37612.0,25087.0,8.0,37626.0
39.108213131999946,0.0,0.0,0.0,0.0,0.0,0.0,0.0,0.0,0.0,0.0,0.0,0.0,0.0,27947.0,8.0,37751.0,25091.0,8.0,37760.0
39.11512168199988,0.0,0.0,0.0,0.0,0.0,0.0,0.0,0.0,0.0,0.0,0.0,0.0,0.0,27947.0,8.0,37751.0,25092.0,8.0,37767.0
39.149473883997416,0.0,0.0,0.0,0.0,0.0,0.0,0.0,0.0,0.0,0.0,0.0,0.0,0.0,27949.0,8.0,37791.0,25093.0,8.0,37800.0
39.17391188599868,0.0,0.0,0.0,0.0,0.0,0.0,0.0,0.0,0.0,0.0,0.0,0.0,0.0,27949.0,8.0,37791.0,25094.0,8.0,37806.0
39.19086565299949,0.0,0.0,0.0,0.0,0.0,0.0,0.0,0.0,0.0,0.0,0.0,0.0,0.0,27951.0,8.0,37831.0,25095.0,8.0,37840.0
39.20014720200561,0.0,0.0,0.0,0.0,0.0,0.0,0.0,0.0,0.0,0.0,0.0,0.0,0.0,27951.0,8.0,37831.0,25096.0,8.0,37851.0
39.32838032000291,0.0,0.0,0.0,0.0,0.0,0.0,0.0,0.0,0.0,0.0,0.0,0.0,0.0,27957.0,8.0,37952.0,25101.0,8.0,37960.0
39.32879107299959,0.0,0.0,0.0,0.0,0.0,0.0,0.0,0.0,0.0,0.0,0.0,0.0,0.0,27957.0,8.0,37952.0,25102.0,8.0,37966.0
39.36098380900512,0.0,0.0,0.0,0.0,0.0,0.0,0.0,0.0,0.0,0.0,0.0,0.0,0.0,27959.0,8.0,37991.0,25103.0,8.0,38000.0
39.361431051002,0.0,0.0,0.0,0.0,0.0,0.0,0.0,0.0,0.0,0.0,0.0,0.0,0.0,27959.0,8.0,37991.0,25104.0,8.0,38006.0
39.39081823300512,0.0,0.0,0.0,0.0,0.0,0.0,0.0,0.0,0.0,0.0,0.0,0.0,0.0,27961.0,8.0,38031.0,25105.0,8.0,38040.0
39.3988506589958,0.0,0.0,0.0,0.0,0.0,0.0,0.0,0.0,0.0,0.0,0.0,0.0,0.0,27961.0,8.0,38031.0,25106.0,8.0,38049.0
39.42808711700491,0.0,0.0,0.0,0.0,0.0,0.0,0.0,0.0,0.0,0.0,0.0,0.0,0.0,27963.0,8.0,38072.0,25107.0,8.0,38080.0
39.434664864005754,0.0,0.0,0.0,0.0,0.0,0.0,0.0,0.0,0.0,0.0,0.0,0.0,0.0,27963.0,8.0,38072.0,25108.0,8.0,38086.0
39.54855034300999,0.0,0.0,0.0,0.0,0.0,0.0,0.0,0.0,0.0,0.0,0.0,0.0,0.0,27967.0,8.0,38152.0,25111.0,8.0,38160.0
39.548771610003314,0.0,0.0,0.0,0.0,0.0,0.0,0.0,0.0,0.0,0.0,0.0,0.0,0.0,27967.0,8.0,38152.0,25112.0,8.0,38166.0
39.54883837500529,0.0,0.0,0.0,0.0,0.0,0.0,0.0,0.0,0.0,0.0,0.0,0.0,0.0,27969.0,8.0,38191.0,25113.0,8.0,38200.0
39.553720028008684,0.0,0.0,0.0,0.0,0.0,0.0,0.0,0.0,0.0,0.0,0.0,0.0,0.0,27969.0,8.0,38191.0,25114.0,8.0,38206.0
39.58853729600378,0.0,0.0,0.0,0.0,0.0,0.0,0.0,0.0,0.0,0.0,0.0,0.0,0.0,27971.0,8.0,38231.0,25115.0,8.0,38240.0
39.598548709996976,0.0,0.0,0.0,0.0,0.0,0.0,0.0,0.0,0.0,0.0,0.0,0.0,0.0,27971.0,8.0,38231.0,25116.0,8.0,38250.0
39.62889599900518,0.0,0.0,0.0,0.0,0.0,0.0,0.0,0.0,0.0,0.0,0.0,0.0,0.0,27973.0,8.0,38272.0,25117.0,8.0,38280.0
39.63391106399649,0.0,0.0,0.0,0.0,0.0,0.0,0.0,0.0,0.0,0.0,0.0,0.0,0.0,27973.0,8.0,38272.0,25118.0,8.0,38286.0
39.770559680007864,0.0,0.0,0.0,0.0,0.0,0.0,0.0,0.0,0.0,0.0,0.0,0.0,0.0,27977.0,8.0,38352.0,25121.0,8.0,38360.0
39.77069884199591,0.0,0.0,0.0,0.0,0.0,0.0,0.0,0.0,0.0,0.0,0.0,0.0,0.0,27977.0,8.0,38352.0,25122.0,8.0,38366.0
39.770768272996065,0.0,0.0,0.0,0.0,0.0,0.0,0.0,0.0,0.0,0.0,0.0,0.0,0.0,27979.0,8.0,38391.0,25123.0,8.0,38398.0
39.770841270001256,0.0,0.0,0.0,0.0,0.0,0.0,0.0,0.0,0.0,0.0,0.0,0.0,0.0,27979.0,8.0,38391.0,25124.0,8.0,38404.0
39.78846590100147,0.0,0.0,0.0,0.0,0.0,0.0,0.0,0.0,0.0,0.0,0.0,0.0,0.0,27981.0,8.0,38432.0,25125.0,8.0,38440.0
39.79883933599922,0.0,0.0,0.0,0.0,0.0,0.0,0.0,0.0,0.0,0.0,0.0,0.0,0.0,27981.0,8.0,38432.0,25126.0,8.0,38450.0
39.827374333006446,0.0,0.0,0.0,0.0,0.0,0.0,0.0,0.0,0.0,0.0,0.0,0.0,0.0,27983.0,8.0,38472.0,25127.0,8.0,38480.0
39.84376702300506,0.0,0.0,0.0,0.0,0.0,0.0,0.0,0.0,0.0,0.0,0.0,0.0,0.0,27983.0,8.0,38472.0,25128.0,8.0,38486.0
39.99827072500193,0.0,0.0,0.0,0.0,0.0,0.0,0.0,0.0,0.0,0.0,0.0,0.0,0.0,27991.0,8.0,38631.0,25136.0,8.0,38648.0
40.017843125009676,0.0,0.0,0.0,0.0,0.0,0.0,0.0,0.0,0.0,0.0,0.0,0.0,0.0,27992.0,8.0,38652.0,25137.0,8.0,38670.0
40.04816104999918,0.0,0.0,0.0,0.0,0.0,0.0,0.0,0.0,0.0,0.0,0.0,0.0,0.0,27994.0,8.0,38692.0,25138.0,8.0,38700.0
40.06302097500884,0.0,0.0,0.0,0.0,0.0,0.0,0.0,0.0,0.0,0.0,0.0,0.0,0.0,27995.0,8.0,38712.0,25139.0,8.0,38715.0
40.09124712100311,0.0,0.0,0.0,0.0,0.0,0.0,0.0,0.0,0.0,0.0,0.0,0.0,0.0,27996.0,8.0,38732.0,25140.0,8.0,38740.0
40.12465640800656,0.0,0.0,0.0,0.0,0.0,0.0,0.0,0.0,0.0,0.0,0.0,0.0,0.0,27996.0,8.0,38732.0,25141.0,8.0,38750.0
40.17127225700824,0.0,0.0,0.0,0.0,0.0,0.0,0.0,0.0,0.0,0.0,0.0,0.0,0.0,27998.0,8.0,38772.0,25142.0,8.0,38780.0
40.17138849600451,0.0,0.0,0.0,0.0,0.0,0.0,0.0,0.0,0.0,0.0,0.0,0.0,0.0,27998.0,8.0,38772.0,25143.0,8.0,38786.0
40.17145481999614,0.0,0.0,0.0,0.0,0.0,0.0,0.0,0.0,0.0,0.0,0.0,0.0,0.0,28000.0,8.0,38812.0,25144.0,8.0,38820.0
40.21003124900744,0.0,0.0,0.0,0.0,0.0,0.0,0.0,0.0,0.0,0.0,0.0,0.0,0.0,28002.0,8.0,38852.0,25146.0,8.0,38860.0
40.21348262800893,0.0,0.0,0.0,0.0,0.0,0.0,0.0,0.0,0.0,0.0,0.0,0.0,0.0,28002.0,8.0,38852.0,25147.0,8.0,38866.0
40.24909000500338,0.0,0.0,0.0,0.0,0.0,0.0,0.0,0.0,0.0,0.0,0.0,0.0,0.0,28004.0,8.0,38892.0,25148.0,8.0,38900.0
40.25482683900918,0.0,0.0,0.0,0.0,0.0,0.0,0.0,0.0,0.0,0.0,0.0,0.0,0.0,28004.0,8.0,38892.0,25149.0,8.0,38906.0
40.28750539000612,0.0,0.0,0.0,0.0,0.0,0.0,0.0,0.0,0.0,0.0,0.0,0.0,0.0,28006.0,8.0,38932.0,25150.0,8.0,38940.0
40.29851276900445,0.0,0.0,0.0,0.0,0.0,0.0,0.0,0.0,0.0,0.0,0.0,0.0,0.0,28006.0,8.0,38932.0,25151.0,8.0,38950.0
40.429566703009186,0.0,0.0,0.0,0.0,0.0,0.0,0.0,0.0,0.0,0.0,0.0,0.0,0.0,28008.0,8.0,38972.0,25152.0,8.0,38980.0
40.42971824899723,0.0,0.0,0.0,0.0,0.0,0.0,0.0,0.0,0.0,0.0,0.0,0.0,0.0,28008.0,8.0,38972.0,25153.0,8.0,38986.0
40.429926741009695,0.0,0.0,0.0,0.0,0.0,0.0,0.0,0.0,0.0,0.0,0.0,0.0,0.0,28012.0,8.0,39052.0,25156.0,8.0,39060.0
40.430023644003086,0.0,0.0,0.0,0.0,0.0,0.0,0.0,0.0,0.0,0.0,0.0,0.0,0.0,28012.0,8.0,39052.0,25157.0,8.0,39066.0
40.450144415997784,0.0,0.0,0.0,0.0,0.0,0.0,0.0,0.0,0.0,0.0,0.0,0.0,0.0,28014.0,8.0,39092.0,25158.0,8.0,39100.0
40.453890591001255,0.0,0.0,0.0,0.0,0.0,0.0,0.0,0.0,0.0,0.0,0.0,0.0,0.0,28014.0,8.0,39092.0,25159.0,8.0,39106.0
40.50094152800739,0.0,0.0,0.0,0.0,0.0,0.0,0.0,0.0,0.0,0.0,0.0,0.0,0.0,28016.0,8.0,39131.0,25160.0,8.0,39140.0
40.5067613680003,0.0,0.0,0.0,0.0,0.0,0.0,0.0,0.0,0.0,0.0,0.0,0.0,0.0,28016.0,8.0,39131.0,25161.0,8.0,39150.0
40.53193968501,0.0,0.0,0.0,0.0,0.0,0.0,0.0,0.0,0.0,0.0,0.0,0.0,0.0,28018.0,8.0,39172.0,25162.0,8.0,39180.0
40.64933889399981,0.0,0.0,0.0,0.0,0.0,0.0,0.0,0.0,0.0,0.0,0.0,0.0,0.0,28018.0,8.0,39172.0,25163.0,8.0,39186.0
40.64949916600017,0.0,0.0,0.0,0.0,0.0,0.0,0.0,0.0,0.0,0.0,0.0,0.0,0.0,28022.0,8.0,39252.0,25166.0,8.0,39260.0
40.64957180200145,0.0,0.0,0.0,0.0,0.0,0.0,0.0,0.0,0.0,0.0,0.0,0.0,0.0,28022.0,8.0,39252.0,25167.0,8.0,39266.0
40.649633207998704,0.0,0.0,0.0,0.0,0.0,0.0,0.0,0.0,0.0,0.0,0.0,0.0,0.0,28024.0,8.0,39292.0,25168.0,8.0,39300.0
40.654403962005745,0.0,0.0,0.0,0.0,0.0,0.0,0.0,0.0,0.0,0.0,0.0,0.0,0.0,28024.0,8.0,39292.0,25169.0,8.0,39306.0
40.697425852005836,0.0,0.0,0.0,0.0,0.0,0.0,0.0,0.0,0.0,0.0,0.0,0.0,0.0,28026.0,8.0,39331.0,25171.0,8.0,39350.0
40.72843564100913,0.0,0.0,0.0,0.0,0.0,0.0,0.0,0.0,0.0,0.0,0.0,0.0,0.0,28028.0,8.0,39372.0,25172.0,8.0,39380.0
40.7352607040084,0.0,0.0,0.0,0.0,0.0,0.0,0.0,0.0,0.0,0.0,0.0,0.0,0.0,28028.0,8.0,39372.0,25173.0,8.0,39386.0
40.869541243999265,0.0,0.0,0.0,0.0,0.0,0.0,0.0,0.0,0.0,0.0,0.0,0.0,0.0,28032.0,8.0,39452.0,25176.0,8.0,39460.0
40.8696676420077,0.0,0.0,0.0,0.0,0.0,0.0,0.0,0.0,0.0,0.0,0.0,0.0,0.0,28032.0,8.0,39452.0,25177.0,8.0,39466.0
40.86973402700096,0.0,0.0,0.0,0.0,0.0,0.0,0.0,0.0,0.0,0.0,0.0,0.0,0.0,28034.0,8.0,39491.0,25178.0,8.0,39500.0
40.869792407000205,0.0,0.0,0.0,0.0,0.0,0.0,0.0,0.0,0.0,0.0,0.0,0.0,0.0,28034.0,8.0,39491.0,25179.0,8.0,39506.0
40.89046311500715,0.0,0.0,0.0,0.0,0.0,0.0,0.0,0.0,0.0,0.0,0.0,0.0,0.0,28036.0,8.0,39531.0,25180.0,8.0,39540.0
40.898787060999894,0.0,0.0,0.0,0.0,0.0,0.0,0.0,0.0,0.0,0.0,0.0,0.0,0.0,28036.0,8.0,39531.0,25181.0,8.0,39549.0
40.92841407500964,0.0,0.0,0.0,0.0,0.0,0.0,0.0,0.0,0.0,0.0,0.0,0.0,0.0,28038.0,8.0,39572.0,25182.0,8.0,39580.0
40.935293340007775,0.0,0.0,0.0,0.0,0.0,0.0,0.0,0.0,0.0,0.0,0.0,0.0,0.0,28038.0,8.0,39572.0,25183.0,8.0,39586.0
40.968685496001854,0.0,0.0,0.0,0.0,0.0,0.0,0.0,0.0,0.0,0.0,0.0,0.0,0.0,28040.0,8.0,39612.0,25184.0,8.0,39620.0
41.026733976003015,0.0,0.0,0.0,0.0,0.0,0.0,0.0,0.0,0.0,0.0,0.0,0.0,0.0,28040.0,8.0,39612.0,25185.0,8.0,39626.0
41.02685857100005,0.0,0.0,0.0,0.0,0.0,0.0,0.0,0.0,0.0,0.0,0.0,0.0,0.0,28042.0,8.0,39652.0,25186.0,8.0,39660.0
41.02693174799788,0.0,0.0,0.0,0.0,0.0,0.0,0.0,0.0,0.0,0.0,0.0,0.0,0.0,28042.0,8.0,39652.0,25187.0,8.0,39666.0
41.08969662099844,0.0,0.0,0.0,0.0,0.0,0.0,0.0,0.0,0.0,0.0,0.0,0.0,0.0,28044.0,8.0,39691.0,25188.0,8.0,39700.0
41.10152816300979,0.0,0.0,0.0,0.0,0.0,0.0,0.0,0.0,0.0,0.0,0.0,0.0,0.0,28047.0,8.0,39752.0,25189.0,8.0,39753.0
41.12837694599875,0.0,0.0,0.0,0.0,0.0,0.0,0.0,0.0,0.0,0.0,0.0,0.0,0.0,28048.0,8.0,39772.0,25190.0,8.0,39780.0
41.13805017300183,0.0,0.0,0.0,0.0,0.0,0.0,0.0,0.0,0.0,0.0,0.0,0.0,0.0,28048.0,8.0,39772.0,25191.0,8.0,39790.0
41.16839850699762,0.0,0.0,0.0,0.0,0.0,0.0,0.0,0.0,0.0,0.0,0.0,0.0,0.0,28050.0,8.0,39812.0,25192.0,8.0,39820.0
41.17424248199677,0.0,0.0,0.0,0.0,0.0,0.0,0.0,0.0,0.0,0.0,0.0,0.0,0.0,28050.0,8.0,39812.0,25193.0,8.0,39826.0
41.36322749000101,0.0,0.0,0.0,0.0,0.0,0.0,0.0,0.0,0.0,0.0,0.0,0.0,0.0,28058.0,8.0,39971.0,25201.0,8.0,39990.0
41.36760839000635,0.0,0.0,0.0,0.0,0.0,0.0,0.0,0.0,0.0,0.0,0.0,0.0,0.0,28060.0,8.0,40012.0,25202.0,8.0,40020.0
41.3742559789971,0.0,0.0,0.0,0.0,0.0,0.0,0.0,0.0,0.0,0.0,0.0,0.0,0.0,28060.0,8.0,40012.0,25203.0,8.0,40026.0
41.41183203400578,0.0,0.0,0.0,0.0,0.0,0.0,0.0,0.0,0.0,0.0,0.0,0.0,0.0,28062.0,8.0,40051.0,25204.0,8.0,40060.0
41.41370142500091,0.0,0.0,0.0,0.0,0.0,0.0,0.0,0.0,0.0,0.0,0.0,0.0,0.0,28062.0,8.0,40051.0,25205.0,8.0,40066.0
41.82266954600345,0.0,0.0,0.0,0.0,0.0,0.0,0.0,0.0,0.0,0.0,0.0,0.0,0.0,28078.0,8.0,40371.0,25221.0,8.0,40390.0
41.848619456999586,0.0,0.0,0.0,0.0,0.0,0.0,0.0,0.0,0.0,0.0,0.0,0.0,0.0,28084.0,8.0,40492.0,25226.0,8.0,40500.0
41.85382266600209,0.0,0.0,0.0,0.0,0.0,0.0,0.0,0.0,0.0,0.0,0.0,0.0,0.0,28084.0,8.0,40492.0,25227.0,8.0,40506.0
41.88850547200127,0.0,0.0,0.0,0.0,0.0,0.0,0.0,0.0,0.0,0.0,0.0,0.0,0.0,28086.0,8.0,40532.0,25228.0,8.0,40540.0
41.89418619099888,0.0,0.0,0.0,0.0,0.0,0.0,0.0,0.0,0.0,0.0,0.0,0.0,0.0,28086.0,8.0,40532.0,25229.0,8.0,40546.0
42.33298987199669,0.0,0.0,0.0,0.0,0.0,0.0,0.0,0.0,0.0,0.0,0.0,0.0,0.0,28094.0,8.0,40692.0,25236.0,8.0,40700.0
42.34880611799599,0.0,0.0,0.0,0.0,0.0,0.0,0.0,0.0,0.0,0.0,0.0,0.0,0.0,28109.0,8.0,40992.0,25237.0,8.0,40996.0
42.36738242300635,0.0,0.0,0.0,0.0,0.0,0.0,0.0,0.0,0.0,0.0,0.0,0.0,0.0,28110.0,8.0,41012.0,25238.0,8.0,41020.0
42.374565641002846,0.0,0.0,0.0,0.0,0.0,0.0,0.0,0.0,0.0,0.0,0.0,0.0,0.0,28110.0,8.0,41012.0,25239.0,8.0,41026.0
42.40865366799699,0.0,0.0,0.0,0.0,0.0,0.0,0.0,0.0,0.0,0.0,0.0,0.0,0.0,28112.0,8.0,41051.0,25240.0,8.0,41060.0
42.41737596500025,0.0,0.0,0.0,0.0,0.0,0.0,0.0,0.0,0.0,0.0,0.0,0.0,0.0,28112.0,8.0,41051.0,25241.0,8.0,41070.0
42.84835944000224,0.0,0.0,0.0,0.0,0.0,0.0,0.0,0.0,0.0,0.0,0.0,0.0,0.0,28114.0,8.0,41092.0,25242.0,8.0,41100.0
42.848892113004695,0.0,0.0,0.0,0.0,0.0,0.0,0.0,0.0,0.0,0.0,0.0,0.0,0.0,28132.0,8.0,41452.0,25261.0,8.0,41470.0
42.8581998419977,0.0,0.0,0.0,0.0,0.0,0.0,0.0,0.0,0.0,0.0,0.0,0.0,0.0,28134.0,8.0,41492.0,25262.0,8.0,41500.0
42.85854162600299,0.0,0.0,0.0,0.0,0.0,0.0,0.0,0.0,0.0,0.0,0.0,0.0,0.0,28134.0,8.0,41492.0,25263.0,8.0,41505.0
42.88859537600365,0.0,0.0,0.0,0.0,0.0,0.0,0.0,0.0,0.0,0.0,0.0,0.0,0.0,28136.0,8.0,41531.0,25264.0,8.0,41540.0
42.89443244799622,0.0,0.0,0.0,0.0,0.0,0.0,0.0,0.0,0.0,0.0,0.0,0.0,0.0,28136.0,8.0,41531.0,25265.0,8.0,41546.0
42.931545722996816,0.0,0.0,0.0,0.0,0.0,0.0,0.0,0.0,0.0,0.0,0.0,0.0,0.0,28138.0,8.0,41572.0,25266.0,8.0,41580.0
42.94499706600618,0.0,0.0,0.0,0.0,0.0,0.0,0.0,0.0,0.0,0.0,0.0,0.0,0.0,28138.0,8.0,41572.0,25267.0,8.0,41586.0
43.351893029001076,0.0,0.0,0.0,0.0,0.0,0.0,0.0,0.0,0.0,0.0,0.0,0.0,0.0,28142.0,8.0,41652.0,25271.0,8.0,41670.0
43.3520748620067,0.0,0.0,0.0,0.0,0.0,0.0,0.0,0.0,0.0,0.0,0.0,0.0,0.0,28144.0,8.0,41692.0,25272.0,8.0,41700.0
43.367868647008436,0.0,0.0,0.0,0.0,0.0,0.0,0.0,0.0,0.0,0.0,0.0,0.0,0.0,28160.0,8.0,42011.0,25273.0,8.0,42017.0
43.37178462200973,0.0,0.0,0.0,0.0,0.0,0.0,0.0,0.0,0.0,0.0,0.0,0.0,0.0,28160.0,8.0,42011.0,25274.0,8.0,42024.0
43.40828708700428,0.0,0.0,0.0,0.0,0.0,0.0,0.0,0.0,0.0,0.0,0.0,0.0,0.0,28162.0,8.0,42051.0,25275.0,8.0,42060.0
43.41754756800947,0.0,0.0,0.0,0.0,0.0,0.0,0.0,0.0,0.0,0.0,0.0,0.0,0.0,28162.0,8.0,42051.0,25276.0,8.0,42070.0
43.44762334000552,0.0,0.0,0.0,0.0,0.0,0.0,0.0,0.0,0.0,0.0,0.0,0.0,0.0,28164.0,8.0,42092.0,25277.0,8.0,42100.0
43.453897005005274,0.0,0.0,0.0,0.0,0.0,0.0,0.0,0.0,0.0,0.0,0.0,0.0,0.0,28164.0,8.0,42092.0,25278.0,8.0,42106.0
43.86443510800018,0.0,0.0,0.0,0.0,0.0,0.0,0.0,0.0,0.0,0.0,0.0,0.0,0.0,28182.0,8.0,42451.0,25296.0,8.0,42470.0
43.864775378999184,0.0,0.0,0.0,0.0,0.0,0.0,0.0,0.0,0.0,0.0,0.0,0.0,0.0,28184.0,8.0,42492.0,25297.0,8.0,42500.0
43.8648423350096,0.0,0.0,0.0,0.0,0.0,0.0,0.0,0.0,0.0,0.0,0.0,0.0,0.0,28184.0,8.0,42492.0,25298.0,8.0,42506.0
43.88817461700819,0.0,0.0,0.0,0.0,0.0,0.0,0.0,0.0,0.0,0.0,0.0,0.0,0.0,28186.0,8.0,42531.0,25299.0,8.0,42540.0
43.89451815400389,0.0,0.0,0.0,0.0,0.0,0.0,0.0,0.0,0.0,0.0,0.0,0.0,0.0,28186.0,8.0,42531.0,25300.0,8.0,42546.0
43.92909969200264,0.0,0.0,0.0,0.0,0.0,0.0,0.0,0.0,0.0,0.0,0.0,0.0,0.0,28188.0,8.0,42572.0,25301.0,8.0,42580.0
43.93432797900459,0.0,0.0,0.0,0.0,0.0,0.0,0.0,0.0,0.0,0.0,0.0,0.0,0.0,28188.0,8.0,42572.0,25302.0,8.0,42586.0
44.37273850700876,0.0,0.0,0.0,0.0,0.0,0.0,0.0,0.0,0.0,0.0,0.0,0.0,0.0,28192.0,8.0,42651.0,25306.0,8.0,42670.0
44.37313893099781,0.0,0.0,0.0,0.0,0.0,0.0,0.0,0.0,0.0,0.0,0.0,0.0,0.0,28194.0,8.0,42692.0,25307.0,8.0,42700.0
44.38382082899625,0.0,0.0,0.0,0.0,0.0,0.0,0.0,0.0,0.0,0.0,0.0,0.0,0.0,28211.0,8.0,43032.0,25308.0,8.0,43036.0
44.40862301000743,0.0,0.0,0.0,0.0,0.0,0.0,0.0,0.0,0.0,0.0,0.0,0.0,0.0,28212.0,8.0,43052.0,25309.0,8.0,43060.0
44.41473018200486,0.0,0.0,0.0,0.0,0.0,0.0,0.0,0.0,0.0,0.0,0.0,0.0,0.0,28212.0,8.0,43052.0,25310.0,8.0,43066.0
44.44878332600638,0.0,0.0,0.0,0.0,0.0,0.0,0.0,0.0,0.0,0.0,0.0,0.0,0.0,28214.0,8.0,43092.0,25311.0,8.0,43100.0
44.45444112199766,0.0,0.0,0.0,0.0,0.0,0.0,0.0,0.0,0.0,0.0,0.0,0.0,0.0,28214.0,8.0,43092.0,25312.0,8.0,43106.0
44.88255898600619,0.0,0.0,0.0,0.0,0.0,0.0,0.0,0.0,0.0,0.0,0.0,0.0,0.0,28234.0,8.0,43492.0,25331.0,8.0,43500.0
44.8827111319988,0.0,0.0,0.0,0.0,0.0,0.0,0.0,0.0,0.0,0.0,0.0,0.0,0.0,28234.0,8.0,43492.0,25332.0,8.0,43506.0
44.89009615100804,0.0,0.0,0.0,0.0,0.0,0.0,0.0,0.0,0.0,0.0,0.0,0.0,0.0,28236.0,8.0,43531.0,25333.0,8.0,43540.0
44.894612176009105,0.0,0.0,0.0,0.0,0.0,0.0,0.0,0.0,0.0,0.0,0.0,0.0,0.0,28236.0,8.0,43531.0,25334.0,8.0,43546.0
44.928489708996494,0.0,0.0,0.0,0.0,0.0,0.0,0.0,0.0,0.0,0.0,0.0,0.0,0.0,28238.0,8.0,43571.0,25335.0,8.0,43580.0
44.95026308600791,0.0,0.0,0.0,0.0,0.0,0.0,0.0,0.0,0.0,0.0,0.0,0.0,0.0,28238.0,8.0,43571.0,25336.0,8.0,43590.0
44.96817949900287,0.0,0.0,0.0,0.0,0.0,0.0,0.0,0.0,0.0,0.0,0.0,0.0,0.0,28240.0,8.0,43612.0,25337.0,8.0,43620.0
44.97518350101018,0.0,0.0,0.0,0.0,0.0,0.0,0.0,0.0,0.0,0.0,0.0,0.0,0.0,28240.0,8.0,43612.0,25338.0,8.0,43626.0
45.38861415600695,0.0,0.0,0.0,0.0,0.0,0.0,0.0,0.0,0.0,0.0,0.0,0.0,0.0,28244.0,8.0,43692.0,25341.0,8.0,43700.0
45.397987019008724,0.0,0.0,0.0,0.0,0.0,0.0,0.0,0.0,0.0,0.0,0.0,0.0,0.0,28261.0,8.0,44031.0,25342.0,8.0,44050.0
45.42921534400375,0.0,0.0,0.0,0.0,0.0,0.0,0.0,0.0,0.0,0.0,0.0,0.0,0.0,28263.0,8.0,44072.0,25343.0,8.0,44080.0
45.4340628330101,0.0,0.0,0.0,0.0,0.0,0.0,0.0,0.0,0.0,0.0,0.0,0.0,0.0,28263.0,8.0,44072.0,25344.0,8.0,44086.0
45.46844520799641,0.0,0.0,0.0,0.0,0.0,0.0,0.0,0.0,0.0,0.0,0.0,0.0,0.0,28265.0,8.0,44112.0,25345.0,8.0,44120.0
45.477408339007525,0.0,0.0,0.0,0.0,0.0,0.0,0.0,0.0,0.0,0.0,0.0,0.0,0.0,28265.0,8.0,44112.0,25346.0,8.0,44130.0
45.908753815005184,0.0,0.0,0.0,0.0,0.0,0.0,0.0,0.0,0.0,0.0,0.0,0.0,0.0,28285.0,8.0,44512.0,25366.0,8.0,44530.0
45.91047115900437,0.0,0.0,0.0,0.0,0.0,0.0,0.0,0.0,0.0,0.0,0.0,0.0,0.0,28287.0,8.0,44552.0,25367.0,8.0,44560.0
45.91613404500822,0.0,0.0,0.0,0.0,0.0,0.0,0.0,0.0,0.0,0.0,0.0,0.0,0.0,28287.0,8.0,44552.0,25368.0,8.0,44566.0
45.951724375001504,0.0,0.0,0.0,0.0,0.0,0.0,0.0,0.0,0.0,0.0,0.0,0.0,0.0,28289.0,8.0,44591.0,25369.0,8.0,44600.0
45.9543256140023,0.0,0.0,0.0,0.0,0.0,0.0,0.0,0.0,0.0,0.0,0.0,0.0,0.0,28289.0,8.0,44591.0,25370.0,8.0,44606.0
45.9972832610074,0.0,0.0,0.0,0.0,0.0,0.0,0.0,0.0,0.0,0.0,0.0,0.0,0.0,28291.0,8.0,44632.0,25371.0,8.0,44640.0
45.99738888999855,0.0,0.0,0.0,0.0,0.0,0.0,0.0,0.0,0.0,0.0,0.0,0.0,0.0,28291.0,8.0,44632.0,25372.0,8.0,44646.0
46.430692937006825,0.0,0.0,0.0,0.0,0.0,0.0,0.0,0.0,0.0,0.0,0.0,0.0,0.0,28313.0,8.0,45072.0,25376.0,8.0,45076.0
46.447949888999574,0.0,0.0,0.0,0.0,0.0,0.0,0.0,0.0,0.0,0.0,0.0,0.0,0.0,28314.0,8.0,45092.0,25377.0,8.0,45100.0
46.45464592099597,0.0,0.0,0.0,0.0,0.0,0.0,0.0,0.0,0.0,0.0,0.0,0.0,0.0,28314.0,8.0,45092.0,25378.0,8.0,45106.0
46.48836890500388,0.0,0.0,0.0,0.0,0.0,0.0,0.0,0.0,0.0,0.0,0.0,0.0,0.0,28316.0,8.0,45132.0,25379.0,8.0,45140.0
46.49414517400146,0.0,0.0,0.0,0.0,0.0,0.0,0.0,0.0,0.0,0.0,0.0,0.0,0.0,28316.0,8.0,45132.0,25380.0,8.0,45146.0
46.53329212300014,0.0,0.0,0.0,0.0,0.0,0.0,0.0,0.0,0.0,0.0,0.0,0.0,0.0,28318.0,8.0,45172.0,25381.0,8.0,45180.0
46.53339697100455,0.0,0.0,0.0,0.0,0.0,0.0,0.0,0.0,0.0,0.0,0.0,0.0,0.0,28318.0,8.0,45172.0,25382.0,8.0,45186.0
46.57031339900277,0.0,0.0,0.0,0.0,0.0,0.0,0.0,0.0,0.0,0.0,0.0,0.0,0.0,28320.0,8.0,45211.0,25383.0,8.0,45220.0
46.57539914800145,0.0,0.0,0.0,0.0,0.0,0.0,0.0,0.0,0.0,0.0,0.0,0.0,0.0,28320.0,8.0,45211.0,25384.0,8.0,45226.0
46.614472960005514,0.0,0.0,0.0,0.0,0.0,0.0,0.0,0.0,0.0,0.0,0.0,0.0,0.0,28322.0,8.0,45252.0,25385.0,8.0,45260.0
46.61682697299693,0.0,0.0,0.0,0.0,0.0,0.0,0.0,0.0,0.0,0.0,0.0,0.0,0.0,28322.0,8.0,45252.0,25386.0,8.0,45270.0
46.649632619999466,0.0,0.0,0.0,0.0,0.0,0.0,0.0,0.0,0.0,0.0,0.0,0.0,0.0,28324.0,8.0,45292.0,25387.0,8.0,45300.0
46.653355211004964,0.0,0.0,0.0,0.0,0.0,0.0,0.0,0.0,0.0,0.0,0.0,0.0,0.0,28324.0,8.0,45292.0,25388.0,8.0,45306.0
46.787890145002166,0.0,0.0,0.0,0.0,0.0,0.0,0.0,0.0,0.0,0.0,0.0,0.0,0.0,28328.0,8.0,45372.0,25391.0,8.0,45380.0
46.788304606001475,0.0,0.0,0.0,0.0,0.0,0.0,0.0,0.0,0.0,0.0,0.0,0.0,0.0,28328.0,8.0,45372.0,25392.0,8.0,45386.0
46.78848429399659,0.0,0.0,0.0,0.0,0.0,0.0,0.0,0.0,0.0,0.0,0.0,0.0,0.0,28330.0,8.0,45412.0,25393.0,8.0,45420.0
46.78854336500808,0.0,0.0,0.0,0.0,0.0,0.0,0.0,0.0,0.0,0.0,0.0,0.0,0.0,28330.0,8.0,45412.0,25394.0,8.0,45426.0
46.808308762003435,0.0,0.0,0.0,0.0,0.0,0.0,0.0,0.0,0.0,0.0,0.0,0.0,0.0,28332.0,8.0,45452.0,25395.0,8.0,45460.0
46.81833409299725,0.0,0.0,0.0,0.0,0.0,0.0,0.0,0.0,0.0,0.0,0.0,0.0,0.0,28332.0,8.0,45452.0,25396.0,8.0,45470.0
46.85056718099804,0.0,0.0,0.0,0.0,0.0,0.0,0.0,0.0,0.0,0.0,0.0,0.0,0.0,28334.0,8.0,45492.0,25397.0,8.0,45500.0
46.85405271600757,0.0,0.0,0.0,0.0,0.0,0.0,0.0,0.0,0.0,0.0,0.0,0.0,0.0,28334.0,8.0,45492.0,25398.0,8.0,45506.0
47.002945473010186,0.0,0.0,0.0,0.0,0.0,0.0,0.0,0.0,0.0,0.0,0.0,0.0,0.0,28338.0,8.0,45572.0,25401.0,8.0,45580.0
47.00306601000193,0.0,0.0,0.0,0.0,0.0,0.0,0.0,0.0,0.0,0.0,0.0,0.0,0.0,28338.0,8.0,45572.0,25402.0,8.0,45586.0
47.00313277600799,0.0,0.0,0.0,0.0,0.0,0.0,0.0,0.0,0.0,0.0,0.0,0.0,0.0,28340.0,8.0,45611.0,25403.0,8.0,45620.0
47.0031976379978,0.0,0.0,0.0,0.0,0.0,0.0,0.0,0.0,0.0,0.0,0.0,0.0,0.0,28340.0,8.0,45611.0,25404.0,8.0,45626.0
47.007664762000786,0.0,0.0,0.0,0.0,0.0,0.0,0.0,0.0,0.0,0.0,0.0,0.0,0.0,28342.0,8.0,45652.0,25405.0,8.0,45660.0
47.01854859100422,0.0,0.0,0.0,0.0,0.0,0.0,0.0,0.0,0.0,0.0,0.0,0.0,0.0,28342.0,8.0,45652.0,25406.0,8.0,45670.0
47.0487687279965,0.0,0.0,0.0,0.0,0.0,0.0,0.0,0.0,0.0,0.0,0.0,0.0,0.0,28344.0,8.0,45692.0,25407.0,8.0,45700.0
47.05790977500146,0.0,0.0,0.0,0.0,0.0,0.0,0.0,0.0,0.0,0.0,0.0,0.0,0.0,28344.0,8.0,45692.0,25408.0,8.0,45706.0
47.090326550009195,0.0,0.0,0.0,0.0,0.0,0.0,0.0,0.0,0.0,0.0,0.0,0.0,0.0,28346.0,8.0,45731.0,25409.0,8.0,45740.0
47.11291419201007,0.0,0.0,0.0,0.0,0.0,0.0,0.0,0.0,0.0,0.0,0.0,0.0,0.0,28347.0,8.0,45752.0,25410.0,8.0,45756.0
47.15652286700788,0.0,0.0,0.0,0.0,0.0,0.0,0.0,0.0,0.0,0.0,0.0,0.0,0.0,28347.0,8.0,45752.0,25411.0,8.0,45766.0
47.15662551000423,0.0,0.0,0.0,0.0,0.0,0.0,0.0,0.0,0.0,0.0,0.0,0.0,0.0,28349.0,8.0,45791.0,25412.0,8.0,45800.0
47.15669284699834,0.0,0.0,0.0,0.0,0.0,0.0,0.0,0.0,0.0,0.0,0.0,0.0,0.0,28349.0,8.0,45791.0,25413.0,8.0,45806.0
47.30256767300307,0.0,0.0,0.0,0.0,0.0,0.0,0.0,0.0,0.0,0.0,0.0,0.0,0.0,28353.0,8.0,45872.0,25416.0,8.0,45880.0
47.30272126200725,0.0,0.0,0.0,0.0,0.0,0.0,0.0,0.0,0.0,0.0,0.0,0.0,0.0,28353.0,8.0,45872.0,25417.0,8.0,45886.0
47.30278962099692,0.0,0.0,0.0,0.0,0.0,0.0,0.0,0.0,0.0,0.0,0.0,0.0,0.0,28355.0,8.0,45912.0,25418.0,8.0,45920.0
47.302849383006105,0.0,0.0,0.0,0.0,0.0,0.0,0.0,0.0,0.0,0.0,0.0,0.0,0.0,28355.0,8.0,45912.0,25419.0,8.0,45926.0
47.30843823000032,0.0,0.0,0.0,0.0,0.0,0.0,0.0,0.0,0.0,0.0,0.0,0.0,0.0,28357.0,8.0,45952.0,25420.0,8.0,45960.0
47.44523322400346,0.0,0.0,0.0,0.0,0.0,0.0,0.0,0.0,0.0,0.0,0.0,0.0,0.0,28363.0,8.0,46071.0,25426.0,8.0,46090.0
47.46714814999723,0.0,0.0,0.0,0.0,0.0,0.0,0.0,0.0,0.0,0.0,0.0,0.0,0.0,28365.0,8.0,46112.0,25427.0,8.0,46120.0
47.47426740800438,0.0,0.0,0.0,0.0,0.0,0.0,0.0,0.0,0.0,0.0,0.0,0.0,0.0,28365.0,8.0,46112.0,25428.0,8.0,46125.0
47.50875798900961,0.0,0.0,0.0,0.0,0.0,0.0,0.0,0.0,0.0,0.0,0.0,0.0,0.0,28367.0,8.0,46152.0,25429.0,8.0,46160.0
47.51571322900418,0.0,0.0,0.0,0.0,0.0,0.0,0.0,0.0,0.0,0.0,0.0,0.0,0.0,28367.0,8.0,46152.0,25430.0,8.0,46166.0
47.663716904004104,0.0,0.0,0.0,0.0,0.0,0.0,0.0,0.0,0.0,0.0,0.0,0.0,0.0,28373.0,8.0,46272.0,25436.0,8.0,46290.0
47.670109744998626,0.0,0.0,0.0,0.0,0.0,0.0,0.0,0.0,0.0,0.0,0.0,0.0,0.0,28375.0,8.0,46312.0,25437.0,8.0,46320.0
47.67398095600947,0.0,0.0,0.0,0.0,0.0,0.0,0.0,0.0,0.0,0.0,0.0,0.0,0.0,28375.0,8.0,46312.0,25438.0,8.0,46326.0
47.711488339002244,0.0,0.0,0.0,0.0,0.0,0.0,0.0,0.0,0.0,0.0,0.0,0.0,0.0,28377.0,8.0,46352.0,25439.0,8.0,46360.0
47.714145373000065,0.0,0.0,0.0,0.0,0.0,0.0,0.0,0.0,0.0,0.0,0.0,0.0,0.0,28377.0,8.0,46352.0,25440.0,8.0,46366.0
47.76134533100412,0.0,0.0,0.0,0.0,0.0,0.0,0.0,0.0,0.0,0.0,0.0,0.0,0.0,28379.0,8.0,46392.0,25441.0,8.0,46400.0
47.761739292996936,0.0,0.0,0.0,0.0,0.0,0.0,0.0,0.0,0.0,0.0,0.0,0.0,0.0,28379.0,8.0,46392.0,25442.0,8.0,46406.0
47.81856191500265,0.0,0.0,0.0,0.0,0.0,0.0,0.0,0.0,0.0,0.0,0.0,0.0,0.0,28381.0,8.0,46431.0,25443.0,8.0,46440.0
47.81885746199987,0.0,0.0,0.0,0.0,0.0,0.0,0.0,0.0,0.0,0.0,0.0,0.0,0.0,28381.0,8.0,46431.0,25444.0,8.0,46446.0
47.88263846900372,0.0,0.0,0.0,0.0,0.0,0.0,0.0,0.0,0.0,0.0,0.0,0.0,0.0,28383.0,8.0,46472.0,25446.0,8.0,46490.0
47.88274138300039,0.0,0.0,0.0,0.0,0.0,0.0,0.0,0.0,0.0,0.0,0.0,0.0,0.0,28385.0,8.0,46512.0,25447.0,8.0,46520.0
47.88281024299795,0.0,0.0,0.0,0.0,0.0,0.0,0.0,0.0,0.0,0.0,0.0,0.0,0.0,28385.0,8.0,46512.0,25448.0,8.0,46526.0
47.909597414996824,0.0,0.0,0.0,0.0,0.0,0.0,0.0,0.0,0.0,0.0,0.0,0.0,0.0,28387.0,8.0,46551.0,25449.0,8.0,46560.0
47.91603001000476,0.0,0.0,0.0,0.0,0.0,0.0,0.0,0.0,0.0,0.0,0.0,0.0,0.0,28387.0,8.0,46551.0,25450.0,8.0,46567.0
47.949927825000486,0.0,0.0,0.0,0.0,0.0,0.0,0.0,0.0,0.0,0.0,0.0,0.0,0.0,28389.0,8.0,46592.0,25451.0,8.0,46600.0
47.955820413000765,0.0,0.0,0.0,0.0,0.0,0.0,0.0,0.0,0.0,0.0,0.0,0.0,0.0,28389.0,8.0,46592.0,25452.0,8.0,46606.0
48.103578770998865,0.0,0.0,0.0,0.0,0.0,0.0,0.0,0.0,0.0,0.0,0.0,0.0,0.0,28393.0,8.0,46672.0,25456.0,8.0,46690.0
48.10370090100332,0.0,0.0,0.0,0.0,0.0,0.0,0.0,0.0,0.0,0.0,0.0,0.0,0.0,28395.0,8.0,46712.0,25457.0,8.0,46720.0
48.103778908000095,0.0,0.0,0.0,0.0,0.0,0.0,0.0,0.0,0.0,0.0,0.0,0.0,0.0,28395.0,8.0,46712.0,25458.0,8.0,46726.0
48.108558270003414,0.0,0.0,0.0,0.0,0.0,0.0,0.0,0.0,0.0,0.0,0.0,0.0,0.0,28397.0,8.0,46751.0,25459.0,8.0,46760.0
48.12280519300839,0.0,0.0,0.0,0.0,0.0,0.0,0.0,0.0,0.0,0.0,0.0,0.0,0.0,28398.0,8.0,46772.0,25460.0,8.0,46775.0
48.135295708998456,0.0,0.0,0.0,0.0,0.0,0.0,0.0,0.0,0.0,0.0,0.0,0.0,0.0,28398.0,8.0,46772.0,25461.0,8.0,46785.0
48.17000876000384,0.0,0.0,0.0,0.0,0.0,0.0,0.0,0.0,0.0,0.0,0.0,0.0,0.0,28400.0,8.0,46812.0,25462.0,8.0,46820.0
48.173883858005865,0.0,0.0,0.0,0.0,0.0,0.0,0.0,0.0,0.0,0.0,0.0,0.0,0.0,28400.0,8.0,46812.0,25463.0,8.0,46826.0
48.20736314500391,0.0,0.0,0.0,0.0,0.0,0.0,0.0,0.0,0.0,0.0,0.0,0.0,0.0,28402.0,8.0,46852.0,25464.0,8.0,46860.0
48.32442204200197,0.0,0.0,0.0,0.0,0.0,0.0,0.0,0.0,0.0,0.0,0.0,0.0,0.0,28404.0,8.0,46892.0,25466.0,8.0,46900.0
48.3245706220041,0.0,0.0,0.0,0.0,0.0,0.0,0.0,0.0,0.0,0.0,0.0,0.0,0.0,28404.0,8.0,46892.0,25467.0,8.0,46906.0
48.32463725699927,0.0,0.0,0.0,0.0,0.0,0.0,0.0,0.0,0.0,0.0,0.0,0.0,0.0,28406.0,8.0,46931.0,25468.0,8.0,46940.0
48.32469595799921,0.0,0.0,0.0,0.0,0.0,0.0,0.0,0.0,0.0,0.0,0.0,0.0,0.0,28406.0,8.0,46931.0,25469.0,8.0,46946.0
48.32963933800056,0.0,0.0,0.0,0.0,0.0,0.0,0.0,0.0,0.0,0.0,0.0,0.0,0.0,28408.0,8.0,46972.0,25470.0,8.0,46980.0
48.34780618500372,0.0,0.0,0.0,0.0,0.0,0.0,0.0,0.0,0.0,0.0,0.0,0.0,0.0,28408.0,8.0,46972.0,25471.0,8.0,46990.0
48.372916199004976,0.0,0.0,0.0,0.0,0.0,0.0,0.0,0.0,0.0,0.0,0.0,0.0,0.0,28410.0,8.0,47012.0,25472.0,8.0,47020.0
48.37464486500539,0.0,0.0,0.0,0.0,0.0,0.0,0.0,0.0,0.0,0.0,0.0,0.0,0.0,28410.0,8.0,47012.0,25473.0,8.0,47026.0
48.4106085710082,0.0,0.0,0.0,0.0,0.0,0.0,0.0,0.0,0.0,0.0,0.0,0.0,0.0,28412.0,8.0,47051.0,25474.0,8.0,47060.0
48.414089668003726,0.0,0.0,0.0,0.0,0.0,0.0,0.0,0.0,0.0,0.0,0.0,0.0,0.0,28412.0,8.0,47051.0,25475.0,8.0,47066.0
48.544140002995846,0.0,0.0,0.0,0.0,0.0,0.0,0.0,0.0,0.0,0.0,0.0,0.0,0.0,28418.0,8.0,47171.0,25481.0,8.0,47190.0
48.56719444600458,0.0,0.0,0.0,0.0,0.0,0.0,0.0,0.0,0.0,0.0,0.0,0.0,0.0,28420.0,8.0,47212.0,25482.0,8.0,47220.0
48.57665096700657,0.0,0.0,0.0,0.0,0.0,0.0,0.0,0.0,0.0,0.0,0.0,0.0,0.0,28420.0,8.0,47212.0,25483.0,8.0,47226.0
48.60833121500036,0.0,0.0,0.0,0.0,0.0,0.0,0.0,0.0,0.0,0.0,0.0,0.0,0.0,28422.0,8.0,47252.0,25484.0,8.0,47260.0
48.61438697100675,0.0,0.0,0.0,0.0,0.0,0.0,0.0,0.0,0.0,0.0,0.0,0.0,0.0,28422.0,8.0,47252.0,25485.0,8.0,47266.0
48.7669869280071,0.0,0.0,0.0,0.0,0.0,0.0,0.0,0.0,0.0,0.0,0.0,0.0,0.0,28424.0,8.0,47292.0,25486.0,8.0,47300.0
48.76731142900826,0.0,0.0,0.0,0.0,0.0,0.0,0.0,0.0,0.0,0.0,0.0,0.0,0.0,28428.0,8.0,47371.0,25491.0,8.0,47390.0
48.77172563300701,0.0,0.0,0.0,0.0,0.0,0.0,0.0,0.0,0.0,0.0,0.0,0.0,0.0,28430.0,8.0,47412.0,25492.0,8.0,47420.0
48.77573608700186,0.0,0.0,0.0,0.0,0.0,0.0,0.0,0.0,0.0,0.0,0.0,0.0,0.0,28430.0,8.0,47412.0,25493.0,8.0,47426.0
48.80805290400167,0.0,0.0,0.0,0.0,0.0,0.0,0.0,0.0,0.0,0.0,0.0,0.0,0.0,28432.0,8.0,47451.0,25494.0,8.0,47460.0
48.814303817998734,0.0,0.0,0.0,0.0,0.0,0.0,0.0,0.0,0.0,0.0,0.0,0.0,0.0,28432.0,8.0,47451.0,25495.0,8.0,47466.0
48.84776956900896,0.0,0.0,0.0,0.0,0.0,0.0,0.0,0.0,0.0,0.0,0.0,0.0,0.0,28434.0,8.0,47492.0,25496.0,8.0,47500.0
48.8546264040051,0.0,0.0,0.0,0.0,0.0,0.0,0.0,0.0,0.0,0.0,0.0,0.0,0.0,28434.0,8.0,47492.0,25497.0,8.0,47506.0
48.99042331399687,0.0,0.0,0.0,0.0,0.0,0.0,0.0,0.0,0.0,0.0,0.0,0.0,0.0,28438.0,8.0,47571.0,25501.0,8.0,47590.0
48.99065469999914,0.0,0.0,0.0,0.0,0.0,0.0,0.0,0.0,0.0,0.0,0.0,0.0,0.0,28440.0,8.0,47612.0,25502.0,8.0,47620.0
48.9907220669993,0.0,0.0,0.0,0.0,0.0,0.0,0.0,0.0,0.0,0.0,0.0,0.0,0.0,28440.0,8.0,47612.0,25503.0,8.0,47626.0
49.01151926800958,0.0,0.0,0.0,0.0,0.0,0.0,0.0,0.0,0.0,0.0,0.0,0.0,0.0,28442.0,8.0,47652.0,25504.0,8.0,47660.0
49.014002205003635,0.0,0.0,0.0,0.0,0.0,0.0,0.0,0.0,0.0,0.0,0.0,0.0,0.0,28442.0,8.0,47652.0,25505.0,8.0,47666.0
49.04897639900446,0.0,0.0,0.0,0.0,0.0,0.0,0.0,0.0,0.0,0.0,0.0,0.0,0.0,28444.0,8.0,47692.0,25506.0,8.0,47700.0
49.05429657900822,0.0,0.0,0.0,0.0,0.0,0.0,0.0,0.0,0.0,0.0,0.0,0.0,0.0,28444.0,8.0,47692.0,25507.0,8.0,47706.0
49.206741068002884,0.0,0.0,0.0,0.0,0.0,0.0,0.0,0.0,0.0,0.0,0.0,0.0,0.0,28446.0,8.0,47731.0,25508.0,8.0,47740.0
49.218313855002634,0.0,0.0,0.0,0.0,0.0,0.0,0.0,0.0,0.0,0.0,0.0,0.0,0.0,28452.0,8.0,47852.0,25511.0,8.0,47869.0
49.24962147300539,0.0,0.0,0.0,0.0,0.0,0.0,0.0,0.0,0.0,0.0,0.0,0.0,0.0,28454.0,8.0,47892.0,25512.0,8.0,47900.0
49.254302419009036,0.0,0.0,0.0,0.0,0.0,0.0,0.0,0.0,0.0,0.0,0.0,0.0,0.0,28454.0,8.0,47892.0,25513.0,8.0,47906.0
49.28984840000339,0.0,0.0,0.0,0.0,0.0,0.0,0.0,0.0,0.0,0.0,0.0,0.0,0.0,28456.0,8.0,47931.0,25514.0,8.0,47940.0
49.294361020001816,0.0,0.0,0.0,0.0,0.0,0.0,0.0,0.0,0.0,0.0,0.0,0.0,0.0,28456.0,8.0,47931.0,25515.0,8.0,47946.0
49.42321486500441,0.0,0.0,0.0,0.0,0.0,0.0,0.0,0.0,0.0,0.0,0.0,0.0,0.0,28462.0,8.0,48051.0,25521.0,8.0,48069.0
49.449583000008715,0.0,0.0,0.0,0.0,0.0,0.0,0.0,0.0,0.0,0.0,0.0,0.0,0.0,28464.0,8.0,48092.0,25522.0,8.0,48100.0
49.45517792800092,0.0,0.0,0.0,0.0,0.0,0.0,0.0,0.0,0.0,0.0,0.0,0.0,0.0,28464.0,8.0,48092.0,25523.0,8.0,48106.0
49.488876297997194,0.0,0.0,0.0,0.0,0.0,0.0,0.0,0.0,0.0,0.0,0.0,0.0,0.0,28466.0,8.0,48131.0,25524.0,8.0,48140.0
49.643503908999264,0.0,0.0,0.0,0.0,0.0,0.0,0.0,0.0,0.0,0.0,0.0,0.0,0.0,28468.0,8.0,48172.0,25526.0,8.0,48180.0
49.643610510000144,0.0,0.0,0.0,0.0,0.0,0.0,0.0,0.0,0.0,0.0,0.0,0.0,0.0,28468.0,8.0,48172.0,25527.0,8.0,48186.0
49.64367433999723,0.0,0.0,0.0,0.0,0.0,0.0,0.0,0.0,0.0,0.0,0.0,0.0,0.0,28472.0,8.0,48251.0,25531.0,8.0,48270.0
49.65059410300455,0.0,0.0,0.0,0.0,0.0,0.0,0.0,0.0,0.0,0.0,0.0,0.0,0.0,28474.0,8.0,48292.0,25532.0,8.0,48300.0
49.654220844007796,0.0,0.0,0.0,0.0,0.0,0.0,0.0,0.0,0.0,0.0,0.0,0.0,0.0,28474.0,8.0,48292.0,25533.0,8.0,48306.0
49.68731694101007,0.0,0.0,0.0,0.0,0.0,0.0,0.0,0.0,0.0,0.0,0.0,0.0,0.0,28476.0,8.0,48331.0,25534.0,8.0,48340.0
49.693548477996956,0.0,0.0,0.0,0.0,0.0,0.0,0.0,0.0,0.0,0.0,0.0,0.0,0.0,28476.0,8.0,48331.0,25535.0,8.0,48346.0
49.727114107998204,0.0,0.0,0.0,0.0,0.0,0.0,0.0,0.0,0.0,0.0,0.0,0.0,0.0,28478.0,8.0,48372.0,25536.0,8.0,48380.0
49.73323028800951,0.0,0.0,0.0,0.0,0.0,0.0,0.0,0.0,0.0,0.0,0.0,0.0,0.0,28478.0,8.0,48372.0,25537.0,8.0,48386.0
49.76802940201014,0.0,0.0,0.0,0.0,0.0,0.0,0.0,0.0,0.0,0.0,0.0,0.0,0.0,28480.0,8.0,48412.0,25538.0,8.0,48420.0
49.86196280500735,0.0,0.0,0.0,0.0,0.0,0.0,0.0,0.0,0.0,0.0,0.0,0.0,0.0,28482.0,8.0,48451.0,25541.0,8.0,48469.0
49.8623013930046,0.0,0.0,0.0,0.0,0.0,0.0,0.0,0.0,0.0,0.0,0.0,0.0,0.0,28484.0,8.0,48492.0,25542.0,8.0,48500.0
49.86237052299839,0.0,0.0,0.0,0.0,0.0,0.0,0.0,0.0,0.0,0.0,0.0,0.0,0.0,28484.0,8.0,48492.0,25543.0,8.0,48506.0
49.88720227399608,0.0,0.0,0.0,0.0,0.0,0.0,0.0,0.0,0.0,0.0,0.0,0.0,0.0,28486.0,8.0,48531.0,25544.0,8.0,48540.0
49.89382855400618,0.0,0.0,0.0,0.0,0.0,0.0,0.0,0.0,0.0,0.0,0.0,0.0,0.0,28486.0,8.0,48531.0,25545.0,8.0,48546.0
49.92737794500135,0.0,0.0,0.0,0.0,0.0,0.0,0.0,0.0,0.0,0.0,0.0,0.0,0.0,28488.0,8.0,48572.0,25546.0,8.0,48580.0
49.93381069099996,0.0,0.0,0.0,0.0,0.0,0.0,0.0,0.0,0.0,0.0,0.0,0.0,0.0,28488.0,8.0,48572.0,25547.0,8.0,48586.0
50.05445254199731,0.0,0.0,0.0,0.0,0.0,0.0,0.0,0.0,0.0,0.0,0.0,0.0,0.0,28490.0,8.0,48612.0,25548.0,8.0,48620.0
50.05474084500747,0.0,0.0,0.0,0.0,0.0,0.0,0.0,0.0,0.0,0.0,0.0,0.0,0.0,28492.0,8.0,48651.0,25551.0,8.0,48669.0
50.05481808100012,0.0,0.0,0.0,0.0,0.0,0.0,0.0,0.0,0.0,0.0,0.0,0.0,0.0,28494.0,8.0,48692.0,25552.0,8.0,48700.0
50.05491579500085,0.0,0.0,0.0,0.0,0.0,0.0,0.0,0.0,0.0,0.0,0.0,0.0,0.0,28494.0,8.0,48692.0,25553.0,8.0,48706.0
50.09026018700388,0.0,0.0,0.0,0.0,0.0,0.0,0.0,0.0,0.0,0.0,0.0,0.0,0.0,28496.0,8.0,48732.0,25554.0,8.0,48740.0
50.10743449500296,0.0,0.0,0.0,0.0,0.0,0.0,0.0,0.0,0.0,0.0,0.0,0.0,0.0,28496.0,8.0,48732.0,25555.0,8.0,48746.0
50.13939224900969,0.0,0.0,0.0,0.0,0.0,0.0,0.0,0.0,0.0,0.0,0.0,0.0,0.0,28498.0,8.0,48772.0,25556.0,8.0,48780.0
50.17139691000921,0.0,0.0,0.0,0.0,0.0,0.0,0.0,0.0,0.0,0.0,0.0,0.0,0.0,28499.0,8.0,48792.0,25557.0,8.0,48804.0
50.30285428299976,0.0,0.0,0.0,0.0,0.0,0.0,0.0,0.0,0.0,0.0,0.0,0.0,0.0,28503.0,8.0,48871.0,25561.0,8.0,48889.0
50.30298214399954,0.0,0.0,0.0,0.0,0.0,0.0,0.0,0.0,0.0,0.0,0.0,0.0,0.0,28505.0,8.0,48912.0,25562.0,8.0,48920.0
50.30306553099945,0.0,0.0,0.0,0.0,0.0,0.0,0.0,0.0,0.0,0.0,0.0,0.0,0.0,28505.0,8.0,48912.0,25563.0,8.0,48926.0
50.307574745005695,0.0,0.0,0.0,0.0,0.0,0.0,0.0,0.0,0.0,0.0,0.0,0.0,0.0,28507.0,8.0,48951.0,25564.0,8.0,48960.0
50.314156181004364,0.0,0.0,0.0,0.0,0.0,0.0,0.0,0.0,0.0,0.0,0.0,0.0,0.0,28507.0,8.0,48951.0,25565.0,8.0,48966.0
50.348712849008734,0.0,0.0,0.0,0.0,0.0,0.0,0.0,0.0,0.0,0.0,0.0,0.0,0.0,28509.0,8.0,48992.0,25566.0,8.0,49000.0
50.35331070900429,0.0,0.0,0.0,0.0,0.0,0.0,0.0,0.0,0.0,0.0,0.0,0.0,0.0,28509.0,8.0,48992.0,25567.0,8.0,49006.0
50.39005998799985,0.0,0.0,0.0,0.0,0.0,0.0,0.0,0.0,0.0,0.0,0.0,0.0,0.0,28511.0,8.0,49032.0,25568.0,8.0,49040.0
50.39400396600831,0.0,0.0,0.0,0.0,0.0,0.0,0.0,0.0,0.0,0.0,0.0,0.0,0.0,28511.0,8.0,49032.0,25569.0,8.0,49046.0
50.54833940100798,0.0,0.0,0.0,0.0,0.0,0.0,0.0,0.0,0.0,0.0,0.0,0.0,0.0,28519.0,8.0,49192.0,25576.0,8.0,49200.0
50.55657529400196,0.0,0.0,0.0,0.0,0.0,0.0,0.0,0.0,0.0,0.0,0.0,0.0,0.0,28519.0,8.0,49192.0,25577.0,8.0,49206.0
50.58833277999656,0.0,0.0,0.0,0.0,0.0,0.0,0.0,0.0,0.0,0.0,0.0,0.0,0.0,28521.0,8.0,49232.0,25578.0,8.0,49240.0
50.59412839599827,0.0,0.0,0.0,0.0,0.0,0.0,0.0,0.0,0.0,0.0,0.0,0.0,0.0,28521.0,8.0,49232.0,25579.0,8.0,49246.0
50.64582949600299,0.0,0.0,0.0,0.0,0.0,0.0,0.0,0.0,0.0,0.0,0.0,0.0,0.0,28523.0,8.0,49271.0,25580.0,8.0,49280.0
50.64592585799983,0.0,0.0,0.0,0.0,0.0,0.0,0.0,0.0,0.0,0.0,0.0,0.0,0.0,28523.0,8.0,49271.0,25581.0,8.0,49289.0
50.754747286002384,0.0,0.0,0.0,0.0,0.0,0.0,0.0,0.0,0.0,0.0,0.0,0.0,0.0,28529.0,8.0,49392.0,25586.0,8.0,49400.0
50.75485245400341,0.0,0.0,0.0,0.0,0.0,0.0,0.0,0.0,0.0,0.0,0.0,0.0,0.0,28529.0,8.0,49392.0,25587.0,8.0,49406.0
50.78760783899634,0.0,0.0,0.0,0.0,0.0,0.0,0.0,0.0,0.0,0.0,0.0,0.0,0.0,28531.0,8.0,49432.0,25588.0,8.0,49440.0
50.79445458500413,0.0,0.0,0.0,0.0,0.0,0.0,0.0,0.0,0.0,0.0,0.0,0.0,0.0,28531.0,8.0,49432.0,25589.0,8.0,49446.0
50.82943565300957,0.0,0.0,0.0,0.0,0.0,0.0,0.0,0.0,0.0,0.0,0.0,0.0,0.0,28533.0,8.0,49471.0,25590.0,8.0,49480.0
50.83610029600095,0.0,0.0,0.0,0.0,0.0,0.0,0.0,0.0,0.0,0.0,0.0,0.0,0.0,28533.0,8.0,49471.0,25591.0,8.0,49489.0
50.96198967199598,0.0,0.0,0.0,0.0,0.0,0.0,0.0,0.0,0.0,0.0,0.0,0.0,0.0,28539.0,8.0,49592.0,25596.0,8.0,49600.0
50.96210452899686,0.0,0.0,0.0,0.0,0.0,0.0,0.0,0.0,0.0,0.0,0.0,0.0,0.0,28539.0,8.0,49592.0,25597.0,8.0,49606.0
50.98874586900638,0.0,0.0,0.0,0.0,0.0,0.0,0.0,0.0,0.0,0.0,0.0,0.0,0.0,28541.0,8.0,49632.0,25598.0,8.0,49640.0
50.99386457100627,0.0,0.0,0.0,0.0,0.0,0.0,0.0,0.0,0.0,0.0,0.0,0.0,0.0,28541.0,8.0,49632.0,25599.0,8.0,49646.0
51.030244134002714,0.0,0.0,0.0,0.0,0.0,0.0,0.0,0.0,0.0,0.0,0.0,0.0,0.0,28543.0,8.0,49671.0,25600.0,8.0,49680.0
51.03806596600043,0.0,0.0,0.0,0.0,0.0,0.0,0.0,0.0,0.0,0.0,0.0,0.0,0.0,28543.0,8.0,49671.0,25601.0,8.0,49689.0
51.18391999100277,0.0,0.0,0.0,0.0,0.0,0.0,0.0,0.0,0.0,0.0,0.0,0.0,0.0,28545.0,8.0,49712.0,25602.0,8.0,49720.0
51.18443545099581,0.0,0.0,0.0,0.0,0.0,0.0,0.0,0.0,0.0,0.0,0.0,0.0,0.0,28549.0,8.0,49792.0,25606.0,8.0,49800.0
51.19534003100125,0.0,0.0,0.0,0.0,0.0,0.0,0.0,0.0,0.0,0.0,0.0,0.0,0.0,28551.0,8.0,49831.0,25607.0,8.0,49846.0
51.23008402300184,0.0,0.0,0.0,0.0,0.0,0.0,0.0,0.0,0.0,0.0,0.0,0.0,0.0,28553.0,8.0,49871.0,25608.0,8.0,49880.0
51.24470625500544,0.0,0.0,0.0,0.0,0.0,0.0,0.0,0.0,0.0,0.0,0.0,0.0,0.0,28553.0,8.0,49871.0,25609.0,8.0,49885.0
51.278297616008786,0.0,0.0,0.0,0.0,0.0,0.0,0.0,0.0,0.0,0.0,0.0,0.0,0.0,28555.0,8.0,49912.0,25611.0,8.0,49930.0
51.348804278997704,0.0,0.0,0.0,0.0,0.0,0.0,0.0,0.0,0.0,0.0,0.0,0.0,0.0,28557.0,8.0,49952.0,25612.0,8.0,49960.0
51.34891839399643,0.0,0.0,0.0,0.0,0.0,0.0,0.0,0.0,0.0,0.0,0.0,0.0,0.0,28557.0,8.0,49952.0,25613.0,8.0,49966.0
51.3489863720024,0.0,0.0,0.0,0.0,0.0,0.0,0.0,0.0,0.0,0.0,0.0,0.0,0.0,28559.0,8.0,49991.0,25614.0,8.0,50000.0
51.40180338600476,0.0,0.0,0.0,0.0,0.0,0.0,0.0,0.0,0.0,0.0,0.0,0.0,0.0,28561.0,8.0,50032.0,25616.0,8.0,50040.0
51.4022444870061,0.0,0.0,0.0,0.0,0.0,0.0,0.0,0.0,0.0,0.0,0.0,0.0,0.0,28561.0,8.0,50032.0,25617.0,8.0,50046.0
51.42861721100053,0.0,0.0,0.0,0.0,0.0,0.0,0.0,0.0,0.0,0.0,0.0,0.0,0.0,28563.0,8.0,50071.0,25618.0,8.0,50080.0
51.434327758004656,0.0,0.0,0.0,0.0,0.0,0.0,0.0,0.0,0.0,0.0,0.0,0.0,0.0,28563.0,8.0,50071.0,25619.0,8.0,50086.0
51.46775071200682,0.0,0.0,0.0,0.0,0.0,0.0,0.0,0.0,0.0,0.0,0.0,0.0,0.0,28565.0,8.0,50112.0,25620.0,8.0,50120.0
51.477665136000724,0.0,0.0,0.0,0.0,0.0,0.0,0.0,0.0,0.0,0.0,0.0,0.0,0.0,28565.0,8.0,50112.0,25621.0,8.0,50130.0
51.622685178997926,0.0,0.0,0.0,0.0,0.0,0.0,0.0,0.0,0.0,0.0,0.0,0.0,0.0,28567.0,8.0,50152.0,25622.0,8.0,50160.0
51.62283760600258,0.0,0.0,0.0,0.0,0.0,0.0,0.0,0.0,0.0,0.0,0.0,0.0,0.0,28571.0,8.0,50232.0,25626.0,8.0,50240.0
51.62290909100557,0.0,0.0,0.0,0.0,0.0,0.0,0.0,0.0,0.0,0.0,0.0,0.0,0.0,28571.0,8.0,50232.0,25627.0,8.0,50246.0
51.62864277100016,0.0,0.0,0.0,0.0,0.0,0.0,0.0,0.0,0.0,0.0,0.0,0.0,0.0,28573.0,8.0,50271.0,25628.0,8.0,50280.0
51.63482200000726,0.0,0.0,0.0,0.0,0.0,0.0,0.0,0.0,0.0,0.0,0.0,0.0,0.0,28573.0,8.0,50271.0,25629.0,8.0,50286.0
51.66893536399584,0.0,0.0,0.0,0.0,0.0,0.0,0.0,0.0,0.0,0.0,0.0,0.0,0.0,28575.0,8.0,50312.0,25630.0,8.0,50320.0
51.67829967199941,0.0,0.0,0.0,0.0,0.0,0.0,0.0,0.0,0.0,0.0,0.0,0.0,0.0,28575.0,8.0,50312.0,25631.0,8.0,50330.0
51.711047735007014,0.0,0.0,0.0,0.0,0.0,0.0,0.0,0.0,0.0,0.0,0.0,0.0,0.0,28577.0,8.0,50352.0,25632.0,8.0,50360.0
51.71419092500582,0.0,0.0,0.0,0.0,0.0,0.0,0.0,0.0,0.0,0.0,0.0,0.0,0.0,28577.0,8.0,50352.0,25633.0,8.0,50366.0
51.848601916004554,0.0,0.0,0.0,0.0,0.0,0.0,0.0,0.0,0.0,0.0,0.0,0.0,0.0,28581.0,8.0,50432.0,25636.0,8.0,50440.0
51.84905240400985,0.0,0.0,0.0,0.0,0.0,0.0,0.0,0.0,0.0,0.0,0.0,0.0,0.0,28581.0,8.0,50432.0,25637.0,8.0,50446.0
51.8493738600082,0.0,0.0,0.0,0.0,0.0,0.0,0.0,0.0,0.0,0.0,0.0,0.0,0.0,28583.0,8.0,50471.0,25638.0,8.0,50480.0
51.84956440899987,0.0,0.0,0.0,0.0,0.0,0.0,0.0,0.0,0.0,0.0,0.0,0.0,0.0,28583.0,8.0,50471.0,25639.0,8.0,50486.0
51.87683540499711,0.0,0.0,0.0,0.0,0.0,0.0,0.0,0.0,0.0,0.0,0.0,0.0,0.0,28585.0,8.0,50512.0,25641.0,8.0,50529.0
51.9088083079987,0.0,0.0,0.0,0.0,0.0,0.0,0.0,0.0,0.0,0.0,0.0,0.0,0.0,28587.0,8.0,50552.0,25642.0,8.0,50560.0
51.92412319399591,0.0,0.0,0.0,0.0,0.0,0.0,0.0,0.0,0.0,0.0,0.0,0.0,0.0,28587.0,8.0,50552.0,25643.0,8.0,50566.0
52.05343808900216,0.0,0.0,0.0,0.0,0.0,0.0,0.0,0.0,0.0,0.0,0.0,0.0,0.0,28589.0,8.0,50591.0,25644.0,8.0,50600.0
52.062739508997765,0.0,0.0,0.0,0.0,0.0,0.0,0.0,0.0,0.0,0.0,0.0,0.0,0.0,28591.0,8.0,50632.0,25646.0,8.0,50640.0
52.06283126201015,0.0,0.0,0.0,0.0,0.0,0.0,0.0,0.0,0.0,0.0,0.0,0.0,0.0,28591.0,8.0,50632.0,25647.0,8.0,50646.0
52.0628955130087,0.0,0.0,0.0,0.0,0.0,0.0,0.0,0.0,0.0,0.0,0.0,0.0,0.0,28593.0,8.0,50672.0,25648.0,8.0,50680.0
52.06300525000552,0.0,0.0,0.0,0.0,0.0,0.0,0.0,0.0,0.0,0.0,0.0,0.0,0.0,28593.0,8.0,50672.0,25649.0,8.0,50686.0
52.06831119400158,0.0,0.0,0.0,0.0,0.0,0.0,0.0,0.0,0.0,0.0,0.0,0.0,0.0,28595.0,8.0,50711.0,25650.0,8.0,50720.0
52.07846045099723,0.0,0.0,0.0,0.0,0.0,0.0,0.0,0.0,0.0,0.0,0.0,0.0,0.0,28595.0,8.0,50711.0,25651.0,8.0,50729.0
52.110390304005705,0.0,0.0,0.0,0.0,0.0,0.0,0.0,0.0,0.0,0.0,0.0,0.0,0.0,28597.0,8.0,50752.0,25652.0,8.0,50760.0
52.11421171200345,0.0,0.0,0.0,0.0,0.0,0.0,0.0,0.0,0.0,0.0,0.0,0.0,0.0,28597.0,8.0,50752.0,25653.0,8.0,50766.0
52.1491073310026,0.0,0.0,0.0,0.0,0.0,0.0,0.0,0.0,0.0,0.0,0.0,0.0,0.0,28599.0,8.0,50791.0,25654.0,8.0,50800.0
52.165722827005084,0.0,0.0,0.0,0.0,0.0,0.0,0.0,0.0,0.0,0.0,0.0,0.0,0.0,28600.0,8.0,50812.0,25655.0,8.0,50818.0
52.583816722995834,0.0,0.0,0.0,0.0,0.0,0.0,0.0,0.0,0.0,0.0,0.0,0.0,0.0,28620.0,8.0,51212.0,25676.0,8.0,51230.0
52.608649738001986,0.0,0.0,0.0,0.0,0.0,0.0,0.0,0.0,0.0,0.0,0.0,0.0,0.0,28622.0,8.0,51252.0,25677.0,8.0,51260.0
52.613876322997385,0.0,0.0,0.0,0.0,0.0,0.0,0.0,0.0,0.0,0.0,0.0,0.0,0.0,28622.0,8.0,51252.0,25678.0,8.0,51266.0
52.64739414599899,0.0,0.0,0.0,0.0,0.0,0.0,0.0,0.0,0.0,0.0,0.0,0.0,0.0,28624.0,8.0,51291.0,25679.0,8.0,51300.0
52.6537687730015,0.0,0.0,0.0,0.0,0.0,0.0,0.0,0.0,0.0,0.0,0.0,0.0,0.0,28624.0,8.0,51291.0,25680.0,8.0,51306.0
53.092122935006046,0.0,0.0,0.0,0.0,0.0,0.0,0.0,0.0,0.0,0.0,0.0,0.0,0.0,28646.0,8.0,51732.0,25701.0,8.0,51740.0
53.09541121900838,0.0,0.0,0.0,0.0,0.0,0.0,0.0,0.0,0.0,0.0,0.0,0.0,0.0,28646.0,8.0,51732.0,25702.0,8.0,51746.0
53.12714645599772,0.0,0.0,0.0,0.0,0.0,0.0,0.0,0.0,0.0,0.0,0.0,0.0,0.0,28648.0,8.0,51771.0,25703.0,8.0,51780.0
53.144402129008085,0.0,0.0,0.0,0.0,0.0,0.0,0.0,0.0,0.0,0.0,0.0,0.0,0.0,28648.0,8.0,51771.0,25704.0,8.0,51785.0
53.1682079500024,0.0,0.0,0.0,0.0,0.0,0.0,0.0,0.0,0.0,0.0,0.0,0.0,0.0,28650.0,8.0,51811.0,25705.0,8.0,51820.0
53.59913895800128,0.0,0.0,0.0,0.0,0.0,0.0,0.0,0.0,0.0,0.0,0.0,0.0,0.0,28671.0,8.0,52231.0,25726.0,8.0,52249.0
53.630946902005235,0.0,0.0,0.0,0.0,0.0,0.0,0.0,0.0,0.0,0.0,0.0,0.0,0.0,28673.0,8.0,52272.0,25727.0,8.0,52280.0
53.632866137006204,0.0,0.0,0.0,0.0,0.0,0.0,0.0,0.0,0.0,0.0,0.0,0.0,0.0,28673.0,8.0,52272.0,25728.0,8.0,52285.0
53.66747599899827,0.0,0.0,0.0,0.0,0.0,0.0,0.0,0.0,0.0,0.0,0.0,0.0,0.0,28675.0,8.0,52312.0,25729.0,8.0,52320.0
53.674405832003686,0.0,0.0,0.0,0.0,0.0,0.0,0.0,0.0,0.0,0.0,0.0,0.0,0.0,28675.0,8.0,52312.0,25730.0,8.0,52326.0
54.109221261998755,0.0,0.0,0.0,0.0,0.0,0.0,0.0,0.0,0.0,0.0,0.0,0.0,0.0,28697.0,8.0,52752.0,25751.0,8.0,52760.0
54.112501992000034,0.0,0.0,0.0,0.0,0.0,0.0,0.0,0.0,0.0,0.0,0.0,0.0,0.0,28697.0,8.0,52752.0,25752.0,8.0,52765.0
54.14832129300339,0.0,0.0,0.0,0.0,0.0,0.0,0.0,0.0,0.0,0.0,0.0,0.0,0.0,28699.0,8.0,52791.0,25753.0,8.0,52800.0
54.15611218800768,0.0,0.0,0.0,0.0,0.0,0.0,0.0,0.0,0.0,0.0,0.0,0.0,0.0,28699.0,8.0,52791.0,25754.0,8.0,52806.0
54.18855367600918,0.0,0.0,0.0,0.0,0.0,0.0,0.0,0.0,0.0,0.0,0.0,0.0,0.0,28701.0,8.0,52831.0,25755.0,8.0,52840.0
54.20910084999923,0.0,0.0,0.0,0.0,0.0,0.0,0.0,0.0,0.0,0.0,0.0,0.0,0.0,28702.0,8.0,52852.0,25756.0,8.0,52858.0
54.61560129199643,0.0,0.0,0.0,0.0,0.0,0.0,0.0,0.0,0.0,0.0,0.0,0.0,0.0,28722.0,8.0,53252.0,25776.0,8.0,53260.0
54.62135245499667,0.0,0.0,0.0,0.0,0.0,0.0,0.0,0.0,0.0,0.0,0.0,0.0,0.0,28722.0,8.0,53252.0,25777.0,8.0,53266.0
54.647252141003264,0.0,0.0,0.0,0.0,0.0,0.0,0.0,0.0,0.0,0.0,0.0,0.0,0.0,28724.0,8.0,53292.0,25778.0,8.0,53300.0
54.65384035100578,0.0,0.0,0.0,0.0,0.0,0.0,0.0,0.0,0.0,0.0,0.0,0.0,0.0,28724.0,8.0,53292.0,25779.0,8.0,53306.0
54.68890493000799,0.0,0.0,0.0,0.0,0.0,0.0,0.0,0.0,0.0,0.0,0.0,0.0,0.0,28726.0,8.0,53332.0,25780.0,8.0,53340.0
54.698735527010285,0.0,0.0,0.0,0.0,0.0,0.0,0.0,0.0,0.0,0.0,0.0,0.0,0.0,28726.0,8.0,53332.0,25781.0,8.0,53351.0
55.12701736400777,0.0,0.0,0.0,0.0,0.0,0.0,0.0,0.0,0.0,0.0,0.0,0.0,0.0,28746.0,8.0,53732.0,25801.0,8.0,53750.0
55.13082587800454,0.0,0.0,0.0,0.0,0.0,0.0,0.0,0.0,0.0,0.0,0.0,0.0,0.0,28748.0,8.0,53772.0,25802.0,8.0,53780.0
55.13284810700861,0.0,0.0,0.0,0.0,0.0,0.0,0.0,0.0,0.0,0.0,0.0,0.0,0.0,28748.0,8.0,53772.0,25803.0,8.0,53786.0
55.170308029002626,0.0,0.0,0.0,0.0,0.0,0.0,0.0,0.0,0.0,0.0,0.0,0.0,0.0,28750.0,8.0,53812.0,25804.0,8.0,53820.0
55.17513963000965,0.0,0.0,0.0,0.0,0.0,0.0,0.0,0.0,0.0,0.0,0.0,0.0,0.0,28750.0,8.0,53812.0,25805.0,8.0,53826.0
55.208661234006286,0.0,0.0,0.0,0.0,0.0,0.0,0.0,0.0,0.0,0.0,0.0,0.0,0.0,28752.0,8.0,53852.0,25806.0,8.0,53860.0
55.22199421899859,0.0,0.0,0.0,0.0,0.0,0.0,0.0,0.0,0.0,0.0,0.0,0.0,0.0,28753.0,8.0,53873.0,25807.0,8.0,53873.0
55.63851745300053,0.0,0.0,0.0,0.0,0.0,0.0,0.0,0.0,0.0,0.0,0.0,0.0,0.0,28772.0,8.0,54252.0,25826.0,8.0,54260.0
55.638681131997146,0.0,0.0,0.0,0.0,0.0,0.0,0.0,0.0,0.0,0.0,0.0,0.0,0.0,28772.0,8.0,54252.0,25827.0,8.0,54266.0
55.65037616100744,0.0,0.0,0.0,0.0,0.0,0.0,0.0,0.0,0.0,0.0,0.0,0.0,0.0,28774.0,8.0,54291.0,25828.0,8.0,54300.0
55.65594187499664,0.0,0.0,0.0,0.0,0.0,0.0,0.0,0.0,0.0,0.0,0.0,0.0,0.0,28774.0,8.0,54291.0,25829.0,8.0,54306.0
55.68913828700897,0.0,0.0,0.0,0.0,0.0,0.0,0.0,0.0,0.0,0.0,0.0,0.0,0.0,28776.0,8.0,54331.0,25830.0,8.0,54340.0
55.699858911000774,0.0,0.0,0.0,0.0,0.0,0.0,0.0,0.0,0.0,0.0,0.0,0.0,0.0,28776.0,8.0,54331.0,25831.0,8.0,54350.0
55.72907909200876,0.0,0.0,0.0,0.0,0.0,0.0,0.0,0.0,0.0,0.0,0.0,0.0,0.0,28778.0,8.0,54372.0,25832.0,8.0,54380.0
55.73383017099695,0.0,0.0,0.0,0.0,0.0,0.0,0.0,0.0,0.0,0.0,0.0,0.0,0.0,28778.0,8.0,54372.0,25833.0,8.0,54386.0
56.14535942400107,0.0,0.0,0.0,0.0,0.0,0.0,0.0,0.0,0.0,0.0,0.0,0.0,0.0,28796.0,8.0,54731.0,25851.0,8.0,54750.0
56.145589888008544,0.0,0.0,0.0,0.0,0.0,0.0,0.0,0.0,0.0,0.0,0.0,0.0,0.0,28798.0,8.0,54772.0,25852.0,8.0,54780.0
56.145658306995756,0.0,0.0,0.0,0.0,0.0,0.0,0.0,0.0,0.0,0.0,0.0,0.0,0.0,28798.0,8.0,54772.0,25853.0,8.0,54786.0
56.17144015300437,0.0,0.0,0.0,0.0,0.0,0.0,0.0,0.0,0.0,0.0,0.0,0.0,0.0,28800.0,8.0,54811.0,25854.0,8.0,54820.0
56.17402421000588,0.0,0.0,0.0,0.0,0.0,0.0,0.0,0.0,0.0,0.0,0.0,0.0,0.0,28800.0,8.0,54811.0,25855.0,8.0,54826.0
56.2088419770007,0.0,0.0,0.0,0.0,0.0,0.0,0.0,0.0,0.0,0.0,0.0,0.0,0.0,28802.0,8.0,54852.0,25856.0,8.0,54860.0
56.22341700200923,0.0,0.0,0.0,0.0,0.0,0.0,0.0,0.0,0.0,0.0,0.0,0.0,0.0,28802.0,8.0,54852.0,25857.0,8.0,54873.0
56.655755870000576,0.0,0.0,0.0,0.0,0.0,0.0,0.0,0.0,0.0,0.0,0.0,0.0,0.0,28804.0,8.0,54892.0,25858.0,8.0,54900.0
56.65631683700485,0.0,0.0,0.0,0.0,0.0,0.0,0.0,0.0,0.0,0.0,0.0,0.0,0.0,28822.0,8.0,55252.0,25876.0,8.0,55260.0
56.6563867579971,0.0,0.0,0.0,0.0,0.0,0.0,0.0,0.0,0.0,0.0,0.0,0.0,0.0,28822.0,8.0,55252.0,25877.0,8.0,55266.0
56.65644659100508,0.0,0.0,0.0,0.0,0.0,0.0,0.0,0.0,0.0,0.0,0.0,0.0,0.0,28824.0,8.0,55291.0,25878.0,8.0,55300.0
56.65650150399597,0.0,0.0,0.0,0.0,0.0,0.0,0.0,0.0,0.0,0.0,0.0,0.0,0.0,28824.0,8.0,55291.0,25879.0,8.0,55306.0
56.69595537400164,0.0,0.0,0.0,0.0,0.0,0.0,0.0,0.0,0.0,0.0,0.0,0.0,0.0,28826.0,8.0,55331.0,25880.0,8.0,55340.0
56.698969702003524,0.0,0.0,0.0,0.0,0.0,0.0,0.0,0.0,0.0,0.0,0.0,0.0,0.0,28826.0,8.0,55331.0,25881.0,8.0,55351.0
56.72869414399611,0.0,0.0,0.0,0.0,0.0,0.0,0.0,0.0,0.0,0.0,0.0,0.0,0.0,28828.0,8.0,55372.0,25882.0,8.0,55380.0
56.73440074399696,0.0,0.0,0.0,0.0,0.0,0.0,0.0,0.0,0.0,0.0,0.0,0.0,0.0,28828.0,8.0,55372.0,25883.0,8.0,55386.0
57.165805078009726,0.0,0.0,0.0,0.0,0.0,0.0,0.0,0.0,0.0,0.0,0.0,0.0,0.0,28846.0,8.0,55731.0,25901.0,8.0,55750.0
57.165968426008476,0.0,0.0,0.0,0.0,0.0,0.0,0.0,0.0,0.0,0.0,0.0,0.0,0.0,28848.0,8.0,55772.0,25902.0,8.0,55780.0
57.166036223003175,0.0,0.0,0.0,0.0,0.0,0.0,0.0,0.0,0.0,0.0,0.0,0.0,0.0,28848.0,8.0,55772.0,25903.0,8.0,55786.0
57.167492617008975,0.0,0.0,0.0,0.0,0.0,0.0,0.0,0.0,0.0,0.0,0.0,0.0,0.0,28850.0,8.0,55812.0,25904.0,8.0,55820.0
57.208966763006174,0.0,0.0,0.0,0.0,0.0,0.0,0.0,0.0,0.0,0.0,0.0,0.0,0.0,28852.0,8.0,55852.0,25906.0,8.0,55860.0
57.22247610100021,0.0,0.0,0.0,0.0,0.0,0.0,0.0,0.0,0.0,0.0,0.0,0.0,0.0,28853.0,8.0,55872.0,25907.0,8.0,55874.0
57.250397347001126,0.0,0.0,0.0,0.0,0.0,0.0,0.0,0.0,0.0,0.0,0.0,0.0,0.0,28854.0,8.0,55892.0,25908.0,8.0,55900.0
57.254218996007694,0.0,0.0,0.0,0.0,0.0,0.0,0.0,0.0,0.0,0.0,0.0,0.0,0.0,28854.0,8.0,55892.0,25909.0,8.0,55906.0
57.29832276600064,0.0,0.0,0.0,0.0,0.0,0.0,0.0,0.0,0.0,0.0,0.0,0.0,0.0,28856.0,8.0,55931.0,25911.0,8.0,55950.0
57.330389991999255,0.0,0.0,0.0,0.0,0.0,0.0,0.0,0.0,0.0,0.0,0.0,0.0,0.0,28858.0,8.0,55972.0,25912.0,8.0,55980.0
57.33375250600511,0.0,0.0,0.0,0.0,0.0,0.0,0.0,0.0,0.0,0.0,0.0,0.0,0.0,28858.0,8.0,55972.0,25913.0,8.0,55986.0
57.368915483995806,0.0,0.0,0.0,0.0,0.0,0.0,0.0,0.0,0.0,0.0,0.0,0.0,0.0,28860.0,8.0,56012.0,25914.0,8.0,56020.0
57.40417441200407,0.0,0.0,0.0,0.0,0.0,0.0,0.0,0.0,0.0,0.0,0.0,0.0,0.0,28862.0,8.0,56052.0,25915.0,8.0,56056.0
57.4137701580039,0.0,0.0,0.0,0.0,0.0,0.0,0.0,0.0,0.0,0.0,0.0,0.0,0.0,28862.0,8.0,56052.0,25916.0,8.0,56066.0
57.535986340997624,0.0,0.0,0.0,0.0,0.0,0.0,0.0,0.0,0.0,0.0,0.0,0.0,0.0,28868.0,8.0,56172.0,25921.0,8.0,56180.0
57.536201285998686,0.0,0.0,0.0,0.0,0.0,0.0,0.0,0.0,0.0,0.0,0.0,0.0,0.0,28868.0,8.0,56172.0,25922.0,8.0,56186.0
57.56918767299794,0.0,0.0,0.0,0.0,0.0,0.0,0.0,0.0,0.0,0.0,0.0,0.0,0.0,28870.0,8.0,56211.0,25923.0,8.0,56220.0
57.57413640500454,0.0,0.0,0.0,0.0,0.0,0.0,0.0,0.0,0.0,0.0,0.0,0.0,0.0,28870.0,8.0,56211.0,25924.0,8.0,56226.0
57.608448119004606,0.0,0.0,0.0,0.0,0.0,0.0,0.0,0.0,0.0,0.0,0.0,0.0,0.0,28872.0,8.0,56252.0,25925.0,8.0,56260.0
57.61733513000945,0.0,0.0,0.0,0.0,0.0,0.0,0.0,0.0,0.0,0.0,0.0,0.0,0.0,28872.0,8.0,56252.0,25926.0,8.0,56270.0
57.756519226008095,0.0,0.0,0.0,0.0,0.0,0.0,0.0,0.0,0.0,0.0,0.0,0.0,0.0,28878.0,8.0,56372.0,25931.0,8.0,56380.0
57.75691155499953,0.0,0.0,0.0,0.0,0.0,0.0,0.0,0.0,0.0,0.0,0.0,0.0,0.0,28878.0,8.0,56372.0,25932.0,8.0,56386.0
57.76868683700741,0.0,0.0,0.0,0.0,0.0,0.0,0.0,0.0,0.0,0.0,0.0,0.0,0.0,28880.0,8.0,56412.0,25933.0,8.0,56420.0
57.773983524006326,0.0,0.0,0.0,0.0,0.0,0.0,0.0,0.0,0.0,0.0,0.0,0.0,0.0,28880.0,8.0,56412.0,25934.0,8.0,56426.0
57.81683501500811,0.0,0.0,0.0,0.0,0.0,0.0,0.0,0.0,0.0,0.0,0.0,0.0,0.0,28882.0,8.0,56452.0,25936.0,8.0,56469.0
57.84912562200043,0.0,0.0,0.0,0.0,0.0,0.0,0.0,0.0,0.0,0.0,0.0,0.0,0.0,28884.0,8.0,56492.0,25937.0,8.0,56500.0
57.85447314500925,0.0,0.0,0.0,0.0,0.0,0.0,0.0,0.0,0.0,0.0,0.0,0.0,0.0,28884.0,8.0,56492.0,25938.0,8.0,56506.0
57.97259344300255,0.0,0.0,0.0,0.0,0.0,0.0,0.0,0.0,0.0,0.0,0.0,0.0,0.0,28888.0,8.0,56572.0,25941.0,8.0,56580.0
57.9729746410012,0.0,0.0,0.0,0.0,0.0,0.0,0.0,0.0,0.0,0.0,0.0,0.0,0.0,28888.0,8.0,56572.0,25942.0,8.0,56586.0
57.97308834501018,0.0,0.0,0.0,0.0,0.0,0.0,0.0,0.0,0.0,0.0,0.0,0.0,0.0,28890.0,8.0,56612.0,25943.0,8.0,56620.0
57.974694379998255,0.0,0.0,0.0,0.0,0.0,0.0,0.0,0.0,0.0,0.0,0.0,0.0,0.0,28890.0,8.0,56612.0,25944.0,8.0,56626.0
58.010988770009135,0.0,0.0,0.0,0.0,0.0,0.0,0.0,0.0,0.0,0.0,0.0,0.0,0.0,28892.0,8.0,56652.0,25945.0,8.0,56660.0
58.018737396996585,0.0,0.0,0.0,0.0,0.0,0.0,0.0,0.0,0.0,0.0,0.0,0.0,0.0,28892.0,8.0,56652.0,25946.0,8.0,56670.0
58.04973241400148,0.0,0.0,0.0,0.0,0.0,0.0,0.0,0.0,0.0,0.0,0.0,0.0,0.0,28894.0,8.0,56692.0,25947.0,8.0,56700.0
58.0539713800099,0.0,0.0,0.0,0.0,0.0,0.0,0.0,0.0,0.0,0.0,0.0,0.0,0.0,28894.0,8.0,56692.0,25948.0,8.0,56706.0
58.144723966004676,0.0,0.0,0.0,0.0,0.0,0.0,0.0,0.0,0.0,0.0,0.0,0.0,0.0,28898.0,8.0,56772.0,25951.0,8.0,56780.0
58.14510507399973,0.0,0.0,0.0,0.0,0.0,0.0,0.0,0.0,0.0,0.0,0.0,0.0,0.0,28898.0,8.0,56772.0,25952.0,8.0,56786.0
58.19255416600208,0.0,0.0,0.0,0.0,0.0,0.0,0.0,0.0,0.0,0.0,0.0,0.0,0.0,28900.0,8.0,56812.0,25953.0,8.0,56820.0
58.192930475008325,0.0,0.0,0.0,0.0,0.0,0.0,0.0,0.0,0.0,0.0,0.0,0.0,0.0,28900.0,8.0,56812.0,25954.0,8.0,56826.0
58.208630741006345,0.0,0.0,0.0,0.0,0.0,0.0,0.0,0.0,0.0,0.0,0.0,0.0,0.0,28902.0,8.0,56852.0,25955.0,8.0,56860.0
58.227637625008356,0.0,0.0,0.0,0.0,0.0,0.0,0.0,0.0,0.0,0.0,0.0,0.0,0.0,28903.0,8.0,56872.0,25956.0,8.0,56879.0
58.23290621000342,0.0,0.0,0.0,0.0,0.0,0.0,0.0,0.0,0.0,0.0,0.0,0.0,0.0,28903.0,8.0,56872.0,25957.0,8.0,56885.0
58.268309772000066,0.0,0.0,0.0,0.0,0.0,0.0,0.0,0.0,0.0,0.0,0.0,0.0,0.0,28905.0,8.0,56912.0,25958.0,8.0,56920.0
58.27586211900052,0.0,0.0,0.0,0.0,0.0,0.0,0.0,0.0,0.0,0.0,0.0,0.0,0.0,28905.0,8.0,56912.0,25959.0,8.0,56926.0
58.42897850400186,0.0,0.0,0.0,0.0,0.0,0.0,0.0,0.0,0.0,0.0,0.0,0.0,0.0,28913.0,8.0,57072.0,25966.0,8.0,57080.0
58.43351425800938,0.0,0.0,0.0,0.0,0.0,0.0,0.0,0.0,0.0,0.0,0.0,0.0,0.0,28913.0,8.0,57072.0,25967.0,8.0,57086.0
58.4685865460051,0.0,0.0,0.0,0.0,0.0,0.0,0.0,0.0,0.0,0.0,0.0,0.0,0.0,28915.0,8.0,57112.0,25968.0,8.0,57120.0
58.47371571800613,0.0,0.0,0.0,0.0,0.0,0.0,0.0,0.0,0.0,0.0,0.0,0.0,0.0,28915.0,8.0,57112.0,25969.0,8.0,57126.0
58.50746211801015,0.0,0.0,0.0,0.0,0.0,0.0,0.0,0.0,0.0,0.0,0.0,0.0,0.0,28917.0,8.0,57152.0,25970.0,8.0,57160.0
58.633026491996134,0.0,0.0,0.0,0.0,0.0,0.0,0.0,0.0,0.0,0.0,0.0,0.0,0.0,28917.0,8.0,57152.0,25971.0,8.0,57170.0
58.63321103900671,0.0,0.0,0.0,0.0,0.0,0.0,0.0,0.0,0.0,0.0,0.0,0.0,0.0,28923.0,8.0,57272.0,25976.0,8.0,57280.0
58.634972868007026,0.0,0.0,0.0,0.0,0.0,0.0,0.0,0.0,0.0,0.0,0.0,0.0,0.0,28923.0,8.0,57272.0,25977.0,8.0,57285.0
58.66866899399611,0.0,0.0,0.0,0.0,0.0,0.0,0.0,0.0,0.0,0.0,0.0,0.0,0.0,28925.0,8.0,57312.0,25978.0,8.0,57320.0
58.67387486000371,0.0,0.0,0.0,0.0,0.0,0.0,0.0,0.0,0.0,0.0,0.0,0.0,0.0,28925.0,8.0,57312.0,25979.0,8.0,57326.0
58.71910911099985,0.0,0.0,0.0,0.0,0.0,0.0,0.0,0.0,0.0,0.0,0.0,0.0,0.0,28927.0,8.0,57352.0,25981.0,8.0,57369.0
58.85466426500352,0.0,0.0,0.0,0.0,0.0,0.0,0.0,0.0,0.0,0.0,0.0,0.0,0.0,28933.0,8.0,57472.0,25986.0,8.0,57480.0
58.85477325000102,0.0,0.0,0.0,0.0,0.0,0.0,0.0,0.0,0.0,0.0,0.0,0.0,0.0,28933.0,8.0,57472.0,25987.0,8.0,57486.0
58.86971516700578,0.0,0.0,0.0,0.0,0.0,0.0,0.0,0.0,0.0,0.0,0.0,0.0,0.0,28935.0,8.0,57512.0,25988.0,8.0,57520.0
58.87382485900889,0.0,0.0,0.0,0.0,0.0,0.0,0.0,0.0,0.0,0.0,0.0,0.0,0.0,28935.0,8.0,57512.0,25989.0,8.0,57526.0
58.90874957900087,0.0,0.0,0.0,0.0,0.0,0.0,0.0,0.0,0.0,0.0,0.0,0.0,0.0,28937.0,8.0,57552.0,25990.0,8.0,57560.0
58.922728642006405,0.0,0.0,0.0,0.0,0.0,0.0,0.0,0.0,0.0,0.0,0.0,0.0,0.0,28937.0,8.0,57552.0,25991.0,8.0,57570.0
58.948425869006314,0.0,0.0,0.0,0.0,0.0,0.0,0.0,0.0,0.0,0.0,0.0,0.0,0.0,28939.0,8.0,57592.0,25992.0,8.0,57600.0
58.95348807600385,0.0,0.0,0.0,0.0,0.0,0.0,0.0,0.0,0.0,0.0,0.0,0.0,0.0,28939.0,8.0,57592.0,25993.0,8.0,57606.0
59.068838392006,0.0,0.0,0.0,0.0,0.0,0.0,0.0,0.0,0.0,0.0,0.0,0.0,0.0,28943.0,8.0,57672.0,25996.0,8.0,57680.0
59.068964649006375,0.0,0.0,0.0,0.0,0.0,0.0,0.0,0.0,0.0,0.0,0.0,0.0,0.0,28943.0,8.0,57672.0,25997.0,8.0,57686.0
59.0739272780047,0.0,0.0,0.0,0.0,0.0,0.0,0.0,0.0,0.0,0.0,0.0,0.0,0.0,28945.0,8.0,57712.0,25998.0,8.0,57720.0
59.07399097800953,0.0,0.0,0.0,0.0,0.0,0.0,0.0,0.0,0.0,0.0,0.0,0.0,0.0,28945.0,8.0,57712.0,25999.0,8.0,57726.0
59.109660501999315,0.0,0.0,0.0,0.0,0.0,0.0,0.0,0.0,0.0,0.0,0.0,0.0,0.0,28947.0,8.0,57752.0,26000.0,8.0,57760.0
59.12052331499581,0.0,0.0,0.0,0.0,0.0,0.0,0.0,0.0,0.0,0.0,0.0,0.0,0.0,28947.0,8.0,57752.0,26001.0,8.0,57770.0
59.148717678006506,0.0,0.0,0.0,0.0,0.0,0.0,0.0,0.0,0.0,0.0,0.0,0.0,0.0,28949.0,8.0,57792.0,26002.0,8.0,57800.0
59.15340250299778,0.0,0.0,0.0,0.0,0.0,0.0,0.0,0.0,0.0,0.0,0.0,0.0,0.0,28949.0,8.0,57792.0,26003.0,8.0,57806.0
59.29439791900222,0.0,0.0,0.0,0.0,0.0,0.0,0.0,0.0,0.0,0.0,0.0,0.0,0.0,28953.0,8.0,57872.0,26006.0,8.0,57880.0
59.305296870006714,0.0,0.0,0.0,0.0,0.0,0.0,0.0,0.0,0.0,0.0,0.0,0.0,0.0,28957.0,8.0,57952.0,26007.0,8.0,57957.0
59.31273967100424,0.0,0.0,0.0,0.0,0.0,0.0,0.0,0.0,0.0,0.0,0.0,0.0,0.0,28957.0,8.0,57952.0,26008.0,8.0,57965.0
59.348328373002005,0.0,0.0,0.0,0.0,0.0,0.0,0.0,0.0,0.0,0.0,0.0,0.0,0.0,28959.0,8.0,57991.0,26009.0,8.0,58000.0
59.35610032299883,0.0,0.0,0.0,0.0,0.0,0.0,0.0,0.0,0.0,0.0,0.0,0.0,0.0,28959.0,8.0,57991.0,26010.0,8.0,58006.0
59.3883165820007,0.0,0.0,0.0,0.0,0.0,0.0,0.0,0.0,0.0,0.0,0.0,0.0,0.0,28961.0,8.0,58032.0,26011.0,8.0,58040.0
59.393927883007564,0.0,0.0,0.0,0.0,0.0,0.0,0.0,0.0,0.0,0.0,0.0,0.0,0.0,28961.0,8.0,58032.0,26012.0,8.0,58046.0
59.51773484899604,0.0,0.0,0.0,0.0,0.0,0.0,0.0,0.0,0.0,0.0,0.0,0.0,0.0,28965.0,8.0,58112.0,26016.0,8.0,58130.0
59.51810487599869,0.0,0.0,0.0,0.0,0.0,0.0,0.0,0.0,0.0,0.0,0.0,0.0,0.0,28967.0,8.0,58152.0,26017.0,8.0,58160.0
59.5183746440016,0.0,0.0,0.0,0.0,0.0,0.0,0.0,0.0,0.0,0.0,0.0,0.0,0.0,28967.0,8.0,58152.0,26018.0,8.0,58166.0
59.58815019699978,0.0,0.0,0.0,0.0,0.0,0.0,0.0,0.0,0.0,0.0,0.0,0.0,0.0,28971.0,8.0,58232.0,26021.0,8.0,58240.0
59.594987728007254,0.0,0.0,0.0,0.0,0.0,0.0,0.0,0.0,0.0,0.0,0.0,0.0,0.0,28971.0,8.0,58232.0,26022.0,8.0,58246.0
59.627314785000635,0.0,0.0,0.0,0.0,0.0,0.0,0.0,0.0,0.0,0.0,0.0,0.0,0.0,28973.0,8.0,58271.0,26023.0,8.0,58280.0
59.734151413009386,0.0,0.0,0.0,0.0,0.0,0.0,0.0,0.0,0.0,0.0,0.0,0.0,0.0,28975.0,8.0,58312.0,26026.0,8.0,58330.0
59.73456031399837,0.0,0.0,0.0,0.0,0.0,0.0,0.0,0.0,0.0,0.0,0.0,0.0,0.0,28977.0,8.0,58352.0,26027.0,8.0,58360.0
59.73477190200356,0.0,0.0,0.0,0.0,0.0,0.0,0.0,0.0,0.0,0.0,0.0,0.0,0.0,28977.0,8.0,58352.0,26028.0,8.0,58366.0
59.753608216007706,0.0,0.0,0.0,0.0,0.0,0.0,0.0,0.0,0.0,0.0,0.0,0.0,0.0,28979.0,8.0,58391.0,26029.0,8.0,58400.0
59.754809108009795,0.0,0.0,0.0,0.0,0.0,0.0,0.0,0.0,0.0,0.0,0.0,0.0,0.0,28979.0,8.0,58391.0,26030.0,8.0,58406.0
59.79143135700724,0.0,0.0,0.0,0.0,0.0,0.0,0.0,0.0,0.0,0.0,0.0,0.0,0.0,28981.0,8.0,58432.0,26031.0,8.0,58440.0
59.79466809400765,0.0,0.0,0.0,0.0,0.0,0.0,0.0,0.0,0.0,0.0,0.0,0.0,0.0,28981.0,8.0,58432.0,26032.0,8.0,58446.0
59.827485526009696,0.0,0.0,0.0,0.0,0.0,0.0,0.0,0.0,0.0,0.0,0.0,0.0,0.0,28983.0,8.0,58471.0,26033.0,8.0,58480.0
59.83516526300809,0.0,0.0,0.0,0.0,0.0,0.0,0.0,0.0,0.0,0.0,0.0,0.0,0.0,28983.0,8.0,58471.0,26034.0,8.0,58486.0
59.88365139000234,0.0,0.0,0.0,0.0,0.0,0.0,0.0,0.0,0.0,0.0,0.0,0.0,0.0,28985.0,8.0,58512.0,26036.0,8.0,58529.0
