time_s,left_target_rpm,left_actual_rpm,left_raw_pwm,left_final_pwm,right_target_rpm,right_actual_rpm,right_raw_pwm,right_final_pwm,sync_error_rpm,sync_correction_pwm,sync_active,startup_active,startup_fault,control_seq_mod65536,control_time_ms_hi16,control_time_ms_lo16,publish_seq_mod65536,publish_time_ms_hi16,publish_time_ms_lo16
0.38153171198791824,0.0,0.0,0.0,0.0,0.0,0.0,0.0,0.0,0.0,0.0,0.0,0.0,0.0,25252.0,7.0,49388.0,24077.0,7.0,49399.0
0.38182976900134236,0.0,0.0,0.0,0.0,0.0,0.0,0.0,0.0,0.0,0.0,0.0,0.0,0.0,25253.0,7.0,49408.0,24078.0,7.0,49421.0
0.38191112998174503,0.0,0.0,0.0,0.0,0.0,0.0,0.0,0.0,0.0,0.0,0.0,0.0,0.0,25254.0,7.0,49428.0,24079.0,7.0,49441.0
0.3819746600056533,0.0,0.0,0.0,0.0,0.0,0.0,0.0,0.0,0.0,0.0,0.0,0.0,0.0,25265.0,7.0,49648.0,24080.0,7.0,49653.0
0.38203587400494143,0.0,0.0,0.0,0.0,0.0,0.0,0.0,0.0,0.0,0.0,0.0,0.0,0.0,25265.0,7.0,49648.0,24081.0,7.0,49665.0
0.38209594498039223,0.0,0.0,0.0,0.0,0.0,0.0,0.0,0.0,0.0,0.0,0.0,0.0,0.0,25267.0,7.0,49688.0,24082.0,7.0,49691.0
0.38215325798955746,0.0,0.0,0.0,0.0,0.0,0.0,0.0,0.0,0.0,0.0,0.0,0.0,0.0,25267.0,7.0,49688.0,24083.0,7.0,49698.0
0.3822128970059566,0.0,0.0,0.0,0.0,0.0,0.0,0.0,0.0,0.0,0.0,0.0,0.0,0.0,25268.0,7.0,49708.0,24084.0,7.0,49721.0
0.382269808993442,0.0,0.0,0.0,0.0,0.0,0.0,0.0,0.0,0.0,0.0,0.0,0.0,0.0,25269.0,7.0,49728.0,24085.0,7.0,49741.0
0.38232810399495065,0.0,0.0,0.0,0.0,0.0,0.0,0.0,0.0,0.0,0.0,0.0,0.0,0.0,25271.0,7.0,49768.0,24086.0,7.0,49771.0
0.38238640999770723,0.0,0.0,0.0,0.0,0.0,0.0,0.0,0.0,0.0,0.0,0.0,0.0,0.0,25271.0,7.0,49768.0,24087.0,7.0,49778.0
0.38712863900582306,0.0,0.0,0.0,0.0,0.0,0.0,0.0,0.0,0.0,0.0,0.0,0.0,0.0,25272.0,7.0,49788.0,24088.0,7.0,49801.0
0.397990890982328,0.0,0.0,0.0,0.0,0.0,0.0,0.0,0.0,0.0,0.0,0.0,0.0,0.0,25273.0,7.0,49808.0,24089.0,7.0,49821.0
0.42044198798248544,0.0,0.0,0.0,0.0,0.0,0.0,0.0,0.0,0.0,0.0,0.0,0.0,0.0,25274.0,7.0,49828.0,24090.0,7.0,49841.0
0.44770773997879587,0.0,0.0,0.0,0.0,0.0,0.0,0.0,0.0,0.0,0.0,0.0,0.0,0.0,25276.0,7.0,49868.0,24091.0,7.0,49871.0
0.45521616598125547,0.0,0.0,0.0,0.0,0.0,0.0,0.0,0.0,0.0,0.0,0.0,0.0,0.0,25276.0,7.0,49868.0,24092.0,7.0,49878.0
0.8875399889948312,0.0,0.0,0.0,0.0,0.0,0.0,0.0,0.0,0.0,0.0,0.0,0.0,0.0,25279.0,7.0,49928.0,24095.0,7.0,49941.0
0.8877216569962911,0.0,0.0,0.0,0.0,0.0,0.0,0.0,0.0,0.0,0.0,0.0,0.0,0.0,25281.0,7.0,49968.0,24096.0,7.0,49971.0
0.8878025729791261,0.0,0.0,0.0,0.0,0.0,0.0,0.0,0.0,0.0,0.0,0.0,0.0,0.0,25281.0,7.0,49968.0,24097.0,7.0,49978.0
0.8878753169847187,0.0,0.0,0.0,0.0,0.0,0.0,0.0,0.0,0.0,0.0,0.0,0.0,0.0,25282.0,7.0,49988.0,24098.0,7.0,50001.0
0.8879349039925728,0.0,0.0,0.0,0.0,0.0,0.0,0.0,0.0,0.0,0.0,0.0,0.0,0.0,25283.0,7.0,50008.0,24099.0,7.0,50021.0
0.8879909300012514,0.0,0.0,0.0,0.0,0.0,0.0,0.0,0.0,0.0,0.0,0.0,0.0,0.0,25284.0,7.0,50028.0,24100.0,7.0,50040.0
0.888045923988102,0.0,0.0,0.0,0.0,0.0,0.0,0.0,0.0,0.0,0.0,0.0,0.0,0.0,25286.0,7.0,50068.0,24101.0,7.0,50071.0
0.8881037359824404,0.0,0.0,0.0,0.0,0.0,0.0,0.0,0.0,0.0,0.0,0.0,0.0,0.0,25286.0,7.0,50068.0,24102.0,7.0,50078.0
0.8881602439796552,0.0,0.0,0.0,0.0,0.0,0.0,0.0,0.0,0.0,0.0,0.0,0.0,0.0,25287.0,7.0,50088.0,24103.0,7.0,50101.0
0.8882253560004756,0.0,0.0,0.0,0.0,0.0,0.0,0.0,0.0,0.0,0.0,0.0,0.0,0.0,25288.0,7.0,50108.0,24104.0,7.0,50121.0
0.8882940780022182,0.0,0.0,0.0,0.0,0.0,0.0,0.0,0.0,0.0,0.0,0.0,0.0,0.0,25289.0,7.0,50128.0,24105.0,7.0,50141.0
0.8883548479934689,0.0,0.0,0.0,0.0,0.0,0.0,0.0,0.0,0.0,0.0,0.0,0.0,0.0,25291.0,7.0,50168.0,24106.0,7.0,50171.0
0.8884168519871309,0.0,0.0,0.0,0.0,0.0,0.0,0.0,0.0,0.0,0.0,0.0,0.0,0.0,25291.0,7.0,50168.0,24107.0,7.0,50178.0
0.888473028986482,0.0,0.0,0.0,0.0,0.0,0.0,0.0,0.0,0.0,0.0,0.0,0.0,0.0,25292.0,7.0,50188.0,24108.0,7.0,50201.0
0.8885296969965566,0.0,0.0,0.0,0.0,0.0,0.0,0.0,0.0,0.0,0.0,0.0,0.0,0.0,25293.0,7.0,50208.0,24109.0,7.0,50221.0
0.8885861749877222,0.0,0.0,0.0,0.0,0.0,0.0,0.0,0.0,0.0,0.0,0.0,0.0,0.0,25294.0,7.0,50228.0,24110.0,7.0,50241.0
0.8886421119968873,0.0,0.0,0.0,0.0,0.0,0.0,0.0,0.0,0.0,0.0,0.0,0.0,0.0,25296.0,7.0,50268.0,24111.0,7.0,50271.0
0.888698700000532,0.0,0.0,0.0,0.0,0.0,0.0,0.0,0.0,0.0,0.0,0.0,0.0,0.0,25296.0,7.0,50268.0,24112.0,7.0,50278.0
0.9002060899802018,0.0,0.0,0.0,0.0,0.0,0.0,0.0,0.0,0.0,0.0,0.0,0.0,0.0,25298.0,7.0,50308.0,24113.0,7.0,50311.0
0.9019693819864187,0.0,0.0,0.0,0.0,0.0,0.0,0.0,0.0,0.0,0.0,0.0,0.0,0.0,25298.0,7.0,50308.0,24114.0,7.0,50318.0
0.9329918909934349,0.0,0.0,0.0,0.0,0.0,0.0,0.0,0.0,0.0,0.0,0.0,0.0,0.0,25300.0,7.0,50348.0,24115.0,7.0,50351.0
0.9729979389812797,0.0,0.0,0.0,0.0,0.0,0.0,0.0,0.0,0.0,0.0,0.0,0.0,0.0,25302.0,7.0,50388.0,24116.0,7.0,50395.0
0.9786755410023034,0.0,0.0,0.0,0.0,0.0,0.0,0.0,0.0,0.0,0.0,0.0,0.0,0.0,25302.0,7.0,50388.0,24117.0,7.0,50402.0
1.3971951199928299,0.0,0.0,0.0,0.0,0.0,0.0,0.0,0.0,0.0,0.0,0.0,0.0,0.0,25303.0,7.0,50408.0,24118.0,7.0,50421.0
1.397385251999367,0.0,0.0,0.0,0.0,0.0,0.0,0.0,0.0,0.0,0.0,0.0,0.0,0.0,25304.0,7.0,50428.0,24119.0,7.0,50441.0
1.3974571529834066,0.0,0.0,0.0,0.0,0.0,0.0,0.0,0.0,0.0,0.0,0.0,0.0,0.0,25305.0,7.0,50448.0,24120.0,7.0,50461.0
1.397518334997585,0.0,0.0,0.0,0.0,0.0,0.0,0.0,0.0,0.0,0.0,0.0,0.0,0.0,25307.0,7.0,50488.0,24121.0,7.0,50493.0
1.3975776199949905,0.0,0.0,0.0,0.0,0.0,0.0,0.0,0.0,0.0,0.0,0.0,0.0,0.0,25307.0,7.0,50488.0,24122.0,7.0,50500.0
1.397638680995442,0.0,0.0,0.0,0.0,0.0,0.0,0.0,0.0,0.0,0.0,0.0,0.0,0.0,25308.0,7.0,50508.0,24123.0,7.0,50521.0
1.3976966929913033,0.0,0.0,0.0,0.0,0.0,0.0,0.0,0.0,0.0,0.0,0.0,0.0,0.0,25309.0,7.0,50528.0,24124.0,7.0,50541.0
1.3977543149958365,0.0,0.0,0.0,0.0,0.0,0.0,0.0,0.0,0.0,0.0,0.0,0.0,0.0,25310.0,7.0,50548.0,24125.0,7.0,50561.0
1.3978105020069052,0.0,0.0,0.0,0.0,0.0,0.0,0.0,0.0,0.0,0.0,0.0,0.0,0.0,25312.0,7.0,50588.0,24126.0,7.0,50591.0
1.3978742299950682,0.0,0.0,0.0,0.0,0.0,0.0,0.0,0.0,0.0,0.0,0.0,0.0,0.0,25312.0,7.0,50588.0,24127.0,7.0,50598.0
1.3986986959935166,0.0,0.0,0.0,0.0,0.0,0.0,0.0,0.0,0.0,0.0,0.0,0.0,0.0,25314.0,7.0,50628.0,24128.0,7.0,50631.0
1.3987618029932491,0.0,0.0,0.0,0.0,0.0,0.0,0.0,0.0,0.0,0.0,0.0,0.0,0.0,25314.0,7.0,50628.0,24129.0,7.0,50638.0
1.398821318987757,0.0,0.0,0.0,0.0,0.0,0.0,0.0,0.0,0.0,0.0,0.0,0.0,0.0,25316.0,7.0,50668.0,24130.0,7.0,50671.0
1.3988914350047708,0.0,0.0,0.0,0.0,0.0,0.0,0.0,0.0,0.0,0.0,0.0,0.0,0.0,25316.0,7.0,50668.0,24131.0,7.0,50683.0
1.398951823997777,0.0,0.0,0.0,0.0,0.0,0.0,0.0,0.0,0.0,0.0,0.0,0.0,0.0,25317.0,7.0,50688.0,24132.0,7.0,50701.0
1.3990081319934689,0.0,0.0,0.0,0.0,0.0,0.0,0.0,0.0,0.0,0.0,0.0,0.0,0.0,25318.0,7.0,50708.0,24133.0,7.0,50721.0
1.3990640179836191,0.0,0.0,0.0,0.0,0.0,0.0,0.0,0.0,0.0,0.0,0.0,0.0,0.0,25319.0,7.0,50728.0,24134.0,7.0,50741.0
1.3991202150064055,0.0,0.0,0.0,0.0,0.0,0.0,0.0,0.0,0.0,0.0,0.0,0.0,0.0,25320.0,7.0,50748.0,24135.0,7.0,50761.0
1.3991751089924946,0.0,0.0,0.0,0.0,0.0,0.0,0.0,0.0,0.0,0.0,0.0,0.0,0.0,25322.0,7.0,50788.0,24136.0,7.0,50791.0
1.3992329110042192,0.0,0.0,0.0,0.0,0.0,0.0,0.0,0.0,0.0,0.0,0.0,0.0,0.0,25322.0,7.0,50788.0,24137.0,7.0,50798.0
1.4108887549955398,0.0,0.0,0.0,0.0,0.0,0.0,0.0,0.0,0.0,0.0,0.0,0.0,0.0,25324.0,7.0,50828.0,24138.0,7.0,50831.0
1.4168577219825238,0.0,0.0,0.0,0.0,0.0,0.0,0.0,0.0,0.0,0.0,0.0,0.0,0.0,25324.0,7.0,50828.0,24139.0,7.0,50838.0
1.4386064699792769,0.0,0.0,0.0,0.0,0.0,0.0,0.0,0.0,0.0,0.0,0.0,0.0,0.0,25325.0,7.0,50848.0,24140.0,7.0,50861.0
1.4713827439991292,0.0,0.0,0.0,0.0,0.0,0.0,0.0,0.0,0.0,0.0,0.0,0.0,0.0,25327.0,7.0,50888.0,24141.0,7.0,50891.0
1.4761351379856933,0.0,0.0,0.0,0.0,0.0,0.0,0.0,0.0,0.0,0.0,0.0,0.0,0.0,25327.0,7.0,50888.0,24142.0,7.0,50898.0
1.909769558988046,0.0,0.0,0.0,0.0,0.0,0.0,0.0,0.0,0.0,0.0,0.0,0.0,0.0,25329.0,7.0,50928.0,24143.0,7.0,50930.0
1.9099621000059415,0.0,0.0,0.0,0.0,0.0,0.0,0.0,0.0,0.0,0.0,0.0,0.0,0.0,25331.0,7.0,50968.0,24145.0,7.0,50971.0
1.9100344699982088,0.0,0.0,0.0,0.0,0.0,0.0,0.0,0.0,0.0,0.0,0.0,0.0,0.0,25331.0,7.0,50968.0,24146.0,7.0,50982.0
1.9100973930035252,0.0,0.0,0.0,0.0,0.0,0.0,0.0,0.0,0.0,0.0,0.0,0.0,0.0,25332.0,7.0,50988.0,24147.0,7.0,51001.0
1.9101566459867172,0.0,0.0,0.0,0.0,0.0,0.0,0.0,0.0,0.0,0.0,0.0,0.0,0.0,25333.0,7.0,51008.0,24148.0,7.0,51021.0
1.9102198909968138,0.0,0.0,0.0,0.0,0.0,0.0,0.0,0.0,0.0,0.0,0.0,0.0,0.0,25334.0,7.0,51028.0,24149.0,7.0,51041.0
1.9102765769930556,0.0,0.0,0.0,0.0,0.0,0.0,0.0,0.0,0.0,0.0,0.0,0.0,0.0,25335.0,7.0,51048.0,24150.0,7.0,51061.0
1.910339550988283,0.0,0.0,0.0,0.0,0.0,0.0,0.0,0.0,0.0,0.0,0.0,0.0,0.0,25337.0,7.0,51088.0,24151.0,7.0,51091.0
1.9103949129930697,0.0,0.0,0.0,0.0,0.0,0.0,0.0,0.0,0.0,0.0,0.0,0.0,0.0,25337.0,7.0,51088.0,24152.0,7.0,51098.0
1.9104504459828604,0.0,0.0,0.0,0.0,0.0,0.0,0.0,0.0,0.0,0.0,0.0,0.0,0.0,25338.0,7.0,51108.0,24153.0,7.0,51121.0
1.910505779000232,0.0,0.0,0.0,0.0,0.0,0.0,0.0,0.0,0.0,0.0,0.0,0.0,0.0,25339.0,7.0,51128.0,24154.0,7.0,51141.0
1.9105682910012547,0.0,0.0,0.0,0.0,0.0,0.0,0.0,0.0,0.0,0.0,0.0,0.0,0.0,25340.0,7.0,51148.0,24155.0,7.0,51161.0
1.910623884992674,0.0,0.0,0.0,0.0,0.0,0.0,0.0,0.0,0.0,0.0,0.0,0.0,0.0,25342.0,7.0,51188.0,24156.0,7.0,51191.0
1.9106809219811112,0.0,0.0,0.0,0.0,0.0,0.0,0.0,0.0,0.0,0.0,0.0,0.0,0.0,25342.0,7.0,51188.0,24157.0,7.0,51198.0
1.9107448879803997,0.0,0.0,0.0,0.0,0.0,0.0,0.0,0.0,0.0,0.0,0.0,0.0,0.0,25343.0,7.0,51208.0,24158.0,7.0,51221.0
1.9108016649843194,0.0,0.0,0.0,0.0,0.0,0.0,0.0,0.0,0.0,0.0,0.0,0.0,0.0,25344.0,7.0,51228.0,24159.0,7.0,51240.0
1.9108683090016712,0.0,0.0,0.0,0.0,0.0,0.0,0.0,0.0,0.0,0.0,0.0,0.0,0.0,25345.0,7.0,51248.0,24160.0,7.0,51261.0
1.9109272609930485,0.0,0.0,0.0,0.0,0.0,0.0,0.0,0.0,0.0,0.0,0.0,0.0,0.0,25347.0,7.0,51288.0,24161.0,7.0,51291.0
1.9109832959948108,0.0,0.0,0.0,0.0,0.0,0.0,0.0,0.0,0.0,0.0,0.0,0.0,0.0,25347.0,7.0,51288.0,24162.0,7.0,51298.0
1.9110395409807097,0.0,0.0,0.0,0.0,0.0,0.0,0.0,0.0,0.0,0.0,0.0,0.0,0.0,25348.0,7.0,51308.0,24163.0,7.0,51321.0
1.9201918029866647,0.0,0.0,0.0,0.0,0.0,0.0,0.0,0.0,0.0,0.0,0.0,0.0,0.0,25349.0,7.0,51328.0,24164.0,7.0,51340.0
1.9388566619891208,0.0,0.0,0.0,0.0,0.0,0.0,0.0,0.0,0.0,0.0,0.0,0.0,0.0,25350.0,7.0,51348.0,24165.0,7.0,51361.0
1.970608211006038,0.0,0.0,0.0,0.0,0.0,0.0,0.0,0.0,0.0,0.0,0.0,0.0,0.0,25352.0,7.0,51388.0,24166.0,7.0,51391.0
1.9800870939798187,0.0,0.0,0.0,0.0,0.0,0.0,0.0,0.0,0.0,0.0,0.0,0.0,0.0,25352.0,7.0,51388.0,24167.0,7.0,51398.0
2.0015351559850387,0.0,0.0,0.0,0.0,0.0,0.0,0.0,0.0,0.0,0.0,0.0,0.0,0.0,25353.0,7.0,51408.0,24168.0,7.0,51421.0
2.417819687980227,0.0,0.0,0.0,0.0,0.0,0.0,0.0,0.0,0.0,0.0,0.0,0.0,0.0,25354.0,7.0,51428.0,24169.0,7.0,51441.0
2.4182999119802844,0.0,0.0,0.0,0.0,0.0,0.0,0.0,0.0,0.0,0.0,0.0,0.0,0.0,25365.0,7.0,51648.0,24170.0,7.0,51652.0
2.4185660149960313,0.0,0.0,0.0,0.0,0.0,0.0,0.0,0.0,0.0,0.0,0.0,0.0,0.0,25365.0,7.0,51648.0,24171.0,7.0,51664.0
2.4187455799838062,0.0,0.0,0.0,0.0,0.0,0.0,0.0,0.0,0.0,0.0,0.0,0.0,0.0,25366.0,7.0,51668.0,24172.0,7.0,51681.0
2.41880411200691,0.0,0.0,0.0,0.0,0.0,0.0,0.0,0.0,0.0,0.0,0.0,0.0,0.0,25367.0,7.0,51688.0,24173.0,7.0,51701.0
2.4188659119827207,0.0,0.0,0.0,0.0,0.0,0.0,0.0,0.0,0.0,0.0,0.0,0.0,0.0,25368.0,7.0,51708.0,24174.0,7.0,51721.0
2.4189242830034345,0.0,0.0,0.0,0.0,0.0,0.0,0.0,0.0,0.0,0.0,0.0,0.0,0.0,25369.0,7.0,51728.0,24175.0,7.0,51741.0
2.4189874769945163,0.0,0.0,0.0,0.0,0.0,0.0,0.0,0.0,0.0,0.0,0.0,0.0,0.0,25371.0,7.0,51768.0,24176.0,7.0,51771.0
2.419045257003745,0.0,0.0,0.0,0.0,0.0,0.0,0.0,0.0,0.0,0.0,0.0,0.0,0.0,25371.0,7.0,51768.0,24177.0,7.0,51778.0
2.4191009099886287,0.0,0.0,0.0,0.0,0.0,0.0,0.0,0.0,0.0,0.0,0.0,0.0,0.0,25373.0,7.0,51808.0,24178.0,7.0,51811.0
2.4191657589981332,0.0,0.0,0.0,0.0,0.0,0.0,0.0,0.0,0.0,0.0,0.0,0.0,0.0,25373.0,7.0,51808.0,24179.0,7.0,51818.0
2.435246292996453,0.0,0.0,0.0,0.0,0.0,0.0,0.0,0.0,0.0,0.0,0.0,0.0,0.0,25375.0,7.0,51848.0,24180.0,7.0,51851.0
2.44197817199165,0.0,0.0,0.0,0.0,0.0,0.0,0.0,0.0,0.0,0.0,0.0,0.0,0.0,25375.0,7.0,51848.0,24181.0,7.0,51863.0
2.4726419920043554,0.0,0.0,0.0,0.0,0.0,0.0,0.0,0.0,0.0,0.0,0.0,0.0,0.0,25376.0,7.0,51868.0,24182.0,7.0,51881.0
2.4821912389888894,0.0,0.0,0.0,0.0,0.0,0.0,0.0,0.0,0.0,0.0,0.0,0.0,0.0,25377.0,7.0,51888.0,24183.0,7.0,51901.0
2.5004109209985472,0.0,0.0,0.0,0.0,0.0,0.0,0.0,0.0,0.0,0.0,0.0,0.0,0.0,25378.0,7.0,51908.0,24184.0,7.0,51921.0
2.5215296050009783,0.0,0.0,0.0,0.0,0.0,0.0,0.0,0.0,0.0,0.0,0.0,0.0,0.0,25379.0,7.0,51928.0,24185.0,7.0,51941.0
2.937018797994824,0.0,0.0,0.0,0.0,0.0,0.0,0.0,0.0,0.0,0.0,0.0,0.0,0.0,25391.0,7.0,52168.0,24196.0,7.0,52171.0
2.937719763984205,0.0,0.0,0.0,0.0,0.0,0.0,0.0,0.0,0.0,0.0,0.0,0.0,0.0,25391.0,7.0,52168.0,24197.0,7.0,52178.0
2.9380419999943115,0.0,0.0,0.0,0.0,0.0,0.0,0.0,0.0,0.0,0.0,0.0,0.0,0.0,25392.0,7.0,52188.0,24198.0,7.0,52201.0
2.9382952690066304,0.0,0.0,0.0,0.0,0.0,0.0,0.0,0.0,0.0,0.0,0.0,0.0,0.0,25393.0,7.0,52208.0,24199.0,7.0,52221.0
2.938360386004206,0.0,0.0,0.0,0.0,0.0,0.0,0.0,0.0,0.0,0.0,0.0,0.0,0.0,25394.0,7.0,52228.0,24200.0,7.0,52241.0
2.9384235779871233,0.0,0.0,0.0,0.0,0.0,0.0,0.0,0.0,0.0,0.0,0.0,0.0,0.0,25396.0,7.0,52268.0,24201.0,7.0,52271.0
2.938485908001894,0.0,0.0,0.0,0.0,0.0,0.0,0.0,0.0,0.0,0.0,0.0,0.0,0.0,25396.0,7.0,52268.0,24202.0,7.0,52278.0
2.9385486279788893,0.0,0.0,0.0,0.0,0.0,0.0,0.0,0.0,0.0,0.0,0.0,0.0,0.0,25398.0,7.0,52308.0,24203.0,7.0,52311.0
2.9386108269973192,0.0,0.0,0.0,0.0,0.0,0.0,0.0,0.0,0.0,0.0,0.0,0.0,0.0,25398.0,7.0,52308.0,24204.0,7.0,52319.0
2.9386747009993996,0.0,0.0,0.0,0.0,0.0,0.0,0.0,0.0,0.0,0.0,0.0,0.0,0.0,25399.0,7.0,52328.0,24205.0,7.0,52341.0
2.9651025740022305,0.0,0.0,0.0,0.0,0.0,0.0,0.0,0.0,0.0,0.0,0.0,0.0,0.0,25401.0,7.0,52368.0,24206.0,7.0,52371.0
2.9654519839969,0.0,0.0,0.0,0.0,0.0,0.0,0.0,0.0,0.0,0.0,0.0,0.0,0.0,25401.0,7.0,52368.0,24207.0,7.0,52378.0
2.9883305649855174,0.0,0.0,0.0,0.0,0.0,0.0,0.0,0.0,0.0,0.0,0.0,0.0,0.0,25402.0,7.0,52388.0,24208.0,7.0,52400.0
3.0000671799934935,0.0,0.0,0.0,0.0,0.0,0.0,0.0,0.0,0.0,0.0,0.0,0.0,0.0,25403.0,7.0,52408.0,24209.0,7.0,52421.0
3.024293274997035,0.0,0.0,0.0,0.0,0.0,0.0,0.0,0.0,0.0,0.0,0.0,0.0,0.0,25404.0,7.0,52428.0,24210.0,7.0,52441.0
3.4396987890067976,0.0,0.0,0.0,0.0,0.0,0.0,0.0,0.0,0.0,0.0,0.0,0.0,0.0,25406.0,7.0,52468.0,24211.0,7.0,52471.0
3.440131504990859,0.0,0.0,0.0,0.0,0.0,0.0,0.0,0.0,0.0,0.0,0.0,0.0,0.0,25406.0,7.0,52468.0,24212.0,7.0,52479.0
3.440207431995077,0.0,0.0,0.0,0.0,0.0,0.0,0.0,0.0,0.0,0.0,0.0,0.0,0.0,25407.0,7.0,52488.0,24213.0,7.0,52501.0
3.440276368986815,0.0,0.0,0.0,0.0,0.0,0.0,0.0,0.0,0.0,0.0,0.0,0.0,0.0,25408.0,7.0,52508.0,24214.0,7.0,52521.0
3.4403403530013748,0.0,0.0,0.0,0.0,0.0,0.0,0.0,0.0,0.0,0.0,0.0,0.0,0.0,25409.0,7.0,52528.0,24215.0,7.0,52541.0
3.4404039759829175,0.0,0.0,0.0,0.0,0.0,0.0,0.0,0.0,0.0,0.0,0.0,0.0,0.0,25411.0,7.0,52568.0,24216.0,7.0,52571.0
3.4404646509792656,0.0,0.0,0.0,0.0,0.0,0.0,0.0,0.0,0.0,0.0,0.0,0.0,0.0,25411.0,7.0,52568.0,24217.0,7.0,52578.0
3.4405259380000643,0.0,0.0,0.0,0.0,0.0,0.0,0.0,0.0,0.0,0.0,0.0,0.0,0.0,25413.0,7.0,52608.0,24218.0,7.0,52611.0
3.4405884479929227,0.0,0.0,0.0,0.0,0.0,0.0,0.0,0.0,0.0,0.0,0.0,0.0,0.0,25413.0,7.0,52608.0,24219.0,7.0,52618.0
3.4406487020023633,0.0,0.0,0.0,0.0,0.0,0.0,0.0,0.0,0.0,0.0,0.0,0.0,0.0,25415.0,7.0,52648.0,24220.0,7.0,52651.0
3.4407085739949252,0.0,0.0,0.0,0.0,0.0,0.0,0.0,0.0,0.0,0.0,0.0,0.0,0.0,25415.0,7.0,52648.0,24221.0,7.0,52662.0
3.440767744992627,0.0,0.0,0.0,0.0,0.0,0.0,0.0,0.0,0.0,0.0,0.0,0.0,0.0,25416.0,7.0,52668.0,24222.0,7.0,52681.0
3.4408323309908155,0.0,0.0,0.0,0.0,0.0,0.0,0.0,0.0,0.0,0.0,0.0,0.0,0.0,25417.0,7.0,52688.0,24223.0,7.0,52701.0
3.440894028986804,0.0,0.0,0.0,0.0,0.0,0.0,0.0,0.0,0.0,0.0,0.0,0.0,0.0,25418.0,7.0,52708.0,24224.0,7.0,52721.0
3.4409539419866633,0.0,0.0,0.0,0.0,0.0,0.0,0.0,0.0,0.0,0.0,0.0,0.0,0.0,25419.0,7.0,52728.0,24225.0,7.0,52741.0
3.44113433198072,0.0,0.0,0.0,0.0,0.0,0.0,0.0,0.0,0.0,0.0,0.0,0.0,0.0,25421.0,7.0,52768.0,24226.0,7.0,52772.0
3.4412278670060914,0.0,0.0,0.0,0.0,0.0,0.0,0.0,0.0,0.0,0.0,0.0,0.0,0.0,25421.0,7.0,52768.0,24227.0,7.0,52778.0
3.4413290719967335,0.0,0.0,0.0,0.0,0.0,0.0,0.0,0.0,0.0,0.0,0.0,0.0,0.0,25422.0,7.0,52788.0,24228.0,7.0,52801.0
3.441993508982705,0.0,0.0,0.0,0.0,0.0,0.0,0.0,0.0,0.0,0.0,0.0,0.0,0.0,25423.0,7.0,52808.0,24229.0,7.0,52821.0
3.442269689985551,0.0,0.0,0.0,0.0,0.0,0.0,0.0,0.0,0.0,0.0,0.0,0.0,0.0,25424.0,7.0,52828.0,24230.0,7.0,52841.0
3.454576152988011,0.0,0.0,0.0,0.0,0.0,0.0,0.0,0.0,0.0,0.0,0.0,0.0,0.0,25426.0,7.0,52868.0,24231.0,7.0,52871.0
3.460106390994042,0.0,0.0,0.0,0.0,0.0,0.0,0.0,0.0,0.0,0.0,0.0,0.0,0.0,25426.0,7.0,52868.0,24232.0,7.0,52879.0
3.481112249981379,0.0,0.0,0.0,0.0,0.0,0.0,0.0,0.0,0.0,0.0,0.0,0.0,0.0,25427.0,7.0,52888.0,24233.0,7.0,52901.0
3.5016197949880734,0.0,0.0,0.0,0.0,0.0,0.0,0.0,0.0,0.0,0.0,0.0,0.0,0.0,25428.0,7.0,52908.0,24234.0,7.0,52921.0
3.521988391003106,0.0,0.0,0.0,0.0,0.0,0.0,0.0,0.0,0.0,0.0,0.0,0.0,0.0,25429.0,7.0,52928.0,24235.0,7.0,52941.0
3.906345765979495,0.0,0.0,0.0,0.0,0.0,0.0,0.0,0.0,0.0,0.0,0.0,0.0,0.0,25431.0,7.0,52968.0,24236.0,7.0,52971.0
3.906583222997142,0.0,0.0,0.0,0.0,0.0,0.0,0.0,0.0,0.0,0.0,0.0,0.0,0.0,25431.0,7.0,52968.0,24237.0,7.0,52978.0
3.9066571419825777,0.0,0.0,0.0,0.0,0.0,0.0,0.0,0.0,0.0,0.0,0.0,0.0,0.0,25432.0,7.0,52988.0,24238.0,7.0,53001.0
3.906740123988129,0.0,0.0,0.0,0.0,0.0,0.0,0.0,0.0,0.0,0.0,0.0,0.0,0.0,25433.0,7.0,53008.0,24239.0,7.0,53021.0
3.90680661299848,0.0,0.0,0.0,0.0,0.0,0.0,0.0,0.0,0.0,0.0,0.0,0.0,0.0,25434.0,7.0,53028.0,24240.0,7.0,53041.0
3.9068735119944904,0.0,0.0,0.0,0.0,0.0,0.0,0.0,0.0,0.0,0.0,0.0,0.0,0.0,25436.0,7.0,53068.0,24241.0,7.0,53071.0
3.9069350979989395,0.0,0.0,0.0,0.0,0.0,0.0,0.0,0.0,0.0,0.0,0.0,0.0,0.0,25436.0,7.0,53068.0,24242.0,7.0,53078.0
3.9069967529794667,0.0,0.0,0.0,0.0,0.0,0.0,0.0,0.0,0.0,0.0,0.0,0.0,0.0,25437.0,7.0,53088.0,24243.0,7.0,53101.0
3.907056994998129,0.0,0.0,0.0,0.0,0.0,0.0,0.0,0.0,0.0,0.0,0.0,0.0,0.0,25438.0,7.0,53108.0,24244.0,7.0,53121.0
3.907115170994075,0.0,0.0,0.0,0.0,0.0,0.0,0.0,0.0,0.0,0.0,0.0,0.0,0.0,25439.0,7.0,53128.0,24245.0,7.0,53141.0
3.9074185449862853,0.0,0.0,0.0,0.0,0.0,0.0,0.0,0.0,0.0,0.0,0.0,0.0,0.0,25441.0,7.0,53168.0,24246.0,7.0,53171.0
3.9075327919854317,0.0,0.0,0.0,0.0,0.0,0.0,0.0,0.0,0.0,0.0,0.0,0.0,0.0,25441.0,7.0,53168.0,24247.0,7.0,53178.0
3.907600222999463,0.0,0.0,0.0,0.0,0.0,0.0,0.0,0.0,0.0,0.0,0.0,0.0,0.0,25442.0,7.0,53188.0,24248.0,7.0,53201.0
3.9076592609926593,0.0,0.0,0.0,0.0,0.0,0.0,0.0,0.0,0.0,0.0,0.0,0.0,0.0,25443.0,7.0,53208.0,24249.0,7.0,53220.0
3.9077177379804198,0.0,0.0,0.0,0.0,0.0,0.0,0.0,0.0,0.0,0.0,0.0,0.0,0.0,25444.0,7.0,53228.0,24250.0,7.0,53241.0
3.9077762450033333,0.0,0.0,0.0,0.0,0.0,0.0,0.0,0.0,0.0,0.0,0.0,0.0,0.0,25446.0,7.0,53268.0,24251.0,7.0,53271.0
3.907838933984749,0.0,0.0,0.0,0.0,0.0,0.0,0.0,0.0,0.0,0.0,0.0,0.0,0.0,25446.0,7.0,53268.0,24252.0,7.0,53278.0
3.907909342000494,0.0,0.0,0.0,0.0,0.0,0.0,0.0,0.0,0.0,0.0,0.0,0.0,0.0,25447.0,7.0,53288.0,24253.0,7.0,53301.0
3.9079668069898617,0.0,0.0,0.0,0.0,0.0,0.0,0.0,0.0,0.0,0.0,0.0,0.0,0.0,25448.0,7.0,53308.0,24254.0,7.0,53321.0
3.921160375000909,0.0,0.0,0.0,0.0,0.0,0.0,0.0,0.0,0.0,0.0,0.0,0.0,0.0,25449.0,7.0,53328.0,24255.0,7.0,53341.0
3.9523204620054457,0.0,0.0,0.0,0.0,0.0,0.0,0.0,0.0,0.0,0.0,0.0,0.0,0.0,25451.0,7.0,53368.0,24256.0,7.0,53371.0
3.958328887994867,0.0,0.0,0.0,0.0,0.0,0.0,0.0,0.0,0.0,0.0,0.0,0.0,0.0,25451.0,7.0,53368.0,24257.0,7.0,53378.0
3.981108101987047,0.0,0.0,0.0,0.0,0.0,0.0,0.0,0.0,0.0,0.0,0.0,0.0,0.0,25452.0,7.0,53388.0,24258.0,7.0,53401.0
4.003727025992703,0.0,0.0,0.0,0.0,0.0,0.0,0.0,0.0,0.0,0.0,0.0,0.0,0.0,25453.0,7.0,53408.0,24259.0,7.0,53421.0
4.021484603988938,0.0,0.0,0.0,0.0,0.0,0.0,0.0,0.0,0.0,0.0,0.0,0.0,0.0,25454.0,7.0,53428.0,24260.0,7.0,53441.0
4.040437349001877,0.0,0.0,0.0,0.0,0.0,0.0,0.0,0.0,0.0,0.0,0.0,0.0,0.0,25455.0,7.0,53448.0,24261.0,7.0,53459.0
4.061238274007337,0.0,0.0,0.0,0.0,0.0,0.0,0.0,0.0,0.0,0.0,0.0,0.0,0.0,25456.0,7.0,53468.0,24262.0,7.0,53481.0
4.080738016986288,0.0,0.0,0.0,0.0,0.0,0.0,0.0,0.0,0.0,0.0,0.0,0.0,0.0,25457.0,7.0,53488.0,24263.0,7.0,53501.0
4.101101167005254,0.0,0.0,0.0,0.0,0.0,0.0,0.0,0.0,0.0,0.0,0.0,0.0,0.0,25458.0,7.0,53508.0,24264.0,7.0,53520.0
4.122396007995121,0.0,0.0,0.0,0.0,0.0,0.0,0.0,0.0,0.0,0.0,0.0,0.0,0.0,25459.0,7.0,53528.0,24265.0,7.0,53540.0
4.1543782009975985,0.0,0.0,0.0,0.0,0.0,0.0,0.0,0.0,0.0,0.0,0.0,0.0,0.0,25461.0,7.0,53568.0,24266.0,7.0,53571.0
4.159381409001071,0.0,0.0,0.0,0.0,0.0,0.0,0.0,0.0,0.0,0.0,0.0,0.0,0.0,25461.0,7.0,53568.0,24267.0,7.0,53578.0
4.181167968985392,0.0,0.0,0.0,0.0,0.0,0.0,0.0,0.0,0.0,0.0,0.0,0.0,0.0,25462.0,7.0,53588.0,24268.0,7.0,53601.0
4.316930134984432,0.0,0.0,0.0,0.0,0.0,0.0,0.0,0.0,0.0,0.0,0.0,0.0,0.0,25463.0,7.0,53608.0,24269.0,7.0,53621.0
4.317067473981297,0.0,0.0,0.0,0.0,0.0,0.0,0.0,0.0,0.0,0.0,0.0,0.0,0.0,25464.0,7.0,53628.0,24270.0,7.0,53641.0
4.317143597989343,0.0,0.0,0.0,0.0,0.0,0.0,0.0,0.0,0.0,0.0,0.0,0.0,0.0,25466.0,7.0,53668.0,24271.0,7.0,53671.0
4.317203137994511,0.0,0.0,0.0,0.0,0.0,0.0,0.0,0.0,0.0,0.0,0.0,0.0,0.0,25466.0,7.0,53668.0,24272.0,7.0,53678.0
4.317259428993566,0.0,0.0,0.0,0.0,0.0,0.0,0.0,0.0,0.0,0.0,0.0,0.0,0.0,25468.0,7.0,53708.0,24273.0,7.0,53711.0
4.317317273991648,0.0,0.0,0.0,0.0,0.0,0.0,0.0,0.0,0.0,0.0,0.0,0.0,0.0,25468.0,7.0,53708.0,24274.0,7.0,53718.0
4.540349093003897,0.0,0.0,0.0,0.0,0.0,0.0,0.0,0.0,0.0,0.0,0.0,0.0,0.0,25470.0,7.0,53748.0,24275.0,7.0,53751.0
4.540807252982631,0.0,0.0,0.0,0.0,0.0,0.0,0.0,0.0,0.0,0.0,0.0,0.0,0.0,25470.0,7.0,53748.0,24276.0,7.0,53762.0
4.5411192500032485,0.0,0.0,0.0,0.0,0.0,0.0,0.0,0.0,0.0,0.0,0.0,0.0,0.0,25471.0,7.0,53768.0,24277.0,7.0,53781.0
4.541362602991285,0.0,0.0,0.0,0.0,0.0,0.0,0.0,0.0,0.0,0.0,0.0,0.0,0.0,25472.0,7.0,53788.0,24278.0,7.0,53801.0
4.541585330996895,0.0,0.0,0.0,0.0,0.0,0.0,0.0,0.0,0.0,0.0,0.0,0.0,0.0,25473.0,7.0,53808.0,24279.0,7.0,53821.0
4.541643827978987,0.0,0.0,0.0,0.0,0.0,0.0,0.0,0.0,0.0,0.0,0.0,0.0,0.0,25474.0,7.0,53828.0,24280.0,7.0,53841.0
4.541699958994286,0.0,0.0,0.0,0.0,0.0,0.0,0.0,0.0,0.0,0.0,0.0,0.0,0.0,25476.0,7.0,53868.0,24281.0,7.0,53871.0
4.5417539839982055,0.0,0.0,0.0,0.0,0.0,0.0,0.0,0.0,0.0,0.0,0.0,0.0,0.0,25476.0,7.0,53868.0,24282.0,7.0,53878.0
4.541808379988652,0.0,0.0,0.0,0.0,0.0,0.0,0.0,0.0,0.0,0.0,0.0,0.0,0.0,25477.0,7.0,53888.0,24283.0,7.0,53900.0
4.541866927000228,0.0,0.0,0.0,0.0,0.0,0.0,0.0,0.0,0.0,0.0,0.0,0.0,0.0,25478.0,7.0,53908.0,24284.0,7.0,53921.0
4.541924221004592,0.0,0.0,0.0,0.0,0.0,0.0,0.0,0.0,0.0,0.0,0.0,0.0,0.0,25479.0,7.0,53928.0,24285.0,7.0,53941.0
4.551517766987672,0.0,0.0,0.0,0.0,0.0,0.0,0.0,0.0,0.0,0.0,0.0,0.0,0.0,25481.0,7.0,53968.0,24286.0,7.0,53971.0
4.559399389981991,0.0,0.0,0.0,0.0,0.0,0.0,0.0,0.0,0.0,0.0,0.0,0.0,0.0,25481.0,7.0,53968.0,24287.0,7.0,53978.0
4.592879934003577,0.0,0.0,0.0,0.0,0.0,0.0,0.0,0.0,0.0,0.0,0.0,0.0,0.0,25483.0,7.0,54008.0,24288.0,7.0,54011.0
4.599042243004078,0.0,0.0,0.0,0.0,0.0,0.0,0.0,0.0,0.0,0.0,0.0,0.0,0.0,25483.0,7.0,54008.0,24289.0,7.0,54018.0
4.622239068005001,0.0,0.0,0.0,0.0,0.0,0.0,0.0,0.0,0.0,0.0,0.0,0.0,0.0,25484.0,7.0,54028.0,24290.0,7.0,54041.0
4.760546765988693,0.0,0.0,0.0,0.0,0.0,0.0,0.0,0.0,0.0,0.0,0.0,0.0,0.0,25486.0,7.0,54068.0,24291.0,7.0,54071.0
4.760777825984405,0.0,0.0,0.0,0.0,0.0,0.0,0.0,0.0,0.0,0.0,0.0,0.0,0.0,25486.0,7.0,54068.0,24292.0,7.0,54078.0
4.760855112981517,0.0,0.0,0.0,0.0,0.0,0.0,0.0,0.0,0.0,0.0,0.0,0.0,0.0,25487.0,7.0,54088.0,24293.0,7.0,54101.0
4.7609219129954,0.0,0.0,0.0,0.0,0.0,0.0,0.0,0.0,0.0,0.0,0.0,0.0,0.0,25488.0,7.0,54108.0,24294.0,7.0,54121.0
4.760985995002557,0.0,0.0,0.0,0.0,0.0,0.0,0.0,0.0,0.0,0.0,0.0,0.0,0.0,25489.0,7.0,54128.0,24295.0,7.0,54141.0
4.761044821992982,0.0,0.0,0.0,0.0,0.0,0.0,0.0,0.0,0.0,0.0,0.0,0.0,0.0,25491.0,7.0,54168.0,24296.0,7.0,54171.0
4.761104301986052,0.0,0.0,0.0,0.0,0.0,0.0,0.0,0.0,0.0,0.0,0.0,0.0,0.0,25491.0,7.0,54168.0,24297.0,7.0,54178.0
4.781620894005755,0.0,0.0,0.0,0.0,0.0,0.0,0.0,0.0,0.0,0.0,0.0,0.0,0.0,25492.0,7.0,54188.0,24298.0,7.0,54201.0
4.8052058609901,0.0,0.0,0.0,0.0,0.0,0.0,0.0,0.0,0.0,0.0,0.0,0.0,0.0,25493.0,7.0,54208.0,24299.0,7.0,54221.0
4.840006196987815,0.0,0.0,0.0,0.0,0.0,0.0,0.0,0.0,0.0,0.0,0.0,0.0,0.0,25494.0,7.0,54228.0,24300.0,7.0,54241.0
4.852030217007268,0.0,0.0,0.0,0.0,0.0,0.0,0.0,0.0,0.0,0.0,0.0,0.0,0.0,25496.0,7.0,54268.0,24301.0,7.0,54271.0
4.873082659003558,0.0,0.0,0.0,0.0,0.0,0.0,0.0,0.0,0.0,0.0,0.0,0.0,0.0,25496.0,7.0,54268.0,24302.0,7.0,54278.0
4.9554986379807815,0.0,0.0,0.0,0.0,0.0,0.0,0.0,0.0,0.0,0.0,0.0,0.0,0.0,25497.0,7.0,54288.0,24303.0,7.0,54301.0
4.95591214398155,0.0,0.0,0.0,0.0,0.0,0.0,0.0,0.0,0.0,0.0,0.0,0.0,0.0,25498.0,7.0,54308.0,24304.0,7.0,54321.0
4.956167441006983,0.0,0.0,0.0,0.0,0.0,0.0,0.0,0.0,0.0,0.0,0.0,0.0,0.0,25499.0,7.0,54328.0,24305.0,7.0,54341.0
4.956226948997937,0.0,0.0,0.0,0.0,0.0,0.0,0.0,0.0,0.0,0.0,0.0,0.0,0.0,25501.0,7.0,54368.0,24306.0,7.0,54371.0
4.980084544979036,0.0,0.0,0.0,0.0,0.0,0.0,0.0,0.0,0.0,0.0,0.0,0.0,0.0,25501.0,7.0,54368.0,24307.0,7.0,54378.0
4.981426721991738,0.0,0.0,0.0,0.0,0.0,0.0,0.0,0.0,0.0,0.0,0.0,0.0,0.0,25502.0,7.0,54388.0,24308.0,7.0,54401.0
5.002046256005997,0.0,0.0,0.0,0.0,0.0,0.0,0.0,0.0,0.0,0.0,0.0,0.0,0.0,25503.0,7.0,54408.0,24309.0,7.0,54421.0
5.024940648989286,0.0,0.0,0.0,0.0,0.0,0.0,0.0,0.0,0.0,0.0,0.0,0.0,0.0,25504.0,7.0,54428.0,24310.0,7.0,54441.0
5.052896718989359,0.0,0.0,0.0,0.0,0.0,0.0,0.0,0.0,0.0,0.0,0.0,0.0,0.0,25506.0,7.0,54468.0,24311.0,7.0,54471.0
5.059173285000725,0.0,0.0,0.0,0.0,0.0,0.0,0.0,0.0,0.0,0.0,0.0,0.0,0.0,25506.0,7.0,54468.0,24312.0,7.0,54478.0
5.083006436994765,0.0,0.0,0.0,0.0,0.0,0.0,0.0,0.0,0.0,0.0,0.0,0.0,0.0,25507.0,7.0,54488.0,24313.0,7.0,54501.0
5.202691610989859,0.0,0.0,0.0,0.0,0.0,0.0,0.0,0.0,0.0,0.0,0.0,0.0,0.0,25508.0,7.0,54508.0,24314.0,7.0,54521.0
5.202889254986076,0.0,0.0,0.0,0.0,0.0,0.0,0.0,0.0,0.0,0.0,0.0,0.0,0.0,25509.0,7.0,54528.0,24315.0,7.0,54541.0
5.202961436007172,0.0,0.0,0.0,0.0,0.0,0.0,0.0,0.0,0.0,0.0,0.0,0.0,0.0,25511.0,7.0,54568.0,24316.0,7.0,54571.0
5.203021394991083,0.0,0.0,0.0,0.0,0.0,0.0,0.0,0.0,0.0,0.0,0.0,0.0,0.0,25511.0,7.0,54568.0,24317.0,7.0,54578.0
5.203078416001517,0.0,0.0,0.0,0.0,0.0,0.0,0.0,0.0,0.0,0.0,0.0,0.0,0.0,25512.0,7.0,54588.0,24318.0,7.0,54601.0
5.207031042984454,0.0,0.0,0.0,0.0,0.0,0.0,0.0,0.0,0.0,0.0,0.0,0.0,0.0,25513.0,7.0,54608.0,24319.0,7.0,54621.0
5.221651645988459,0.0,0.0,0.0,0.0,0.0,0.0,0.0,0.0,0.0,0.0,0.0,0.0,0.0,25514.0,7.0,54628.0,24320.0,7.0,54641.0
5.252262772992253,0.0,0.0,0.0,0.0,0.0,0.0,0.0,0.0,0.0,0.0,0.0,0.0,0.0,25516.0,7.0,54668.0,24321.0,7.0,54671.0
5.258837278990541,0.0,0.0,0.0,0.0,0.0,0.0,0.0,0.0,0.0,0.0,0.0,0.0,0.0,25516.0,7.0,54668.0,24322.0,7.0,54678.0
5.29243120198953,0.0,0.0,0.0,0.0,0.0,0.0,0.0,0.0,0.0,0.0,0.0,0.0,0.0,25518.0,7.0,54708.0,24323.0,7.0,54711.0
5.301250318007078,0.0,0.0,0.0,0.0,0.0,0.0,0.0,0.0,0.0,0.0,0.0,0.0,0.0,25518.0,7.0,54708.0,24324.0,7.0,54718.0
5.408010262006428,0.0,0.0,0.0,0.0,0.0,0.0,0.0,0.0,0.0,0.0,0.0,0.0,0.0,25520.0,7.0,54748.0,24325.0,7.0,54751.0
5.408111058990471,0.0,0.0,0.0,0.0,0.0,0.0,0.0,0.0,0.0,0.0,0.0,0.0,0.0,25520.0,7.0,54748.0,24326.0,7.0,54763.0
5.408176973985974,0.0,0.0,0.0,0.0,0.0,0.0,0.0,0.0,0.0,0.0,0.0,0.0,0.0,25521.0,7.0,54768.0,24327.0,7.0,54781.0
5.408269388979534,0.0,0.0,0.0,0.0,0.0,0.0,0.0,0.0,0.0,0.0,0.0,0.0,0.0,25522.0,7.0,54788.0,24328.0,7.0,54801.0
5.408330270001898,0.0,0.0,0.0,0.0,0.0,0.0,0.0,0.0,0.0,0.0,0.0,0.0,0.0,25523.0,7.0,54808.0,24329.0,7.0,54821.0
5.421428397996351,0.0,0.0,0.0,0.0,0.0,0.0,0.0,0.0,0.0,0.0,0.0,0.0,0.0,25524.0,7.0,54828.0,24330.0,7.0,54841.0
5.4558040630072355,0.0,0.0,0.0,0.0,0.0,0.0,0.0,0.0,0.0,0.0,0.0,0.0,0.0,25526.0,7.0,54868.0,24331.0,7.0,54871.0
5.460731352999574,0.0,0.0,0.0,0.0,0.0,0.0,0.0,0.0,0.0,0.0,0.0,0.0,0.0,25526.0,7.0,54868.0,24332.0,7.0,54878.0
5.483509949990548,0.0,0.0,0.0,0.0,0.0,0.0,0.0,0.0,0.0,0.0,0.0,0.0,0.0,25527.0,7.0,54888.0,24333.0,7.0,54901.0
5.503934095002478,0.0,0.0,0.0,0.0,0.0,0.0,0.0,0.0,0.0,0.0,0.0,0.0,0.0,25528.0,7.0,54908.0,24334.0,7.0,54921.0
5.5224875019921456,0.0,0.0,0.0,0.0,0.0,0.0,0.0,0.0,0.0,0.0,0.0,0.0,0.0,25529.0,7.0,54928.0,24335.0,7.0,54941.0
5.5752259790024254,0.0,0.0,0.0,0.0,0.0,0.0,0.0,0.0,0.0,0.0,0.0,0.0,0.0,25531.0,7.0,54968.0,24336.0,7.0,54971.0
5.575321010983316,0.0,0.0,0.0,0.0,0.0,0.0,0.0,0.0,0.0,0.0,0.0,0.0,0.0,25531.0,7.0,54968.0,24337.0,7.0,54979.0
5.644253923004726,0.0,0.0,0.0,0.0,0.0,0.0,0.0,0.0,0.0,0.0,0.0,0.0,0.0,25532.0,7.0,54988.0,24338.0,7.0,55001.0
5.644403458980378,0.0,0.0,0.0,0.0,0.0,0.0,0.0,0.0,0.0,0.0,0.0,0.0,0.0,25533.0,7.0,55008.0,24339.0,7.0,55021.0
5.644472020998364,0.0,0.0,0.0,0.0,0.0,0.0,0.0,0.0,0.0,0.0,0.0,0.0,0.0,25534.0,7.0,55028.0,24340.0,7.0,55041.0
5.6533398059837054,0.0,0.0,0.0,0.0,0.0,0.0,0.0,0.0,0.0,0.0,0.0,0.0,0.0,25536.0,7.0,55068.0,24341.0,7.0,55071.0
5.658706771006109,0.0,0.0,0.0,0.0,0.0,0.0,0.0,0.0,0.0,0.0,0.0,0.0,0.0,25536.0,7.0,55068.0,24342.0,7.0,55077.0
5.692283849988598,0.0,0.0,0.0,0.0,0.0,0.0,0.0,0.0,0.0,0.0,0.0,0.0,0.0,25538.0,7.0,55108.0,24343.0,7.0,55111.0
5.700123810005607,0.0,0.0,0.0,0.0,0.0,0.0,0.0,0.0,0.0,0.0,0.0,0.0,0.0,25538.0,7.0,55108.0,24344.0,7.0,55118.0
5.7326060560008045,0.0,0.0,0.0,0.0,0.0,0.0,0.0,0.0,0.0,0.0,0.0,0.0,0.0,25540.0,7.0,55148.0,24345.0,7.0,55151.0
5.862352106982144,0.0,0.0,0.0,0.0,0.0,0.0,0.0,0.0,0.0,0.0,0.0,0.0,0.0,25540.0,7.0,55148.0,24346.0,7.0,55163.0
5.862539603986079,0.0,0.0,0.0,0.0,0.0,0.0,0.0,0.0,0.0,0.0,0.0,0.0,0.0,25541.0,7.0,55168.0,24347.0,7.0,55181.0
5.862642586987931,0.0,0.0,0.0,0.0,0.0,0.0,0.0,0.0,0.0,0.0,0.0,0.0,0.0,25542.0,7.0,55188.0,24348.0,7.0,55201.0
5.862716001982335,0.0,0.0,0.0,0.0,0.0,0.0,0.0,0.0,0.0,0.0,0.0,0.0,0.0,25543.0,7.0,55208.0,24349.0,7.0,55221.0
5.862781475007068,0.0,0.0,0.0,0.0,0.0,0.0,0.0,0.0,0.0,0.0,0.0,0.0,0.0,25544.0,7.0,55228.0,24350.0,7.0,55241.0
5.862848582997685,0.0,0.0,0.0,0.0,0.0,0.0,0.0,0.0,0.0,0.0,0.0,0.0,0.0,25546.0,7.0,55268.0,24351.0,7.0,55271.0
5.862908481998602,0.0,0.0,0.0,0.0,0.0,0.0,0.0,0.0,0.0,0.0,0.0,0.0,0.0,25546.0,7.0,55268.0,24352.0,7.0,55278.0
5.882199232000858,0.0,0.0,0.0,0.0,0.0,0.0,0.0,0.0,0.0,0.0,0.0,0.0,0.0,25547.0,7.0,55288.0,24353.0,7.0,55301.0
5.902580038004089,0.0,0.0,0.0,0.0,0.0,0.0,0.0,0.0,0.0,0.0,0.0,0.0,0.0,25548.0,7.0,55308.0,24354.0,7.0,55321.0
5.9222788979823235,0.0,0.0,0.0,0.0,0.0,0.0,0.0,0.0,0.0,0.0,0.0,0.0,0.0,25549.0,7.0,55328.0,24355.0,7.0,55341.0
5.954026758990949,0.0,0.0,0.0,0.0,0.0,0.0,0.0,0.0,0.0,0.0,0.0,0.0,0.0,25551.0,7.0,55368.0,24356.0,7.0,55371.0
5.960526443988783,0.0,0.0,0.0,0.0,0.0,0.0,0.0,0.0,0.0,0.0,0.0,0.0,0.0,25551.0,7.0,55368.0,24357.0,7.0,55378.0
6.080774686997756,0.0,0.0,0.0,0.0,0.0,0.0,0.0,0.0,0.0,0.0,0.0,0.0,0.0,25553.0,7.0,55408.0,24358.0,7.0,55411.0
6.080907013005344,0.0,0.0,0.0,0.0,0.0,0.0,0.0,0.0,0.0,0.0,0.0,0.0,0.0,25553.0,7.0,55408.0,24359.0,7.0,55418.0
6.080985979991965,0.0,0.0,0.0,0.0,0.0,0.0,0.0,0.0,0.0,0.0,0.0,0.0,0.0,25555.0,7.0,55448.0,24360.0,7.0,55451.0
6.092565061000641,0.0,0.0,0.0,0.0,0.0,0.0,0.0,0.0,0.0,0.0,0.0,0.0,0.0,25558.0,7.0,55509.0,24361.0,7.0,55510.0
6.098520359984832,0.0,0.0,0.0,0.0,0.0,0.0,0.0,0.0,0.0,0.0,0.0,0.0,0.0,25558.0,7.0,55509.0,24362.0,7.0,55517.0
6.134635992988478,0.0,0.0,0.0,0.0,0.0,0.0,0.0,0.0,0.0,0.0,0.0,0.0,0.0,25560.0,7.0,55548.0,24363.0,7.0,55551.0
6.139739941980224,0.0,0.0,0.0,0.0,0.0,0.0,0.0,0.0,0.0,0.0,0.0,0.0,0.0,25560.0,7.0,55548.0,24364.0,7.0,55558.0
6.163859962980496,0.0,0.0,0.0,0.0,0.0,0.0,0.0,0.0,0.0,0.0,0.0,0.0,0.0,25561.0,7.0,55568.0,24365.0,7.0,55581.0
6.301440084993374,0.0,0.0,0.0,0.0,0.0,0.0,0.0,0.0,0.0,0.0,0.0,0.0,0.0,25563.0,7.0,55608.0,24366.0,7.0,55611.0
6.301619473990286,0.0,0.0,0.0,0.0,0.0,0.0,0.0,0.0,0.0,0.0,0.0,0.0,0.0,25563.0,7.0,55608.0,24367.0,7.0,55618.0
6.301690500986297,0.0,0.0,0.0,0.0,0.0,0.0,0.0,0.0,0.0,0.0,0.0,0.0,0.0,25565.0,7.0,55648.0,24368.0,7.0,55651.0
6.301753043982899,0.0,0.0,0.0,0.0,0.0,0.0,0.0,0.0,0.0,0.0,0.0,0.0,0.0,25565.0,7.0,55648.0,24369.0,7.0,55658.0
6.301811266981531,0.0,0.0,0.0,0.0,0.0,0.0,0.0,0.0,0.0,0.0,0.0,0.0,0.0,25567.0,7.0,55688.0,24370.0,7.0,55690.0
6.301876879006159,0.0,0.0,0.0,0.0,0.0,0.0,0.0,0.0,0.0,0.0,0.0,0.0,0.0,25567.0,7.0,55688.0,24371.0,7.0,55701.0
6.303418576979311,0.0,0.0,0.0,0.0,0.0,0.0,0.0,0.0,0.0,0.0,0.0,0.0,0.0,25568.0,7.0,55708.0,24372.0,7.0,55721.0
6.325507587986067,0.0,0.0,0.0,0.0,0.0,0.0,0.0,0.0,0.0,0.0,0.0,0.0,0.0,25569.0,7.0,55728.0,24373.0,7.0,55741.0
6.343341722997138,0.0,0.0,0.0,0.0,0.0,0.0,0.0,0.0,0.0,0.0,0.0,0.0,0.0,25570.0,7.0,55748.0,24374.0,7.0,55761.0
6.36373994499445,0.0,0.0,0.0,0.0,0.0,0.0,0.0,0.0,0.0,0.0,0.0,0.0,0.0,25571.0,7.0,55768.0,24375.0,7.0,55780.0
6.392837282997789,0.0,0.0,0.0,0.0,0.0,0.0,0.0,0.0,0.0,0.0,0.0,0.0,0.0,25573.0,7.0,55808.0,24376.0,7.0,55811.0
6.401136050990317,0.0,0.0,0.0,0.0,0.0,0.0,0.0,0.0,0.0,0.0,0.0,0.0,0.0,25573.0,7.0,55808.0,24377.0,7.0,55818.0
6.490953842992894,0.0,0.0,0.0,0.0,0.0,0.0,0.0,0.0,0.0,0.0,0.0,0.0,0.0,25575.0,7.0,55848.0,24378.0,7.0,55851.0
6.491058636980597,0.0,0.0,0.0,0.0,0.0,0.0,0.0,0.0,0.0,0.0,0.0,0.0,0.0,25575.0,7.0,55848.0,24379.0,7.0,55858.0
6.491130837006494,0.0,0.0,0.0,0.0,0.0,0.0,0.0,0.0,0.0,0.0,0.0,0.0,0.0,25577.0,7.0,55888.0,24380.0,7.0,55891.0
6.4911926689965185,0.0,0.0,0.0,0.0,0.0,0.0,0.0,0.0,0.0,0.0,0.0,0.0,0.0,25577.0,7.0,55888.0,24381.0,7.0,55902.0
6.520252558984794,0.0,0.0,0.0,0.0,0.0,0.0,0.0,0.0,0.0,0.0,0.0,0.0,0.0,25578.0,7.0,55908.0,24382.0,7.0,55921.0
6.525394316995516,0.0,0.0,0.0,0.0,0.0,0.0,0.0,0.0,0.0,0.0,0.0,0.0,0.0,25579.0,7.0,55928.0,24383.0,7.0,55941.0
6.543614613998216,0.0,0.0,0.0,0.0,0.0,0.0,0.0,0.0,0.0,0.0,0.0,0.0,0.0,25580.0,7.0,55948.0,24384.0,7.0,55961.0
6.5655905889871065,0.0,0.0,0.0,0.0,0.0,0.0,0.0,0.0,0.0,0.0,0.0,0.0,0.0,25581.0,7.0,55968.0,24385.0,7.0,55981.0
6.596387038007379,0.0,0.0,0.0,0.0,0.0,0.0,0.0,0.0,0.0,0.0,0.0,0.0,0.0,25583.0,7.0,56008.0,24386.0,7.0,56011.0
6.610263315989869,0.0,0.0,0.0,0.0,0.0,0.0,0.0,0.0,0.0,0.0,0.0,0.0,0.0,25583.0,7.0,56008.0,24387.0,7.0,56018.0
6.622796104988083,0.0,0.0,0.0,0.0,0.0,0.0,0.0,0.0,0.0,0.0,0.0,0.0,0.0,25584.0,7.0,56028.0,24388.0,7.0,56041.0
6.746006726985797,0.0,0.0,0.0,0.0,0.0,0.0,0.0,0.0,0.0,0.0,0.0,0.0,0.0,25585.0,7.0,56048.0,24389.0,7.0,56061.0
6.746165933989687,0.0,0.0,0.0,0.0,0.0,0.0,0.0,0.0,0.0,0.0,0.0,0.0,0.0,25586.0,7.0,56068.0,24390.0,7.0,56080.0
6.746235175000038,0.0,0.0,0.0,0.0,0.0,0.0,0.0,0.0,0.0,0.0,0.0,0.0,0.0,25588.0,7.0,56108.0,24391.0,7.0,56111.0
6.746294771000976,0.0,0.0,0.0,0.0,0.0,0.0,0.0,0.0,0.0,0.0,0.0,0.0,0.0,25588.0,7.0,56108.0,24392.0,7.0,56118.0
6.746351048001088,0.0,0.0,0.0,0.0,0.0,0.0,0.0,0.0,0.0,0.0,0.0,0.0,0.0,25589.0,7.0,56128.0,24393.0,7.0,56141.0
6.746407647005981,0.0,0.0,0.0,0.0,0.0,0.0,0.0,0.0,0.0,0.0,0.0,0.0,0.0,25590.0,7.0,56148.0,24394.0,7.0,56161.0
6.764050881989533,0.0,0.0,0.0,0.0,0.0,0.0,0.0,0.0,0.0,0.0,0.0,0.0,0.0,25591.0,7.0,56168.0,24395.0,7.0,56181.0
6.7933998799999245,0.0,0.0,0.0,0.0,0.0,0.0,0.0,0.0,0.0,0.0,0.0,0.0,0.0,25593.0,7.0,56208.0,24396.0,7.0,56211.0
6.801441072981106,0.0,0.0,0.0,0.0,0.0,0.0,0.0,0.0,0.0,0.0,0.0,0.0,0.0,25593.0,7.0,56208.0,24397.0,7.0,56218.0
6.823064864991466,0.0,0.0,0.0,0.0,0.0,0.0,0.0,0.0,0.0,0.0,0.0,0.0,0.0,25594.0,7.0,56228.0,24398.0,7.0,56241.0
6.843214655993506,0.0,0.0,0.0,0.0,0.0,0.0,0.0,0.0,0.0,0.0,0.0,0.0,0.0,25595.0,7.0,56248.0,24399.0,7.0,56261.0
6.961911874997895,0.0,0.0,0.0,0.0,0.0,0.0,0.0,0.0,0.0,0.0,0.0,0.0,0.0,25596.0,7.0,56268.0,24400.0,7.0,56281.0
6.962054162984714,0.0,0.0,0.0,0.0,0.0,0.0,0.0,0.0,0.0,0.0,0.0,0.0,0.0,25598.0,7.0,56308.0,24401.0,7.0,56311.0
6.962126811005874,0.0,0.0,0.0,0.0,0.0,0.0,0.0,0.0,0.0,0.0,0.0,0.0,0.0,25598.0,7.0,56308.0,24402.0,7.0,56318.0
6.962187889992492,0.0,0.0,0.0,0.0,0.0,0.0,0.0,0.0,0.0,0.0,0.0,0.0,0.0,25599.0,7.0,56328.0,24403.0,7.0,56341.0
6.962244124995777,0.0,0.0,0.0,0.0,0.0,0.0,0.0,0.0,0.0,0.0,0.0,0.0,0.0,25600.0,7.0,56348.0,24404.0,7.0,56361.0
6.964600357983727,0.0,0.0,0.0,0.0,0.0,0.0,0.0,0.0,0.0,0.0,0.0,0.0,0.0,25601.0,7.0,56368.0,24405.0,7.0,56381.0
6.995124593988294,0.0,0.0,0.0,0.0,0.0,0.0,0.0,0.0,0.0,0.0,0.0,0.0,0.0,25603.0,7.0,56408.0,24406.0,7.0,56411.0
7.000938141980441,0.0,0.0,0.0,0.0,0.0,0.0,0.0,0.0,0.0,0.0,0.0,0.0,0.0,25603.0,7.0,56408.0,24407.0,7.0,56418.0
7.035487632994773,0.0,0.0,0.0,0.0,0.0,0.0,0.0,0.0,0.0,0.0,0.0,0.0,0.0,25605.0,7.0,56448.0,24408.0,7.0,56451.0
7.043241777981166,0.0,0.0,0.0,0.0,0.0,0.0,0.0,0.0,0.0,0.0,0.0,0.0,0.0,25605.0,7.0,56448.0,24409.0,7.0,56458.0
7.064300725993235,0.0,0.0,0.0,0.0,0.0,0.0,0.0,0.0,0.0,0.0,0.0,0.0,0.0,25606.0,7.0,56468.0,24410.0,7.0,56481.0
7.1829550490074325,0.0,0.0,0.0,0.0,0.0,0.0,0.0,0.0,0.0,0.0,0.0,0.0,0.0,25608.0,7.0,56508.0,24411.0,7.0,56511.0
7.183133801998338,0.0,0.0,0.0,0.0,0.0,0.0,0.0,0.0,0.0,0.0,0.0,0.0,0.0,25608.0,7.0,56508.0,24412.0,7.0,56518.0
7.183394055988174,0.0,0.0,0.0,0.0,0.0,0.0,0.0,0.0,0.0,0.0,0.0,0.0,0.0,25610.0,7.0,56548.0,24413.0,7.0,56551.0
7.183624562982004,0.0,0.0,0.0,0.0,0.0,0.0,0.0,0.0,0.0,0.0,0.0,0.0,0.0,25610.0,7.0,56548.0,24414.0,7.0,56558.0
7.18387671597884,0.0,0.0,0.0,0.0,0.0,0.0,0.0,0.0,0.0,0.0,0.0,0.0,0.0,25611.0,7.0,56568.0,24415.0,7.0,56581.0
7.197270639997441,0.0,0.0,0.0,0.0,0.0,0.0,0.0,0.0,0.0,0.0,0.0,0.0,0.0,25613.0,7.0,56608.0,24416.0,7.0,56611.0
7.211038762994576,0.0,0.0,0.0,0.0,0.0,0.0,0.0,0.0,0.0,0.0,0.0,0.0,0.0,25613.0,7.0,56608.0,24417.0,7.0,56618.0
7.2252358669938985,0.0,0.0,0.0,0.0,0.0,0.0,0.0,0.0,0.0,0.0,0.0,0.0,0.0,25614.0,7.0,56628.0,24418.0,7.0,56641.0
7.246167764998972,0.0,0.0,0.0,0.0,0.0,0.0,0.0,0.0,0.0,0.0,0.0,0.0,0.0,25615.0,7.0,56648.0,24419.0,7.0,56661.0
7.2673015169857536,0.0,0.0,0.0,0.0,0.0,0.0,0.0,0.0,0.0,0.0,0.0,0.0,0.0,25616.0,7.0,56668.0,24420.0,7.0,56681.0
7.3345579669985455,0.0,0.0,0.0,0.0,0.0,0.0,0.0,0.0,0.0,0.0,0.0,0.0,0.0,25618.0,7.0,56708.0,24421.0,7.0,56711.0
7.334943645983003,0.0,0.0,0.0,0.0,0.0,0.0,0.0,0.0,0.0,0.0,0.0,0.0,0.0,25618.0,7.0,56708.0,24422.0,7.0,56718.0
7.335221936984453,0.0,0.0,0.0,0.0,0.0,0.0,0.0,0.0,0.0,0.0,0.0,0.0,0.0,25620.0,7.0,56748.0,24423.0,7.0,56751.0
7.402035940991482,0.0,0.0,0.0,0.0,0.0,0.0,0.0,0.0,0.0,0.0,0.0,0.0,0.0,25620.0,7.0,56748.0,24424.0,7.0,56758.0
7.4021874830068555,0.0,0.0,0.0,0.0,0.0,0.0,0.0,0.0,0.0,0.0,0.0,0.0,0.0,25622.0,7.0,56788.0,24425.0,7.0,56791.0
7.402287923992844,0.0,0.0,0.0,0.0,0.0,0.0,0.0,0.0,0.0,0.0,0.0,0.0,0.0,25622.0,7.0,56788.0,24426.0,7.0,56803.0
7.404243709985167,0.0,0.0,0.0,0.0,0.0,0.0,0.0,0.0,0.0,0.0,0.0,0.0,0.0,25623.0,7.0,56808.0,24427.0,7.0,56821.0
7.425106157985283,0.0,0.0,0.0,0.0,0.0,0.0,0.0,0.0,0.0,0.0,0.0,0.0,0.0,25624.0,7.0,56828.0,24428.0,7.0,56841.0
7.443254686979344,0.0,0.0,0.0,0.0,0.0,0.0,0.0,0.0,0.0,0.0,0.0,0.0,0.0,25625.0,7.0,56848.0,24429.0,7.0,56861.0
7.464488508005161,0.0,0.0,0.0,0.0,0.0,0.0,0.0,0.0,0.0,0.0,0.0,0.0,0.0,25626.0,7.0,56868.0,24430.0,7.0,56881.0
7.4957371589844115,0.0,0.0,0.0,0.0,0.0,0.0,0.0,0.0,0.0,0.0,0.0,0.0,0.0,25628.0,7.0,56908.0,24431.0,7.0,56911.0
7.502546136005549,0.0,0.0,0.0,0.0,0.0,0.0,0.0,0.0,0.0,0.0,0.0,0.0,0.0,25628.0,7.0,56908.0,24432.0,7.0,56918.0
7.629356424993603,0.0,0.0,0.0,0.0,0.0,0.0,0.0,0.0,0.0,0.0,0.0,0.0,0.0,25630.0,7.0,56948.0,24433.0,7.0,56951.0
7.629465376987355,0.0,0.0,0.0,0.0,0.0,0.0,0.0,0.0,0.0,0.0,0.0,0.0,0.0,25630.0,7.0,56948.0,24434.0,7.0,56958.0
7.629533202998573,0.0,0.0,0.0,0.0,0.0,0.0,0.0,0.0,0.0,0.0,0.0,0.0,0.0,25631.0,7.0,56968.0,24435.0,7.0,56981.0
7.62961880498915,0.0,0.0,0.0,0.0,0.0,0.0,0.0,0.0,0.0,0.0,0.0,0.0,0.0,25633.0,7.0,57008.0,24436.0,7.0,57011.0
7.629702581994934,0.0,0.0,0.0,0.0,0.0,0.0,0.0,0.0,0.0,0.0,0.0,0.0,0.0,25633.0,7.0,57008.0,24437.0,7.0,57018.0
7.634191188000841,0.0,0.0,0.0,0.0,0.0,0.0,0.0,0.0,0.0,0.0,0.0,0.0,0.0,25635.0,7.0,57048.0,24438.0,7.0,57051.0
7.640793238999322,0.0,0.0,0.0,0.0,0.0,0.0,0.0,0.0,0.0,0.0,0.0,0.0,0.0,25635.0,7.0,57048.0,24439.0,7.0,57058.0
7.673866255994653,0.0,0.0,0.0,0.0,0.0,0.0,0.0,0.0,0.0,0.0,0.0,0.0,0.0,25637.0,7.0,57088.0,24440.0,7.0,57091.0
7.689567936991807,0.0,0.0,0.0,0.0,0.0,0.0,0.0,0.0,0.0,0.0,0.0,0.0,0.0,25637.0,7.0,57088.0,24441.0,7.0,57103.0
7.706292918999679,0.0,0.0,0.0,0.0,0.0,0.0,0.0,0.0,0.0,0.0,0.0,0.0,0.0,25638.0,7.0,57108.0,24442.0,7.0,57120.0
7.725649386993609,0.0,0.0,0.0,0.0,0.0,0.0,0.0,0.0,0.0,0.0,0.0,0.0,0.0,25639.0,7.0,57128.0,24443.0,7.0,57141.0
7.824225151998689,0.0,0.0,0.0,0.0,0.0,0.0,0.0,0.0,0.0,0.0,0.0,0.0,0.0,25640.0,7.0,57148.0,24444.0,7.0,57161.0
7.824398441007361,0.0,0.0,0.0,0.0,0.0,0.0,0.0,0.0,0.0,0.0,0.0,0.0,0.0,25641.0,7.0,57168.0,24445.0,7.0,57181.0
7.824478156981058,0.0,0.0,0.0,0.0,0.0,0.0,0.0,0.0,0.0,0.0,0.0,0.0,0.0,25643.0,7.0,57208.0,24446.0,7.0,57211.0
7.824542352987919,0.0,0.0,0.0,0.0,0.0,0.0,0.0,0.0,0.0,0.0,0.0,0.0,0.0,25643.0,7.0,57208.0,24447.0,7.0,57219.0
7.841921610001009,0.0,0.0,0.0,0.0,0.0,0.0,0.0,0.0,0.0,0.0,0.0,0.0,0.0,25644.0,7.0,57228.0,24448.0,7.0,57241.0
7.846509883995168,0.0,0.0,0.0,0.0,0.0,0.0,0.0,0.0,0.0,0.0,0.0,0.0,0.0,25645.0,7.0,57248.0,24449.0,7.0,57260.0
7.863469864998478,0.0,0.0,0.0,0.0,0.0,0.0,0.0,0.0,0.0,0.0,0.0,0.0,0.0,25646.0,7.0,57268.0,24450.0,7.0,57280.0
7.894919220998418,0.0,0.0,0.0,0.0,0.0,0.0,0.0,0.0,0.0,0.0,0.0,0.0,0.0,25648.0,7.0,57308.0,24451.0,7.0,57311.0
7.9009815479803365,0.0,0.0,0.0,0.0,0.0,0.0,0.0,0.0,0.0,0.0,0.0,0.0,0.0,25648.0,7.0,57308.0,24452.0,7.0,57318.0
7.934199320996413,0.0,0.0,0.0,0.0,0.0,0.0,0.0,0.0,0.0,0.0,0.0,0.0,0.0,25650.0,7.0,57347.0,24453.0,7.0,57351.0
7.942403266992187,0.0,0.0,0.0,0.0,0.0,0.0,0.0,0.0,0.0,0.0,0.0,0.0,0.0,25650.0,7.0,57347.0,24454.0,7.0,57358.0
8.043689990998246,0.0,0.0,0.0,0.0,0.0,0.0,0.0,0.0,0.0,0.0,0.0,0.0,0.0,25652.0,7.0,57388.0,24455.0,7.0,57391.0
8.043829558999278,0.0,0.0,0.0,0.0,0.0,0.0,0.0,0.0,0.0,0.0,0.0,0.0,0.0,25652.0,7.0,57388.0,24456.0,7.0,57403.0
8.043899999000132,0.0,0.0,0.0,0.0,0.0,0.0,0.0,0.0,0.0,0.0,0.0,0.0,0.0,25653.0,7.0,57408.0,24457.0,7.0,57421.0
8.043962169002043,0.0,0.0,0.0,0.0,0.0,0.0,0.0,0.0,0.0,0.0,0.0,0.0,0.0,25654.0,7.0,57428.0,24458.0,7.0,57441.0
8.061648686998524,0.0,0.0,0.0,0.0,0.0,0.0,0.0,0.0,0.0,0.0,0.0,0.0,0.0,25655.0,7.0,57448.0,24459.0,7.0,57461.0
8.077502818981884,0.0,0.0,0.0,0.0,0.0,0.0,0.0,0.0,0.0,0.0,0.0,0.0,0.0,25657.0,7.0,57488.0,24460.0,7.0,57494.0
8.088922024995554,0.0,0.0,0.0,0.0,0.0,0.0,0.0,0.0,0.0,0.0,0.0,0.0,0.0,25657.0,7.0,57488.0,24461.0,7.0,57505.0
8.117581094003981,0.0,0.0,0.0,0.0,0.0,0.0,0.0,0.0,0.0,0.0,0.0,0.0,0.0,25659.0,7.0,57528.0,24462.0,7.0,57531.0
8.121574418997625,0.0,0.0,0.0,0.0,0.0,0.0,0.0,0.0,0.0,0.0,0.0,0.0,0.0,25659.0,7.0,57528.0,24463.0,7.0,57539.0
8.146288938994985,0.0,0.0,0.0,0.0,0.0,0.0,0.0,0.0,0.0,0.0,0.0,0.0,0.0,25660.0,7.0,57548.0,24464.0,7.0,57561.0
8.163810553989606,0.0,0.0,0.0,0.0,0.0,0.0,0.0,0.0,0.0,0.0,0.0,0.0,0.0,25661.0,7.0,57568.0,24465.0,7.0,57581.0
8.209992592979688,0.0,0.0,0.0,0.0,0.0,0.0,0.0,0.0,0.0,0.0,0.0,0.0,0.0,25663.0,7.0,57608.0,24466.0,7.0,57611.0
8.210096238006372,0.0,0.0,0.0,0.0,0.0,0.0,0.0,0.0,0.0,0.0,0.0,0.0,0.0,25663.0,7.0,57608.0,24467.0,7.0,57618.0
8.287129082978936,0.0,0.0,0.0,0.0,0.0,0.0,0.0,0.0,0.0,0.0,0.0,0.0,0.0,25665.0,7.0,57648.0,24468.0,7.0,57651.0
8.287316403002478,0.0,0.0,0.0,0.0,0.0,0.0,0.0,0.0,0.0,0.0,0.0,0.0,0.0,25665.0,7.0,57648.0,24469.0,7.0,57658.0
8.287391555990325,0.0,0.0,0.0,0.0,0.0,0.0,0.0,0.0,0.0,0.0,0.0,0.0,0.0,25667.0,7.0,57688.0,24470.0,7.0,57691.0
8.287455429992406,0.0,0.0,0.0,0.0,0.0,0.0,0.0,0.0,0.0,0.0,0.0,0.0,0.0,25667.0,7.0,57688.0,24471.0,7.0,57702.0
8.307619066006737,0.0,0.0,0.0,0.0,0.0,0.0,0.0,0.0,0.0,0.0,0.0,0.0,0.0,25668.0,7.0,57708.0,24472.0,7.0,57721.0
8.324819959991146,0.0,0.0,0.0,0.0,0.0,0.0,0.0,0.0,0.0,0.0,0.0,0.0,0.0,25669.0,7.0,57728.0,24473.0,7.0,57741.0
8.345046136993915,0.0,0.0,0.0,0.0,0.0,0.0,0.0,0.0,0.0,0.0,0.0,0.0,0.0,25670.0,7.0,57748.0,24474.0,7.0,57761.0
8.365816247998737,0.0,0.0,0.0,0.0,0.0,0.0,0.0,0.0,0.0,0.0,0.0,0.0,0.0,25671.0,7.0,57768.0,24475.0,7.0,57781.0
8.506820432987297,0.0,0.0,0.0,0.0,0.0,0.0,0.0,0.0,0.0,0.0,0.0,0.0,0.0,25673.0,7.0,57808.0,24476.0,7.0,57811.0
8.507065501005854,0.0,0.0,0.0,0.0,0.0,0.0,0.0,0.0,0.0,0.0,0.0,0.0,0.0,25673.0,7.0,57808.0,24477.0,7.0,57818.0
8.507151110999985,0.0,0.0,0.0,0.0,0.0,0.0,0.0,0.0,0.0,0.0,0.0,0.0,0.0,25674.0,7.0,57828.0,24478.0,7.0,57841.0
8.507214402983664,0.0,0.0,0.0,0.0,0.0,0.0,0.0,0.0,0.0,0.0,0.0,0.0,0.0,25675.0,7.0,57848.0,24479.0,7.0,57861.0
8.507273072988028,0.0,0.0,0.0,0.0,0.0,0.0,0.0,0.0,0.0,0.0,0.0,0.0,0.0,25676.0,7.0,57868.0,24480.0,7.0,57881.0
8.507330630993238,0.0,0.0,0.0,0.0,0.0,0.0,0.0,0.0,0.0,0.0,0.0,0.0,0.0,25678.0,7.0,57908.0,24481.0,7.0,57911.0
8.507387085002847,0.0,0.0,0.0,0.0,0.0,0.0,0.0,0.0,0.0,0.0,0.0,0.0,0.0,25678.0,7.0,57908.0,24482.0,7.0,57918.0
8.527234250999754,0.0,0.0,0.0,0.0,0.0,0.0,0.0,0.0,0.0,0.0,0.0,0.0,0.0,25679.0,7.0,57928.0,24483.0,7.0,57941.0
8.54416969398153,0.0,0.0,0.0,0.0,0.0,0.0,0.0,0.0,0.0,0.0,0.0,0.0,0.0,25680.0,7.0,57948.0,24484.0,7.0,57961.0
8.564739010995254,0.0,0.0,0.0,0.0,0.0,0.0,0.0,0.0,0.0,0.0,0.0,0.0,0.0,25681.0,7.0,57968.0,24485.0,7.0,57981.0
8.594582566001918,0.0,0.0,0.0,0.0,0.0,0.0,0.0,0.0,0.0,0.0,0.0,0.0,0.0,25683.0,7.0,58008.0,24486.0,7.0,58011.0
8.60308555798838,0.0,0.0,0.0,0.0,0.0,0.0,0.0,0.0,0.0,0.0,0.0,0.0,0.0,25683.0,7.0,58008.0,24487.0,7.0,58018.0
8.723781014006818,0.0,0.0,0.0,0.0,0.0,0.0,0.0,0.0,0.0,0.0,0.0,0.0,0.0,25684.0,7.0,58028.0,24488.0,7.0,58041.0
8.723931840999285,0.0,0.0,0.0,0.0,0.0,0.0,0.0,0.0,0.0,0.0,0.0,0.0,0.0,25685.0,7.0,58048.0,24489.0,7.0,58061.0
8.724008146004053,0.0,0.0,0.0,0.0,0.0,0.0,0.0,0.0,0.0,0.0,0.0,0.0,0.0,25686.0,7.0,58068.0,24490.0,7.0,58081.0
8.724075940001057,0.0,0.0,0.0,0.0,0.0,0.0,0.0,0.0,0.0,0.0,0.0,0.0,0.0,25688.0,7.0,58108.0,24491.0,7.0,58111.0
8.724149649002356,0.0,0.0,0.0,0.0,0.0,0.0,0.0,0.0,0.0,0.0,0.0,0.0,0.0,25688.0,7.0,58108.0,24492.0,7.0,58118.0
8.726649535994511,0.0,0.0,0.0,0.0,0.0,0.0,0.0,0.0,0.0,0.0,0.0,0.0,0.0,25689.0,7.0,58128.0,24493.0,7.0,58141.0
8.746498275984777,0.0,0.0,0.0,0.0,0.0,0.0,0.0,0.0,0.0,0.0,0.0,0.0,0.0,25690.0,7.0,58148.0,24494.0,7.0,58161.0
8.765310969989514,0.0,0.0,0.0,0.0,0.0,0.0,0.0,0.0,0.0,0.0,0.0,0.0,0.0,25691.0,7.0,58168.0,24495.0,7.0,58181.0
8.794827256002463,0.0,0.0,0.0,0.0,0.0,0.0,0.0,0.0,0.0,0.0,0.0,0.0,0.0,25693.0,7.0,58208.0,24496.0,7.0,58211.0
8.80201788499835,0.0,0.0,0.0,0.0,0.0,0.0,0.0,0.0,0.0,0.0,0.0,0.0,0.0,25693.0,7.0,58208.0,24497.0,7.0,58218.0
8.825199426006293,0.0,0.0,0.0,0.0,0.0,0.0,0.0,0.0,0.0,0.0,0.0,0.0,0.0,25694.0,7.0,58228.0,24498.0,7.0,58241.0
8.94415827098419,0.0,0.0,0.0,0.0,0.0,0.0,0.0,0.0,0.0,0.0,0.0,0.0,0.0,25695.0,7.0,58248.0,24499.0,7.0,58261.0
8.94427389500197,0.0,0.0,0.0,0.0,0.0,0.0,0.0,0.0,0.0,0.0,0.0,0.0,0.0,25696.0,7.0,58268.0,24500.0,7.0,58281.0
8.944340783986263,0.0,0.0,0.0,0.0,0.0,0.0,0.0,0.0,0.0,0.0,0.0,0.0,0.0,25698.0,7.0,58308.0,24501.0,7.0,58311.0
8.944428707007319,0.0,0.0,0.0,0.0,0.0,0.0,0.0,0.0,0.0,0.0,0.0,0.0,0.0,25698.0,7.0,58308.0,24502.0,7.0,58318.0
8.944488148001255,0.0,0.0,0.0,0.0,0.0,0.0,0.0,0.0,0.0,0.0,0.0,0.0,0.0,25700.0,7.0,58348.0,24503.0,7.0,58351.0
8.944569034007145,0.0,0.0,0.0,0.0,0.0,0.0,0.0,0.0,0.0,0.0,0.0,0.0,0.0,25700.0,7.0,58348.0,24504.0,7.0,58359.0
8.965282849007053,0.0,0.0,0.0,0.0,0.0,0.0,0.0,0.0,0.0,0.0,0.0,0.0,0.0,25701.0,7.0,58368.0,24505.0,7.0,58381.0
9.012060923996614,0.0,0.0,0.0,0.0,0.0,0.0,0.0,0.0,0.0,0.0,0.0,0.0,0.0,25703.0,7.0,58408.0,24506.0,7.0,58411.0
9.012455725984182,0.0,0.0,0.0,0.0,0.0,0.0,0.0,0.0,0.0,0.0,0.0,0.0,0.0,25703.0,7.0,58408.0,24507.0,7.0,58418.0
9.038023336004699,0.0,0.0,0.0,0.0,0.0,0.0,0.0,0.0,0.0,0.0,0.0,0.0,0.0,25704.0,7.0,58428.0,24508.0,7.0,58441.0
9.046556967979996,0.0,0.0,0.0,0.0,0.0,0.0,0.0,0.0,0.0,0.0,0.0,0.0,0.0,25705.0,7.0,58448.0,24509.0,7.0,58461.0
9.165439336997224,0.0,0.0,0.0,0.0,0.0,0.0,0.0,0.0,0.0,0.0,0.0,0.0,0.0,25706.0,7.0,58468.0,24510.0,7.0,58481.0
9.165846229007002,0.0,0.0,0.0,0.0,0.0,0.0,0.0,0.0,0.0,0.0,0.0,0.0,0.0,25708.0,7.0,58508.0,24511.0,7.0,58511.0
9.165943295985926,0.0,0.0,0.0,0.0,0.0,0.0,0.0,0.0,0.0,0.0,0.0,0.0,0.0,25708.0,7.0,58508.0,24512.0,7.0,58518.0
9.166248659981648,0.0,0.0,0.0,0.0,0.0,0.0,0.0,0.0,0.0,0.0,0.0,0.0,0.0,25709.0,7.0,58528.0,24513.0,7.0,58541.0
9.166345145000378,0.0,0.0,0.0,0.0,0.0,0.0,0.0,0.0,0.0,0.0,0.0,0.0,0.0,25710.0,7.0,58548.0,24514.0,7.0,58561.0
9.170689888997003,0.0,0.0,0.0,0.0,0.0,0.0,0.0,0.0,0.0,0.0,0.0,0.0,0.0,25711.0,7.0,58568.0,24515.0,7.0,58581.0
9.200765085988678,0.0,0.0,0.0,0.0,0.0,0.0,0.0,0.0,0.0,0.0,0.0,0.0,0.0,25713.0,7.0,58608.0,24516.0,7.0,58611.0
9.202739144006046,0.0,0.0,0.0,0.0,0.0,0.0,0.0,0.0,0.0,0.0,0.0,0.0,0.0,25713.0,7.0,58608.0,24517.0,7.0,58619.0
9.226193351991242,0.0,0.0,0.0,0.0,0.0,0.0,0.0,0.0,0.0,0.0,0.0,0.0,0.0,25714.0,7.0,58628.0,24518.0,7.0,58641.0
9.247541577002266,0.0,0.0,0.0,0.0,0.0,0.0,0.0,0.0,0.0,0.0,0.0,0.0,0.0,25715.0,7.0,58648.0,24519.0,7.0,58661.0
9.265265806985553,0.0,0.0,0.0,0.0,0.0,0.0,0.0,0.0,0.0,0.0,0.0,0.0,0.0,25716.0,7.0,58668.0,24520.0,7.0,58681.0
9.326022719993489,0.0,0.0,0.0,0.0,0.0,0.0,0.0,0.0,0.0,0.0,0.0,0.0,0.0,25718.0,7.0,58708.0,24521.0,7.0,58712.0
9.32612614298705,0.0,0.0,0.0,0.0,0.0,0.0,0.0,0.0,0.0,0.0,0.0,0.0,0.0,25718.0,7.0,58708.0,24522.0,7.0,58719.0
9.381487354985438,0.0,0.0,0.0,0.0,0.0,0.0,0.0,0.0,0.0,0.0,0.0,0.0,0.0,25719.0,7.0,58728.0,24523.0,7.0,58741.0
9.381586036004592,0.0,0.0,0.0,0.0,0.0,0.0,0.0,0.0,0.0,0.0,0.0,0.0,0.0,25720.0,7.0,58748.0,24524.0,7.0,58761.0
9.381649696995737,0.0,0.0,0.0,0.0,0.0,0.0,0.0,0.0,0.0,0.0,0.0,0.0,0.0,25721.0,7.0,58768.0,24525.0,7.0,58781.0
9.399122147995513,0.0,0.0,0.0,0.0,0.0,0.0,0.0,0.0,0.0,0.0,0.0,0.0,0.0,25723.0,7.0,58808.0,24526.0,7.0,58811.0
9.403950498992344,0.0,0.0,0.0,0.0,0.0,0.0,0.0,0.0,0.0,0.0,0.0,0.0,0.0,25723.0,7.0,58808.0,24527.0,7.0,58818.0
9.428595207980834,0.0,0.0,0.0,0.0,0.0,0.0,0.0,0.0,0.0,0.0,0.0,0.0,0.0,25724.0,7.0,58828.0,24528.0,7.0,58841.0
9.447949121997226,0.0,0.0,0.0,0.0,0.0,0.0,0.0,0.0,0.0,0.0,0.0,0.0,0.0,25725.0,7.0,58848.0,24529.0,7.0,58861.0
9.46492628697888,0.0,0.0,0.0,0.0,0.0,0.0,0.0,0.0,0.0,0.0,0.0,0.0,0.0,25726.0,7.0,58868.0,24530.0,7.0,58881.0
9.605946152994875,0.0,0.0,0.0,0.0,0.0,0.0,0.0,0.0,0.0,0.0,0.0,0.0,0.0,25728.0,7.0,58908.0,24531.0,7.0,58911.0
9.60606634800206,0.0,0.0,0.0,0.0,0.0,0.0,0.0,0.0,0.0,0.0,0.0,0.0,0.0,25728.0,7.0,58908.0,24532.0,7.0,58918.0
9.606136525981128,0.0,0.0,0.0,0.0,0.0,0.0,0.0,0.0,0.0,0.0,0.0,0.0,0.0,25730.0,7.0,58948.0,24533.0,7.0,58951.0
9.606196940003429,0.0,0.0,0.0,0.0,0.0,0.0,0.0,0.0,0.0,0.0,0.0,0.0,0.0,25730.0,7.0,58948.0,24534.0,7.0,58958.0
9.606254705984611,0.0,0.0,0.0,0.0,0.0,0.0,0.0,0.0,0.0,0.0,0.0,0.0,0.0,25731.0,7.0,58968.0,24535.0,7.0,58981.0
9.606310457980726,0.0,0.0,0.0,0.0,0.0,0.0,0.0,0.0,0.0,0.0,0.0,0.0,0.0,25733.0,7.0,59008.0,24536.0,7.0,59011.0
9.633808304992272,0.0,0.0,0.0,0.0,0.0,0.0,0.0,0.0,0.0,0.0,0.0,0.0,0.0,25733.0,7.0,59008.0,24537.0,7.0,59018.0
9.64677171598305,0.0,0.0,0.0,0.0,0.0,0.0,0.0,0.0,0.0,0.0,0.0,0.0,0.0,25735.0,7.0,59048.0,24538.0,7.0,59050.0
9.669340938999085,0.0,0.0,0.0,0.0,0.0,0.0,0.0,0.0,0.0,0.0,0.0,0.0,0.0,25735.0,7.0,59048.0,24539.0,7.0,59057.0
9.676547484006733,0.0,0.0,0.0,0.0,0.0,0.0,0.0,0.0,0.0,0.0,0.0,0.0,0.0,25737.0,7.0,59088.0,24540.0,7.0,59091.0
9.693379509990336,0.0,0.0,0.0,0.0,0.0,0.0,0.0,0.0,0.0,0.0,0.0,0.0,0.0,25737.0,7.0,59088.0,24541.0,7.0,59103.0
9.707328721997328,0.0,0.0,0.0,0.0,0.0,0.0,0.0,0.0,0.0,0.0,0.0,0.0,0.0,25738.0,7.0,59108.0,24542.0,7.0,59121.0
10.116102061001584,0.0,0.0,0.0,0.0,0.0,0.0,0.0,0.0,0.0,0.0,0.0,0.0,0.0,25739.0,7.0,59128.0,24543.0,7.0,59141.0
10.116561445989646,0.0,0.0,0.0,0.0,0.0,0.0,0.0,0.0,0.0,0.0,0.0,0.0,0.0,25740.0,7.0,59148.0,24544.0,7.0,59161.0
10.116819894989021,0.0,0.0,0.0,0.0,0.0,0.0,0.0,0.0,0.0,0.0,0.0,0.0,0.0,25743.0,7.0,59208.0,24546.0,7.0,59211.0
10.116977851983393,0.0,0.0,0.0,0.0,0.0,0.0,0.0,0.0,0.0,0.0,0.0,0.0,0.0,25744.0,7.0,59228.0,24548.0,7.0,59241.0
10.117035186005523,0.0,0.0,0.0,0.0,0.0,0.0,0.0,0.0,0.0,0.0,0.0,0.0,0.0,25745.0,7.0,59248.0,24549.0,7.0,59261.0
10.117090334999375,0.0,0.0,0.0,0.0,0.0,0.0,0.0,0.0,0.0,0.0,0.0,0.0,0.0,25746.0,7.0,59268.0,24550.0,7.0,59281.0
10.117144931980874,0.0,0.0,0.0,0.0,0.0,0.0,0.0,0.0,0.0,0.0,0.0,0.0,0.0,25748.0,7.0,59308.0,24551.0,7.0,59311.0
10.11719972998253,0.0,0.0,0.0,0.0,0.0,0.0,0.0,0.0,0.0,0.0,0.0,0.0,0.0,25748.0,7.0,59308.0,24552.0,7.0,59318.0
10.11726031199214,0.0,0.0,0.0,0.0,0.0,0.0,0.0,0.0,0.0,0.0,0.0,0.0,0.0,25750.0,7.0,59348.0,24553.0,7.0,59351.0
10.117317615979118,0.0,0.0,0.0,0.0,0.0,0.0,0.0,0.0,0.0,0.0,0.0,0.0,0.0,25750.0,7.0,59348.0,24554.0,7.0,59358.0
10.117372723994777,0.0,0.0,0.0,0.0,0.0,0.0,0.0,0.0,0.0,0.0,0.0,0.0,0.0,25752.0,7.0,59388.0,24555.0,7.0,59391.0
10.117426599987084,0.0,0.0,0.0,0.0,0.0,0.0,0.0,0.0,0.0,0.0,0.0,0.0,0.0,25752.0,7.0,59388.0,24556.0,7.0,59403.0
10.117480404995149,0.0,0.0,0.0,0.0,0.0,0.0,0.0,0.0,0.0,0.0,0.0,0.0,0.0,25753.0,7.0,59408.0,24557.0,7.0,59421.0
10.117533437995007,0.0,0.0,0.0,0.0,0.0,0.0,0.0,0.0,0.0,0.0,0.0,0.0,0.0,25754.0,7.0,59428.0,24558.0,7.0,59441.0
10.117586741980631,0.0,0.0,0.0,0.0,0.0,0.0,0.0,0.0,0.0,0.0,0.0,0.0,0.0,25755.0,7.0,59448.0,24559.0,7.0,59460.0
10.132127574994229,0.0,0.0,0.0,0.0,0.0,0.0,0.0,0.0,0.0,0.0,0.0,0.0,0.0,25759.0,7.0,59528.0,24560.0,7.0,59545.0
10.14103345698095,0.0,0.0,0.0,0.0,0.0,0.0,0.0,0.0,0.0,0.0,0.0,0.0,0.0,25760.0,7.0,59548.0,24561.0,7.0,59557.0
10.176085799001157,0.0,0.0,0.0,0.0,0.0,0.0,0.0,0.0,0.0,0.0,0.0,0.0,0.0,25762.0,7.0,59588.0,24562.0,7.0,59591.0
10.183343798998976,0.0,0.0,0.0,0.0,0.0,0.0,0.0,0.0,0.0,0.0,0.0,0.0,0.0,25762.0,7.0,59588.0,24563.0,7.0,59598.0
10.217666476994054,0.0,0.0,0.0,0.0,0.0,0.0,0.0,0.0,0.0,0.0,0.0,0.0,0.0,25764.0,7.0,59628.0,24564.0,7.0,59631.0
10.626974118000362,0.0,0.0,0.0,0.0,0.0,0.0,0.0,0.0,0.0,0.0,0.0,0.0,0.0,25771.0,7.0,59768.0,24571.0,7.0,59771.0
10.627450654981658,0.0,0.0,0.0,0.0,0.0,0.0,0.0,0.0,0.0,0.0,0.0,0.0,0.0,25774.0,7.0,59828.0,24575.0,7.0,59840.0
10.627522155002225,0.0,0.0,0.0,0.0,0.0,0.0,0.0,0.0,0.0,0.0,0.0,0.0,0.0,25776.0,7.0,59868.0,24576.0,7.0,59871.0
10.6275966920075,0.0,0.0,0.0,0.0,0.0,0.0,0.0,0.0,0.0,0.0,0.0,0.0,0.0,25776.0,7.0,59868.0,24577.0,7.0,59877.0
10.627656783006387,0.0,0.0,0.0,0.0,0.0,0.0,0.0,0.0,0.0,0.0,0.0,0.0,0.0,25778.0,7.0,59908.0,24578.0,7.0,59911.0
10.627712452987907,0.0,0.0,0.0,0.0,0.0,0.0,0.0,0.0,0.0,0.0,0.0,0.0,0.0,25778.0,7.0,59908.0,24579.0,7.0,59918.0
10.627767170983134,0.0,0.0,0.0,0.0,0.0,0.0,0.0,0.0,0.0,0.0,0.0,0.0,0.0,25779.0,7.0,59928.0,24580.0,7.0,59941.0
10.627827792981407,0.0,0.0,0.0,0.0,0.0,0.0,0.0,0.0,0.0,0.0,0.0,0.0,0.0,25781.0,7.0,59968.0,24581.0,7.0,59971.0
10.627906871988671,0.0,0.0,0.0,0.0,0.0,0.0,0.0,0.0,0.0,0.0,0.0,0.0,0.0,25781.0,7.0,59968.0,24582.0,7.0,59979.0
10.62796902799164,0.0,0.0,0.0,0.0,0.0,0.0,0.0,0.0,0.0,0.0,0.0,0.0,0.0,25782.0,7.0,59988.0,24583.0,7.0,60001.0
10.628024898003787,0.0,0.0,0.0,0.0,0.0,0.0,0.0,0.0,0.0,0.0,0.0,0.0,0.0,25783.0,7.0,60008.0,24584.0,7.0,60021.0
10.63529129998642,0.0,0.0,0.0,0.0,0.0,0.0,0.0,0.0,0.0,0.0,0.0,0.0,0.0,25784.0,7.0,60028.0,24585.0,7.0,60041.0
10.658051779988455,0.0,0.0,0.0,0.0,0.0,0.0,0.0,0.0,0.0,0.0,0.0,0.0,0.0,25786.0,7.0,60068.0,24586.0,7.0,60071.0
10.664197765989229,0.0,0.0,0.0,0.0,0.0,0.0,0.0,0.0,0.0,0.0,0.0,0.0,0.0,25786.0,7.0,60068.0,24587.0,7.0,60078.0
10.697213139006635,0.0,0.0,0.0,0.0,0.0,0.0,0.0,0.0,0.0,0.0,0.0,0.0,0.0,25788.0,7.0,60108.0,24588.0,7.0,60111.0
10.70452223799657,0.0,0.0,0.0,0.0,0.0,0.0,0.0,0.0,0.0,0.0,0.0,0.0,0.0,25788.0,7.0,60108.0,24589.0,7.0,60118.0
10.726873649982736,0.0,0.0,0.0,0.0,0.0,0.0,0.0,0.0,0.0,0.0,0.0,0.0,0.0,25789.0,7.0,60128.0,24590.0,7.0,60141.0
11.135466993000591,0.0,0.0,0.0,0.0,0.0,0.0,0.0,0.0,0.0,0.0,0.0,0.0,0.0,25791.0,7.0,60168.0,24592.0,7.0,60178.0
11.135663231980288,0.0,0.0,0.0,0.0,0.0,0.0,0.0,0.0,0.0,0.0,0.0,0.0,0.0,25794.0,7.0,60228.0,24595.0,7.0,60241.0
11.135736063995864,0.0,0.0,0.0,0.0,0.0,0.0,0.0,0.0,0.0,0.0,0.0,0.0,0.0,25796.0,7.0,60268.0,24596.0,7.0,60271.0
11.135795521986438,0.0,0.0,0.0,0.0,0.0,0.0,0.0,0.0,0.0,0.0,0.0,0.0,0.0,25796.0,7.0,60268.0,24597.0,7.0,60278.0
11.135863390984014,0.0,0.0,0.0,0.0,0.0,0.0,0.0,0.0,0.0,0.0,0.0,0.0,0.0,25798.0,7.0,60307.0,24598.0,7.0,60311.0
11.135921595996479,0.0,0.0,0.0,0.0,0.0,0.0,0.0,0.0,0.0,0.0,0.0,0.0,0.0,25798.0,7.0,60307.0,24599.0,7.0,60318.0
11.135977044003084,0.0,0.0,0.0,0.0,0.0,0.0,0.0,0.0,0.0,0.0,0.0,0.0,0.0,25799.0,7.0,60328.0,24600.0,7.0,60341.0
11.136030716996174,0.0,0.0,0.0,0.0,0.0,0.0,0.0,0.0,0.0,0.0,0.0,0.0,0.0,25801.0,7.0,60368.0,24601.0,7.0,60371.0
11.136084931989899,0.0,0.0,0.0,0.0,0.0,0.0,0.0,0.0,0.0,0.0,0.0,0.0,0.0,25801.0,7.0,60368.0,24602.0,7.0,60378.0
11.13613913700101,0.0,0.0,0.0,0.0,0.0,0.0,0.0,0.0,0.0,0.0,0.0,0.0,0.0,25803.0,7.0,60408.0,24603.0,7.0,60411.0
11.136193452985026,0.0,0.0,0.0,0.0,0.0,0.0,0.0,0.0,0.0,0.0,0.0,0.0,0.0,25805.0,7.0,60448.0,24604.0,7.0,60451.0
11.136247026006458,0.0,0.0,0.0,0.0,0.0,0.0,0.0,0.0,0.0,0.0,0.0,0.0,0.0,25805.0,7.0,60448.0,24605.0,7.0,60458.0
11.136301140999421,0.0,0.0,0.0,0.0,0.0,0.0,0.0,0.0,0.0,0.0,0.0,0.0,0.0,25806.0,7.0,60468.0,24606.0,7.0,60481.0
11.136353210982634,0.0,0.0,0.0,0.0,0.0,0.0,0.0,0.0,0.0,0.0,0.0,0.0,0.0,25807.0,7.0,60488.0,24607.0,7.0,60501.0
11.13640695399954,0.0,0.0,0.0,0.0,0.0,0.0,0.0,0.0,0.0,0.0,0.0,0.0,0.0,25808.0,7.0,60508.0,24608.0,7.0,60521.0
11.136461389978649,0.0,0.0,0.0,0.0,0.0,0.0,0.0,0.0,0.0,0.0,0.0,0.0,0.0,25809.0,7.0,60528.0,24609.0,7.0,60541.0
11.145436953986064,0.0,0.0,0.0,0.0,0.0,0.0,0.0,0.0,0.0,0.0,0.0,0.0,0.0,25810.0,7.0,60548.0,24610.0,7.0,60561.0
11.179178981983569,0.0,0.0,0.0,0.0,0.0,0.0,0.0,0.0,0.0,0.0,0.0,0.0,0.0,25812.0,7.0,60588.0,24611.0,7.0,60591.0
11.184783590986626,0.0,0.0,0.0,0.0,0.0,0.0,0.0,0.0,0.0,0.0,0.0,0.0,0.0,25812.0,7.0,60588.0,24612.0,7.0,60599.0
11.206372699991334,0.0,0.0,0.0,0.0,0.0,0.0,0.0,0.0,0.0,0.0,0.0,0.0,0.0,25813.0,7.0,60608.0,24613.0,7.0,60621.0
11.226302577997558,0.0,0.0,0.0,0.0,0.0,0.0,0.0,0.0,0.0,0.0,0.0,0.0,0.0,25814.0,7.0,60628.0,24614.0,7.0,60641.0
11.647783975000493,0.0,0.0,0.0,0.0,0.0,0.0,0.0,0.0,0.0,0.0,0.0,0.0,0.0,25815.0,7.0,60648.0,24615.0,7.0,60661.0
11.647975391999353,0.0,0.0,0.0,0.0,0.0,0.0,0.0,0.0,0.0,0.0,0.0,0.0,0.0,25817.0,7.0,60688.0,24616.0,7.0,60691.0
11.6480579880008,0.0,0.0,0.0,0.0,0.0,0.0,0.0,0.0,0.0,0.0,0.0,0.0,0.0,25817.0,7.0,60688.0,24617.0,7.0,60698.0
11.648119991994463,0.0,0.0,0.0,0.0,0.0,0.0,0.0,0.0,0.0,0.0,0.0,0.0,0.0,25819.0,7.0,60728.0,24618.0,7.0,60731.0
11.648178768984508,0.0,0.0,0.0,0.0,0.0,0.0,0.0,0.0,0.0,0.0,0.0,0.0,0.0,25819.0,7.0,60728.0,24619.0,7.0,60738.0
11.648235208995175,0.0,0.0,0.0,0.0,0.0,0.0,0.0,0.0,0.0,0.0,0.0,0.0,0.0,25820.0,7.0,60748.0,24620.0,7.0,60761.0
11.648289364005905,0.0,0.0,0.0,0.0,0.0,0.0,0.0,0.0,0.0,0.0,0.0,0.0,0.0,25822.0,7.0,60788.0,24621.0,7.0,60791.0
11.648343178007053,0.0,0.0,0.0,0.0,0.0,0.0,0.0,0.0,0.0,0.0,0.0,0.0,0.0,25822.0,7.0,60788.0,24622.0,7.0,60798.0
11.64839775400469,0.0,0.0,0.0,0.0,0.0,0.0,0.0,0.0,0.0,0.0,0.0,0.0,0.0,25824.0,7.0,60828.0,24623.0,7.0,60831.0
11.64845145799336,0.0,0.0,0.0,0.0,0.0,0.0,0.0,0.0,0.0,0.0,0.0,0.0,0.0,25824.0,7.0,60828.0,24624.0,7.0,60838.0
11.64853307098383,0.0,0.0,0.0,0.0,0.0,0.0,0.0,0.0,0.0,0.0,0.0,0.0,0.0,25825.0,7.0,60848.0,24625.0,7.0,60861.0
11.648716437979601,0.0,0.0,0.0,0.0,0.0,0.0,0.0,0.0,0.0,0.0,0.0,0.0,0.0,25827.0,7.0,60888.0,24626.0,7.0,60891.0
11.648798762995284,0.0,0.0,0.0,0.0,0.0,0.0,0.0,0.0,0.0,0.0,0.0,0.0,0.0,25827.0,7.0,60888.0,24627.0,7.0,60899.0
11.648881428991444,0.0,0.0,0.0,0.0,0.0,0.0,0.0,0.0,0.0,0.0,0.0,0.0,0.0,25828.0,7.0,60908.0,24628.0,7.0,60921.0
11.64896025499911,0.0,0.0,0.0,0.0,0.0,0.0,0.0,0.0,0.0,0.0,0.0,0.0,0.0,25829.0,7.0,60928.0,24629.0,7.0,60941.0
11.649048494989984,0.0,0.0,0.0,0.0,0.0,0.0,0.0,0.0,0.0,0.0,0.0,0.0,0.0,25830.0,7.0,60948.0,24630.0,7.0,60961.0
11.649228433001554,0.0,0.0,0.0,0.0,0.0,0.0,0.0,0.0,0.0,0.0,0.0,0.0,0.0,25832.0,7.0,60988.0,24631.0,7.0,60993.0
11.649460099986754,0.0,0.0,0.0,0.0,0.0,0.0,0.0,0.0,0.0,0.0,0.0,0.0,0.0,25832.0,7.0,60988.0,24632.0,7.0,61000.0
11.649539267004002,0.0,0.0,0.0,0.0,0.0,0.0,0.0,0.0,0.0,0.0,0.0,0.0,0.0,25833.0,7.0,61008.0,24633.0,7.0,61021.0
11.649626734986668,0.0,0.0,0.0,0.0,0.0,0.0,0.0,0.0,0.0,0.0,0.0,0.0,0.0,25834.0,7.0,61028.0,24634.0,7.0,61041.0
11.649866250983905,0.0,0.0,0.0,0.0,0.0,0.0,0.0,0.0,0.0,0.0,0.0,0.0,0.0,25835.0,7.0,61048.0,24635.0,7.0,61061.0
11.678060551988892,0.0,0.0,0.0,0.0,0.0,0.0,0.0,0.0,0.0,0.0,0.0,0.0,0.0,25837.0,7.0,61088.0,24636.0,7.0,61091.0
11.688678356993478,0.0,0.0,0.0,0.0,0.0,0.0,0.0,0.0,0.0,0.0,0.0,0.0,0.0,25837.0,7.0,61088.0,24637.0,7.0,61098.0
11.716452911990928,0.0,0.0,0.0,0.0,0.0,0.0,0.0,0.0,0.0,0.0,0.0,0.0,0.0,25839.0,7.0,61127.0,24638.0,7.0,61131.0
11.723850576003315,0.0,0.0,0.0,0.0,0.0,0.0,0.0,0.0,0.0,0.0,0.0,0.0,0.0,25839.0,7.0,61127.0,24639.0,7.0,61138.0
12.157351392001146,0.0,0.0,0.0,0.0,0.0,0.0,0.0,0.0,0.0,0.0,0.0,0.0,0.0,25841.0,7.0,61168.0,24640.0,7.0,61171.0
12.157559646002483,0.0,0.0,0.0,0.0,0.0,0.0,0.0,0.0,0.0,0.0,0.0,0.0,0.0,25841.0,7.0,61168.0,24641.0,7.0,61181.0
12.157634701987263,0.0,0.0,0.0,0.0,0.0,0.0,0.0,0.0,0.0,0.0,0.0,0.0,0.0,25842.0,7.0,61188.0,24642.0,7.0,61201.0
12.157700715004466,0.0,0.0,0.0,0.0,0.0,0.0,0.0,0.0,0.0,0.0,0.0,0.0,0.0,25843.0,7.0,61208.0,24643.0,7.0,61221.0
12.157763088995125,0.0,0.0,0.0,0.0,0.0,0.0,0.0,0.0,0.0,0.0,0.0,0.0,0.0,25844.0,7.0,61228.0,24644.0,7.0,61241.0
12.157832319993759,0.0,0.0,0.0,0.0,0.0,0.0,0.0,0.0,0.0,0.0,0.0,0.0,0.0,25845.0,7.0,61248.0,24645.0,7.0,61261.0
12.157896928983973,0.0,0.0,0.0,0.0,0.0,0.0,0.0,0.0,0.0,0.0,0.0,0.0,0.0,25847.0,7.0,61288.0,24646.0,7.0,61291.0
12.157961999997497,0.0,0.0,0.0,0.0,0.0,0.0,0.0,0.0,0.0,0.0,0.0,0.0,0.0,25847.0,7.0,61288.0,24647.0,7.0,61298.0
12.158131859992864,0.0,0.0,0.0,0.0,0.0,0.0,0.0,0.0,0.0,0.0,0.0,0.0,0.0,25848.0,7.0,61308.0,24648.0,7.0,61321.0
12.158214292983757,0.0,0.0,0.0,0.0,0.0,0.0,0.0,0.0,0.0,0.0,0.0,0.0,0.0,25849.0,7.0,61328.0,24649.0,7.0,61341.0
12.158276706992183,0.0,0.0,0.0,0.0,0.0,0.0,0.0,0.0,0.0,0.0,0.0,0.0,0.0,25850.0,7.0,61348.0,24650.0,7.0,61361.0
12.158333016006509,0.0,0.0,0.0,0.0,0.0,0.0,0.0,0.0,0.0,0.0,0.0,0.0,0.0,25852.0,7.0,61388.0,24651.0,7.0,61392.0
12.15838779200567,0.0,0.0,0.0,0.0,0.0,0.0,0.0,0.0,0.0,0.0,0.0,0.0,0.0,25852.0,7.0,61388.0,24652.0,7.0,61399.0
12.158449232985731,0.0,0.0,0.0,0.0,0.0,0.0,0.0,0.0,0.0,0.0,0.0,0.0,0.0,25853.0,7.0,61408.0,24653.0,7.0,61421.0
12.158503557002405,0.0,0.0,0.0,0.0,0.0,0.0,0.0,0.0,0.0,0.0,0.0,0.0,0.0,25854.0,7.0,61428.0,24654.0,7.0,61441.0
12.158558642986463,0.0,0.0,0.0,0.0,0.0,0.0,0.0,0.0,0.0,0.0,0.0,0.0,0.0,25855.0,7.0,61448.0,24655.0,7.0,61461.0
12.170873244001996,0.0,0.0,0.0,0.0,0.0,0.0,0.0,0.0,0.0,0.0,0.0,0.0,0.0,25861.0,7.0,61568.0,24656.0,7.0,61585.0
12.198168428003555,0.0,0.0,0.0,0.0,0.0,0.0,0.0,0.0,0.0,0.0,0.0,0.0,0.0,25863.0,7.0,61608.0,24657.0,7.0,61611.0
12.20280207999167,0.0,0.0,0.0,0.0,0.0,0.0,0.0,0.0,0.0,0.0,0.0,0.0,0.0,25863.0,7.0,61608.0,24658.0,7.0,61617.0
12.237926306988811,0.0,0.0,0.0,0.0,0.0,0.0,0.0,0.0,0.0,0.0,0.0,0.0,0.0,25865.0,7.0,61648.0,24659.0,7.0,61651.0
12.244597340992186,0.0,0.0,0.0,0.0,0.0,0.0,0.0,0.0,0.0,0.0,0.0,0.0,0.0,25865.0,7.0,61648.0,24660.0,7.0,61658.0
12.669557276007254,0.0,0.0,0.0,0.0,0.0,0.0,0.0,0.0,0.0,0.0,0.0,0.0,0.0,25866.0,7.0,61668.0,24661.0,7.0,61681.0
12.669692208990455,0.0,0.0,0.0,0.0,0.0,0.0,0.0,0.0,0.0,0.0,0.0,0.0,0.0,25867.0,7.0,61688.0,24662.0,7.0,61701.0
12.66975738000474,0.0,0.0,0.0,0.0,0.0,0.0,0.0,0.0,0.0,0.0,0.0,0.0,0.0,25868.0,7.0,61708.0,24663.0,7.0,61721.0
12.66982881599688,0.0,0.0,0.0,0.0,0.0,0.0,0.0,0.0,0.0,0.0,0.0,0.0,0.0,25869.0,7.0,61728.0,24664.0,7.0,61741.0
12.669892432983033,0.0,0.0,0.0,0.0,0.0,0.0,0.0,0.0,0.0,0.0,0.0,0.0,0.0,25870.0,7.0,61748.0,24665.0,7.0,61761.0
12.67127384498599,0.0,0.0,0.0,0.0,0.0,0.0,0.0,0.0,0.0,0.0,0.0,0.0,0.0,25872.0,7.0,61788.0,24666.0,7.0,61791.0
12.671358613995835,0.0,0.0,0.0,0.0,0.0,0.0,0.0,0.0,0.0,0.0,0.0,0.0,0.0,25872.0,7.0,61788.0,24667.0,7.0,61798.0
12.671437648998108,0.0,0.0,0.0,0.0,0.0,0.0,0.0,0.0,0.0,0.0,0.0,0.0,0.0,25874.0,7.0,61828.0,24668.0,7.0,61831.0
12.671514408983057,0.0,0.0,0.0,0.0,0.0,0.0,0.0,0.0,0.0,0.0,0.0,0.0,0.0,25874.0,7.0,61828.0,24669.0,7.0,61838.0
12.67159381500096,0.0,0.0,0.0,0.0,0.0,0.0,0.0,0.0,0.0,0.0,0.0,0.0,0.0,25875.0,7.0,61848.0,24670.0,7.0,61861.0
12.671779111988144,0.0,0.0,0.0,0.0,0.0,0.0,0.0,0.0,0.0,0.0,0.0,0.0,0.0,25877.0,7.0,61888.0,24671.0,7.0,61891.0
12.671872532984708,0.0,0.0,0.0,0.0,0.0,0.0,0.0,0.0,0.0,0.0,0.0,0.0,0.0,25877.0,7.0,61888.0,24672.0,7.0,61898.0
12.671954494988313,0.0,0.0,0.0,0.0,0.0,0.0,0.0,0.0,0.0,0.0,0.0,0.0,0.0,25878.0,7.0,61908.0,24673.0,7.0,61921.0
12.672031916998094,0.0,0.0,0.0,0.0,0.0,0.0,0.0,0.0,0.0,0.0,0.0,0.0,0.0,25879.0,7.0,61928.0,24674.0,7.0,61941.0
12.672107683989452,0.0,0.0,0.0,0.0,0.0,0.0,0.0,0.0,0.0,0.0,0.0,0.0,0.0,25880.0,7.0,61948.0,24675.0,7.0,61961.0
12.67227311199531,0.0,0.0,0.0,0.0,0.0,0.0,0.0,0.0,0.0,0.0,0.0,0.0,0.0,25882.0,7.0,61988.0,24676.0,7.0,61993.0
12.672328218002804,0.0,0.0,0.0,0.0,0.0,0.0,0.0,0.0,0.0,0.0,0.0,0.0,0.0,25882.0,7.0,61988.0,24677.0,7.0,62000.0
12.672381880984176,0.0,0.0,0.0,0.0,0.0,0.0,0.0,0.0,0.0,0.0,0.0,0.0,0.0,25883.0,7.0,62008.0,24678.0,7.0,62021.0
12.672457968990784,0.0,0.0,0.0,0.0,0.0,0.0,0.0,0.0,0.0,0.0,0.0,0.0,0.0,25884.0,7.0,62028.0,24679.0,7.0,62041.0
12.672533284989186,0.0,0.0,0.0,0.0,0.0,0.0,0.0,0.0,0.0,0.0,0.0,0.0,0.0,25885.0,7.0,62048.0,24680.0,7.0,62061.0
12.678829371987376,0.0,0.0,0.0,0.0,0.0,0.0,0.0,0.0,0.0,0.0,0.0,0.0,0.0,25887.0,7.0,62088.0,24681.0,7.0,62091.0
12.687849668000126,0.0,0.0,0.0,0.0,0.0,0.0,0.0,0.0,0.0,0.0,0.0,0.0,0.0,25887.0,7.0,62088.0,24682.0,7.0,62098.0
12.716963412007317,0.0,0.0,0.0,0.0,0.0,0.0,0.0,0.0,0.0,0.0,0.0,0.0,0.0,25889.0,7.0,62128.0,24683.0,7.0,62131.0
12.727158308000071,0.0,0.0,0.0,0.0,0.0,0.0,0.0,0.0,0.0,0.0,0.0,0.0,0.0,25889.0,7.0,62128.0,24684.0,7.0,62138.0
12.7587132009794,0.0,0.0,0.0,0.0,0.0,0.0,0.0,0.0,0.0,0.0,0.0,0.0,0.0,25891.0,7.0,62168.0,24685.0,7.0,62171.0
13.180789137986721,0.0,0.0,0.0,0.0,0.0,0.0,0.0,0.0,0.0,0.0,0.0,0.0,0.0,25891.0,7.0,62168.0,24686.0,7.0,62183.0
13.180996465991484,0.0,0.0,0.0,0.0,0.0,0.0,0.0,0.0,0.0,0.0,0.0,0.0,0.0,25892.0,7.0,62188.0,24687.0,7.0,62201.0
13.181072170991683,0.0,0.0,0.0,0.0,0.0,0.0,0.0,0.0,0.0,0.0,0.0,0.0,0.0,25893.0,7.0,62208.0,24688.0,7.0,62221.0
13.181258356984472,0.0,0.0,0.0,0.0,0.0,0.0,0.0,0.0,0.0,0.0,0.0,0.0,0.0,25894.0,7.0,62228.0,24689.0,7.0,62241.0
13.181382520997431,0.0,0.0,0.0,0.0,0.0,0.0,0.0,0.0,0.0,0.0,0.0,0.0,0.0,25895.0,7.0,62248.0,24690.0,7.0,62261.0
13.181451810989529,0.0,0.0,0.0,0.0,0.0,0.0,0.0,0.0,0.0,0.0,0.0,0.0,0.0,25897.0,7.0,62288.0,24691.0,7.0,62291.0
13.181514473981224,0.0,0.0,0.0,0.0,0.0,0.0,0.0,0.0,0.0,0.0,0.0,0.0,0.0,25897.0,7.0,62288.0,24692.0,7.0,62298.0
13.18157326799701,0.0,0.0,0.0,0.0,0.0,0.0,0.0,0.0,0.0,0.0,0.0,0.0,0.0,25899.0,7.0,62328.0,24693.0,7.0,62331.0
13.181628263002494,0.0,0.0,0.0,0.0,0.0,0.0,0.0,0.0,0.0,0.0,0.0,0.0,0.0,25899.0,7.0,62328.0,24694.0,7.0,62338.0
13.18168417000561,0.0,0.0,0.0,0.0,0.0,0.0,0.0,0.0,0.0,0.0,0.0,0.0,0.0,25900.0,7.0,62348.0,24695.0,7.0,62361.0
13.181739705993095,0.0,0.0,0.0,0.0,0.0,0.0,0.0,0.0,0.0,0.0,0.0,0.0,0.0,25902.0,7.0,62388.0,24696.0,7.0,62392.0
13.181793828989612,0.0,0.0,0.0,0.0,0.0,0.0,0.0,0.0,0.0,0.0,0.0,0.0,0.0,25902.0,7.0,62388.0,24697.0,7.0,62399.0
13.181854135997128,0.0,0.0,0.0,0.0,0.0,0.0,0.0,0.0,0.0,0.0,0.0,0.0,0.0,25903.0,7.0,62408.0,24698.0,7.0,62421.0
13.181914204003988,0.0,0.0,0.0,0.0,0.0,0.0,0.0,0.0,0.0,0.0,0.0,0.0,0.0,25904.0,7.0,62428.0,24699.0,7.0,62441.0
13.181968577002408,0.0,0.0,0.0,0.0,0.0,0.0,0.0,0.0,0.0,0.0,0.0,0.0,0.0,25905.0,7.0,62448.0,24700.0,7.0,62461.0
13.18202850400121,0.0,0.0,0.0,0.0,0.0,0.0,0.0,0.0,0.0,0.0,0.0,0.0,0.0,25907.0,7.0,62488.0,24701.0,7.0,62493.0
13.182082405983238,0.0,0.0,0.0,0.0,0.0,0.0,0.0,0.0,0.0,0.0,0.0,0.0,0.0,25907.0,7.0,62488.0,24702.0,7.0,62500.0
13.182134984002914,0.0,0.0,0.0,0.0,0.0,0.0,0.0,0.0,0.0,0.0,0.0,0.0,0.0,25908.0,7.0,62508.0,24703.0,7.0,62521.0
13.182188835984562,0.0,0.0,0.0,0.0,0.0,0.0,0.0,0.0,0.0,0.0,0.0,0.0,0.0,25909.0,7.0,62528.0,24704.0,7.0,62541.0
13.182243519986514,0.0,0.0,0.0,0.0,0.0,0.0,0.0,0.0,0.0,0.0,0.0,0.0,0.0,25910.0,7.0,62548.0,24705.0,7.0,62561.0
13.184819871006766,0.0,0.0,0.0,0.0,0.0,0.0,0.0,0.0,0.0,0.0,0.0,0.0,0.0,25912.0,7.0,62588.0,24706.0,7.0,62591.0
13.184895566984778,0.0,0.0,0.0,0.0,0.0,0.0,0.0,0.0,0.0,0.0,0.0,0.0,0.0,25912.0,7.0,62588.0,24707.0,7.0,62597.0
13.22064421698451,0.0,0.0,0.0,0.0,0.0,0.0,0.0,0.0,0.0,0.0,0.0,0.0,0.0,25914.0,7.0,62628.0,24708.0,7.0,62631.0
13.235330572992098,0.0,0.0,0.0,0.0,0.0,0.0,0.0,0.0,0.0,0.0,0.0,0.0,0.0,25914.0,7.0,62628.0,24709.0,7.0,62638.0
13.258623392001027,0.0,0.0,0.0,0.0,0.0,0.0,0.0,0.0,0.0,0.0,0.0,0.0,0.0,25916.0,7.0,62668.0,24710.0,7.0,62671.0
13.268849391984986,0.0,0.0,0.0,0.0,0.0,0.0,0.0,0.0,0.0,0.0,0.0,0.0,0.0,25916.0,7.0,62668.0,24711.0,7.0,62683.0
13.685249682981521,0.0,0.0,0.0,0.0,0.0,0.0,0.0,0.0,0.0,0.0,0.0,0.0,0.0,25917.0,7.0,62688.0,24712.0,7.0,62701.0
13.685799339000368,0.0,0.0,0.0,0.0,0.0,0.0,0.0,0.0,0.0,0.0,0.0,0.0,0.0,25918.0,7.0,62708.0,24713.0,7.0,62721.0
13.686528103979072,0.0,0.0,0.0,0.0,0.0,0.0,0.0,0.0,0.0,0.0,0.0,0.0,0.0,25919.0,7.0,62728.0,24714.0,7.0,62741.0
13.691136352979811,0.0,0.0,0.0,0.0,0.0,0.0,0.0,0.0,0.0,0.0,0.0,0.0,0.0,25920.0,7.0,62748.0,24715.0,7.0,62761.0
13.691506208997453,0.0,0.0,0.0,0.0,0.0,0.0,0.0,0.0,0.0,0.0,0.0,0.0,0.0,25922.0,7.0,62788.0,24716.0,7.0,62791.0
13.691714368993416,0.0,0.0,0.0,0.0,0.0,0.0,0.0,0.0,0.0,0.0,0.0,0.0,0.0,25922.0,7.0,62788.0,24717.0,7.0,62798.0
13.691770976991393,0.0,0.0,0.0,0.0,0.0,0.0,0.0,0.0,0.0,0.0,0.0,0.0,0.0,25923.0,7.0,62808.0,24718.0,7.0,62821.0
13.691885607986478,0.0,0.0,0.0,0.0,0.0,0.0,0.0,0.0,0.0,0.0,0.0,0.0,0.0,25924.0,7.0,62828.0,24719.0,7.0,62841.0
13.692065117997117,0.0,0.0,0.0,0.0,0.0,0.0,0.0,0.0,0.0,0.0,0.0,0.0,0.0,25925.0,7.0,62848.0,24720.0,7.0,62861.0
13.692410304007353,0.0,0.0,0.0,0.0,0.0,0.0,0.0,0.0,0.0,0.0,0.0,0.0,0.0,25927.0,7.0,62888.0,24721.0,7.0,62891.0
13.692589522979688,0.0,0.0,0.0,0.0,0.0,0.0,0.0,0.0,0.0,0.0,0.0,0.0,0.0,25927.0,7.0,62888.0,24722.0,7.0,62898.0
13.692742226994596,0.0,0.0,0.0,0.0,0.0,0.0,0.0,0.0,0.0,0.0,0.0,0.0,0.0,25928.0,7.0,62908.0,24723.0,7.0,62921.0
13.6930661299848,0.0,0.0,0.0,0.0,0.0,0.0,0.0,0.0,0.0,0.0,0.0,0.0,0.0,25929.0,7.0,62928.0,24724.0,7.0,62941.0
13.693228066986194,0.0,0.0,0.0,0.0,0.0,0.0,0.0,0.0,0.0,0.0,0.0,0.0,0.0,25930.0,7.0,62948.0,24725.0,7.0,62960.0
13.693603375984821,0.0,0.0,0.0,0.0,0.0,0.0,0.0,0.0,0.0,0.0,0.0,0.0,0.0,25932.0,7.0,62988.0,24726.0,7.0,62993.0
13.693778715998633,0.0,0.0,0.0,0.0,0.0,0.0,0.0,0.0,0.0,0.0,0.0,0.0,0.0,25932.0,7.0,62988.0,24727.0,7.0,63000.0
13.693943057995057,0.0,0.0,0.0,0.0,0.0,0.0,0.0,0.0,0.0,0.0,0.0,0.0,0.0,25933.0,7.0,63008.0,24728.0,7.0,63021.0
13.69411533998209,0.0,0.0,0.0,0.0,0.0,0.0,0.0,0.0,0.0,0.0,0.0,0.0,0.0,25934.0,7.0,63028.0,24729.0,7.0,63040.0
13.694263713987311,0.0,0.0,0.0,0.0,0.0,0.0,0.0,0.0,0.0,0.0,0.0,0.0,0.0,25935.0,7.0,63048.0,24730.0,7.0,63061.0
13.694646171003114,0.0,0.0,0.0,0.0,0.0,0.0,0.0,0.0,0.0,0.0,0.0,0.0,0.0,25937.0,7.0,63088.0,24731.0,7.0,63091.0
13.694798413984245,0.0,0.0,0.0,0.0,0.0,0.0,0.0,0.0,0.0,0.0,0.0,0.0,0.0,25937.0,7.0,63088.0,24732.0,7.0,63097.0
13.719109806988854,0.0,0.0,0.0,0.0,0.0,0.0,0.0,0.0,0.0,0.0,0.0,0.0,0.0,25939.0,7.0,63128.0,24733.0,7.0,63131.0
13.724776297982316,0.0,0.0,0.0,0.0,0.0,0.0,0.0,0.0,0.0,0.0,0.0,0.0,0.0,25939.0,7.0,63128.0,24734.0,7.0,63138.0
13.753615583002102,0.0,0.0,0.0,0.0,0.0,0.0,0.0,0.0,0.0,0.0,0.0,0.0,0.0,25940.0,7.0,63148.0,24735.0,7.0,63161.0
13.779694516997552,0.0,0.0,0.0,0.0,0.0,0.0,0.0,0.0,0.0,0.0,0.0,0.0,0.0,25942.0,7.0,63188.0,24736.0,7.0,63191.0
13.785890022991225,0.0,0.0,0.0,0.0,0.0,0.0,0.0,0.0,0.0,0.0,0.0,0.0,0.0,25942.0,7.0,63188.0,24737.0,7.0,63198.0
14.198463727982016,0.0,0.0,0.0,0.0,0.0,0.0,0.0,0.0,0.0,0.0,0.0,0.0,0.0,25943.0,7.0,63208.0,24738.0,7.0,63221.0
14.19866990900482,0.0,0.0,0.0,0.0,0.0,0.0,0.0,0.0,0.0,0.0,0.0,0.0,0.0,25944.0,7.0,63228.0,24739.0,7.0,63241.0
14.198761731997365,0.0,0.0,0.0,0.0,0.0,0.0,0.0,0.0,0.0,0.0,0.0,0.0,0.0,25945.0,7.0,63248.0,24740.0,7.0,63261.0
14.198840292985551,0.0,0.0,0.0,0.0,0.0,0.0,0.0,0.0,0.0,0.0,0.0,0.0,0.0,25947.0,7.0,63288.0,24741.0,7.0,63291.0
14.19890490997932,0.0,0.0,0.0,0.0,0.0,0.0,0.0,0.0,0.0,0.0,0.0,0.0,0.0,25947.0,7.0,63288.0,24742.0,7.0,63298.0
14.198962720984127,0.0,0.0,0.0,0.0,0.0,0.0,0.0,0.0,0.0,0.0,0.0,0.0,0.0,25948.0,7.0,63308.0,24743.0,7.0,63321.0
14.19902083199122,0.0,0.0,0.0,0.0,0.0,0.0,0.0,0.0,0.0,0.0,0.0,0.0,0.0,25949.0,7.0,63328.0,24744.0,7.0,63341.0
14.19908073800616,0.0,0.0,0.0,0.0,0.0,0.0,0.0,0.0,0.0,0.0,0.0,0.0,0.0,25950.0,7.0,63348.0,24745.0,7.0,63361.0
14.199412222980754,0.0,0.0,0.0,0.0,0.0,0.0,0.0,0.0,0.0,0.0,0.0,0.0,0.0,25952.0,7.0,63388.0,24746.0,7.0,63392.0
14.199692434980534,0.0,0.0,0.0,0.0,0.0,0.0,0.0,0.0,0.0,0.0,0.0,0.0,0.0,25952.0,7.0,63388.0,24747.0,7.0,63399.0
14.199877072998788,0.0,0.0,0.0,0.0,0.0,0.0,0.0,0.0,0.0,0.0,0.0,0.0,0.0,25953.0,7.0,63408.0,24748.0,7.0,63421.0
14.200028461986221,0.0,0.0,0.0,0.0,0.0,0.0,0.0,0.0,0.0,0.0,0.0,0.0,0.0,25954.0,7.0,63428.0,24749.0,7.0,63441.0
14.200206334004179,0.0,0.0,0.0,0.0,0.0,0.0,0.0,0.0,0.0,0.0,0.0,0.0,0.0,25955.0,7.0,63448.0,24750.0,7.0,63461.0
14.21093137699063,0.0,0.0,0.0,0.0,0.0,0.0,0.0,0.0,0.0,0.0,0.0,0.0,0.0,25963.0,7.0,63608.0,24751.0,7.0,63624.0
14.238521007995587,0.0,0.0,0.0,0.0,0.0,0.0,0.0,0.0,0.0,0.0,0.0,0.0,0.0,25965.0,7.0,63648.0,24752.0,7.0,63651.0
14.248079726006836,0.0,0.0,0.0,0.0,0.0,0.0,0.0,0.0,0.0,0.0,0.0,0.0,0.0,25965.0,7.0,63648.0,24753.0,7.0,63658.0
14.279530333005823,0.0,0.0,0.0,0.0,0.0,0.0,0.0,0.0,0.0,0.0,0.0,0.0,0.0,25967.0,7.0,63688.0,24754.0,7.0,63691.0
14.284610211994732,0.0,0.0,0.0,0.0,0.0,0.0,0.0,0.0,0.0,0.0,0.0,0.0,0.0,25967.0,7.0,63688.0,24755.0,7.0,63698.0
14.732764549000422,0.0,0.0,0.0,0.0,0.0,0.0,0.0,0.0,0.0,0.0,0.0,0.0,0.0,25968.0,7.0,63708.0,24756.0,7.0,63721.0
14.732969267002773,0.0,0.0,0.0,0.0,0.0,0.0,0.0,0.0,0.0,0.0,0.0,0.0,0.0,25969.0,7.0,63728.0,24757.0,7.0,63741.0
14.733042454987299,0.0,0.0,0.0,0.0,0.0,0.0,0.0,0.0,0.0,0.0,0.0,0.0,0.0,25970.0,7.0,63748.0,24758.0,7.0,63761.0
14.733102439990034,0.0,0.0,0.0,0.0,0.0,0.0,0.0,0.0,0.0,0.0,0.0,0.0,0.0,25971.0,7.0,63768.0,24759.0,7.0,63781.0
14.733159097988391,0.0,0.0,0.0,0.0,0.0,0.0,0.0,0.0,0.0,0.0,0.0,0.0,0.0,25972.0,7.0,63788.0,24760.0,7.0,63801.0
14.73321328999009,0.0,0.0,0.0,0.0,0.0,0.0,0.0,0.0,0.0,0.0,0.0,0.0,0.0,25974.0,7.0,63828.0,24761.0,7.0,63831.0
14.733268082985887,0.0,0.0,0.0,0.0,0.0,0.0,0.0,0.0,0.0,0.0,0.0,0.0,0.0,25974.0,7.0,63828.0,24762.0,7.0,63838.0
14.733330875984393,0.0,0.0,0.0,0.0,0.0,0.0,0.0,0.0,0.0,0.0,0.0,0.0,0.0,25975.0,7.0,63848.0,24763.0,7.0,63861.0
14.733384516002843,0.0,0.0,0.0,0.0,0.0,0.0,0.0,0.0,0.0,0.0,0.0,0.0,0.0,25976.0,7.0,63868.0,24764.0,7.0,63881.0
14.73347238000133,0.0,0.0,0.0,0.0,0.0,0.0,0.0,0.0,0.0,0.0,0.0,0.0,0.0,25977.0,7.0,63888.0,24765.0,7.0,63901.0
14.733830028999364,0.0,0.0,0.0,0.0,0.0,0.0,0.0,0.0,0.0,0.0,0.0,0.0,0.0,25979.0,7.0,63928.0,24766.0,7.0,63931.0
14.734011078980984,0.0,0.0,0.0,0.0,0.0,0.0,0.0,0.0,0.0,0.0,0.0,0.0,0.0,25979.0,7.0,63928.0,24767.0,7.0,63939.0
14.734160542982863,0.0,0.0,0.0,0.0,0.0,0.0,0.0,0.0,0.0,0.0,0.0,0.0,0.0,25980.0,7.0,63948.0,24768.0,7.0,63961.0
14.734373449988198,0.0,0.0,0.0,0.0,0.0,0.0,0.0,0.0,0.0,0.0,0.0,0.0,0.0,25981.0,7.0,63968.0,24769.0,7.0,63981.0
14.73455318697961,0.0,0.0,0.0,0.0,0.0,0.0,0.0,0.0,0.0,0.0,0.0,0.0,0.0,25982.0,7.0,63988.0,24770.0,7.0,64001.0
14.734891248983331,0.0,0.0,0.0,0.0,0.0,0.0,0.0,0.0,0.0,0.0,0.0,0.0,0.0,25984.0,7.0,64028.0,24771.0,7.0,64031.0
14.735049282986438,0.0,0.0,0.0,0.0,0.0,0.0,0.0,0.0,0.0,0.0,0.0,0.0,0.0,25984.0,7.0,64028.0,24772.0,7.0,64038.0
14.73520909200306,0.0,0.0,0.0,0.0,0.0,0.0,0.0,0.0,0.0,0.0,0.0,0.0,0.0,25986.0,7.0,64068.0,24773.0,7.0,64071.0
14.735524778981926,0.0,0.0,0.0,0.0,0.0,0.0,0.0,0.0,0.0,0.0,0.0,0.0,0.0,25986.0,7.0,64068.0,24774.0,7.0,64078.0
14.735688026004937,0.0,0.0,0.0,0.0,0.0,0.0,0.0,0.0,0.0,0.0,0.0,0.0,0.0,25988.0,7.0,64108.0,24775.0,7.0,64111.0
14.73607329299557,0.0,0.0,0.0,0.0,0.0,0.0,0.0,0.0,0.0,0.0,0.0,0.0,0.0,25988.0,7.0,64108.0,24776.0,7.0,64122.0
14.736217392986873,0.0,0.0,0.0,0.0,0.0,0.0,0.0,0.0,0.0,0.0,0.0,0.0,0.0,25989.0,7.0,64128.0,24777.0,7.0,64140.0
14.748234476981452,0.0,0.0,0.0,0.0,0.0,0.0,0.0,0.0,0.0,0.0,0.0,0.0,0.0,25990.0,7.0,64148.0,24778.0,7.0,64161.0
14.768678766995436,0.0,0.0,0.0,0.0,0.0,0.0,0.0,0.0,0.0,0.0,0.0,0.0,0.0,25991.0,7.0,64168.0,24779.0,7.0,64181.0
14.788153159985086,0.0,0.0,0.0,0.0,0.0,0.0,0.0,0.0,0.0,0.0,0.0,0.0,0.0,25992.0,7.0,64188.0,24780.0,7.0,64201.0
14.81816234299913,0.0,0.0,0.0,0.0,0.0,0.0,0.0,0.0,0.0,0.0,0.0,0.0,0.0,25994.0,7.0,64228.0,24781.0,7.0,64231.0
14.8285186800058,0.0,0.0,0.0,0.0,0.0,0.0,0.0,0.0,0.0,0.0,0.0,0.0,0.0,25994.0,7.0,64228.0,24782.0,7.0,64238.0
14.848950930987485,0.0,0.0,0.0,0.0,0.0,0.0,0.0,0.0,0.0,0.0,0.0,0.0,0.0,25995.0,7.0,64248.0,24783.0,7.0,64261.0
14.86781362700276,0.0,0.0,0.0,0.0,0.0,0.0,0.0,0.0,0.0,0.0,0.0,0.0,0.0,25996.0,7.0,64268.0,24784.0,7.0,64280.0
14.888111143984133,0.0,0.0,0.0,0.0,0.0,0.0,0.0,0.0,0.0,0.0,0.0,0.0,0.0,25997.0,7.0,64288.0,24785.0,7.0,64301.0
14.920158042979892,0.0,0.0,0.0,0.0,0.0,0.0,0.0,0.0,0.0,0.0,0.0,0.0,0.0,25999.0,7.0,64328.0,24786.0,7.0,64331.0
14.925943306006957,0.0,0.0,0.0,0.0,0.0,0.0,0.0,0.0,0.0,0.0,0.0,0.0,0.0,25999.0,7.0,64328.0,24787.0,7.0,64338.0
14.94859809600166,0.0,0.0,0.0,0.0,0.0,0.0,0.0,0.0,0.0,0.0,0.0,0.0,0.0,26000.0,7.0,64348.0,24788.0,7.0,64361.0
15.02100170898484,0.0,0.0,0.0,0.0,0.0,0.0,0.0,0.0,0.0,0.0,0.0,0.0,0.0,26001.0,7.0,64368.0,24789.0,7.0,64381.0
15.021434814989334,0.0,0.0,0.0,0.0,0.0,0.0,0.0,0.0,0.0,0.0,0.0,0.0,0.0,26002.0,7.0,64388.0,24790.0,7.0,64401.0
15.021707934007281,0.0,0.0,0.0,0.0,0.0,0.0,0.0,0.0,0.0,0.0,0.0,0.0,0.0,26004.0,7.0,64428.0,24791.0,7.0,64431.0
15.080323548987508,0.0,0.0,0.0,0.0,0.0,0.0,0.0,0.0,0.0,0.0,0.0,0.0,0.0,26004.0,7.0,64428.0,24792.0,7.0,64438.0
15.083787960000336,0.0,0.0,0.0,0.0,0.0,0.0,0.0,0.0,0.0,0.0,0.0,0.0,0.0,26006.0,7.0,64468.0,24793.0,7.0,64471.0
15.08413947900408,0.0,0.0,0.0,0.0,0.0,0.0,0.0,0.0,0.0,0.0,0.0,0.0,0.0,26006.0,7.0,64468.0,24794.0,7.0,64477.0
15.102977906994056,0.0,0.0,0.0,0.0,0.0,0.0,0.0,0.0,0.0,0.0,0.0,0.0,0.0,26008.0,7.0,64508.0,24795.0,7.0,64511.0
15.111766810005065,0.0,0.0,0.0,0.0,0.0,0.0,0.0,0.0,0.0,0.0,0.0,0.0,0.0,26008.0,7.0,64508.0,24796.0,7.0,64523.0
15.136004611005774,0.0,0.0,0.0,0.0,0.0,0.0,0.0,0.0,0.0,0.0,0.0,0.0,0.0,26009.0,7.0,64528.0,24797.0,7.0,64541.0
15.148443632991984,0.0,0.0,0.0,0.0,0.0,0.0,0.0,0.0,0.0,0.0,0.0,0.0,0.0,26010.0,7.0,64548.0,24798.0,7.0,64561.0
15.172589522000635,0.0,0.0,0.0,0.0,0.0,0.0,0.0,0.0,0.0,0.0,0.0,0.0,0.0,26011.0,7.0,64568.0,24799.0,7.0,64581.0
15.244029819994466,0.0,0.0,0.0,0.0,0.0,0.0,0.0,0.0,0.0,0.0,0.0,0.0,0.0,26012.0,7.0,64588.0,24800.0,7.0,64601.0
15.302905091986759,0.0,0.0,0.0,0.0,0.0,0.0,0.0,0.0,0.0,0.0,0.0,0.0,0.0,26014.0,7.0,64628.0,24801.0,7.0,64631.0
15.303267395996954,0.0,0.0,0.0,0.0,0.0,0.0,0.0,0.0,0.0,0.0,0.0,0.0,0.0,26014.0,7.0,64628.0,24802.0,7.0,64638.0
15.303410191001603,0.0,0.0,0.0,0.0,0.0,0.0,0.0,0.0,0.0,0.0,0.0,0.0,0.0,26015.0,7.0,64648.0,24803.0,7.0,64661.0
15.303470516984817,0.0,0.0,0.0,0.0,0.0,0.0,0.0,0.0,0.0,0.0,0.0,0.0,0.0,26016.0,7.0,64668.0,24804.0,7.0,64681.0
15.305217402987182,0.0,0.0,0.0,0.0,0.0,0.0,0.0,0.0,0.0,0.0,0.0,0.0,0.0,26017.0,7.0,64688.0,24805.0,7.0,64701.0
15.318926360982005,0.0,0.0,0.0,0.0,0.0,0.0,0.0,0.0,0.0,0.0,0.0,0.0,0.0,26019.0,7.0,64728.0,24806.0,7.0,64731.0
15.327605358004803,0.0,0.0,0.0,0.0,0.0,0.0,0.0,0.0,0.0,0.0,0.0,0.0,0.0,26019.0,7.0,64728.0,24807.0,7.0,64738.0
15.359055616980186,0.0,0.0,0.0,0.0,0.0,0.0,0.0,0.0,0.0,0.0,0.0,0.0,0.0,26021.0,7.0,64768.0,24808.0,7.0,64771.0
15.365624180994928,0.0,0.0,0.0,0.0,0.0,0.0,0.0,0.0,0.0,0.0,0.0,0.0,0.0,26021.0,7.0,64768.0,24809.0,7.0,64778.0
15.390970526990714,0.0,0.0,0.0,0.0,0.0,0.0,0.0,0.0,0.0,0.0,0.0,0.0,0.0,26022.0,7.0,64788.0,24810.0,7.0,64801.0
15.519819787994493,0.0,0.0,0.0,0.0,0.0,0.0,0.0,0.0,0.0,0.0,0.0,0.0,0.0,26024.0,7.0,64828.0,24811.0,7.0,64831.0
15.520285300997784,0.0,0.0,0.0,0.0,0.0,0.0,0.0,0.0,0.0,0.0,0.0,0.0,0.0,26024.0,7.0,64828.0,24812.0,7.0,64838.0
15.520385854004417,0.0,0.0,0.0,0.0,0.0,0.0,0.0,0.0,0.0,0.0,0.0,0.0,0.0,26026.0,7.0,64868.0,24813.0,7.0,64871.0
15.520467500988161,0.0,0.0,0.0,0.0,0.0,0.0,0.0,0.0,0.0,0.0,0.0,0.0,0.0,26026.0,7.0,64868.0,24814.0,7.0,64878.0
15.52054879697971,0.0,0.0,0.0,0.0,0.0,0.0,0.0,0.0,0.0,0.0,0.0,0.0,0.0,26028.0,7.0,64907.0,24815.0,7.0,64911.0
15.520862164004939,0.0,0.0,0.0,0.0,0.0,0.0,0.0,0.0,0.0,0.0,0.0,0.0,0.0,26028.0,7.0,64907.0,24816.0,7.0,64923.0
15.53938620298868,0.0,0.0,0.0,0.0,0.0,0.0,0.0,0.0,0.0,0.0,0.0,0.0,0.0,26029.0,7.0,64928.0,24817.0,7.0,64940.0
15.548172769980738,0.0,0.0,0.0,0.0,0.0,0.0,0.0,0.0,0.0,0.0,0.0,0.0,0.0,26030.0,7.0,64948.0,24818.0,7.0,64961.0
15.578754191985354,0.0,0.0,0.0,0.0,0.0,0.0,0.0,0.0,0.0,0.0,0.0,0.0,0.0,26031.0,7.0,64968.0,24819.0,7.0,64981.0
15.590973413985921,0.0,0.0,0.0,0.0,0.0,0.0,0.0,0.0,0.0,0.0,0.0,0.0,0.0,26032.0,7.0,64988.0,24820.0,7.0,65001.0
15.619428432983113,0.0,0.0,0.0,0.0,0.0,0.0,0.0,0.0,0.0,0.0,0.0,0.0,0.0,26034.0,7.0,65028.0,24821.0,7.0,65031.0
15.859184058004757,0.0,0.0,0.0,0.0,0.0,0.0,0.0,0.0,0.0,0.0,0.0,0.0,0.0,26034.0,7.0,65028.0,24822.0,7.0,65038.0
15.85948393199942,0.0,0.0,0.0,0.0,0.0,0.0,0.0,0.0,0.0,0.0,0.0,0.0,0.0,26035.0,7.0,65048.0,24823.0,7.0,65061.0
15.859710097982315,0.0,0.0,0.0,0.0,0.0,0.0,0.0,0.0,0.0,0.0,0.0,0.0,0.0,26036.0,7.0,65068.0,24824.0,7.0,65081.0
15.859933406987693,0.0,0.0,0.0,0.0,0.0,0.0,0.0,0.0,0.0,0.0,0.0,0.0,0.0,26037.0,7.0,65088.0,24825.0,7.0,65101.0
15.860095988988178,0.0,0.0,0.0,0.0,0.0,0.0,0.0,0.0,0.0,0.0,0.0,0.0,0.0,26039.0,7.0,65128.0,24826.0,7.0,65131.0
15.860151201981353,0.0,0.0,0.0,0.0,0.0,0.0,0.0,0.0,0.0,0.0,0.0,0.0,0.0,26039.0,7.0,65128.0,24827.0,7.0,65138.0
15.860206165001728,0.0,0.0,0.0,0.0,0.0,0.0,0.0,0.0,0.0,0.0,0.0,0.0,0.0,26040.0,7.0,65148.0,24828.0,7.0,65161.0
15.86026138800662,0.0,0.0,0.0,0.0,0.0,0.0,0.0,0.0,0.0,0.0,0.0,0.0,0.0,26041.0,7.0,65168.0,24829.0,7.0,65181.0
15.860315869998885,0.0,0.0,0.0,0.0,0.0,0.0,0.0,0.0,0.0,0.0,0.0,0.0,0.0,26042.0,7.0,65188.0,24830.0,7.0,65201.0
15.860636412980966,0.0,0.0,0.0,0.0,0.0,0.0,0.0,0.0,0.0,0.0,0.0,0.0,0.0,26044.0,7.0,65228.0,24831.0,7.0,65231.0
15.860757936985465,0.0,0.0,0.0,0.0,0.0,0.0,0.0,0.0,0.0,0.0,0.0,0.0,0.0,26044.0,7.0,65228.0,24832.0,7.0,65238.0
15.961246291000862,0.0,0.0,0.0,0.0,0.0,0.0,0.0,0.0,0.0,0.0,0.0,0.0,0.0,26046.0,7.0,65268.0,24833.0,7.0,65271.0
15.961587117984891,0.0,0.0,0.0,0.0,0.0,0.0,0.0,0.0,0.0,0.0,0.0,0.0,0.0,26046.0,7.0,65268.0,24834.0,7.0,65278.0
15.96165154199116,0.0,0.0,0.0,0.0,0.0,0.0,0.0,0.0,0.0,0.0,0.0,0.0,0.0,26048.0,7.0,65308.0,24835.0,7.0,65311.0
15.961718823993579,0.0,0.0,0.0,0.0,0.0,0.0,0.0,0.0,0.0,0.0,0.0,0.0,0.0,26048.0,7.0,65308.0,24836.0,7.0,65322.0
15.961776362004457,0.0,0.0,0.0,0.0,0.0,0.0,0.0,0.0,0.0,0.0,0.0,0.0,0.0,26049.0,7.0,65328.0,24837.0,7.0,65341.0
15.961837357986951,0.0,0.0,0.0,0.0,0.0,0.0,0.0,0.0,0.0,0.0,0.0,0.0,0.0,26050.0,7.0,65348.0,24838.0,7.0,65361.0
15.96880030000466,0.0,0.0,0.0,0.0,0.0,0.0,0.0,0.0,0.0,0.0,0.0,0.0,0.0,26051.0,7.0,65368.0,24839.0,7.0,65381.0
15.98956032699789,0.0,0.0,0.0,0.0,0.0,0.0,0.0,0.0,0.0,0.0,0.0,0.0,0.0,26052.0,7.0,65388.0,24840.0,7.0,65401.0
16.02004974798183,0.0,0.0,0.0,0.0,0.0,0.0,0.0,0.0,0.0,0.0,0.0,0.0,0.0,26054.0,7.0,65428.0,24841.0,7.0,65431.0
16.02706837398,0.0,0.0,0.0,0.0,0.0,0.0,0.0,0.0,0.0,0.0,0.0,0.0,0.0,26054.0,7.0,65428.0,24842.0,7.0,65438.0
16.049072633992182,0.0,0.0,0.0,0.0,0.0,0.0,0.0,0.0,0.0,0.0,0.0,0.0,0.0,26055.0,7.0,65448.0,24843.0,7.0,65461.0
16.180583790992387,0.0,0.0,0.0,0.0,0.0,0.0,0.0,0.0,0.0,0.0,0.0,0.0,0.0,26056.0,7.0,65468.0,24844.0,7.0,65481.0
16.204004405997694,0.0,0.0,0.0,0.0,0.0,0.0,0.0,0.0,0.0,0.0,0.0,0.0,0.0,26062.0,8.0,52.0,24845.0,8.0,66.0
16.222616483981255,0.0,0.0,0.0,0.0,0.0,0.0,0.0,0.0,0.0,0.0,0.0,0.0,0.0,26064.0,8.0,92.0,24846.0,8.0,95.0
16.23616433198913,0.0,0.0,0.0,0.0,0.0,0.0,0.0,0.0,0.0,0.0,0.0,0.0,0.0,26064.0,8.0,92.0,24847.0,8.0,102.0
16.24883420500555,0.0,0.0,0.0,0.0,0.0,0.0,0.0,0.0,0.0,0.0,0.0,0.0,0.0,26065.0,8.0,112.0,24848.0,8.0,125.0
16.272156524995808,0.0,0.0,0.0,0.0,0.0,0.0,0.0,0.0,0.0,0.0,0.0,0.0,0.0,26066.0,8.0,132.0,24849.0,8.0,145.0
16.31881182998768,0.0,0.0,0.0,0.0,0.0,0.0,0.0,0.0,0.0,0.0,0.0,0.0,0.0,26067.0,8.0,152.0,24850.0,8.0,165.0
16.35916348299361,0.0,0.0,0.0,0.0,0.0,0.0,0.0,0.0,0.0,0.0,0.0,0.0,0.0,26069.0,8.0,192.0,24851.0,8.0,195.0
16.35941379299038,0.0,0.0,0.0,0.0,0.0,0.0,0.0,0.0,0.0,0.0,0.0,0.0,0.0,26069.0,8.0,192.0,24852.0,8.0,202.0
16.35948086399003,0.0,0.0,0.0,0.0,0.0,0.0,0.0,0.0,0.0,0.0,0.0,0.0,0.0,26070.0,8.0,212.0,24853.0,8.0,225.0
16.403870146983536,0.0,0.0,0.0,0.0,0.0,0.0,0.0,0.0,0.0,0.0,0.0,0.0,0.0,26071.0,8.0,232.0,24854.0,8.0,245.0
16.404180460987845,0.0,0.0,0.0,0.0,0.0,0.0,0.0,0.0,0.0,0.0,0.0,0.0,0.0,26072.0,8.0,252.0,24855.0,8.0,265.0
16.419062215980375,0.0,0.0,0.0,0.0,0.0,0.0,0.0,0.0,0.0,0.0,0.0,0.0,0.0,26074.0,8.0,292.0,24856.0,8.0,295.0
16.426014462980675,0.0,0.0,0.0,0.0,0.0,0.0,0.0,0.0,0.0,0.0,0.0,0.0,0.0,26074.0,8.0,292.0,24857.0,8.0,302.0
16.448720565007534,0.0,0.0,0.0,0.0,0.0,0.0,0.0,0.0,0.0,0.0,0.0,0.0,0.0,26075.0,8.0,312.0,24858.0,8.0,325.0
16.470051229989622,0.0,0.0,0.0,0.0,0.0,0.0,0.0,0.0,0.0,0.0,0.0,0.0,0.0,26076.0,8.0,332.0,24859.0,8.0,345.0
16.489042837987654,0.0,0.0,0.0,0.0,0.0,0.0,0.0,0.0,0.0,0.0,0.0,0.0,0.0,26077.0,8.0,352.0,24860.0,8.0,365.0
16.621789526980137,0.0,0.0,0.0,0.0,0.0,0.0,0.0,0.0,0.0,0.0,0.0,0.0,0.0,26079.0,8.0,392.0,24861.0,8.0,395.0
16.621915308991447,0.0,0.0,0.0,0.0,0.0,0.0,0.0,0.0,0.0,0.0,0.0,0.0,0.0,26079.0,8.0,392.0,24862.0,8.0,402.0
16.621988825005246,0.0,0.0,0.0,0.0,0.0,0.0,0.0,0.0,0.0,0.0,0.0,0.0,0.0,26081.0,8.0,431.0,24863.0,8.0,435.0
16.622048557997914,0.0,0.0,0.0,0.0,0.0,0.0,0.0,0.0,0.0,0.0,0.0,0.0,0.0,26081.0,8.0,431.0,24864.0,8.0,442.0
16.622111609001877,0.0,0.0,0.0,0.0,0.0,0.0,0.0,0.0,0.0,0.0,0.0,0.0,0.0,26082.0,8.0,452.0,24865.0,8.0,465.0
16.624810538982274,0.0,0.0,0.0,0.0,0.0,0.0,0.0,0.0,0.0,0.0,0.0,0.0,0.0,26084.0,8.0,492.0,24866.0,8.0,495.0
16.62859717698302,0.0,0.0,0.0,0.0,0.0,0.0,0.0,0.0,0.0,0.0,0.0,0.0,0.0,26084.0,8.0,492.0,24867.0,8.0,503.0
16.649477261991706,0.0,0.0,0.0,0.0,0.0,0.0,0.0,0.0,0.0,0.0,0.0,0.0,0.0,26085.0,8.0,512.0,24868.0,8.0,525.0
16.669502757984446,0.0,0.0,0.0,0.0,0.0,0.0,0.0,0.0,0.0,0.0,0.0,0.0,0.0,26086.0,8.0,532.0,24869.0,8.0,545.0
16.689105981989997,0.0,0.0,0.0,0.0,0.0,0.0,0.0,0.0,0.0,0.0,0.0,0.0,0.0,26087.0,8.0,552.0,24870.0,8.0,565.0
16.7226987129834,0.0,0.0,0.0,0.0,0.0,0.0,0.0,0.0,0.0,0.0,0.0,0.0,0.0,26089.0,8.0,592.0,24871.0,8.0,595.0
16.841425563005032,0.0,0.0,0.0,0.0,0.0,0.0,0.0,0.0,0.0,0.0,0.0,0.0,0.0,26089.0,8.0,592.0,24872.0,8.0,602.0
16.84155167499557,0.0,0.0,0.0,0.0,0.0,0.0,0.0,0.0,0.0,0.0,0.0,0.0,0.0,26091.0,8.0,632.0,24873.0,8.0,635.0
16.84163545598858,0.0,0.0,0.0,0.0,0.0,0.0,0.0,0.0,0.0,0.0,0.0,0.0,0.0,26091.0,8.0,632.0,24874.0,8.0,642.0
16.841696432005847,0.0,0.0,0.0,0.0,0.0,0.0,0.0,0.0,0.0,0.0,0.0,0.0,0.0,26093.0,8.0,672.0,24875.0,8.0,675.0
16.841798315988854,0.0,0.0,0.0,0.0,0.0,0.0,0.0,0.0,0.0,0.0,0.0,0.0,0.0,26093.0,8.0,672.0,24876.0,8.0,687.0
16.841892651980743,0.0,0.0,0.0,0.0,0.0,0.0,0.0,0.0,0.0,0.0,0.0,0.0,0.0,26094.0,8.0,692.0,24877.0,8.0,705.0
16.85045273299329,0.0,0.0,0.0,0.0,0.0,0.0,0.0,0.0,0.0,0.0,0.0,0.0,0.0,26095.0,8.0,712.0,24878.0,8.0,725.0
16.8701414319803,0.0,0.0,0.0,0.0,0.0,0.0,0.0,0.0,0.0,0.0,0.0,0.0,0.0,26096.0,8.0,732.0,24879.0,8.0,745.0
16.888996534980834,0.0,0.0,0.0,0.0,0.0,0.0,0.0,0.0,0.0,0.0,0.0,0.0,0.0,26097.0,8.0,752.0,24880.0,8.0,765.0
16.92066109800362,0.0,0.0,0.0,0.0,0.0,0.0,0.0,0.0,0.0,0.0,0.0,0.0,0.0,26099.0,8.0,792.0,24881.0,8.0,795.0
16.92968016100349,0.0,0.0,0.0,0.0,0.0,0.0,0.0,0.0,0.0,0.0,0.0,0.0,0.0,26099.0,8.0,792.0,24882.0,8.0,802.0
16.960735673987074,0.0,0.0,0.0,0.0,0.0,0.0,0.0,0.0,0.0,0.0,0.0,0.0,0.0,26100.0,8.0,812.0,24883.0,8.0,825.0
17.063244744989788,0.0,0.0,0.0,0.0,0.0,0.0,0.0,0.0,0.0,0.0,0.0,0.0,0.0,26101.0,8.0,832.0,24884.0,8.0,845.0
17.063381229992956,0.0,0.0,0.0,0.0,0.0,0.0,0.0,0.0,0.0,0.0,0.0,0.0,0.0,26102.0,8.0,852.0,24885.0,8.0,865.0
17.06345359198167,0.0,0.0,0.0,0.0,0.0,0.0,0.0,0.0,0.0,0.0,0.0,0.0,0.0,26104.0,8.0,892.0,24886.0,8.0,895.0
17.063521082978696,0.0,0.0,0.0,0.0,0.0,0.0,0.0,0.0,0.0,0.0,0.0,0.0,0.0,26104.0,8.0,892.0,24887.0,8.0,902.0
17.06358617800288,0.0,0.0,0.0,0.0,0.0,0.0,0.0,0.0,0.0,0.0,0.0,0.0,0.0,26106.0,8.0,931.0,24888.0,8.0,935.0
17.066302567982348,0.0,0.0,0.0,0.0,0.0,0.0,0.0,0.0,0.0,0.0,0.0,0.0,0.0,26106.0,8.0,931.0,24889.0,8.0,942.0
17.099747000989737,0.0,0.0,0.0,0.0,0.0,0.0,0.0,0.0,0.0,0.0,0.0,0.0,0.0,26108.0,8.0,972.0,24890.0,8.0,975.0
17.11918306699954,0.0,0.0,0.0,0.0,0.0,0.0,0.0,0.0,0.0,0.0,0.0,0.0,0.0,26108.0,8.0,972.0,24891.0,8.0,987.0
17.132543750980403,0.0,0.0,0.0,0.0,0.0,0.0,0.0,0.0,0.0,0.0,0.0,0.0,0.0,26109.0,8.0,992.0,24892.0,8.0,1005.0
17.149456546991132,0.0,0.0,0.0,0.0,0.0,0.0,0.0,0.0,0.0,0.0,0.0,0.0,0.0,26110.0,8.0,1012.0,24893.0,8.0,1025.0
17.2834391159995,0.0,0.0,0.0,0.0,0.0,0.0,0.0,0.0,0.0,0.0,0.0,0.0,0.0,26111.0,8.0,1032.0,24894.0,8.0,1045.0
17.283604430005653,0.0,0.0,0.0,0.0,0.0,0.0,0.0,0.0,0.0,0.0,0.0,0.0,0.0,26112.0,8.0,1052.0,24895.0,8.0,1065.0
17.28367512798286,0.0,0.0,0.0,0.0,0.0,0.0,0.0,0.0,0.0,0.0,0.0,0.0,0.0,26114.0,8.0,1092.0,24896.0,8.0,1095.0
17.2837371659989,0.0,0.0,0.0,0.0,0.0,0.0,0.0,0.0,0.0,0.0,0.0,0.0,0.0,26114.0,8.0,1092.0,24897.0,8.0,1102.0
17.28379680798389,0.0,0.0,0.0,0.0,0.0,0.0,0.0,0.0,0.0,0.0,0.0,0.0,0.0,26115.0,8.0,1112.0,24898.0,8.0,1125.0
17.28386214398779,0.0,0.0,0.0,0.0,0.0,0.0,0.0,0.0,0.0,0.0,0.0,0.0,0.0,26116.0,8.0,1132.0,24899.0,8.0,1145.0
17.289807805995224,0.0,0.0,0.0,0.0,0.0,0.0,0.0,0.0,0.0,0.0,0.0,0.0,0.0,26117.0,8.0,1152.0,24900.0,8.0,1164.0
17.319685633003246,0.0,0.0,0.0,0.0,0.0,0.0,0.0,0.0,0.0,0.0,0.0,0.0,0.0,26119.0,8.0,1192.0,24901.0,8.0,1194.0
17.337373704998754,0.0,0.0,0.0,0.0,0.0,0.0,0.0,0.0,0.0,0.0,0.0,0.0,0.0,26119.0,8.0,1192.0,24902.0,8.0,1201.0
17.362960400991142,0.0,0.0,0.0,0.0,0.0,0.0,0.0,0.0,0.0,0.0,0.0,0.0,0.0,26121.0,8.0,1232.0,24903.0,8.0,1235.0
17.37672315398231,0.0,0.0,0.0,0.0,0.0,0.0,0.0,0.0,0.0,0.0,0.0,0.0,0.0,26121.0,8.0,1232.0,24904.0,8.0,1242.0
17.496313861978706,0.0,0.0,0.0,0.0,0.0,0.0,0.0,0.0,0.0,0.0,0.0,0.0,0.0,26123.0,8.0,1272.0,24905.0,8.0,1275.0
17.49669874898973,0.0,0.0,0.0,0.0,0.0,0.0,0.0,0.0,0.0,0.0,0.0,0.0,0.0,26123.0,8.0,1272.0,24906.0,8.0,1286.0
17.49698186299065,0.0,0.0,0.0,0.0,0.0,0.0,0.0,0.0,0.0,0.0,0.0,0.0,0.0,26124.0,8.0,1292.0,24907.0,8.0,1305.0
17.497171886003343,0.0,0.0,0.0,0.0,0.0,0.0,0.0,0.0,0.0,0.0,0.0,0.0,0.0,26125.0,8.0,1312.0,24908.0,8.0,1325.0
17.497228941996582,0.0,0.0,0.0,0.0,0.0,0.0,0.0,0.0,0.0,0.0,0.0,0.0,0.0,26126.0,8.0,1332.0,24909.0,8.0,1345.0
17.497284393990412,0.0,0.0,0.0,0.0,0.0,0.0,0.0,0.0,0.0,0.0,0.0,0.0,0.0,26127.0,8.0,1352.0,24910.0,8.0,1365.0
17.522702928981744,0.0,0.0,0.0,0.0,0.0,0.0,0.0,0.0,0.0,0.0,0.0,0.0,0.0,26129.0,8.0,1392.0,24911.0,8.0,1395.0
17.528961567004444,0.0,0.0,0.0,0.0,0.0,0.0,0.0,0.0,0.0,0.0,0.0,0.0,0.0,26129.0,8.0,1392.0,24912.0,8.0,1402.0
17.54927435098216,0.0,0.0,0.0,0.0,0.0,0.0,0.0,0.0,0.0,0.0,0.0,0.0,0.0,26130.0,8.0,1412.0,24913.0,8.0,1425.0
17.56951522399322,0.0,0.0,0.0,0.0,0.0,0.0,0.0,0.0,0.0,0.0,0.0,0.0,0.0,26131.0,8.0,1432.0,24914.0,8.0,1445.0
17.589704483980313,0.0,0.0,0.0,0.0,0.0,0.0,0.0,0.0,0.0,0.0,0.0,0.0,0.0,26132.0,8.0,1452.0,24915.0,8.0,1465.0
17.7227440669958,0.0,0.0,0.0,0.0,0.0,0.0,0.0,0.0,0.0,0.0,0.0,0.0,0.0,26134.0,8.0,1492.0,24916.0,8.0,1495.0
17.722917389997747,0.0,0.0,0.0,0.0,0.0,0.0,0.0,0.0,0.0,0.0,0.0,0.0,0.0,26134.0,8.0,1492.0,24917.0,8.0,1502.0
17.722987807006575,0.0,0.0,0.0,0.0,0.0,0.0,0.0,0.0,0.0,0.0,0.0,0.0,0.0,26136.0,8.0,1532.0,24918.0,8.0,1535.0
17.723077129980084,0.0,0.0,0.0,0.0,0.0,0.0,0.0,0.0,0.0,0.0,0.0,0.0,0.0,26136.0,8.0,1532.0,24919.0,8.0,1542.0
17.723148850986036,0.0,0.0,0.0,0.0,0.0,0.0,0.0,0.0,0.0,0.0,0.0,0.0,0.0,26138.0,8.0,1572.0,24920.0,8.0,1574.0
17.723212221986614,0.0,0.0,0.0,0.0,0.0,0.0,0.0,0.0,0.0,0.0,0.0,0.0,0.0,26138.0,8.0,1572.0,24921.0,8.0,1586.0
17.729591957991943,0.0,0.0,0.0,0.0,0.0,0.0,0.0,0.0,0.0,0.0,0.0,0.0,0.0,26139.0,8.0,1592.0,24922.0,8.0,1604.0
17.750881768995896,0.0,0.0,0.0,0.0,0.0,0.0,0.0,0.0,0.0,0.0,0.0,0.0,0.0,26140.0,8.0,1612.0,24923.0,8.0,1625.0
17.769679403980263,0.0,0.0,0.0,0.0,0.0,0.0,0.0,0.0,0.0,0.0,0.0,0.0,0.0,26141.0,8.0,1632.0,24924.0,8.0,1645.0
17.790980641992064,0.0,0.0,0.0,0.0,0.0,0.0,0.0,0.0,0.0,0.0,0.0,0.0,0.0,26142.0,8.0,1652.0,24925.0,8.0,1665.0
17.820202197006438,0.0,0.0,0.0,0.0,0.0,0.0,0.0,0.0,0.0,0.0,0.0,0.0,0.0,26144.0,8.0,1692.0,24926.0,8.0,1695.0
18.017167694983073,0.0,0.0,0.0,0.0,0.0,0.0,0.0,0.0,0.0,0.0,0.0,0.0,0.0,26144.0,8.0,1692.0,24927.0,8.0,1702.0
18.017446955986088,0.0,0.0,0.0,0.0,0.0,0.0,0.0,0.0,0.0,0.0,0.0,0.0,0.0,26145.0,8.0,1712.0,24928.0,8.0,1725.0
18.017516720981803,0.0,0.0,0.0,0.0,0.0,0.0,0.0,0.0,0.0,0.0,0.0,0.0,0.0,26146.0,8.0,1732.0,24929.0,8.0,1745.0
18.017575108999154,0.0,0.0,0.0,0.0,0.0,0.0,0.0,0.0,0.0,0.0,0.0,0.0,0.0,26147.0,8.0,1752.0,24930.0,8.0,1765.0
18.017634589981753,0.0,0.0,0.0,0.0,0.0,0.0,0.0,0.0,0.0,0.0,0.0,0.0,0.0,26149.0,8.0,1792.0,24931.0,8.0,1795.0
18.017691294982797,0.0,0.0,0.0,0.0,0.0,0.0,0.0,0.0,0.0,0.0,0.0,0.0,0.0,26149.0,8.0,1792.0,24932.0,8.0,1802.0
18.017744911980117,0.0,0.0,0.0,0.0,0.0,0.0,0.0,0.0,0.0,0.0,0.0,0.0,0.0,26150.0,8.0,1812.0,24933.0,8.0,1825.0
18.017798949003918,0.0,0.0,0.0,0.0,0.0,0.0,0.0,0.0,0.0,0.0,0.0,0.0,0.0,26151.0,8.0,1832.0,24934.0,8.0,1845.0
18.017858581006294,0.0,0.0,0.0,0.0,0.0,0.0,0.0,0.0,0.0,0.0,0.0,0.0,0.0,26152.0,8.0,1852.0,24935.0,8.0,1865.0
18.020754125987878,0.0,0.0,0.0,0.0,0.0,0.0,0.0,0.0,0.0,0.0,0.0,0.0,0.0,26154.0,8.0,1892.0,24936.0,8.0,1895.0
18.027458639990073,0.0,0.0,0.0,0.0,0.0,0.0,0.0,0.0,0.0,0.0,0.0,0.0,0.0,26154.0,8.0,1892.0,24937.0,8.0,1902.0
18.16218073599157,0.0,0.0,0.0,0.0,0.0,0.0,0.0,0.0,0.0,0.0,0.0,0.0,0.0,26156.0,8.0,1932.0,24938.0,8.0,1935.0
18.162560975993983,0.0,0.0,0.0,0.0,0.0,0.0,0.0,0.0,0.0,0.0,0.0,0.0,0.0,26156.0,8.0,1932.0,24939.0,8.0,1942.0
18.173373003985034,0.0,0.0,0.0,0.0,0.0,0.0,0.0,0.0,0.0,0.0,0.0,0.0,0.0,26161.0,8.0,2032.0,24940.0,8.0,2048.0
18.185567676002393,0.0,0.0,0.0,0.0,0.0,0.0,0.0,0.0,0.0,0.0,0.0,0.0,0.0,26162.0,8.0,2052.0,24941.0,8.0,2060.0
18.220849307981553,0.0,0.0,0.0,0.0,0.0,0.0,0.0,0.0,0.0,0.0,0.0,0.0,0.0,26164.0,8.0,2092.0,24942.0,8.0,2095.0
18.227339995995862,0.0,0.0,0.0,0.0,0.0,0.0,0.0,0.0,0.0,0.0,0.0,0.0,0.0,26164.0,8.0,2092.0,24943.0,8.0,2102.0
18.250130984990392,0.0,0.0,0.0,0.0,0.0,0.0,0.0,0.0,0.0,0.0,0.0,0.0,0.0,26165.0,8.0,2112.0,24944.0,8.0,2125.0
18.38271996099502,0.0,0.0,0.0,0.0,0.0,0.0,0.0,0.0,0.0,0.0,0.0,0.0,0.0,26166.0,8.0,2132.0,24945.0,8.0,2145.0
18.382881522993557,0.0,0.0,0.0,0.0,0.0,0.0,0.0,0.0,0.0,0.0,0.0,0.0,0.0,26168.0,8.0,2172.0,24946.0,8.0,2175.0
18.382961993978824,0.0,0.0,0.0,0.0,0.0,0.0,0.0,0.0,0.0,0.0,0.0,0.0,0.0,26168.0,8.0,2172.0,24947.0,8.0,2182.0
18.383030936995056,0.0,0.0,0.0,0.0,0.0,0.0,0.0,0.0,0.0,0.0,0.0,0.0,0.0,26169.0,8.0,2192.0,24948.0,8.0,2205.0
18.383102967985906,0.0,0.0,0.0,0.0,0.0,0.0,0.0,0.0,0.0,0.0,0.0,0.0,0.0,26170.0,8.0,2212.0,24949.0,8.0,2225.0
18.383162879996235,0.0,0.0,0.0,0.0,0.0,0.0,0.0,0.0,0.0,0.0,0.0,0.0,0.0,26171.0,8.0,2232.0,24950.0,8.0,2245.0
18.40042078899569,0.0,0.0,0.0,0.0,0.0,0.0,0.0,0.0,0.0,0.0,0.0,0.0,0.0,26173.0,8.0,2272.0,24951.0,8.0,2275.0
18.40738540899474,0.0,0.0,0.0,0.0,0.0,0.0,0.0,0.0,0.0,0.0,0.0,0.0,0.0,26173.0,8.0,2272.0,24952.0,8.0,2282.0
18.431219858990517,0.0,0.0,0.0,0.0,0.0,0.0,0.0,0.0,0.0,0.0,0.0,0.0,0.0,26174.0,8.0,2292.0,24953.0,8.0,2305.0
18.453876510000555,0.0,0.0,0.0,0.0,0.0,0.0,0.0,0.0,0.0,0.0,0.0,0.0,0.0,26175.0,8.0,2312.0,24954.0,8.0,2325.0
18.46999719698215,0.0,0.0,0.0,0.0,0.0,0.0,0.0,0.0,0.0,0.0,0.0,0.0,0.0,26176.0,8.0,2332.0,24955.0,8.0,2345.0
18.62535138099338,0.0,0.0,0.0,0.0,0.0,0.0,0.0,0.0,0.0,0.0,0.0,0.0,0.0,26178.0,8.0,2372.0,24956.0,8.0,2375.0
18.62574216700159,0.0,0.0,0.0,0.0,0.0,0.0,0.0,0.0,0.0,0.0,0.0,0.0,0.0,26178.0,8.0,2372.0,24957.0,8.0,2382.0
18.626111841993406,0.0,0.0,0.0,0.0,0.0,0.0,0.0,0.0,0.0,0.0,0.0,0.0,0.0,26179.0,8.0,2392.0,24958.0,8.0,2405.0
18.62620188499568,0.0,0.0,0.0,0.0,0.0,0.0,0.0,0.0,0.0,0.0,0.0,0.0,0.0,26180.0,8.0,2412.0,24959.0,8.0,2425.0
18.626259240991203,0.0,0.0,0.0,0.0,0.0,0.0,0.0,0.0,0.0,0.0,0.0,0.0,0.0,26181.0,8.0,2432.0,24960.0,8.0,2445.0
18.62631627600058,0.0,0.0,0.0,0.0,0.0,0.0,0.0,0.0,0.0,0.0,0.0,0.0,0.0,26183.0,8.0,2472.0,24961.0,8.0,2475.0
18.626372498983983,0.0,0.0,0.0,0.0,0.0,0.0,0.0,0.0,0.0,0.0,0.0,0.0,0.0,26183.0,8.0,2472.0,24962.0,8.0,2482.0
18.640252811979735,0.0,0.0,0.0,0.0,0.0,0.0,0.0,0.0,0.0,0.0,0.0,0.0,0.0,26184.0,8.0,2492.0,24963.0,8.0,2505.0
18.65270625698031,0.0,0.0,0.0,0.0,0.0,0.0,0.0,0.0,0.0,0.0,0.0,0.0,0.0,26185.0,8.0,2512.0,24964.0,8.0,2525.0
18.672492702986347,0.0,0.0,0.0,0.0,0.0,0.0,0.0,0.0,0.0,0.0,0.0,0.0,0.0,26186.0,8.0,2532.0,24965.0,8.0,2545.0
18.702220045001013,0.0,0.0,0.0,0.0,0.0,0.0,0.0,0.0,0.0,0.0,0.0,0.0,0.0,26188.0,8.0,2572.0,24966.0,8.0,2575.0
18.70840365497861,0.0,0.0,0.0,0.0,0.0,0.0,0.0,0.0,0.0,0.0,0.0,0.0,0.0,26188.0,8.0,2572.0,24967.0,8.0,2582.0
18.820810276985867,0.0,0.0,0.0,0.0,0.0,0.0,0.0,0.0,0.0,0.0,0.0,0.0,0.0,26189.0,8.0,2592.0,24968.0,8.0,2605.0
18.821155965997605,0.0,0.0,0.0,0.0,0.0,0.0,0.0,0.0,0.0,0.0,0.0,0.0,0.0,26190.0,8.0,2612.0,24969.0,8.0,2625.0
18.821218904980924,0.0,0.0,0.0,0.0,0.0,0.0,0.0,0.0,0.0,0.0,0.0,0.0,0.0,26191.0,8.0,2632.0,24970.0,8.0,2645.0
18.82127675198717,0.0,0.0,0.0,0.0,0.0,0.0,0.0,0.0,0.0,0.0,0.0,0.0,0.0,26193.0,8.0,2672.0,24971.0,8.0,2675.0
18.82133296498796,0.0,0.0,0.0,0.0,0.0,0.0,0.0,0.0,0.0,0.0,0.0,0.0,0.0,26193.0,8.0,2672.0,24972.0,8.0,2682.0
18.830942817003233,0.0,0.0,0.0,0.0,0.0,0.0,0.0,0.0,0.0,0.0,0.0,0.0,0.0,26194.0,8.0,2692.0,24973.0,8.0,2705.0
18.850615564006148,0.0,0.0,0.0,0.0,0.0,0.0,0.0,0.0,0.0,0.0,0.0,0.0,0.0,26195.0,8.0,2712.0,24974.0,8.0,2725.0
18.870205635001184,0.0,0.0,0.0,0.0,0.0,0.0,0.0,0.0,0.0,0.0,0.0,0.0,0.0,26196.0,8.0,2732.0,24975.0,8.0,2745.0
18.900195609981893,0.0,0.0,0.0,0.0,0.0,0.0,0.0,0.0,0.0,0.0,0.0,0.0,0.0,26198.0,8.0,2772.0,24976.0,8.0,2775.0
18.909365847997833,0.0,0.0,0.0,0.0,0.0,0.0,0.0,0.0,0.0,0.0,0.0,0.0,0.0,26198.0,8.0,2772.0,24977.0,8.0,2782.0
19.042637324979296,0.0,0.0,0.0,0.0,0.0,0.0,0.0,0.0,0.0,0.0,0.0,0.0,0.0,26200.0,8.0,2812.0,24978.0,8.0,2815.0
19.0428371859889,0.0,0.0,0.0,0.0,0.0,0.0,0.0,0.0,0.0,0.0,0.0,0.0,0.0,26200.0,8.0,2812.0,24979.0,8.0,2822.0
19.04292673699092,0.0,0.0,0.0,0.0,0.0,0.0,0.0,0.0,0.0,0.0,0.0,0.0,0.0,26202.0,8.0,2852.0,24980.0,8.0,2855.0
19.04299054699368,0.0,0.0,0.0,0.0,0.0,0.0,0.0,0.0,0.0,0.0,0.0,0.0,0.0,26202.0,8.0,2852.0,24981.0,8.0,2867.0
19.04305198098882,0.0,0.0,0.0,0.0,0.0,0.0,0.0,0.0,0.0,0.0,0.0,0.0,0.0,26203.0,8.0,2872.0,24982.0,8.0,2885.0
19.04311031900579,0.0,0.0,0.0,0.0,0.0,0.0,0.0,0.0,0.0,0.0,0.0,0.0,0.0,26204.0,8.0,2892.0,24983.0,8.0,2905.0
19.050125042005675,0.0,0.0,0.0,0.0,0.0,0.0,0.0,0.0,0.0,0.0,0.0,0.0,0.0,26205.0,8.0,2912.0,24984.0,8.0,2925.0
19.070241718989564,0.0,0.0,0.0,0.0,0.0,0.0,0.0,0.0,0.0,0.0,0.0,0.0,0.0,26206.0,8.0,2932.0,24985.0,8.0,2945.0
19.10110562699265,0.0,0.0,0.0,0.0,0.0,0.0,0.0,0.0,0.0,0.0,0.0,0.0,0.0,26208.0,8.0,2972.0,24986.0,8.0,2975.0
19.108087843982503,0.0,0.0,0.0,0.0,0.0,0.0,0.0,0.0,0.0,0.0,0.0,0.0,0.0,26208.0,8.0,2972.0,24987.0,8.0,2982.0
19.133649348979816,0.0,0.0,0.0,0.0,0.0,0.0,0.0,0.0,0.0,0.0,0.0,0.0,0.0,26209.0,8.0,2992.0,24988.0,8.0,3005.0
19.264819749980234,0.0,0.0,0.0,0.0,0.0,0.0,0.0,0.0,0.0,0.0,0.0,0.0,0.0,26210.0,8.0,3012.0,24989.0,8.0,3025.0
19.265208664990496,0.0,0.0,0.0,0.0,0.0,0.0,0.0,0.0,0.0,0.0,0.0,0.0,0.0,26211.0,8.0,3032.0,24990.0,8.0,3044.0
19.265274520003004,0.0,0.0,0.0,0.0,0.0,0.0,0.0,0.0,0.0,0.0,0.0,0.0,0.0,26213.0,8.0,3072.0,24991.0,8.0,3075.0
19.26533464199747,0.0,0.0,0.0,0.0,0.0,0.0,0.0,0.0,0.0,0.0,0.0,0.0,0.0,26213.0,8.0,3072.0,24992.0,8.0,3082.0
19.26539136498468,0.0,0.0,0.0,0.0,0.0,0.0,0.0,0.0,0.0,0.0,0.0,0.0,0.0,26215.0,8.0,3112.0,24993.0,8.0,3115.0
19.265444499993464,0.0,0.0,0.0,0.0,0.0,0.0,0.0,0.0,0.0,0.0,0.0,0.0,0.0,26215.0,8.0,3112.0,24994.0,8.0,3122.0
19.284557384991786,0.0,0.0,0.0,0.0,0.0,0.0,0.0,0.0,0.0,0.0,0.0,0.0,0.0,26216.0,8.0,3132.0,24995.0,8.0,3145.0
19.300639313005377,0.0,0.0,0.0,0.0,0.0,0.0,0.0,0.0,0.0,0.0,0.0,0.0,0.0,26218.0,8.0,3172.0,24996.0,8.0,3175.0
19.31776449800236,0.0,0.0,0.0,0.0,0.0,0.0,0.0,0.0,0.0,0.0,0.0,0.0,0.0,26218.0,8.0,3172.0,24997.0,8.0,3182.0
19.343270501994994,0.0,0.0,0.0,0.0,0.0,0.0,0.0,0.0,0.0,0.0,0.0,0.0,0.0,26220.0,8.0,3212.0,24998.0,8.0,3216.0
19.348100712988526,0.0,0.0,0.0,0.0,0.0,0.0,0.0,0.0,0.0,0.0,0.0,0.0,0.0,26220.0,8.0,3212.0,24999.0,8.0,3223.0
19.480967116978718,0.0,0.0,0.0,0.0,0.0,0.0,0.0,0.0,0.0,0.0,0.0,0.0,0.0,26221.0,8.0,3232.0,25000.0,8.0,3245.0
19.48136460297974,0.0,0.0,0.0,0.0,0.0,0.0,0.0,0.0,0.0,0.0,0.0,0.0,0.0,26223.0,8.0,3272.0,25001.0,8.0,3275.0
19.481618720979895,0.0,0.0,0.0,0.0,0.0,0.0,0.0,0.0,0.0,0.0,0.0,0.0,0.0,26223.0,8.0,3272.0,25002.0,8.0,3282.0
19.481846106005833,0.0,0.0,0.0,0.0,0.0,0.0,0.0,0.0,0.0,0.0,0.0,0.0,0.0,26224.0,8.0,3292.0,25003.0,8.0,3305.0
19.48204021298443,0.0,0.0,0.0,0.0,0.0,0.0,0.0,0.0,0.0,0.0,0.0,0.0,0.0,26225.0,8.0,3312.0,25004.0,8.0,3325.0
19.48209712698008,0.0,0.0,0.0,0.0,0.0,0.0,0.0,0.0,0.0,0.0,0.0,0.0,0.0,26226.0,8.0,3332.0,25005.0,8.0,3344.0
19.50179969900637,0.0,0.0,0.0,0.0,0.0,0.0,0.0,0.0,0.0,0.0,0.0,0.0,0.0,26228.0,8.0,3372.0,25006.0,8.0,3375.0
19.50892376000411,0.0,0.0,0.0,0.0,0.0,0.0,0.0,0.0,0.0,0.0,0.0,0.0,0.0,26228.0,8.0,3372.0,25007.0,8.0,3382.0
19.545031963003566,0.0,0.0,0.0,0.0,0.0,0.0,0.0,0.0,0.0,0.0,0.0,0.0,0.0,26230.0,8.0,3412.0,25008.0,8.0,3415.0
19.54928309097886,0.0,0.0,0.0,0.0,0.0,0.0,0.0,0.0,0.0,0.0,0.0,0.0,0.0,26230.0,8.0,3412.0,25009.0,8.0,3423.0
19.57213206999586,0.0,0.0,0.0,0.0,0.0,0.0,0.0,0.0,0.0,0.0,0.0,0.0,0.0,26231.0,8.0,3432.0,25010.0,8.0,3445.0
19.703361569991102,0.0,0.0,0.0,0.0,0.0,0.0,0.0,0.0,0.0,0.0,0.0,0.0,0.0,26233.0,8.0,3472.0,25011.0,8.0,3475.0
19.70375272099045,0.0,0.0,0.0,0.0,0.0,0.0,0.0,0.0,0.0,0.0,0.0,0.0,0.0,26233.0,8.0,3472.0,25012.0,8.0,3482.0
19.704028851003386,0.0,0.0,0.0,0.0,0.0,0.0,0.0,0.0,0.0,0.0,0.0,0.0,0.0,26235.0,8.0,3512.0,25013.0,8.0,3515.0
19.70425464300206,0.0,0.0,0.0,0.0,0.0,0.0,0.0,0.0,0.0,0.0,0.0,0.0,0.0,26235.0,8.0,3512.0,25014.0,8.0,3522.0
19.704311295994557,0.0,0.0,0.0,0.0,0.0,0.0,0.0,0.0,0.0,0.0,0.0,0.0,0.0,26236.0,8.0,3532.0,25015.0,8.0,3545.0
19.704367167985765,0.0,0.0,0.0,0.0,0.0,0.0,0.0,0.0,0.0,0.0,0.0,0.0,0.0,26238.0,8.0,3572.0,25016.0,8.0,3575.0
19.7203219269868,0.0,0.0,0.0,0.0,0.0,0.0,0.0,0.0,0.0,0.0,0.0,0.0,0.0,26238.0,8.0,3572.0,25017.0,8.0,3582.0
19.742175021994626,0.0,0.0,0.0,0.0,0.0,0.0,0.0,0.0,0.0,0.0,0.0,0.0,0.0,26240.0,8.0,3612.0,25018.0,8.0,3615.0
19.753848002001178,0.0,0.0,0.0,0.0,0.0,0.0,0.0,0.0,0.0,0.0,0.0,0.0,0.0,26240.0,8.0,3612.0,25019.0,8.0,3622.0
19.78293571798713,0.0,0.0,0.0,0.0,0.0,0.0,0.0,0.0,0.0,0.0,0.0,0.0,0.0,26242.0,8.0,3652.0,25020.0,8.0,3655.0
19.792020794993732,0.0,0.0,0.0,0.0,0.0,0.0,0.0,0.0,0.0,0.0,0.0,0.0,0.0,26242.0,8.0,3652.0,25021.0,8.0,3666.0
19.92344122598297,0.0,0.0,0.0,0.0,0.0,0.0,0.0,0.0,0.0,0.0,0.0,0.0,0.0,26243.0,8.0,3672.0,25022.0,8.0,3685.0
19.92393072199775,0.0,0.0,0.0,0.0,0.0,0.0,0.0,0.0,0.0,0.0,0.0,0.0,0.0,26244.0,8.0,3692.0,25023.0,8.0,3705.0
19.924228910007514,0.0,0.0,0.0,0.0,0.0,0.0,0.0,0.0,0.0,0.0,0.0,0.0,0.0,26245.0,8.0,3712.0,25024.0,8.0,3724.0
19.924313558993163,0.0,0.0,0.0,0.0,0.0,0.0,0.0,0.0,0.0,0.0,0.0,0.0,0.0,26246.0,8.0,3732.0,25025.0,8.0,3745.0
19.9243704219989,0.0,0.0,0.0,0.0,0.0,0.0,0.0,0.0,0.0,0.0,0.0,0.0,0.0,26248.0,8.0,3772.0,25026.0,8.0,3775.0
19.924425820994657,0.0,0.0,0.0,0.0,0.0,0.0,0.0,0.0,0.0,0.0,0.0,0.0,0.0,26248.0,8.0,3772.0,25027.0,8.0,3781.0
19.942130737006664,0.0,0.0,0.0,0.0,0.0,0.0,0.0,0.0,0.0,0.0,0.0,0.0,0.0,26250.0,8.0,3811.0,25028.0,8.0,3815.0
19.94836654898245,0.0,0.0,0.0,0.0,0.0,0.0,0.0,0.0,0.0,0.0,0.0,0.0,0.0,26250.0,8.0,3811.0,25029.0,8.0,3822.0
19.971672640007455,0.0,0.0,0.0,0.0,0.0,0.0,0.0,0.0,0.0,0.0,0.0,0.0,0.0,26251.0,8.0,3832.0,25030.0,8.0,3845.0
20.00405235699145,0.0,0.0,0.0,0.0,0.0,0.0,0.0,0.0,0.0,0.0,0.0,0.0,0.0,26253.0,8.0,3872.0,25031.0,8.0,3875.0
20.008378747006645,0.0,0.0,0.0,0.0,0.0,0.0,0.0,0.0,0.0,0.0,0.0,0.0,0.0,26253.0,8.0,3872.0,25032.0,8.0,3882.0
20.12247633599327,0.0,0.0,0.0,0.0,0.0,0.0,0.0,0.0,0.0,0.0,0.0,0.0,0.0,26254.0,8.0,3892.0,25033.0,8.0,3905.0
20.12287483998807,0.0,0.0,0.0,0.0,0.0,0.0,0.0,0.0,0.0,0.0,0.0,0.0,0.0,26255.0,8.0,3912.0,25034.0,8.0,3925.0
20.123142014985206,0.0,0.0,0.0,0.0,0.0,0.0,0.0,0.0,0.0,0.0,0.0,0.0,0.0,26256.0,8.0,3932.0,25035.0,8.0,3945.0
20.142564371984918,0.0,0.0,0.0,0.0,0.0,0.0,0.0,0.0,0.0,0.0,0.0,0.0,0.0,26259.0,8.0,3992.0,25036.0,8.0,4007.0
20.151013216003776,0.0,0.0,0.0,0.0,0.0,0.0,0.0,0.0,0.0,0.0,0.0,0.0,0.0,26260.0,8.0,4012.0,25037.0,8.0,4025.0
20.17111048300285,0.0,0.0,0.0,0.0,0.0,0.0,0.0,0.0,0.0,0.0,0.0,0.0,0.0,26261.0,8.0,4032.0,25038.0,8.0,4045.0
20.192925373004982,0.0,0.0,0.0,0.0,0.0,0.0,0.0,0.0,0.0,0.0,0.0,0.0,0.0,26262.0,8.0,4052.0,25039.0,8.0,4065.0
20.210551634983858,0.0,0.0,0.0,0.0,0.0,0.0,0.0,0.0,0.0,0.0,0.0,0.0,0.0,26263.0,8.0,4072.0,25040.0,8.0,4085.0
20.24248394399183,0.0,0.0,0.0,0.0,0.0,0.0,0.0,0.0,0.0,0.0,0.0,0.0,0.0,26265.0,8.0,4112.0,25041.0,8.0,4115.0
20.469300494994968,0.0,0.0,0.0,0.0,0.0,0.0,0.0,0.0,0.0,0.0,0.0,0.0,0.0,26265.0,8.0,4112.0,25042.0,8.0,4122.0
20.469696641986957,0.0,0.0,0.0,0.0,0.0,0.0,0.0,0.0,0.0,0.0,0.0,0.0,0.0,26267.0,8.0,4152.0,25043.0,8.0,4155.0
20.469975494983373,0.0,0.0,0.0,0.0,0.0,0.0,0.0,0.0,0.0,0.0,0.0,0.0,0.0,26267.0,8.0,4152.0,25044.0,8.0,4162.0
20.47018471499905,0.0,0.0,0.0,0.0,0.0,0.0,0.0,0.0,0.0,0.0,0.0,0.0,0.0,26269.0,8.0,4192.0,25045.0,8.0,4195.0
20.470241106988396,0.0,0.0,0.0,0.0,0.0,0.0,0.0,0.0,0.0,0.0,0.0,0.0,0.0,26269.0,8.0,4192.0,25046.0,8.0,4207.0
20.47029661698616,0.0,0.0,0.0,0.0,0.0,0.0,0.0,0.0,0.0,0.0,0.0,0.0,0.0,26270.0,8.0,4212.0,25047.0,8.0,4225.0
20.47035282899742,0.0,0.0,0.0,0.0,0.0,0.0,0.0,0.0,0.0,0.0,0.0,0.0,0.0,26271.0,8.0,4232.0,25048.0,8.0,4245.0
20.470407516986597,0.0,0.0,0.0,0.0,0.0,0.0,0.0,0.0,0.0,0.0,0.0,0.0,0.0,26272.0,8.0,4252.0,25049.0,8.0,4265.0
20.47046211498673,0.0,0.0,0.0,0.0,0.0,0.0,0.0,0.0,0.0,0.0,0.0,0.0,0.0,26273.0,8.0,4272.0,25050.0,8.0,4285.0
20.47051675300463,0.0,0.0,0.0,0.0,0.0,0.0,0.0,0.0,0.0,0.0,0.0,0.0,0.0,26275.0,8.0,4312.0,25051.0,8.0,4315.0
20.4705713299918,0.0,0.0,0.0,0.0,0.0,0.0,0.0,0.0,0.0,0.0,0.0,0.0,0.0,26275.0,8.0,4312.0,25052.0,8.0,4322.0
20.874835931987036,0.0,0.0,0.0,0.0,0.0,0.0,0.0,0.0,0.0,0.0,0.0,0.0,0.0,26277.0,8.0,4352.0,25053.0,8.0,4355.0
20.87500507599907,0.0,0.0,0.0,0.0,0.0,0.0,0.0,0.0,0.0,0.0,0.0,0.0,0.0,26277.0,8.0,4352.0,25054.0,8.0,4362.0
20.875072462979006,0.0,0.0,0.0,0.0,0.0,0.0,0.0,0.0,0.0,0.0,0.0,0.0,0.0,26278.0,8.0,4372.0,25055.0,8.0,4385.0
20.87513255298836,0.0,0.0,0.0,0.0,0.0,0.0,0.0,0.0,0.0,0.0,0.0,0.0,0.0,26280.0,8.0,4412.0,25056.0,8.0,4415.0
20.875195759988856,0.0,0.0,0.0,0.0,0.0,0.0,0.0,0.0,0.0,0.0,0.0,0.0,0.0,26280.0,8.0,4412.0,25057.0,8.0,4422.0
20.875251850986388,0.0,0.0,0.0,0.0,0.0,0.0,0.0,0.0,0.0,0.0,0.0,0.0,0.0,26281.0,8.0,4432.0,25058.0,8.0,4445.0
20.875305044988636,0.0,0.0,0.0,0.0,0.0,0.0,0.0,0.0,0.0,0.0,0.0,0.0,0.0,26282.0,8.0,4452.0,25059.0,8.0,4465.0
20.875359330995707,0.0,0.0,0.0,0.0,0.0,0.0,0.0,0.0,0.0,0.0,0.0,0.0,0.0,26283.0,8.0,4472.0,25060.0,8.0,4485.0
20.87542125498294,0.0,0.0,0.0,0.0,0.0,0.0,0.0,0.0,0.0,0.0,0.0,0.0,0.0,26285.0,8.0,4512.0,25061.0,8.0,4515.0
20.87547596299555,0.0,0.0,0.0,0.0,0.0,0.0,0.0,0.0,0.0,0.0,0.0,0.0,0.0,26285.0,8.0,4512.0,25062.0,8.0,4523.0
20.87552910699742,0.0,0.0,0.0,0.0,0.0,0.0,0.0,0.0,0.0,0.0,0.0,0.0,0.0,26286.0,8.0,4532.0,25063.0,8.0,4544.0
20.875608381000347,0.0,0.0,0.0,0.0,0.0,0.0,0.0,0.0,0.0,0.0,0.0,0.0,0.0,26287.0,8.0,4552.0,25064.0,8.0,4565.0
20.875690622982802,0.0,0.0,0.0,0.0,0.0,0.0,0.0,0.0,0.0,0.0,0.0,0.0,0.0,26288.0,8.0,4572.0,25065.0,8.0,4585.0
20.87589445800404,0.0,0.0,0.0,0.0,0.0,0.0,0.0,0.0,0.0,0.0,0.0,0.0,0.0,26290.0,8.0,4612.0,25066.0,8.0,4615.0
20.875974473980023,0.0,0.0,0.0,0.0,0.0,0.0,0.0,0.0,0.0,0.0,0.0,0.0,0.0,26290.0,8.0,4612.0,25067.0,8.0,4622.0
20.876058199006366,0.0,0.0,0.0,0.0,0.0,0.0,0.0,0.0,0.0,0.0,0.0,0.0,0.0,26292.0,8.0,4652.0,25068.0,8.0,4655.0
20.876134897989687,0.0,0.0,0.0,0.0,0.0,0.0,0.0,0.0,0.0,0.0,0.0,0.0,0.0,26292.0,8.0,4652.0,25069.0,8.0,4662.0
20.876371730002575,0.0,0.0,0.0,0.0,0.0,0.0,0.0,0.0,0.0,0.0,0.0,0.0,0.0,26294.0,8.0,4692.0,25070.0,8.0,4695.0
20.876550305983983,0.0,0.0,0.0,0.0,0.0,0.0,0.0,0.0,0.0,0.0,0.0,0.0,0.0,26294.0,8.0,4692.0,25071.0,8.0,4706.0
20.876639964990318,0.0,0.0,0.0,0.0,0.0,0.0,0.0,0.0,0.0,0.0,0.0,0.0,0.0,26295.0,8.0,4712.0,25072.0,8.0,4725.0
20.87671697398764,0.0,0.0,0.0,0.0,0.0,0.0,0.0,0.0,0.0,0.0,0.0,0.0,0.0,26296.0,8.0,4732.0,25073.0,8.0,4745.0
20.891703397006495,0.0,0.0,0.0,0.0,0.0,0.0,0.0,0.0,0.0,0.0,0.0,0.0,0.0,26297.0,8.0,4752.0,25074.0,8.0,4765.0
20.911535950988764,0.0,0.0,0.0,0.0,0.0,0.0,0.0,0.0,0.0,0.0,0.0,0.0,0.0,26298.0,8.0,4772.0,25075.0,8.0,4785.0
20.94261603700579,0.0,0.0,0.0,0.0,0.0,0.0,0.0,0.0,0.0,0.0,0.0,0.0,0.0,26300.0,8.0,4812.0,25076.0,8.0,4815.0
20.949623461987358,0.0,0.0,0.0,0.0,0.0,0.0,0.0,0.0,0.0,0.0,0.0,0.0,0.0,26300.0,8.0,4812.0,25077.0,8.0,4822.0
20.97141125999042,0.0,0.0,0.0,0.0,0.0,0.0,0.0,0.0,0.0,0.0,0.0,0.0,0.0,26301.0,8.0,4832.0,25078.0,8.0,4845.0
21.38657148499624,0.0,0.0,0.0,0.0,0.0,0.0,0.0,0.0,0.0,0.0,0.0,0.0,0.0,26302.0,8.0,4852.0,25079.0,8.0,4865.0
21.38683014700655,0.0,0.0,0.0,0.0,0.0,0.0,0.0,0.0,0.0,0.0,0.0,0.0,0.0,26303.0,8.0,4872.0,25080.0,8.0,4885.0
21.38898501699441,0.0,0.0,0.0,0.0,0.0,0.0,0.0,0.0,0.0,0.0,0.0,0.0,0.0,26305.0,8.0,4912.0,25081.0,8.0,4915.0
21.389072600984946,0.0,0.0,0.0,0.0,0.0,0.0,0.0,0.0,0.0,0.0,0.0,0.0,0.0,26307.0,8.0,4952.0,25082.0,8.0,4956.0
21.389130064984784,0.0,0.0,0.0,0.0,0.0,0.0,0.0,0.0,0.0,0.0,0.0,0.0,0.0,26307.0,8.0,4952.0,25083.0,8.0,4963.0
21.389214210998034,0.0,0.0,0.0,0.0,0.0,0.0,0.0,0.0,0.0,0.0,0.0,0.0,0.0,26308.0,8.0,4972.0,25084.0,8.0,4985.0
21.389294838998467,0.0,0.0,0.0,0.0,0.0,0.0,0.0,0.0,0.0,0.0,0.0,0.0,0.0,26309.0,8.0,4992.0,25085.0,8.0,5005.0
21.389474077004706,0.0,0.0,0.0,0.0,0.0,0.0,0.0,0.0,0.0,0.0,0.0,0.0,0.0,26311.0,8.0,5032.0,25086.0,8.0,5035.0
21.38955220900243,0.0,0.0,0.0,0.0,0.0,0.0,0.0,0.0,0.0,0.0,0.0,0.0,0.0,26311.0,8.0,5032.0,25087.0,8.0,5042.0
21.38964106599451,0.0,0.0,0.0,0.0,0.0,0.0,0.0,0.0,0.0,0.0,0.0,0.0,0.0,26312.0,8.0,5052.0,25088.0,8.0,5065.0
21.389718886988703,0.0,0.0,0.0,0.0,0.0,0.0,0.0,0.0,0.0,0.0,0.0,0.0,0.0,26313.0,8.0,5072.0,25089.0,8.0,5085.0
21.38980699199601,0.0,0.0,0.0,0.0,0.0,0.0,0.0,0.0,0.0,0.0,0.0,0.0,0.0,26314.0,8.0,5092.0,25090.0,8.0,5105.0
21.389996273006545,0.0,0.0,0.0,0.0,0.0,0.0,0.0,0.0,0.0,0.0,0.0,0.0,0.0,26316.0,8.0,5132.0,25091.0,8.0,5135.0
21.390075457980856,0.0,0.0,0.0,0.0,0.0,0.0,0.0,0.0,0.0,0.0,0.0,0.0,0.0,26316.0,8.0,5132.0,25092.0,8.0,5142.0
21.390157068002736,0.0,0.0,0.0,0.0,0.0,0.0,0.0,0.0,0.0,0.0,0.0,0.0,0.0,26317.0,8.0,5152.0,25093.0,8.0,5165.0
21.39024706700002,0.0,0.0,0.0,0.0,0.0,0.0,0.0,0.0,0.0,0.0,0.0,0.0,0.0,26318.0,8.0,5172.0,25094.0,8.0,5185.0
21.390323023981182,0.0,0.0,0.0,0.0,0.0,0.0,0.0,0.0,0.0,0.0,0.0,0.0,0.0,26319.0,8.0,5192.0,25095.0,8.0,5205.0
21.3905081859848,0.0,0.0,0.0,0.0,0.0,0.0,0.0,0.0,0.0,0.0,0.0,0.0,0.0,26321.0,8.0,5232.0,25096.0,8.0,5235.0
21.39058421298978,0.0,0.0,0.0,0.0,0.0,0.0,0.0,0.0,0.0,0.0,0.0,0.0,0.0,26321.0,8.0,5232.0,25097.0,8.0,5242.0
21.403020534984535,0.0,0.0,0.0,0.0,0.0,0.0,0.0,0.0,0.0,0.0,0.0,0.0,0.0,26323.0,8.0,5272.0,25098.0,8.0,5275.0
21.408859297982417,0.0,0.0,0.0,0.0,0.0,0.0,0.0,0.0,0.0,0.0,0.0,0.0,0.0,26323.0,8.0,5272.0,25099.0,8.0,5282.0
21.44322390598245,0.0,0.0,0.0,0.0,0.0,0.0,0.0,0.0,0.0,0.0,0.0,0.0,0.0,26325.0,8.0,5312.0,25100.0,8.0,5315.0
21.453012910991674,0.0,0.0,0.0,0.0,0.0,0.0,0.0,0.0,0.0,0.0,0.0,0.0,0.0,26325.0,8.0,5312.0,25101.0,8.0,5327.0
21.47196279797936,0.0,0.0,0.0,0.0,0.0,0.0,0.0,0.0,0.0,0.0,0.0,0.0,0.0,26326.0,8.0,5332.0,25102.0,8.0,5345.0
21.897654921980575,0.0,0.0,0.0,0.0,0.0,0.0,0.0,0.0,0.0,0.0,0.0,0.0,0.0,26327.0,8.0,5352.0,25103.0,8.0,5366.0
21.89781056297943,0.0,0.0,0.0,0.0,0.0,0.0,0.0,0.0,0.0,0.0,0.0,0.0,0.0,26328.0,8.0,5372.0,25104.0,8.0,5385.0
21.89790149399778,0.0,0.0,0.0,0.0,0.0,0.0,0.0,0.0,0.0,0.0,0.0,0.0,0.0,26329.0,8.0,5392.0,25105.0,8.0,5405.0
21.89797075500246,0.0,0.0,0.0,0.0,0.0,0.0,0.0,0.0,0.0,0.0,0.0,0.0,0.0,26331.0,8.0,5432.0,25106.0,8.0,5435.0
21.89803626597859,0.0,0.0,0.0,0.0,0.0,0.0,0.0,0.0,0.0,0.0,0.0,0.0,0.0,26331.0,8.0,5432.0,25107.0,8.0,5442.0
21.898097908997443,0.0,0.0,0.0,0.0,0.0,0.0,0.0,0.0,0.0,0.0,0.0,0.0,0.0,26332.0,8.0,5452.0,25108.0,8.0,5465.0
21.898157547984738,0.0,0.0,0.0,0.0,0.0,0.0,0.0,0.0,0.0,0.0,0.0,0.0,0.0,26333.0,8.0,5472.0,25109.0,8.0,5485.0
21.898219310998684,0.0,0.0,0.0,0.0,0.0,0.0,0.0,0.0,0.0,0.0,0.0,0.0,0.0,26334.0,8.0,5492.0,25110.0,8.0,5505.0
21.89828279800713,0.0,0.0,0.0,0.0,0.0,0.0,0.0,0.0,0.0,0.0,0.0,0.0,0.0,26336.0,8.0,5532.0,25111.0,8.0,5535.0
21.898370151000563,0.0,0.0,0.0,0.0,0.0,0.0,0.0,0.0,0.0,0.0,0.0,0.0,0.0,26336.0,8.0,5532.0,25112.0,8.0,5542.0
21.898457292991225,0.0,0.0,0.0,0.0,0.0,0.0,0.0,0.0,0.0,0.0,0.0,0.0,0.0,26338.0,8.0,5572.0,25113.0,8.0,5576.0
21.89854468498379,0.0,0.0,0.0,0.0,0.0,0.0,0.0,0.0,0.0,0.0,0.0,0.0,0.0,26338.0,8.0,5572.0,25114.0,8.0,5583.0
21.89862995297881,0.0,0.0,0.0,0.0,0.0,0.0,0.0,0.0,0.0,0.0,0.0,0.0,0.0,26339.0,8.0,5592.0,25115.0,8.0,5604.0
21.898793611995643,0.0,0.0,0.0,0.0,0.0,0.0,0.0,0.0,0.0,0.0,0.0,0.0,0.0,26341.0,8.0,5632.0,25116.0,8.0,5635.0
21.89929468400078,0.0,0.0,0.0,0.0,0.0,0.0,0.0,0.0,0.0,0.0,0.0,0.0,0.0,26341.0,8.0,5632.0,25117.0,8.0,5642.0
21.899557583994465,0.0,0.0,0.0,0.0,0.0,0.0,0.0,0.0,0.0,0.0,0.0,0.0,0.0,26343.0,8.0,5672.0,25118.0,8.0,5675.0
21.89962254400598,0.0,0.0,0.0,0.0,0.0,0.0,0.0,0.0,0.0,0.0,0.0,0.0,0.0,26343.0,8.0,5672.0,25119.0,8.0,5682.0
21.899680247996002,0.0,0.0,0.0,0.0,0.0,0.0,0.0,0.0,0.0,0.0,0.0,0.0,0.0,26345.0,8.0,5712.0,25120.0,8.0,5715.0
21.89973506500246,0.0,0.0,0.0,0.0,0.0,0.0,0.0,0.0,0.0,0.0,0.0,0.0,0.0,26345.0,8.0,5712.0,25121.0,8.0,5726.0
21.899789552000584,0.0,0.0,0.0,0.0,0.0,0.0,0.0,0.0,0.0,0.0,0.0,0.0,0.0,26346.0,8.0,5732.0,25122.0,8.0,5745.0
21.899848839006154,0.0,0.0,0.0,0.0,0.0,0.0,0.0,0.0,0.0,0.0,0.0,0.0,0.0,26347.0,8.0,5752.0,25123.0,8.0,5765.0
21.911023367982125,0.0,0.0,0.0,0.0,0.0,0.0,0.0,0.0,0.0,0.0,0.0,0.0,0.0,26348.0,8.0,5772.0,25124.0,8.0,5784.0
21.931644600001164,0.0,0.0,0.0,0.0,0.0,0.0,0.0,0.0,0.0,0.0,0.0,0.0,0.0,26349.0,8.0,5792.0,25125.0,8.0,5805.0
21.962055298994528,0.0,0.0,0.0,0.0,0.0,0.0,0.0,0.0,0.0,0.0,0.0,0.0,0.0,26351.0,8.0,5832.0,25126.0,8.0,5835.0
21.969190562987933,0.0,0.0,0.0,0.0,0.0,0.0,0.0,0.0,0.0,0.0,0.0,0.0,0.0,26351.0,8.0,5832.0,25127.0,8.0,5842.0
22.40563980099978,0.0,0.0,0.0,0.0,0.0,0.0,0.0,0.0,0.0,0.0,0.0,0.0,0.0,26355.0,8.0,5912.0,25130.0,8.0,5915.0
22.405939204996685,0.0,0.0,0.0,0.0,0.0,0.0,0.0,0.0,0.0,0.0,0.0,0.0,0.0,26355.0,8.0,5912.0,25131.0,8.0,5927.0
22.406008014979307,0.0,0.0,0.0,0.0,0.0,0.0,0.0,0.0,0.0,0.0,0.0,0.0,0.0,26356.0,8.0,5932.0,25132.0,8.0,5945.0
22.406067372998223,0.0,0.0,0.0,0.0,0.0,0.0,0.0,0.0,0.0,0.0,0.0,0.0,0.0,26357.0,8.0,5952.0,25133.0,8.0,5965.0
22.40612219000468,0.0,0.0,0.0,0.0,0.0,0.0,0.0,0.0,0.0,0.0,0.0,0.0,0.0,26368.0,8.0,6172.0,25134.0,8.0,6177.0
22.406177066994132,0.0,0.0,0.0,0.0,0.0,0.0,0.0,0.0,0.0,0.0,0.0,0.0,0.0,26368.0,8.0,6172.0,25135.0,8.0,6184.0
22.40623123300611,0.0,0.0,0.0,0.0,0.0,0.0,0.0,0.0,0.0,0.0,0.0,0.0,0.0,26370.0,8.0,6212.0,25136.0,8.0,6215.0
22.40628313299385,0.0,0.0,0.0,0.0,0.0,0.0,0.0,0.0,0.0,0.0,0.0,0.0,0.0,26370.0,8.0,6212.0,25137.0,8.0,6222.0
22.406341778987553,0.0,0.0,0.0,0.0,0.0,0.0,0.0,0.0,0.0,0.0,0.0,0.0,0.0,26371.0,8.0,6232.0,25138.0,8.0,6245.0
22.406395292986417,0.0,0.0,0.0,0.0,0.0,0.0,0.0,0.0,0.0,0.0,0.0,0.0,0.0,26372.0,8.0,6252.0,25139.0,8.0,6265.0
22.415059130988084,0.0,0.0,0.0,0.0,0.0,0.0,0.0,0.0,0.0,0.0,0.0,0.0,0.0,26373.0,8.0,6272.0,25140.0,8.0,6284.0
22.442641872999957,0.0,0.0,0.0,0.0,0.0,0.0,0.0,0.0,0.0,0.0,0.0,0.0,0.0,26375.0,8.0,6312.0,25141.0,8.0,6315.0
22.448416170984274,0.0,0.0,0.0,0.0,0.0,0.0,0.0,0.0,0.0,0.0,0.0,0.0,0.0,26375.0,8.0,6312.0,25142.0,8.0,6321.0
22.48219687398523,0.0,0.0,0.0,0.0,0.0,0.0,0.0,0.0,0.0,0.0,0.0,0.0,0.0,26377.0,8.0,6352.0,25143.0,8.0,6355.0
22.49000181100564,0.0,0.0,0.0,0.0,0.0,0.0,0.0,0.0,0.0,0.0,0.0,0.0,0.0,26377.0,8.0,6352.0,25144.0,8.0,6362.0
22.916526252985932,0.0,0.0,0.0,0.0,0.0,0.0,0.0,0.0,0.0,0.0,0.0,0.0,0.0,26385.0,8.0,6512.0,25151.0,8.0,6515.0
22.916958640998928,0.0,0.0,0.0,0.0,0.0,0.0,0.0,0.0,0.0,0.0,0.0,0.0,0.0,26390.0,8.0,6612.0,25156.0,8.0,6615.0
22.91702761000488,0.0,0.0,0.0,0.0,0.0,0.0,0.0,0.0,0.0,0.0,0.0,0.0,0.0,26390.0,8.0,6612.0,25157.0,8.0,6622.0
22.917086906993063,0.0,0.0,0.0,0.0,0.0,0.0,0.0,0.0,0.0,0.0,0.0,0.0,0.0,26392.0,8.0,6652.0,25158.0,8.0,6655.0
22.9171432069852,0.0,0.0,0.0,0.0,0.0,0.0,0.0,0.0,0.0,0.0,0.0,0.0,0.0,26392.0,8.0,6652.0,25159.0,8.0,6662.0
22.917197531991405,0.0,0.0,0.0,0.0,0.0,0.0,0.0,0.0,0.0,0.0,0.0,0.0,0.0,26393.0,8.0,6672.0,25160.0,8.0,6685.0
22.91725099598989,0.0,0.0,0.0,0.0,0.0,0.0,0.0,0.0,0.0,0.0,0.0,0.0,0.0,26395.0,8.0,6712.0,25161.0,8.0,6715.0
22.917305050999857,0.0,0.0,0.0,0.0,0.0,0.0,0.0,0.0,0.0,0.0,0.0,0.0,0.0,26395.0,8.0,6712.0,25162.0,8.0,6722.0
22.917359154991573,0.0,0.0,0.0,0.0,0.0,0.0,0.0,0.0,0.0,0.0,0.0,0.0,0.0,26396.0,8.0,6732.0,25163.0,8.0,6745.0
22.917411515983986,0.0,0.0,0.0,0.0,0.0,0.0,0.0,0.0,0.0,0.0,0.0,0.0,0.0,26397.0,8.0,6752.0,25164.0,8.0,6765.0
22.91746437799884,0.0,0.0,0.0,0.0,0.0,0.0,0.0,0.0,0.0,0.0,0.0,0.0,0.0,26398.0,8.0,6772.0,25165.0,8.0,6785.0
22.944115905003855,0.0,0.0,0.0,0.0,0.0,0.0,0.0,0.0,0.0,0.0,0.0,0.0,0.0,26400.0,8.0,6812.0,25166.0,8.0,6815.0
22.952524833992356,0.0,0.0,0.0,0.0,0.0,0.0,0.0,0.0,0.0,0.0,0.0,0.0,0.0,26400.0,8.0,6812.0,25167.0,8.0,6822.0
22.974834577995352,0.0,0.0,0.0,0.0,0.0,0.0,0.0,0.0,0.0,0.0,0.0,0.0,0.0,26401.0,8.0,6832.0,25168.0,8.0,6845.0
22.99232843698701,0.0,0.0,0.0,0.0,0.0,0.0,0.0,0.0,0.0,0.0,0.0,0.0,0.0,26402.0,8.0,6852.0,25169.0,8.0,6865.0
23.01228748599533,0.0,0.0,0.0,0.0,0.0,0.0,0.0,0.0,0.0,0.0,0.0,0.0,0.0,26403.0,8.0,6872.0,25170.0,8.0,6885.0
23.429426424001576,0.0,0.0,0.0,0.0,0.0,0.0,0.0,0.0,0.0,0.0,0.0,0.0,0.0,26405.0,8.0,6912.0,25171.0,8.0,6915.0
23.429878566996194,0.0,0.0,0.0,0.0,0.0,0.0,0.0,0.0,0.0,0.0,0.0,0.0,0.0,26405.0,8.0,6912.0,25172.0,8.0,6922.0
23.43013123999117,0.0,0.0,0.0,0.0,0.0,0.0,0.0,0.0,0.0,0.0,0.0,0.0,0.0,26407.0,8.0,6952.0,25173.0,8.0,6956.0
23.43026886798907,0.0,0.0,0.0,0.0,0.0,0.0,0.0,0.0,0.0,0.0,0.0,0.0,0.0,26408.0,8.0,6972.0,25175.0,8.0,6985.0
23.430322742002318,0.0,0.0,0.0,0.0,0.0,0.0,0.0,0.0,0.0,0.0,0.0,0.0,0.0,26410.0,8.0,7012.0,25176.0,8.0,7015.0
23.430375413998263,0.0,0.0,0.0,0.0,0.0,0.0,0.0,0.0,0.0,0.0,0.0,0.0,0.0,26410.0,8.0,7012.0,25177.0,8.0,7022.0
23.430429087980883,0.0,0.0,0.0,0.0,0.0,0.0,0.0,0.0,0.0,0.0,0.0,0.0,0.0,26411.0,8.0,7032.0,25178.0,8.0,7045.0
23.430481658986537,0.0,0.0,0.0,0.0,0.0,0.0,0.0,0.0,0.0,0.0,0.0,0.0,0.0,26412.0,8.0,7052.0,25179.0,8.0,7065.0
23.430532937985845,0.0,0.0,0.0,0.0,0.0,0.0,0.0,0.0,0.0,0.0,0.0,0.0,0.0,26413.0,8.0,7072.0,25180.0,8.0,7085.0
23.43058367498452,0.0,0.0,0.0,0.0,0.0,0.0,0.0,0.0,0.0,0.0,0.0,0.0,0.0,26415.0,8.0,7112.0,25181.0,8.0,7115.0
23.430635002994677,0.0,0.0,0.0,0.0,0.0,0.0,0.0,0.0,0.0,0.0,0.0,0.0,0.0,26415.0,8.0,7112.0,25182.0,8.0,7122.0
23.43068637198303,0.0,0.0,0.0,0.0,0.0,0.0,0.0,0.0,0.0,0.0,0.0,0.0,0.0,26417.0,8.0,7152.0,25183.0,8.0,7155.0
23.430738130991813,0.0,0.0,0.0,0.0,0.0,0.0,0.0,0.0,0.0,0.0,0.0,0.0,0.0,26417.0,8.0,7152.0,25184.0,8.0,7162.0
23.43079031200614,0.0,0.0,0.0,0.0,0.0,0.0,0.0,0.0,0.0,0.0,0.0,0.0,0.0,26419.0,8.0,7192.0,25185.0,8.0,7195.0
23.430850050004665,0.0,0.0,0.0,0.0,0.0,0.0,0.0,0.0,0.0,0.0,0.0,0.0,0.0,26419.0,8.0,7192.0,25186.0,8.0,7206.0
23.430902570980834,0.0,0.0,0.0,0.0,0.0,0.0,0.0,0.0,0.0,0.0,0.0,0.0,0.0,26420.0,8.0,7212.0,25187.0,8.0,7225.0
23.430954249983188,0.0,0.0,0.0,0.0,0.0,0.0,0.0,0.0,0.0,0.0,0.0,0.0,0.0,26421.0,8.0,7232.0,25188.0,8.0,7245.0
23.43100518800202,0.0,0.0,0.0,0.0,0.0,0.0,0.0,0.0,0.0,0.0,0.0,0.0,0.0,26422.0,8.0,7252.0,25189.0,8.0,7265.0
23.431057598994812,0.0,0.0,0.0,0.0,0.0,0.0,0.0,0.0,0.0,0.0,0.0,0.0,0.0,26423.0,8.0,7272.0,25190.0,8.0,7285.0
23.44305367799825,0.0,0.0,0.0,0.0,0.0,0.0,0.0,0.0,0.0,0.0,0.0,0.0,0.0,26425.0,8.0,7312.0,25191.0,8.0,7315.0
23.449605300003896,0.0,0.0,0.0,0.0,0.0,0.0,0.0,0.0,0.0,0.0,0.0,0.0,0.0,26425.0,8.0,7312.0,25192.0,8.0,7322.0
23.472973497991916,0.0,0.0,0.0,0.0,0.0,0.0,0.0,0.0,0.0,0.0,0.0,0.0,0.0,26426.0,8.0,7332.0,25193.0,8.0,7345.0
23.493359992979094,0.0,0.0,0.0,0.0,0.0,0.0,0.0,0.0,0.0,0.0,0.0,0.0,0.0,26427.0,8.0,7352.0,25194.0,8.0,7365.0
23.512603640992893,0.0,0.0,0.0,0.0,0.0,0.0,0.0,0.0,0.0,0.0,0.0,0.0,0.0,26428.0,8.0,7372.0,25195.0,8.0,7385.0
23.936705286003416,0.0,0.0,0.0,0.0,0.0,0.0,0.0,0.0,0.0,0.0,0.0,0.0,0.0,26435.0,8.0,7512.0,25201.0,8.0,7515.0
23.93715585200698,0.0,0.0,0.0,0.0,0.0,0.0,0.0,0.0,0.0,0.0,0.0,0.0,0.0,26438.0,8.0,7572.0,25205.0,8.0,7585.0
23.937385870987782,0.0,0.0,0.0,0.0,0.0,0.0,0.0,0.0,0.0,0.0,0.0,0.0,0.0,26440.0,8.0,7612.0,25206.0,8.0,7615.0
23.937441949994536,0.0,0.0,0.0,0.0,0.0,0.0,0.0,0.0,0.0,0.0,0.0,0.0,0.0,26440.0,8.0,7612.0,25207.0,8.0,7622.0
23.937496153987013,0.0,0.0,0.0,0.0,0.0,0.0,0.0,0.0,0.0,0.0,0.0,0.0,0.0,26442.0,8.0,7652.0,25208.0,8.0,7655.0
23.93754973699106,0.0,0.0,0.0,0.0,0.0,0.0,0.0,0.0,0.0,0.0,0.0,0.0,0.0,26442.0,8.0,7652.0,25209.0,8.0,7662.0
23.937603530997876,0.0,0.0,0.0,0.0,0.0,0.0,0.0,0.0,0.0,0.0,0.0,0.0,0.0,26444.0,8.0,7692.0,25210.0,8.0,7695.0
23.937655560992425,0.0,0.0,0.0,0.0,0.0,0.0,0.0,0.0,0.0,0.0,0.0,0.0,0.0,26444.0,8.0,7692.0,25211.0,8.0,7706.0
23.937708652985748,0.0,0.0,0.0,0.0,0.0,0.0,0.0,0.0,0.0,0.0,0.0,0.0,0.0,26445.0,8.0,7712.0,25212.0,8.0,7725.0
23.937760742002865,0.0,0.0,0.0,0.0,0.0,0.0,0.0,0.0,0.0,0.0,0.0,0.0,0.0,26446.0,8.0,7732.0,25213.0,8.0,7745.0
23.93781646998832,0.0,0.0,0.0,0.0,0.0,0.0,0.0,0.0,0.0,0.0,0.0,0.0,0.0,26447.0,8.0,7752.0,25214.0,8.0,7765.0
23.937957674992504,0.0,0.0,0.0,0.0,0.0,0.0,0.0,0.0,0.0,0.0,0.0,0.0,0.0,26448.0,8.0,7772.0,25215.0,8.0,7785.0
23.942858428985346,0.0,0.0,0.0,0.0,0.0,0.0,0.0,0.0,0.0,0.0,0.0,0.0,0.0,26450.0,8.0,7812.0,25216.0,8.0,7815.0
23.950331695989007,0.0,0.0,0.0,0.0,0.0,0.0,0.0,0.0,0.0,0.0,0.0,0.0,0.0,26450.0,8.0,7812.0,25217.0,8.0,7822.0
23.973192859994015,0.0,0.0,0.0,0.0,0.0,0.0,0.0,0.0,0.0,0.0,0.0,0.0,0.0,26451.0,8.0,7832.0,25218.0,8.0,7845.0
24.002804610005114,0.0,0.0,0.0,0.0,0.0,0.0,0.0,0.0,0.0,0.0,0.0,0.0,0.0,26452.0,8.0,7852.0,25219.0,8.0,7865.0
24.012566546996823,0.0,0.0,0.0,0.0,0.0,0.0,0.0,0.0,0.0,0.0,0.0,0.0,0.0,26453.0,8.0,7872.0,25220.0,8.0,7885.0
24.44722858298337,0.0,0.0,0.0,0.0,0.0,0.0,0.0,0.0,0.0,0.0,0.0,0.0,0.0,26455.0,8.0,7912.0,25221.0,8.0,7915.0
24.447595765988808,0.0,0.0,0.0,0.0,0.0,0.0,0.0,0.0,0.0,0.0,0.0,0.0,0.0,26456.0,8.0,7932.0,25223.0,8.0,7945.0
24.447665005980525,0.0,0.0,0.0,0.0,0.0,0.0,0.0,0.0,0.0,0.0,0.0,0.0,0.0,26457.0,8.0,7952.0,25224.0,8.0,7965.0
24.447723419987597,0.0,0.0,0.0,0.0,0.0,0.0,0.0,0.0,0.0,0.0,0.0,0.0,0.0,26468.0,8.0,8172.0,25225.0,8.0,8176.0
24.447778646979714,0.0,0.0,0.0,0.0,0.0,0.0,0.0,0.0,0.0,0.0,0.0,0.0,0.0,26468.0,8.0,8172.0,25226.0,8.0,8187.0
24.447841480985517,0.0,0.0,0.0,0.0,0.0,0.0,0.0,0.0,0.0,0.0,0.0,0.0,0.0,26469.0,8.0,8192.0,25227.0,8.0,8205.0
24.447902340994915,0.0,0.0,0.0,0.0,0.0,0.0,0.0,0.0,0.0,0.0,0.0,0.0,0.0,26470.0,8.0,8212.0,25228.0,8.0,8225.0
24.447956845979206,0.0,0.0,0.0,0.0,0.0,0.0,0.0,0.0,0.0,0.0,0.0,0.0,0.0,26471.0,8.0,8232.0,25229.0,8.0,8245.0
24.448009807994822,0.0,0.0,0.0,0.0,0.0,0.0,0.0,0.0,0.0,0.0,0.0,0.0,0.0,26472.0,8.0,8252.0,25230.0,8.0,8265.0
24.448063340998488,0.0,0.0,0.0,0.0,0.0,0.0,0.0,0.0,0.0,0.0,0.0,0.0,0.0,26474.0,8.0,8292.0,25231.0,8.0,8295.0
24.448120221990393,0.0,0.0,0.0,0.0,0.0,0.0,0.0,0.0,0.0,0.0,0.0,0.0,0.0,26474.0,8.0,8292.0,25232.0,8.0,8302.0
24.45631387399044,0.0,0.0,0.0,0.0,0.0,0.0,0.0,0.0,0.0,0.0,0.0,0.0,0.0,26475.0,8.0,8312.0,25233.0,8.0,8329.0
24.483852318982827,0.0,0.0,0.0,0.0,0.0,0.0,0.0,0.0,0.0,0.0,0.0,0.0,0.0,26477.0,8.0,8352.0,25234.0,8.0,8355.0
24.4925039439986,0.0,0.0,0.0,0.0,0.0,0.0,0.0,0.0,0.0,0.0,0.0,0.0,0.0,26477.0,8.0,8352.0,25235.0,8.0,8362.0
24.512853316002293,0.0,0.0,0.0,0.0,0.0,0.0,0.0,0.0,0.0,0.0,0.0,0.0,0.0,26478.0,8.0,8372.0,25236.0,8.0,8385.0
24.533672215999104,0.0,0.0,0.0,0.0,0.0,0.0,0.0,0.0,0.0,0.0,0.0,0.0,0.0,26479.0,8.0,8392.0,25237.0,8.0,8405.0
24.959182706981665,0.0,0.0,0.0,0.0,0.0,0.0,0.0,0.0,0.0,0.0,0.0,0.0,0.0,26480.0,8.0,8412.0,25238.0,8.0,8425.0
24.959361144981813,0.0,0.0,0.0,0.0,0.0,0.0,0.0,0.0,0.0,0.0,0.0,0.0,0.0,26481.0,8.0,8432.0,25239.0,8.0,8445.0
24.959431055001915,0.0,0.0,0.0,0.0,0.0,0.0,0.0,0.0,0.0,0.0,0.0,0.0,0.0,26482.0,8.0,8452.0,25240.0,8.0,8465.0
24.95949290698627,0.0,0.0,0.0,0.0,0.0,0.0,0.0,0.0,0.0,0.0,0.0,0.0,0.0,26484.0,8.0,8492.0,25241.0,8.0,8495.0
24.959551701002056,0.0,0.0,0.0,0.0,0.0,0.0,0.0,0.0,0.0,0.0,0.0,0.0,0.0,26484.0,8.0,8492.0,25242.0,8.0,8502.0
24.959608831995865,0.0,0.0,0.0,0.0,0.0,0.0,0.0,0.0,0.0,0.0,0.0,0.0,0.0,26486.0,8.0,8532.0,25243.0,8.0,8535.0
24.959664408990648,0.0,0.0,0.0,0.0,0.0,0.0,0.0,0.0,0.0,0.0,0.0,0.0,0.0,26486.0,8.0,8532.0,25244.0,8.0,8542.0
24.959719915990718,0.0,0.0,0.0,0.0,0.0,0.0,0.0,0.0,0.0,0.0,0.0,0.0,0.0,26487.0,8.0,8552.0,25245.0,8.0,8565.0
24.959774450981058,0.0,0.0,0.0,0.0,0.0,0.0,0.0,0.0,0.0,0.0,0.0,0.0,0.0,26489.0,8.0,8592.0,25246.0,8.0,8595.0
24.95983404800063,0.0,0.0,0.0,0.0,0.0,0.0,0.0,0.0,0.0,0.0,0.0,0.0,0.0,26489.0,8.0,8592.0,25247.0,8.0,8602.0
24.95992136799032,0.0,0.0,0.0,0.0,0.0,0.0,0.0,0.0,0.0,0.0,0.0,0.0,0.0,26490.0,8.0,8612.0,25248.0,8.0,8625.0
24.960004206979647,0.0,0.0,0.0,0.0,0.0,0.0,0.0,0.0,0.0,0.0,0.0,0.0,0.0,26491.0,8.0,8632.0,25249.0,8.0,8645.0
24.96009001400671,0.0,0.0,0.0,0.0,0.0,0.0,0.0,0.0,0.0,0.0,0.0,0.0,0.0,26492.0,8.0,8652.0,25250.0,8.0,8665.0
24.96027171998867,0.0,0.0,0.0,0.0,0.0,0.0,0.0,0.0,0.0,0.0,0.0,0.0,0.0,26494.0,8.0,8692.0,25251.0,8.0,8695.0
24.96036107398686,0.0,0.0,0.0,0.0,0.0,0.0,0.0,0.0,0.0,0.0,0.0,0.0,0.0,26494.0,8.0,8692.0,25252.0,8.0,8702.0
24.960438301000977,0.0,0.0,0.0,0.0,0.0,0.0,0.0,0.0,0.0,0.0,0.0,0.0,0.0,26495.0,8.0,8712.0,25253.0,8.0,8725.0
24.96052526999847,0.0,0.0,0.0,0.0,0.0,0.0,0.0,0.0,0.0,0.0,0.0,0.0,0.0,26496.0,8.0,8732.0,25254.0,8.0,8745.0
24.960625018982682,0.0,0.0,0.0,0.0,0.0,0.0,0.0,0.0,0.0,0.0,0.0,0.0,0.0,26497.0,8.0,8752.0,25255.0,8.0,8765.0
24.960940831981134,0.0,0.0,0.0,0.0,0.0,0.0,0.0,0.0,0.0,0.0,0.0,0.0,0.0,26499.0,8.0,8792.0,25256.0,8.0,8795.0
24.961021216004156,0.0,0.0,0.0,0.0,0.0,0.0,0.0,0.0,0.0,0.0,0.0,0.0,0.0,26499.0,8.0,8792.0,25257.0,8.0,8802.0
24.965336964989547,0.0,0.0,0.0,0.0,0.0,0.0,0.0,0.0,0.0,0.0,0.0,0.0,0.0,26501.0,8.0,8832.0,25258.0,8.0,8835.0
24.97268854500726,0.0,0.0,0.0,0.0,0.0,0.0,0.0,0.0,0.0,0.0,0.0,0.0,0.0,26501.0,8.0,8832.0,25259.0,8.0,8842.0
25.00810365000507,0.0,0.0,0.0,0.0,0.0,0.0,0.0,0.0,0.0,0.0,0.0,0.0,0.0,26503.0,8.0,8872.0,25260.0,8.0,8875.0
25.015485468989937,0.0,0.0,0.0,0.0,0.0,0.0,0.0,0.0,0.0,0.0,0.0,0.0,0.0,26503.0,8.0,8872.0,25261.0,8.0,8886.0
25.032808115996886,0.0,0.0,0.0,0.0,0.0,0.0,0.0,0.0,0.0,0.0,0.0,0.0,0.0,26504.0,8.0,8892.0,25262.0,8.0,8905.0
25.054218018980464,0.0,0.0,0.0,0.0,0.0,0.0,0.0,0.0,0.0,0.0,0.0,0.0,0.0,26505.0,8.0,8912.0,25263.0,8.0,8925.0
25.387655127997277,0.0,0.0,0.0,0.0,0.0,0.0,0.0,0.0,0.0,0.0,0.0,0.0,0.0,26509.0,8.0,8992.0,25266.0,8.0,8995.0
25.387791079992894,0.0,0.0,0.0,0.0,0.0,0.0,0.0,0.0,0.0,0.0,0.0,0.0,0.0,26512.0,8.0,9052.0,25270.0,8.0,9065.0
25.387863935990026,0.0,0.0,0.0,0.0,0.0,0.0,0.0,0.0,0.0,0.0,0.0,0.0,0.0,26514.0,8.0,9092.0,25271.0,8.0,9095.0
25.387928874988575,0.0,0.0,0.0,0.0,0.0,0.0,0.0,0.0,0.0,0.0,0.0,0.0,0.0,26514.0,8.0,9092.0,25272.0,8.0,9102.0
25.387999497004785,0.0,0.0,0.0,0.0,0.0,0.0,0.0,0.0,0.0,0.0,0.0,0.0,0.0,26515.0,8.0,9112.0,25273.0,8.0,9125.0
25.388053870992735,0.0,0.0,0.0,0.0,0.0,0.0,0.0,0.0,0.0,0.0,0.0,0.0,0.0,26516.0,8.0,9132.0,25274.0,8.0,9145.0
25.388115612993715,0.0,0.0,0.0,0.0,0.0,0.0,0.0,0.0,0.0,0.0,0.0,0.0,0.0,26517.0,8.0,9152.0,25275.0,8.0,9165.0
25.388170297985198,0.0,0.0,0.0,0.0,0.0,0.0,0.0,0.0,0.0,0.0,0.0,0.0,0.0,26519.0,8.0,9192.0,25276.0,8.0,9195.0
25.388223779998953,0.0,0.0,0.0,0.0,0.0,0.0,0.0,0.0,0.0,0.0,0.0,0.0,0.0,26519.0,8.0,9192.0,25277.0,8.0,9202.0
25.388277292979183,0.0,0.0,0.0,0.0,0.0,0.0,0.0,0.0,0.0,0.0,0.0,0.0,0.0,26521.0,8.0,9231.0,25278.0,8.0,9235.0
25.388330694986507,0.0,0.0,0.0,0.0,0.0,0.0,0.0,0.0,0.0,0.0,0.0,0.0,0.0,26521.0,8.0,9231.0,25279.0,8.0,9242.0
25.404156233998947,0.0,0.0,0.0,0.0,0.0,0.0,0.0,0.0,0.0,0.0,0.0,0.0,0.0,26523.0,8.0,9272.0,25280.0,8.0,9275.0
25.417355401004897,0.0,0.0,0.0,0.0,0.0,0.0,0.0,0.0,0.0,0.0,0.0,0.0,0.0,26523.0,8.0,9272.0,25281.0,8.0,9287.0
25.43421482600388,0.0,0.0,0.0,0.0,0.0,0.0,0.0,0.0,0.0,0.0,0.0,0.0,0.0,26524.0,8.0,9292.0,25282.0,8.0,9305.0
25.452979042980587,0.0,0.0,0.0,0.0,0.0,0.0,0.0,0.0,0.0,0.0,0.0,0.0,0.0,26525.0,8.0,9312.0,25283.0,8.0,9325.0
25.472830749000423,0.0,0.0,0.0,0.0,0.0,0.0,0.0,0.0,0.0,0.0,0.0,0.0,0.0,26526.0,8.0,9332.0,25284.0,8.0,9345.0
25.49419584000134,0.0,0.0,0.0,0.0,0.0,0.0,0.0,0.0,0.0,0.0,0.0,0.0,0.0,26527.0,8.0,9352.0,25285.0,8.0,9365.0
25.52419219899457,0.0,0.0,0.0,0.0,0.0,0.0,0.0,0.0,0.0,0.0,0.0,0.0,0.0,26529.0,8.0,9392.0,25286.0,8.0,9395.0
25.532926814979874,0.0,0.0,0.0,0.0,0.0,0.0,0.0,0.0,0.0,0.0,0.0,0.0,0.0,26529.0,8.0,9392.0,25287.0,8.0,9402.0
25.565705604996765,0.0,0.0,0.0,0.0,0.0,0.0,0.0,0.0,0.0,0.0,0.0,0.0,0.0,26531.0,8.0,9432.0,25288.0,8.0,9435.0
25.571165704983287,0.0,0.0,0.0,0.0,0.0,0.0,0.0,0.0,0.0,0.0,0.0,0.0,0.0,26531.0,8.0,9432.0,25289.0,8.0,9442.0
25.603495846997248,0.0,0.0,0.0,0.0,0.0,0.0,0.0,0.0,0.0,0.0,0.0,0.0,0.0,26533.0,8.0,9472.0,25290.0,8.0,9475.0
25.61820932099363,0.0,0.0,0.0,0.0,0.0,0.0,0.0,0.0,0.0,0.0,0.0,0.0,0.0,26533.0,8.0,9472.0,25291.0,8.0,9486.0
25.635790970001835,0.0,0.0,0.0,0.0,0.0,0.0,0.0,0.0,0.0,0.0,0.0,0.0,0.0,26534.0,8.0,9492.0,25292.0,8.0,9505.0
25.654704016982578,0.0,0.0,0.0,0.0,0.0,0.0,0.0,0.0,0.0,0.0,0.0,0.0,0.0,26535.0,8.0,9512.0,25293.0,8.0,9525.0
25.673698309983592,0.0,0.0,0.0,0.0,0.0,0.0,0.0,0.0,0.0,0.0,0.0,0.0,0.0,26536.0,8.0,9532.0,25294.0,8.0,9545.0
25.693946563987993,0.0,0.0,0.0,0.0,0.0,0.0,0.0,0.0,0.0,0.0,0.0,0.0,0.0,26537.0,8.0,9552.0,25295.0,8.0,9565.0
25.842436578997876,0.0,0.0,0.0,0.0,0.0,0.0,0.0,0.0,0.0,0.0,0.0,0.0,0.0,26539.0,8.0,9592.0,25296.0,8.0,9595.0
25.842576839990215,0.0,0.0,0.0,0.0,0.0,0.0,0.0,0.0,0.0,0.0,0.0,0.0,0.0,26539.0,8.0,9592.0,25297.0,8.0,9602.0
25.842644624994136,0.0,0.0,0.0,0.0,0.0,0.0,0.0,0.0,0.0,0.0,0.0,0.0,0.0,26541.0,8.0,9632.0,25298.0,8.0,9635.0
25.842703600006644,0.0,0.0,0.0,0.0,0.0,0.0,0.0,0.0,0.0,0.0,0.0,0.0,0.0,26541.0,8.0,9632.0,25299.0,8.0,9642.0
25.84276196398423,0.0,0.0,0.0,0.0,0.0,0.0,0.0,0.0,0.0,0.0,0.0,0.0,0.0,26543.0,8.0,9672.0,25300.0,8.0,9675.0
25.842817230004584,0.0,0.0,0.0,0.0,0.0,0.0,0.0,0.0,0.0,0.0,0.0,0.0,0.0,26543.0,8.0,9672.0,25301.0,8.0,9687.0
25.842879231990082,0.0,0.0,0.0,0.0,0.0,0.0,0.0,0.0,0.0,0.0,0.0,0.0,0.0,26544.0,8.0,9692.0,25302.0,8.0,9705.0
25.854689237981802,0.0,0.0,0.0,0.0,0.0,0.0,0.0,0.0,0.0,0.0,0.0,0.0,0.0,26545.0,8.0,9712.0,25303.0,8.0,9724.0
25.873284954985138,0.0,0.0,0.0,0.0,0.0,0.0,0.0,0.0,0.0,0.0,0.0,0.0,0.0,26546.0,8.0,9732.0,25304.0,8.0,9745.0
25.896962957980577,0.0,0.0,0.0,0.0,0.0,0.0,0.0,0.0,0.0,0.0,0.0,0.0,0.0,26547.0,8.0,9752.0,25305.0,8.0,9765.0
25.92355394398328,0.0,0.0,0.0,0.0,0.0,0.0,0.0,0.0,0.0,0.0,0.0,0.0,0.0,26549.0,8.0,9792.0,25306.0,8.0,9795.0
25.931862583005568,0.0,0.0,0.0,0.0,0.0,0.0,0.0,0.0,0.0,0.0,0.0,0.0,0.0,26549.0,8.0,9792.0,25307.0,8.0,9802.0
26.023173697001766,0.0,0.0,0.0,0.0,0.0,0.0,0.0,0.0,0.0,0.0,0.0,0.0,0.0,26550.0,8.0,9812.0,25308.0,8.0,9825.0
26.023598345986102,0.0,0.0,0.0,0.0,0.0,0.0,0.0,0.0,0.0,0.0,0.0,0.0,0.0,26551.0,8.0,9832.0,25309.0,8.0,9845.0
26.023875727987615,0.0,0.0,0.0,0.0,0.0,0.0,0.0,0.0,0.0,0.0,0.0,0.0,0.0,26552.0,8.0,9852.0,25310.0,8.0,9865.0
26.024111606006045,0.0,0.0,0.0,0.0,0.0,0.0,0.0,0.0,0.0,0.0,0.0,0.0,0.0,26554.0,8.0,9892.0,25311.0,8.0,9895.0
26.056661713984795,0.0,0.0,0.0,0.0,0.0,0.0,0.0,0.0,0.0,0.0,0.0,0.0,0.0,26554.0,8.0,9892.0,25312.0,8.0,9902.0
26.064758941007312,0.0,0.0,0.0,0.0,0.0,0.0,0.0,0.0,0.0,0.0,0.0,0.0,0.0,26556.0,8.0,9932.0,25313.0,8.0,9935.0
26.07053863297915,0.0,0.0,0.0,0.0,0.0,0.0,0.0,0.0,0.0,0.0,0.0,0.0,0.0,26556.0,8.0,9932.0,25314.0,8.0,9942.0
26.104552026983583,0.0,0.0,0.0,0.0,0.0,0.0,0.0,0.0,0.0,0.0,0.0,0.0,0.0,26558.0,8.0,9972.0,25315.0,8.0,9975.0
26.125097234995337,0.0,0.0,0.0,0.0,0.0,0.0,0.0,0.0,0.0,0.0,0.0,0.0,0.0,26559.0,8.0,9992.0,25316.0,8.0,9996.0
26.130596697999863,0.0,0.0,0.0,0.0,0.0,0.0,0.0,0.0,0.0,0.0,0.0,0.0,0.0,26559.0,8.0,9992.0,25317.0,8.0,10003.0
26.15373491900391,0.0,0.0,0.0,0.0,0.0,0.0,0.0,0.0,0.0,0.0,0.0,0.0,0.0,26560.0,8.0,10012.0,25318.0,8.0,10025.0
26.279410928982543,0.0,0.0,0.0,0.0,0.0,0.0,0.0,0.0,0.0,0.0,0.0,0.0,0.0,26561.0,8.0,10032.0,25319.0,8.0,10045.0
26.27980940800626,0.0,0.0,0.0,0.0,0.0,0.0,0.0,0.0,0.0,0.0,0.0,0.0,0.0,26562.0,8.0,10052.0,25320.0,8.0,10065.0
26.27988550098962,0.0,0.0,0.0,0.0,0.0,0.0,0.0,0.0,0.0,0.0,0.0,0.0,0.0,26564.0,8.0,10092.0,25321.0,8.0,10095.0
26.279949165997095,0.0,0.0,0.0,0.0,0.0,0.0,0.0,0.0,0.0,0.0,0.0,0.0,0.0,26564.0,8.0,10092.0,25322.0,8.0,10102.0
26.28000450300169,0.0,0.0,0.0,0.0,0.0,0.0,0.0,0.0,0.0,0.0,0.0,0.0,0.0,26566.0,8.0,10131.0,25323.0,8.0,10135.0
26.280060129996855,0.0,0.0,0.0,0.0,0.0,0.0,0.0,0.0,0.0,0.0,0.0,0.0,0.0,26566.0,8.0,10131.0,25324.0,8.0,10142.0
26.304710380005417,0.0,0.0,0.0,0.0,0.0,0.0,0.0,0.0,0.0,0.0,0.0,0.0,0.0,26568.0,8.0,10172.0,25325.0,8.0,10175.0
26.31514201097889,0.0,0.0,0.0,0.0,0.0,0.0,0.0,0.0,0.0,0.0,0.0,0.0,0.0,26568.0,8.0,10172.0,25326.0,8.0,10186.0
26.336346992990002,0.0,0.0,0.0,0.0,0.0,0.0,0.0,0.0,0.0,0.0,0.0,0.0,0.0,26569.0,8.0,10192.0,25327.0,8.0,10205.0
26.364305046998197,0.0,0.0,0.0,0.0,0.0,0.0,0.0,0.0,0.0,0.0,0.0,0.0,0.0,26570.0,8.0,10212.0,25328.0,8.0,10225.0
26.37458088400308,0.0,0.0,0.0,0.0,0.0,0.0,0.0,0.0,0.0,0.0,0.0,0.0,0.0,26571.0,8.0,10232.0,25329.0,8.0,10245.0
26.50034235799103,0.0,0.0,0.0,0.0,0.0,0.0,0.0,0.0,0.0,0.0,0.0,0.0,0.0,26572.0,8.0,10252.0,25330.0,8.0,10265.0
26.500472685991554,0.0,0.0,0.0,0.0,0.0,0.0,0.0,0.0,0.0,0.0,0.0,0.0,0.0,26574.0,8.0,10292.0,25331.0,8.0,10295.0
26.50053984898841,0.0,0.0,0.0,0.0,0.0,0.0,0.0,0.0,0.0,0.0,0.0,0.0,0.0,26574.0,8.0,10292.0,25332.0,8.0,10302.0
26.50060933700297,0.0,0.0,0.0,0.0,0.0,0.0,0.0,0.0,0.0,0.0,0.0,0.0,0.0,26575.0,8.0,10312.0,25333.0,8.0,10325.0
26.50067002599826,0.0,0.0,0.0,0.0,0.0,0.0,0.0,0.0,0.0,0.0,0.0,0.0,0.0,26576.0,8.0,10332.0,25334.0,8.0,10345.0
26.500725652993424,0.0,0.0,0.0,0.0,0.0,0.0,0.0,0.0,0.0,0.0,0.0,0.0,0.0,26577.0,8.0,10352.0,25335.0,8.0,10365.0
26.523817017005058,0.0,0.0,0.0,0.0,0.0,0.0,0.0,0.0,0.0,0.0,0.0,0.0,0.0,26579.0,8.0,10392.0,25336.0,8.0,10395.0
26.53071908900165,0.0,0.0,0.0,0.0,0.0,0.0,0.0,0.0,0.0,0.0,0.0,0.0,0.0,26579.0,8.0,10392.0,25337.0,8.0,10402.0
26.557431270979578,0.0,0.0,0.0,0.0,0.0,0.0,0.0,0.0,0.0,0.0,0.0,0.0,0.0,26580.0,8.0,10412.0,25338.0,8.0,10425.0
26.57413331398857,0.0,0.0,0.0,0.0,0.0,0.0,0.0,0.0,0.0,0.0,0.0,0.0,0.0,26581.0,8.0,10432.0,25339.0,8.0,10445.0
26.594897490984295,0.0,0.0,0.0,0.0,0.0,0.0,0.0,0.0,0.0,0.0,0.0,0.0,0.0,26582.0,8.0,10452.0,25340.0,8.0,10465.0
26.6245054579922,0.0,0.0,0.0,0.0,0.0,0.0,0.0,0.0,0.0,0.0,0.0,0.0,0.0,26584.0,8.0,10492.0,25341.0,8.0,10495.0
26.718810489983298,0.0,0.0,0.0,0.0,0.0,0.0,0.0,0.0,0.0,0.0,0.0,0.0,0.0,26584.0,8.0,10492.0,25342.0,8.0,10502.0
26.71895309499814,0.0,0.0,0.0,0.0,0.0,0.0,0.0,0.0,0.0,0.0,0.0,0.0,0.0,26585.0,8.0,10512.0,25343.0,8.0,10525.0
26.719020218006335,0.0,0.0,0.0,0.0,0.0,0.0,0.0,0.0,0.0,0.0,0.0,0.0,0.0,26586.0,8.0,10532.0,25344.0,8.0,10545.0
26.7190793530026,0.0,0.0,0.0,0.0,0.0,0.0,0.0,0.0,0.0,0.0,0.0,0.0,0.0,26587.0,8.0,10552.0,25345.0,8.0,10565.0
26.72465445799753,0.0,0.0,0.0,0.0,0.0,0.0,0.0,0.0,0.0,0.0,0.0,0.0,0.0,26589.0,8.0,10592.0,25346.0,8.0,10595.0
26.7308540380036,0.0,0.0,0.0,0.0,0.0,0.0,0.0,0.0,0.0,0.0,0.0,0.0,0.0,26589.0,8.0,10592.0,25347.0,8.0,10602.0
26.75394872998004,0.0,0.0,0.0,0.0,0.0,0.0,0.0,0.0,0.0,0.0,0.0,0.0,0.0,26590.0,8.0,10612.0,25348.0,8.0,10625.0
26.773707574000582,0.0,0.0,0.0,0.0,0.0,0.0,0.0,0.0,0.0,0.0,0.0,0.0,0.0,26591.0,8.0,10632.0,25349.0,8.0,10645.0
26.794318511005258,0.0,0.0,0.0,0.0,0.0,0.0,0.0,0.0,0.0,0.0,0.0,0.0,0.0,26592.0,8.0,10652.0,25350.0,8.0,10665.0
26.89553203698597,0.0,0.0,0.0,0.0,0.0,0.0,0.0,0.0,0.0,0.0,0.0,0.0,0.0,26594.0,8.0,10692.0,25351.0,8.0,10695.0
26.8959961119981,0.0,0.0,0.0,0.0,0.0,0.0,0.0,0.0,0.0,0.0,0.0,0.0,0.0,26594.0,8.0,10692.0,25352.0,8.0,10702.0
26.896207952988334,0.0,0.0,0.0,0.0,0.0,0.0,0.0,0.0,0.0,0.0,0.0,0.0,0.0,26595.0,8.0,10712.0,25353.0,8.0,10725.0
26.89627508597914,0.0,0.0,0.0,0.0,0.0,0.0,0.0,0.0,0.0,0.0,0.0,0.0,0.0,26596.0,8.0,10732.0,25354.0,8.0,10745.0
26.896330942981876,0.0,0.0,0.0,0.0,0.0,0.0,0.0,0.0,0.0,0.0,0.0,0.0,0.0,26597.0,8.0,10752.0,25355.0,8.0,10765.0
26.940072933997726,0.0,0.0,0.0,0.0,0.0,0.0,0.0,0.0,0.0,0.0,0.0,0.0,0.0,26599.0,8.0,10792.0,25356.0,8.0,10795.0
26.940313500992488,0.0,0.0,0.0,0.0,0.0,0.0,0.0,0.0,0.0,0.0,0.0,0.0,0.0,26599.0,8.0,10792.0,25357.0,8.0,10802.0
26.958254594996106,0.0,0.0,0.0,0.0,0.0,0.0,0.0,0.0,0.0,0.0,0.0,0.0,0.0,26600.0,8.0,10812.0,25358.0,8.0,10825.0
26.97381861699978,0.0,0.0,0.0,0.0,0.0,0.0,0.0,0.0,0.0,0.0,0.0,0.0,0.0,26601.0,8.0,10832.0,25359.0,8.0,10845.0
26.995071156998165,0.0,0.0,0.0,0.0,0.0,0.0,0.0,0.0,0.0,0.0,0.0,0.0,0.0,26602.0,8.0,10852.0,25360.0,8.0,10865.0
27.027519169991137,0.0,0.0,0.0,0.0,0.0,0.0,0.0,0.0,0.0,0.0,0.0,0.0,0.0,26604.0,8.0,10892.0,25361.0,8.0,10895.0
27.032270969997626,0.0,0.0,0.0,0.0,0.0,0.0,0.0,0.0,0.0,0.0,0.0,0.0,0.0,26604.0,8.0,10892.0,25362.0,8.0,10902.0
27.16203154300456,0.0,0.0,0.0,0.0,0.0,0.0,0.0,0.0,0.0,0.0,0.0,0.0,0.0,26605.0,8.0,10912.0,25363.0,8.0,10925.0
27.16244924199418,0.0,0.0,0.0,0.0,0.0,0.0,0.0,0.0,0.0,0.0,0.0,0.0,0.0,26606.0,8.0,10932.0,25364.0,8.0,10945.0
27.162704571994254,0.0,0.0,0.0,0.0,0.0,0.0,0.0,0.0,0.0,0.0,0.0,0.0,0.0,26607.0,8.0,10952.0,25365.0,8.0,10965.0
27.162938352994388,0.0,0.0,0.0,0.0,0.0,0.0,0.0,0.0,0.0,0.0,0.0,0.0,0.0,26609.0,8.0,10992.0,25366.0,8.0,10995.0
27.16302751598414,0.0,0.0,0.0,0.0,0.0,0.0,0.0,0.0,0.0,0.0,0.0,0.0,0.0,26609.0,8.0,10992.0,25367.0,8.0,11002.0
27.163559103995794,0.0,0.0,0.0,0.0,0.0,0.0,0.0,0.0,0.0,0.0,0.0,0.0,0.0,26611.0,8.0,11032.0,25368.0,8.0,11034.0
27.17588401498506,0.0,0.0,0.0,0.0,0.0,0.0,0.0,0.0,0.0,0.0,0.0,0.0,0.0,26611.0,8.0,11032.0,25369.0,8.0,11042.0
27.20549932998256,0.0,0.0,0.0,0.0,0.0,0.0,0.0,0.0,0.0,0.0,0.0,0.0,0.0,26613.0,8.0,11072.0,25370.0,8.0,11075.0
27.215424346999498,0.0,0.0,0.0,0.0,0.0,0.0,0.0,0.0,0.0,0.0,0.0,0.0,0.0,26613.0,8.0,11072.0,25371.0,8.0,11087.0
27.23455208798987,0.0,0.0,0.0,0.0,0.0,0.0,0.0,0.0,0.0,0.0,0.0,0.0,0.0,26614.0,8.0,11092.0,25372.0,8.0,11105.0
27.257802598993294,0.0,0.0,0.0,0.0,0.0,0.0,0.0,0.0,0.0,0.0,0.0,0.0,0.0,26615.0,8.0,11112.0,25373.0,8.0,11125.0
27.29013633300201,0.0,0.0,0.0,0.0,0.0,0.0,0.0,0.0,0.0,0.0,0.0,0.0,0.0,26616.0,8.0,11132.0,25374.0,8.0,11145.0
27.363928086997475,0.0,0.0,0.0,0.0,0.0,0.0,0.0,0.0,0.0,0.0,0.0,0.0,0.0,26617.0,8.0,11152.0,25375.0,8.0,11165.0
27.36405556698446,0.0,0.0,0.0,0.0,0.0,0.0,0.0,0.0,0.0,0.0,0.0,0.0,0.0,26619.0,8.0,11192.0,25376.0,8.0,11195.0
27.364122247992782,0.0,0.0,0.0,0.0,0.0,0.0,0.0,0.0,0.0,0.0,0.0,0.0,0.0,26619.0,8.0,11192.0,25377.0,8.0,11202.0
27.364180600998225,0.0,0.0,0.0,0.0,0.0,0.0,0.0,0.0,0.0,0.0,0.0,0.0,0.0,26620.0,8.0,11212.0,25378.0,8.0,11225.0
27.37864290899597,0.0,0.0,0.0,0.0,0.0,0.0,0.0,0.0,0.0,0.0,0.0,0.0,0.0,26621.0,8.0,11232.0,25379.0,8.0,11245.0
27.39395111898193,0.0,0.0,0.0,0.0,0.0,0.0,0.0,0.0,0.0,0.0,0.0,0.0,0.0,26622.0,8.0,11252.0,25380.0,8.0,11265.0
27.42439424598706,0.0,0.0,0.0,0.0,0.0,0.0,0.0,0.0,0.0,0.0,0.0,0.0,0.0,26624.0,8.0,11292.0,25381.0,8.0,11295.0
27.43159284698777,0.0,0.0,0.0,0.0,0.0,0.0,0.0,0.0,0.0,0.0,0.0,0.0,0.0,26624.0,8.0,11292.0,25382.0,8.0,11302.0
27.46801447100006,0.0,0.0,0.0,0.0,0.0,0.0,0.0,0.0,0.0,0.0,0.0,0.0,0.0,26626.0,8.0,11332.0,25383.0,8.0,11335.0
27.472148094995646,0.0,0.0,0.0,0.0,0.0,0.0,0.0,0.0,0.0,0.0,0.0,0.0,0.0,26626.0,8.0,11332.0,25384.0,8.0,11342.0
27.613845757005038,0.0,0.0,0.0,0.0,0.0,0.0,0.0,0.0,0.0,0.0,0.0,0.0,0.0,26628.0,8.0,11371.0,25385.0,8.0,11375.0
27.614234279986704,0.0,0.0,0.0,0.0,0.0,0.0,0.0,0.0,0.0,0.0,0.0,0.0,0.0,26628.0,8.0,11371.0,25386.0,8.0,11387.0
27.614299858978484,0.0,0.0,0.0,0.0,0.0,0.0,0.0,0.0,0.0,0.0,0.0,0.0,0.0,26629.0,8.0,11392.0,25387.0,8.0,11404.0
27.61435667797923,0.0,0.0,0.0,0.0,0.0,0.0,0.0,0.0,0.0,0.0,0.0,0.0,0.0,26630.0,8.0,11412.0,25388.0,8.0,11425.0
27.61441086200648,0.0,0.0,0.0,0.0,0.0,0.0,0.0,0.0,0.0,0.0,0.0,0.0,0.0,26631.0,8.0,11432.0,25389.0,8.0,11445.0
27.61446945500211,0.0,0.0,0.0,0.0,0.0,0.0,0.0,0.0,0.0,0.0,0.0,0.0,0.0,26632.0,8.0,11452.0,25390.0,8.0,11465.0
27.627216313994722,0.0,0.0,0.0,0.0,0.0,0.0,0.0,0.0,0.0,0.0,0.0,0.0,0.0,26634.0,8.0,11492.0,25391.0,8.0,11495.0
27.634568883979227,0.0,0.0,0.0,0.0,0.0,0.0,0.0,0.0,0.0,0.0,0.0,0.0,0.0,26634.0,8.0,11492.0,25392.0,8.0,11503.0
27.65472033197875,0.0,0.0,0.0,0.0,0.0,0.0,0.0,0.0,0.0,0.0,0.0,0.0,0.0,26635.0,8.0,11512.0,25393.0,8.0,11525.0
27.673303875984857,0.0,0.0,0.0,0.0,0.0,0.0,0.0,0.0,0.0,0.0,0.0,0.0,0.0,26636.0,8.0,11532.0,25394.0,8.0,11544.0
27.695723368000472,0.0,0.0,0.0,0.0,0.0,0.0,0.0,0.0,0.0,0.0,0.0,0.0,0.0,26637.0,8.0,11552.0,25395.0,8.0,11565.0
27.812703093979508,0.0,0.0,0.0,0.0,0.0,0.0,0.0,0.0,0.0,0.0,0.0,0.0,0.0,26639.0,8.0,11592.0,25396.0,8.0,11595.0
27.812806418980472,0.0,0.0,0.0,0.0,0.0,0.0,0.0,0.0,0.0,0.0,0.0,0.0,0.0,26639.0,8.0,11592.0,25397.0,8.0,11602.0
27.812878622993594,0.0,0.0,0.0,0.0,0.0,0.0,0.0,0.0,0.0,0.0,0.0,0.0,0.0,26640.0,8.0,11612.0,25398.0,8.0,11625.0
27.81293950197869,0.0,0.0,0.0,0.0,0.0,0.0,0.0,0.0,0.0,0.0,0.0,0.0,0.0,26641.0,8.0,11632.0,25399.0,8.0,11645.0
27.812994637002703,0.0,0.0,0.0,0.0,0.0,0.0,0.0,0.0,0.0,0.0,0.0,0.0,0.0,26642.0,8.0,11652.0,25400.0,8.0,11665.0
27.825109890982276,0.0,0.0,0.0,0.0,0.0,0.0,0.0,0.0,0.0,0.0,0.0,0.0,0.0,26644.0,8.0,11692.0,25401.0,8.0,11695.0
27.831312927999534,0.0,0.0,0.0,0.0,0.0,0.0,0.0,0.0,0.0,0.0,0.0,0.0,0.0,26644.0,8.0,11692.0,25402.0,8.0,11702.0
27.855680809007026,0.0,0.0,0.0,0.0,0.0,0.0,0.0,0.0,0.0,0.0,0.0,0.0,0.0,26645.0,8.0,11712.0,25403.0,8.0,11725.0
27.876438085979316,0.0,0.0,0.0,0.0,0.0,0.0,0.0,0.0,0.0,0.0,0.0,0.0,0.0,26646.0,8.0,11732.0,25404.0,8.0,11745.0
27.894167955993908,0.0,0.0,0.0,0.0,0.0,0.0,0.0,0.0,0.0,0.0,0.0,0.0,0.0,26647.0,8.0,11752.0,25405.0,8.0,11765.0
27.924901992984815,0.0,0.0,0.0,0.0,0.0,0.0,0.0,0.0,0.0,0.0,0.0,0.0,0.0,26649.0,8.0,11792.0,25406.0,8.0,11795.0
27.942013292980846,0.0,0.0,0.0,0.0,0.0,0.0,0.0,0.0,0.0,0.0,0.0,0.0,0.0,26649.0,8.0,11792.0,25407.0,8.0,11802.0
28.222497076989384,0.0,0.0,0.0,0.0,0.0,0.0,0.0,0.0,0.0,0.0,0.0,0.0,0.0,26650.0,8.0,11812.0,25408.0,8.0,11825.0
28.222671170980902,0.0,0.0,0.0,0.0,0.0,0.0,0.0,0.0,0.0,0.0,0.0,0.0,0.0,26651.0,8.0,11832.0,25409.0,8.0,11845.0
28.22274267298053,0.0,0.0,0.0,0.0,0.0,0.0,0.0,0.0,0.0,0.0,0.0,0.0,0.0,26652.0,8.0,11852.0,25410.0,8.0,11865.0
28.258439230994554,0.0,0.0,0.0,0.0,0.0,0.0,0.0,0.0,0.0,0.0,0.0,0.0,0.0,26654.0,8.0,11892.0,25411.0,8.0,11895.0
28.258555884996895,0.0,0.0,0.0,0.0,0.0,0.0,0.0,0.0,0.0,0.0,0.0,0.0,0.0,26654.0,8.0,11892.0,25412.0,8.0,11902.0
28.258630122989416,0.0,0.0,0.0,0.0,0.0,0.0,0.0,0.0,0.0,0.0,0.0,0.0,0.0,26655.0,8.0,11912.0,25413.0,8.0,11925.0
28.258692614996107,0.0,0.0,0.0,0.0,0.0,0.0,0.0,0.0,0.0,0.0,0.0,0.0,0.0,26656.0,8.0,11932.0,25414.0,8.0,11945.0
28.25875665998319,0.0,0.0,0.0,0.0,0.0,0.0,0.0,0.0,0.0,0.0,0.0,0.0,0.0,26657.0,8.0,11952.0,25415.0,8.0,11965.0
28.258875008003088,0.0,0.0,0.0,0.0,0.0,0.0,0.0,0.0,0.0,0.0,0.0,0.0,0.0,26659.0,8.0,11992.0,25416.0,8.0,11995.0
28.27183666799101,0.0,0.0,0.0,0.0,0.0,0.0,0.0,0.0,0.0,0.0,0.0,0.0,0.0,26666.0,8.0,12132.0,25417.0,8.0,12142.0
28.294374889985193,0.0,0.0,0.0,0.0,0.0,0.0,0.0,0.0,0.0,0.0,0.0,0.0,0.0,26667.0,8.0,12152.0,25418.0,8.0,12165.0
28.31442874498316,0.0,0.0,0.0,0.0,0.0,0.0,0.0,0.0,0.0,0.0,0.0,0.0,0.0,26668.0,8.0,12172.0,25419.0,8.0,12185.0
28.33338326899684,0.0,0.0,0.0,0.0,0.0,0.0,0.0,0.0,0.0,0.0,0.0,0.0,0.0,26669.0,8.0,12192.0,25420.0,8.0,12205.0
28.4458115749876,0.0,0.0,0.0,0.0,0.0,0.0,0.0,0.0,0.0,0.0,0.0,0.0,0.0,26671.0,8.0,12232.0,25421.0,8.0,12235.0
28.446198861987796,0.0,0.0,0.0,0.0,0.0,0.0,0.0,0.0,0.0,0.0,0.0,0.0,0.0,26671.0,8.0,12232.0,25422.0,8.0,12242.0
28.446490061993245,0.0,0.0,0.0,0.0,0.0,0.0,0.0,0.0,0.0,0.0,0.0,0.0,0.0,26672.0,8.0,12252.0,25423.0,8.0,12265.0
28.446739856997738,0.0,0.0,0.0,0.0,0.0,0.0,0.0,0.0,0.0,0.0,0.0,0.0,0.0,26673.0,8.0,12272.0,25424.0,8.0,12285.0
28.44691616698401,0.0,0.0,0.0,0.0,0.0,0.0,0.0,0.0,0.0,0.0,0.0,0.0,0.0,26674.0,8.0,12292.0,25425.0,8.0,12305.0
28.481289546994958,0.0,0.0,0.0,0.0,0.0,0.0,0.0,0.0,0.0,0.0,0.0,0.0,0.0,26676.0,8.0,12332.0,25426.0,8.0,12335.0
28.481663162994664,0.0,0.0,0.0,0.0,0.0,0.0,0.0,0.0,0.0,0.0,0.0,0.0,0.0,26676.0,8.0,12332.0,25427.0,8.0,12342.0
28.49477244800073,0.0,0.0,0.0,0.0,0.0,0.0,0.0,0.0,0.0,0.0,0.0,0.0,0.0,26677.0,8.0,12352.0,25428.0,8.0,12365.0
28.514558005001163,0.0,0.0,0.0,0.0,0.0,0.0,0.0,0.0,0.0,0.0,0.0,0.0,0.0,26678.0,8.0,12372.0,25429.0,8.0,12385.0
28.534308642992983,0.0,0.0,0.0,0.0,0.0,0.0,0.0,0.0,0.0,0.0,0.0,0.0,0.0,26679.0,8.0,12392.0,25430.0,8.0,12405.0
28.565249537990894,0.0,0.0,0.0,0.0,0.0,0.0,0.0,0.0,0.0,0.0,0.0,0.0,0.0,26681.0,8.0,12432.0,25431.0,8.0,12435.0
28.57184491699445,0.0,0.0,0.0,0.0,0.0,0.0,0.0,0.0,0.0,0.0,0.0,0.0,0.0,26681.0,8.0,12432.0,25432.0,8.0,12442.0
28.61334149297909,0.0,0.0,0.0,0.0,0.0,0.0,0.0,0.0,0.0,0.0,0.0,0.0,0.0,26682.0,8.0,12452.0,25433.0,8.0,12464.0
28.69895080997958,0.0,0.0,0.0,0.0,0.0,0.0,0.0,0.0,0.0,0.0,0.0,0.0,0.0,26683.0,8.0,12472.0,25434.0,8.0,12485.0
28.699326520989416,0.0,0.0,0.0,0.0,0.0,0.0,0.0,0.0,0.0,0.0,0.0,0.0,0.0,26684.0,8.0,12492.0,25435.0,8.0,12505.0
28.699522926006466,0.0,0.0,0.0,0.0,0.0,0.0,0.0,0.0,0.0,0.0,0.0,0.0,0.0,26686.0,8.0,12532.0,25436.0,8.0,12535.0
28.69958602800034,0.0,0.0,0.0,0.0,0.0,0.0,0.0,0.0,0.0,0.0,0.0,0.0,0.0,26686.0,8.0,12532.0,25437.0,8.0,12542.0
28.699645362998126,0.0,0.0,0.0,0.0,0.0,0.0,0.0,0.0,0.0,0.0,0.0,0.0,0.0,26687.0,8.0,12552.0,25438.0,8.0,12565.0
28.71594056399772,0.0,0.0,0.0,0.0,0.0,0.0,0.0,0.0,0.0,0.0,0.0,0.0,0.0,26688.0,8.0,12572.0,25439.0,8.0,12585.0
28.73468684699037,0.0,0.0,0.0,0.0,0.0,0.0,0.0,0.0,0.0,0.0,0.0,0.0,0.0,26689.0,8.0,12592.0,25440.0,8.0,12605.0
28.7664781579806,0.0,0.0,0.0,0.0,0.0,0.0,0.0,0.0,0.0,0.0,0.0,0.0,0.0,26691.0,8.0,12632.0,25441.0,8.0,12635.0
28.771497517998796,0.0,0.0,0.0,0.0,0.0,0.0,0.0,0.0,0.0,0.0,0.0,0.0,0.0,26691.0,8.0,12632.0,25442.0,8.0,12642.0
28.798005631979322,0.0,0.0,0.0,0.0,0.0,0.0,0.0,0.0,0.0,0.0,0.0,0.0,0.0,26692.0,8.0,12652.0,25443.0,8.0,12665.0
28.919046750990674,0.0,0.0,0.0,0.0,0.0,0.0,0.0,0.0,0.0,0.0,0.0,0.0,0.0,26693.0,8.0,12672.0,25444.0,8.0,12685.0
28.919168616004754,0.0,0.0,0.0,0.0,0.0,0.0,0.0,0.0,0.0,0.0,0.0,0.0,0.0,26694.0,8.0,12692.0,25445.0,8.0,12705.0
28.91924557997845,0.0,0.0,0.0,0.0,0.0,0.0,0.0,0.0,0.0,0.0,0.0,0.0,0.0,26696.0,8.0,12732.0,25446.0,8.0,12735.0
28.91931467599352,0.0,0.0,0.0,0.0,0.0,0.0,0.0,0.0,0.0,0.0,0.0,0.0,0.0,26696.0,8.0,12732.0,25447.0,8.0,12743.0
28.91937679599505,0.0,0.0,0.0,0.0,0.0,0.0,0.0,0.0,0.0,0.0,0.0,0.0,0.0,26697.0,8.0,12752.0,25448.0,8.0,12765.0
28.926988713996252,0.0,0.0,0.0,0.0,0.0,0.0,0.0,0.0,0.0,0.0,0.0,0.0,0.0,26698.0,8.0,12772.0,25449.0,8.0,12785.0
28.935466116992757,0.0,0.0,0.0,0.0,0.0,0.0,0.0,0.0,0.0,0.0,0.0,0.0,0.0,26699.0,8.0,12792.0,25450.0,8.0,12805.0
28.96925110599841,0.0,0.0,0.0,0.0,0.0,0.0,0.0,0.0,0.0,0.0,0.0,0.0,0.0,26701.0,8.0,12832.0,25451.0,8.0,12835.0
28.973241225990932,0.0,0.0,0.0,0.0,0.0,0.0,0.0,0.0,0.0,0.0,0.0,0.0,0.0,26701.0,8.0,12832.0,25452.0,8.0,12843.0
28.996640052006114,0.0,0.0,0.0,0.0,0.0,0.0,0.0,0.0,0.0,0.0,0.0,0.0,0.0,26702.0,8.0,12852.0,25453.0,8.0,12865.0
29.01826392998919,0.0,0.0,0.0,0.0,0.0,0.0,0.0,0.0,0.0,0.0,0.0,0.0,0.0,26703.0,8.0,12872.0,25454.0,8.0,12885.0
29.138532986980863,0.0,0.0,0.0,0.0,0.0,0.0,0.0,0.0,0.0,0.0,0.0,0.0,0.0,26704.0,8.0,12892.0,25455.0,8.0,12905.0
29.13864601199748,0.0,0.0,0.0,0.0,0.0,0.0,0.0,0.0,0.0,0.0,0.0,0.0,0.0,26706.0,8.0,12932.0,25456.0,8.0,12935.0
29.138903332990594,0.0,0.0,0.0,0.0,0.0,0.0,0.0,0.0,0.0,0.0,0.0,0.0,0.0,26706.0,8.0,12932.0,25457.0,8.0,12942.0
29.13912321999669,0.0,0.0,0.0,0.0,0.0,0.0,0.0,0.0,0.0,0.0,0.0,0.0,0.0,26707.0,8.0,12952.0,25458.0,8.0,12965.0
29.13920696900459,0.0,0.0,0.0,0.0,0.0,0.0,0.0,0.0,0.0,0.0,0.0,0.0,0.0,26708.0,8.0,12972.0,25459.0,8.0,12985.0
29.13927138398867,0.0,0.0,0.0,0.0,0.0,0.0,0.0,0.0,0.0,0.0,0.0,0.0,0.0,26709.0,8.0,12992.0,25460.0,8.0,13005.0
29.165062421991024,0.0,0.0,0.0,0.0,0.0,0.0,0.0,0.0,0.0,0.0,0.0,0.0,0.0,26711.0,8.0,13032.0,25461.0,8.0,13035.0
29.17438143500476,0.0,0.0,0.0,0.0,0.0,0.0,0.0,0.0,0.0,0.0,0.0,0.0,0.0,26711.0,8.0,13032.0,25462.0,8.0,13042.0
29.194953728991095,0.0,0.0,0.0,0.0,0.0,0.0,0.0,0.0,0.0,0.0,0.0,0.0,0.0,26712.0,8.0,13052.0,25463.0,8.0,13065.0
29.214681807003217,0.0,0.0,0.0,0.0,0.0,0.0,0.0,0.0,0.0,0.0,0.0,0.0,0.0,26713.0,8.0,13072.0,25464.0,8.0,13085.0
29.234533223003382,0.0,0.0,0.0,0.0,0.0,0.0,0.0,0.0,0.0,0.0,0.0,0.0,0.0,26714.0,8.0,13092.0,25465.0,8.0,13105.0
29.3383666559821,0.0,0.0,0.0,0.0,0.0,0.0,0.0,0.0,0.0,0.0,0.0,0.0,0.0,26716.0,8.0,13132.0,25466.0,8.0,13135.0
29.338522959005786,0.0,0.0,0.0,0.0,0.0,0.0,0.0,0.0,0.0,0.0,0.0,0.0,0.0,26716.0,8.0,13132.0,25467.0,8.0,13142.0
29.33859538298566,0.0,0.0,0.0,0.0,0.0,0.0,0.0,0.0,0.0,0.0,0.0,0.0,0.0,26717.0,8.0,13152.0,25468.0,8.0,13165.0
29.338654495979426,0.0,0.0,0.0,0.0,0.0,0.0,0.0,0.0,0.0,0.0,0.0,0.0,0.0,26718.0,8.0,13172.0,25469.0,8.0,13185.0
29.33871226699557,0.0,0.0,0.0,0.0,0.0,0.0,0.0,0.0,0.0,0.0,0.0,0.0,0.0,26719.0,8.0,13192.0,25470.0,8.0,13205.0
29.368272324994905,0.0,0.0,0.0,0.0,0.0,0.0,0.0,0.0,0.0,0.0,0.0,0.0,0.0,26721.0,8.0,13232.0,25471.0,8.0,13235.0
29.373043598985532,0.0,0.0,0.0,0.0,0.0,0.0,0.0,0.0,0.0,0.0,0.0,0.0,0.0,26721.0,8.0,13232.0,25472.0,8.0,13242.0
29.394897677993868,0.0,0.0,0.0,0.0,0.0,0.0,0.0,0.0,0.0,0.0,0.0,0.0,0.0,26722.0,8.0,13252.0,25473.0,8.0,13265.0
29.418336904986063,0.0,0.0,0.0,0.0,0.0,0.0,0.0,0.0,0.0,0.0,0.0,0.0,0.0,26723.0,8.0,13272.0,25474.0,8.0,13284.0
29.437202073982917,0.0,0.0,0.0,0.0,0.0,0.0,0.0,0.0,0.0,0.0,0.0,0.0,0.0,26724.0,8.0,13292.0,25475.0,8.0,13305.0
29.521174199006055,0.0,0.0,0.0,0.0,0.0,0.0,0.0,0.0,0.0,0.0,0.0,0.0,0.0,26726.0,8.0,13332.0,25476.0,8.0,13335.0
29.521364538988564,0.0,0.0,0.0,0.0,0.0,0.0,0.0,0.0,0.0,0.0,0.0,0.0,0.0,26726.0,8.0,13332.0,25477.0,8.0,13342.0
29.521427942003356,0.0,0.0,0.0,0.0,0.0,0.0,0.0,0.0,0.0,0.0,0.0,0.0,0.0,26727.0,8.0,13352.0,25478.0,8.0,13365.0
29.52148510099505,0.0,0.0,0.0,0.0,0.0,0.0,0.0,0.0,0.0,0.0,0.0,0.0,0.0,26728.0,8.0,13372.0,25479.0,8.0,13385.0
29.582172828988405,0.0,0.0,0.0,0.0,0.0,0.0,0.0,0.0,0.0,0.0,0.0,0.0,0.0,26729.0,8.0,13392.0,25480.0,8.0,13405.0
29.582467283995356,0.0,0.0,0.0,0.0,0.0,0.0,0.0,0.0,0.0,0.0,0.0,0.0,0.0,26731.0,8.0,13432.0,25481.0,8.0,13435.0
29.582530245999806,0.0,0.0,0.0,0.0,0.0,0.0,0.0,0.0,0.0,0.0,0.0,0.0,0.0,26731.0,8.0,13432.0,25482.0,8.0,13442.0
29.594684510986554,0.0,0.0,0.0,0.0,0.0,0.0,0.0,0.0,0.0,0.0,0.0,0.0,0.0,26732.0,8.0,13452.0,25483.0,8.0,13465.0
29.617521748994477,0.0,0.0,0.0,0.0,0.0,0.0,0.0,0.0,0.0,0.0,0.0,0.0,0.0,26733.0,8.0,13472.0,25484.0,8.0,13485.0
29.636908124986803,0.0,0.0,0.0,0.0,0.0,0.0,0.0,0.0,0.0,0.0,0.0,0.0,0.0,26734.0,8.0,13492.0,25485.0,8.0,13505.0
29.667460584983928,0.0,0.0,0.0,0.0,0.0,0.0,0.0,0.0,0.0,0.0,0.0,0.0,0.0,26736.0,8.0,13532.0,25486.0,8.0,13535.0
29.672708173980936,0.0,0.0,0.0,0.0,0.0,0.0,0.0,0.0,0.0,0.0,0.0,0.0,0.0,26736.0,8.0,13532.0,25487.0,8.0,13542.0
29.745143879990792,0.0,0.0,0.0,0.0,0.0,0.0,0.0,0.0,0.0,0.0,0.0,0.0,0.0,26737.0,8.0,13552.0,25488.0,8.0,13565.0
29.745319024979835,0.0,0.0,0.0,0.0,0.0,0.0,0.0,0.0,0.0,0.0,0.0,0.0,0.0,26738.0,8.0,13572.0,25489.0,8.0,13585.0
29.745388462004485,0.0,0.0,0.0,0.0,0.0,0.0,0.0,0.0,0.0,0.0,0.0,0.0,0.0,26739.0,8.0,13592.0,25490.0,8.0,13604.0
29.799920299003134,0.0,0.0,0.0,0.0,0.0,0.0,0.0,0.0,0.0,0.0,0.0,0.0,0.0,26741.0,8.0,13632.0,25491.0,8.0,13635.0
29.800113434990635,0.0,0.0,0.0,0.0,0.0,0.0,0.0,0.0,0.0,0.0,0.0,0.0,0.0,26741.0,8.0,13632.0,25492.0,8.0,13642.0
29.800182100007078,0.0,0.0,0.0,0.0,0.0,0.0,0.0,0.0,0.0,0.0,0.0,0.0,0.0,26742.0,8.0,13652.0,25493.0,8.0,13665.0
29.81609215599019,0.0,0.0,0.0,0.0,0.0,0.0,0.0,0.0,0.0,0.0,0.0,0.0,0.0,26743.0,8.0,13672.0,25494.0,8.0,13685.0
29.839778410998406,0.0,0.0,0.0,0.0,0.0,0.0,0.0,0.0,0.0,0.0,0.0,0.0,0.0,26744.0,8.0,13692.0,25495.0,8.0,13705.0
29.8667860669957,0.0,0.0,0.0,0.0,0.0,0.0,0.0,0.0,0.0,0.0,0.0,0.0,0.0,26746.0,8.0,13732.0,25496.0,8.0,13735.0
29.87399072397966,0.0,0.0,0.0,0.0,0.0,0.0,0.0,0.0,0.0,0.0,0.0,0.0,0.0,26746.0,8.0,13732.0,25497.0,8.0,13742.0
29.89632250298746,0.0,0.0,0.0,0.0,0.0,0.0,0.0,0.0,0.0,0.0,0.0,0.0,0.0,26747.0,8.0,13752.0,25498.0,8.0,13765.0
29.963818647986045,0.0,0.0,0.0,0.0,0.0,0.0,0.0,0.0,0.0,0.0,0.0,0.0,0.0,26748.0,8.0,13772.0,25499.0,8.0,13785.0
29.963984710979275,0.0,0.0,0.0,0.0,0.0,0.0,0.0,0.0,0.0,0.0,0.0,0.0,0.0,26749.0,8.0,13792.0,25500.0,8.0,13805.0
30.028985076991376,0.0,0.0,0.0,0.0,0.0,0.0,0.0,0.0,0.0,0.0,0.0,0.0,0.0,26751.0,8.0,13832.0,25501.0,8.0,13835.0
30.029408108995995,0.0,0.0,0.0,0.0,0.0,0.0,0.0,0.0,0.0,0.0,0.0,0.0,0.0,26751.0,8.0,13832.0,25502.0,8.0,13842.0
30.02951641299296,0.0,0.0,0.0,0.0,0.0,0.0,0.0,0.0,0.0,0.0,0.0,0.0,0.0,26752.0,8.0,13852.0,25503.0,8.0,13866.0
30.029575777007267,0.0,0.0,0.0,0.0,0.0,0.0,0.0,0.0,0.0,0.0,0.0,0.0,0.0,26753.0,8.0,13872.0,25504.0,8.0,13885.0
30.035103080997942,0.0,0.0,0.0,0.0,0.0,0.0,0.0,0.0,0.0,0.0,0.0,0.0,0.0,26754.0,8.0,13892.0,25505.0,8.0,13905.0
30.06840432700119,0.0,0.0,0.0,0.0,0.0,0.0,0.0,0.0,0.0,0.0,0.0,0.0,0.0,26756.0,8.0,13932.0,25506.0,8.0,13935.0
30.07207932099118,0.0,0.0,0.0,0.0,0.0,0.0,0.0,0.0,0.0,0.0,0.0,0.0,0.0,26756.0,8.0,13932.0,25507.0,8.0,13942.0
30.106172450003214,0.0,0.0,0.0,0.0,0.0,0.0,0.0,0.0,0.0,0.0,0.0,0.0,0.0,26757.0,8.0,13952.0,25508.0,8.0,13965.0
30.115257044002647,0.0,0.0,0.0,0.0,0.0,0.0,0.0,0.0,0.0,0.0,0.0,0.0,0.0,26758.0,8.0,13972.0,25509.0,8.0,13985.0
30.240085169003578,0.0,0.0,0.0,0.0,0.0,0.0,0.0,0.0,0.0,0.0,0.0,0.0,0.0,26759.0,8.0,13992.0,25510.0,8.0,14005.0
30.254230595979607,0.0,0.0,0.0,0.0,0.0,0.0,0.0,0.0,0.0,0.0,0.0,0.0,0.0,26765.0,8.0,14112.0,25511.0,8.0,14123.0
30.27689807099523,0.0,0.0,0.0,0.0,0.0,0.0,0.0,0.0,0.0,0.0,0.0,0.0,0.0,26766.0,8.0,14132.0,25512.0,8.0,14145.0
30.29789879298187,0.0,0.0,0.0,0.0,0.0,0.0,0.0,0.0,0.0,0.0,0.0,0.0,0.0,26767.0,8.0,14152.0,25513.0,8.0,14165.0
30.317118635983206,0.0,0.0,0.0,0.0,0.0,0.0,0.0,0.0,0.0,0.0,0.0,0.0,0.0,26768.0,8.0,14172.0,25514.0,8.0,14185.0
30.339510730991606,0.0,0.0,0.0,0.0,0.0,0.0,0.0,0.0,0.0,0.0,0.0,0.0,0.0,26769.0,8.0,14192.0,25515.0,8.0,14205.0
30.46007341198856,0.0,0.0,0.0,0.0,0.0,0.0,0.0,0.0,0.0,0.0,0.0,0.0,0.0,26771.0,8.0,14232.0,25516.0,8.0,14235.0
30.460227178002242,0.0,0.0,0.0,0.0,0.0,0.0,0.0,0.0,0.0,0.0,0.0,0.0,0.0,26771.0,8.0,14232.0,25517.0,8.0,14242.0
30.460296534001827,0.0,0.0,0.0,0.0,0.0,0.0,0.0,0.0,0.0,0.0,0.0,0.0,0.0,26773.0,8.0,14272.0,25518.0,8.0,14275.0
30.460355827992316,0.0,0.0,0.0,0.0,0.0,0.0,0.0,0.0,0.0,0.0,0.0,0.0,0.0,26773.0,8.0,14272.0,25519.0,8.0,14282.0
30.460413256980246,0.0,0.0,0.0,0.0,0.0,0.0,0.0,0.0,0.0,0.0,0.0,0.0,0.0,26774.0,8.0,14292.0,25520.0,8.0,14305.0
30.467650089995004,0.0,0.0,0.0,0.0,0.0,0.0,0.0,0.0,0.0,0.0,0.0,0.0,0.0,26776.0,8.0,14332.0,25521.0,8.0,14335.0
30.473842623003293,0.0,0.0,0.0,0.0,0.0,0.0,0.0,0.0,0.0,0.0,0.0,0.0,0.0,26776.0,8.0,14332.0,25522.0,8.0,14342.0
30.506756846996723,0.0,0.0,0.0,0.0,0.0,0.0,0.0,0.0,0.0,0.0,0.0,0.0,0.0,26778.0,8.0,14372.0,25523.0,8.0,14375.0
30.51305079800659,0.0,0.0,0.0,0.0,0.0,0.0,0.0,0.0,0.0,0.0,0.0,0.0,0.0,26778.0,8.0,14372.0,25524.0,8.0,14382.0
30.545842477004044,0.0,0.0,0.0,0.0,0.0,0.0,0.0,0.0,0.0,0.0,0.0,0.0,0.0,26780.0,8.0,14411.0,25525.0,8.0,14415.0
30.5580423240026,0.0,0.0,0.0,0.0,0.0,0.0,0.0,0.0,0.0,0.0,0.0,0.0,0.0,26780.0,8.0,14411.0,25526.0,8.0,14427.0
30.68034244698356,0.0,0.0,0.0,0.0,0.0,0.0,0.0,0.0,0.0,0.0,0.0,0.0,0.0,26781.0,8.0,14432.0,25527.0,8.0,14445.0
30.680758323986083,0.0,0.0,0.0,0.0,0.0,0.0,0.0,0.0,0.0,0.0,0.0,0.0,0.0,26782.0,8.0,14452.0,25528.0,8.0,14465.0
30.6809785089863,0.0,0.0,0.0,0.0,0.0,0.0,0.0,0.0,0.0,0.0,0.0,0.0,0.0,26783.0,8.0,14472.0,25529.0,8.0,14485.0
30.681040067982394,0.0,0.0,0.0,0.0,0.0,0.0,0.0,0.0,0.0,0.0,0.0,0.0,0.0,26784.0,8.0,14492.0,25530.0,8.0,14505.0
30.681094992003636,0.0,0.0,0.0,0.0,0.0,0.0,0.0,0.0,0.0,0.0,0.0,0.0,0.0,26786.0,8.0,14532.0,25531.0,8.0,14535.0
30.681148621981265,0.0,0.0,0.0,0.0,0.0,0.0,0.0,0.0,0.0,0.0,0.0,0.0,0.0,26786.0,8.0,14532.0,25532.0,8.0,14542.0
30.695120849995874,0.0,0.0,0.0,0.0,0.0,0.0,0.0,0.0,0.0,0.0,0.0,0.0,0.0,26787.0,8.0,14552.0,25533.0,8.0,14565.0
30.71539787299116,0.0,0.0,0.0,0.0,0.0,0.0,0.0,0.0,0.0,0.0,0.0,0.0,0.0,26788.0,8.0,14572.0,25534.0,8.0,14585.0
30.73804833900067,0.0,0.0,0.0,0.0,0.0,0.0,0.0,0.0,0.0,0.0,0.0,0.0,0.0,26789.0,8.0,14592.0,25535.0,8.0,14605.0
30.76683668498299,0.0,0.0,0.0,0.0,0.0,0.0,0.0,0.0,0.0,0.0,0.0,0.0,0.0,26791.0,8.0,14632.0,25536.0,8.0,14635.0
30.77259660299751,0.0,0.0,0.0,0.0,0.0,0.0,0.0,0.0,0.0,0.0,0.0,0.0,0.0,26791.0,8.0,14632.0,25537.0,8.0,14642.0
30.901288449997082,0.0,0.0,0.0,0.0,0.0,0.0,0.0,0.0,0.0,0.0,0.0,0.0,0.0,26793.0,8.0,14672.0,25538.0,8.0,14675.0
30.901519167993683,0.0,0.0,0.0,0.0,0.0,0.0,0.0,0.0,0.0,0.0,0.0,0.0,0.0,26793.0,8.0,14672.0,25539.0,8.0,14682.0
30.90159396600211,0.0,0.0,0.0,0.0,0.0,0.0,0.0,0.0,0.0,0.0,0.0,0.0,0.0,26795.0,8.0,14712.0,25540.0,8.0,14715.0
30.90165841099224,0.0,0.0,0.0,0.0,0.0,0.0,0.0,0.0,0.0,0.0,0.0,0.0,0.0,26795.0,8.0,14712.0,25541.0,8.0,14726.0
30.901712642982602,0.0,0.0,0.0,0.0,0.0,0.0,0.0,0.0,0.0,0.0,0.0,0.0,0.0,26796.0,8.0,14732.0,25542.0,8.0,14745.0
30.90176517999498,0.0,0.0,0.0,0.0,0.0,0.0,0.0,0.0,0.0,0.0,0.0,0.0,0.0,26797.0,8.0,14752.0,25543.0,8.0,14765.0
30.91528888497851,0.0,0.0,0.0,0.0,0.0,0.0,0.0,0.0,0.0,0.0,0.0,0.0,0.0,26798.0,8.0,14772.0,25544.0,8.0,14785.0
30.937294853007188,0.0,0.0,0.0,0.0,0.0,0.0,0.0,0.0,0.0,0.0,0.0,0.0,0.0,26799.0,8.0,14792.0,25545.0,8.0,14805.0
30.96695383498445,0.0,0.0,0.0,0.0,0.0,0.0,0.0,0.0,0.0,0.0,0.0,0.0,0.0,26801.0,8.0,14832.0,25546.0,8.0,14835.0
30.973946434998652,0.0,0.0,0.0,0.0,0.0,0.0,0.0,0.0,0.0,0.0,0.0,0.0,0.0,26801.0,8.0,14832.0,25547.0,8.0,14842.0
31.121112538996385,0.0,0.0,0.0,0.0,0.0,0.0,0.0,0.0,0.0,0.0,0.0,0.0,0.0,26803.0,8.0,14872.0,25548.0,8.0,14875.0
31.12125927899615,0.0,0.0,0.0,0.0,0.0,0.0,0.0,0.0,0.0,0.0,0.0,0.0,0.0,26803.0,8.0,14872.0,25549.0,8.0,14882.0
31.12132395399385,0.0,0.0,0.0,0.0,0.0,0.0,0.0,0.0,0.0,0.0,0.0,0.0,0.0,26804.0,8.0,14892.0,25550.0,8.0,14905.0
31.12138167300145,0.0,0.0,0.0,0.0,0.0,0.0,0.0,0.0,0.0,0.0,0.0,0.0,0.0,26806.0,8.0,14932.0,25551.0,8.0,14935.0
31.121437288005836,0.0,0.0,0.0,0.0,0.0,0.0,0.0,0.0,0.0,0.0,0.0,0.0,0.0,26806.0,8.0,14932.0,25552.0,8.0,14942.0
31.12149259299622,0.0,0.0,0.0,0.0,0.0,0.0,0.0,0.0,0.0,0.0,0.0,0.0,0.0,26807.0,8.0,14952.0,25553.0,8.0,14965.0
31.1446826600004,0.0,0.0,0.0,0.0,0.0,0.0,0.0,0.0,0.0,0.0,0.0,0.0,0.0,26809.0,8.0,14992.0,25554.0,8.0,15004.0
31.158362374000717,0.0,0.0,0.0,0.0,0.0,0.0,0.0,0.0,0.0,0.0,0.0,0.0,0.0,26810.0,8.0,15012.0,25555.0,8.0,15025.0
31.185661436989903,0.0,0.0,0.0,0.0,0.0,0.0,0.0,0.0,0.0,0.0,0.0,0.0,0.0,26812.0,8.0,15052.0,25556.0,8.0,15055.0
31.192799944983562,0.0,0.0,0.0,0.0,0.0,0.0,0.0,0.0,0.0,0.0,0.0,0.0,0.0,26812.0,8.0,15052.0,25557.0,8.0,15062.0
31.225506518996553,0.0,0.0,0.0,0.0,0.0,0.0,0.0,0.0,0.0,0.0,0.0,0.0,0.0,26814.0,8.0,15092.0,25558.0,8.0,15095.0
31.63584623299539,0.0,0.0,0.0,0.0,0.0,0.0,0.0,0.0,0.0,0.0,0.0,0.0,0.0,26824.0,8.0,15292.0,25569.0,8.0,15305.0
31.63618865198805,0.0,0.0,0.0,0.0,0.0,0.0,0.0,0.0,0.0,0.0,0.0,0.0,0.0,26825.0,8.0,15312.0,25570.0,8.0,15325.0
31.636259972001426,0.0,0.0,0.0,0.0,0.0,0.0,0.0,0.0,0.0,0.0,0.0,0.0,0.0,26827.0,8.0,15352.0,25571.0,8.0,15355.0
31.636321359983413,0.0,0.0,0.0,0.0,0.0,0.0,0.0,0.0,0.0,0.0,0.0,0.0,0.0,26827.0,8.0,15352.0,25572.0,8.0,15362.0
31.636380191979697,0.0,0.0,0.0,0.0,0.0,0.0,0.0,0.0,0.0,0.0,0.0,0.0,0.0,26828.0,8.0,15372.0,25573.0,8.0,15385.0
31.636436587985372,0.0,0.0,0.0,0.0,0.0,0.0,0.0,0.0,0.0,0.0,0.0,0.0,0.0,26829.0,8.0,15392.0,25574.0,8.0,15405.0
31.636492043006,0.0,0.0,0.0,0.0,0.0,0.0,0.0,0.0,0.0,0.0,0.0,0.0,0.0,26830.0,8.0,15412.0,25575.0,8.0,15425.0
31.636546003981493,0.0,0.0,0.0,0.0,0.0,0.0,0.0,0.0,0.0,0.0,0.0,0.0,0.0,26832.0,8.0,15452.0,25576.0,8.0,15457.0
31.636600797006395,0.0,0.0,0.0,0.0,0.0,0.0,0.0,0.0,0.0,0.0,0.0,0.0,0.0,26832.0,8.0,15452.0,25577.0,8.0,15463.0
31.636655338981654,0.0,0.0,0.0,0.0,0.0,0.0,0.0,0.0,0.0,0.0,0.0,0.0,0.0,26833.0,8.0,15472.0,25578.0,8.0,15485.0
31.63925484599895,0.0,0.0,0.0,0.0,0.0,0.0,0.0,0.0,0.0,0.0,0.0,0.0,0.0,26834.0,8.0,15492.0,25579.0,8.0,15505.0
31.659899958991446,0.0,0.0,0.0,0.0,0.0,0.0,0.0,0.0,0.0,0.0,0.0,0.0,0.0,26835.0,8.0,15512.0,25580.0,8.0,15525.0
31.686227731988765,0.0,0.0,0.0,0.0,0.0,0.0,0.0,0.0,0.0,0.0,0.0,0.0,0.0,26837.0,8.0,15552.0,25581.0,8.0,15555.0
31.6950964340067,0.0,0.0,0.0,0.0,0.0,0.0,0.0,0.0,0.0,0.0,0.0,0.0,0.0,26837.0,8.0,15552.0,25582.0,8.0,15562.0
31.725469419005094,0.0,0.0,0.0,0.0,0.0,0.0,0.0,0.0,0.0,0.0,0.0,0.0,0.0,26839.0,8.0,15592.0,25583.0,8.0,15595.0
31.73388312998577,0.0,0.0,0.0,0.0,0.0,0.0,0.0,0.0,0.0,0.0,0.0,0.0,0.0,26839.0,8.0,15592.0,25584.0,8.0,15602.0
32.14974347699899,0.0,0.0,0.0,0.0,0.0,0.0,0.0,0.0,0.0,0.0,0.0,0.0,0.0,26841.0,8.0,15632.0,25585.0,8.0,15635.0
32.150240469985874,0.0,0.0,0.0,0.0,0.0,0.0,0.0,0.0,0.0,0.0,0.0,0.0,0.0,26841.0,8.0,15632.0,25586.0,8.0,15646.0
32.15032214298844,0.0,0.0,0.0,0.0,0.0,0.0,0.0,0.0,0.0,0.0,0.0,0.0,0.0,26842.0,8.0,15652.0,25587.0,8.0,15665.0
32.15038974399795,0.0,0.0,0.0,0.0,0.0,0.0,0.0,0.0,0.0,0.0,0.0,0.0,0.0,26843.0,8.0,15672.0,25588.0,8.0,15685.0
32.150450821005506,0.0,0.0,0.0,0.0,0.0,0.0,0.0,0.0,0.0,0.0,0.0,0.0,0.0,26844.0,8.0,15692.0,25589.0,8.0,15705.0
32.150511516985716,0.0,0.0,0.0,0.0,0.0,0.0,0.0,0.0,0.0,0.0,0.0,0.0,0.0,26845.0,8.0,15712.0,25590.0,8.0,15725.0
32.15057344498928,0.0,0.0,0.0,0.0,0.0,0.0,0.0,0.0,0.0,0.0,0.0,0.0,0.0,26847.0,8.0,15752.0,25591.0,8.0,15755.0
32.150632717995904,0.0,0.0,0.0,0.0,0.0,0.0,0.0,0.0,0.0,0.0,0.0,0.0,0.0,26847.0,8.0,15752.0,25592.0,8.0,15762.0
32.15068850299576,0.0,0.0,0.0,0.0,0.0,0.0,0.0,0.0,0.0,0.0,0.0,0.0,0.0,26848.0,8.0,15772.0,25593.0,8.0,15785.0
32.150748999003554,0.0,0.0,0.0,0.0,0.0,0.0,0.0,0.0,0.0,0.0,0.0,0.0,0.0,26849.0,8.0,15792.0,25594.0,8.0,15805.0
32.15080338998814,0.0,0.0,0.0,0.0,0.0,0.0,0.0,0.0,0.0,0.0,0.0,0.0,0.0,26850.0,8.0,15812.0,25595.0,8.0,15825.0
32.15086557000177,0.0,0.0,0.0,0.0,0.0,0.0,0.0,0.0,0.0,0.0,0.0,0.0,0.0,26852.0,8.0,15852.0,25596.0,8.0,15855.0
32.15092667599674,0.0,0.0,0.0,0.0,0.0,0.0,0.0,0.0,0.0,0.0,0.0,0.0,0.0,26852.0,8.0,15852.0,25597.0,8.0,15863.0
32.15098313300405,0.0,0.0,0.0,0.0,0.0,0.0,0.0,0.0,0.0,0.0,0.0,0.0,0.0,26853.0,8.0,15872.0,25598.0,8.0,15885.0
32.15103633198305,0.0,0.0,0.0,0.0,0.0,0.0,0.0,0.0,0.0,0.0,0.0,0.0,0.0,26854.0,8.0,15892.0,25599.0,8.0,15905.0
32.15108742599841,0.0,0.0,0.0,0.0,0.0,0.0,0.0,0.0,0.0,0.0,0.0,0.0,0.0,26855.0,8.0,15912.0,25600.0,8.0,15925.0
32.15114399298909,0.0,0.0,0.0,0.0,0.0,0.0,0.0,0.0,0.0,0.0,0.0,0.0,0.0,26857.0,8.0,15952.0,25601.0,8.0,15957.0
32.151201040978776,0.0,0.0,0.0,0.0,0.0,0.0,0.0,0.0,0.0,0.0,0.0,0.0,0.0,26857.0,8.0,15952.0,25602.0,8.0,15964.0
32.15125922099105,0.0,0.0,0.0,0.0,0.0,0.0,0.0,0.0,0.0,0.0,0.0,0.0,0.0,26858.0,8.0,15972.0,25603.0,8.0,15985.0
32.15134514399688,0.0,0.0,0.0,0.0,0.0,0.0,0.0,0.0,0.0,0.0,0.0,0.0,0.0,26859.0,8.0,15992.0,25604.0,8.0,16005.0
32.15730783698382,0.0,0.0,0.0,0.0,0.0,0.0,0.0,0.0,0.0,0.0,0.0,0.0,0.0,26860.0,8.0,16012.0,25605.0,8.0,16025.0
32.17560069198953,0.0,0.0,0.0,0.0,0.0,0.0,0.0,0.0,0.0,0.0,0.0,0.0,0.0,26861.0,8.0,16032.0,25606.0,8.0,16042.0
32.19617584900698,0.0,0.0,0.0,0.0,0.0,0.0,0.0,0.0,0.0,0.0,0.0,0.0,0.0,26862.0,8.0,16052.0,25607.0,8.0,16065.0
32.21800124499714,0.0,0.0,0.0,0.0,0.0,0.0,0.0,0.0,0.0,0.0,0.0,0.0,0.0,26863.0,8.0,16072.0,25608.0,8.0,16085.0
32.23702703198069,0.0,0.0,0.0,0.0,0.0,0.0,0.0,0.0,0.0,0.0,0.0,0.0,0.0,26864.0,8.0,16092.0,25609.0,8.0,16105.0
32.51316158499685,0.0,0.0,0.0,0.0,0.0,0.0,0.0,0.0,0.0,0.0,0.0,0.0,0.0,26865.0,8.0,16112.0,25610.0,8.0,16125.0
32.54008899698965,0.0,0.0,0.0,0.0,0.0,0.0,0.0,0.0,0.0,0.0,0.0,0.0,0.0,26867.0,8.0,16152.0,25611.0,8.0,16155.0
32.54173109398107,0.0,0.0,0.0,0.0,0.0,0.0,0.0,0.0,0.0,0.0,0.0,0.0,0.0,26867.0,8.0,16152.0,25612.0,8.0,16162.0
32.54185019098804,0.0,0.0,0.0,0.0,0.0,0.0,0.0,0.0,0.0,0.0,0.0,0.0,0.0,26868.0,8.0,16172.0,25613.0,8.0,16185.0
32.541983139002696,0.0,0.0,0.0,0.0,0.0,0.0,0.0,0.0,0.0,0.0,0.0,0.0,0.0,26869.0,8.0,16192.0,25614.0,8.0,16205.0
32.54213661199901,0.0,0.0,0.0,0.0,0.0,0.0,0.0,0.0,0.0,0.0,0.0,0.0,0.0,26870.0,8.0,16212.0,25615.0,8.0,16225.0
32.54250582898385,0.0,0.0,0.0,0.0,0.0,0.0,0.0,0.0,0.0,0.0,0.0,0.0,0.0,26872.0,8.0,16252.0,25616.0,8.0,16255.0
32.56484269100474,0.0,0.0,0.0,0.0,0.0,0.0,0.0,0.0,0.0,0.0,0.0,0.0,0.0,26872.0,8.0,16252.0,25617.0,8.0,16262.0
32.56499528198037,0.0,0.0,0.0,0.0,0.0,0.0,0.0,0.0,0.0,0.0,0.0,0.0,0.0,26874.0,8.0,16292.0,25618.0,8.0,16295.0
32.56506231299136,0.0,0.0,0.0,0.0,0.0,0.0,0.0,0.0,0.0,0.0,0.0,0.0,0.0,26874.0,8.0,16292.0,25619.0,8.0,16302.0
32.57676369699766,0.0,0.0,0.0,0.0,0.0,0.0,0.0,0.0,0.0,0.0,0.0,0.0,0.0,26875.0,8.0,16312.0,25620.0,8.0,16325.0
32.64925304200733,0.0,0.0,0.0,0.0,0.0,0.0,0.0,0.0,0.0,0.0,0.0,0.0,0.0,26877.0,8.0,16352.0,25621.0,8.0,16355.0
32.649528187990654,0.0,0.0,0.0,0.0,0.0,0.0,0.0,0.0,0.0,0.0,0.0,0.0,0.0,26877.0,8.0,16352.0,25622.0,8.0,16361.0
32.64959510799963,0.0,0.0,0.0,0.0,0.0,0.0,0.0,0.0,0.0,0.0,0.0,0.0,0.0,26879.0,8.0,16392.0,25623.0,8.0,16394.0
32.64965465100249,0.0,0.0,0.0,0.0,0.0,0.0,0.0,0.0,0.0,0.0,0.0,0.0,0.0,26879.0,8.0,16392.0,25624.0,8.0,16402.0
32.64970967400586,0.0,0.0,0.0,0.0,0.0,0.0,0.0,0.0,0.0,0.0,0.0,0.0,0.0,26881.0,8.0,16432.0,25625.0,8.0,16435.0
32.650153267983114,0.0,0.0,0.0,0.0,0.0,0.0,0.0,0.0,0.0,0.0,0.0,0.0,0.0,26881.0,8.0,16432.0,25626.0,8.0,16445.0
32.65034617998754,0.0,0.0,0.0,0.0,0.0,0.0,0.0,0.0,0.0,0.0,0.0,0.0,0.0,26882.0,8.0,16452.0,25627.0,8.0,16465.0
32.65071429399541,0.0,0.0,0.0,0.0,0.0,0.0,0.0,0.0,0.0,0.0,0.0,0.0,0.0,26883.0,8.0,16472.0,25628.0,8.0,16485.0
32.650902424997184,0.0,0.0,0.0,0.0,0.0,0.0,0.0,0.0,0.0,0.0,0.0,0.0,0.0,26884.0,8.0,16492.0,25629.0,8.0,16505.0
32.656691548996605,0.0,0.0,0.0,0.0,0.0,0.0,0.0,0.0,0.0,0.0,0.0,0.0,0.0,26885.0,8.0,16512.0,25630.0,8.0,16524.0
32.69116132199997,0.0,0.0,0.0,0.0,0.0,0.0,0.0,0.0,0.0,0.0,0.0,0.0,0.0,26887.0,8.0,16552.0,25631.0,8.0,16555.0
32.692891726997914,0.0,0.0,0.0,0.0,0.0,0.0,0.0,0.0,0.0,0.0,0.0,0.0,0.0,26887.0,8.0,16552.0,25632.0,8.0,16562.0
32.72755289799534,0.0,0.0,0.0,0.0,0.0,0.0,0.0,0.0,0.0,0.0,0.0,0.0,0.0,26889.0,8.0,16592.0,25633.0,8.0,16595.0
32.732905835990096,0.0,0.0,0.0,0.0,0.0,0.0,0.0,0.0,0.0,0.0,0.0,0.0,0.0,26889.0,8.0,16592.0,25634.0,8.0,16602.0
33.162790498987306,0.0,0.0,0.0,0.0,0.0,0.0,0.0,0.0,0.0,0.0,0.0,0.0,0.0,26891.0,8.0,16632.0,25635.0,8.0,16635.0
33.163080266007455,0.0,0.0,0.0,0.0,0.0,0.0,0.0,0.0,0.0,0.0,0.0,0.0,0.0,26891.0,8.0,16632.0,25636.0,8.0,16647.0
33.163151696004206,0.0,0.0,0.0,0.0,0.0,0.0,0.0,0.0,0.0,0.0,0.0,0.0,0.0,26892.0,8.0,16652.0,25637.0,8.0,16665.0
33.163214775995584,0.0,0.0,0.0,0.0,0.0,0.0,0.0,0.0,0.0,0.0,0.0,0.0,0.0,26893.0,8.0,16672.0,25638.0,8.0,16685.0
33.163270060002105,0.0,0.0,0.0,0.0,0.0,0.0,0.0,0.0,0.0,0.0,0.0,0.0,0.0,26894.0,8.0,16692.0,25639.0,8.0,16705.0
33.16332291800063,0.0,0.0,0.0,0.0,0.0,0.0,0.0,0.0,0.0,0.0,0.0,0.0,0.0,26895.0,8.0,16712.0,25640.0,8.0,16725.0
33.16337521499372,0.0,0.0,0.0,0.0,0.0,0.0,0.0,0.0,0.0,0.0,0.0,0.0,0.0,26897.0,8.0,16752.0,25641.0,8.0,16755.0
33.163427291001426,0.0,0.0,0.0,0.0,0.0,0.0,0.0,0.0,0.0,0.0,0.0,0.0,0.0,26897.0,8.0,16752.0,25642.0,8.0,16762.0
33.16347898700042,0.0,0.0,0.0,0.0,0.0,0.0,0.0,0.0,0.0,0.0,0.0,0.0,0.0,26898.0,8.0,16772.0,25643.0,8.0,16785.0
33.16353116297978,0.0,0.0,0.0,0.0,0.0,0.0,0.0,0.0,0.0,0.0,0.0,0.0,0.0,26899.0,8.0,16792.0,25644.0,8.0,16805.0
33.16358459298499,0.0,0.0,0.0,0.0,0.0,0.0,0.0,0.0,0.0,0.0,0.0,0.0,0.0,26900.0,8.0,16812.0,25645.0,8.0,16825.0
33.16363690898288,0.0,0.0,0.0,0.0,0.0,0.0,0.0,0.0,0.0,0.0,0.0,0.0,0.0,26902.0,8.0,16852.0,25646.0,8.0,16856.0
33.16374949098099,0.0,0.0,0.0,0.0,0.0,0.0,0.0,0.0,0.0,0.0,0.0,0.0,0.0,26902.0,8.0,16852.0,25647.0,8.0,16863.0
33.1638940339908,0.0,0.0,0.0,0.0,0.0,0.0,0.0,0.0,0.0,0.0,0.0,0.0,0.0,26903.0,8.0,16872.0,25648.0,8.0,16885.0
33.16405650699744,0.0,0.0,0.0,0.0,0.0,0.0,0.0,0.0,0.0,0.0,0.0,0.0,0.0,26904.0,8.0,16892.0,25649.0,8.0,16905.0
33.164202913991176,0.0,0.0,0.0,0.0,0.0,0.0,0.0,0.0,0.0,0.0,0.0,0.0,0.0,26905.0,8.0,16912.0,25650.0,8.0,16925.0
33.16455412900541,0.0,0.0,0.0,0.0,0.0,0.0,0.0,0.0,0.0,0.0,0.0,0.0,0.0,26907.0,8.0,16952.0,25651.0,8.0,16956.0
33.16470150797977,0.0,0.0,0.0,0.0,0.0,0.0,0.0,0.0,0.0,0.0,0.0,0.0,0.0,26907.0,8.0,16952.0,25652.0,8.0,16964.0
33.164853366994066,0.0,0.0,0.0,0.0,0.0,0.0,0.0,0.0,0.0,0.0,0.0,0.0,0.0,26908.0,8.0,16972.0,25653.0,8.0,16985.0
33.16501766399597,0.0,0.0,0.0,0.0,0.0,0.0,0.0,0.0,0.0,0.0,0.0,0.0,0.0,26909.0,8.0,16992.0,25654.0,8.0,17005.0
33.16516572498949,0.0,0.0,0.0,0.0,0.0,0.0,0.0,0.0,0.0,0.0,0.0,0.0,0.0,26910.0,8.0,17012.0,25655.0,8.0,17025.0
33.186219308001455,0.0,0.0,0.0,0.0,0.0,0.0,0.0,0.0,0.0,0.0,0.0,0.0,0.0,26912.0,8.0,17052.0,25656.0,8.0,17055.0
33.19312248899951,0.0,0.0,0.0,0.0,0.0,0.0,0.0,0.0,0.0,0.0,0.0,0.0,0.0,26912.0,8.0,17052.0,25657.0,8.0,17062.0
33.22158441200736,0.0,0.0,0.0,0.0,0.0,0.0,0.0,0.0,0.0,0.0,0.0,0.0,0.0,26913.0,8.0,17072.0,25658.0,8.0,17085.0
33.23741120900377,0.0,0.0,0.0,0.0,0.0,0.0,0.0,0.0,0.0,0.0,0.0,0.0,0.0,26914.0,8.0,17092.0,25659.0,8.0,17105.0
33.255682055983925,0.0,0.0,0.0,0.0,0.0,0.0,0.0,0.0,0.0,0.0,0.0,0.0,0.0,26915.0,8.0,17112.0,25660.0,8.0,17125.0
33.672867546003545,0.0,0.0,0.0,0.0,0.0,0.0,0.0,0.0,0.0,0.0,0.0,0.0,0.0,26917.0,8.0,17152.0,25661.0,8.0,17155.0
33.673084399983054,0.0,0.0,0.0,0.0,0.0,0.0,0.0,0.0,0.0,0.0,0.0,0.0,0.0,26920.0,8.0,17212.0,25665.0,8.0,17225.0
33.67318063499988,0.0,0.0,0.0,0.0,0.0,0.0,0.0,0.0,0.0,0.0,0.0,0.0,0.0,26922.0,8.0,17252.0,25666.0,8.0,17255.0
33.6732620469993,0.0,0.0,0.0,0.0,0.0,0.0,0.0,0.0,0.0,0.0,0.0,0.0,0.0,26922.0,8.0,17252.0,25667.0,8.0,17262.0
33.67333710499224,0.0,0.0,0.0,0.0,0.0,0.0,0.0,0.0,0.0,0.0,0.0,0.0,0.0,26923.0,8.0,17272.0,25668.0,8.0,17285.0
33.67341678298544,0.0,0.0,0.0,0.0,0.0,0.0,0.0,0.0,0.0,0.0,0.0,0.0,0.0,26924.0,8.0,17292.0,25669.0,8.0,17305.0
33.673493965005036,0.0,0.0,0.0,0.0,0.0,0.0,0.0,0.0,0.0,0.0,0.0,0.0,0.0,26925.0,8.0,17312.0,25670.0,8.0,17325.0
33.67357626897865,0.0,0.0,0.0,0.0,0.0,0.0,0.0,0.0,0.0,0.0,0.0,0.0,0.0,26927.0,8.0,17352.0,25671.0,8.0,17355.0
33.67366410497925,0.0,0.0,0.0,0.0,0.0,0.0,0.0,0.0,0.0,0.0,0.0,0.0,0.0,26927.0,8.0,17352.0,25672.0,8.0,17362.0
33.6737465490005,0.0,0.0,0.0,0.0,0.0,0.0,0.0,0.0,0.0,0.0,0.0,0.0,0.0,26929.0,8.0,17392.0,25673.0,8.0,17395.0
33.673821136006154,0.0,0.0,0.0,0.0,0.0,0.0,0.0,0.0,0.0,0.0,0.0,0.0,0.0,26929.0,8.0,17392.0,25674.0,8.0,17402.0
33.67391799198231,0.0,0.0,0.0,0.0,0.0,0.0,0.0,0.0,0.0,0.0,0.0,0.0,0.0,26931.0,8.0,17432.0,25675.0,8.0,17435.0
33.67400214000372,0.0,0.0,0.0,0.0,0.0,0.0,0.0,0.0,0.0,0.0,0.0,0.0,0.0,26931.0,8.0,17432.0,25676.0,8.0,17446.0
33.674082850979175,0.0,0.0,0.0,0.0,0.0,0.0,0.0,0.0,0.0,0.0,0.0,0.0,0.0,26932.0,8.0,17452.0,25677.0,8.0,17465.0
33.67416253898409,0.0,0.0,0.0,0.0,0.0,0.0,0.0,0.0,0.0,0.0,0.0,0.0,0.0,26933.0,8.0,17472.0,25678.0,8.0,17485.0
33.674239490006585,0.0,0.0,0.0,0.0,0.0,0.0,0.0,0.0,0.0,0.0,0.0,0.0,0.0,26934.0,8.0,17492.0,25679.0,8.0,17505.0
33.674317544995574,0.0,0.0,0.0,0.0,0.0,0.0,0.0,0.0,0.0,0.0,0.0,0.0,0.0,26935.0,8.0,17512.0,25680.0,8.0,17525.0
33.689733011997305,0.0,0.0,0.0,0.0,0.0,0.0,0.0,0.0,0.0,0.0,0.0,0.0,0.0,26937.0,8.0,17552.0,25681.0,8.0,17555.0
33.694407725997735,0.0,0.0,0.0,0.0,0.0,0.0,0.0,0.0,0.0,0.0,0.0,0.0,0.0,26937.0,8.0,17552.0,25682.0,8.0,17562.0
33.728939969994826,0.0,0.0,0.0,0.0,0.0,0.0,0.0,0.0,0.0,0.0,0.0,0.0,0.0,26938.0,8.0,17572.0,25683.0,8.0,17585.0
33.73773911700118,0.0,0.0,0.0,0.0,0.0,0.0,0.0,0.0,0.0,0.0,0.0,0.0,0.0,26939.0,8.0,17592.0,25684.0,8.0,17605.0
33.757345627003815,0.0,0.0,0.0,0.0,0.0,0.0,0.0,0.0,0.0,0.0,0.0,0.0,0.0,26940.0,8.0,17612.0,25685.0,8.0,17625.0
34.18243269098457,0.0,0.0,0.0,0.0,0.0,0.0,0.0,0.0,0.0,0.0,0.0,0.0,0.0,26942.0,8.0,17652.0,25686.0,8.0,17655.0
34.182605045003584,0.0,0.0,0.0,0.0,0.0,0.0,0.0,0.0,0.0,0.0,0.0,0.0,0.0,26942.0,8.0,17652.0,25687.0,8.0,17662.0
34.182674318988575,0.0,0.0,0.0,0.0,0.0,0.0,0.0,0.0,0.0,0.0,0.0,0.0,0.0,26943.0,8.0,17672.0,25688.0,8.0,17685.0
34.182733110006666,0.0,0.0,0.0,0.0,0.0,0.0,0.0,0.0,0.0,0.0,0.0,0.0,0.0,26944.0,8.0,17692.0,25689.0,8.0,17705.0
34.18278901500162,0.0,0.0,0.0,0.0,0.0,0.0,0.0,0.0,0.0,0.0,0.0,0.0,0.0,26945.0,8.0,17712.0,25690.0,8.0,17725.0
34.18285177499638,0.0,0.0,0.0,0.0,0.0,0.0,0.0,0.0,0.0,0.0,0.0,0.0,0.0,26947.0,8.0,17752.0,25691.0,8.0,17755.0
34.18290782999247,0.0,0.0,0.0,0.0,0.0,0.0,0.0,0.0,0.0,0.0,0.0,0.0,0.0,26947.0,8.0,17752.0,25692.0,8.0,17762.0
34.182974077004474,0.0,0.0,0.0,0.0,0.0,0.0,0.0,0.0,0.0,0.0,0.0,0.0,0.0,26949.0,8.0,17792.0,25693.0,8.0,17795.0
34.18302705499809,0.0,0.0,0.0,0.0,0.0,0.0,0.0,0.0,0.0,0.0,0.0,0.0,0.0,26949.0,8.0,17792.0,25694.0,8.0,17802.0
34.18313391300035,0.0,0.0,0.0,0.0,0.0,0.0,0.0,0.0,0.0,0.0,0.0,0.0,0.0,26951.0,8.0,17832.0,25695.0,8.0,17835.0
34.18337269598851,0.0,0.0,0.0,0.0,0.0,0.0,0.0,0.0,0.0,0.0,0.0,0.0,0.0,26951.0,8.0,17832.0,25696.0,8.0,17847.0
34.1835024250031,0.0,0.0,0.0,0.0,0.0,0.0,0.0,0.0,0.0,0.0,0.0,0.0,0.0,26952.0,8.0,17852.0,25697.0,8.0,17865.0
34.18361140799243,0.0,0.0,0.0,0.0,0.0,0.0,0.0,0.0,0.0,0.0,0.0,0.0,0.0,26953.0,8.0,17872.0,25698.0,8.0,17885.0
34.183717153006,0.0,0.0,0.0,0.0,0.0,0.0,0.0,0.0,0.0,0.0,0.0,0.0,0.0,26954.0,8.0,17892.0,25699.0,8.0,17905.0
34.18398961098865,0.0,0.0,0.0,0.0,0.0,0.0,0.0,0.0,0.0,0.0,0.0,0.0,0.0,26955.0,8.0,17912.0,25700.0,8.0,17925.0
34.18425877098343,0.0,0.0,0.0,0.0,0.0,0.0,0.0,0.0,0.0,0.0,0.0,0.0,0.0,26957.0,8.0,17952.0,25701.0,8.0,17957.0
34.184356056997785,0.0,0.0,0.0,0.0,0.0,0.0,0.0,0.0,0.0,0.0,0.0,0.0,0.0,26957.0,8.0,17952.0,25702.0,8.0,17964.0
34.18447058298625,0.0,0.0,0.0,0.0,0.0,0.0,0.0,0.0,0.0,0.0,0.0,0.0,0.0,26958.0,8.0,17972.0,25703.0,8.0,17985.0
34.184599690983305,0.0,0.0,0.0,0.0,0.0,0.0,0.0,0.0,0.0,0.0,0.0,0.0,0.0,26959.0,8.0,17992.0,25704.0,8.0,18005.0
34.184699071978685,0.0,0.0,0.0,0.0,0.0,0.0,0.0,0.0,0.0,0.0,0.0,0.0,0.0,26960.0,8.0,18012.0,25705.0,8.0,18025.0
34.19917833400541,0.0,0.0,0.0,0.0,0.0,0.0,0.0,0.0,0.0,0.0,0.0,0.0,0.0,26962.0,8.0,18052.0,25706.0,8.0,18067.0
34.21731139998883,0.0,0.0,0.0,0.0,0.0,0.0,0.0,0.0,0.0,0.0,0.0,0.0,0.0,26963.0,8.0,18072.0,25707.0,8.0,18085.0
34.248326408007415,0.0,0.0,0.0,0.0,0.0,0.0,0.0,0.0,0.0,0.0,0.0,0.0,0.0,26964.0,8.0,18092.0,25708.0,8.0,18105.0
34.25702185899718,0.0,0.0,0.0,0.0,0.0,0.0,0.0,0.0,0.0,0.0,0.0,0.0,0.0,26965.0,8.0,18112.0,25709.0,8.0,18125.0
34.27745445998153,0.0,0.0,0.0,0.0,0.0,0.0,0.0,0.0,0.0,0.0,0.0,0.0,0.0,26966.0,8.0,18132.0,25710.0,8.0,18145.0
34.6901705749915,0.0,0.0,0.0,0.0,0.0,0.0,0.0,0.0,0.0,0.0,0.0,0.0,0.0,26968.0,8.0,18172.0,25711.0,8.0,18175.0
34.69034757898771,0.0,0.0,0.0,0.0,0.0,0.0,0.0,0.0,0.0,0.0,0.0,0.0,0.0,26968.0,8.0,18172.0,25712.0,8.0,18182.0
34.690418618003605,0.0,0.0,0.0,0.0,0.0,0.0,0.0,0.0,0.0,0.0,0.0,0.0,0.0,26969.0,8.0,18192.0,25713.0,8.0,18205.0
34.69047780998517,0.0,0.0,0.0,0.0,0.0,0.0,0.0,0.0,0.0,0.0,0.0,0.0,0.0,26970.0,8.0,18212.0,25714.0,8.0,18225.0
34.69053296299535,0.0,0.0,0.0,0.0,0.0,0.0,0.0,0.0,0.0,0.0,0.0,0.0,0.0,26971.0,8.0,18232.0,25715.0,8.0,18245.0
34.69068048099871,0.0,0.0,0.0,0.0,0.0,0.0,0.0,0.0,0.0,0.0,0.0,0.0,0.0,26973.0,8.0,18272.0,25716.0,8.0,18275.0
34.690837300993735,0.0,0.0,0.0,0.0,0.0,0.0,0.0,0.0,0.0,0.0,0.0,0.0,0.0,26973.0,8.0,18272.0,25717.0,8.0,18282.0
34.69098595198011,0.0,0.0,0.0,0.0,0.0,0.0,0.0,0.0,0.0,0.0,0.0,0.0,0.0,26975.0,8.0,18312.0,25718.0,8.0,18315.0
34.691137921006884,0.0,0.0,0.0,0.0,0.0,0.0,0.0,0.0,0.0,0.0,0.0,0.0,0.0,26975.0,8.0,18312.0,25719.0,8.0,18322.0
34.69144854298793,0.0,0.0,0.0,0.0,0.0,0.0,0.0,0.0,0.0,0.0,0.0,0.0,0.0,26976.0,8.0,18332.0,25720.0,8.0,18345.0
34.69179728999734,0.0,0.0,0.0,0.0,0.0,0.0,0.0,0.0,0.0,0.0,0.0,0.0,0.0,26978.0,8.0,18372.0,25721.0,8.0,18375.0
34.69193129899213,0.0,0.0,0.0,0.0,0.0,0.0,0.0,0.0,0.0,0.0,0.0,0.0,0.0,26978.0,8.0,18372.0,25722.0,8.0,18382.0
34.69209986500209,0.0,0.0,0.0,0.0,0.0,0.0,0.0,0.0,0.0,0.0,0.0,0.0,0.0,26980.0,8.0,18412.0,25723.0,8.0,18415.0
34.6922427029931,0.0,0.0,0.0,0.0,0.0,0.0,0.0,0.0,0.0,0.0,0.0,0.0,0.0,26980.0,8.0,18412.0,25724.0,8.0,18422.0
34.692394290992524,0.0,0.0,0.0,0.0,0.0,0.0,0.0,0.0,0.0,0.0,0.0,0.0,0.0,26981.0,8.0,18432.0,25725.0,8.0,18445.0
34.69275870299316,0.0,0.0,0.0,0.0,0.0,0.0,0.0,0.0,0.0,0.0,0.0,0.0,0.0,26983.0,8.0,18472.0,25726.0,8.0,18475.0
34.69290891799028,0.0,0.0,0.0,0.0,0.0,0.0,0.0,0.0,0.0,0.0,0.0,0.0,0.0,26983.0,8.0,18472.0,25727.0,8.0,18482.0
34.69304918099078,0.0,0.0,0.0,0.0,0.0,0.0,0.0,0.0,0.0,0.0,0.0,0.0,0.0,26984.0,8.0,18492.0,25728.0,8.0,18505.0
34.6932144589955,0.0,0.0,0.0,0.0,0.0,0.0,0.0,0.0,0.0,0.0,0.0,0.0,0.0,26985.0,8.0,18512.0,25729.0,8.0,18524.0
34.69849132798845,0.0,0.0,0.0,0.0,0.0,0.0,0.0,0.0,0.0,0.0,0.0,0.0,0.0,26986.0,8.0,18532.0,25730.0,8.0,18544.0
34.70289605000289,0.0,0.0,0.0,0.0,0.0,0.0,0.0,0.0,0.0,0.0,0.0,0.0,0.0,26987.0,8.0,18552.0,25731.0,8.0,18564.0
34.71659963298589,0.0,0.0,0.0,0.0,0.0,0.0,0.0,0.0,0.0,0.0,0.0,0.0,0.0,26988.0,8.0,18572.0,25732.0,8.0,18585.0
34.73957766199601,0.0,0.0,0.0,0.0,0.0,0.0,0.0,0.0,0.0,0.0,0.0,0.0,0.0,26989.0,8.0,18592.0,25733.0,8.0,18605.0
34.757376386987744,0.0,0.0,0.0,0.0,0.0,0.0,0.0,0.0,0.0,0.0,0.0,0.0,0.0,26990.0,8.0,18612.0,25734.0,8.0,18625.0
34.77738510697964,0.0,0.0,0.0,0.0,0.0,0.0,0.0,0.0,0.0,0.0,0.0,0.0,0.0,26991.0,8.0,18632.0,25735.0,8.0,18645.0
35.20226435299264,0.0,0.0,0.0,0.0,0.0,0.0,0.0,0.0,0.0,0.0,0.0,0.0,0.0,26993.0,8.0,18672.0,25736.0,8.0,18675.0
35.20243903397932,0.0,0.0,0.0,0.0,0.0,0.0,0.0,0.0,0.0,0.0,0.0,0.0,0.0,26993.0,8.0,18672.0,25737.0,8.0,18682.0
35.202509338007076,0.0,0.0,0.0,0.0,0.0,0.0,0.0,0.0,0.0,0.0,0.0,0.0,0.0,26995.0,8.0,18712.0,25738.0,8.0,18715.0
35.20256912498735,0.0,0.0,0.0,0.0,0.0,0.0,0.0,0.0,0.0,0.0,0.0,0.0,0.0,26995.0,8.0,18712.0,25739.0,8.0,18722.0
35.20262525000726,0.0,0.0,0.0,0.0,0.0,0.0,0.0,0.0,0.0,0.0,0.0,0.0,0.0,26997.0,8.0,18752.0,25740.0,8.0,18755.0
35.20267962900107,0.0,0.0,0.0,0.0,0.0,0.0,0.0,0.0,0.0,0.0,0.0,0.0,0.0,26997.0,8.0,18752.0,25741.0,8.0,18766.0
35.20273170300061,0.0,0.0,0.0,0.0,0.0,0.0,0.0,0.0,0.0,0.0,0.0,0.0,0.0,26998.0,8.0,18772.0,25742.0,8.0,18785.0
35.20278868600144,0.0,0.0,0.0,0.0,0.0,0.0,0.0,0.0,0.0,0.0,0.0,0.0,0.0,26999.0,8.0,18792.0,25743.0,8.0,18805.0
35.20285221398808,0.0,0.0,0.0,0.0,0.0,0.0,0.0,0.0,0.0,0.0,0.0,0.0,0.0,27000.0,8.0,18812.0,25744.0,8.0,18825.0
35.202909935993375,0.0,0.0,0.0,0.0,0.0,0.0,0.0,0.0,0.0,0.0,0.0,0.0,0.0,27001.0,8.0,18832.0,25745.0,8.0,18845.0
35.20296289797989,0.0,0.0,0.0,0.0,0.0,0.0,0.0,0.0,0.0,0.0,0.0,0.0,0.0,27003.0,8.0,18872.0,25746.0,8.0,18875.0
35.20301476199529,0.0,0.0,0.0,0.0,0.0,0.0,0.0,0.0,0.0,0.0,0.0,0.0,0.0,27003.0,8.0,18872.0,25747.0,8.0,18883.0
35.20306691600126,0.0,0.0,0.0,0.0,0.0,0.0,0.0,0.0,0.0,0.0,0.0,0.0,0.0,27004.0,8.0,18892.0,25748.0,8.0,18905.0
35.2031193189905,0.0,0.0,0.0,0.0,0.0,0.0,0.0,0.0,0.0,0.0,0.0,0.0,0.0,27005.0,8.0,18912.0,25749.0,8.0,18925.0
35.2033531589841,0.0,0.0,0.0,0.0,0.0,0.0,0.0,0.0,0.0,0.0,0.0,0.0,0.0,27006.0,8.0,18932.0,25750.0,8.0,18945.0
35.203607771982206,0.0,0.0,0.0,0.0,0.0,0.0,0.0,0.0,0.0,0.0,0.0,0.0,0.0,27008.0,8.0,18973.0,25751.0,8.0,18976.0
35.20371738699032,0.0,0.0,0.0,0.0,0.0,0.0,0.0,0.0,0.0,0.0,0.0,0.0,0.0,27008.0,8.0,18973.0,25752.0,8.0,18983.0
35.20383557397872,0.0,0.0,0.0,0.0,0.0,0.0,0.0,0.0,0.0,0.0,0.0,0.0,0.0,27009.0,8.0,18992.0,25753.0,8.0,19005.0
35.20395880000433,0.0,0.0,0.0,0.0,0.0,0.0,0.0,0.0,0.0,0.0,0.0,0.0,0.0,27010.0,8.0,19012.0,25754.0,8.0,19025.0
35.20405991500593,0.0,0.0,0.0,0.0,0.0,0.0,0.0,0.0,0.0,0.0,0.0,0.0,0.0,27011.0,8.0,19032.0,25755.0,8.0,19045.0
35.20903409598395,0.0,0.0,0.0,0.0,0.0,0.0,0.0,0.0,0.0,0.0,0.0,0.0,0.0,27013.0,8.0,19072.0,25756.0,8.0,19075.0
35.216676146985264,0.0,0.0,0.0,0.0,0.0,0.0,0.0,0.0,0.0,0.0,0.0,0.0,0.0,27013.0,8.0,19072.0,25757.0,8.0,19082.0
35.24991153800511,0.0,0.0,0.0,0.0,0.0,0.0,0.0,0.0,0.0,0.0,0.0,0.0,0.0,27015.0,8.0,19112.0,25758.0,8.0,19115.0
35.25325707698357,0.0,0.0,0.0,0.0,0.0,0.0,0.0,0.0,0.0,0.0,0.0,0.0,0.0,27015.0,8.0,19112.0,25759.0,8.0,19122.0
35.276448825985426,0.0,0.0,0.0,0.0,0.0,0.0,0.0,0.0,0.0,0.0,0.0,0.0,0.0,27016.0,8.0,19132.0,25760.0,8.0,19145.0
35.71110359800514,0.0,0.0,0.0,0.0,0.0,0.0,0.0,0.0,0.0,0.0,0.0,0.0,0.0,27018.0,8.0,19172.0,25761.0,8.0,19175.0
35.71132821799256,0.0,0.0,0.0,0.0,0.0,0.0,0.0,0.0,0.0,0.0,0.0,0.0,0.0,27018.0,8.0,19172.0,25762.0,8.0,19183.0
35.71139315300388,0.0,0.0,0.0,0.0,0.0,0.0,0.0,0.0,0.0,0.0,0.0,0.0,0.0,27019.0,8.0,19192.0,25763.0,8.0,19205.0
35.7114496769791,0.0,0.0,0.0,0.0,0.0,0.0,0.0,0.0,0.0,0.0,0.0,0.0,0.0,27020.0,8.0,19212.0,25764.0,8.0,19225.0
35.71150281900191,0.0,0.0,0.0,0.0,0.0,0.0,0.0,0.0,0.0,0.0,0.0,0.0,0.0,27021.0,8.0,19232.0,25765.0,8.0,19245.0
35.711554662993876,0.0,0.0,0.0,0.0,0.0,0.0,0.0,0.0,0.0,0.0,0.0,0.0,0.0,27023.0,8.0,19272.0,25766.0,8.0,19275.0
35.71161818198743,0.0,0.0,0.0,0.0,0.0,0.0,0.0,0.0,0.0,0.0,0.0,0.0,0.0,27023.0,8.0,19272.0,25767.0,8.0,19282.0
35.71167106399662,0.0,0.0,0.0,0.0,0.0,0.0,0.0,0.0,0.0,0.0,0.0,0.0,0.0,27024.0,8.0,19292.0,25768.0,8.0,19305.0
35.711722888983786,0.0,0.0,0.0,0.0,0.0,0.0,0.0,0.0,0.0,0.0,0.0,0.0,0.0,27025.0,8.0,19312.0,25769.0,8.0,19325.0
35.71177498300676,0.0,0.0,0.0,0.0,0.0,0.0,0.0,0.0,0.0,0.0,0.0,0.0,0.0,27026.0,8.0,19332.0,25770.0,8.0,19345.0
35.711998654995114,0.0,0.0,0.0,0.0,0.0,0.0,0.0,0.0,0.0,0.0,0.0,0.0,0.0,27028.0,8.0,19372.0,25771.0,8.0,19375.0
35.71211022598436,0.0,0.0,0.0,0.0,0.0,0.0,0.0,0.0,0.0,0.0,0.0,0.0,0.0,27028.0,8.0,19372.0,25772.0,8.0,19382.0
35.71223802099121,0.0,0.0,0.0,0.0,0.0,0.0,0.0,0.0,0.0,0.0,0.0,0.0,0.0,27030.0,8.0,19412.0,25773.0,8.0,19415.0
35.712345810985425,0.0,0.0,0.0,0.0,0.0,0.0,0.0,0.0,0.0,0.0,0.0,0.0,0.0,27030.0,8.0,19412.0,25774.0,8.0,19422.0
35.71245118699153,0.0,0.0,0.0,0.0,0.0,0.0,0.0,0.0,0.0,0.0,0.0,0.0,0.0,27031.0,8.0,19432.0,25775.0,8.0,19445.0
35.7128762799839,0.0,0.0,0.0,0.0,0.0,0.0,0.0,0.0,0.0,0.0,0.0,0.0,0.0,27033.0,8.0,19472.0,25776.0,8.0,19475.0
35.71298512798967,0.0,0.0,0.0,0.0,0.0,0.0,0.0,0.0,0.0,0.0,0.0,0.0,0.0,27033.0,8.0,19472.0,25777.0,8.0,19482.0
35.71308747999137,0.0,0.0,0.0,0.0,0.0,0.0,0.0,0.0,0.0,0.0,0.0,0.0,0.0,27034.0,8.0,19492.0,25778.0,8.0,19505.0
35.71321196199278,0.0,0.0,0.0,0.0,0.0,0.0,0.0,0.0,0.0,0.0,0.0,0.0,0.0,27035.0,8.0,19512.0,25779.0,8.0,19525.0
35.7133214189962,0.0,0.0,0.0,0.0,0.0,0.0,0.0,0.0,0.0,0.0,0.0,0.0,0.0,27036.0,8.0,19532.0,25780.0,8.0,19545.0
35.71357664000243,0.0,0.0,0.0,0.0,0.0,0.0,0.0,0.0,0.0,0.0,0.0,0.0,0.0,27038.0,8.0,19572.0,25781.0,8.0,19575.0
35.713686895003775,0.0,0.0,0.0,0.0,0.0,0.0,0.0,0.0,0.0,0.0,0.0,0.0,0.0,27038.0,8.0,19572.0,25782.0,8.0,19582.0
35.74445909098722,0.0,0.0,0.0,0.0,0.0,0.0,0.0,0.0,0.0,0.0,0.0,0.0,0.0,27040.0,8.0,19612.0,25783.0,8.0,19615.0
35.750577923987294,0.0,0.0,0.0,0.0,0.0,0.0,0.0,0.0,0.0,0.0,0.0,0.0,0.0,27040.0,8.0,19612.0,25784.0,8.0,19622.0
35.77521849700133,0.0,0.0,0.0,0.0,0.0,0.0,0.0,0.0,0.0,0.0,0.0,0.0,0.0,27041.0,8.0,19632.0,25785.0,8.0,19645.0
35.803083646984305,0.0,0.0,0.0,0.0,0.0,0.0,0.0,0.0,0.0,0.0,0.0,0.0,0.0,27043.0,8.0,19672.0,25786.0,8.0,19675.0
35.81007977598347,0.0,0.0,0.0,0.0,0.0,0.0,0.0,0.0,0.0,0.0,0.0,0.0,0.0,27043.0,8.0,19672.0,25787.0,8.0,19682.0
36.13328052900033,0.0,0.0,0.0,0.0,0.0,0.0,0.0,0.0,0.0,0.0,0.0,0.0,0.0,27044.0,8.0,19692.0,25788.0,8.0,19705.0
36.13366095398669,0.0,0.0,0.0,0.0,0.0,0.0,0.0,0.0,0.0,0.0,0.0,0.0,0.0,27045.0,8.0,19712.0,25789.0,8.0,19725.0
36.133725356979994,0.0,0.0,0.0,0.0,0.0,0.0,0.0,0.0,0.0,0.0,0.0,0.0,0.0,27046.0,8.0,19732.0,25790.0,8.0,19745.0
36.13378286300576,0.0,0.0,0.0,0.0,0.0,0.0,0.0,0.0,0.0,0.0,0.0,0.0,0.0,27048.0,8.0,19772.0,25791.0,8.0,19775.0
36.133846137003275,0.0,0.0,0.0,0.0,0.0,0.0,0.0,0.0,0.0,0.0,0.0,0.0,0.0,27048.0,8.0,19772.0,25792.0,8.0,19782.0
36.13390205599717,0.0,0.0,0.0,0.0,0.0,0.0,0.0,0.0,0.0,0.0,0.0,0.0,0.0,27049.0,8.0,19792.0,25793.0,8.0,19805.0
36.13395852400572,0.0,0.0,0.0,0.0,0.0,0.0,0.0,0.0,0.0,0.0,0.0,0.0,0.0,27050.0,8.0,19812.0,25794.0,8.0,19825.0
36.13401245698333,0.0,0.0,0.0,0.0,0.0,0.0,0.0,0.0,0.0,0.0,0.0,0.0,0.0,27051.0,8.0,19832.0,25795.0,8.0,19845.0
36.134065172984265,0.0,0.0,0.0,0.0,0.0,0.0,0.0,0.0,0.0,0.0,0.0,0.0,0.0,27053.0,8.0,19872.0,25796.0,8.0,19875.0
36.134142898983555,0.0,0.0,0.0,0.0,0.0,0.0,0.0,0.0,0.0,0.0,0.0,0.0,0.0,27053.0,8.0,19872.0,25797.0,8.0,19882.0
36.1342640479852,0.0,0.0,0.0,0.0,0.0,0.0,0.0,0.0,0.0,0.0,0.0,0.0,0.0,27054.0,8.0,19892.0,25798.0,8.0,19904.0
36.13435860100435,0.0,0.0,0.0,0.0,0.0,0.0,0.0,0.0,0.0,0.0,0.0,0.0,0.0,27055.0,8.0,19912.0,25799.0,8.0,19925.0
36.134451855992666,0.0,0.0,0.0,0.0,0.0,0.0,0.0,0.0,0.0,0.0,0.0,0.0,0.0,27056.0,8.0,19932.0,25800.0,8.0,19945.0
36.134831343981205,0.0,0.0,0.0,0.0,0.0,0.0,0.0,0.0,0.0,0.0,0.0,0.0,0.0,27058.0,8.0,19972.0,25801.0,8.0,19975.0
36.1349267239857,0.0,0.0,0.0,0.0,0.0,0.0,0.0,0.0,0.0,0.0,0.0,0.0,0.0,27058.0,8.0,19972.0,25802.0,8.0,19982.0
36.14520007398096,0.0,0.0,0.0,0.0,0.0,0.0,0.0,0.0,0.0,0.0,0.0,0.0,0.0,27060.0,8.0,20012.0,25803.0,8.0,20015.0
36.15020173697849,0.0,0.0,0.0,0.0,0.0,0.0,0.0,0.0,0.0,0.0,0.0,0.0,0.0,27060.0,8.0,20012.0,25804.0,8.0,20022.0
36.17329010699177,0.0,0.0,0.0,0.0,0.0,0.0,0.0,0.0,0.0,0.0,0.0,0.0,0.0,27061.0,8.0,20032.0,25805.0,8.0,20045.0
36.19107124998118,0.0,0.0,0.0,0.0,0.0,0.0,0.0,0.0,0.0,0.0,0.0,0.0,0.0,27062.0,8.0,20052.0,25806.0,8.0,20065.0
36.21158485498745,0.0,0.0,0.0,0.0,0.0,0.0,0.0,0.0,0.0,0.0,0.0,0.0,0.0,27063.0,8.0,20072.0,25807.0,8.0,20085.0
36.2330724390049,0.0,0.0,0.0,0.0,0.0,0.0,0.0,0.0,0.0,0.0,0.0,0.0,0.0,27064.0,8.0,20092.0,25808.0,8.0,20105.0
36.25126002699835,0.0,0.0,0.0,0.0,0.0,0.0,0.0,0.0,0.0,0.0,0.0,0.0,0.0,27065.0,8.0,20112.0,25809.0,8.0,20125.0
36.276648825005395,0.0,0.0,0.0,0.0,0.0,0.0,0.0,0.0,0.0,0.0,0.0,0.0,0.0,27066.0,8.0,20132.0,25810.0,8.0,20145.0
36.30095362299471,0.0,0.0,0.0,0.0,0.0,0.0,0.0,0.0,0.0,0.0,0.0,0.0,0.0,27068.0,8.0,20172.0,25811.0,8.0,20175.0
36.308603304991266,0.0,0.0,0.0,0.0,0.0,0.0,0.0,0.0,0.0,0.0,0.0,0.0,0.0,27068.0,8.0,20172.0,25812.0,8.0,20182.0
36.340887540980475,0.0,0.0,0.0,0.0,0.0,0.0,0.0,0.0,0.0,0.0,0.0,0.0,0.0,27070.0,8.0,20212.0,25813.0,8.0,20215.0
36.34779625298688,0.0,0.0,0.0,0.0,0.0,0.0,0.0,0.0,0.0,0.0,0.0,0.0,0.0,27070.0,8.0,20212.0,25814.0,8.0,20222.0
36.37395605299389,0.0,0.0,0.0,0.0,0.0,0.0,0.0,0.0,0.0,0.0,0.0,0.0,0.0,27071.0,8.0,20232.0,25815.0,8.0,20245.0
36.4005773869867,0.0,0.0,0.0,0.0,0.0,0.0,0.0,0.0,0.0,0.0,0.0,0.0,0.0,27073.0,8.0,20272.0,25816.0,8.0,20275.0
36.408326990989735,0.0,0.0,0.0,0.0,0.0,0.0,0.0,0.0,0.0,0.0,0.0,0.0,0.0,27073.0,8.0,20272.0,25817.0,8.0,20282.0
36.44123645799118,0.0,0.0,0.0,0.0,0.0,0.0,0.0,0.0,0.0,0.0,0.0,0.0,0.0,27075.0,8.0,20312.0,25818.0,8.0,20315.0
36.45009963400662,0.0,0.0,0.0,0.0,0.0,0.0,0.0,0.0,0.0,0.0,0.0,0.0,0.0,27075.0,8.0,20312.0,25819.0,8.0,20322.0
36.59088845498627,0.0,0.0,0.0,0.0,0.0,0.0,0.0,0.0,0.0,0.0,0.0,0.0,0.0,27077.0,8.0,20352.0,25820.0,8.0,20355.0
36.59128543798579,0.0,0.0,0.0,0.0,0.0,0.0,0.0,0.0,0.0,0.0,0.0,0.0,0.0,27077.0,8.0,20352.0,25821.0,8.0,20367.0
36.59136106798542,0.0,0.0,0.0,0.0,0.0,0.0,0.0,0.0,0.0,0.0,0.0,0.0,0.0,27078.0,8.0,20372.0,25822.0,8.0,20385.0
36.59141846399871,0.0,0.0,0.0,0.0,0.0,0.0,0.0,0.0,0.0,0.0,0.0,0.0,0.0,27079.0,8.0,20392.0,25823.0,8.0,20405.0
36.5914740540029,0.0,0.0,0.0,0.0,0.0,0.0,0.0,0.0,0.0,0.0,0.0,0.0,0.0,27080.0,8.0,20412.0,25824.0,8.0,20425.0
36.59152768799686,0.0,0.0,0.0,0.0,0.0,0.0,0.0,0.0,0.0,0.0,0.0,0.0,0.0,27081.0,8.0,20432.0,25825.0,8.0,20445.0
36.603289026999846,0.0,0.0,0.0,0.0,0.0,0.0,0.0,0.0,0.0,0.0,0.0,0.0,0.0,27083.0,8.0,20472.0,25826.0,8.0,20475.0
36.61709062100272,0.0,0.0,0.0,0.0,0.0,0.0,0.0,0.0,0.0,0.0,0.0,0.0,0.0,27083.0,8.0,20472.0,25827.0,8.0,20482.0
36.641101411980344,0.0,0.0,0.0,0.0,0.0,0.0,0.0,0.0,0.0,0.0,0.0,0.0,0.0,27084.0,8.0,20492.0,25828.0,8.0,20505.0
36.64971938400413,0.0,0.0,0.0,0.0,0.0,0.0,0.0,0.0,0.0,0.0,0.0,0.0,0.0,27085.0,8.0,20512.0,25829.0,8.0,20525.0
36.671816738991765,0.0,0.0,0.0,0.0,0.0,0.0,0.0,0.0,0.0,0.0,0.0,0.0,0.0,27086.0,8.0,20532.0,25830.0,8.0,20545.0
36.80846025899518,0.0,0.0,0.0,0.0,0.0,0.0,0.0,0.0,0.0,0.0,0.0,0.0,0.0,27088.0,8.0,20572.0,25831.0,8.0,20575.0
36.80865221898421,0.0,0.0,0.0,0.0,0.0,0.0,0.0,0.0,0.0,0.0,0.0,0.0,0.0,27088.0,8.0,20572.0,25832.0,8.0,20582.0
36.80872152099619,0.0,0.0,0.0,0.0,0.0,0.0,0.0,0.0,0.0,0.0,0.0,0.0,0.0,27089.0,8.0,20592.0,25833.0,8.0,20605.0
36.80878290999681,0.0,0.0,0.0,0.0,0.0,0.0,0.0,0.0,0.0,0.0,0.0,0.0,0.0,27090.0,8.0,20612.0,25834.0,8.0,20625.0
36.80885112498072,0.0,0.0,0.0,0.0,0.0,0.0,0.0,0.0,0.0,0.0,0.0,0.0,0.0,27091.0,8.0,20632.0,25835.0,8.0,20645.0
36.80890853100573,0.0,0.0,0.0,0.0,0.0,0.0,0.0,0.0,0.0,0.0,0.0,0.0,0.0,27093.0,8.0,20672.0,25836.0,8.0,20675.0
36.808964509982616,0.0,0.0,0.0,0.0,0.0,0.0,0.0,0.0,0.0,0.0,0.0,0.0,0.0,27093.0,8.0,20672.0,25837.0,8.0,20682.0
36.84018951599137,0.0,0.0,0.0,0.0,0.0,0.0,0.0,0.0,0.0,0.0,0.0,0.0,0.0,27095.0,8.0,20712.0,25838.0,8.0,20715.0
36.84753873400041,0.0,0.0,0.0,0.0,0.0,0.0,0.0,0.0,0.0,0.0,0.0,0.0,0.0,27095.0,8.0,20712.0,25839.0,8.0,20722.0
36.86822955799289,0.0,0.0,0.0,0.0,0.0,0.0,0.0,0.0,0.0,0.0,0.0,0.0,0.0,27096.0,8.0,20732.0,25840.0,8.0,20745.0
36.89969502799795,0.0,0.0,0.0,0.0,0.0,0.0,0.0,0.0,0.0,0.0,0.0,0.0,0.0,27098.0,8.0,20772.0,25841.0,8.0,20775.0
36.905365611979505,0.0,0.0,0.0,0.0,0.0,0.0,0.0,0.0,0.0,0.0,0.0,0.0,0.0,27098.0,8.0,20772.0,25842.0,8.0,20782.0
37.02416742598871,0.0,0.0,0.0,0.0,0.0,0.0,0.0,0.0,0.0,0.0,0.0,0.0,0.0,27100.0,8.0,20812.0,25843.0,8.0,20815.0
37.0242790299817,0.0,0.0,0.0,0.0,0.0,0.0,0.0,0.0,0.0,0.0,0.0,0.0,0.0,27100.0,8.0,20812.0,25844.0,8.0,20822.0
37.02435003599385,0.0,0.0,0.0,0.0,0.0,0.0,0.0,0.0,0.0,0.0,0.0,0.0,0.0,27101.0,8.0,20832.0,25845.0,8.0,20845.0
37.02442289798637,0.0,0.0,0.0,0.0,0.0,0.0,0.0,0.0,0.0,0.0,0.0,0.0,0.0,27103.0,8.0,20872.0,25846.0,8.0,20875.0
37.02449740699376,0.0,0.0,0.0,0.0,0.0,0.0,0.0,0.0,0.0,0.0,0.0,0.0,0.0,27103.0,8.0,20872.0,25847.0,8.0,20882.0
37.02811561099952,0.0,0.0,0.0,0.0,0.0,0.0,0.0,0.0,0.0,0.0,0.0,0.0,0.0,27104.0,8.0,20892.0,25848.0,8.0,20905.0
37.05088029400213,0.0,0.0,0.0,0.0,0.0,0.0,0.0,0.0,0.0,0.0,0.0,0.0,0.0,27105.0,8.0,20912.0,25849.0,8.0,20925.0
37.06748681800673,0.0,0.0,0.0,0.0,0.0,0.0,0.0,0.0,0.0,0.0,0.0,0.0,0.0,27106.0,8.0,20932.0,25850.0,8.0,20945.0
37.10713844298152,0.0,0.0,0.0,0.0,0.0,0.0,0.0,0.0,0.0,0.0,0.0,0.0,0.0,27108.0,8.0,20972.0,25851.0,8.0,20975.0
37.107451733987546,0.0,0.0,0.0,0.0,0.0,0.0,0.0,0.0,0.0,0.0,0.0,0.0,0.0,27108.0,8.0,20972.0,25852.0,8.0,20982.0
37.127757718990324,0.0,0.0,0.0,0.0,0.0,0.0,0.0,0.0,0.0,0.0,0.0,0.0,0.0,27109.0,8.0,20992.0,25853.0,8.0,21005.0
37.24415347300237,0.0,0.0,0.0,0.0,0.0,0.0,0.0,0.0,0.0,0.0,0.0,0.0,0.0,27110.0,8.0,21012.0,25854.0,8.0,21025.0
37.244269510003505,0.0,0.0,0.0,0.0,0.0,0.0,0.0,0.0,0.0,0.0,0.0,0.0,0.0,27111.0,8.0,21032.0,25855.0,8.0,21045.0
37.24433854900417,0.0,0.0,0.0,0.0,0.0,0.0,0.0,0.0,0.0,0.0,0.0,0.0,0.0,27113.0,8.0,21072.0,25856.0,8.0,21075.0
37.244396327005234,0.0,0.0,0.0,0.0,0.0,0.0,0.0,0.0,0.0,0.0,0.0,0.0,0.0,27113.0,8.0,21072.0,25857.0,8.0,21082.0
37.24445270799333,0.0,0.0,0.0,0.0,0.0,0.0,0.0,0.0,0.0,0.0,0.0,0.0,0.0,27115.0,8.0,21112.0,25858.0,8.0,21115.0
37.244959609000944,0.0,0.0,0.0,0.0,0.0,0.0,0.0,0.0,0.0,0.0,0.0,0.0,0.0,27115.0,8.0,21112.0,25859.0,8.0,21122.0
37.283529321983224,0.0,0.0,0.0,0.0,0.0,0.0,0.0,0.0,0.0,0.0,0.0,0.0,0.0,27117.0,8.0,21152.0,25860.0,8.0,21155.0
37.29171620300622,0.0,0.0,0.0,0.0,0.0,0.0,0.0,0.0,0.0,0.0,0.0,0.0,0.0,27117.0,8.0,21152.0,25861.0,8.0,21167.0
37.307751558983,0.0,0.0,0.0,0.0,0.0,0.0,0.0,0.0,0.0,0.0,0.0,0.0,0.0,27118.0,8.0,21172.0,25862.0,8.0,21185.0
37.327947766985744,0.0,0.0,0.0,0.0,0.0,0.0,0.0,0.0,0.0,0.0,0.0,0.0,0.0,27119.0,8.0,21192.0,25863.0,8.0,21205.0
37.34705929699703,0.0,0.0,0.0,0.0,0.0,0.0,0.0,0.0,0.0,0.0,0.0,0.0,0.0,27120.0,8.0,21212.0,25864.0,8.0,21225.0
37.37636423899676,0.0,0.0,0.0,0.0,0.0,0.0,0.0,0.0,0.0,0.0,0.0,0.0,0.0,27121.0,8.0,21232.0,25865.0,8.0,21245.0
37.462078235985246,0.0,0.0,0.0,0.0,0.0,0.0,0.0,0.0,0.0,0.0,0.0,0.0,0.0,27123.0,8.0,21272.0,25866.0,8.0,21275.0
37.46218742398196,0.0,0.0,0.0,0.0,0.0,0.0,0.0,0.0,0.0,0.0,0.0,0.0,0.0,27123.0,8.0,21272.0,25867.0,8.0,21282.0
37.46225443700678,0.0,0.0,0.0,0.0,0.0,0.0,0.0,0.0,0.0,0.0,0.0,0.0,0.0,27124.0,8.0,21292.0,25868.0,8.0,21305.0
37.462313692987664,0.0,0.0,0.0,0.0,0.0,0.0,0.0,0.0,0.0,0.0,0.0,0.0,0.0,27125.0,8.0,21312.0,25869.0,8.0,21325.0
37.466173033986706,0.0,0.0,0.0,0.0,0.0,0.0,0.0,0.0,0.0,0.0,0.0,0.0,0.0,27126.0,8.0,21332.0,25870.0,8.0,21345.0
37.495734297001036,0.0,0.0,0.0,0.0,0.0,0.0,0.0,0.0,0.0,0.0,0.0,0.0,0.0,27128.0,8.0,21372.0,25871.0,8.0,21375.0
37.50239879798028,0.0,0.0,0.0,0.0,0.0,0.0,0.0,0.0,0.0,0.0,0.0,0.0,0.0,27128.0,8.0,21372.0,25872.0,8.0,21381.0
37.53719332200126,0.0,0.0,0.0,0.0,0.0,0.0,0.0,0.0,0.0,0.0,0.0,0.0,0.0,27130.0,8.0,21412.0,25873.0,8.0,21415.0
37.54317988199182,0.0,0.0,0.0,0.0,0.0,0.0,0.0,0.0,0.0,0.0,0.0,0.0,0.0,27130.0,8.0,21412.0,25874.0,8.0,21422.0
37.56606095097959,0.0,0.0,0.0,0.0,0.0,0.0,0.0,0.0,0.0,0.0,0.0,0.0,0.0,27131.0,8.0,21432.0,25875.0,8.0,21445.0
37.66563451898401,0.0,0.0,0.0,0.0,0.0,0.0,0.0,0.0,0.0,0.0,0.0,0.0,0.0,27133.0,8.0,21472.0,25876.0,8.0,21475.0
37.666076972993324,0.0,0.0,0.0,0.0,0.0,0.0,0.0,0.0,0.0,0.0,0.0,0.0,0.0,27133.0,8.0,21472.0,25877.0,8.0,21482.0
37.66615059398464,0.0,0.0,0.0,0.0,0.0,0.0,0.0,0.0,0.0,0.0,0.0,0.0,0.0,27134.0,8.0,21492.0,25878.0,8.0,21505.0
37.6662167479808,0.0,0.0,0.0,0.0,0.0,0.0,0.0,0.0,0.0,0.0,0.0,0.0,0.0,27135.0,8.0,21512.0,25879.0,8.0,21525.0
37.68032546300674,0.0,0.0,0.0,0.0,0.0,0.0,0.0,0.0,0.0,0.0,0.0,0.0,0.0,27136.0,8.0,21532.0,25880.0,8.0,21545.0
37.697979019983904,0.0,0.0,0.0,0.0,0.0,0.0,0.0,0.0,0.0,0.0,0.0,0.0,0.0,27138.0,8.0,21572.0,25881.0,8.0,21575.0
37.70783865699195,0.0,0.0,0.0,0.0,0.0,0.0,0.0,0.0,0.0,0.0,0.0,0.0,0.0,27138.0,8.0,21572.0,25882.0,8.0,21582.0
37.72596968698781,0.0,0.0,0.0,0.0,0.0,0.0,0.0,0.0,0.0,0.0,0.0,0.0,0.0,27139.0,8.0,21592.0,25883.0,8.0,21605.0
37.755417559004854,0.0,0.0,0.0,0.0,0.0,0.0,0.0,0.0,0.0,0.0,0.0,0.0,0.0,27140.0,8.0,21612.0,25884.0,8.0,21625.0
37.76561434500036,0.0,0.0,0.0,0.0,0.0,0.0,0.0,0.0,0.0,0.0,0.0,0.0,0.0,27141.0,8.0,21632.0,25885.0,8.0,21644.0
37.87011540099047,0.0,0.0,0.0,0.0,0.0,0.0,0.0,0.0,0.0,0.0,0.0,0.0,0.0,27143.0,8.0,21672.0,25886.0,8.0,21675.0
37.870238953997614,0.0,0.0,0.0,0.0,0.0,0.0,0.0,0.0,0.0,0.0,0.0,0.0,0.0,27143.0,8.0,21672.0,25887.0,8.0,21681.0
37.8703032110061,0.0,0.0,0.0,0.0,0.0,0.0,0.0,0.0,0.0,0.0,0.0,0.0,0.0,27145.0,8.0,21712.0,25888.0,8.0,21715.0
37.87035924298107,0.0,0.0,0.0,0.0,0.0,0.0,0.0,0.0,0.0,0.0,0.0,0.0,0.0,27145.0,8.0,21712.0,25889.0,8.0,21722.0
37.902553114981856,0.0,0.0,0.0,0.0,0.0,0.0,0.0,0.0,0.0,0.0,0.0,0.0,0.0,27147.0,8.0,21752.0,25890.0,8.0,21755.0
37.902667857997585,0.0,0.0,0.0,0.0,0.0,0.0,0.0,0.0,0.0,0.0,0.0,0.0,0.0,27147.0,8.0,21752.0,25891.0,8.0,21767.0
37.909711485001026,0.0,0.0,0.0,0.0,0.0,0.0,0.0,0.0,0.0,0.0,0.0,0.0,0.0,27148.0,8.0,21772.0,25892.0,8.0,21785.0
37.92465406298288,0.0,0.0,0.0,0.0,0.0,0.0,0.0,0.0,0.0,0.0,0.0,0.0,0.0,27149.0,8.0,21792.0,25893.0,8.0,21805.0
37.94559883099282,0.0,0.0,0.0,0.0,0.0,0.0,0.0,0.0,0.0,0.0,0.0,0.0,0.0,27150.0,8.0,21812.0,25894.0,8.0,21825.0
37.96725586298271,0.0,0.0,0.0,0.0,0.0,0.0,0.0,0.0,0.0,0.0,0.0,0.0,0.0,27151.0,8.0,21832.0,25895.0,8.0,21845.0
37.99495310598286,0.0,0.0,0.0,0.0,0.0,0.0,0.0,0.0,0.0,0.0,0.0,0.0,0.0,27153.0,8.0,21872.0,25896.0,8.0,21875.0
38.00435899698641,0.0,0.0,0.0,0.0,0.0,0.0,0.0,0.0,0.0,0.0,0.0,0.0,0.0,27153.0,8.0,21872.0,25897.0,8.0,21882.0
38.04849382699467,0.0,0.0,0.0,0.0,0.0,0.0,0.0,0.0,0.0,0.0,0.0,0.0,0.0,27154.0,8.0,21892.0,25898.0,8.0,21905.0
38.04857865598751,0.0,0.0,0.0,0.0,0.0,0.0,0.0,0.0,0.0,0.0,0.0,0.0,0.0,27155.0,8.0,21912.0,25899.0,8.0,21925.0
38.17684827098856,0.0,0.0,0.0,0.0,0.0,0.0,0.0,0.0,0.0,0.0,0.0,0.0,0.0,27156.0,8.0,21932.0,25900.0,8.0,21945.0
38.17711739699007,0.0,0.0,0.0,0.0,0.0,0.0,0.0,0.0,0.0,0.0,0.0,0.0,0.0,27158.0,8.0,21972.0,25901.0,8.0,21975.0
38.177189256006386,0.0,0.0,0.0,0.0,0.0,0.0,0.0,0.0,0.0,0.0,0.0,0.0,0.0,27158.0,8.0,21972.0,25902.0,8.0,21982.0
38.1772492339951,0.0,0.0,0.0,0.0,0.0,0.0,0.0,0.0,0.0,0.0,0.0,0.0,0.0,27160.0,8.0,22012.0,25903.0,8.0,22015.0
38.177304818003904,0.0,0.0,0.0,0.0,0.0,0.0,0.0,0.0,0.0,0.0,0.0,0.0,0.0,27160.0,8.0,22012.0,25904.0,8.0,22022.0
38.177360692003276,0.0,0.0,0.0,0.0,0.0,0.0,0.0,0.0,0.0,0.0,0.0,0.0,0.0,27162.0,8.0,22052.0,25905.0,8.0,22055.0
38.19322370298323,0.0,0.0,0.0,0.0,0.0,0.0,0.0,0.0,0.0,0.0,0.0,0.0,0.0,27163.0,8.0,22072.0,25906.0,8.0,22073.0
38.20194615598302,0.0,0.0,0.0,0.0,0.0,0.0,0.0,0.0,0.0,0.0,0.0,0.0,0.0,27163.0,8.0,22072.0,25907.0,8.0,22080.0
38.279994310985785,0.0,0.0,0.0,0.0,0.0,0.0,0.0,0.0,0.0,0.0,0.0,0.0,0.0,27165.0,8.0,22112.0,25908.0,8.0,22115.0
38.28010747599183,0.0,0.0,0.0,0.0,0.0,0.0,0.0,0.0,0.0,0.0,0.0,0.0,0.0,27165.0,8.0,22112.0,25909.0,8.0,22122.0
38.280177968001226,0.0,0.0,0.0,0.0,0.0,0.0,0.0,0.0,0.0,0.0,0.0,0.0,0.0,27167.0,8.0,22152.0,25910.0,8.0,22155.0
38.339482145995134,0.0,0.0,0.0,0.0,0.0,0.0,0.0,0.0,0.0,0.0,0.0,0.0,0.0,27167.0,8.0,22152.0,25911.0,8.0,22166.0
38.33987025899114,0.0,0.0,0.0,0.0,0.0,0.0,0.0,0.0,0.0,0.0,0.0,0.0,0.0,27168.0,8.0,22172.0,25912.0,8.0,22185.0
38.33994899800746,0.0,0.0,0.0,0.0,0.0,0.0,0.0,0.0,0.0,0.0,0.0,0.0,0.0,27169.0,8.0,22192.0,25913.0,8.0,22205.0
38.34302931599086,0.0,0.0,0.0,0.0,0.0,0.0,0.0,0.0,0.0,0.0,0.0,0.0,0.0,27170.0,8.0,22212.0,25914.0,8.0,22225.0
38.364786802994786,0.0,0.0,0.0,0.0,0.0,0.0,0.0,0.0,0.0,0.0,0.0,0.0,0.0,27171.0,8.0,22232.0,25915.0,8.0,22245.0
38.39585026499117,0.0,0.0,0.0,0.0,0.0,0.0,0.0,0.0,0.0,0.0,0.0,0.0,0.0,27173.0,8.0,22272.0,25916.0,8.0,22275.0
38.40090893697925,0.0,0.0,0.0,0.0,0.0,0.0,0.0,0.0,0.0,0.0,0.0,0.0,0.0,27173.0,8.0,22272.0,25917.0,8.0,22282.0
38.43071128000156,0.0,0.0,0.0,0.0,0.0,0.0,0.0,0.0,0.0,0.0,0.0,0.0,0.0,27174.0,8.0,22292.0,25918.0,8.0,22305.0
38.55804119198001,0.0,0.0,0.0,0.0,0.0,0.0,0.0,0.0,0.0,0.0,0.0,0.0,0.0,27175.0,8.0,22312.0,25919.0,8.0,22325.0
38.55817736199242,0.0,0.0,0.0,0.0,0.0,0.0,0.0,0.0,0.0,0.0,0.0,0.0,0.0,27176.0,8.0,22332.0,25920.0,8.0,22345.0
38.558247014996596,0.0,0.0,0.0,0.0,0.0,0.0,0.0,0.0,0.0,0.0,0.0,0.0,0.0,27178.0,8.0,22372.0,25921.0,8.0,22375.0
38.558307541999966,0.0,0.0,0.0,0.0,0.0,0.0,0.0,0.0,0.0,0.0,0.0,0.0,0.0,27178.0,8.0,22372.0,25922.0,8.0,22382.0
38.55836309600272,0.0,0.0,0.0,0.0,0.0,0.0,0.0,0.0,0.0,0.0,0.0,0.0,0.0,27180.0,8.0,22412.0,25923.0,8.0,22415.0
38.55842442199355,0.0,0.0,0.0,0.0,0.0,0.0,0.0,0.0,0.0,0.0,0.0,0.0,0.0,27180.0,8.0,22412.0,25924.0,8.0,22422.0
38.56235522098723,0.0,0.0,0.0,0.0,0.0,0.0,0.0,0.0,0.0,0.0,0.0,0.0,0.0,27181.0,8.0,22432.0,25925.0,8.0,22445.0
38.59292408399051,0.0,0.0,0.0,0.0,0.0,0.0,0.0,0.0,0.0,0.0,0.0,0.0,0.0,27183.0,8.0,22472.0,25926.0,8.0,22475.0
38.599591020989465,0.0,0.0,0.0,0.0,0.0,0.0,0.0,0.0,0.0,0.0,0.0,0.0,0.0,27183.0,8.0,22472.0,25927.0,8.0,22482.0
38.62276194198057,0.0,0.0,0.0,0.0,0.0,0.0,0.0,0.0,0.0,0.0,0.0,0.0,0.0,27184.0,8.0,22492.0,25928.0,8.0,22505.0
38.643329151993385,0.0,0.0,0.0,0.0,0.0,0.0,0.0,0.0,0.0,0.0,0.0,0.0,0.0,27185.0,8.0,22512.0,25929.0,8.0,22525.0
38.662354703992605,0.0,0.0,0.0,0.0,0.0,0.0,0.0,0.0,0.0,0.0,0.0,0.0,0.0,27186.0,8.0,22532.0,25930.0,8.0,22545.0
38.777626227994915,0.0,0.0,0.0,0.0,0.0,0.0,0.0,0.0,0.0,0.0,0.0,0.0,0.0,27188.0,8.0,22572.0,25931.0,8.0,22575.0
38.777763327001594,0.0,0.0,0.0,0.0,0.0,0.0,0.0,0.0,0.0,0.0,0.0,0.0,0.0,27188.0,8.0,22572.0,25932.0,8.0,22582.0
38.777844531985465,0.0,0.0,0.0,0.0,0.0,0.0,0.0,0.0,0.0,0.0,0.0,0.0,0.0,27189.0,8.0,22592.0,25933.0,8.0,22605.0
38.7779091319826,0.0,0.0,0.0,0.0,0.0,0.0,0.0,0.0,0.0,0.0,0.0,0.0,0.0,27190.0,8.0,22612.0,25934.0,8.0,22625.0
38.77796733297873,0.0,0.0,0.0,0.0,0.0,0.0,0.0,0.0,0.0,0.0,0.0,0.0,0.0,27191.0,8.0,22632.0,25935.0,8.0,22645.0
38.79281255998649,0.0,0.0,0.0,0.0,0.0,0.0,0.0,0.0,0.0,0.0,0.0,0.0,0.0,27193.0,8.0,22672.0,25936.0,8.0,22675.0
38.79894267398049,0.0,0.0,0.0,0.0,0.0,0.0,0.0,0.0,0.0,0.0,0.0,0.0,0.0,27193.0,8.0,22672.0,25937.0,8.0,22682.0
38.833916016999865,0.0,0.0,0.0,0.0,0.0,0.0,0.0,0.0,0.0,0.0,0.0,0.0,0.0,27195.0,8.0,22711.0,25938.0,8.0,22715.0
38.83955301900278,0.0,0.0,0.0,0.0,0.0,0.0,0.0,0.0,0.0,0.0,0.0,0.0,0.0,27195.0,8.0,22711.0,25939.0,8.0,22722.0
38.873686237988295,0.0,0.0,0.0,0.0,0.0,0.0,0.0,0.0,0.0,0.0,0.0,0.0,0.0,27197.0,8.0,22752.0,25940.0,8.0,22755.0
38.99731368100038,0.0,0.0,0.0,0.0,0.0,0.0,0.0,0.0,0.0,0.0,0.0,0.0,0.0,27197.0,8.0,22752.0,25941.0,8.0,22767.0
38.99742715997854,0.0,0.0,0.0,0.0,0.0,0.0,0.0,0.0,0.0,0.0,0.0,0.0,0.0,27198.0,8.0,22772.0,25942.0,8.0,22785.0
38.99749456899008,0.0,0.0,0.0,0.0,0.0,0.0,0.0,0.0,0.0,0.0,0.0,0.0,0.0,27199.0,8.0,22792.0,25943.0,8.0,22805.0
38.99755234198528,0.0,0.0,0.0,0.0,0.0,0.0,0.0,0.0,0.0,0.0,0.0,0.0,0.0,27200.0,8.0,22812.0,25944.0,8.0,22825.0
38.99760736798635,0.0,0.0,0.0,0.0,0.0,0.0,0.0,0.0,0.0,0.0,0.0,0.0,0.0,27201.0,8.0,22832.0,25945.0,8.0,22845.0
38.99766520099365,0.0,0.0,0.0,0.0,0.0,0.0,0.0,0.0,0.0,0.0,0.0,0.0,0.0,27203.0,8.0,22872.0,25946.0,8.0,22875.0
38.99912151199533,0.0,0.0,0.0,0.0,0.0,0.0,0.0,0.0,0.0,0.0,0.0,0.0,0.0,27203.0,8.0,22872.0,25947.0,8.0,22882.0
39.03120643098373,0.0,0.0,0.0,0.0,0.0,0.0,0.0,0.0,0.0,0.0,0.0,0.0,0.0,27205.0,8.0,22912.0,25948.0,8.0,22915.0
39.04117947400664,0.0,0.0,0.0,0.0,0.0,0.0,0.0,0.0,0.0,0.0,0.0,0.0,0.0,27205.0,8.0,22912.0,25949.0,8.0,22922.0
39.060862480982905,0.0,0.0,0.0,0.0,0.0,0.0,0.0,0.0,0.0,0.0,0.0,0.0,0.0,27206.0,8.0,22932.0,25950.0,8.0,22945.0
39.09305352799129,0.0,0.0,0.0,0.0,0.0,0.0,0.0,0.0,0.0,0.0,0.0,0.0,0.0,27208.0,8.0,22972.0,25951.0,8.0,22975.0
39.09908851099317,0.0,0.0,0.0,0.0,0.0,0.0,0.0,0.0,0.0,0.0,0.0,0.0,0.0,27208.0,8.0,22972.0,25952.0,8.0,22983.0
39.14432287198724,0.0,0.0,0.0,0.0,0.0,0.0,0.0,0.0,0.0,0.0,0.0,0.0,0.0,27209.0,8.0,22992.0,25953.0,8.0,23005.0
39.14468175198999,0.0,0.0,0.0,0.0,0.0,0.0,0.0,0.0,0.0,0.0,0.0,0.0,0.0,27210.0,8.0,23012.0,25954.0,8.0,23025.0
39.16592864599079,0.0,0.0,0.0,0.0,0.0,0.0,0.0,0.0,0.0,0.0,0.0,0.0,0.0,27211.0,8.0,23032.0,25955.0,8.0,23045.0
39.21590242398088,0.0,0.0,0.0,0.0,0.0,0.0,0.0,0.0,0.0,0.0,0.0,0.0,0.0,27213.0,8.0,23072.0,25956.0,8.0,23075.0
39.21599456999684,0.0,0.0,0.0,0.0,0.0,0.0,0.0,0.0,0.0,0.0,0.0,0.0,0.0,27213.0,8.0,23072.0,25957.0,8.0,23082.0
39.222405690001324,0.0,0.0,0.0,0.0,0.0,0.0,0.0,0.0,0.0,0.0,0.0,0.0,0.0,27214.0,8.0,23092.0,25958.0,8.0,23105.0
39.24411788198631,0.0,0.0,0.0,0.0,0.0,0.0,0.0,0.0,0.0,0.0,0.0,0.0,0.0,27215.0,8.0,23112.0,25959.0,8.0,23125.0
39.260477915988304,0.0,0.0,0.0,0.0,0.0,0.0,0.0,0.0,0.0,0.0,0.0,0.0,0.0,27216.0,8.0,23132.0,25960.0,8.0,23145.0
39.29129206598736,0.0,0.0,0.0,0.0,0.0,0.0,0.0,0.0,0.0,0.0,0.0,0.0,0.0,27218.0,8.0,23172.0,25961.0,8.0,23175.0
39.298242924007354,0.0,0.0,0.0,0.0,0.0,0.0,0.0,0.0,0.0,0.0,0.0,0.0,0.0,27218.0,8.0,23172.0,25962.0,8.0,23182.0
39.32019963799394,0.0,0.0,0.0,0.0,0.0,0.0,0.0,0.0,0.0,0.0,0.0,0.0,0.0,27219.0,8.0,23192.0,25963.0,8.0,23205.0
39.43563728200388,0.0,0.0,0.0,0.0,0.0,0.0,0.0,0.0,0.0,0.0,0.0,0.0,0.0,27220.0,8.0,23212.0,25964.0,8.0,23225.0
39.43581904898747,0.0,0.0,0.0,0.0,0.0,0.0,0.0,0.0,0.0,0.0,0.0,0.0,0.0,27221.0,8.0,23232.0,25965.0,8.0,23245.0
39.435900868993485,0.0,0.0,0.0,0.0,0.0,0.0,0.0,0.0,0.0,0.0,0.0,0.0,0.0,27223.0,8.0,23272.0,25966.0,8.0,23275.0
39.43596283599618,0.0,0.0,0.0,0.0,0.0,0.0,0.0,0.0,0.0,0.0,0.0,0.0,0.0,27223.0,8.0,23272.0,25967.0,8.0,23282.0
39.43602011000621,0.0,0.0,0.0,0.0,0.0,0.0,0.0,0.0,0.0,0.0,0.0,0.0,0.0,27224.0,8.0,23292.0,25968.0,8.0,23305.0
39.43974347700714,0.0,0.0,0.0,0.0,0.0,0.0,0.0,0.0,0.0,0.0,0.0,0.0,0.0,27225.0,8.0,23312.0,25969.0,8.0,23325.0
39.46097443200415,0.0,0.0,0.0,0.0,0.0,0.0,0.0,0.0,0.0,0.0,0.0,0.0,0.0,27226.0,8.0,23332.0,25970.0,8.0,23345.0
39.49069181998493,0.0,0.0,0.0,0.0,0.0,0.0,0.0,0.0,0.0,0.0,0.0,0.0,0.0,27228.0,8.0,23372.0,25971.0,8.0,23375.0
39.49842912500026,0.0,0.0,0.0,0.0,0.0,0.0,0.0,0.0,0.0,0.0,0.0,0.0,0.0,27228.0,8.0,23372.0,25972.0,8.0,23382.0
39.51961816599942,0.0,0.0,0.0,0.0,0.0,0.0,0.0,0.0,0.0,0.0,0.0,0.0,0.0,27229.0,8.0,23392.0,25973.0,8.0,23405.0
39.61591067397967,0.0,0.0,0.0,0.0,0.0,0.0,0.0,0.0,0.0,0.0,0.0,0.0,0.0,27230.0,8.0,23412.0,25974.0,8.0,23425.0
39.616109127993695,0.0,0.0,0.0,0.0,0.0,0.0,0.0,0.0,0.0,0.0,0.0,0.0,0.0,27231.0,8.0,23432.0,25975.0,8.0,23445.0
39.616173521993915,0.0,0.0,0.0,0.0,0.0,0.0,0.0,0.0,0.0,0.0,0.0,0.0,0.0,27233.0,8.0,23472.0,25976.0,8.0,23475.0
39.61623129498912,0.0,0.0,0.0,0.0,0.0,0.0,0.0,0.0,0.0,0.0,0.0,0.0,0.0,27233.0,8.0,23472.0,25977.0,8.0,23482.0
39.633946844987804,0.0,0.0,0.0,0.0,0.0,0.0,0.0,0.0,0.0,0.0,0.0,0.0,0.0,27234.0,8.0,23492.0,25978.0,8.0,23505.0
39.653877879987704,0.0,0.0,0.0,0.0,0.0,0.0,0.0,0.0,0.0,0.0,0.0,0.0,0.0,27235.0,8.0,23512.0,25979.0,8.0,23525.0
39.66007526600151,0.0,0.0,0.0,0.0,0.0,0.0,0.0,0.0,0.0,0.0,0.0,0.0,0.0,27236.0,8.0,23532.0,25980.0,8.0,23545.0
39.68960342698847,0.0,0.0,0.0,0.0,0.0,0.0,0.0,0.0,0.0,0.0,0.0,0.0,0.0,27238.0,8.0,23572.0,25981.0,8.0,23575.0
39.69692430898431,0.0,0.0,0.0,0.0,0.0,0.0,0.0,0.0,0.0,0.0,0.0,0.0,0.0,27238.0,8.0,23572.0,25982.0,8.0,23582.0
39.71856124099577,0.0,0.0,0.0,0.0,0.0,0.0,0.0,0.0,0.0,0.0,0.0,0.0,0.0,27239.0,8.0,23592.0,25983.0,8.0,23605.0
39.74238014398725,0.0,0.0,0.0,0.0,0.0,0.0,0.0,0.0,0.0,0.0,0.0,0.0,0.0,27240.0,8.0,23612.0,25984.0,8.0,23625.0
39.75849510598346,0.0,0.0,0.0,0.0,0.0,0.0,0.0,0.0,0.0,0.0,0.0,0.0,0.0,27241.0,8.0,23632.0,25985.0,8.0,23645.0
39.87447414599592,0.0,0.0,0.0,0.0,0.0,0.0,0.0,0.0,0.0,0.0,0.0,0.0,0.0,27243.0,8.0,23672.0,25986.0,8.0,23675.0
39.874843280995265,0.0,0.0,0.0,0.0,0.0,0.0,0.0,0.0,0.0,0.0,0.0,0.0,0.0,27243.0,8.0,23672.0,25987.0,8.0,23682.0
39.902244930999586,0.0,0.0,0.0,0.0,0.0,0.0,0.0,0.0,0.0,0.0,0.0,0.0,0.0,27245.0,8.0,23712.0,25988.0,8.0,23715.0
39.90256744000362,0.0,0.0,0.0,0.0,0.0,0.0,0.0,0.0,0.0,0.0,0.0,0.0,0.0,27245.0,8.0,23712.0,25989.0,8.0,23722.0
39.902828688995214,0.0,0.0,0.0,0.0,0.0,0.0,0.0,0.0,0.0,0.0,0.0,0.0,0.0,27247.0,8.0,23752.0,25990.0,8.0,23755.0
39.903070581000065,0.0,0.0,0.0,0.0,0.0,0.0,0.0,0.0,0.0,0.0,0.0,0.0,0.0,27247.0,8.0,23752.0,25991.0,8.0,23767.0
39.903155173989944,0.0,0.0,0.0,0.0,0.0,0.0,0.0,0.0,0.0,0.0,0.0,0.0,0.0,27248.0,8.0,23772.0,25992.0,8.0,23785.0
39.91910661998554,0.0,0.0,0.0,0.0,0.0,0.0,0.0,0.0,0.0,0.0,0.0,0.0,0.0,27249.0,8.0,23792.0,25993.0,8.0,23805.0
39.94456551398616,0.0,0.0,0.0,0.0,0.0,0.0,0.0,0.0,0.0,0.0,0.0,0.0,0.0,27250.0,8.0,23812.0,25994.0,8.0,23825.0
39.960580996994395,0.0,0.0,0.0,0.0,0.0,0.0,0.0,0.0,0.0,0.0,0.0,0.0,0.0,27251.0,8.0,23832.0,25995.0,8.0,23845.0
40.094114089006325,0.0,0.0,0.0,0.0,0.0,0.0,0.0,0.0,0.0,0.0,0.0,0.0,0.0,27253.0,8.0,23872.0,25996.0,8.0,23875.0
40.09428335499251,0.0,0.0,0.0,0.0,0.0,0.0,0.0,0.0,0.0,0.0,0.0,0.0,0.0,27253.0,8.0,23872.0,25997.0,8.0,23882.0
40.09435247498914,0.0,0.0,0.0,0.0,0.0,0.0,0.0,0.0,0.0,0.0,0.0,0.0,0.0,27254.0,8.0,23892.0,25998.0,8.0,23905.0
40.094411656988086,0.0,0.0,0.0,0.0,0.0,0.0,0.0,0.0,0.0,0.0,0.0,0.0,0.0,27255.0,8.0,23912.0,25999.0,8.0,23925.0
40.094465824979125,0.0,0.0,0.0,0.0,0.0,0.0,0.0,0.0,0.0,0.0,0.0,0.0,0.0,27256.0,8.0,23932.0,26000.0,8.0,23945.0
40.09452075199806,0.0,0.0,0.0,0.0,0.0,0.0,0.0,0.0,0.0,0.0,0.0,0.0,0.0,27258.0,8.0,23972.0,26001.0,8.0,23975.0
40.09652691500378,0.0,0.0,0.0,0.0,0.0,0.0,0.0,0.0,0.0,0.0,0.0,0.0,0.0,27258.0,8.0,23972.0,26002.0,8.0,23982.0
40.117516608006554,0.0,0.0,0.0,0.0,0.0,0.0,0.0,0.0,0.0,0.0,0.0,0.0,0.0,27259.0,8.0,23992.0,26003.0,8.0,24005.0
40.138378446979914,0.0,0.0,0.0,0.0,0.0,0.0,0.0,0.0,0.0,0.0,0.0,0.0,0.0,27260.0,8.0,24012.0,26004.0,8.0,24025.0
40.160984351998195,0.0,0.0,0.0,0.0,0.0,0.0,0.0,0.0,0.0,0.0,0.0,0.0,0.0,27261.0,8.0,24032.0,26005.0,8.0,24045.0
40.187585581006715,0.0,0.0,0.0,0.0,0.0,0.0,0.0,0.0,0.0,0.0,0.0,0.0,0.0,27263.0,8.0,24072.0,26006.0,8.0,24075.0
40.31284623697866,0.0,0.0,0.0,0.0,0.0,0.0,0.0,0.0,0.0,0.0,0.0,0.0,0.0,27263.0,8.0,24072.0,26007.0,8.0,24091.0
40.313019497989444,0.0,0.0,0.0,0.0,0.0,0.0,0.0,0.0,0.0,0.0,0.0,0.0,0.0,27265.0,8.0,24112.0,26008.0,8.0,24115.0
40.31308573199203,0.0,0.0,0.0,0.0,0.0,0.0,0.0,0.0,0.0,0.0,0.0,0.0,0.0,27265.0,8.0,24112.0,26009.0,8.0,24122.0
40.31314501399174,0.0,0.0,0.0,0.0,0.0,0.0,0.0,0.0,0.0,0.0,0.0,0.0,0.0,27266.0,8.0,24132.0,26010.0,8.0,24145.0
40.31320159899769,0.0,0.0,0.0,0.0,0.0,0.0,0.0,0.0,0.0,0.0,0.0,0.0,0.0,27268.0,8.0,24172.0,26011.0,8.0,24175.0
40.31325685500633,0.0,0.0,0.0,0.0,0.0,0.0,0.0,0.0,0.0,0.0,0.0,0.0,0.0,27268.0,8.0,24172.0,26012.0,8.0,24182.0
40.31748277498991,0.0,0.0,0.0,0.0,0.0,0.0,0.0,0.0,0.0,0.0,0.0,0.0,0.0,27269.0,8.0,24192.0,26013.0,8.0,24204.0
40.33824276199448,0.0,0.0,0.0,0.0,0.0,0.0,0.0,0.0,0.0,0.0,0.0,0.0,0.0,27270.0,8.0,24212.0,26014.0,8.0,24225.0
40.357209920999594,0.0,0.0,0.0,0.0,0.0,0.0,0.0,0.0,0.0,0.0,0.0,0.0,0.0,27271.0,8.0,24232.0,26015.0,8.0,24245.0
40.389257347997045,0.0,0.0,0.0,0.0,0.0,0.0,0.0,0.0,0.0,0.0,0.0,0.0,0.0,27273.0,8.0,24272.0,26016.0,8.0,24275.0
40.39593683698331,0.0,0.0,0.0,0.0,0.0,0.0,0.0,0.0,0.0,0.0,0.0,0.0,0.0,27273.0,8.0,24272.0,26017.0,8.0,24282.0
40.53173124897876,0.0,0.0,0.0,0.0,0.0,0.0,0.0,0.0,0.0,0.0,0.0,0.0,0.0,27274.0,8.0,24292.0,26018.0,8.0,24305.0
40.53182554000523,0.0,0.0,0.0,0.0,0.0,0.0,0.0,0.0,0.0,0.0,0.0,0.0,0.0,27275.0,8.0,24312.0,26019.0,8.0,24325.0
40.53189514999394,0.0,0.0,0.0,0.0,0.0,0.0,0.0,0.0,0.0,0.0,0.0,0.0,0.0,27276.0,8.0,24332.0,26020.0,8.0,24345.0
40.53195726900594,0.0,0.0,0.0,0.0,0.0,0.0,0.0,0.0,0.0,0.0,0.0,0.0,0.0,27278.0,8.0,24372.0,26021.0,8.0,24375.0
40.53204259098857,0.0,0.0,0.0,0.0,0.0,0.0,0.0,0.0,0.0,0.0,0.0,0.0,0.0,27278.0,8.0,24372.0,26022.0,8.0,24382.0
40.53210071398644,0.0,0.0,0.0,0.0,0.0,0.0,0.0,0.0,0.0,0.0,0.0,0.0,0.0,27279.0,8.0,24392.0,26023.0,8.0,24405.0
40.5354222439928,0.0,0.0,0.0,0.0,0.0,0.0,0.0,0.0,0.0,0.0,0.0,0.0,0.0,27280.0,8.0,24412.0,26024.0,8.0,24425.0
40.56031484898995,0.0,0.0,0.0,0.0,0.0,0.0,0.0,0.0,0.0,0.0,0.0,0.0,0.0,27281.0,8.0,24432.0,26025.0,8.0,24445.0
40.58676081697922,0.0,0.0,0.0,0.0,0.0,0.0,0.0,0.0,0.0,0.0,0.0,0.0,0.0,27283.0,8.0,24472.0,26026.0,8.0,24475.0
40.594464038993465,0.0,0.0,0.0,0.0,0.0,0.0,0.0,0.0,0.0,0.0,0.0,0.0,0.0,27283.0,8.0,24472.0,26027.0,8.0,24482.0
40.615709528006846,0.0,0.0,0.0,0.0,0.0,0.0,0.0,0.0,0.0,0.0,0.0,0.0,0.0,27284.0,8.0,24492.0,26028.0,8.0,24505.0
40.63741851298255,0.0,0.0,0.0,0.0,0.0,0.0,0.0,0.0,0.0,0.0,0.0,0.0,0.0,27285.0,8.0,24512.0,26029.0,8.0,24525.0
40.67797499499284,0.0,0.0,0.0,0.0,0.0,0.0,0.0,0.0,0.0,0.0,0.0,0.0,0.0,27286.0,8.0,24532.0,26030.0,8.0,24545.0
40.777033063001,0.0,0.0,0.0,0.0,0.0,0.0,0.0,0.0,0.0,0.0,0.0,0.0,0.0,27288.0,8.0,24572.0,26031.0,8.0,24575.0
40.77734413498547,0.0,0.0,0.0,0.0,0.0,0.0,0.0,0.0,0.0,0.0,0.0,0.0,0.0,27288.0,8.0,24572.0,26032.0,8.0,24582.0
40.77758264099248,0.0,0.0,0.0,0.0,0.0,0.0,0.0,0.0,0.0,0.0,0.0,0.0,0.0,27289.0,8.0,24592.0,26033.0,8.0,24605.0
40.77774859999772,0.0,0.0,0.0,0.0,0.0,0.0,0.0,0.0,0.0,0.0,0.0,0.0,0.0,27290.0,8.0,24612.0,26034.0,8.0,24625.0
40.777800979994936,0.0,0.0,0.0,0.0,0.0,0.0,0.0,0.0,0.0,0.0,0.0,0.0,0.0,27291.0,8.0,24632.0,26035.0,8.0,24644.0
40.785857923998265,0.0,0.0,0.0,0.0,0.0,0.0,0.0,0.0,0.0,0.0,0.0,0.0,0.0,27293.0,8.0,24672.0,26036.0,8.0,24675.0
40.80278746600379,0.0,0.0,0.0,0.0,0.0,0.0,0.0,0.0,0.0,0.0,0.0,0.0,0.0,27293.0,8.0,24672.0,26037.0,8.0,24682.0
40.830357931001345,0.0,0.0,0.0,0.0,0.0,0.0,0.0,0.0,0.0,0.0,0.0,0.0,0.0,27295.0,8.0,24712.0,26038.0,8.0,24715.0
40.842129405005835,0.0,0.0,0.0,0.0,0.0,0.0,0.0,0.0,0.0,0.0,0.0,0.0,0.0,27295.0,8.0,24712.0,26039.0,8.0,24722.0
40.970865002978826,0.0,0.0,0.0,0.0,0.0,0.0,0.0,0.0,0.0,0.0,0.0,0.0,0.0,27296.0,8.0,24732.0,26040.0,8.0,24745.0
40.97131029900629,0.0,0.0,0.0,0.0,0.0,0.0,0.0,0.0,0.0,0.0,0.0,0.0,0.0,27298.0,8.0,24772.0,26041.0,8.0,24775.0
40.97156149498187,0.0,0.0,0.0,0.0,0.0,0.0,0.0,0.0,0.0,0.0,0.0,0.0,0.0,27298.0,8.0,24772.0,26042.0,8.0,24782.0
40.97163646199624,0.0,0.0,0.0,0.0,0.0,0.0,0.0,0.0,0.0,0.0,0.0,0.0,0.0,27299.0,8.0,24792.0,26043.0,8.0,24805.0
40.97169398597907,0.0,0.0,0.0,0.0,0.0,0.0,0.0,0.0,0.0,0.0,0.0,0.0,0.0,27300.0,8.0,24812.0,26044.0,8.0,24825.0
40.9717470939795,0.0,0.0,0.0,0.0,0.0,0.0,0.0,0.0,0.0,0.0,0.0,0.0,0.0,27301.0,8.0,24832.0,26045.0,8.0,24845.0
40.986646810983075,0.0,0.0,0.0,0.0,0.0,0.0,0.0,0.0,0.0,0.0,0.0,0.0,0.0,27303.0,8.0,24872.0,26046.0,8.0,24875.0
40.993204237980535,0.0,0.0,0.0,0.0,0.0,0.0,0.0,0.0,0.0,0.0,0.0,0.0,0.0,27303.0,8.0,24872.0,26047.0,8.0,24882.0
41.016855694993865,0.0,0.0,0.0,0.0,0.0,0.0,0.0,0.0,0.0,0.0,0.0,0.0,0.0,27304.0,8.0,24892.0,26048.0,8.0,24905.0
41.03499932397972,0.0,0.0,0.0,0.0,0.0,0.0,0.0,0.0,0.0,0.0,0.0,0.0,0.0,27305.0,8.0,24912.0,26049.0,8.0,24925.0
41.05694096599473,0.0,0.0,0.0,0.0,0.0,0.0,0.0,0.0,0.0,0.0,0.0,0.0,0.0,27306.0,8.0,24932.0,26050.0,8.0,24945.0
41.11360425999737,0.0,0.0,0.0,0.0,0.0,0.0,0.0,0.0,0.0,0.0,0.0,0.0,0.0,27308.0,8.0,24972.0,26051.0,8.0,24975.0
41.113998735992936,0.0,0.0,0.0,0.0,0.0,0.0,0.0,0.0,0.0,0.0,0.0,0.0,0.0,27308.0,8.0,24972.0,26052.0,8.0,24982.0
41.19080909900367,0.0,0.0,0.0,0.0,0.0,0.0,0.0,0.0,0.0,0.0,0.0,0.0,0.0,27309.0,8.0,24992.0,26053.0,8.0,25005.0
41.19119581198902,0.0,0.0,0.0,0.0,0.0,0.0,0.0,0.0,0.0,0.0,0.0,0.0,0.0,27311.0,8.0,25032.0,26054.0,8.0,25038.0
41.191398344992194,0.0,0.0,0.0,0.0,0.0,0.0,0.0,0.0,0.0,0.0,0.0,0.0,0.0,27311.0,8.0,25032.0,26055.0,8.0,25045.0
41.19145631798892,0.0,0.0,0.0,0.0,0.0,0.0,0.0,0.0,0.0,0.0,0.0,0.0,0.0,27313.0,8.0,25072.0,26056.0,8.0,25075.0
41.19304303399986,0.0,0.0,0.0,0.0,0.0,0.0,0.0,0.0,0.0,0.0,0.0,0.0,0.0,27313.0,8.0,25072.0,26057.0,8.0,25082.0
41.224724364990834,0.0,0.0,0.0,0.0,0.0,0.0,0.0,0.0,0.0,0.0,0.0,0.0,0.0,27315.0,8.0,25112.0,26058.0,8.0,25115.0
41.23382799400133,0.0,0.0,0.0,0.0,0.0,0.0,0.0,0.0,0.0,0.0,0.0,0.0,0.0,27315.0,8.0,25112.0,26059.0,8.0,25122.0
41.254487273981795,0.0,0.0,0.0,0.0,0.0,0.0,0.0,0.0,0.0,0.0,0.0,0.0,0.0,27316.0,8.0,25132.0,26060.0,8.0,25145.0
41.286362316983286,0.0,0.0,0.0,0.0,0.0,0.0,0.0,0.0,0.0,0.0,0.0,0.0,0.0,27318.0,8.0,25172.0,26061.0,8.0,25175.0
41.291958329005865,0.0,0.0,0.0,0.0,0.0,0.0,0.0,0.0,0.0,0.0,0.0,0.0,0.0,27318.0,8.0,25172.0,26062.0,8.0,25182.0
41.409281256987015,0.0,0.0,0.0,0.0,0.0,0.0,0.0,0.0,0.0,0.0,0.0,0.0,0.0,27320.0,8.0,25212.0,26063.0,8.0,25215.0
41.409656760981306,0.0,0.0,0.0,0.0,0.0,0.0,0.0,0.0,0.0,0.0,0.0,0.0,0.0,27320.0,8.0,25212.0,26064.0,8.0,25222.0
41.4099317539949,0.0,0.0,0.0,0.0,0.0,0.0,0.0,0.0,0.0,0.0,0.0,0.0,0.0,27321.0,8.0,25232.0,26065.0,8.0,25245.0
41.41017333799391,0.0,0.0,0.0,0.0,0.0,0.0,0.0,0.0,0.0,0.0,0.0,0.0,0.0,27323.0,8.0,25272.0,26066.0,8.0,25275.0
41.41024091298459,0.0,0.0,0.0,0.0,0.0,0.0,0.0,0.0,0.0,0.0,0.0,0.0,0.0,27323.0,8.0,25272.0,26067.0,8.0,25283.0
41.41563532198779,0.0,0.0,0.0,0.0,0.0,0.0,0.0,0.0,0.0,0.0,0.0,0.0,0.0,27324.0,8.0,25292.0,26068.0,8.0,25305.0
41.43408950799494,0.0,0.0,0.0,0.0,0.0,0.0,0.0,0.0,0.0,0.0,0.0,0.0,0.0,27325.0,8.0,25312.0,26069.0,8.0,25325.0
41.45367086798069,0.0,0.0,0.0,0.0,0.0,0.0,0.0,0.0,0.0,0.0,0.0,0.0,0.0,27326.0,8.0,25332.0,26070.0,8.0,25345.0
41.483982351986924,0.0,0.0,0.0,0.0,0.0,0.0,0.0,0.0,0.0,0.0,0.0,0.0,0.0,27328.0,8.0,25372.0,26071.0,8.0,25375.0
41.49171906200354,0.0,0.0,0.0,0.0,0.0,0.0,0.0,0.0,0.0,0.0,0.0,0.0,0.0,27328.0,8.0,25372.0,26072.0,8.0,25381.0
41.63047993098735,0.0,0.0,0.0,0.0,0.0,0.0,0.0,0.0,0.0,0.0,0.0,0.0,0.0,27330.0,8.0,25412.0,26073.0,8.0,25415.0
41.630879842006834,0.0,0.0,0.0,0.0,0.0,0.0,0.0,0.0,0.0,0.0,0.0,0.0,0.0,27330.0,8.0,25412.0,26074.0,8.0,25422.0
41.63095048299874,0.0,0.0,0.0,0.0,0.0,0.0,0.0,0.0,0.0,0.0,0.0,0.0,0.0,27331.0,8.0,25432.0,26075.0,8.0,25445.0
41.63100863699219,0.0,0.0,0.0,0.0,0.0,0.0,0.0,0.0,0.0,0.0,0.0,0.0,0.0,27333.0,8.0,25472.0,26076.0,8.0,25475.0
41.631062633998226,0.0,0.0,0.0,0.0,0.0,0.0,0.0,0.0,0.0,0.0,0.0,0.0,0.0,27333.0,8.0,25472.0,26077.0,8.0,25482.0
41.63111606199527,0.0,0.0,0.0,0.0,0.0,0.0,0.0,0.0,0.0,0.0,0.0,0.0,0.0,27334.0,8.0,25492.0,26078.0,8.0,25505.0
41.63332922800328,0.0,0.0,0.0,0.0,0.0,0.0,0.0,0.0,0.0,0.0,0.0,0.0,0.0,27335.0,8.0,25512.0,26079.0,8.0,25525.0
41.65431830700254,0.0,0.0,0.0,0.0,0.0,0.0,0.0,0.0,0.0,0.0,0.0,0.0,0.0,27336.0,8.0,25532.0,26080.0,8.0,25545.0
41.68453358497936,0.0,0.0,0.0,0.0,0.0,0.0,0.0,0.0,0.0,0.0,0.0,0.0,0.0,27338.0,8.0,25572.0,26081.0,8.0,25575.0
41.69233776899637,0.0,0.0,0.0,0.0,0.0,0.0,0.0,0.0,0.0,0.0,0.0,0.0,0.0,27338.0,8.0,25572.0,26082.0,8.0,25582.0
41.72314217299572,0.0,0.0,0.0,0.0,0.0,0.0,0.0,0.0,0.0,0.0,0.0,0.0,0.0,27340.0,8.0,25612.0,26083.0,8.0,25615.0
41.72983771600411,0.0,0.0,0.0,0.0,0.0,0.0,0.0,0.0,0.0,0.0,0.0,0.0,0.0,27340.0,8.0,25612.0,26084.0,8.0,25622.0
42.362652858981164,0.0,0.0,0.0,0.0,0.0,0.0,0.0,0.0,0.0,0.0,0.0,0.0,0.0,27353.0,8.0,25872.0,26097.0,8.0,25882.0
42.36311553500127,0.0,0.0,0.0,0.0,0.0,0.0,0.0,0.0,0.0,0.0,0.0,0.0,0.0,27355.0,8.0,25911.0,26098.0,8.0,25915.0
42.363368430989794,0.0,0.0,0.0,0.0,0.0,0.0,0.0,0.0,0.0,0.0,0.0,0.0,0.0,27355.0,8.0,25911.0,26099.0,8.0,25922.0
42.36343648598995,0.0,0.0,0.0,0.0,0.0,0.0,0.0,0.0,0.0,0.0,0.0,0.0,0.0,27357.0,8.0,25952.0,26100.0,8.0,25957.0
42.363494178978726,0.0,0.0,0.0,0.0,0.0,0.0,0.0,0.0,0.0,0.0,0.0,0.0,0.0,27357.0,8.0,25952.0,26101.0,8.0,25968.0
42.36355089300196,0.0,0.0,0.0,0.0,0.0,0.0,0.0,0.0,0.0,0.0,0.0,0.0,0.0,27359.0,8.0,25992.0,26102.0,8.0,25995.0
42.363603770994814,0.0,0.0,0.0,0.0,0.0,0.0,0.0,0.0,0.0,0.0,0.0,0.0,0.0,27359.0,8.0,25992.0,26103.0,8.0,26002.0
42.36366017500404,0.0,0.0,0.0,0.0,0.0,0.0,0.0,0.0,0.0,0.0,0.0,0.0,0.0,27360.0,8.0,26012.0,26104.0,8.0,26025.0
42.36371569999028,0.0,0.0,0.0,0.0,0.0,0.0,0.0,0.0,0.0,0.0,0.0,0.0,0.0,27361.0,8.0,26032.0,26105.0,8.0,26045.0
42.363772145006806,0.0,0.0,0.0,0.0,0.0,0.0,0.0,0.0,0.0,0.0,0.0,0.0,0.0,27363.0,8.0,26072.0,26106.0,8.0,26075.0
42.38011947699124,0.0,0.0,0.0,0.0,0.0,0.0,0.0,0.0,0.0,0.0,0.0,0.0,0.0,27373.0,8.0,26272.0,26107.0,8.0,26272.0
42.38764719499159,0.0,0.0,0.0,0.0,0.0,0.0,0.0,0.0,0.0,0.0,0.0,0.0,0.0,27373.0,8.0,26272.0,26108.0,8.0,26280.0
42.42168763198424,0.0,0.0,0.0,0.0,0.0,0.0,0.0,0.0,0.0,0.0,0.0,0.0,0.0,27375.0,8.0,26312.0,26109.0,8.0,26315.0
42.42786719900323,0.0,0.0,0.0,0.0,0.0,0.0,0.0,0.0,0.0,0.0,0.0,0.0,0.0,27375.0,8.0,26312.0,26110.0,8.0,26322.0
42.45086215098854,0.0,0.0,0.0,0.0,0.0,0.0,0.0,0.0,0.0,0.0,0.0,0.0,0.0,27376.0,8.0,26332.0,26111.0,8.0,26345.0
42.87013123600627,0.0,0.0,0.0,0.0,0.0,0.0,0.0,0.0,0.0,0.0,0.0,0.0,0.0,27377.0,8.0,26352.0,26112.0,8.0,26365.0
42.87040073800017,0.0,0.0,0.0,0.0,0.0,0.0,0.0,0.0,0.0,0.0,0.0,0.0,0.0,27378.0,8.0,26372.0,26113.0,8.0,26385.0
42.87048175200471,0.0,0.0,0.0,0.0,0.0,0.0,0.0,0.0,0.0,0.0,0.0,0.0,0.0,27379.0,8.0,26392.0,26114.0,8.0,26405.0
42.870549926999956,0.0,0.0,0.0,0.0,0.0,0.0,0.0,0.0,0.0,0.0,0.0,0.0,0.0,27380.0,8.0,26412.0,26115.0,8.0,26425.0
42.870615894004004,0.0,0.0,0.0,0.0,0.0,0.0,0.0,0.0,0.0,0.0,0.0,0.0,0.0,27382.0,8.0,26452.0,26116.0,8.0,26458.0
42.870673776982585,0.0,0.0,0.0,0.0,0.0,0.0,0.0,0.0,0.0,0.0,0.0,0.0,0.0,27382.0,8.0,26452.0,26117.0,8.0,26465.0
42.87073417799547,0.0,0.0,0.0,0.0,0.0,0.0,0.0,0.0,0.0,0.0,0.0,0.0,0.0,27383.0,8.0,26472.0,26118.0,8.0,26485.0
42.87079367999104,0.0,0.0,0.0,0.0,0.0,0.0,0.0,0.0,0.0,0.0,0.0,0.0,0.0,27384.0,8.0,26492.0,26119.0,8.0,26505.0
42.87086270499276,0.0,0.0,0.0,0.0,0.0,0.0,0.0,0.0,0.0,0.0,0.0,0.0,0.0,27385.0,8.0,26512.0,26120.0,8.0,26525.0
42.87092540398589,0.0,0.0,0.0,0.0,0.0,0.0,0.0,0.0,0.0,0.0,0.0,0.0,0.0,27387.0,8.0,26552.0,26121.0,8.0,26556.0
42.8709860649833,0.0,0.0,0.0,0.0,0.0,0.0,0.0,0.0,0.0,0.0,0.0,0.0,0.0,27387.0,8.0,26552.0,26122.0,8.0,26563.0
42.871046315995045,0.0,0.0,0.0,0.0,0.0,0.0,0.0,0.0,0.0,0.0,0.0,0.0,0.0,27388.0,8.0,26572.0,26123.0,8.0,26585.0
42.87110558798304,0.0,0.0,0.0,0.0,0.0,0.0,0.0,0.0,0.0,0.0,0.0,0.0,0.0,27389.0,8.0,26592.0,26124.0,8.0,26605.0
42.871163031988544,0.0,0.0,0.0,0.0,0.0,0.0,0.0,0.0,0.0,0.0,0.0,0.0,0.0,27390.0,8.0,26612.0,26125.0,8.0,26625.0
42.87132303300314,0.0,0.0,0.0,0.0,0.0,0.0,0.0,0.0,0.0,0.0,0.0,0.0,0.0,27392.0,8.0,26652.0,26126.0,8.0,26655.0
42.871553335979115,0.0,0.0,0.0,0.0,0.0,0.0,0.0,0.0,0.0,0.0,0.0,0.0,0.0,27392.0,8.0,26652.0,26127.0,8.0,26662.0
42.87163743900601,0.0,0.0,0.0,0.0,0.0,0.0,0.0,0.0,0.0,0.0,0.0,0.0,0.0,27394.0,8.0,26692.0,26128.0,8.0,26695.0
42.871723938995274,0.0,0.0,0.0,0.0,0.0,0.0,0.0,0.0,0.0,0.0,0.0,0.0,0.0,27394.0,8.0,26692.0,26129.0,8.0,26702.0
42.871808600000804,0.0,0.0,0.0,0.0,0.0,0.0,0.0,0.0,0.0,0.0,0.0,0.0,0.0,27395.0,8.0,26712.0,26130.0,8.0,26725.0
42.87199019399122,0.0,0.0,0.0,0.0,0.0,0.0,0.0,0.0,0.0,0.0,0.0,0.0,0.0,27397.0,8.0,26752.0,26131.0,8.0,26755.0
42.872216969990404,0.0,0.0,0.0,0.0,0.0,0.0,0.0,0.0,0.0,0.0,0.0,0.0,0.0,27397.0,8.0,26752.0,26132.0,8.0,26763.0
42.88955814400106,0.0,0.0,0.0,0.0,0.0,0.0,0.0,0.0,0.0,0.0,0.0,0.0,0.0,27398.0,8.0,26772.0,26133.0,8.0,26785.0
42.91272624800331,0.0,0.0,0.0,0.0,0.0,0.0,0.0,0.0,0.0,0.0,0.0,0.0,0.0,27399.0,8.0,26792.0,26134.0,8.0,26804.0
42.92968649498653,0.0,0.0,0.0,0.0,0.0,0.0,0.0,0.0,0.0,0.0,0.0,0.0,0.0,27400.0,8.0,26812.0,26135.0,8.0,26825.0
42.959503457997926,0.0,0.0,0.0,0.0,0.0,0.0,0.0,0.0,0.0,0.0,0.0,0.0,0.0,27402.0,8.0,26852.0,26136.0,8.0,26855.0
42.970096592995105,0.0,0.0,0.0,0.0,0.0,0.0,0.0,0.0,0.0,0.0,0.0,0.0,0.0,27402.0,8.0,26852.0,26137.0,8.0,26862.0
43.37548612500541,0.0,0.0,0.0,0.0,0.0,0.0,0.0,0.0,0.0,0.0,0.0,0.0,0.0,27403.0,8.0,26872.0,26138.0,8.0,26885.0
43.37565997199272,0.0,0.0,0.0,0.0,0.0,0.0,0.0,0.0,0.0,0.0,0.0,0.0,0.0,27404.0,8.0,26892.0,26139.0,8.0,26905.0
43.375731634994736,0.0,0.0,0.0,0.0,0.0,0.0,0.0,0.0,0.0,0.0,0.0,0.0,0.0,27405.0,8.0,26912.0,26140.0,8.0,26925.0
43.375796432985226,0.0,0.0,0.0,0.0,0.0,0.0,0.0,0.0,0.0,0.0,0.0,0.0,0.0,27407.0,8.0,26952.0,26141.0,8.0,26957.0
43.375867655995535,0.0,0.0,0.0,0.0,0.0,0.0,0.0,0.0,0.0,0.0,0.0,0.0,0.0,27407.0,8.0,26952.0,26142.0,8.0,26964.0
43.37592472898541,0.0,0.0,0.0,0.0,0.0,0.0,0.0,0.0,0.0,0.0,0.0,0.0,0.0,27408.0,8.0,26972.0,26143.0,8.0,26985.0
43.376016569003696,0.0,0.0,0.0,0.0,0.0,0.0,0.0,0.0,0.0,0.0,0.0,0.0,0.0,27409.0,8.0,26992.0,26144.0,8.0,27005.0
43.376105860981625,0.0,0.0,0.0,0.0,0.0,0.0,0.0,0.0,0.0,0.0,0.0,0.0,0.0,27410.0,8.0,27012.0,26145.0,8.0,27025.0
43.37631476399838,0.0,0.0,0.0,0.0,0.0,0.0,0.0,0.0,0.0,0.0,0.0,0.0,0.0,27412.0,8.0,27052.0,26146.0,8.0,27055.0
43.376417136983946,0.0,0.0,0.0,0.0,0.0,0.0,0.0,0.0,0.0,0.0,0.0,0.0,0.0,27412.0,8.0,27052.0,26147.0,8.0,27062.0
43.37649955399684,0.0,0.0,0.0,0.0,0.0,0.0,0.0,0.0,0.0,0.0,0.0,0.0,0.0,27413.0,8.0,27072.0,26148.0,8.0,27085.0
43.376601096999366,0.0,0.0,0.0,0.0,0.0,0.0,0.0,0.0,0.0,0.0,0.0,0.0,0.0,27414.0,8.0,27092.0,26149.0,8.0,27105.0
43.376681364985416,0.0,0.0,0.0,0.0,0.0,0.0,0.0,0.0,0.0,0.0,0.0,0.0,0.0,27415.0,8.0,27112.0,26150.0,8.0,27125.0
43.37678635600605,0.0,0.0,0.0,0.0,0.0,0.0,0.0,0.0,0.0,0.0,0.0,0.0,0.0,27417.0,8.0,27152.0,26151.0,8.0,27155.0
43.3769693869981,0.0,0.0,0.0,0.0,0.0,0.0,0.0,0.0,0.0,0.0,0.0,0.0,0.0,27417.0,8.0,27152.0,26152.0,8.0,27162.0
43.37707651700475,0.0,0.0,0.0,0.0,0.0,0.0,0.0,0.0,0.0,0.0,0.0,0.0,0.0,27418.0,8.0,27172.0,26153.0,8.0,27184.0
43.37717327399878,0.0,0.0,0.0,0.0,0.0,0.0,0.0,0.0,0.0,0.0,0.0,0.0,0.0,27419.0,8.0,27192.0,26154.0,8.0,27204.0
43.377258708002046,0.0,0.0,0.0,0.0,0.0,0.0,0.0,0.0,0.0,0.0,0.0,0.0,0.0,27420.0,8.0,27212.0,26155.0,8.0,27225.0
43.377470050007105,0.0,0.0,0.0,0.0,0.0,0.0,0.0,0.0,0.0,0.0,0.0,0.0,0.0,27422.0,8.0,27252.0,26156.0,8.0,27255.0
43.37755484500667,0.0,0.0,0.0,0.0,0.0,0.0,0.0,0.0,0.0,0.0,0.0,0.0,0.0,27422.0,8.0,27252.0,26157.0,8.0,27261.0
43.399237148987595,0.0,0.0,0.0,0.0,0.0,0.0,0.0,0.0,0.0,0.0,0.0,0.0,0.0,27424.0,8.0,27292.0,26158.0,8.0,27295.0
43.40543311400688,0.0,0.0,0.0,0.0,0.0,0.0,0.0,0.0,0.0,0.0,0.0,0.0,0.0,27424.0,8.0,27292.0,26159.0,8.0,27302.0
43.439954445988405,0.0,0.0,0.0,0.0,0.0,0.0,0.0,0.0,0.0,0.0,0.0,0.0,0.0,27426.0,8.0,27332.0,26160.0,8.0,27335.0
43.451649680006085,0.0,0.0,0.0,0.0,0.0,0.0,0.0,0.0,0.0,0.0,0.0,0.0,0.0,27426.0,8.0,27332.0,26161.0,8.0,27347.0
43.46825395000633,0.0,0.0,0.0,0.0,0.0,0.0,0.0,0.0,0.0,0.0,0.0,0.0,0.0,27427.0,8.0,27352.0,26162.0,8.0,27365.0
43.88465635100147,0.0,0.0,0.0,0.0,0.0,0.0,0.0,0.0,0.0,0.0,0.0,0.0,0.0,27428.0,8.0,27372.0,26163.0,8.0,27385.0
43.88481489100377,0.0,0.0,0.0,0.0,0.0,0.0,0.0,0.0,0.0,0.0,0.0,0.0,0.0,27429.0,8.0,27392.0,26164.0,8.0,27405.0
43.884903745987685,0.0,0.0,0.0,0.0,0.0,0.0,0.0,0.0,0.0,0.0,0.0,0.0,0.0,27430.0,8.0,27412.0,26165.0,8.0,27425.0
43.88496736399247,0.0,0.0,0.0,0.0,0.0,0.0,0.0,0.0,0.0,0.0,0.0,0.0,0.0,27432.0,8.0,27452.0,26166.0,8.0,27457.0
43.885021786001744,0.0,0.0,0.0,0.0,0.0,0.0,0.0,0.0,0.0,0.0,0.0,0.0,0.0,27432.0,8.0,27452.0,26167.0,8.0,27464.0
43.8850844539993,0.0,0.0,0.0,0.0,0.0,0.0,0.0,0.0,0.0,0.0,0.0,0.0,0.0,27433.0,8.0,27472.0,26168.0,8.0,27485.0
43.88517055998091,0.0,0.0,0.0,0.0,0.0,0.0,0.0,0.0,0.0,0.0,0.0,0.0,0.0,27434.0,8.0,27492.0,26169.0,8.0,27505.0
43.885230099986074,0.0,0.0,0.0,0.0,0.0,0.0,0.0,0.0,0.0,0.0,0.0,0.0,0.0,27435.0,8.0,27512.0,26170.0,8.0,27525.0
43.8852847229864,0.0,0.0,0.0,0.0,0.0,0.0,0.0,0.0,0.0,0.0,0.0,0.0,0.0,27437.0,8.0,27552.0,26171.0,8.0,27555.0
43.88534445199184,0.0,0.0,0.0,0.0,0.0,0.0,0.0,0.0,0.0,0.0,0.0,0.0,0.0,27437.0,8.0,27552.0,26172.0,8.0,27562.0
43.885423672007164,0.0,0.0,0.0,0.0,0.0,0.0,0.0,0.0,0.0,0.0,0.0,0.0,0.0,27439.0,8.0,27592.0,26173.0,8.0,27595.0
43.88553402599064,0.0,0.0,0.0,0.0,0.0,0.0,0.0,0.0,0.0,0.0,0.0,0.0,0.0,27439.0,8.0,27592.0,26174.0,8.0,27602.0
43.8856102169957,0.0,0.0,0.0,0.0,0.0,0.0,0.0,0.0,0.0,0.0,0.0,0.0,0.0,27440.0,8.0,27612.0,26175.0,8.0,27625.0
43.88578038098058,0.0,0.0,0.0,0.0,0.0,0.0,0.0,0.0,0.0,0.0,0.0,0.0,0.0,27442.0,8.0,27652.0,26176.0,8.0,27655.0
43.88587414298672,0.0,0.0,0.0,0.0,0.0,0.0,0.0,0.0,0.0,0.0,0.0,0.0,0.0,27442.0,8.0,27652.0,26177.0,8.0,27662.0
43.88595605199225,0.0,0.0,0.0,0.0,0.0,0.0,0.0,0.0,0.0,0.0,0.0,0.0,0.0,27443.0,8.0,27672.0,26178.0,8.0,27685.0
43.886009124980774,0.0,0.0,0.0,0.0,0.0,0.0,0.0,0.0,0.0,0.0,0.0,0.0,0.0,27444.0,8.0,27692.0,26179.0,8.0,27705.0
43.88608539599227,0.0,0.0,0.0,0.0,0.0,0.0,0.0,0.0,0.0,0.0,0.0,0.0,0.0,27445.0,8.0,27712.0,26180.0,8.0,27725.0
43.88642945198808,0.0,0.0,0.0,0.0,0.0,0.0,0.0,0.0,0.0,0.0,0.0,0.0,0.0,27447.0,8.0,27752.0,26181.0,8.0,27755.0
43.88650738200522,0.0,0.0,0.0,0.0,0.0,0.0,0.0,0.0,0.0,0.0,0.0,0.0,0.0,27447.0,8.0,27752.0,26182.0,8.0,27762.0
43.89394233899657,0.0,0.0,0.0,0.0,0.0,0.0,0.0,0.0,0.0,0.0,0.0,0.0,0.0,27448.0,8.0,27772.0,26183.0,8.0,27785.0
43.907236170984106,0.0,0.0,0.0,0.0,0.0,0.0,0.0,0.0,0.0,0.0,0.0,0.0,0.0,27449.0,8.0,27792.0,26184.0,8.0,27805.0
43.92803989298409,0.0,0.0,0.0,0.0,0.0,0.0,0.0,0.0,0.0,0.0,0.0,0.0,0.0,27450.0,8.0,27812.0,26185.0,8.0,27825.0
43.9595938079874,0.0,0.0,0.0,0.0,0.0,0.0,0.0,0.0,0.0,0.0,0.0,0.0,0.0,27452.0,8.0,27852.0,26186.0,8.0,27855.0
43.9649417239998,0.0,0.0,0.0,0.0,0.0,0.0,0.0,0.0,0.0,0.0,0.0,0.0,0.0,27452.0,8.0,27852.0,26187.0,8.0,27863.0
43.98694541599252,0.0,0.0,0.0,0.0,0.0,0.0,0.0,0.0,0.0,0.0,0.0,0.0,0.0,27453.0,8.0,27872.0,26188.0,8.0,27885.0
44.402606842981186,0.0,0.0,0.0,0.0,0.0,0.0,0.0,0.0,0.0,0.0,0.0,0.0,0.0,27454.0,8.0,27892.0,26189.0,8.0,27905.0
44.40272296400508,0.0,0.0,0.0,0.0,0.0,0.0,0.0,0.0,0.0,0.0,0.0,0.0,0.0,27455.0,8.0,27912.0,26190.0,8.0,27925.0
44.40278865999426,0.0,0.0,0.0,0.0,0.0,0.0,0.0,0.0,0.0,0.0,0.0,0.0,0.0,27457.0,8.0,27952.0,26191.0,8.0,27957.0
44.40286504197866,0.0,0.0,0.0,0.0,0.0,0.0,0.0,0.0,0.0,0.0,0.0,0.0,0.0,27457.0,8.0,27952.0,26192.0,8.0,27964.0
44.402922641980695,0.0,0.0,0.0,0.0,0.0,0.0,0.0,0.0,0.0,0.0,0.0,0.0,0.0,27458.0,8.0,27972.0,26193.0,8.0,27985.0
44.40297679498326,0.0,0.0,0.0,0.0,0.0,0.0,0.0,0.0,0.0,0.0,0.0,0.0,0.0,27459.0,8.0,27992.0,26194.0,8.0,28005.0
44.403030618006596,0.0,0.0,0.0,0.0,0.0,0.0,0.0,0.0,0.0,0.0,0.0,0.0,0.0,27460.0,8.0,28012.0,26195.0,8.0,28025.0
44.40318172099069,0.0,0.0,0.0,0.0,0.0,0.0,0.0,0.0,0.0,0.0,0.0,0.0,0.0,27462.0,8.0,28052.0,26196.0,8.0,28055.0
44.40325955100707,0.0,0.0,0.0,0.0,0.0,0.0,0.0,0.0,0.0,0.0,0.0,0.0,0.0,27462.0,8.0,28052.0,26197.0,8.0,28062.0
44.40334175998578,0.0,0.0,0.0,0.0,0.0,0.0,0.0,0.0,0.0,0.0,0.0,0.0,0.0,27464.0,8.0,28092.0,26198.0,8.0,28095.0
44.40950824000174,0.0,0.0,0.0,0.0,0.0,0.0,0.0,0.0,0.0,0.0,0.0,0.0,0.0,27474.0,8.0,28292.0,26199.0,8.0,28307.0
44.426690399006475,0.0,0.0,0.0,0.0,0.0,0.0,0.0,0.0,0.0,0.0,0.0,0.0,0.0,27475.0,8.0,28312.0,26200.0,8.0,28325.0
44.4608530899859,0.0,0.0,0.0,0.0,0.0,0.0,0.0,0.0,0.0,0.0,0.0,0.0,0.0,27477.0,8.0,28352.0,26201.0,8.0,28355.0
44.46276715898421,0.0,0.0,0.0,0.0,0.0,0.0,0.0,0.0,0.0,0.0,0.0,0.0,0.0,27477.0,8.0,28352.0,26202.0,8.0,28362.0
44.495878883986734,0.0,0.0,0.0,0.0,0.0,0.0,0.0,0.0,0.0,0.0,0.0,0.0,0.0,27478.0,8.0,28372.0,26203.0,8.0,28385.0
44.903420207992895,0.0,0.0,0.0,0.0,0.0,0.0,0.0,0.0,0.0,0.0,0.0,0.0,0.0,27487.0,8.0,28552.0,26211.0,8.0,28555.0
44.90359708300093,0.0,0.0,0.0,0.0,0.0,0.0,0.0,0.0,0.0,0.0,0.0,0.0,0.0,27487.0,8.0,28552.0,26212.0,8.0,28562.0
44.903664807992755,0.0,0.0,0.0,0.0,0.0,0.0,0.0,0.0,0.0,0.0,0.0,0.0,0.0,27488.0,8.0,28572.0,26213.0,8.0,28585.0
44.90372586500598,0.0,0.0,0.0,0.0,0.0,0.0,0.0,0.0,0.0,0.0,0.0,0.0,0.0,27489.0,8.0,28592.0,26214.0,8.0,28605.0
44.903783613000996,0.0,0.0,0.0,0.0,0.0,0.0,0.0,0.0,0.0,0.0,0.0,0.0,0.0,27490.0,8.0,28612.0,26215.0,8.0,28625.0
44.90384385100333,0.0,0.0,0.0,0.0,0.0,0.0,0.0,0.0,0.0,0.0,0.0,0.0,0.0,27492.0,8.0,28652.0,26216.0,8.0,28655.0
44.903901109995786,0.0,0.0,0.0,0.0,0.0,0.0,0.0,0.0,0.0,0.0,0.0,0.0,0.0,27492.0,8.0,28652.0,26217.0,8.0,28662.0
44.90395487999194,0.0,0.0,0.0,0.0,0.0,0.0,0.0,0.0,0.0,0.0,0.0,0.0,0.0,27493.0,8.0,28672.0,26218.0,8.0,28685.0
44.90401001900318,0.0,0.0,0.0,0.0,0.0,0.0,0.0,0.0,0.0,0.0,0.0,0.0,0.0,27494.0,8.0,28692.0,26219.0,8.0,28705.0
44.90406134998193,0.0,0.0,0.0,0.0,0.0,0.0,0.0,0.0,0.0,0.0,0.0,0.0,0.0,27495.0,8.0,28712.0,26220.0,8.0,28725.0
44.90411431097891,0.0,0.0,0.0,0.0,0.0,0.0,0.0,0.0,0.0,0.0,0.0,0.0,0.0,27497.0,8.0,28752.0,26221.0,8.0,28755.0
44.904166230990086,0.0,0.0,0.0,0.0,0.0,0.0,0.0,0.0,0.0,0.0,0.0,0.0,0.0,27497.0,8.0,28752.0,26222.0,8.0,28762.0
44.90421880199574,0.0,0.0,0.0,0.0,0.0,0.0,0.0,0.0,0.0,0.0,0.0,0.0,0.0,27498.0,8.0,28772.0,26223.0,8.0,28785.0
44.90649178798776,0.0,0.0,0.0,0.0,0.0,0.0,0.0,0.0,0.0,0.0,0.0,0.0,0.0,27499.0,8.0,28792.0,26224.0,8.0,28805.0
44.92527594298008,0.0,0.0,0.0,0.0,0.0,0.0,0.0,0.0,0.0,0.0,0.0,0.0,0.0,27500.0,8.0,28812.0,26225.0,8.0,28825.0
44.96060092598782,0.0,0.0,0.0,0.0,0.0,0.0,0.0,0.0,0.0,0.0,0.0,0.0,0.0,27502.0,8.0,28852.0,26226.0,8.0,28856.0
44.96351375398808,0.0,0.0,0.0,0.0,0.0,0.0,0.0,0.0,0.0,0.0,0.0,0.0,0.0,27502.0,8.0,28852.0,26227.0,8.0,28862.0
44.994699714006856,0.0,0.0,0.0,0.0,0.0,0.0,0.0,0.0,0.0,0.0,0.0,0.0,0.0,27503.0,8.0,28872.0,26228.0,8.0,28885.0
45.00446470800671,0.0,0.0,0.0,0.0,0.0,0.0,0.0,0.0,0.0,0.0,0.0,0.0,0.0,27504.0,8.0,28892.0,26229.0,8.0,28905.0
45.41151211198303,0.0,0.0,0.0,0.0,0.0,0.0,0.0,0.0,0.0,0.0,0.0,0.0,0.0,27512.0,8.0,29052.0,26237.0,8.0,29062.0
45.411774713982595,0.0,0.0,0.0,0.0,0.0,0.0,0.0,0.0,0.0,0.0,0.0,0.0,0.0,27515.0,8.0,29112.0,26240.0,8.0,29125.0
45.411846557981335,0.0,0.0,0.0,0.0,0.0,0.0,0.0,0.0,0.0,0.0,0.0,0.0,0.0,27517.0,8.0,29152.0,26241.0,8.0,29155.0
45.41190645599272,0.0,0.0,0.0,0.0,0.0,0.0,0.0,0.0,0.0,0.0,0.0,0.0,0.0,27517.0,8.0,29152.0,26242.0,8.0,29163.0
45.41196275499533,0.0,0.0,0.0,0.0,0.0,0.0,0.0,0.0,0.0,0.0,0.0,0.0,0.0,27518.0,8.0,29172.0,26243.0,8.0,29185.0
45.41201532498235,0.0,0.0,0.0,0.0,0.0,0.0,0.0,0.0,0.0,0.0,0.0,0.0,0.0,27519.0,8.0,29192.0,26244.0,8.0,29205.0
45.41206740599591,0.0,0.0,0.0,0.0,0.0,0.0,0.0,0.0,0.0,0.0,0.0,0.0,0.0,27520.0,8.0,29212.0,26245.0,8.0,29225.0
45.41212002598331,0.0,0.0,0.0,0.0,0.0,0.0,0.0,0.0,0.0,0.0,0.0,0.0,0.0,27522.0,8.0,29252.0,26246.0,8.0,29255.0
45.412172707001446,0.0,0.0,0.0,0.0,0.0,0.0,0.0,0.0,0.0,0.0,0.0,0.0,0.0,27522.0,8.0,29252.0,26247.0,8.0,29262.0
45.41222601698246,0.0,0.0,0.0,0.0,0.0,0.0,0.0,0.0,0.0,0.0,0.0,0.0,0.0,27523.0,8.0,29272.0,26248.0,8.0,29285.0
45.41227902699029,0.0,0.0,0.0,0.0,0.0,0.0,0.0,0.0,0.0,0.0,0.0,0.0,0.0,27524.0,8.0,29292.0,26249.0,8.0,29305.0
45.42374769898015,0.0,0.0,0.0,0.0,0.0,0.0,0.0,0.0,0.0,0.0,0.0,0.0,0.0,27525.0,8.0,29312.0,26250.0,8.0,29324.0
45.458518636994995,0.0,0.0,0.0,0.0,0.0,0.0,0.0,0.0,0.0,0.0,0.0,0.0,0.0,27527.0,8.0,29352.0,26251.0,8.0,29355.0
45.45997852500295,0.0,0.0,0.0,0.0,0.0,0.0,0.0,0.0,0.0,0.0,0.0,0.0,0.0,27527.0,8.0,29352.0,26252.0,8.0,29362.0
45.495958115003305,0.0,0.0,0.0,0.0,0.0,0.0,0.0,0.0,0.0,0.0,0.0,0.0,0.0,27529.0,8.0,29392.0,26253.0,8.0,29395.0
45.501035689987475,0.0,0.0,0.0,0.0,0.0,0.0,0.0,0.0,0.0,0.0,0.0,0.0,0.0,27529.0,8.0,29392.0,26254.0,8.0,29402.0
45.92254909899202,0.0,0.0,0.0,0.0,0.0,0.0,0.0,0.0,0.0,0.0,0.0,0.0,0.0,27531.0,8.0,29432.0,26255.0,8.0,29435.0
45.922966876998544,0.0,0.0,0.0,0.0,0.0,0.0,0.0,0.0,0.0,0.0,0.0,0.0,0.0,27531.0,8.0,29432.0,26256.0,8.0,29447.0
45.923222894984065,0.0,0.0,0.0,0.0,0.0,0.0,0.0,0.0,0.0,0.0,0.0,0.0,0.0,27532.0,8.0,29452.0,26257.0,8.0,29465.0
45.923449800000526,0.0,0.0,0.0,0.0,0.0,0.0,0.0,0.0,0.0,0.0,0.0,0.0,0.0,27533.0,8.0,29472.0,26258.0,8.0,29485.0
45.92366735698306,0.0,0.0,0.0,0.0,0.0,0.0,0.0,0.0,0.0,0.0,0.0,0.0,0.0,27535.0,8.0,29512.0,26260.0,8.0,29525.0
45.923733340983745,0.0,0.0,0.0,0.0,0.0,0.0,0.0,0.0,0.0,0.0,0.0,0.0,0.0,27537.0,8.0,29552.0,26261.0,8.0,29555.0
45.92378709799959,0.0,0.0,0.0,0.0,0.0,0.0,0.0,0.0,0.0,0.0,0.0,0.0,0.0,27537.0,8.0,29552.0,26262.0,8.0,29562.0
45.92384255398065,0.0,0.0,0.0,0.0,0.0,0.0,0.0,0.0,0.0,0.0,0.0,0.0,0.0,27538.0,8.0,29572.0,26263.0,8.0,29585.0
45.923895540996455,0.0,0.0,0.0,0.0,0.0,0.0,0.0,0.0,0.0,0.0,0.0,0.0,0.0,27539.0,8.0,29592.0,26264.0,8.0,29605.0
45.92394835798768,0.0,0.0,0.0,0.0,0.0,0.0,0.0,0.0,0.0,0.0,0.0,0.0,0.0,27540.0,8.0,29612.0,26265.0,8.0,29625.0
45.924000636005076,0.0,0.0,0.0,0.0,0.0,0.0,0.0,0.0,0.0,0.0,0.0,0.0,0.0,27542.0,8.0,29652.0,26266.0,8.0,29655.0
45.92405132300337,0.0,0.0,0.0,0.0,0.0,0.0,0.0,0.0,0.0,0.0,0.0,0.0,0.0,27542.0,8.0,29652.0,26267.0,8.0,29662.0
45.92411624698434,0.0,0.0,0.0,0.0,0.0,0.0,0.0,0.0,0.0,0.0,0.0,0.0,0.0,27544.0,8.0,29691.0,26268.0,8.0,29695.0
45.924173263978446,0.0,0.0,0.0,0.0,0.0,0.0,0.0,0.0,0.0,0.0,0.0,0.0,0.0,27544.0,8.0,29691.0,26269.0,8.0,29702.0
45.9242272299889,0.0,0.0,0.0,0.0,0.0,0.0,0.0,0.0,0.0,0.0,0.0,0.0,0.0,27546.0,8.0,29732.0,26270.0,8.0,29735.0
45.92428059698432,0.0,0.0,0.0,0.0,0.0,0.0,0.0,0.0,0.0,0.0,0.0,0.0,0.0,27546.0,8.0,29732.0,26271.0,8.0,29745.0
45.924332544993376,0.0,0.0,0.0,0.0,0.0,0.0,0.0,0.0,0.0,0.0,0.0,0.0,0.0,27547.0,8.0,29752.0,26272.0,8.0,29765.0
45.92438483200385,0.0,0.0,0.0,0.0,0.0,0.0,0.0,0.0,0.0,0.0,0.0,0.0,0.0,27548.0,8.0,29772.0,26273.0,8.0,29785.0
45.92444684699876,0.0,0.0,0.0,0.0,0.0,0.0,0.0,0.0,0.0,0.0,0.0,0.0,0.0,27549.0,8.0,29792.0,26274.0,8.0,29805.0
45.92449852399295,0.0,0.0,0.0,0.0,0.0,0.0,0.0,0.0,0.0,0.0,0.0,0.0,0.0,27550.0,8.0,29812.0,26275.0,8.0,29824.0
45.95387553598266,0.0,0.0,0.0,0.0,0.0,0.0,0.0,0.0,0.0,0.0,0.0,0.0,0.0,27552.0,8.0,29852.0,26276.0,8.0,29856.0
45.96296543200151,0.0,0.0,0.0,0.0,0.0,0.0,0.0,0.0,0.0,0.0,0.0,0.0,0.0,27552.0,8.0,29852.0,26277.0,8.0,29863.0
45.985569134005345,0.0,0.0,0.0,0.0,0.0,0.0,0.0,0.0,0.0,0.0,0.0,0.0,0.0,27553.0,8.0,29872.0,26278.0,8.0,29885.0
46.002132527995855,0.0,0.0,0.0,0.0,0.0,0.0,0.0,0.0,0.0,0.0,0.0,0.0,0.0,27554.0,8.0,29892.0,26279.0,8.0,29905.0
46.02303450499312,0.0,0.0,0.0,0.0,0.0,0.0,0.0,0.0,0.0,0.0,0.0,0.0,0.0,27555.0,8.0,29912.0,26280.0,8.0,29925.0
46.430286496004555,0.0,0.0,0.0,0.0,0.0,0.0,0.0,0.0,0.0,0.0,0.0,0.0,0.0,27557.0,8.0,29952.0,26281.0,8.0,29957.0
46.43041054499918,0.0,0.0,0.0,0.0,0.0,0.0,0.0,0.0,0.0,0.0,0.0,0.0,0.0,27557.0,8.0,29952.0,26282.0,8.0,29964.0
46.430475509987446,0.0,0.0,0.0,0.0,0.0,0.0,0.0,0.0,0.0,0.0,0.0,0.0,0.0,27558.0,8.0,29972.0,26283.0,8.0,29985.0
46.430533524981,0.0,0.0,0.0,0.0,0.0,0.0,0.0,0.0,0.0,0.0,0.0,0.0,0.0,27559.0,8.0,29992.0,26284.0,8.0,30005.0
46.43058691199985,0.0,0.0,0.0,0.0,0.0,0.0,0.0,0.0,0.0,0.0,0.0,0.0,0.0,27560.0,8.0,30012.0,26285.0,8.0,30025.0
46.43064085900551,0.0,0.0,0.0,0.0,0.0,0.0,0.0,0.0,0.0,0.0,0.0,0.0,0.0,27562.0,8.0,30052.0,26286.0,8.0,30055.0
46.4306934060005,0.0,0.0,0.0,0.0,0.0,0.0,0.0,0.0,0.0,0.0,0.0,0.0,0.0,27562.0,8.0,30052.0,26287.0,8.0,30062.0
46.4307451939967,0.0,0.0,0.0,0.0,0.0,0.0,0.0,0.0,0.0,0.0,0.0,0.0,0.0,27564.0,8.0,30092.0,26288.0,8.0,30095.0
46.43079623099766,0.0,0.0,0.0,0.0,0.0,0.0,0.0,0.0,0.0,0.0,0.0,0.0,0.0,27574.0,8.0,30292.0,26289.0,8.0,30306.0
46.430855046986835,0.0,0.0,0.0,0.0,0.0,0.0,0.0,0.0,0.0,0.0,0.0,0.0,0.0,27575.0,8.0,30312.0,26290.0,8.0,30325.0
46.440793165995274,0.0,0.0,0.0,0.0,0.0,0.0,0.0,0.0,0.0,0.0,0.0,0.0,0.0,27576.0,8.0,30332.0,26291.0,8.0,30343.0
46.461158074002014,0.0,0.0,0.0,0.0,0.0,0.0,0.0,0.0,0.0,0.0,0.0,0.0,0.0,27577.0,8.0,30352.0,26292.0,8.0,30365.0
46.48202440899331,0.0,0.0,0.0,0.0,0.0,0.0,0.0,0.0,0.0,0.0,0.0,0.0,0.0,27578.0,8.0,30372.0,26293.0,8.0,30385.0
46.50230713697965,0.0,0.0,0.0,0.0,0.0,0.0,0.0,0.0,0.0,0.0,0.0,0.0,0.0,27579.0,8.0,30392.0,26294.0,8.0,30405.0
46.52123385597952,0.0,0.0,0.0,0.0,0.0,0.0,0.0,0.0,0.0,0.0,0.0,0.0,0.0,27580.0,8.0,30412.0,26295.0,8.0,30425.0
46.96124899399001,0.0,0.0,0.0,0.0,0.0,0.0,0.0,0.0,0.0,0.0,0.0,0.0,0.0,27582.0,8.0,30452.0,26296.0,8.0,30456.0
46.96139099600259,0.0,0.0,0.0,0.0,0.0,0.0,0.0,0.0,0.0,0.0,0.0,0.0,0.0,27582.0,8.0,30452.0,26297.0,8.0,30464.0
46.96145891799824,0.0,0.0,0.0,0.0,0.0,0.0,0.0,0.0,0.0,0.0,0.0,0.0,0.0,27583.0,8.0,30472.0,26298.0,8.0,30485.0
46.961517629999435,0.0,0.0,0.0,0.0,0.0,0.0,0.0,0.0,0.0,0.0,0.0,0.0,0.0,27584.0,8.0,30492.0,26299.0,8.0,30505.0
46.96157359299832,0.0,0.0,0.0,0.0,0.0,0.0,0.0,0.0,0.0,0.0,0.0,0.0,0.0,27585.0,8.0,30512.0,26300.0,8.0,30525.0
46.96162819699384,0.0,0.0,0.0,0.0,0.0,0.0,0.0,0.0,0.0,0.0,0.0,0.0,0.0,27587.0,8.0,30552.0,26301.0,8.0,30555.0
46.961680649983464,0.0,0.0,0.0,0.0,0.0,0.0,0.0,0.0,0.0,0.0,0.0,0.0,0.0,27587.0,8.0,30552.0,26302.0,8.0,30562.0
46.96173327398719,0.0,0.0,0.0,0.0,0.0,0.0,0.0,0.0,0.0,0.0,0.0,0.0,0.0,27589.0,8.0,30592.0,26303.0,8.0,30595.0
46.96178605698515,0.0,0.0,0.0,0.0,0.0,0.0,0.0,0.0,0.0,0.0,0.0,0.0,0.0,27589.0,8.0,30592.0,26304.0,8.0,30602.0
46.96184507000726,0.0,0.0,0.0,0.0,0.0,0.0,0.0,0.0,0.0,0.0,0.0,0.0,0.0,27591.0,8.0,30632.0,26305.0,8.0,30635.0
46.961925429990515,0.0,0.0,0.0,0.0,0.0,0.0,0.0,0.0,0.0,0.0,0.0,0.0,0.0,27591.0,8.0,30632.0,26306.0,8.0,30646.0
46.9619829430012,0.0,0.0,0.0,0.0,0.0,0.0,0.0,0.0,0.0,0.0,0.0,0.0,0.0,27592.0,8.0,30652.0,26307.0,8.0,30665.0
46.962074751005275,0.0,0.0,0.0,0.0,0.0,0.0,0.0,0.0,0.0,0.0,0.0,0.0,0.0,27593.0,8.0,30672.0,26308.0,8.0,30685.0
46.96215378199122,0.0,0.0,0.0,0.0,0.0,0.0,0.0,0.0,0.0,0.0,0.0,0.0,0.0,27594.0,8.0,30692.0,26309.0,8.0,30705.0
46.96224669998628,0.0,0.0,0.0,0.0,0.0,0.0,0.0,0.0,0.0,0.0,0.0,0.0,0.0,27595.0,8.0,30712.0,26310.0,8.0,30725.0
46.962418118986534,0.0,0.0,0.0,0.0,0.0,0.0,0.0,0.0,0.0,0.0,0.0,0.0,0.0,27597.0,8.0,30752.0,26311.0,8.0,30756.0
46.96250671800226,0.0,0.0,0.0,0.0,0.0,0.0,0.0,0.0,0.0,0.0,0.0,0.0,0.0,27597.0,8.0,30752.0,26312.0,8.0,30762.0
46.96258472799673,0.0,0.0,0.0,0.0,0.0,0.0,0.0,0.0,0.0,0.0,0.0,0.0,0.0,27599.0,8.0,30792.0,26313.0,8.0,30794.0
46.96281841897871,0.0,0.0,0.0,0.0,0.0,0.0,0.0,0.0,0.0,0.0,0.0,0.0,0.0,27599.0,8.0,30792.0,26314.0,8.0,30802.0
46.96289997900021,0.0,0.0,0.0,0.0,0.0,0.0,0.0,0.0,0.0,0.0,0.0,0.0,0.0,27601.0,8.0,30832.0,26315.0,8.0,30835.0
46.963090624980396,0.0,0.0,0.0,0.0,0.0,0.0,0.0,0.0,0.0,0.0,0.0,0.0,0.0,27601.0,8.0,30832.0,26316.0,8.0,30846.0
46.963166186003946,0.0,0.0,0.0,0.0,0.0,0.0,0.0,0.0,0.0,0.0,0.0,0.0,0.0,27602.0,8.0,30852.0,26317.0,8.0,30865.0
47.00036531299702,0.0,0.0,0.0,0.0,0.0,0.0,0.0,0.0,0.0,0.0,0.0,0.0,0.0,27603.0,8.0,30872.0,26318.0,8.0,30885.0
47.00070346100256,0.0,0.0,0.0,0.0,0.0,0.0,0.0,0.0,0.0,0.0,0.0,0.0,0.0,27604.0,8.0,30892.0,26319.0,8.0,30905.0
47.02027947400347,0.0,0.0,0.0,0.0,0.0,0.0,0.0,0.0,0.0,0.0,0.0,0.0,0.0,27605.0,8.0,30912.0,26320.0,8.0,30925.0
47.05184871898382,0.0,0.0,0.0,0.0,0.0,0.0,0.0,0.0,0.0,0.0,0.0,0.0,0.0,27607.0,8.0,30952.0,26321.0,8.0,30956.0
47.05845603000489,0.0,0.0,0.0,0.0,0.0,0.0,0.0,0.0,0.0,0.0,0.0,0.0,0.0,27607.0,8.0,30952.0,26322.0,8.0,30963.0
47.08027611399302,0.0,0.0,0.0,0.0,0.0,0.0,0.0,0.0,0.0,0.0,0.0,0.0,0.0,27608.0,8.0,30972.0,26323.0,8.0,30985.0
47.09997599199414,0.0,0.0,0.0,0.0,0.0,0.0,0.0,0.0,0.0,0.0,0.0,0.0,0.0,27609.0,8.0,30992.0,26324.0,8.0,31005.0
47.12095829998725,0.0,0.0,0.0,0.0,0.0,0.0,0.0,0.0,0.0,0.0,0.0,0.0,0.0,27610.0,8.0,31012.0,26325.0,8.0,31025.0
47.15159935000702,0.0,0.0,0.0,0.0,0.0,0.0,0.0,0.0,0.0,0.0,0.0,0.0,0.0,27612.0,8.0,31052.0,26326.0,8.0,31055.0
47.1617204649956,0.0,0.0,0.0,0.0,0.0,0.0,0.0,0.0,0.0,0.0,0.0,0.0,0.0,27612.0,8.0,31052.0,26327.0,8.0,31063.0
47.18001424698741,0.0,0.0,0.0,0.0,0.0,0.0,0.0,0.0,0.0,0.0,0.0,0.0,0.0,27613.0,8.0,31072.0,26328.0,8.0,31085.0
47.30772598099429,0.0,0.0,0.0,0.0,0.0,0.0,0.0,0.0,0.0,0.0,0.0,0.0,0.0,27614.0,8.0,31092.0,26329.0,8.0,31105.0
47.30811920200358,0.0,0.0,0.0,0.0,0.0,0.0,0.0,0.0,0.0,0.0,0.0,0.0,0.0,27615.0,8.0,31112.0,26330.0,8.0,31125.0
47.308374080981594,0.0,0.0,0.0,0.0,0.0,0.0,0.0,0.0,0.0,0.0,0.0,0.0,0.0,27617.0,8.0,31152.0,26331.0,8.0,31155.0
47.30845546000637,0.0,0.0,0.0,0.0,0.0,0.0,0.0,0.0,0.0,0.0,0.0,0.0,0.0,27617.0,8.0,31152.0,26332.0,8.0,31162.0
47.308511292998446,0.0,0.0,0.0,0.0,0.0,0.0,0.0,0.0,0.0,0.0,0.0,0.0,0.0,27618.0,8.0,31172.0,26333.0,8.0,31185.0
47.308565486979205,0.0,0.0,0.0,0.0,0.0,0.0,0.0,0.0,0.0,0.0,0.0,0.0,0.0,27619.0,8.0,31192.0,26334.0,8.0,31205.0
47.334369046991924,0.0,0.0,0.0,0.0,0.0,0.0,0.0,0.0,0.0,0.0,0.0,0.0,0.0,27620.0,8.0,31212.0,26335.0,8.0,31225.0
47.35342962399591,0.0,0.0,0.0,0.0,0.0,0.0,0.0,0.0,0.0,0.0,0.0,0.0,0.0,27622.0,8.0,31252.0,26336.0,8.0,31255.0
47.363280311983544,0.0,0.0,0.0,0.0,0.0,0.0,0.0,0.0,0.0,0.0,0.0,0.0,0.0,27622.0,8.0,31252.0,26337.0,8.0,31263.0
47.37913155698334,0.0,0.0,0.0,0.0,0.0,0.0,0.0,0.0,0.0,0.0,0.0,0.0,0.0,27623.0,8.0,31272.0,26338.0,8.0,31285.0
47.400066350994166,0.0,0.0,0.0,0.0,0.0,0.0,0.0,0.0,0.0,0.0,0.0,0.0,0.0,27624.0,8.0,31292.0,26339.0,8.0,31305.0
47.52664994398947,0.0,0.0,0.0,0.0,0.0,0.0,0.0,0.0,0.0,0.0,0.0,0.0,0.0,27625.0,8.0,31312.0,26340.0,8.0,31325.0
47.52676716999849,0.0,0.0,0.0,0.0,0.0,0.0,0.0,0.0,0.0,0.0,0.0,0.0,0.0,27627.0,8.0,31352.0,26341.0,8.0,31355.0
47.52683944097953,0.0,0.0,0.0,0.0,0.0,0.0,0.0,0.0,0.0,0.0,0.0,0.0,0.0,27627.0,8.0,31352.0,26342.0,8.0,31362.0
47.52689924300648,0.0,0.0,0.0,0.0,0.0,0.0,0.0,0.0,0.0,0.0,0.0,0.0,0.0,27629.0,8.0,31392.0,26343.0,8.0,31395.0
47.5269791430037,0.0,0.0,0.0,0.0,0.0,0.0,0.0,0.0,0.0,0.0,0.0,0.0,0.0,27629.0,8.0,31392.0,26344.0,8.0,31402.0
47.53169145897846,0.0,0.0,0.0,0.0,0.0,0.0,0.0,0.0,0.0,0.0,0.0,0.0,0.0,27631.0,8.0,31432.0,26345.0,8.0,31435.0
47.54134929200518,0.0,0.0,0.0,0.0,0.0,0.0,0.0,0.0,0.0,0.0,0.0,0.0,0.0,27631.0,8.0,31432.0,26346.0,8.0,31446.0
47.55900280299829,0.0,0.0,0.0,0.0,0.0,0.0,0.0,0.0,0.0,0.0,0.0,0.0,0.0,27632.0,8.0,31452.0,26347.0,8.0,31465.0
47.57966772999498,0.0,0.0,0.0,0.0,0.0,0.0,0.0,0.0,0.0,0.0,0.0,0.0,0.0,27633.0,8.0,31472.0,26348.0,8.0,31485.0
47.59997395199025,0.0,0.0,0.0,0.0,0.0,0.0,0.0,0.0,0.0,0.0,0.0,0.0,0.0,27634.0,8.0,31492.0,26349.0,8.0,31505.0
47.6209665289789,0.0,0.0,0.0,0.0,0.0,0.0,0.0,0.0,0.0,0.0,0.0,0.0,0.0,27635.0,8.0,31512.0,26350.0,8.0,31525.0
47.749137525999686,0.0,0.0,0.0,0.0,0.0,0.0,0.0,0.0,0.0,0.0,0.0,0.0,0.0,27637.0,8.0,31552.0,26351.0,8.0,31555.0
47.74931662299787,0.0,0.0,0.0,0.0,0.0,0.0,0.0,0.0,0.0,0.0,0.0,0.0,0.0,27637.0,8.0,31552.0,26352.0,8.0,31562.0
47.74938538498827,0.0,0.0,0.0,0.0,0.0,0.0,0.0,0.0,0.0,0.0,0.0,0.0,0.0,27639.0,8.0,31592.0,26353.0,8.0,31595.0
47.749444437999045,0.0,0.0,0.0,0.0,0.0,0.0,0.0,0.0,0.0,0.0,0.0,0.0,0.0,27639.0,8.0,31592.0,26354.0,8.0,31602.0
47.7495003810036,0.0,0.0,0.0,0.0,0.0,0.0,0.0,0.0,0.0,0.0,0.0,0.0,0.0,27641.0,8.0,31632.0,26355.0,8.0,31635.0
47.7495547439903,0.0,0.0,0.0,0.0,0.0,0.0,0.0,0.0,0.0,0.0,0.0,0.0,0.0,27641.0,8.0,31632.0,26356.0,8.0,31647.0
47.76037886200356,0.0,0.0,0.0,0.0,0.0,0.0,0.0,0.0,0.0,0.0,0.0,0.0,0.0,27642.0,8.0,31652.0,26357.0,8.0,31665.0
47.7780702879827,0.0,0.0,0.0,0.0,0.0,0.0,0.0,0.0,0.0,0.0,0.0,0.0,0.0,27643.0,8.0,31672.0,26358.0,8.0,31684.0
47.798696829995606,0.0,0.0,0.0,0.0,0.0,0.0,0.0,0.0,0.0,0.0,0.0,0.0,0.0,27644.0,8.0,31692.0,26359.0,8.0,31705.0
47.81836428199313,0.0,0.0,0.0,0.0,0.0,0.0,0.0,0.0,0.0,0.0,0.0,0.0,0.0,27645.0,8.0,31712.0,26360.0,8.0,31725.0
47.95949572100653,0.0,0.0,0.0,0.0,0.0,0.0,0.0,0.0,0.0,0.0,0.0,0.0,0.0,27647.0,8.0,31752.0,26361.0,8.0,31755.0
47.959621760004666,0.0,0.0,0.0,0.0,0.0,0.0,0.0,0.0,0.0,0.0,0.0,0.0,0.0,27647.0,8.0,31752.0,26362.0,8.0,31762.0
47.959688498987816,0.0,0.0,0.0,0.0,0.0,0.0,0.0,0.0,0.0,0.0,0.0,0.0,0.0,27648.0,8.0,31772.0,26363.0,8.0,31785.0
47.959755977994064,0.0,0.0,0.0,0.0,0.0,0.0,0.0,0.0,0.0,0.0,0.0,0.0,0.0,27649.0,8.0,31792.0,26364.0,8.0,31805.0
47.95984710700577,0.0,0.0,0.0,0.0,0.0,0.0,0.0,0.0,0.0,0.0,0.0,0.0,0.0,27650.0,8.0,31812.0,26365.0,8.0,31825.0
47.95992919598939,0.0,0.0,0.0,0.0,0.0,0.0,0.0,0.0,0.0,0.0,0.0,0.0,0.0,27652.0,8.0,31852.0,26366.0,8.0,31856.0
47.959997064986965,0.0,0.0,0.0,0.0,0.0,0.0,0.0,0.0,0.0,0.0,0.0,0.0,0.0,27652.0,8.0,31852.0,26367.0,8.0,31863.0
47.98127242299961,0.0,0.0,0.0,0.0,0.0,0.0,0.0,0.0,0.0,0.0,0.0,0.0,0.0,27653.0,8.0,31872.0,26368.0,8.0,31884.0
48.00923807200161,0.0,0.0,0.0,0.0,0.0,0.0,0.0,0.0,0.0,0.0,0.0,0.0,0.0,27654.0,8.0,31892.0,26369.0,8.0,31905.0
48.017685881990474,0.0,0.0,0.0,0.0,0.0,0.0,0.0,0.0,0.0,0.0,0.0,0.0,0.0,27655.0,8.0,31912.0,26370.0,8.0,31925.0
48.05204494498321,0.0,0.0,0.0,0.0,0.0,0.0,0.0,0.0,0.0,0.0,0.0,0.0,0.0,27657.0,8.0,31952.0,26371.0,8.0,31957.0
48.066734980995534,0.0,0.0,0.0,0.0,0.0,0.0,0.0,0.0,0.0,0.0,0.0,0.0,0.0,27657.0,8.0,31952.0,26372.0,8.0,31964.0
48.129572175996145,0.0,0.0,0.0,0.0,0.0,0.0,0.0,0.0,0.0,0.0,0.0,0.0,0.0,27658.0,8.0,31972.0,26373.0,8.0,31985.0
48.129748284001835,0.0,0.0,0.0,0.0,0.0,0.0,0.0,0.0,0.0,0.0,0.0,0.0,0.0,27659.0,8.0,31992.0,26374.0,8.0,32005.0
48.12981633399613,0.0,0.0,0.0,0.0,0.0,0.0,0.0,0.0,0.0,0.0,0.0,0.0,0.0,27660.0,8.0,32012.0,26375.0,8.0,32025.0
48.18576948100235,0.0,0.0,0.0,0.0,0.0,0.0,0.0,0.0,0.0,0.0,0.0,0.0,0.0,27662.0,8.0,32052.0,26376.0,8.0,32055.0
48.185943658987526,0.0,0.0,0.0,0.0,0.0,0.0,0.0,0.0,0.0,0.0,0.0,0.0,0.0,27662.0,8.0,32052.0,26377.0,8.0,32062.0
48.186014937993605,0.0,0.0,0.0,0.0,0.0,0.0,0.0,0.0,0.0,0.0,0.0,0.0,0.0,27663.0,8.0,32072.0,26378.0,8.0,32085.0
48.19803802599199,0.0,0.0,0.0,0.0,0.0,0.0,0.0,0.0,0.0,0.0,0.0,0.0,0.0,27664.0,8.0,32092.0,26379.0,8.0,32105.0
48.230694469006266,0.0,0.0,0.0,0.0,0.0,0.0,0.0,0.0,0.0,0.0,0.0,0.0,0.0,27666.0,8.0,32132.0,26380.0,8.0,32135.0
48.240148526994744,0.0,0.0,0.0,0.0,0.0,0.0,0.0,0.0,0.0,0.0,0.0,0.0,0.0,27666.0,8.0,32132.0,26381.0,8.0,32146.0
48.257334322988754,0.0,0.0,0.0,0.0,0.0,0.0,0.0,0.0,0.0,0.0,0.0,0.0,0.0,27667.0,8.0,32152.0,26382.0,8.0,32165.0
48.27809561698814,0.0,0.0,0.0,0.0,0.0,0.0,0.0,0.0,0.0,0.0,0.0,0.0,0.0,27668.0,8.0,32172.0,26383.0,8.0,32185.0
48.40565319597954,0.0,0.0,0.0,0.0,0.0,0.0,0.0,0.0,0.0,0.0,0.0,0.0,0.0,27669.0,8.0,32192.0,26384.0,8.0,32205.0
48.40581673398265,0.0,0.0,0.0,0.0,0.0,0.0,0.0,0.0,0.0,0.0,0.0,0.0,0.0,27670.0,8.0,32212.0,26385.0,8.0,32225.0
48.40590512298513,0.0,0.0,0.0,0.0,0.0,0.0,0.0,0.0,0.0,0.0,0.0,0.0,0.0,27672.0,8.0,32252.0,26386.0,8.0,32255.0
48.40596919198288,0.0,0.0,0.0,0.0,0.0,0.0,0.0,0.0,0.0,0.0,0.0,0.0,0.0,27672.0,8.0,32252.0,26387.0,8.0,32262.0
48.4060246119916,0.0,0.0,0.0,0.0,0.0,0.0,0.0,0.0,0.0,0.0,0.0,0.0,0.0,27673.0,8.0,32272.0,26388.0,8.0,32285.0
48.40607868100051,0.0,0.0,0.0,0.0,0.0,0.0,0.0,0.0,0.0,0.0,0.0,0.0,0.0,27674.0,8.0,32292.0,26389.0,8.0,32305.0
48.421786344988504,0.0,0.0,0.0,0.0,0.0,0.0,0.0,0.0,0.0,0.0,0.0,0.0,0.0,27675.0,8.0,32312.0,26390.0,8.0,32325.0
48.449637844983954,0.0,0.0,0.0,0.0,0.0,0.0,0.0,0.0,0.0,0.0,0.0,0.0,0.0,27677.0,8.0,32352.0,26391.0,8.0,32355.0
48.45501073100604,0.0,0.0,0.0,0.0,0.0,0.0,0.0,0.0,0.0,0.0,0.0,0.0,0.0,27677.0,8.0,32352.0,26392.0,8.0,32362.0
48.48212407997926,0.0,0.0,0.0,0.0,0.0,0.0,0.0,0.0,0.0,0.0,0.0,0.0,0.0,27678.0,8.0,32372.0,26393.0,8.0,32385.0
48.497243830992375,0.0,0.0,0.0,0.0,0.0,0.0,0.0,0.0,0.0,0.0,0.0,0.0,0.0,27679.0,8.0,32392.0,26394.0,8.0,32405.0
48.640272116987035,0.0,0.0,0.0,0.0,0.0,0.0,0.0,0.0,0.0,0.0,0.0,0.0,0.0,27680.0,8.0,32412.0,26395.0,8.0,32425.0
48.64048022398492,0.0,0.0,0.0,0.0,0.0,0.0,0.0,0.0,0.0,0.0,0.0,0.0,0.0,27682.0,8.0,32452.0,26396.0,8.0,32456.0
48.64054591298918,0.0,0.0,0.0,0.0,0.0,0.0,0.0,0.0,0.0,0.0,0.0,0.0,0.0,27682.0,8.0,32452.0,26397.0,8.0,32464.0
48.64060315300594,0.0,0.0,0.0,0.0,0.0,0.0,0.0,0.0,0.0,0.0,0.0,0.0,0.0,27683.0,8.0,32472.0,26398.0,8.0,32485.0
48.64065796197974,0.0,0.0,0.0,0.0,0.0,0.0,0.0,0.0,0.0,0.0,0.0,0.0,0.0,27684.0,8.0,32492.0,26399.0,8.0,32505.0
48.64071465100278,0.0,0.0,0.0,0.0,0.0,0.0,0.0,0.0,0.0,0.0,0.0,0.0,0.0,27685.0,8.0,32512.0,26400.0,8.0,32525.0
48.64781262699398,0.0,0.0,0.0,0.0,0.0,0.0,0.0,0.0,0.0,0.0,0.0,0.0,0.0,27687.0,8.0,32552.0,26401.0,8.0,32555.0
48.65507476098719,0.0,0.0,0.0,0.0,0.0,0.0,0.0,0.0,0.0,0.0,0.0,0.0,0.0,27687.0,8.0,32552.0,26402.0,8.0,32562.0
48.68786339298822,0.0,0.0,0.0,0.0,0.0,0.0,0.0,0.0,0.0,0.0,0.0,0.0,0.0,27689.0,8.0,32592.0,26403.0,8.0,32595.0
48.69907937999233,0.0,0.0,0.0,0.0,0.0,0.0,0.0,0.0,0.0,0.0,0.0,0.0,0.0,27689.0,8.0,32592.0,26404.0,8.0,32602.0
48.72907711399603,0.0,0.0,0.0,0.0,0.0,0.0,0.0,0.0,0.0,0.0,0.0,0.0,0.0,27691.0,8.0,32632.0,26405.0,8.0,32635.0
48.846450954006286,0.0,0.0,0.0,0.0,0.0,0.0,0.0,0.0,0.0,0.0,0.0,0.0,0.0,27691.0,8.0,32632.0,26406.0,8.0,32647.0
48.84686001899536,0.0,0.0,0.0,0.0,0.0,0.0,0.0,0.0,0.0,0.0,0.0,0.0,0.0,27692.0,8.0,32652.0,26407.0,8.0,32665.0
48.84702036698582,0.0,0.0,0.0,0.0,0.0,0.0,0.0,0.0,0.0,0.0,0.0,0.0,0.0,27693.0,8.0,32672.0,26408.0,8.0,32685.0
48.84709454598487,0.0,0.0,0.0,0.0,0.0,0.0,0.0,0.0,0.0,0.0,0.0,0.0,0.0,27694.0,8.0,32692.0,26409.0,8.0,32705.0
48.84715569598484,0.0,0.0,0.0,0.0,0.0,0.0,0.0,0.0,0.0,0.0,0.0,0.0,0.0,27695.0,8.0,32712.0,26410.0,8.0,32725.0
48.8480921050068,0.0,0.0,0.0,0.0,0.0,0.0,0.0,0.0,0.0,0.0,0.0,0.0,0.0,27697.0,8.0,32752.0,26411.0,8.0,32755.0
48.85454943799414,0.0,0.0,0.0,0.0,0.0,0.0,0.0,0.0,0.0,0.0,0.0,0.0,0.0,27697.0,8.0,32752.0,26412.0,8.0,32762.0
48.87764010098181,0.0,0.0,0.0,0.0,0.0,0.0,0.0,0.0,0.0,0.0,0.0,0.0,0.0,27698.0,8.0,32772.0,26413.0,8.0,32785.0
48.8997831659799,0.0,0.0,0.0,0.0,0.0,0.0,0.0,0.0,0.0,0.0,0.0,0.0,0.0,27699.0,8.0,32792.0,26414.0,8.0,32805.0
48.916546569991624,0.0,0.0,0.0,0.0,0.0,0.0,0.0,0.0,0.0,0.0,0.0,0.0,0.0,27700.0,8.0,32812.0,26415.0,8.0,32825.0
48.949095146002946,0.0,0.0,0.0,0.0,0.0,0.0,0.0,0.0,0.0,0.0,0.0,0.0,0.0,27702.0,8.0,32852.0,26416.0,8.0,32855.0
49.050846236001235,0.0,0.0,0.0,0.0,0.0,0.0,0.0,0.0,0.0,0.0,0.0,0.0,0.0,27702.0,8.0,32852.0,26417.0,8.0,32862.0
49.05112669200753,0.0,0.0,0.0,0.0,0.0,0.0,0.0,0.0,0.0,0.0,0.0,0.0,0.0,27703.0,8.0,32872.0,26418.0,8.0,32885.0
49.0511990590021,0.0,0.0,0.0,0.0,0.0,0.0,0.0,0.0,0.0,0.0,0.0,0.0,0.0,27704.0,8.0,32892.0,26419.0,8.0,32905.0
49.05126204498811,0.0,0.0,0.0,0.0,0.0,0.0,0.0,0.0,0.0,0.0,0.0,0.0,0.0,27705.0,8.0,32912.0,26420.0,8.0,32925.0
49.064274868986104,0.0,0.0,0.0,0.0,0.0,0.0,0.0,0.0,0.0,0.0,0.0,0.0,0.0,27707.0,8.0,32952.0,26421.0,8.0,32957.0
49.06459515899769,0.0,0.0,0.0,0.0,0.0,0.0,0.0,0.0,0.0,0.0,0.0,0.0,0.0,27707.0,8.0,32952.0,26422.0,8.0,32964.0
49.076875483995536,0.0,0.0,0.0,0.0,0.0,0.0,0.0,0.0,0.0,0.0,0.0,0.0,0.0,27708.0,8.0,32972.0,26423.0,8.0,32985.0
49.096693812985905,0.0,0.0,0.0,0.0,0.0,0.0,0.0,0.0,0.0,0.0,0.0,0.0,0.0,27709.0,8.0,32992.0,26424.0,8.0,33005.0
49.11604864799301,0.0,0.0,0.0,0.0,0.0,0.0,0.0,0.0,0.0,0.0,0.0,0.0,0.0,27710.0,8.0,33012.0,26425.0,8.0,33025.0
49.146595416998025,0.0,0.0,0.0,0.0,0.0,0.0,0.0,0.0,0.0,0.0,0.0,0.0,0.0,27712.0,8.0,33052.0,26426.0,8.0,33055.0
49.152389908005716,0.0,0.0,0.0,0.0,0.0,0.0,0.0,0.0,0.0,0.0,0.0,0.0,0.0,27712.0,8.0,33052.0,26427.0,8.0,33062.0
49.294245939003304,0.0,0.0,0.0,0.0,0.0,0.0,0.0,0.0,0.0,0.0,0.0,0.0,0.0,27714.0,8.0,33092.0,26428.0,8.0,33095.0
49.29444961799891,0.0,0.0,0.0,0.0,0.0,0.0,0.0,0.0,0.0,0.0,0.0,0.0,0.0,27714.0,8.0,33092.0,26429.0,8.0,33102.0
49.29451468400657,0.0,0.0,0.0,0.0,0.0,0.0,0.0,0.0,0.0,0.0,0.0,0.0,0.0,27716.0,8.0,33132.0,26430.0,8.0,33135.0
49.2945719389827,0.0,0.0,0.0,0.0,0.0,0.0,0.0,0.0,0.0,0.0,0.0,0.0,0.0,27716.0,8.0,33132.0,26431.0,8.0,33147.0
49.29462629399495,0.0,0.0,0.0,0.0,0.0,0.0,0.0,0.0,0.0,0.0,0.0,0.0,0.0,27717.0,8.0,33152.0,26432.0,8.0,33165.0
49.29468083998654,0.0,0.0,0.0,0.0,0.0,0.0,0.0,0.0,0.0,0.0,0.0,0.0,0.0,27718.0,8.0,33172.0,26433.0,8.0,33185.0
49.29540002698195,0.0,0.0,0.0,0.0,0.0,0.0,0.0,0.0,0.0,0.0,0.0,0.0,0.0,27719.0,8.0,33192.0,26434.0,8.0,33205.0
49.319496043986874,0.0,0.0,0.0,0.0,0.0,0.0,0.0,0.0,0.0,0.0,0.0,0.0,0.0,27720.0,8.0,33212.0,26435.0,8.0,33225.0
49.346085003984626,0.0,0.0,0.0,0.0,0.0,0.0,0.0,0.0,0.0,0.0,0.0,0.0,0.0,27722.0,8.0,33252.0,26436.0,8.0,33255.0
49.35505473098601,0.0,0.0,0.0,0.0,0.0,0.0,0.0,0.0,0.0,0.0,0.0,0.0,0.0,27722.0,8.0,33252.0,26437.0,8.0,33262.0
49.37776897000731,0.0,0.0,0.0,0.0,0.0,0.0,0.0,0.0,0.0,0.0,0.0,0.0,0.0,27723.0,8.0,33272.0,26438.0,8.0,33285.0
49.50445379599114,0.0,0.0,0.0,0.0,0.0,0.0,0.0,0.0,0.0,0.0,0.0,0.0,0.0,27724.0,8.0,33292.0,26439.0,8.0,33305.0
49.5045745469979,0.0,0.0,0.0,0.0,0.0,0.0,0.0,0.0,0.0,0.0,0.0,0.0,0.0,27725.0,8.0,33312.0,26440.0,8.0,33325.0
49.504642662999686,0.0,0.0,0.0,0.0,0.0,0.0,0.0,0.0,0.0,0.0,0.0,0.0,0.0,27727.0,8.0,33352.0,26441.0,8.0,33355.0
49.504702688980615,0.0,0.0,0.0,0.0,0.0,0.0,0.0,0.0,0.0,0.0,0.0,0.0,0.0,27727.0,8.0,33352.0,26442.0,8.0,33362.0
49.50476006398094,0.0,0.0,0.0,0.0,0.0,0.0,0.0,0.0,0.0,0.0,0.0,0.0,0.0,27728.0,8.0,33372.0,26443.0,8.0,33385.0
49.50481426899205,0.0,0.0,0.0,0.0,0.0,0.0,0.0,0.0,0.0,0.0,0.0,0.0,0.0,27729.0,8.0,33392.0,26444.0,8.0,33405.0
49.51649658899987,0.0,0.0,0.0,0.0,0.0,0.0,0.0,0.0,0.0,0.0,0.0,0.0,0.0,27730.0,8.0,33412.0,26445.0,8.0,33425.0
49.549763051996706,0.0,0.0,0.0,0.0,0.0,0.0,0.0,0.0,0.0,0.0,0.0,0.0,0.0,27732.0,8.0,33452.0,26446.0,8.0,33457.0
49.55443168798229,0.0,0.0,0.0,0.0,0.0,0.0,0.0,0.0,0.0,0.0,0.0,0.0,0.0,27732.0,8.0,33452.0,26447.0,8.0,33464.0
49.57558680098737,0.0,0.0,0.0,0.0,0.0,0.0,0.0,0.0,0.0,0.0,0.0,0.0,0.0,27733.0,8.0,33472.0,26448.0,8.0,33485.0
49.59856256400235,0.0,0.0,0.0,0.0,0.0,0.0,0.0,0.0,0.0,0.0,0.0,0.0,0.0,27734.0,8.0,33492.0,26449.0,8.0,33505.0
49.68190364798647,0.0,0.0,0.0,0.0,0.0,0.0,0.0,0.0,0.0,0.0,0.0,0.0,0.0,27735.0,8.0,33512.0,26450.0,8.0,33525.0
49.68239492300199,0.0,0.0,0.0,0.0,0.0,0.0,0.0,0.0,0.0,0.0,0.0,0.0,0.0,27737.0,8.0,33552.0,26451.0,8.0,33555.0
49.682801440998446,0.0,0.0,0.0,0.0,0.0,0.0,0.0,0.0,0.0,0.0,0.0,0.0,0.0,27737.0,8.0,33552.0,26452.0,8.0,33562.0
49.72192679098225,0.0,0.0,0.0,0.0,0.0,0.0,0.0,0.0,0.0,0.0,0.0,0.0,0.0,27739.0,8.0,33592.0,26453.0,8.0,33595.0
49.72201021798537,0.0,0.0,0.0,0.0,0.0,0.0,0.0,0.0,0.0,0.0,0.0,0.0,0.0,27739.0,8.0,33592.0,26454.0,8.0,33602.0
49.72757347699371,0.0,0.0,0.0,0.0,0.0,0.0,0.0,0.0,0.0,0.0,0.0,0.0,0.0,27741.0,8.0,33632.0,26455.0,8.0,33635.0
49.7443311100069,0.0,0.0,0.0,0.0,0.0,0.0,0.0,0.0,0.0,0.0,0.0,0.0,0.0,27741.0,8.0,33632.0,26456.0,8.0,33646.0
49.755018227006076,0.0,0.0,0.0,0.0,0.0,0.0,0.0,0.0,0.0,0.0,0.0,0.0,0.0,27742.0,8.0,33652.0,26457.0,8.0,33665.0
49.77575778198661,0.0,0.0,0.0,0.0,0.0,0.0,0.0,0.0,0.0,0.0,0.0,0.0,0.0,27743.0,8.0,33672.0,26458.0,8.0,33685.0
49.79912770100054,0.0,0.0,0.0,0.0,0.0,0.0,0.0,0.0,0.0,0.0,0.0,0.0,0.0,27744.0,8.0,33692.0,26459.0,8.0,33705.0
49.81834293299471,0.0,0.0,0.0,0.0,0.0,0.0,0.0,0.0,0.0,0.0,0.0,0.0,0.0,27745.0,8.0,33712.0,26460.0,8.0,33725.0
49.853279022005154,0.0,0.0,0.0,0.0,0.0,0.0,0.0,0.0,0.0,0.0,0.0,0.0,0.0,27747.0,8.0,33752.0,26461.0,8.0,33755.0
49.853384661983,0.0,0.0,0.0,0.0,0.0,0.0,0.0,0.0,0.0,0.0,0.0,0.0,0.0,27747.0,8.0,33752.0,26462.0,8.0,33762.0
49.941618128999835,0.0,0.0,0.0,0.0,0.0,0.0,0.0,0.0,0.0,0.0,0.0,0.0,0.0,27748.0,8.0,33772.0,26463.0,8.0,33785.0
49.94172421999974,0.0,0.0,0.0,0.0,0.0,0.0,0.0,0.0,0.0,0.0,0.0,0.0,0.0,27749.0,8.0,33792.0,26464.0,8.0,33805.0
49.94178893198841,0.0,0.0,0.0,0.0,0.0,0.0,0.0,0.0,0.0,0.0,0.0,0.0,0.0,27750.0,8.0,33812.0,26465.0,8.0,33825.0
49.94586021298892,0.0,0.0,0.0,0.0,0.0,0.0,0.0,0.0,0.0,0.0,0.0,0.0,0.0,27752.0,8.0,33852.0,26466.0,8.0,33856.0
49.955019869987154,0.0,0.0,0.0,0.0,0.0,0.0,0.0,0.0,0.0,0.0,0.0,0.0,0.0,27752.0,8.0,33852.0,26467.0,8.0,33862.0
49.97621108399471,0.0,0.0,0.0,0.0,0.0,0.0,0.0,0.0,0.0,0.0,0.0,0.0,0.0,27753.0,8.0,33872.0,26468.0,8.0,33885.0
49.99495156898047,0.0,0.0,0.0,0.0,0.0,0.0,0.0,0.0,0.0,0.0,0.0,0.0,0.0,27754.0,8.0,33892.0,26469.0,8.0,33905.0
50.014913557999535,0.0,0.0,0.0,0.0,0.0,0.0,0.0,0.0,0.0,0.0,0.0,0.0,0.0,27755.0,8.0,33912.0,26470.0,8.0,33925.0
50.047144090000074,0.0,0.0,0.0,0.0,0.0,0.0,0.0,0.0,0.0,0.0,0.0,0.0,0.0,27757.0,8.0,33952.0,26471.0,8.0,33957.0
50.16249381398666,0.0,0.0,0.0,0.0,0.0,0.0,0.0,0.0,0.0,0.0,0.0,0.0,0.0,27757.0,8.0,33952.0,26472.0,8.0,33964.0
50.16261356699397,0.0,0.0,0.0,0.0,0.0,0.0,0.0,0.0,0.0,0.0,0.0,0.0,0.0,27758.0,8.0,33972.0,26473.0,8.0,33985.0
50.16267539898399,0.0,0.0,0.0,0.0,0.0,0.0,0.0,0.0,0.0,0.0,0.0,0.0,0.0,27759.0,8.0,33992.0,26474.0,8.0,34005.0
50.16273285000352,0.0,0.0,0.0,0.0,0.0,0.0,0.0,0.0,0.0,0.0,0.0,0.0,0.0,27760.0,8.0,34012.0,26475.0,8.0,34025.0
50.16278739098925,0.0,0.0,0.0,0.0,0.0,0.0,0.0,0.0,0.0,0.0,0.0,0.0,0.0,27762.0,8.0,34052.0,26476.0,8.0,34055.0
50.16284849200747,0.0,0.0,0.0,0.0,0.0,0.0,0.0,0.0,0.0,0.0,0.0,0.0,0.0,27762.0,8.0,34052.0,26477.0,8.0,34062.0
50.17600460597896,0.0,0.0,0.0,0.0,0.0,0.0,0.0,0.0,0.0,0.0,0.0,0.0,0.0,27763.0,8.0,34072.0,26478.0,8.0,34084.0
50.194327000004705,0.0,0.0,0.0,0.0,0.0,0.0,0.0,0.0,0.0,0.0,0.0,0.0,0.0,27764.0,8.0,34092.0,26479.0,8.0,34105.0
50.22893314799876,0.0,0.0,0.0,0.0,0.0,0.0,0.0,0.0,0.0,0.0,0.0,0.0,0.0,27766.0,8.0,34132.0,26480.0,8.0,34135.0
50.237694477982586,0.0,0.0,0.0,0.0,0.0,0.0,0.0,0.0,0.0,0.0,0.0,0.0,0.0,27766.0,8.0,34132.0,26481.0,8.0,34147.0
50.258867408992955,0.0,0.0,0.0,0.0,0.0,0.0,0.0,0.0,0.0,0.0,0.0,0.0,0.0,27767.0,8.0,34152.0,26482.0,8.0,34165.0
50.382193653989816,0.0,0.0,0.0,0.0,0.0,0.0,0.0,0.0,0.0,0.0,0.0,0.0,0.0,27768.0,8.0,34172.0,26483.0,8.0,34185.0
50.38231181600713,0.0,0.0,0.0,0.0,0.0,0.0,0.0,0.0,0.0,0.0,0.0,0.0,0.0,27769.0,8.0,34192.0,26484.0,8.0,34205.0
50.38237340800697,0.0,0.0,0.0,0.0,0.0,0.0,0.0,0.0,0.0,0.0,0.0,0.0,0.0,27770.0,8.0,34212.0,26485.0,8.0,34225.0
50.38245652400656,0.0,0.0,0.0,0.0,0.0,0.0,0.0,0.0,0.0,0.0,0.0,0.0,0.0,27772.0,8.0,34252.0,26486.0,8.0,34255.0
50.38251199500519,0.0,0.0,0.0,0.0,0.0,0.0,0.0,0.0,0.0,0.0,0.0,0.0,0.0,27772.0,8.0,34252.0,26487.0,8.0,34262.0
50.38259033000213,0.0,0.0,0.0,0.0,0.0,0.0,0.0,0.0,0.0,0.0,0.0,0.0,0.0,27773.0,8.0,34272.0,26488.0,8.0,34285.0
50.403562352003064,0.0,0.0,0.0,0.0,0.0,0.0,0.0,0.0,0.0,0.0,0.0,0.0,0.0,27774.0,8.0,34292.0,26489.0,8.0,34305.0
50.41493825399084,0.0,0.0,0.0,0.0,0.0,0.0,0.0,0.0,0.0,0.0,0.0,0.0,0.0,27775.0,8.0,34312.0,26490.0,8.0,34325.0
50.445042337989435,0.0,0.0,0.0,0.0,0.0,0.0,0.0,0.0,0.0,0.0,0.0,0.0,0.0,27777.0,8.0,34352.0,26491.0,8.0,34355.0
50.45184271299513,0.0,0.0,0.0,0.0,0.0,0.0,0.0,0.0,0.0,0.0,0.0,0.0,0.0,27777.0,8.0,34352.0,26492.0,8.0,34362.0
50.47403103800025,0.0,0.0,0.0,0.0,0.0,0.0,0.0,0.0,0.0,0.0,0.0,0.0,0.0,27778.0,8.0,34372.0,26493.0,8.0,34385.0
50.575266295985784,0.0,0.0,0.0,0.0,0.0,0.0,0.0,0.0,0.0,0.0,0.0,0.0,0.0,27779.0,8.0,34392.0,26494.0,8.0,34405.0
50.57555157999741,0.0,0.0,0.0,0.0,0.0,0.0,0.0,0.0,0.0,0.0,0.0,0.0,0.0,27780.0,8.0,34412.0,26495.0,8.0,34425.0
50.57561580298352,0.0,0.0,0.0,0.0,0.0,0.0,0.0,0.0,0.0,0.0,0.0,0.0,0.0,27782.0,8.0,34452.0,26496.0,8.0,34457.0
50.57567270399886,0.0,0.0,0.0,0.0,0.0,0.0,0.0,0.0,0.0,0.0,0.0,0.0,0.0,27782.0,8.0,34452.0,26497.0,8.0,34464.0
50.575727674004156,0.0,0.0,0.0,0.0,0.0,0.0,0.0,0.0,0.0,0.0,0.0,0.0,0.0,27783.0,8.0,34472.0,26498.0,8.0,34485.0
50.60267557299812,0.0,0.0,0.0,0.0,0.0,0.0,0.0,0.0,0.0,0.0,0.0,0.0,0.0,27784.0,8.0,34492.0,26499.0,8.0,34505.0
50.61327640598756,0.0,0.0,0.0,0.0,0.0,0.0,0.0,0.0,0.0,0.0,0.0,0.0,0.0,27785.0,8.0,34512.0,26500.0,8.0,34525.0
50.644651303999126,0.0,0.0,0.0,0.0,0.0,0.0,0.0,0.0,0.0,0.0,0.0,0.0,0.0,27787.0,8.0,34552.0,26501.0,8.0,34555.0
50.65147789299954,0.0,0.0,0.0,0.0,0.0,0.0,0.0,0.0,0.0,0.0,0.0,0.0,0.0,27787.0,8.0,34552.0,26502.0,8.0,34562.0
50.674601259001065,0.0,0.0,0.0,0.0,0.0,0.0,0.0,0.0,0.0,0.0,0.0,0.0,0.0,27788.0,8.0,34572.0,26503.0,8.0,34585.0
50.693418257986195,0.0,0.0,0.0,0.0,0.0,0.0,0.0,0.0,0.0,0.0,0.0,0.0,0.0,27789.0,8.0,34592.0,26504.0,8.0,34605.0
50.821541632001754,0.0,0.0,0.0,0.0,0.0,0.0,0.0,0.0,0.0,0.0,0.0,0.0,0.0,27790.0,8.0,34612.0,26505.0,8.0,34625.0
50.82164712299709,0.0,0.0,0.0,0.0,0.0,0.0,0.0,0.0,0.0,0.0,0.0,0.0,0.0,27792.0,8.0,34652.0,26506.0,8.0,34655.0
50.8217129749828,0.0,0.0,0.0,0.0,0.0,0.0,0.0,0.0,0.0,0.0,0.0,0.0,0.0,27792.0,8.0,34652.0,26507.0,8.0,34662.0
50.82179898198228,0.0,0.0,0.0,0.0,0.0,0.0,0.0,0.0,0.0,0.0,0.0,0.0,0.0,27793.0,8.0,34672.0,26508.0,8.0,34685.0
50.8218862679787,0.0,0.0,0.0,0.0,0.0,0.0,0.0,0.0,0.0,0.0,0.0,0.0,0.0,27794.0,8.0,34692.0,26509.0,8.0,34705.0
50.82194290898042,0.0,0.0,0.0,0.0,0.0,0.0,0.0,0.0,0.0,0.0,0.0,0.0,0.0,27795.0,8.0,34712.0,26510.0,8.0,34725.0
50.84509674998117,0.0,0.0,0.0,0.0,0.0,0.0,0.0,0.0,0.0,0.0,0.0,0.0,0.0,27797.0,8.0,34752.0,26511.0,8.0,34755.0
50.850313670991454,0.0,0.0,0.0,0.0,0.0,0.0,0.0,0.0,0.0,0.0,0.0,0.0,0.0,27797.0,8.0,34752.0,26512.0,8.0,34762.0
50.87503811699571,0.0,0.0,0.0,0.0,0.0,0.0,0.0,0.0,0.0,0.0,0.0,0.0,0.0,27798.0,8.0,34772.0,26513.0,8.0,34785.0
50.89271187898703,0.0,0.0,0.0,0.0,0.0,0.0,0.0,0.0,0.0,0.0,0.0,0.0,0.0,27799.0,8.0,34792.0,26514.0,8.0,34805.0
50.91282560498803,0.0,0.0,0.0,0.0,0.0,0.0,0.0,0.0,0.0,0.0,0.0,0.0,0.0,27800.0,8.0,34812.0,26515.0,8.0,34825.0
51.03278228198178,0.0,0.0,0.0,0.0,0.0,0.0,0.0,0.0,0.0,0.0,0.0,0.0,0.0,27802.0,8.0,34852.0,26516.0,8.0,34855.0
51.03389864898054,0.0,0.0,0.0,0.0,0.0,0.0,0.0,0.0,0.0,0.0,0.0,0.0,0.0,27802.0,8.0,34852.0,26517.0,8.0,34862.0
51.03416060298332,0.0,0.0,0.0,0.0,0.0,0.0,0.0,0.0,0.0,0.0,0.0,0.0,0.0,27803.0,8.0,34872.0,26518.0,8.0,34884.0
51.04295614300645,0.0,0.0,0.0,0.0,0.0,0.0,0.0,0.0,0.0,0.0,0.0,0.0,0.0,27804.0,8.0,34892.0,26519.0,8.0,34905.0
51.0430210409977,0.0,0.0,0.0,0.0,0.0,0.0,0.0,0.0,0.0,0.0,0.0,0.0,0.0,27805.0,8.0,34912.0,26520.0,8.0,34925.0
51.04529972799355,0.0,0.0,0.0,0.0,0.0,0.0,0.0,0.0,0.0,0.0,0.0,0.0,0.0,27807.0,8.0,34952.0,26521.0,8.0,34957.0
51.05158713500714,0.0,0.0,0.0,0.0,0.0,0.0,0.0,0.0,0.0,0.0,0.0,0.0,0.0,27807.0,8.0,34952.0,26522.0,8.0,34964.0
51.07338177799829,0.0,0.0,0.0,0.0,0.0,0.0,0.0,0.0,0.0,0.0,0.0,0.0,0.0,27808.0,8.0,34972.0,26523.0,8.0,34985.0
51.092838687007315,0.0,0.0,0.0,0.0,0.0,0.0,0.0,0.0,0.0,0.0,0.0,0.0,0.0,27809.0,8.0,34992.0,26524.0,8.0,35005.0
51.115084567980375,0.0,0.0,0.0,0.0,0.0,0.0,0.0,0.0,0.0,0.0,0.0,0.0,0.0,27810.0,8.0,35012.0,26525.0,8.0,35025.0
51.14520521700615,0.0,0.0,0.0,0.0,0.0,0.0,0.0,0.0,0.0,0.0,0.0,0.0,0.0,27812.0,8.0,35052.0,26526.0,8.0,35055.0
51.25942881498486,0.0,0.0,0.0,0.0,0.0,0.0,0.0,0.0,0.0,0.0,0.0,0.0,0.0,27814.0,8.0,35092.0,26527.0,8.0,35095.0
51.25954889899003,0.0,0.0,0.0,0.0,0.0,0.0,0.0,0.0,0.0,0.0,0.0,0.0,0.0,27814.0,8.0,35092.0,26528.0,8.0,35102.0
51.259611416986445,0.0,0.0,0.0,0.0,0.0,0.0,0.0,0.0,0.0,0.0,0.0,0.0,0.0,27816.0,8.0,35132.0,26529.0,8.0,35135.0
51.259667492995504,0.0,0.0,0.0,0.0,0.0,0.0,0.0,0.0,0.0,0.0,0.0,0.0,0.0,27816.0,8.0,35132.0,26530.0,8.0,35142.0
51.2597221689939,0.0,0.0,0.0,0.0,0.0,0.0,0.0,0.0,0.0,0.0,0.0,0.0,0.0,27817.0,8.0,35152.0,26531.0,8.0,35165.0
51.27284469699953,0.0,0.0,0.0,0.0,0.0,0.0,0.0,0.0,0.0,0.0,0.0,0.0,0.0,27818.0,8.0,35172.0,26532.0,8.0,35185.0
51.29276284700609,0.0,0.0,0.0,0.0,0.0,0.0,0.0,0.0,0.0,0.0,0.0,0.0,0.0,27819.0,8.0,35192.0,26533.0,8.0,35205.0
51.313102646992775,0.0,0.0,0.0,0.0,0.0,0.0,0.0,0.0,0.0,0.0,0.0,0.0,0.0,27820.0,8.0,35212.0,26534.0,8.0,35225.0
51.33498830598546,0.0,0.0,0.0,0.0,0.0,0.0,0.0,0.0,0.0,0.0,0.0,0.0,0.0,27821.0,8.0,35232.0,26535.0,8.0,35245.0
51.36238915199647,0.0,0.0,0.0,0.0,0.0,0.0,0.0,0.0,0.0,0.0,0.0,0.0,0.0,27823.0,8.0,35272.0,26536.0,8.0,35275.0
51.47871498699533,0.0,0.0,0.0,0.0,0.0,0.0,0.0,0.0,0.0,0.0,0.0,0.0,0.0,27823.0,8.0,35272.0,26537.0,8.0,35282.0
51.47881846598466,0.0,0.0,0.0,0.0,0.0,0.0,0.0,0.0,0.0,0.0,0.0,0.0,0.0,27825.0,8.0,35312.0,26538.0,8.0,35315.0
51.47889214698807,0.0,0.0,0.0,0.0,0.0,0.0,0.0,0.0,0.0,0.0,0.0,0.0,0.0,27825.0,8.0,35312.0,26539.0,8.0,35322.0
51.478958766005235,0.0,0.0,0.0,0.0,0.0,0.0,0.0,0.0,0.0,0.0,0.0,0.0,0.0,27827.0,8.0,35352.0,26540.0,8.0,35355.0
51.47902570498991,0.0,0.0,0.0,0.0,0.0,0.0,0.0,0.0,0.0,0.0,0.0,0.0,0.0,27827.0,8.0,35352.0,26541.0,8.0,35366.0
51.47908094100421,0.0,0.0,0.0,0.0,0.0,0.0,0.0,0.0,0.0,0.0,0.0,0.0,0.0,27828.0,8.0,35372.0,26542.0,8.0,35385.0
51.49186053298763,0.0,0.0,0.0,0.0,0.0,0.0,0.0,0.0,0.0,0.0,0.0,0.0,0.0,27829.0,8.0,35392.0,26543.0,8.0,35405.0
51.51496145699639,0.0,0.0,0.0,0.0,0.0,0.0,0.0,0.0,0.0,0.0,0.0,0.0,0.0,27830.0,8.0,35412.0,26544.0,8.0,35425.0
51.53342811399489,0.0,0.0,0.0,0.0,0.0,0.0,0.0,0.0,0.0,0.0,0.0,0.0,0.0,27831.0,8.0,35432.0,26545.0,8.0,35445.0
51.564179282984696,0.0,0.0,0.0,0.0,0.0,0.0,0.0,0.0,0.0,0.0,0.0,0.0,0.0,27833.0,8.0,35472.0,26546.0,8.0,35475.0
51.57025505899219,0.0,0.0,0.0,0.0,0.0,0.0,0.0,0.0,0.0,0.0,0.0,0.0,0.0,27833.0,8.0,35472.0,26547.0,8.0,35483.0
51.69909827099764,0.0,0.0,0.0,0.0,0.0,0.0,0.0,0.0,0.0,0.0,0.0,0.0,0.0,27834.0,8.0,35492.0,26548.0,8.0,35505.0
51.699215593980625,0.0,0.0,0.0,0.0,0.0,0.0,0.0,0.0,0.0,0.0,0.0,0.0,0.0,27835.0,8.0,35512.0,26549.0,8.0,35525.0
51.699282622983446,0.0,0.0,0.0,0.0,0.0,0.0,0.0,0.0,0.0,0.0,0.0,0.0,0.0,27836.0,8.0,35532.0,26550.0,8.0,35545.0
51.69934053000179,0.0,0.0,0.0,0.0,0.0,0.0,0.0,0.0,0.0,0.0,0.0,0.0,0.0,27838.0,8.0,35572.0,26551.0,8.0,35576.0
51.69939525498194,0.0,0.0,0.0,0.0,0.0,0.0,0.0,0.0,0.0,0.0,0.0,0.0,0.0,27838.0,8.0,35572.0,26552.0,8.0,35583.0
51.699451900989516,0.0,0.0,0.0,0.0,0.0,0.0,0.0,0.0,0.0,0.0,0.0,0.0,0.0,27839.0,8.0,35592.0,26553.0,8.0,35605.0
51.71117732298444,0.0,0.0,0.0,0.0,0.0,0.0,0.0,0.0,0.0,0.0,0.0,0.0,0.0,27840.0,8.0,35612.0,26554.0,8.0,35625.0
51.731598235986894,0.0,0.0,0.0,0.0,0.0,0.0,0.0,0.0,0.0,0.0,0.0,0.0,0.0,27841.0,8.0,35632.0,26555.0,8.0,35645.0
51.7632082880009,0.0,0.0,0.0,0.0,0.0,0.0,0.0,0.0,0.0,0.0,0.0,0.0,0.0,27843.0,8.0,35672.0,26556.0,8.0,35675.0
51.77011208998738,0.0,0.0,0.0,0.0,0.0,0.0,0.0,0.0,0.0,0.0,0.0,0.0,0.0,27843.0,8.0,35672.0,26557.0,8.0,35682.0
51.79188652700395,0.0,0.0,0.0,0.0,0.0,0.0,0.0,0.0,0.0,0.0,0.0,0.0,0.0,27844.0,8.0,35692.0,26558.0,8.0,35705.0
51.9184760809876,0.0,0.0,0.0,0.0,0.0,0.0,0.0,0.0,0.0,0.0,0.0,0.0,0.0,27845.0,8.0,35712.0,26559.0,8.0,35725.0
51.91857218599762,0.0,0.0,0.0,0.0,0.0,0.0,0.0,0.0,0.0,0.0,0.0,0.0,0.0,27846.0,8.0,35732.0,26560.0,8.0,35745.0
51.918636969989166,0.0,0.0,0.0,0.0,0.0,0.0,0.0,0.0,0.0,0.0,0.0,0.0,0.0,27848.0,8.0,35772.0,26561.0,8.0,35775.0
51.918719820998376,0.0,0.0,0.0,0.0,0.0,0.0,0.0,0.0,0.0,0.0,0.0,0.0,0.0,27848.0,8.0,35772.0,26562.0,8.0,35782.0
51.91879840998445,0.0,0.0,0.0,0.0,0.0,0.0,0.0,0.0,0.0,0.0,0.0,0.0,0.0,27849.0,8.0,35792.0,26563.0,8.0,35805.0
51.91888335099793,0.0,0.0,0.0,0.0,0.0,0.0,0.0,0.0,0.0,0.0,0.0,0.0,0.0,27850.0,8.0,35812.0,26564.0,8.0,35825.0
51.93174540999462,0.0,0.0,0.0,0.0,0.0,0.0,0.0,0.0,0.0,0.0,0.0,0.0,0.0,27851.0,8.0,35832.0,26565.0,8.0,35845.0
51.965015673980815,0.0,0.0,0.0,0.0,0.0,0.0,0.0,0.0,0.0,0.0,0.0,0.0,0.0,27853.0,8.0,35872.0,26566.0,8.0,35875.0
51.9685176719795,0.0,0.0,0.0,0.0,0.0,0.0,0.0,0.0,0.0,0.0,0.0,0.0,0.0,27853.0,8.0,35872.0,26567.0,8.0,35883.0
51.99341445197933,0.0,0.0,0.0,0.0,0.0,0.0,0.0,0.0,0.0,0.0,0.0,0.0,0.0,27854.0,8.0,35892.0,26568.0,8.0,35905.0
52.014107022987446,0.0,0.0,0.0,0.0,0.0,0.0,0.0,0.0,0.0,0.0,0.0,0.0,0.0,27855.0,8.0,35912.0,26569.0,8.0,35925.0
52.05787682000664,0.0,0.0,0.0,0.0,0.0,0.0,0.0,0.0,0.0,0.0,0.0,0.0,0.0,27856.0,8.0,35932.0,26570.0,8.0,35945.0
52.13790618898929,0.0,0.0,0.0,0.0,0.0,0.0,0.0,0.0,0.0,0.0,0.0,0.0,0.0,27858.0,8.0,35972.0,26571.0,8.0,35975.0
52.138007896981435,0.0,0.0,0.0,0.0,0.0,0.0,0.0,0.0,0.0,0.0,0.0,0.0,0.0,27858.0,8.0,35972.0,26572.0,8.0,35982.0
52.138075060996925,0.0,0.0,0.0,0.0,0.0,0.0,0.0,0.0,0.0,0.0,0.0,0.0,0.0,27859.0,8.0,35992.0,26573.0,8.0,36005.0
52.13813746499363,0.0,0.0,0.0,0.0,0.0,0.0,0.0,0.0,0.0,0.0,0.0,0.0,0.0,27860.0,8.0,36012.0,26574.0,8.0,36025.0
52.13819380500354,0.0,0.0,0.0,0.0,0.0,0.0,0.0,0.0,0.0,0.0,0.0,0.0,0.0,27861.0,8.0,36032.0,26575.0,8.0,36045.0
52.167208272003336,0.0,0.0,0.0,0.0,0.0,0.0,0.0,0.0,0.0,0.0,0.0,0.0,0.0,27863.0,8.0,36072.0,26576.0,8.0,36075.0
52.17132045599283,0.0,0.0,0.0,0.0,0.0,0.0,0.0,0.0,0.0,0.0,0.0,0.0,0.0,27863.0,8.0,36072.0,26577.0,8.0,36082.0
52.20411171298474,0.0,0.0,0.0,0.0,0.0,0.0,0.0,0.0,0.0,0.0,0.0,0.0,0.0,27865.0,8.0,36111.0,26578.0,8.0,36115.0
52.22667751900735,0.0,0.0,0.0,0.0,0.0,0.0,0.0,0.0,0.0,0.0,0.0,0.0,0.0,27865.0,8.0,36111.0,26579.0,8.0,36130.0
52.24112280400004,0.0,0.0,0.0,0.0,0.0,0.0,0.0,0.0,0.0,0.0,0.0,0.0,0.0,27867.0,8.0,36152.0,26580.0,8.0,36155.0
52.31400482298341,0.0,0.0,0.0,0.0,0.0,0.0,0.0,0.0,0.0,0.0,0.0,0.0,0.0,27867.0,8.0,36152.0,26581.0,8.0,36167.0
52.31410411998513,0.0,0.0,0.0,0.0,0.0,0.0,0.0,0.0,0.0,0.0,0.0,0.0,0.0,27868.0,8.0,36172.0,26582.0,8.0,36185.0
52.314168354001595,0.0,0.0,0.0,0.0,0.0,0.0,0.0,0.0,0.0,0.0,0.0,0.0,0.0,27869.0,8.0,36192.0,26583.0,8.0,36205.0
52.31422663500416,0.0,0.0,0.0,0.0,0.0,0.0,0.0,0.0,0.0,0.0,0.0,0.0,0.0,27870.0,8.0,36212.0,26584.0,8.0,36225.0
52.649303996993694,0.0,0.0,0.0,0.0,0.0,0.0,0.0,0.0,0.0,0.0,0.0,0.0,0.0,27873.0,8.0,36272.0,26587.0,8.0,36282.0
52.753195081982994,0.0,0.0,0.0,0.0,0.0,0.0,0.0,0.0,0.0,0.0,0.0,0.0,0.0,27883.0,8.0,36472.0,26596.0,8.0,36475.0
52.75335187098244,0.0,0.0,0.0,0.0,0.0,0.0,0.0,0.0,0.0,0.0,0.0,0.0,0.0,27883.0,8.0,36472.0,26597.0,8.0,36482.0
52.75342077598907,0.0,0.0,0.0,0.0,0.0,0.0,0.0,0.0,0.0,0.0,0.0,0.0,0.0,27885.0,8.0,36512.0,26598.0,8.0,36515.0
52.75347950798459,0.0,0.0,0.0,0.0,0.0,0.0,0.0,0.0,0.0,0.0,0.0,0.0,0.0,27885.0,8.0,36512.0,26599.0,8.0,36522.0
52.753535869007464,0.0,0.0,0.0,0.0,0.0,0.0,0.0,0.0,0.0,0.0,0.0,0.0,0.0,27887.0,8.0,36552.0,26600.0,8.0,36555.0
52.75359115898027,0.0,0.0,0.0,0.0,0.0,0.0,0.0,0.0,0.0,0.0,0.0,0.0,0.0,27887.0,8.0,36552.0,26601.0,8.0,36567.0
52.75364516899572,0.0,0.0,0.0,0.0,0.0,0.0,0.0,0.0,0.0,0.0,0.0,0.0,0.0,27888.0,8.0,36572.0,26602.0,8.0,36585.0
53.09228023598553,0.0,0.0,0.0,0.0,0.0,0.0,0.0,0.0,0.0,0.0,0.0,0.0,0.0,27893.0,8.0,36672.0,26606.0,8.0,36675.0
53.09243634599261,0.0,0.0,0.0,0.0,0.0,0.0,0.0,0.0,0.0,0.0,0.0,0.0,0.0,27900.0,8.0,36812.0,26613.0,8.0,36815.0
53.09250747799524,0.0,0.0,0.0,0.0,0.0,0.0,0.0,0.0,0.0,0.0,0.0,0.0,0.0,27900.0,8.0,36812.0,26614.0,8.0,36822.0
53.092565684986766,0.0,0.0,0.0,0.0,0.0,0.0,0.0,0.0,0.0,0.0,0.0,0.0,0.0,27902.0,8.0,36852.0,26615.0,8.0,36855.0
53.09261953900568,0.0,0.0,0.0,0.0,0.0,0.0,0.0,0.0,0.0,0.0,0.0,0.0,0.0,27902.0,8.0,36852.0,26616.0,8.0,36867.0
53.092672122991644,0.0,0.0,0.0,0.0,0.0,0.0,0.0,0.0,0.0,0.0,0.0,0.0,0.0,27903.0,8.0,36872.0,26617.0,8.0,36885.0
53.092724866990466,0.0,0.0,0.0,0.0,0.0,0.0,0.0,0.0,0.0,0.0,0.0,0.0,0.0,27904.0,8.0,36892.0,26618.0,8.0,36905.0
53.09277700999519,0.0,0.0,0.0,0.0,0.0,0.0,0.0,0.0,0.0,0.0,0.0,0.0,0.0,27905.0,8.0,36912.0,26619.0,8.0,36925.0
53.09282936400268,0.0,0.0,0.0,0.0,0.0,0.0,0.0,0.0,0.0,0.0,0.0,0.0,0.0,27906.0,8.0,36932.0,26620.0,8.0,36945.0
53.092887859995244,0.0,0.0,0.0,0.0,0.0,0.0,0.0,0.0,0.0,0.0,0.0,0.0,0.0,27908.0,8.0,36972.0,26621.0,8.0,36975.0
53.09293970398721,0.0,0.0,0.0,0.0,0.0,0.0,0.0,0.0,0.0,0.0,0.0,0.0,0.0,27908.0,8.0,36972.0,26622.0,8.0,36982.0
53.092992316989694,0.0,0.0,0.0,0.0,0.0,0.0,0.0,0.0,0.0,0.0,0.0,0.0,0.0,27909.0,8.0,36992.0,26623.0,8.0,37004.0
53.10936640598811,0.0,0.0,0.0,0.0,0.0,0.0,0.0,0.0,0.0,0.0,0.0,0.0,0.0,27910.0,8.0,37012.0,26624.0,8.0,37025.0
53.130479916988406,0.0,0.0,0.0,0.0,0.0,0.0,0.0,0.0,0.0,0.0,0.0,0.0,0.0,27911.0,8.0,37032.0,26625.0,8.0,37045.0
53.16040699998848,0.0,0.0,0.0,0.0,0.0,0.0,0.0,0.0,0.0,0.0,0.0,0.0,0.0,27913.0,8.0,37072.0,26626.0,8.0,37075.0
53.16721692698775,0.0,0.0,0.0,0.0,0.0,0.0,0.0,0.0,0.0,0.0,0.0,0.0,0.0,27913.0,8.0,37072.0,26627.0,8.0,37082.0
53.19166341400705,0.0,0.0,0.0,0.0,0.0,0.0,0.0,0.0,0.0,0.0,0.0,0.0,0.0,27914.0,8.0,37092.0,26628.0,8.0,37105.0
53.60398647899274,0.0,0.0,0.0,0.0,0.0,0.0,0.0,0.0,0.0,0.0,0.0,0.0,0.0,27925.0,8.0,37312.0,26639.0,8.0,37325.0
53.604263093991904,0.0,0.0,0.0,0.0,0.0,0.0,0.0,0.0,0.0,0.0,0.0,0.0,0.0,27926.0,8.0,37332.0,26640.0,8.0,37345.0
53.6043339559983,0.0,0.0,0.0,0.0,0.0,0.0,0.0,0.0,0.0,0.0,0.0,0.0,0.0,27928.0,8.0,37372.0,26641.0,8.0,37375.0
53.604393462999724,0.0,0.0,0.0,0.0,0.0,0.0,0.0,0.0,0.0,0.0,0.0,0.0,0.0,27928.0,8.0,37372.0,26642.0,8.0,37382.0
53.604451308987336,0.0,0.0,0.0,0.0,0.0,0.0,0.0,0.0,0.0,0.0,0.0,0.0,0.0,27929.0,8.0,37392.0,26643.0,8.0,37405.0
53.60450699500507,0.0,0.0,0.0,0.0,0.0,0.0,0.0,0.0,0.0,0.0,0.0,0.0,0.0,27930.0,8.0,37412.0,26644.0,8.0,37425.0
53.60456052899826,0.0,0.0,0.0,0.0,0.0,0.0,0.0,0.0,0.0,0.0,0.0,0.0,0.0,27931.0,8.0,37432.0,26645.0,8.0,37444.0
53.60461344299256,0.0,0.0,0.0,0.0,0.0,0.0,0.0,0.0,0.0,0.0,0.0,0.0,0.0,27933.0,8.0,37472.0,26646.0,8.0,37475.0
53.60466585599352,0.0,0.0,0.0,0.0,0.0,0.0,0.0,0.0,0.0,0.0,0.0,0.0,0.0,27933.0,8.0,37472.0,26647.0,8.0,37482.0
53.60471874999348,0.0,0.0,0.0,0.0,0.0,0.0,0.0,0.0,0.0,0.0,0.0,0.0,0.0,27934.0,8.0,37492.0,26648.0,8.0,37505.0
53.608420203003334,0.0,0.0,0.0,0.0,0.0,0.0,0.0,0.0,0.0,0.0,0.0,0.0,0.0,27935.0,8.0,37512.0,26649.0,8.0,37525.0
53.629753522982355,0.0,0.0,0.0,0.0,0.0,0.0,0.0,0.0,0.0,0.0,0.0,0.0,0.0,27936.0,8.0,37532.0,26650.0,8.0,37545.0
53.65999382699374,0.0,0.0,0.0,0.0,0.0,0.0,0.0,0.0,0.0,0.0,0.0,0.0,0.0,27938.0,8.0,37572.0,26651.0,8.0,37575.0
53.668351173982956,0.0,0.0,0.0,0.0,0.0,0.0,0.0,0.0,0.0,0.0,0.0,0.0,0.0,27938.0,8.0,37572.0,26652.0,8.0,37582.0
53.700989242002834,0.0,0.0,0.0,0.0,0.0,0.0,0.0,0.0,0.0,0.0,0.0,0.0,0.0,27940.0,8.0,37612.0,26653.0,8.0,37615.0
54.1092880750075,0.0,0.0,0.0,0.0,0.0,0.0,0.0,0.0,0.0,0.0,0.0,0.0,0.0,27950.0,8.0,37812.0,26664.0,8.0,37822.0
54.10944803900202,0.0,0.0,0.0,0.0,0.0,0.0,0.0,0.0,0.0,0.0,0.0,0.0,0.0,27952.0,8.0,37852.0,26665.0,8.0,37855.0
54.109517595992656,0.0,0.0,0.0,0.0,0.0,0.0,0.0,0.0,0.0,0.0,0.0,0.0,0.0,27952.0,8.0,37852.0,26666.0,8.0,37867.0
54.1095772270055,0.0,0.0,0.0,0.0,0.0,0.0,0.0,0.0,0.0,0.0,0.0,0.0,0.0,27953.0,8.0,37872.0,26667.0,8.0,37885.0
54.109631745988736,0.0,0.0,0.0,0.0,0.0,0.0,0.0,0.0,0.0,0.0,0.0,0.0,0.0,27954.0,8.0,37892.0,26668.0,8.0,37905.0
54.10968654497992,0.0,0.0,0.0,0.0,0.0,0.0,0.0,0.0,0.0,0.0,0.0,0.0,0.0,27955.0,8.0,37912.0,26669.0,8.0,37925.0
54.109740924002836,0.0,0.0,0.0,0.0,0.0,0.0,0.0,0.0,0.0,0.0,0.0,0.0,0.0,27956.0,8.0,37932.0,26670.0,8.0,37945.0
54.109794931981014,0.0,0.0,0.0,0.0,0.0,0.0,0.0,0.0,0.0,0.0,0.0,0.0,0.0,27958.0,8.0,37972.0,26671.0,8.0,37975.0
54.10985493398039,0.0,0.0,0.0,0.0,0.0,0.0,0.0,0.0,0.0,0.0,0.0,0.0,0.0,27958.0,8.0,37972.0,26672.0,8.0,37982.0
54.109911653999006,0.0,0.0,0.0,0.0,0.0,0.0,0.0,0.0,0.0,0.0,0.0,0.0,0.0,27959.0,8.0,37992.0,26673.0,8.0,38005.0
54.11339948498062,0.0,0.0,0.0,0.0,0.0,0.0,0.0,0.0,0.0,0.0,0.0,0.0,0.0,27960.0,8.0,38012.0,26674.0,8.0,38025.0
54.12843199100462,0.0,0.0,0.0,0.0,0.0,0.0,0.0,0.0,0.0,0.0,0.0,0.0,0.0,27961.0,8.0,38032.0,26675.0,8.0,38045.0
54.160666209005285,0.0,0.0,0.0,0.0,0.0,0.0,0.0,0.0,0.0,0.0,0.0,0.0,0.0,27963.0,8.0,38072.0,26676.0,8.0,38075.0
54.16602536800201,0.0,0.0,0.0,0.0,0.0,0.0,0.0,0.0,0.0,0.0,0.0,0.0,0.0,27963.0,8.0,38072.0,26677.0,8.0,38082.0
54.20084070798475,0.0,0.0,0.0,0.0,0.0,0.0,0.0,0.0,0.0,0.0,0.0,0.0,0.0,27965.0,8.0,38112.0,26678.0,8.0,38115.0
54.62812223198125,0.0,0.0,0.0,0.0,0.0,0.0,0.0,0.0,0.0,0.0,0.0,0.0,0.0,27973.0,8.0,38272.0,26686.0,8.0,38275.0
54.628471315983916,0.0,0.0,0.0,0.0,0.0,0.0,0.0,0.0,0.0,0.0,0.0,0.0,0.0,27976.0,8.0,38332.0,26690.0,8.0,38345.0
54.62855455998215,0.0,0.0,0.0,0.0,0.0,0.0,0.0,0.0,0.0,0.0,0.0,0.0,0.0,27978.0,8.0,38372.0,26691.0,8.0,38375.0
54.62861716299085,0.0,0.0,0.0,0.0,0.0,0.0,0.0,0.0,0.0,0.0,0.0,0.0,0.0,27978.0,8.0,38372.0,26692.0,8.0,38382.0
54.62867659400217,0.0,0.0,0.0,0.0,0.0,0.0,0.0,0.0,0.0,0.0,0.0,0.0,0.0,27980.0,8.0,38411.0,26693.0,8.0,38415.0
54.62873445500736,0.0,0.0,0.0,0.0,0.0,0.0,0.0,0.0,0.0,0.0,0.0,0.0,0.0,27980.0,8.0,38411.0,26694.0,8.0,38422.0
54.628791675000684,0.0,0.0,0.0,0.0,0.0,0.0,0.0,0.0,0.0,0.0,0.0,0.0,0.0,27982.0,8.0,38452.0,26695.0,8.0,38456.0
54.62885371799348,0.0,0.0,0.0,0.0,0.0,0.0,0.0,0.0,0.0,0.0,0.0,0.0,0.0,27982.0,8.0,38452.0,26696.0,8.0,38468.0
54.62891225898056,0.0,0.0,0.0,0.0,0.0,0.0,0.0,0.0,0.0,0.0,0.0,0.0,0.0,27984.0,8.0,38492.0,26697.0,8.0,38495.0
54.62896946899127,0.0,0.0,0.0,0.0,0.0,0.0,0.0,0.0,0.0,0.0,0.0,0.0,0.0,27984.0,8.0,38492.0,26698.0,8.0,38502.0
54.62902708898764,0.0,0.0,0.0,0.0,0.0,0.0,0.0,0.0,0.0,0.0,0.0,0.0,0.0,27985.0,8.0,38512.0,26699.0,8.0,38525.0
54.633863572991686,0.0,0.0,0.0,0.0,0.0,0.0,0.0,0.0,0.0,0.0,0.0,0.0,0.0,27986.0,8.0,38532.0,26700.0,8.0,38545.0
54.65914966198034,0.0,0.0,0.0,0.0,0.0,0.0,0.0,0.0,0.0,0.0,0.0,0.0,0.0,27988.0,8.0,38572.0,26701.0,8.0,38575.0
54.66588968000724,0.0,0.0,0.0,0.0,0.0,0.0,0.0,0.0,0.0,0.0,0.0,0.0,0.0,27988.0,8.0,38572.0,26702.0,8.0,38582.0
54.68910555599723,0.0,0.0,0.0,0.0,0.0,0.0,0.0,0.0,0.0,0.0,0.0,0.0,0.0,27989.0,8.0,38592.0,26703.0,8.0,38605.0
54.708127608988434,0.0,0.0,0.0,0.0,0.0,0.0,0.0,0.0,0.0,0.0,0.0,0.0,0.0,27990.0,8.0,38612.0,26704.0,8.0,38625.0
55.127369585999986,0.0,0.0,0.0,0.0,0.0,0.0,0.0,0.0,0.0,0.0,0.0,0.0,0.0,27995.0,8.0,38712.0,26709.0,8.0,38722.0
55.12756050997996,0.0,0.0,0.0,0.0,0.0,0.0,0.0,0.0,0.0,0.0,0.0,0.0,0.0,27998.0,8.0,38772.0,26712.0,8.0,38782.0
55.12763299400103,0.0,0.0,0.0,0.0,0.0,0.0,0.0,0.0,0.0,0.0,0.0,0.0,0.0,28000.0,8.0,38812.0,26714.0,8.0,38822.0
55.1276963519922,0.0,0.0,0.0,0.0,0.0,0.0,0.0,0.0,0.0,0.0,0.0,0.0,0.0,28002.0,8.0,38852.0,26715.0,8.0,38855.0
55.12775615698774,0.0,0.0,0.0,0.0,0.0,0.0,0.0,0.0,0.0,0.0,0.0,0.0,0.0,28002.0,8.0,38852.0,26716.0,8.0,38867.0
55.12781347200507,0.0,0.0,0.0,0.0,0.0,0.0,0.0,0.0,0.0,0.0,0.0,0.0,0.0,28003.0,8.0,38872.0,26717.0,8.0,38885.0
55.127880421990994,0.0,0.0,0.0,0.0,0.0,0.0,0.0,0.0,0.0,0.0,0.0,0.0,0.0,28004.0,8.0,38892.0,26718.0,8.0,38905.0
55.12794119800674,0.0,0.0,0.0,0.0,0.0,0.0,0.0,0.0,0.0,0.0,0.0,0.0,0.0,28005.0,8.0,38912.0,26719.0,8.0,38925.0
55.12800007397891,0.0,0.0,0.0,0.0,0.0,0.0,0.0,0.0,0.0,0.0,0.0,0.0,0.0,28006.0,8.0,38932.0,26720.0,8.0,38945.0
55.12805696798023,0.0,0.0,0.0,0.0,0.0,0.0,0.0,0.0,0.0,0.0,0.0,0.0,0.0,28008.0,8.0,38972.0,26721.0,8.0,38975.0
55.12811412199517,0.0,0.0,0.0,0.0,0.0,0.0,0.0,0.0,0.0,0.0,0.0,0.0,0.0,28008.0,8.0,38972.0,26722.0,8.0,38982.0
55.12817134600482,0.0,0.0,0.0,0.0,0.0,0.0,0.0,0.0,0.0,0.0,0.0,0.0,0.0,28010.0,8.0,39012.0,26723.0,8.0,39015.0
55.128228499990655,0.0,0.0,0.0,0.0,0.0,0.0,0.0,0.0,0.0,0.0,0.0,0.0,0.0,28010.0,8.0,39012.0,26724.0,8.0,39022.0
55.13779975599027,0.0,0.0,0.0,0.0,0.0,0.0,0.0,0.0,0.0,0.0,0.0,0.0,0.0,28012.0,8.0,39052.0,26725.0,8.0,39055.0
55.158802021003794,0.0,0.0,0.0,0.0,0.0,0.0,0.0,0.0,0.0,0.0,0.0,0.0,0.0,28012.0,8.0,39052.0,26726.0,8.0,39066.0
55.16670351600624,0.0,0.0,0.0,0.0,0.0,0.0,0.0,0.0,0.0,0.0,0.0,0.0,0.0,28013.0,8.0,39072.0,26727.0,8.0,39085.0
55.18727248098003,0.0,0.0,0.0,0.0,0.0,0.0,0.0,0.0,0.0,0.0,0.0,0.0,0.0,28014.0,8.0,39092.0,26728.0,8.0,39105.0
55.21186133500305,0.0,0.0,0.0,0.0,0.0,0.0,0.0,0.0,0.0,0.0,0.0,0.0,0.0,28015.0,8.0,39112.0,26729.0,8.0,39125.0
55.227441150986124,0.0,0.0,0.0,0.0,0.0,0.0,0.0,0.0,0.0,0.0,0.0,0.0,0.0,28016.0,8.0,39132.0,26730.0,8.0,39145.0
55.636727144999895,0.0,0.0,0.0,0.0,0.0,0.0,0.0,0.0,0.0,0.0,0.0,0.0,0.0,28018.0,8.0,39172.0,26731.0,8.0,39175.0
55.637280486000236,0.0,0.0,0.0,0.0,0.0,0.0,0.0,0.0,0.0,0.0,0.0,0.0,0.0,28018.0,8.0,39172.0,26732.0,8.0,39183.0
55.637406572001055,0.0,0.0,0.0,0.0,0.0,0.0,0.0,0.0,0.0,0.0,0.0,0.0,0.0,28019.0,8.0,39192.0,26733.0,8.0,39205.0
55.637470779998694,0.0,0.0,0.0,0.0,0.0,0.0,0.0,0.0,0.0,0.0,0.0,0.0,0.0,28020.0,8.0,39212.0,26734.0,8.0,39225.0
55.637544664001325,0.0,0.0,0.0,0.0,0.0,0.0,0.0,0.0,0.0,0.0,0.0,0.0,0.0,28021.0,8.0,39232.0,26735.0,8.0,39245.0
55.63760179898236,0.0,0.0,0.0,0.0,0.0,0.0,0.0,0.0,0.0,0.0,0.0,0.0,0.0,28023.0,8.0,39272.0,26736.0,8.0,39275.0
55.637659873988014,0.0,0.0,0.0,0.0,0.0,0.0,0.0,0.0,0.0,0.0,0.0,0.0,0.0,28023.0,8.0,39272.0,26737.0,8.0,39282.0
55.6377165169979,0.0,0.0,0.0,0.0,0.0,0.0,0.0,0.0,0.0,0.0,0.0,0.0,0.0,28024.0,8.0,39292.0,26738.0,8.0,39305.0
55.63777267100522,0.0,0.0,0.0,0.0,0.0,0.0,0.0,0.0,0.0,0.0,0.0,0.0,0.0,28025.0,8.0,39312.0,26739.0,8.0,39325.0
55.637830175983254,0.0,0.0,0.0,0.0,0.0,0.0,0.0,0.0,0.0,0.0,0.0,0.0,0.0,28026.0,8.0,39332.0,26740.0,8.0,39345.0
55.63790152798174,0.0,0.0,0.0,0.0,0.0,0.0,0.0,0.0,0.0,0.0,0.0,0.0,0.0,28028.0,8.0,39372.0,26741.0,8.0,39375.0
55.6379607039853,0.0,0.0,0.0,0.0,0.0,0.0,0.0,0.0,0.0,0.0,0.0,0.0,0.0,28028.0,8.0,39372.0,26742.0,8.0,39382.0
55.63801977899857,0.0,0.0,0.0,0.0,0.0,0.0,0.0,0.0,0.0,0.0,0.0,0.0,0.0,28029.0,8.0,39392.0,26743.0,8.0,39405.0
55.638077404000796,0.0,0.0,0.0,0.0,0.0,0.0,0.0,0.0,0.0,0.0,0.0,0.0,0.0,28030.0,8.0,39412.0,26744.0,8.0,39425.0
55.63813789997948,0.0,0.0,0.0,0.0,0.0,0.0,0.0,0.0,0.0,0.0,0.0,0.0,0.0,28031.0,8.0,39432.0,26745.0,8.0,39445.0
55.63819604497985,0.0,0.0,0.0,0.0,0.0,0.0,0.0,0.0,0.0,0.0,0.0,0.0,0.0,28033.0,8.0,39472.0,26746.0,8.0,39475.0
55.6382545499946,0.0,0.0,0.0,0.0,0.0,0.0,0.0,0.0,0.0,0.0,0.0,0.0,0.0,28033.0,8.0,39472.0,26747.0,8.0,39482.0
55.638339370983886,0.0,0.0,0.0,0.0,0.0,0.0,0.0,0.0,0.0,0.0,0.0,0.0,0.0,28034.0,8.0,39492.0,26748.0,8.0,39505.0
55.63842355099041,0.0,0.0,0.0,0.0,0.0,0.0,0.0,0.0,0.0,0.0,0.0,0.0,0.0,28035.0,8.0,39512.0,26749.0,8.0,39525.0
55.63850549000199,0.0,0.0,0.0,0.0,0.0,0.0,0.0,0.0,0.0,0.0,0.0,0.0,0.0,28036.0,8.0,39532.0,26750.0,8.0,39545.0
55.65835857699858,0.0,0.0,0.0,0.0,0.0,0.0,0.0,0.0,0.0,0.0,0.0,0.0,0.0,28038.0,8.0,39572.0,26751.0,8.0,39575.0
55.663746895996155,0.0,0.0,0.0,0.0,0.0,0.0,0.0,0.0,0.0,0.0,0.0,0.0,0.0,28038.0,8.0,39572.0,26752.0,8.0,39582.0
55.68938502800302,0.0,0.0,0.0,0.0,0.0,0.0,0.0,0.0,0.0,0.0,0.0,0.0,0.0,28039.0,8.0,39592.0,26753.0,8.0,39605.0
55.70713895699009,0.0,0.0,0.0,0.0,0.0,0.0,0.0,0.0,0.0,0.0,0.0,0.0,0.0,28040.0,8.0,39612.0,26754.0,8.0,39625.0
55.72741251499974,0.0,0.0,0.0,0.0,0.0,0.0,0.0,0.0,0.0,0.0,0.0,0.0,0.0,28041.0,8.0,39632.0,26755.0,8.0,39645.0
56.1460926499858,0.0,0.0,0.0,0.0,0.0,0.0,0.0,0.0,0.0,0.0,0.0,0.0,0.0,28043.0,8.0,39672.0,26756.0,8.0,39675.0
56.14660315998481,0.0,0.0,0.0,0.0,0.0,0.0,0.0,0.0,0.0,0.0,0.0,0.0,0.0,28044.0,8.0,39692.0,26758.0,8.0,39705.0
56.146731115994044,0.0,0.0,0.0,0.0,0.0,0.0,0.0,0.0,0.0,0.0,0.0,0.0,0.0,28046.0,8.0,39732.0,26760.0,8.0,39745.0
56.14679491799325,0.0,0.0,0.0,0.0,0.0,0.0,0.0,0.0,0.0,0.0,0.0,0.0,0.0,28048.0,8.0,39772.0,26761.0,8.0,39775.0
56.14685958100017,0.0,0.0,0.0,0.0,0.0,0.0,0.0,0.0,0.0,0.0,0.0,0.0,0.0,28048.0,8.0,39772.0,26762.0,8.0,39782.0
56.14692023099633,0.0,0.0,0.0,0.0,0.0,0.0,0.0,0.0,0.0,0.0,0.0,0.0,0.0,28049.0,8.0,39792.0,26763.0,8.0,39805.0
56.14698010098073,0.0,0.0,0.0,0.0,0.0,0.0,0.0,0.0,0.0,0.0,0.0,0.0,0.0,28050.0,8.0,39812.0,26764.0,8.0,39825.0
56.14703788998304,0.0,0.0,0.0,0.0,0.0,0.0,0.0,0.0,0.0,0.0,0.0,0.0,0.0,28051.0,8.0,39832.0,26765.0,8.0,39845.0
56.14709580800263,0.0,0.0,0.0,0.0,0.0,0.0,0.0,0.0,0.0,0.0,0.0,0.0,0.0,28053.0,8.0,39872.0,26766.0,8.0,39875.0
56.14715393699589,0.0,0.0,0.0,0.0,0.0,0.0,0.0,0.0,0.0,0.0,0.0,0.0,0.0,28053.0,8.0,39872.0,26767.0,8.0,39882.0
56.14721171598649,0.0,0.0,0.0,0.0,0.0,0.0,0.0,0.0,0.0,0.0,0.0,0.0,0.0,28054.0,8.0,39892.0,26768.0,8.0,39905.0
56.1472689640068,0.0,0.0,0.0,0.0,0.0,0.0,0.0,0.0,0.0,0.0,0.0,0.0,0.0,28055.0,8.0,39912.0,26769.0,8.0,39925.0
56.14732651200029,0.0,0.0,0.0,0.0,0.0,0.0,0.0,0.0,0.0,0.0,0.0,0.0,0.0,28056.0,8.0,39932.0,26770.0,8.0,39945.0
56.14738405999378,0.0,0.0,0.0,0.0,0.0,0.0,0.0,0.0,0.0,0.0,0.0,0.0,0.0,28058.0,8.0,39972.0,26771.0,8.0,39975.0
56.14744104800047,0.0,0.0,0.0,0.0,0.0,0.0,0.0,0.0,0.0,0.0,0.0,0.0,0.0,28058.0,8.0,39972.0,26772.0,8.0,39982.0
56.14749680599198,0.0,0.0,0.0,0.0,0.0,0.0,0.0,0.0,0.0,0.0,0.0,0.0,0.0,28060.0,8.0,40012.0,26773.0,8.0,40015.0
56.14756307998323,0.0,0.0,0.0,0.0,0.0,0.0,0.0,0.0,0.0,0.0,0.0,0.0,0.0,28060.0,8.0,40012.0,26774.0,8.0,40022.0
56.14761990800616,0.0,0.0,0.0,0.0,0.0,0.0,0.0,0.0,0.0,0.0,0.0,0.0,0.0,28061.0,8.0,40032.0,26775.0,8.0,40045.0
56.15926437298185,0.0,0.0,0.0,0.0,0.0,0.0,0.0,0.0,0.0,0.0,0.0,0.0,0.0,28063.0,8.0,40072.0,26776.0,8.0,40075.0
56.16444571400643,0.0,0.0,0.0,0.0,0.0,0.0,0.0,0.0,0.0,0.0,0.0,0.0,0.0,28063.0,8.0,40072.0,26777.0,8.0,40083.0
56.186816114000976,0.0,0.0,0.0,0.0,0.0,0.0,0.0,0.0,0.0,0.0,0.0,0.0,0.0,28064.0,8.0,40092.0,26778.0,8.0,40105.0
56.2080001939903,0.0,0.0,0.0,0.0,0.0,0.0,0.0,0.0,0.0,0.0,0.0,0.0,0.0,28065.0,8.0,40112.0,26779.0,8.0,40125.0
56.22243640900706,0.0,0.0,0.0,0.0,0.0,0.0,0.0,0.0,0.0,0.0,0.0,0.0,0.0,28066.0,8.0,40132.0,26780.0,8.0,40140.0
56.24567713899887,0.0,0.0,0.0,0.0,0.0,0.0,0.0,0.0,0.0,0.0,0.0,0.0,0.0,28067.0,8.0,40152.0,26781.0,8.0,40165.0
56.655681353993714,0.0,0.0,0.0,0.0,0.0,0.0,0.0,0.0,0.0,0.0,0.0,0.0,0.0,28078.0,8.0,40372.0,26791.0,8.0,40375.0
56.65607647699653,0.0,0.0,0.0,0.0,0.0,0.0,0.0,0.0,0.0,0.0,0.0,0.0,0.0,28078.0,8.0,40372.0,26792.0,8.0,40382.0
56.65615709099802,0.0,0.0,0.0,0.0,0.0,0.0,0.0,0.0,0.0,0.0,0.0,0.0,0.0,28080.0,8.0,40412.0,26793.0,8.0,40415.0
56.6562189119868,0.0,0.0,0.0,0.0,0.0,0.0,0.0,0.0,0.0,0.0,0.0,0.0,0.0,28080.0,8.0,40412.0,26794.0,8.0,40422.0
56.65627503898577,0.0,0.0,0.0,0.0,0.0,0.0,0.0,0.0,0.0,0.0,0.0,0.0,0.0,28082.0,8.0,40452.0,26795.0,8.0,40456.0
56.656329235003795,0.0,0.0,0.0,0.0,0.0,0.0,0.0,0.0,0.0,0.0,0.0,0.0,0.0,28082.0,8.0,40452.0,26796.0,8.0,40468.0
56.65638631299953,0.0,0.0,0.0,0.0,0.0,0.0,0.0,0.0,0.0,0.0,0.0,0.0,0.0,28084.0,8.0,40492.0,26797.0,8.0,40495.0
56.656442170991795,0.0,0.0,0.0,0.0,0.0,0.0,0.0,0.0,0.0,0.0,0.0,0.0,0.0,28084.0,8.0,40492.0,26798.0,8.0,40502.0
56.65649631698034,0.0,0.0,0.0,0.0,0.0,0.0,0.0,0.0,0.0,0.0,0.0,0.0,0.0,28085.0,8.0,40512.0,26799.0,8.0,40525.0
56.656553084001644,0.0,0.0,0.0,0.0,0.0,0.0,0.0,0.0,0.0,0.0,0.0,0.0,0.0,28086.0,8.0,40532.0,26800.0,8.0,40545.0
56.657886553002754,0.0,0.0,0.0,0.0,0.0,0.0,0.0,0.0,0.0,0.0,0.0,0.0,0.0,28088.0,8.0,40572.0,26801.0,8.0,40575.0
56.66415490797954,0.0,0.0,0.0,0.0,0.0,0.0,0.0,0.0,0.0,0.0,0.0,0.0,0.0,28088.0,8.0,40572.0,26802.0,8.0,40582.0
56.68651957399561,0.0,0.0,0.0,0.0,0.0,0.0,0.0,0.0,0.0,0.0,0.0,0.0,0.0,28089.0,8.0,40592.0,26803.0,8.0,40605.0
56.7070838509826,0.0,0.0,0.0,0.0,0.0,0.0,0.0,0.0,0.0,0.0,0.0,0.0,0.0,28090.0,8.0,40612.0,26804.0,8.0,40625.0
56.72506258499925,0.0,0.0,0.0,0.0,0.0,0.0,0.0,0.0,0.0,0.0,0.0,0.0,0.0,28091.0,8.0,40632.0,26805.0,8.0,40645.0
56.756447909981944,0.0,0.0,0.0,0.0,0.0,0.0,0.0,0.0,0.0,0.0,0.0,0.0,0.0,28093.0,8.0,40672.0,26806.0,8.0,40675.0
57.165247159980936,0.0,0.0,0.0,0.0,0.0,0.0,0.0,0.0,0.0,0.0,0.0,0.0,0.0,28102.0,8.0,40852.0,26815.0,8.0,40855.0
57.1654190759873,0.0,0.0,0.0,0.0,0.0,0.0,0.0,0.0,0.0,0.0,0.0,0.0,0.0,28103.0,8.0,40872.0,26817.0,8.0,40885.0
57.165499783994164,0.0,0.0,0.0,0.0,0.0,0.0,0.0,0.0,0.0,0.0,0.0,0.0,0.0,28104.0,8.0,40892.0,26818.0,8.0,40905.0
57.16556337100337,0.0,0.0,0.0,0.0,0.0,0.0,0.0,0.0,0.0,0.0,0.0,0.0,0.0,28105.0,8.0,40912.0,26819.0,8.0,40925.0
57.165622264001286,0.0,0.0,0.0,0.0,0.0,0.0,0.0,0.0,0.0,0.0,0.0,0.0,0.0,28106.0,8.0,40932.0,26820.0,8.0,40945.0
57.16567758398014,0.0,0.0,0.0,0.0,0.0,0.0,0.0,0.0,0.0,0.0,0.0,0.0,0.0,28108.0,8.0,40972.0,26821.0,8.0,40975.0
57.16573159300606,0.0,0.0,0.0,0.0,0.0,0.0,0.0,0.0,0.0,0.0,0.0,0.0,0.0,28108.0,8.0,40972.0,26822.0,8.0,40982.0
57.1657862830034,0.0,0.0,0.0,0.0,0.0,0.0,0.0,0.0,0.0,0.0,0.0,0.0,0.0,28109.0,8.0,40992.0,26823.0,8.0,41005.0
57.16585559397936,0.0,0.0,0.0,0.0,0.0,0.0,0.0,0.0,0.0,0.0,0.0,0.0,0.0,28110.0,8.0,41012.0,26824.0,8.0,41025.0
57.16591167499428,0.0,0.0,0.0,0.0,0.0,0.0,0.0,0.0,0.0,0.0,0.0,0.0,0.0,28111.0,8.0,41032.0,26825.0,8.0,41045.0
57.16596497298451,0.0,0.0,0.0,0.0,0.0,0.0,0.0,0.0,0.0,0.0,0.0,0.0,0.0,28113.0,8.0,41072.0,26826.0,8.0,41075.0
57.1660181619809,0.0,0.0,0.0,0.0,0.0,0.0,0.0,0.0,0.0,0.0,0.0,0.0,0.0,28113.0,8.0,41072.0,26827.0,8.0,41082.0
57.18460332500399,0.0,0.0,0.0,0.0,0.0,0.0,0.0,0.0,0.0,0.0,0.0,0.0,0.0,28114.0,8.0,41092.0,26828.0,8.0,41105.0
57.20425558599527,0.0,0.0,0.0,0.0,0.0,0.0,0.0,0.0,0.0,0.0,0.0,0.0,0.0,28115.0,8.0,41112.0,26829.0,8.0,41125.0
57.223998261993984,0.0,0.0,0.0,0.0,0.0,0.0,0.0,0.0,0.0,0.0,0.0,0.0,0.0,28116.0,8.0,41132.0,26830.0,8.0,41145.0
57.255741714005126,0.0,0.0,0.0,0.0,0.0,0.0,0.0,0.0,0.0,0.0,0.0,0.0,0.0,28118.0,8.0,41172.0,26831.0,8.0,41175.0
57.26160913897911,0.0,0.0,0.0,0.0,0.0,0.0,0.0,0.0,0.0,0.0,0.0,0.0,0.0,28118.0,8.0,41172.0,26832.0,8.0,41182.0
57.638410272978945,0.0,0.0,0.0,0.0,0.0,0.0,0.0,0.0,0.0,0.0,0.0,0.0,0.0,28119.0,8.0,41192.0,26833.0,8.0,41205.0
57.63858125798288,0.0,0.0,0.0,0.0,0.0,0.0,0.0,0.0,0.0,0.0,0.0,0.0,0.0,28120.0,8.0,41212.0,26834.0,8.0,41225.0
57.638658994983416,0.0,0.0,0.0,0.0,0.0,0.0,0.0,0.0,0.0,0.0,0.0,0.0,0.0,28121.0,8.0,41232.0,26835.0,8.0,41245.0
57.638725252996664,0.0,0.0,0.0,0.0,0.0,0.0,0.0,0.0,0.0,0.0,0.0,0.0,0.0,28123.0,8.0,41272.0,26836.0,8.0,41275.0
57.638782694994006,0.0,0.0,0.0,0.0,0.0,0.0,0.0,0.0,0.0,0.0,0.0,0.0,0.0,28123.0,8.0,41272.0,26837.0,8.0,41282.0
57.63884767200216,0.0,0.0,0.0,0.0,0.0,0.0,0.0,0.0,0.0,0.0,0.0,0.0,0.0,28125.0,8.0,41312.0,26838.0,8.0,41315.0
57.6389114689955,0.0,0.0,0.0,0.0,0.0,0.0,0.0,0.0,0.0,0.0,0.0,0.0,0.0,28125.0,8.0,41312.0,26839.0,8.0,41322.0
57.63897402398288,0.0,0.0,0.0,0.0,0.0,0.0,0.0,0.0,0.0,0.0,0.0,0.0,0.0,28127.0,8.0,41352.0,26840.0,8.0,41355.0
57.639035208994756,0.0,0.0,0.0,0.0,0.0,0.0,0.0,0.0,0.0,0.0,0.0,0.0,0.0,28127.0,8.0,41352.0,26841.0,8.0,41366.0
57.63909223000519,0.0,0.0,0.0,0.0,0.0,0.0,0.0,0.0,0.0,0.0,0.0,0.0,0.0,28128.0,8.0,41372.0,26842.0,8.0,41385.0
57.63915083298343,0.0,0.0,0.0,0.0,0.0,0.0,0.0,0.0,0.0,0.0,0.0,0.0,0.0,28129.0,8.0,41392.0,26843.0,8.0,41405.0
57.63921259800554,0.0,0.0,0.0,0.0,0.0,0.0,0.0,0.0,0.0,0.0,0.0,0.0,0.0,28130.0,8.0,41412.0,26844.0,8.0,41425.0
57.63926841900684,0.0,0.0,0.0,0.0,0.0,0.0,0.0,0.0,0.0,0.0,0.0,0.0,0.0,28131.0,8.0,41432.0,26845.0,8.0,41445.0
57.639425753004616,0.0,0.0,0.0,0.0,0.0,0.0,0.0,0.0,0.0,0.0,0.0,0.0,0.0,28133.0,8.0,41472.0,26846.0,8.0,41475.0
57.639513636997435,0.0,0.0,0.0,0.0,0.0,0.0,0.0,0.0,0.0,0.0,0.0,0.0,0.0,28133.0,8.0,41472.0,26847.0,8.0,41482.0
57.63959849899402,0.0,0.0,0.0,0.0,0.0,0.0,0.0,0.0,0.0,0.0,0.0,0.0,0.0,28135.0,8.0,41512.0,26848.0,8.0,41515.0
57.63968235999346,0.0,0.0,0.0,0.0,0.0,0.0,0.0,0.0,0.0,0.0,0.0,0.0,0.0,28135.0,8.0,41512.0,26849.0,8.0,41522.0
57.639745716995094,0.0,0.0,0.0,0.0,0.0,0.0,0.0,0.0,0.0,0.0,0.0,0.0,0.0,28137.0,8.0,41552.0,26850.0,8.0,41555.0
57.64604768899153,0.0,0.0,0.0,0.0,0.0,0.0,0.0,0.0,0.0,0.0,0.0,0.0,0.0,28137.0,8.0,41552.0,26851.0,8.0,41566.0
57.664577350980835,0.0,0.0,0.0,0.0,0.0,0.0,0.0,0.0,0.0,0.0,0.0,0.0,0.0,28138.0,8.0,41572.0,26852.0,8.0,41585.0
57.68361885700142,0.0,0.0,0.0,0.0,0.0,0.0,0.0,0.0,0.0,0.0,0.0,0.0,0.0,28139.0,8.0,41592.0,26853.0,8.0,41605.0
57.70544116900419,0.0,0.0,0.0,0.0,0.0,0.0,0.0,0.0,0.0,0.0,0.0,0.0,0.0,28140.0,8.0,41612.0,26854.0,8.0,41625.0
57.72693313998752,0.0,0.0,0.0,0.0,0.0,0.0,0.0,0.0,0.0,0.0,0.0,0.0,0.0,28141.0,8.0,41632.0,26855.0,8.0,41645.0
57.75453941698652,0.0,0.0,0.0,0.0,0.0,0.0,0.0,0.0,0.0,0.0,0.0,0.0,0.0,28143.0,8.0,41672.0,26856.0,8.0,41675.0
57.76114013697952,0.0,0.0,0.0,0.0,0.0,0.0,0.0,0.0,0.0,0.0,0.0,0.0,0.0,28143.0,8.0,41672.0,26857.0,8.0,41682.0
57.7934513920045,0.0,0.0,0.0,0.0,0.0,0.0,0.0,0.0,0.0,0.0,0.0,0.0,0.0,28145.0,8.0,41712.0,26858.0,8.0,41714.0
57.80307845698553,0.0,0.0,0.0,0.0,0.0,0.0,0.0,0.0,0.0,0.0,0.0,0.0,0.0,28145.0,8.0,41712.0,26859.0,8.0,41722.0
57.83544600298046,0.0,0.0,0.0,0.0,0.0,0.0,0.0,0.0,0.0,0.0,0.0,0.0,0.0,28147.0,8.0,41752.0,26860.0,8.0,41755.0
57.845684553991305,0.0,0.0,0.0,0.0,0.0,0.0,0.0,0.0,0.0,0.0,0.0,0.0,0.0,28147.0,8.0,41752.0,26861.0,8.0,41766.0
57.86337768699741,0.0,0.0,0.0,0.0,0.0,0.0,0.0,0.0,0.0,0.0,0.0,0.0,0.0,28148.0,8.0,41772.0,26862.0,8.0,41785.0
57.88342290598666,0.0,0.0,0.0,0.0,0.0,0.0,0.0,0.0,0.0,0.0,0.0,0.0,0.0,28149.0,8.0,41792.0,26863.0,8.0,41805.0
57.90582938899752,0.0,0.0,0.0,0.0,0.0,0.0,0.0,0.0,0.0,0.0,0.0,0.0,0.0,28150.0,8.0,41812.0,26864.0,8.0,41825.0
57.92479925599764,0.0,0.0,0.0,0.0,0.0,0.0,0.0,0.0,0.0,0.0,0.0,0.0,0.0,28151.0,8.0,41832.0,26865.0,8.0,41845.0
58.04355326600489,0.0,0.0,0.0,0.0,0.0,0.0,0.0,0.0,0.0,0.0,0.0,0.0,0.0,28153.0,8.0,41872.0,26866.0,8.0,41875.0
58.04370290299994,0.0,0.0,0.0,0.0,0.0,0.0,0.0,0.0,0.0,0.0,0.0,0.0,0.0,28153.0,8.0,41872.0,26867.0,8.0,41882.0
58.04377324899542,0.0,0.0,0.0,0.0,0.0,0.0,0.0,0.0,0.0,0.0,0.0,0.0,0.0,28154.0,8.0,41892.0,26868.0,8.0,41905.0
58.04387488900102,0.0,0.0,0.0,0.0,0.0,0.0,0.0,0.0,0.0,0.0,0.0,0.0,0.0,28155.0,8.0,41912.0,26869.0,8.0,41925.0
58.04400435098796,0.0,0.0,0.0,0.0,0.0,0.0,0.0,0.0,0.0,0.0,0.0,0.0,0.0,28156.0,8.0,41932.0,26870.0,8.0,41945.0
58.05391904799035,0.0,0.0,0.0,0.0,0.0,0.0,0.0,0.0,0.0,0.0,0.0,0.0,0.0,28158.0,8.0,41972.0,26871.0,8.0,41975.0
58.061318744992604,0.0,0.0,0.0,0.0,0.0,0.0,0.0,0.0,0.0,0.0,0.0,0.0,0.0,28158.0,8.0,41972.0,26872.0,8.0,41982.0
58.10036633099662,0.0,0.0,0.0,0.0,0.0,0.0,0.0,0.0,0.0,0.0,0.0,0.0,0.0,28160.0,8.0,42012.0,26873.0,8.0,42015.0
58.103606072982075,0.0,0.0,0.0,0.0,0.0,0.0,0.0,0.0,0.0,0.0,0.0,0.0,0.0,28160.0,8.0,42012.0,26874.0,8.0,42022.0
58.13600727598532,0.0,0.0,0.0,0.0,0.0,0.0,0.0,0.0,0.0,0.0,0.0,0.0,0.0,28162.0,8.0,42052.0,26875.0,8.0,42055.0
58.14487388799898,0.0,0.0,0.0,0.0,0.0,0.0,0.0,0.0,0.0,0.0,0.0,0.0,0.0,28162.0,8.0,42052.0,26876.0,8.0,42067.0
58.21157128698542,0.0,0.0,0.0,0.0,0.0,0.0,0.0,0.0,0.0,0.0,0.0,0.0,0.0,28163.0,8.0,42072.0,26877.0,8.0,42085.0
58.211731021991,0.0,0.0,0.0,0.0,0.0,0.0,0.0,0.0,0.0,0.0,0.0,0.0,0.0,28164.0,8.0,42092.0,26878.0,8.0,42105.0
58.2118108549912,0.0,0.0,0.0,0.0,0.0,0.0,0.0,0.0,0.0,0.0,0.0,0.0,0.0,28165.0,8.0,42112.0,26879.0,8.0,42124.0
58.27051211800426,0.0,0.0,0.0,0.0,0.0,0.0,0.0,0.0,0.0,0.0,0.0,0.0,0.0,28166.0,8.0,42132.0,26880.0,8.0,42145.0
58.27094392798608,0.0,0.0,0.0,0.0,0.0,0.0,0.0,0.0,0.0,0.0,0.0,0.0,0.0,28168.0,8.0,42172.0,26881.0,8.0,42175.0
58.27122985298047,0.0,0.0,0.0,0.0,0.0,0.0,0.0,0.0,0.0,0.0,0.0,0.0,0.0,28168.0,8.0,42172.0,26882.0,8.0,42182.0
58.29663077398436,0.0,0.0,0.0,0.0,0.0,0.0,0.0,0.0,0.0,0.0,0.0,0.0,0.0,28170.0,8.0,42212.0,26883.0,8.0,42215.0
58.300312623003265,0.0,0.0,0.0,0.0,0.0,0.0,0.0,0.0,0.0,0.0,0.0,0.0,0.0,28170.0,8.0,42212.0,26884.0,8.0,42222.0
58.32735262499773,0.0,0.0,0.0,0.0,0.0,0.0,0.0,0.0,0.0,0.0,0.0,0.0,0.0,28171.0,8.0,42232.0,26885.0,8.0,42245.0
58.3539092259889,0.0,0.0,0.0,0.0,0.0,0.0,0.0,0.0,0.0,0.0,0.0,0.0,0.0,28173.0,8.0,42272.0,26886.0,8.0,42275.0
58.36258288598037,0.0,0.0,0.0,0.0,0.0,0.0,0.0,0.0,0.0,0.0,0.0,0.0,0.0,28173.0,8.0,42272.0,26887.0,8.0,42282.0
58.39707100298256,0.0,0.0,0.0,0.0,0.0,0.0,0.0,0.0,0.0,0.0,0.0,0.0,0.0,28174.0,8.0,42292.0,26888.0,8.0,42305.0
58.484190521994606,0.0,0.0,0.0,0.0,0.0,0.0,0.0,0.0,0.0,0.0,0.0,0.0,0.0,28175.0,8.0,42312.0,26889.0,8.0,42325.0
58.48438165299012,0.0,0.0,0.0,0.0,0.0,0.0,0.0,0.0,0.0,0.0,0.0,0.0,0.0,28176.0,8.0,42332.0,26890.0,8.0,42345.0
58.484457402984845,0.0,0.0,0.0,0.0,0.0,0.0,0.0,0.0,0.0,0.0,0.0,0.0,0.0,28178.0,8.0,42372.0,26891.0,8.0,42375.0
58.484522323997226,0.0,0.0,0.0,0.0,0.0,0.0,0.0,0.0,0.0,0.0,0.0,0.0,0.0,28178.0,8.0,42372.0,26892.0,8.0,42382.0
58.48643344899756,0.0,0.0,0.0,0.0,0.0,0.0,0.0,0.0,0.0,0.0,0.0,0.0,0.0,28179.0,8.0,42392.0,26893.0,8.0,42405.0
58.5031205379928,0.0,0.0,0.0,0.0,0.0,0.0,0.0,0.0,0.0,0.0,0.0,0.0,0.0,28180.0,8.0,42412.0,26894.0,8.0,42425.0
58.523128453001846,0.0,0.0,0.0,0.0,0.0,0.0,0.0,0.0,0.0,0.0,0.0,0.0,0.0,28181.0,8.0,42432.0,26895.0,8.0,42445.0
58.55329099399387,0.0,0.0,0.0,0.0,0.0,0.0,0.0,0.0,0.0,0.0,0.0,0.0,0.0,28183.0,8.0,42472.0,26896.0,8.0,42475.0
58.56175460800296,0.0,0.0,0.0,0.0,0.0,0.0,0.0,0.0,0.0,0.0,0.0,0.0,0.0,28183.0,8.0,42472.0,26897.0,8.0,42482.0
58.92412896300084,0.0,0.0,0.0,0.0,0.0,0.0,0.0,0.0,0.0,0.0,0.0,0.0,0.0,28185.0,8.0,42511.0,26898.0,8.0,42515.0
58.924493809987325,0.0,0.0,0.0,0.0,0.0,0.0,0.0,0.0,0.0,0.0,0.0,0.0,0.0,28185.0,8.0,42511.0,26899.0,8.0,42522.0
58.9245797629992,0.0,0.0,0.0,0.0,0.0,0.0,0.0,0.0,0.0,0.0,0.0,0.0,0.0,28187.0,8.0,42552.0,26900.0,8.0,42555.0
58.924655395996524,0.0,0.0,0.0,0.0,0.0,0.0,0.0,0.0,0.0,0.0,0.0,0.0,0.0,28187.0,8.0,42552.0,26901.0,8.0,42567.0
58.92471958100214,0.0,0.0,0.0,0.0,0.0,0.0,0.0,0.0,0.0,0.0,0.0,0.0,0.0,28188.0,8.0,42572.0,26902.0,8.0,42585.0
58.92479878698941,0.0,0.0,0.0,0.0,0.0,0.0,0.0,0.0,0.0,0.0,0.0,0.0,0.0,28189.0,8.0,42592.0,26903.0,8.0,42605.0
58.92486815599841,0.0,0.0,0.0,0.0,0.0,0.0,0.0,0.0,0.0,0.0,0.0,0.0,0.0,28190.0,8.0,42612.0,26904.0,8.0,42625.0
58.92493156899582,0.0,0.0,0.0,0.0,0.0,0.0,0.0,0.0,0.0,0.0,0.0,0.0,0.0,28191.0,8.0,42632.0,26905.0,8.0,42645.0
58.92499368099379,0.0,0.0,0.0,0.0,0.0,0.0,0.0,0.0,0.0,0.0,0.0,0.0,0.0,28193.0,8.0,42672.0,26906.0,8.0,42675.0
58.92505710499245,0.0,0.0,0.0,0.0,0.0,0.0,0.0,0.0,0.0,0.0,0.0,0.0,0.0,28193.0,8.0,42672.0,26907.0,8.0,42682.0
58.92511318199104,0.0,0.0,0.0,0.0,0.0,0.0,0.0,0.0,0.0,0.0,0.0,0.0,0.0,28195.0,8.0,42712.0,26908.0,8.0,42715.0
58.92516587697901,0.0,0.0,0.0,0.0,0.0,0.0,0.0,0.0,0.0,0.0,0.0,0.0,0.0,28195.0,8.0,42712.0,26909.0,8.0,42722.0
58.92522156299674,0.0,0.0,0.0,0.0,0.0,0.0,0.0,0.0,0.0,0.0,0.0,0.0,0.0,28197.0,8.0,42752.0,26910.0,8.0,42755.0
58.92528317499091,0.0,0.0,0.0,0.0,0.0,0.0,0.0,0.0,0.0,0.0,0.0,0.0,0.0,28197.0,8.0,42752.0,26911.0,8.0,42767.0
58.925343966984656,0.0,0.0,0.0,0.0,0.0,0.0,0.0,0.0,0.0,0.0,0.0,0.0,0.0,28198.0,8.0,42772.0,26912.0,8.0,42785.0
58.92539996400592,0.0,0.0,0.0,0.0,0.0,0.0,0.0,0.0,0.0,0.0,0.0,0.0,0.0,28199.0,8.0,42792.0,26913.0,8.0,42805.0
58.925462465995224,0.0,0.0,0.0,0.0,0.0,0.0,0.0,0.0,0.0,0.0,0.0,0.0,0.0,28200.0,8.0,42812.0,26914.0,8.0,42825.0
58.92554791798466,0.0,0.0,0.0,0.0,0.0,0.0,0.0,0.0,0.0,0.0,0.0,0.0,0.0,28201.0,8.0,42832.0,26915.0,8.0,42845.0
58.95437538498663,0.0,0.0,0.0,0.0,0.0,0.0,0.0,0.0,0.0,0.0,0.0,0.0,0.0,28203.0,8.0,42872.0,26916.0,8.0,42875.0
58.960444366995944,0.0,0.0,0.0,0.0,0.0,0.0,0.0,0.0,0.0,0.0,0.0,0.0,0.0,28203.0,8.0,42872.0,26917.0,8.0,42882.0
58.98285010398831,0.0,0.0,0.0,0.0,0.0,0.0,0.0,0.0,0.0,0.0,0.0,0.0,0.0,28204.0,8.0,42892.0,26918.0,8.0,42905.0
59.00294136998127,0.0,0.0,0.0,0.0,0.0,0.0,0.0,0.0,0.0,0.0,0.0,0.0,0.0,28205.0,8.0,42912.0,26919.0,8.0,42925.0
59.023904620989924,0.0,0.0,0.0,0.0,0.0,0.0,0.0,0.0,0.0,0.0,0.0,0.0,0.0,28206.0,8.0,42932.0,26920.0,8.0,42944.0
59.14059144599014,0.0,0.0,0.0,0.0,0.0,0.0,0.0,0.0,0.0,0.0,0.0,0.0,0.0,28208.0,8.0,42972.0,26921.0,8.0,42975.0
59.14087000998552,0.0,0.0,0.0,0.0,0.0,0.0,0.0,0.0,0.0,0.0,0.0,0.0,0.0,28208.0,8.0,42972.0,26922.0,8.0,42981.0
59.14114613298443,0.0,0.0,0.0,0.0,0.0,0.0,0.0,0.0,0.0,0.0,0.0,0.0,0.0,28210.0,8.0,43011.0,26923.0,8.0,43015.0
59.14137475498137,0.0,0.0,0.0,0.0,0.0,0.0,0.0,0.0,0.0,0.0,0.0,0.0,0.0,28210.0,8.0,43011.0,26924.0,8.0,43022.0
59.141593679989455,0.0,0.0,0.0,0.0,0.0,0.0,0.0,0.0,0.0,0.0,0.0,0.0,0.0,28212.0,8.0,43052.0,26925.0,8.0,43055.0
59.143542831996456,0.0,0.0,0.0,0.0,0.0,0.0,0.0,0.0,0.0,0.0,0.0,0.0,0.0,28212.0,8.0,43052.0,26926.0,8.0,43066.0
59.16250593800214,0.0,0.0,0.0,0.0,0.0,0.0,0.0,0.0,0.0,0.0,0.0,0.0,0.0,28213.0,8.0,43072.0,26927.0,8.0,43085.0
59.182585543981986,0.0,0.0,0.0,0.0,0.0,0.0,0.0,0.0,0.0,0.0,0.0,0.0,0.0,28214.0,8.0,43092.0,26928.0,8.0,43105.0
59.20292361799511,0.0,0.0,0.0,0.0,0.0,0.0,0.0,0.0,0.0,0.0,0.0,0.0,0.0,28215.0,8.0,43112.0,26929.0,8.0,43125.0
59.22400690999348,0.0,0.0,0.0,0.0,0.0,0.0,0.0,0.0,0.0,0.0,0.0,0.0,0.0,28216.0,8.0,43132.0,26930.0,8.0,43145.0
59.29374170998926,0.0,0.0,0.0,0.0,0.0,0.0,0.0,0.0,0.0,0.0,0.0,0.0,0.0,28218.0,8.0,43172.0,26931.0,8.0,43175.0
59.29387110899552,0.0,0.0,0.0,0.0,0.0,0.0,0.0,0.0,0.0,0.0,0.0,0.0,0.0,28218.0,8.0,43172.0,26932.0,8.0,43182.0
59.29393633399741,0.0,0.0,0.0,0.0,0.0,0.0,0.0,0.0,0.0,0.0,0.0,0.0,0.0,28219.0,8.0,43192.0,26933.0,8.0,43205.0
59.371196121996036,0.0,0.0,0.0,0.0,0.0,0.0,0.0,0.0,0.0,0.0,0.0,0.0,0.0,28220.0,8.0,43212.0,26934.0,8.0,43225.0
59.37148693698691,0.0,0.0,0.0,0.0,0.0,0.0,0.0,0.0,0.0,0.0,0.0,0.0,0.0,28221.0,8.0,43232.0,26935.0,8.0,43245.0
59.37155116198119,0.0,0.0,0.0,0.0,0.0,0.0,0.0,0.0,0.0,0.0,0.0,0.0,0.0,28223.0,8.0,43272.0,26936.0,8.0,43275.0
59.37160849999054,0.0,0.0,0.0,0.0,0.0,0.0,0.0,0.0,0.0,0.0,0.0,0.0,0.0,28223.0,8.0,43272.0,26937.0,8.0,43282.0
59.395381868002005,0.0,0.0,0.0,0.0,0.0,0.0,0.0,0.0,0.0,0.0,0.0,0.0,0.0,28225.0,8.0,43312.0,26938.0,8.0,43315.0
59.40919056200073,0.0,0.0,0.0,0.0,0.0,0.0,0.0,0.0,0.0,0.0,0.0,0.0,0.0,28225.0,8.0,43312.0,26939.0,8.0,43322.0
59.43307507300051,0.0,0.0,0.0,0.0,0.0,0.0,0.0,0.0,0.0,0.0,0.0,0.0,0.0,28227.0,8.0,43352.0,26940.0,8.0,43355.0
59.44350383899291,0.0,0.0,0.0,0.0,0.0,0.0,0.0,0.0,0.0,0.0,0.0,0.0,0.0,28227.0,8.0,43352.0,26941.0,8.0,43367.0
59.46232400499866,0.0,0.0,0.0,0.0,0.0,0.0,0.0,0.0,0.0,0.0,0.0,0.0,0.0,28228.0,8.0,43372.0,26942.0,8.0,43385.0
59.51866945400252,0.0,0.0,0.0,0.0,0.0,0.0,0.0,0.0,0.0,0.0,0.0,0.0,0.0,28229.0,8.0,43392.0,26943.0,8.0,43404.0
59.518962900998304,0.0,0.0,0.0,0.0,0.0,0.0,0.0,0.0,0.0,0.0,0.0,0.0,0.0,28230.0,8.0,43412.0,26944.0,8.0,43425.0
59.58200476199272,0.0,0.0,0.0,0.0,0.0,0.0,0.0,0.0,0.0,0.0,0.0,0.0,0.0,28231.0,8.0,43432.0,26945.0,8.0,43445.0
59.582129716989584,0.0,0.0,0.0,0.0,0.0,0.0,0.0,0.0,0.0,0.0,0.0,0.0,0.0,28233.0,8.0,43472.0,26946.0,8.0,43475.0
59.58219518198166,0.0,0.0,0.0,0.0,0.0,0.0,0.0,0.0,0.0,0.0,0.0,0.0,0.0,28233.0,8.0,43472.0,26947.0,8.0,43482.0
59.58391251898138,0.0,0.0,0.0,0.0,0.0,0.0,0.0,0.0,0.0,0.0,0.0,0.0,0.0,28234.0,8.0,43492.0,26948.0,8.0,43505.0
59.60175700200489,0.0,0.0,0.0,0.0,0.0,0.0,0.0,0.0,0.0,0.0,0.0,0.0,0.0,28235.0,8.0,43512.0,26949.0,8.0,43525.0
59.62202517798869,0.0,0.0,0.0,0.0,0.0,0.0,0.0,0.0,0.0,0.0,0.0,0.0,0.0,28236.0,8.0,43532.0,26950.0,8.0,43545.0
59.65302008998697,0.0,0.0,0.0,0.0,0.0,0.0,0.0,0.0,0.0,0.0,0.0,0.0,0.0,28238.0,8.0,43572.0,26951.0,8.0,43575.0
59.66024362598546,0.0,0.0,0.0,0.0,0.0,0.0,0.0,0.0,0.0,0.0,0.0,0.0,0.0,28238.0,8.0,43572.0,26952.0,8.0,43582.0
59.68551848898642,0.0,0.0,0.0,0.0,0.0,0.0,0.0,0.0,0.0,0.0,0.0,0.0,0.0,28239.0,8.0,43592.0,26953.0,8.0,43605.0
59.80114568100544,0.0,0.0,0.0,0.0,0.0,0.0,0.0,0.0,0.0,0.0,0.0,0.0,0.0,28240.0,8.0,43612.0,26954.0,8.0,43625.0
59.80131563398754,0.0,0.0,0.0,0.0,0.0,0.0,0.0,0.0,0.0,0.0,0.0,0.0,0.0,28241.0,8.0,43632.0,26955.0,8.0,43645.0
59.801379577984335,0.0,0.0,0.0,0.0,0.0,0.0,0.0,0.0,0.0,0.0,0.0,0.0,0.0,28243.0,8.0,43672.0,26956.0,8.0,43675.0
59.801435945002595,0.0,0.0,0.0,0.0,0.0,0.0,0.0,0.0,0.0,0.0,0.0,0.0,0.0,28243.0,8.0,43672.0,26957.0,8.0,43682.0
59.80149047099985,0.0,0.0,0.0,0.0,0.0,0.0,0.0,0.0,0.0,0.0,0.0,0.0,0.0,28244.0,8.0,43692.0,26958.0,8.0,43705.0
59.8033492169925,0.0,0.0,0.0,0.0,0.0,0.0,0.0,0.0,0.0,0.0,0.0,0.0,0.0,28245.0,8.0,43712.0,26959.0,8.0,43725.0
59.82177279799362,0.0,0.0,0.0,0.0,0.0,0.0,0.0,0.0,0.0,0.0,0.0,0.0,0.0,28246.0,8.0,43732.0,26960.0,8.0,43745.0
59.85258745899773,0.0,0.0,0.0,0.0,0.0,0.0,0.0,0.0,0.0,0.0,0.0,0.0,0.0,28248.0,8.0,43772.0,26961.0,8.0,43775.0
59.85983661600039,0.0,0.0,0.0,0.0,0.0,0.0,0.0,0.0,0.0,0.0,0.0,0.0,0.0,28248.0,8.0,43772.0,26962.0,8.0,43782.0
59.88117421299103,0.0,0.0,0.0,0.0,0.0,0.0,0.0,0.0,0.0,0.0,0.0,0.0,0.0,28249.0,8.0,43792.0,26963.0,8.0,43805.0
59.90172025200445,0.0,0.0,0.0,0.0,0.0,0.0,0.0,0.0,0.0,0.0,0.0,0.0,0.0,28250.0,8.0,43812.0,26964.0,8.0,43825.0
