time_s,left_target_rpm,left_actual_rpm,left_raw_pwm,left_final_pwm,right_target_rpm,right_actual_rpm,right_raw_pwm,right_final_pwm,sync_error_rpm,sync_correction_pwm,sync_active,startup_active,startup_fault,control_seq_mod65536,control_time_ms_hi16,control_time_ms_lo16,publish_seq_mod65536,publish_time_ms_hi16,publish_time_ms_lo16
0.05644668100285344,0.0,0.0,0.0,0.0,0.0,0.0,0.0,0.0,0.0,0.0,0.0,0.0,0.0,30533.0,9.0,23936.0,29145.0,9.0,23949.0
0.05658238398609683,0.0,0.0,0.0,0.0,0.0,0.0,0.0,0.0,0.0,0.0,0.0,0.0,0.0,30535.0,9.0,23976.0,29146.0,9.0,23979.0
0.05665840799338184,0.0,0.0,0.0,0.0,0.0,0.0,0.0,0.0,0.0,0.0,0.0,0.0,0.0,30535.0,9.0,23976.0,29147.0,9.0,23986.0
0.056725406990153715,0.0,0.0,0.0,0.0,0.0,0.0,0.0,0.0,0.0,0.0,0.0,0.0,0.0,30537.0,9.0,24016.0,29148.0,9.0,24019.0
0.05678869699477218,0.0,0.0,0.0,0.0,0.0,0.0,0.0,0.0,0.0,0.0,0.0,0.0,0.0,30537.0,9.0,24016.0,29149.0,9.0,24026.0
0.0568526079878211,0.0,0.0,0.0,0.0,0.0,0.0,0.0,0.0,0.0,0.0,0.0,0.0,0.0,30538.0,9.0,24036.0,29150.0,9.0,24049.0
0.07200435700360686,0.0,0.0,0.0,0.0,0.0,0.0,0.0,0.0,0.0,0.0,0.0,0.0,0.0,30540.0,9.0,24076.0,29151.0,9.0,24079.0
0.07690401200670749,0.0,0.0,0.0,0.0,0.0,0.0,0.0,0.0,0.0,0.0,0.0,0.0,0.0,30540.0,9.0,24076.0,29152.0,9.0,24086.0
0.09790270400117151,0.0,0.0,0.0,0.0,0.0,0.0,0.0,0.0,0.0,0.0,0.0,0.0,0.0,30541.0,9.0,24096.0,29153.0,9.0,24109.0
0.1196530890010763,0.0,0.0,0.0,0.0,0.0,0.0,0.0,0.0,0.0,0.0,0.0,0.0,0.0,30542.0,9.0,24116.0,29154.0,9.0,24129.0
0.1392596619843971,0.0,0.0,0.0,0.0,0.0,0.0,0.0,0.0,0.0,0.0,0.0,0.0,0.0,30543.0,9.0,24136.0,29155.0,9.0,24149.0
0.26905312298913486,0.0,0.0,0.0,0.0,0.0,0.0,0.0,0.0,0.0,0.0,0.0,0.0,0.0,30545.0,9.0,24176.0,29156.0,9.0,24179.0
0.26926950699998997,0.0,0.0,0.0,0.0,0.0,0.0,0.0,0.0,0.0,0.0,0.0,0.0,0.0,30545.0,9.0,24176.0,29157.0,9.0,24186.0
0.26935121399583295,0.0,0.0,0.0,0.0,0.0,0.0,0.0,0.0,0.0,0.0,0.0,0.0,0.0,30547.0,9.0,24216.0,29158.0,9.0,24219.0
0.26941439099027775,0.0,0.0,0.0,0.0,0.0,0.0,0.0,0.0,0.0,0.0,0.0,0.0,0.0,30547.0,9.0,24216.0,29159.0,9.0,24226.0
0.26947531299083494,0.0,0.0,0.0,0.0,0.0,0.0,0.0,0.0,0.0,0.0,0.0,0.0,0.0,30549.0,9.0,24256.0,29160.0,9.0,24259.0
0.2695336870092433,0.0,0.0,0.0,0.0,0.0,0.0,0.0,0.0,0.0,0.0,0.0,0.0,0.0,30549.0,9.0,24256.0,29161.0,9.0,24270.0
0.2781814750051126,0.0,0.0,0.0,0.0,0.0,0.0,0.0,0.0,0.0,0.0,0.0,0.0,0.0,30550.0,9.0,24276.0,29162.0,9.0,24289.0
0.29712234300677665,0.0,0.0,0.0,0.0,0.0,0.0,0.0,0.0,0.0,0.0,0.0,0.0,0.0,30551.0,9.0,24296.0,29163.0,9.0,24309.0
0.31756192399188876,0.0,0.0,0.0,0.0,0.0,0.0,0.0,0.0,0.0,0.0,0.0,0.0,0.0,30552.0,9.0,24316.0,29164.0,9.0,24329.0
0.34051320399157703,0.0,0.0,0.0,0.0,0.0,0.0,0.0,0.0,0.0,0.0,0.0,0.0,0.0,30553.0,9.0,24336.0,29165.0,9.0,24349.0
0.36730172799434513,0.0,0.0,0.0,0.0,0.0,0.0,0.0,0.0,0.0,0.0,0.0,0.0,0.0,30555.0,9.0,24376.0,29166.0,9.0,24379.0
0.4577355739893392,0.0,0.0,0.0,0.0,0.0,0.0,0.0,0.0,0.0,0.0,0.0,0.0,0.0,30555.0,9.0,24376.0,29167.0,9.0,24386.0
0.457913174002897,0.0,0.0,0.0,0.0,0.0,0.0,0.0,0.0,0.0,0.0,0.0,0.0,0.0,30557.0,9.0,24416.0,29168.0,9.0,24421.0
0.4579947110032663,0.0,0.0,0.0,0.0,0.0,0.0,0.0,0.0,0.0,0.0,0.0,0.0,0.0,30557.0,9.0,24416.0,29169.0,9.0,24428.0
0.45806404401082546,0.0,0.0,0.0,0.0,0.0,0.0,0.0,0.0,0.0,0.0,0.0,0.0,0.0,30558.0,9.0,24436.0,29170.0,9.0,24449.0
0.4864010339952074,0.0,0.0,0.0,0.0,0.0,0.0,0.0,0.0,0.0,0.0,0.0,0.0,0.0,30560.0,9.0,24476.0,29171.0,9.0,24479.0
0.48653180999099277,0.0,0.0,0.0,0.0,0.0,0.0,0.0,0.0,0.0,0.0,0.0,0.0,0.0,30560.0,9.0,24476.0,29172.0,9.0,24486.0
0.5124493050097954,0.0,0.0,0.0,0.0,0.0,0.0,0.0,0.0,0.0,0.0,0.0,0.0,0.0,30562.0,9.0,24516.0,29173.0,9.0,24519.0
0.5159922580060083,0.0,0.0,0.0,0.0,0.0,0.0,0.0,0.0,0.0,0.0,0.0,0.0,0.0,30562.0,9.0,24516.0,29174.0,9.0,24526.0
0.5380502399930265,0.0,0.0,0.0,0.0,0.0,0.0,0.0,0.0,0.0,0.0,0.0,0.0,0.0,30563.0,9.0,24536.0,29175.0,9.0,24549.0
0.5691172269871458,0.0,0.0,0.0,0.0,0.0,0.0,0.0,0.0,0.0,0.0,0.0,0.0,0.0,30565.0,9.0,24576.0,29176.0,9.0,24579.0
0.5741955210105516,0.0,0.0,0.0,0.0,0.0,0.0,0.0,0.0,0.0,0.0,0.0,0.0,0.0,30565.0,9.0,24576.0,29177.0,9.0,24586.0
0.6420896879862994,0.0,0.0,0.0,0.0,0.0,0.0,0.0,0.0,0.0,0.0,0.0,0.0,0.0,30566.0,9.0,24596.0,29178.0,9.0,24609.0
0.642655117000686,0.0,0.0,0.0,0.0,0.0,0.0,0.0,0.0,0.0,0.0,0.0,0.0,0.0,30567.0,9.0,24616.0,29179.0,9.0,24629.0
0.6430017160018906,0.0,0.0,0.0,0.0,0.0,0.0,0.0,0.0,0.0,0.0,0.0,0.0,0.0,30568.0,9.0,24636.0,29180.0,9.0,24649.0
0.667665084998589,0.0,0.0,0.0,0.0,0.0,0.0,0.0,0.0,0.0,0.0,0.0,0.0,0.0,30570.0,9.0,24676.0,29181.0,9.0,24679.0
0.6751371659920551,0.0,0.0,0.0,0.0,0.0,0.0,0.0,0.0,0.0,0.0,0.0,0.0,0.0,30570.0,9.0,24676.0,29182.0,9.0,24686.0
0.7107348860008642,0.0,0.0,0.0,0.0,0.0,0.0,0.0,0.0,0.0,0.0,0.0,0.0,0.0,30572.0,9.0,24716.0,29183.0,9.0,24719.0
0.7152515109919477,0.0,0.0,0.0,0.0,0.0,0.0,0.0,0.0,0.0,0.0,0.0,0.0,0.0,30572.0,9.0,24716.0,29184.0,9.0,24727.0
0.7380973109975457,0.0,0.0,0.0,0.0,0.0,0.0,0.0,0.0,0.0,0.0,0.0,0.0,0.0,30573.0,9.0,24736.0,29185.0,9.0,24749.0
0.756722711987095,0.0,0.0,0.0,0.0,0.0,0.0,0.0,0.0,0.0,0.0,0.0,0.0,0.0,30574.0,9.0,24756.0,29186.0,9.0,24767.0
1.2212701980024576,0.0,0.0,0.0,0.0,0.0,0.0,0.0,0.0,0.0,0.0,0.0,0.0,0.0,30575.0,9.0,24776.0,29187.0,9.0,24789.0
1.2214774469903205,0.0,0.0,0.0,0.0,0.0,0.0,0.0,0.0,0.0,0.0,0.0,0.0,0.0,30576.0,9.0,24796.0,29188.0,9.0,24809.0
1.2215635759930592,0.0,0.0,0.0,0.0,0.0,0.0,0.0,0.0,0.0,0.0,0.0,0.0,0.0,30577.0,9.0,24816.0,29189.0,9.0,24829.0
1.2216320569859818,0.0,0.0,0.0,0.0,0.0,0.0,0.0,0.0,0.0,0.0,0.0,0.0,0.0,30578.0,9.0,24836.0,29190.0,9.0,24849.0
1.2216944030078594,0.0,0.0,0.0,0.0,0.0,0.0,0.0,0.0,0.0,0.0,0.0,0.0,0.0,30580.0,9.0,24876.0,29191.0,9.0,24879.0
1.2217562069999985,0.0,0.0,0.0,0.0,0.0,0.0,0.0,0.0,0.0,0.0,0.0,0.0,0.0,30580.0,9.0,24876.0,29192.0,9.0,24886.0
1.2218193539883941,0.0,0.0,0.0,0.0,0.0,0.0,0.0,0.0,0.0,0.0,0.0,0.0,0.0,30581.0,9.0,24896.0,29193.0,9.0,24909.0
1.2218875949911308,0.0,0.0,0.0,0.0,0.0,0.0,0.0,0.0,0.0,0.0,0.0,0.0,0.0,30582.0,9.0,24916.0,29194.0,9.0,24929.0
1.2219539810030255,0.0,0.0,0.0,0.0,0.0,0.0,0.0,0.0,0.0,0.0,0.0,0.0,0.0,30583.0,9.0,24936.0,29195.0,9.0,24949.0
1.2220207579957787,0.0,0.0,0.0,0.0,0.0,0.0,0.0,0.0,0.0,0.0,0.0,0.0,0.0,30585.0,9.0,24976.0,29196.0,9.0,24979.0
1.2220860109955538,0.0,0.0,0.0,0.0,0.0,0.0,0.0,0.0,0.0,0.0,0.0,0.0,0.0,30585.0,9.0,24976.0,29197.0,9.0,24986.0
1.2221491179952864,0.0,0.0,0.0,0.0,0.0,0.0,0.0,0.0,0.0,0.0,0.0,0.0,0.0,30587.0,9.0,25016.0,29198.0,9.0,25019.0
1.22221186500974,0.0,0.0,0.0,0.0,0.0,0.0,0.0,0.0,0.0,0.0,0.0,0.0,0.0,30587.0,9.0,25016.0,29199.0,9.0,25026.0
1.2222770169901196,0.0,0.0,0.0,0.0,0.0,0.0,0.0,0.0,0.0,0.0,0.0,0.0,0.0,30588.0,9.0,25036.0,29200.0,9.0,25049.0
1.2223869489971548,0.0,0.0,0.0,0.0,0.0,0.0,0.0,0.0,0.0,0.0,0.0,0.0,0.0,30590.0,9.0,25076.0,29201.0,9.0,25079.0
1.2224815099907573,0.0,0.0,0.0,0.0,0.0,0.0,0.0,0.0,0.0,0.0,0.0,0.0,0.0,30590.0,9.0,25076.0,29202.0,9.0,25086.0
1.222551826009294,0.0,0.0,0.0,0.0,0.0,0.0,0.0,0.0,0.0,0.0,0.0,0.0,0.0,30591.0,9.0,25096.0,29203.0,9.0,25109.0
1.2227842120046262,0.0,0.0,0.0,0.0,0.0,0.0,0.0,0.0,0.0,0.0,0.0,0.0,0.0,30592.0,9.0,25116.0,29204.0,9.0,25129.0
1.222875945008127,0.0,0.0,0.0,0.0,0.0,0.0,0.0,0.0,0.0,0.0,0.0,0.0,0.0,30593.0,9.0,25136.0,29205.0,9.0,25149.0
1.2230537069845013,0.0,0.0,0.0,0.0,0.0,0.0,0.0,0.0,0.0,0.0,0.0,0.0,0.0,30595.0,9.0,25176.0,29206.0,9.0,25179.0
1.223142992996145,0.0,0.0,0.0,0.0,0.0,0.0,0.0,0.0,0.0,0.0,0.0,0.0,0.0,30595.0,9.0,25176.0,29207.0,9.0,25186.0
1.2232346759992652,0.0,0.0,0.0,0.0,0.0,0.0,0.0,0.0,0.0,0.0,0.0,0.0,0.0,30596.0,9.0,25196.0,29208.0,9.0,25209.0
1.2269495459913742,0.0,0.0,0.0,0.0,0.0,0.0,0.0,0.0,0.0,0.0,0.0,0.0,0.0,30597.0,9.0,25216.0,29209.0,9.0,25228.0
1.2375207929871976,0.0,0.0,0.0,0.0,0.0,0.0,0.0,0.0,0.0,0.0,0.0,0.0,0.0,30598.0,9.0,25236.0,29210.0,9.0,25249.0
1.2690082789922599,0.0,0.0,0.0,0.0,0.0,0.0,0.0,0.0,0.0,0.0,0.0,0.0,0.0,30600.0,9.0,25276.0,29211.0,9.0,25279.0
1.2745915729901753,0.0,0.0,0.0,0.0,0.0,0.0,0.0,0.0,0.0,0.0,0.0,0.0,0.0,30600.0,9.0,25276.0,29212.0,9.0,25286.0
1.3082307529984973,0.0,0.0,0.0,0.0,0.0,0.0,0.0,0.0,0.0,0.0,0.0,0.0,0.0,30602.0,9.0,25316.0,29213.0,9.0,25319.0
1.3181867930106819,0.0,0.0,0.0,0.0,0.0,0.0,0.0,0.0,0.0,0.0,0.0,0.0,0.0,30602.0,9.0,25316.0,29214.0,9.0,25327.0
1.7333554750075564,0.0,0.0,0.0,0.0,0.0,0.0,0.0,0.0,0.0,0.0,0.0,0.0,0.0,30603.0,9.0,25336.0,29215.0,9.0,25349.0
1.7335515799932182,0.0,0.0,0.0,0.0,0.0,0.0,0.0,0.0,0.0,0.0,0.0,0.0,0.0,30605.0,9.0,25376.0,29216.0,9.0,25379.0
1.733672125992598,0.0,0.0,0.0,0.0,0.0,0.0,0.0,0.0,0.0,0.0,0.0,0.0,0.0,30605.0,9.0,25376.0,29217.0,9.0,25386.0
1.7339817179890815,0.0,0.0,0.0,0.0,0.0,0.0,0.0,0.0,0.0,0.0,0.0,0.0,0.0,30607.0,9.0,25416.0,29218.0,9.0,25420.0
1.7340686570096295,0.0,0.0,0.0,0.0,0.0,0.0,0.0,0.0,0.0,0.0,0.0,0.0,0.0,30607.0,9.0,25416.0,29219.0,9.0,25427.0
1.734139653010061,0.0,0.0,0.0,0.0,0.0,0.0,0.0,0.0,0.0,0.0,0.0,0.0,0.0,30608.0,9.0,25436.0,29220.0,9.0,25449.0
1.7342112610058393,0.0,0.0,0.0,0.0,0.0,0.0,0.0,0.0,0.0,0.0,0.0,0.0,0.0,30610.0,9.0,25476.0,29221.0,9.0,25479.0
1.7342800209880807,0.0,0.0,0.0,0.0,0.0,0.0,0.0,0.0,0.0,0.0,0.0,0.0,0.0,30610.0,9.0,25476.0,29222.0,9.0,25486.0
1.734340761002386,0.0,0.0,0.0,0.0,0.0,0.0,0.0,0.0,0.0,0.0,0.0,0.0,0.0,30612.0,9.0,25516.0,29223.0,9.0,25519.0
1.7344062929914799,0.0,0.0,0.0,0.0,0.0,0.0,0.0,0.0,0.0,0.0,0.0,0.0,0.0,30612.0,9.0,25516.0,29224.0,9.0,25526.0
1.734467964997748,0.0,0.0,0.0,0.0,0.0,0.0,0.0,0.0,0.0,0.0,0.0,0.0,0.0,30613.0,9.0,25536.0,29225.0,9.0,25549.0
1.7345280619920231,0.0,0.0,0.0,0.0,0.0,0.0,0.0,0.0,0.0,0.0,0.0,0.0,0.0,30615.0,9.0,25576.0,29226.0,9.0,25579.0
1.7345880499924533,0.0,0.0,0.0,0.0,0.0,0.0,0.0,0.0,0.0,0.0,0.0,0.0,0.0,30615.0,9.0,25576.0,29227.0,9.0,25586.0
1.7346478769904934,0.0,0.0,0.0,0.0,0.0,0.0,0.0,0.0,0.0,0.0,0.0,0.0,0.0,30617.0,9.0,25616.0,29228.0,9.0,25619.0
1.7347084259963594,0.0,0.0,0.0,0.0,0.0,0.0,0.0,0.0,0.0,0.0,0.0,0.0,0.0,30617.0,9.0,25616.0,29229.0,9.0,25626.0
1.7347687639994547,0.0,0.0,0.0,0.0,0.0,0.0,0.0,0.0,0.0,0.0,0.0,0.0,0.0,30619.0,9.0,25656.0,29230.0,9.0,25659.0
1.7348301149904728,0.0,0.0,0.0,0.0,0.0,0.0,0.0,0.0,0.0,0.0,0.0,0.0,0.0,30619.0,9.0,25656.0,29231.0,9.0,25670.0
1.735021628002869,0.0,0.0,0.0,0.0,0.0,0.0,0.0,0.0,0.0,0.0,0.0,0.0,0.0,30620.0,9.0,25676.0,29232.0,9.0,25689.0
1.7351133179909084,0.0,0.0,0.0,0.0,0.0,0.0,0.0,0.0,0.0,0.0,0.0,0.0,0.0,30621.0,9.0,25696.0,29233.0,9.0,25709.0
1.7352817399951164,0.0,0.0,0.0,0.0,0.0,0.0,0.0,0.0,0.0,0.0,0.0,0.0,0.0,30622.0,9.0,25716.0,29234.0,9.0,25729.0
1.7370070689939894,0.0,0.0,0.0,0.0,0.0,0.0,0.0,0.0,0.0,0.0,0.0,0.0,0.0,30623.0,9.0,25736.0,29235.0,9.0,25748.0
1.7694348290096968,0.0,0.0,0.0,0.0,0.0,0.0,0.0,0.0,0.0,0.0,0.0,0.0,0.0,30625.0,9.0,25776.0,29236.0,9.0,25779.0
1.774832916999003,0.0,0.0,0.0,0.0,0.0,0.0,0.0,0.0,0.0,0.0,0.0,0.0,0.0,30625.0,9.0,25776.0,29237.0,9.0,25786.0
1.8085680379881524,0.0,0.0,0.0,0.0,0.0,0.0,0.0,0.0,0.0,0.0,0.0,0.0,0.0,30627.0,9.0,25816.0,29238.0,9.0,25819.0
1.8172522200038657,0.0,0.0,0.0,0.0,0.0,0.0,0.0,0.0,0.0,0.0,0.0,0.0,0.0,30627.0,9.0,25816.0,29239.0,9.0,25826.0
2.2386156499851495,0.0,0.0,0.0,0.0,0.0,0.0,0.0,0.0,0.0,0.0,0.0,0.0,0.0,30629.0,9.0,25856.0,29240.0,9.0,25859.0
2.2391467739944346,0.0,0.0,0.0,0.0,0.0,0.0,0.0,0.0,0.0,0.0,0.0,0.0,0.0,30629.0,9.0,25856.0,29241.0,9.0,25871.0
2.23940184400999,0.0,0.0,0.0,0.0,0.0,0.0,0.0,0.0,0.0,0.0,0.0,0.0,0.0,30632.0,9.0,25916.0,29244.0,9.0,25929.0
2.239482525998028,0.0,0.0,0.0,0.0,0.0,0.0,0.0,0.0,0.0,0.0,0.0,0.0,0.0,30633.0,9.0,25936.0,29245.0,9.0,25949.0
2.239547806995688,0.0,0.0,0.0,0.0,0.0,0.0,0.0,0.0,0.0,0.0,0.0,0.0,0.0,30635.0,9.0,25976.0,29246.0,9.0,25979.0
2.239609359006863,0.0,0.0,0.0,0.0,0.0,0.0,0.0,0.0,0.0,0.0,0.0,0.0,0.0,30635.0,9.0,25976.0,29247.0,9.0,25986.0
2.239670548995491,0.0,0.0,0.0,0.0,0.0,0.0,0.0,0.0,0.0,0.0,0.0,0.0,0.0,30636.0,9.0,25996.0,29248.0,9.0,26009.0
2.2397382970084436,0.0,0.0,0.0,0.0,0.0,0.0,0.0,0.0,0.0,0.0,0.0,0.0,0.0,30637.0,9.0,26016.0,29249.0,9.0,26029.0
2.2398489069892094,0.0,0.0,0.0,0.0,0.0,0.0,0.0,0.0,0.0,0.0,0.0,0.0,0.0,30638.0,9.0,26036.0,29250.0,9.0,26049.0
2.2401860219833907,0.0,0.0,0.0,0.0,0.0,0.0,0.0,0.0,0.0,0.0,0.0,0.0,0.0,30640.0,9.0,26076.0,29251.0,9.0,26079.0
2.2402806899917778,0.0,0.0,0.0,0.0,0.0,0.0,0.0,0.0,0.0,0.0,0.0,0.0,0.0,30640.0,9.0,26076.0,29252.0,9.0,26086.0
2.2403555370110553,0.0,0.0,0.0,0.0,0.0,0.0,0.0,0.0,0.0,0.0,0.0,0.0,0.0,30641.0,9.0,26096.0,29253.0,9.0,26109.0
2.240477537008701,0.0,0.0,0.0,0.0,0.0,0.0,0.0,0.0,0.0,0.0,0.0,0.0,0.0,30642.0,9.0,26116.0,29254.0,9.0,26129.0
2.2405871450027917,0.0,0.0,0.0,0.0,0.0,0.0,0.0,0.0,0.0,0.0,0.0,0.0,0.0,30643.0,9.0,26136.0,29255.0,9.0,26149.0
2.240669421007624,0.0,0.0,0.0,0.0,0.0,0.0,0.0,0.0,0.0,0.0,0.0,0.0,0.0,30645.0,9.0,26176.0,29256.0,9.0,26179.0
2.240734502003761,0.0,0.0,0.0,0.0,0.0,0.0,0.0,0.0,0.0,0.0,0.0,0.0,0.0,30645.0,9.0,26176.0,29257.0,9.0,26186.0
2.2425031540042255,0.0,0.0,0.0,0.0,0.0,0.0,0.0,0.0,0.0,0.0,0.0,0.0,0.0,30646.0,9.0,26196.0,29258.0,9.0,26209.0
2.2425703599874396,0.0,0.0,0.0,0.0,0.0,0.0,0.0,0.0,0.0,0.0,0.0,0.0,0.0,30647.0,9.0,26216.0,29259.0,9.0,26229.0
2.2452160640095826,0.0,0.0,0.0,0.0,0.0,0.0,0.0,0.0,0.0,0.0,0.0,0.0,0.0,30648.0,9.0,26236.0,29260.0,9.0,26249.0
2.2717016669921577,0.0,0.0,0.0,0.0,0.0,0.0,0.0,0.0,0.0,0.0,0.0,0.0,0.0,30650.0,9.0,26276.0,29261.0,9.0,26279.0
2.277935627993429,0.0,0.0,0.0,0.0,0.0,0.0,0.0,0.0,0.0,0.0,0.0,0.0,0.0,30650.0,9.0,26276.0,29262.0,9.0,26286.0
2.298755783995148,0.0,0.0,0.0,0.0,0.0,0.0,0.0,0.0,0.0,0.0,0.0,0.0,0.0,30651.0,9.0,26296.0,29263.0,9.0,26309.0
2.319369695003843,0.0,0.0,0.0,0.0,0.0,0.0,0.0,0.0,0.0,0.0,0.0,0.0,0.0,30652.0,9.0,26316.0,29264.0,9.0,26329.0
2.3389871249964926,0.0,0.0,0.0,0.0,0.0,0.0,0.0,0.0,0.0,0.0,0.0,0.0,0.0,30653.0,9.0,26336.0,29265.0,9.0,26349.0
2.748209101991961,0.0,0.0,0.0,0.0,0.0,0.0,0.0,0.0,0.0,0.0,0.0,0.0,0.0,30655.0,9.0,26376.0,29266.0,9.0,26379.0
2.7484182649932336,0.0,0.0,0.0,0.0,0.0,0.0,0.0,0.0,0.0,0.0,0.0,0.0,0.0,30655.0,9.0,26376.0,29267.0,9.0,26386.0
2.7485059830069076,0.0,0.0,0.0,0.0,0.0,0.0,0.0,0.0,0.0,0.0,0.0,0.0,0.0,30657.0,9.0,26416.0,29268.0,9.0,26420.0
2.7485693779890426,0.0,0.0,0.0,0.0,0.0,0.0,0.0,0.0,0.0,0.0,0.0,0.0,0.0,30657.0,9.0,26416.0,29269.0,9.0,26427.0
2.74862889299402,0.0,0.0,0.0,0.0,0.0,0.0,0.0,0.0,0.0,0.0,0.0,0.0,0.0,30658.0,9.0,26436.0,29270.0,9.0,26449.0
2.748687334009446,0.0,0.0,0.0,0.0,0.0,0.0,0.0,0.0,0.0,0.0,0.0,0.0,0.0,30660.0,9.0,26476.0,29271.0,9.0,26479.0
2.7487456259841565,0.0,0.0,0.0,0.0,0.0,0.0,0.0,0.0,0.0,0.0,0.0,0.0,0.0,30660.0,9.0,26476.0,29272.0,9.0,26486.0
2.7488027139916085,0.0,0.0,0.0,0.0,0.0,0.0,0.0,0.0,0.0,0.0,0.0,0.0,0.0,30661.0,9.0,26496.0,29273.0,9.0,26509.0
2.7488581580109894,0.0,0.0,0.0,0.0,0.0,0.0,0.0,0.0,0.0,0.0,0.0,0.0,0.0,30662.0,9.0,26516.0,29274.0,9.0,26529.0
2.7489139329991303,0.0,0.0,0.0,0.0,0.0,0.0,0.0,0.0,0.0,0.0,0.0,0.0,0.0,30663.0,9.0,26536.0,29275.0,9.0,26549.0
2.7489691369992215,0.0,0.0,0.0,0.0,0.0,0.0,0.0,0.0,0.0,0.0,0.0,0.0,0.0,30665.0,9.0,26576.0,29276.0,9.0,26579.0
2.7490228659880813,0.0,0.0,0.0,0.0,0.0,0.0,0.0,0.0,0.0,0.0,0.0,0.0,0.0,30665.0,9.0,26576.0,29277.0,9.0,26586.0
2.7491039570013527,0.0,0.0,0.0,0.0,0.0,0.0,0.0,0.0,0.0,0.0,0.0,0.0,0.0,30666.0,9.0,26596.0,29278.0,9.0,26609.0
2.7491977509926073,0.0,0.0,0.0,0.0,0.0,0.0,0.0,0.0,0.0,0.0,0.0,0.0,0.0,30667.0,9.0,26616.0,29279.0,9.0,26629.0
2.749262980010826,0.0,0.0,0.0,0.0,0.0,0.0,0.0,0.0,0.0,0.0,0.0,0.0,0.0,30668.0,9.0,26636.0,29280.0,9.0,26649.0
2.749444332002895,0.0,0.0,0.0,0.0,0.0,0.0,0.0,0.0,0.0,0.0,0.0,0.0,0.0,30670.0,9.0,26676.0,29281.0,9.0,26679.0
2.749533944996074,0.0,0.0,0.0,0.0,0.0,0.0,0.0,0.0,0.0,0.0,0.0,0.0,0.0,30670.0,9.0,26676.0,29282.0,9.0,26686.0
2.749765226006275,0.0,0.0,0.0,0.0,0.0,0.0,0.0,0.0,0.0,0.0,0.0,0.0,0.0,30671.0,9.0,26696.0,29283.0,9.0,26709.0
2.7498508880089503,0.0,0.0,0.0,0.0,0.0,0.0,0.0,0.0,0.0,0.0,0.0,0.0,0.0,30672.0,9.0,26716.0,29284.0,9.0,26729.0
2.749936701002298,0.0,0.0,0.0,0.0,0.0,0.0,0.0,0.0,0.0,0.0,0.0,0.0,0.0,30673.0,9.0,26736.0,29285.0,9.0,26749.0
2.7644109360117,0.0,0.0,0.0,0.0,0.0,0.0,0.0,0.0,0.0,0.0,0.0,0.0,0.0,30674.0,9.0,26756.0,29286.0,9.0,26773.0
2.7917751889908686,0.0,0.0,0.0,0.0,0.0,0.0,0.0,0.0,0.0,0.0,0.0,0.0,0.0,30676.0,9.0,26796.0,29287.0,9.0,26799.0
2.805620169005124,0.0,0.0,0.0,0.0,0.0,0.0,0.0,0.0,0.0,0.0,0.0,0.0,0.0,30676.0,9.0,26796.0,29288.0,9.0,26807.0
2.8196645870048087,0.0,0.0,0.0,0.0,0.0,0.0,0.0,0.0,0.0,0.0,0.0,0.0,0.0,30677.0,9.0,26816.0,29289.0,9.0,26829.0
2.840037971996935,0.0,0.0,0.0,0.0,0.0,0.0,0.0,0.0,0.0,0.0,0.0,0.0,0.0,30678.0,9.0,26836.0,29290.0,9.0,26849.0
3.2615891989844386,0.0,0.0,0.0,0.0,0.0,0.0,0.0,0.0,0.0,0.0,0.0,0.0,0.0,30680.0,9.0,26876.0,29291.0,9.0,26879.0
3.2617598829965573,0.0,0.0,0.0,0.0,0.0,0.0,0.0,0.0,0.0,0.0,0.0,0.0,0.0,30680.0,9.0,26876.0,29292.0,9.0,26886.0
3.261832771997433,0.0,0.0,0.0,0.0,0.0,0.0,0.0,0.0,0.0,0.0,0.0,0.0,0.0,30681.0,9.0,26896.0,29293.0,9.0,26909.0
3.261895845993422,0.0,0.0,0.0,0.0,0.0,0.0,0.0,0.0,0.0,0.0,0.0,0.0,0.0,30682.0,9.0,26916.0,29294.0,9.0,26929.0
3.261958910006797,0.0,0.0,0.0,0.0,0.0,0.0,0.0,0.0,0.0,0.0,0.0,0.0,0.0,30683.0,9.0,26936.0,29295.0,9.0,26949.0
3.2620201190002263,0.0,0.0,0.0,0.0,0.0,0.0,0.0,0.0,0.0,0.0,0.0,0.0,0.0,30685.0,9.0,26976.0,29296.0,9.0,26979.0
3.262084766989574,0.0,0.0,0.0,0.0,0.0,0.0,0.0,0.0,0.0,0.0,0.0,0.0,0.0,30685.0,9.0,26976.0,29297.0,9.0,26986.0
3.262146216991823,0.0,0.0,0.0,0.0,0.0,0.0,0.0,0.0,0.0,0.0,0.0,0.0,0.0,30686.0,9.0,26996.0,29298.0,9.0,27009.0
3.262213571986649,0.0,0.0,0.0,0.0,0.0,0.0,0.0,0.0,0.0,0.0,0.0,0.0,0.0,30687.0,9.0,27016.0,29299.0,9.0,27029.0
3.2622740090009756,0.0,0.0,0.0,0.0,0.0,0.0,0.0,0.0,0.0,0.0,0.0,0.0,0.0,30688.0,9.0,27036.0,29300.0,9.0,27049.0
3.2623343449959066,0.0,0.0,0.0,0.0,0.0,0.0,0.0,0.0,0.0,0.0,0.0,0.0,0.0,30690.0,9.0,27076.0,29301.0,9.0,27079.0
3.2623937299940735,0.0,0.0,0.0,0.0,0.0,0.0,0.0,0.0,0.0,0.0,0.0,0.0,0.0,30690.0,9.0,27076.0,29302.0,9.0,27086.0
3.2624480910017155,0.0,0.0,0.0,0.0,0.0,0.0,0.0,0.0,0.0,0.0,0.0,0.0,0.0,30691.0,9.0,27096.0,29303.0,9.0,27109.0
3.262503806006862,0.0,0.0,0.0,0.0,0.0,0.0,0.0,0.0,0.0,0.0,0.0,0.0,0.0,30692.0,9.0,27116.0,29304.0,9.0,27129.0
3.262560131988721,0.0,0.0,0.0,0.0,0.0,0.0,0.0,0.0,0.0,0.0,0.0,0.0,0.0,30693.0,9.0,27136.0,29305.0,9.0,27149.0
3.262618584005395,0.0,0.0,0.0,0.0,0.0,0.0,0.0,0.0,0.0,0.0,0.0,0.0,0.0,30695.0,9.0,27176.0,29306.0,9.0,27179.0
3.2626729350013193,0.0,0.0,0.0,0.0,0.0,0.0,0.0,0.0,0.0,0.0,0.0,0.0,0.0,30695.0,9.0,27176.0,29307.0,9.0,27186.0
3.2627292920078617,0.0,0.0,0.0,0.0,0.0,0.0,0.0,0.0,0.0,0.0,0.0,0.0,0.0,30696.0,9.0,27196.0,29308.0,9.0,27209.0
3.2627872620068956,0.0,0.0,0.0,0.0,0.0,0.0,0.0,0.0,0.0,0.0,0.0,0.0,0.0,30697.0,9.0,27216.0,29309.0,9.0,27229.0
3.2628753609897103,0.0,0.0,0.0,0.0,0.0,0.0,0.0,0.0,0.0,0.0,0.0,0.0,0.0,30698.0,9.0,27236.0,29310.0,9.0,27249.0
3.270654599997215,0.0,0.0,0.0,0.0,0.0,0.0,0.0,0.0,0.0,0.0,0.0,0.0,0.0,30700.0,9.0,27276.0,29311.0,9.0,27279.0
3.2769000839907676,0.0,0.0,0.0,0.0,0.0,0.0,0.0,0.0,0.0,0.0,0.0,0.0,0.0,30700.0,9.0,27276.0,29312.0,9.0,27286.0
3.302933305996703,0.0,0.0,0.0,0.0,0.0,0.0,0.0,0.0,0.0,0.0,0.0,0.0,0.0,30701.0,9.0,27296.0,29313.0,9.0,27309.0
3.3210173989937175,0.0,0.0,0.0,0.0,0.0,0.0,0.0,0.0,0.0,0.0,0.0,0.0,0.0,30702.0,9.0,27316.0,29314.0,9.0,27329.0
3.339986320002936,0.0,0.0,0.0,0.0,0.0,0.0,0.0,0.0,0.0,0.0,0.0,0.0,0.0,30703.0,9.0,27336.0,29315.0,9.0,27349.0
3.770385101001011,0.0,0.0,0.0,0.0,0.0,0.0,0.0,0.0,0.0,0.0,0.0,0.0,0.0,30705.0,9.0,27376.0,29316.0,9.0,27379.0
3.7710496110084932,0.0,0.0,0.0,0.0,0.0,0.0,0.0,0.0,0.0,0.0,0.0,0.0,0.0,30707.0,9.0,27416.0,29319.0,9.0,27429.0
3.7711535090056714,0.0,0.0,0.0,0.0,0.0,0.0,0.0,0.0,0.0,0.0,0.0,0.0,0.0,30710.0,9.0,27476.0,29321.0,9.0,27479.0
3.771228161000181,0.0,0.0,0.0,0.0,0.0,0.0,0.0,0.0,0.0,0.0,0.0,0.0,0.0,30710.0,9.0,27476.0,29322.0,9.0,27486.0
3.7712940909841564,0.0,0.0,0.0,0.0,0.0,0.0,0.0,0.0,0.0,0.0,0.0,0.0,0.0,30711.0,9.0,27496.0,29323.0,9.0,27509.0
3.771354466007324,0.0,0.0,0.0,0.0,0.0,0.0,0.0,0.0,0.0,0.0,0.0,0.0,0.0,30712.0,9.0,27516.0,29324.0,9.0,27529.0
3.7714144499914255,0.0,0.0,0.0,0.0,0.0,0.0,0.0,0.0,0.0,0.0,0.0,0.0,0.0,30713.0,9.0,27536.0,29325.0,9.0,27549.0
3.7714742239913903,0.0,0.0,0.0,0.0,0.0,0.0,0.0,0.0,0.0,0.0,0.0,0.0,0.0,30715.0,9.0,27576.0,29326.0,9.0,27580.0
3.771532804996241,0.0,0.0,0.0,0.0,0.0,0.0,0.0,0.0,0.0,0.0,0.0,0.0,0.0,30715.0,9.0,27576.0,29327.0,9.0,27586.0
3.7715921479975805,0.0,0.0,0.0,0.0,0.0,0.0,0.0,0.0,0.0,0.0,0.0,0.0,0.0,30716.0,9.0,27596.0,29328.0,9.0,27609.0
3.7716512499901,0.0,0.0,0.0,0.0,0.0,0.0,0.0,0.0,0.0,0.0,0.0,0.0,0.0,30717.0,9.0,27616.0,29329.0,9.0,27629.0
3.7717102319875266,0.0,0.0,0.0,0.0,0.0,0.0,0.0,0.0,0.0,0.0,0.0,0.0,0.0,30718.0,9.0,27636.0,29330.0,9.0,27649.0
3.771774667984573,0.0,0.0,0.0,0.0,0.0,0.0,0.0,0.0,0.0,0.0,0.0,0.0,0.0,30720.0,9.0,27676.0,29331.0,9.0,27679.0
3.771833548991708,0.0,0.0,0.0,0.0,0.0,0.0,0.0,0.0,0.0,0.0,0.0,0.0,0.0,30720.0,9.0,27676.0,29332.0,9.0,27686.0
3.77189120798721,0.0,0.0,0.0,0.0,0.0,0.0,0.0,0.0,0.0,0.0,0.0,0.0,0.0,30722.0,9.0,27716.0,29333.0,9.0,27719.0
3.771948674984742,0.0,0.0,0.0,0.0,0.0,0.0,0.0,0.0,0.0,0.0,0.0,0.0,0.0,30722.0,9.0,27716.0,29334.0,9.0,27726.0
3.772006143000908,0.0,0.0,0.0,0.0,0.0,0.0,0.0,0.0,0.0,0.0,0.0,0.0,0.0,30723.0,9.0,27736.0,29335.0,9.0,27749.0
3.7721341729920823,0.0,0.0,0.0,0.0,0.0,0.0,0.0,0.0,0.0,0.0,0.0,0.0,0.0,30725.0,9.0,27776.0,29336.0,9.0,27779.0
3.7796479309909046,0.0,0.0,0.0,0.0,0.0,0.0,0.0,0.0,0.0,0.0,0.0,0.0,0.0,30725.0,9.0,27776.0,29337.0,9.0,27786.0
3.800867413985543,0.0,0.0,0.0,0.0,0.0,0.0,0.0,0.0,0.0,0.0,0.0,0.0,0.0,30726.0,9.0,27796.0,29338.0,9.0,27809.0
3.820424859004561,0.0,0.0,0.0,0.0,0.0,0.0,0.0,0.0,0.0,0.0,0.0,0.0,0.0,30727.0,9.0,27816.0,29339.0,9.0,27829.0
3.842012679990148,0.0,0.0,0.0,0.0,0.0,0.0,0.0,0.0,0.0,0.0,0.0,0.0,0.0,30728.0,9.0,27836.0,29340.0,9.0,27849.0
3.871442734001903,0.0,0.0,0.0,0.0,0.0,0.0,0.0,0.0,0.0,0.0,0.0,0.0,0.0,30730.0,9.0,27876.0,29341.0,9.0,27879.0
4.283707695984049,0.0,0.0,0.0,0.0,0.0,0.0,0.0,0.0,0.0,0.0,0.0,0.0,0.0,30741.0,9.0,28096.0,29353.0,9.0,28109.0
4.284071623987984,0.0,0.0,0.0,0.0,0.0,0.0,0.0,0.0,0.0,0.0,0.0,0.0,0.0,30742.0,9.0,28116.0,29354.0,9.0,28129.0
4.284141362004448,0.0,0.0,0.0,0.0,0.0,0.0,0.0,0.0,0.0,0.0,0.0,0.0,0.0,30743.0,9.0,28136.0,29355.0,9.0,28149.0
4.284210888989037,0.0,0.0,0.0,0.0,0.0,0.0,0.0,0.0,0.0,0.0,0.0,0.0,0.0,30745.0,9.0,28176.0,29356.0,9.0,28179.0
4.284272326010978,0.0,0.0,0.0,0.0,0.0,0.0,0.0,0.0,0.0,0.0,0.0,0.0,0.0,30745.0,9.0,28176.0,29357.0,9.0,28186.0
4.2843301729881205,0.0,0.0,0.0,0.0,0.0,0.0,0.0,0.0,0.0,0.0,0.0,0.0,0.0,30746.0,9.0,28196.0,29358.0,9.0,28209.0
4.284390185988741,0.0,0.0,0.0,0.0,0.0,0.0,0.0,0.0,0.0,0.0,0.0,0.0,0.0,30747.0,9.0,28216.0,29359.0,9.0,28229.0
4.284447101003025,0.0,0.0,0.0,0.0,0.0,0.0,0.0,0.0,0.0,0.0,0.0,0.0,0.0,30748.0,9.0,28236.0,29360.0,9.0,28249.0
4.284504537994508,0.0,0.0,0.0,0.0,0.0,0.0,0.0,0.0,0.0,0.0,0.0,0.0,0.0,30750.0,9.0,28276.0,29361.0,9.0,28279.0
4.284563368011732,0.0,0.0,0.0,0.0,0.0,0.0,0.0,0.0,0.0,0.0,0.0,0.0,0.0,30750.0,9.0,28276.0,29362.0,9.0,28286.0
4.300468958012061,0.0,0.0,0.0,0.0,0.0,0.0,0.0,0.0,0.0,0.0,0.0,0.0,0.0,30751.0,9.0,28296.0,29363.0,9.0,28309.0
4.32491140300408,0.0,0.0,0.0,0.0,0.0,0.0,0.0,0.0,0.0,0.0,0.0,0.0,0.0,30752.0,9.0,28316.0,29364.0,9.0,28329.0
4.343326450994937,0.0,0.0,0.0,0.0,0.0,0.0,0.0,0.0,0.0,0.0,0.0,0.0,0.0,30753.0,9.0,28336.0,29365.0,9.0,28349.0
4.371628105000127,0.0,0.0,0.0,0.0,0.0,0.0,0.0,0.0,0.0,0.0,0.0,0.0,0.0,30755.0,9.0,28376.0,29366.0,9.0,28379.0
4.377366784989135,0.0,0.0,0.0,0.0,0.0,0.0,0.0,0.0,0.0,0.0,0.0,0.0,0.0,30755.0,9.0,28376.0,29367.0,9.0,28386.0
4.789756090991432,0.0,0.0,0.0,0.0,0.0,0.0,0.0,0.0,0.0,0.0,0.0,0.0,0.0,30765.0,9.0,28576.0,29376.0,9.0,28579.0
4.790184251993196,0.0,0.0,0.0,0.0,0.0,0.0,0.0,0.0,0.0,0.0,0.0,0.0,0.0,30765.0,9.0,28576.0,29377.0,9.0,28586.0
4.790291726007126,0.0,0.0,0.0,0.0,0.0,0.0,0.0,0.0,0.0,0.0,0.0,0.0,0.0,30766.0,9.0,28596.0,29378.0,9.0,28609.0
4.790355167991947,0.0,0.0,0.0,0.0,0.0,0.0,0.0,0.0,0.0,0.0,0.0,0.0,0.0,30767.0,9.0,28616.0,29379.0,9.0,28629.0
4.790416314004688,0.0,0.0,0.0,0.0,0.0,0.0,0.0,0.0,0.0,0.0,0.0,0.0,0.0,30768.0,9.0,28636.0,29380.0,9.0,28649.0
4.790475746005541,0.0,0.0,0.0,0.0,0.0,0.0,0.0,0.0,0.0,0.0,0.0,0.0,0.0,30770.0,9.0,28676.0,29381.0,9.0,28679.0
4.7905343449965585,0.0,0.0,0.0,0.0,0.0,0.0,0.0,0.0,0.0,0.0,0.0,0.0,0.0,30770.0,9.0,28676.0,29382.0,9.0,28686.0
4.790592483012006,0.0,0.0,0.0,0.0,0.0,0.0,0.0,0.0,0.0,0.0,0.0,0.0,0.0,30772.0,9.0,28716.0,29383.0,9.0,28719.0
4.790650360984728,0.0,0.0,0.0,0.0,0.0,0.0,0.0,0.0,0.0,0.0,0.0,0.0,0.0,30772.0,9.0,28716.0,29384.0,9.0,28726.0
4.790707406005822,0.0,0.0,0.0,0.0,0.0,0.0,0.0,0.0,0.0,0.0,0.0,0.0,0.0,30773.0,9.0,28736.0,29385.0,9.0,28749.0
4.802310106984805,0.0,0.0,0.0,0.0,0.0,0.0,0.0,0.0,0.0,0.0,0.0,0.0,0.0,30776.0,9.0,28796.0,29386.0,9.0,28809.0
4.82119149400387,0.0,0.0,0.0,0.0,0.0,0.0,0.0,0.0,0.0,0.0,0.0,0.0,0.0,30777.0,9.0,28816.0,29387.0,9.0,28829.0
4.843417356983991,0.0,0.0,0.0,0.0,0.0,0.0,0.0,0.0,0.0,0.0,0.0,0.0,0.0,30778.0,9.0,28836.0,29388.0,9.0,28849.0
4.860568372998387,0.0,0.0,0.0,0.0,0.0,0.0,0.0,0.0,0.0,0.0,0.0,0.0,0.0,30779.0,9.0,28856.0,29389.0,9.0,28869.0
4.880516500008525,0.0,0.0,0.0,0.0,0.0,0.0,0.0,0.0,0.0,0.0,0.0,0.0,0.0,30780.0,9.0,28876.0,29390.0,9.0,28889.0
5.307012108009076,0.0,0.0,0.0,0.0,0.0,0.0,0.0,0.0,0.0,0.0,0.0,0.0,0.0,30782.0,9.0,28916.0,29391.0,9.0,28920.0
5.307508992991643,0.0,0.0,0.0,0.0,0.0,0.0,0.0,0.0,0.0,0.0,0.0,0.0,0.0,30782.0,9.0,28916.0,29392.0,9.0,28928.0
5.307626188994618,0.0,0.0,0.0,0.0,0.0,0.0,0.0,0.0,0.0,0.0,0.0,0.0,0.0,30784.0,9.0,28956.0,29394.0,9.0,28969.0
5.3076950229879,0.0,0.0,0.0,0.0,0.0,0.0,0.0,0.0,0.0,0.0,0.0,0.0,0.0,30785.0,9.0,28976.0,29395.0,9.0,28989.0
5.307754001987632,0.0,0.0,0.0,0.0,0.0,0.0,0.0,0.0,0.0,0.0,0.0,0.0,0.0,30787.0,9.0,29016.0,29396.0,9.0,29019.0
5.307811526989099,0.0,0.0,0.0,0.0,0.0,0.0,0.0,0.0,0.0,0.0,0.0,0.0,0.0,30787.0,9.0,29016.0,29397.0,9.0,29026.0
5.3078672279953025,0.0,0.0,0.0,0.0,0.0,0.0,0.0,0.0,0.0,0.0,0.0,0.0,0.0,30788.0,9.0,29036.0,29398.0,9.0,29049.0
5.3079227980051655,0.0,0.0,0.0,0.0,0.0,0.0,0.0,0.0,0.0,0.0,0.0,0.0,0.0,30789.0,9.0,29056.0,29399.0,9.0,29069.0
5.307977115997346,0.0,0.0,0.0,0.0,0.0,0.0,0.0,0.0,0.0,0.0,0.0,0.0,0.0,30790.0,9.0,29076.0,29400.0,9.0,29089.0
5.308030320011312,0.0,0.0,0.0,0.0,0.0,0.0,0.0,0.0,0.0,0.0,0.0,0.0,0.0,30792.0,9.0,29116.0,29401.0,9.0,29119.0
5.308085108001251,0.0,0.0,0.0,0.0,0.0,0.0,0.0,0.0,0.0,0.0,0.0,0.0,0.0,30792.0,9.0,29116.0,29402.0,9.0,29126.0
5.308138583000982,0.0,0.0,0.0,0.0,0.0,0.0,0.0,0.0,0.0,0.0,0.0,0.0,0.0,30794.0,9.0,29156.0,29403.0,9.0,29159.0
5.308196580008371,0.0,0.0,0.0,0.0,0.0,0.0,0.0,0.0,0.0,0.0,0.0,0.0,0.0,30794.0,9.0,29156.0,29404.0,9.0,29166.0
5.308252971997717,0.0,0.0,0.0,0.0,0.0,0.0,0.0,0.0,0.0,0.0,0.0,0.0,0.0,30796.0,9.0,29196.0,29405.0,9.0,29199.0
5.308306647988502,0.0,0.0,0.0,0.0,0.0,0.0,0.0,0.0,0.0,0.0,0.0,0.0,0.0,30796.0,9.0,29196.0,29406.0,9.0,29211.0
5.308360463997815,0.0,0.0,0.0,0.0,0.0,0.0,0.0,0.0,0.0,0.0,0.0,0.0,0.0,30797.0,9.0,29216.0,29407.0,9.0,29229.0
5.308415192004759,0.0,0.0,0.0,0.0,0.0,0.0,0.0,0.0,0.0,0.0,0.0,0.0,0.0,30798.0,9.0,29236.0,29408.0,9.0,29249.0
5.30847293799161,0.0,0.0,0.0,0.0,0.0,0.0,0.0,0.0,0.0,0.0,0.0,0.0,0.0,30799.0,9.0,29256.0,29409.0,9.0,29269.0
5.308527896995656,0.0,0.0,0.0,0.0,0.0,0.0,0.0,0.0,0.0,0.0,0.0,0.0,0.0,30800.0,9.0,29276.0,29410.0,9.0,29289.0
5.31464648200199,0.0,0.0,0.0,0.0,0.0,0.0,0.0,0.0,0.0,0.0,0.0,0.0,0.0,30802.0,9.0,29316.0,29411.0,9.0,29319.0
5.318563656997867,0.0,0.0,0.0,0.0,0.0,0.0,0.0,0.0,0.0,0.0,0.0,0.0,0.0,30802.0,9.0,29316.0,29412.0,9.0,29326.0
5.3411028390110005,0.0,0.0,0.0,0.0,0.0,0.0,0.0,0.0,0.0,0.0,0.0,0.0,0.0,30803.0,9.0,29336.0,29413.0,9.0,29349.0
5.361563482001657,0.0,0.0,0.0,0.0,0.0,0.0,0.0,0.0,0.0,0.0,0.0,0.0,0.0,30804.0,9.0,29356.0,29414.0,9.0,29369.0
5.380670746002579,0.0,0.0,0.0,0.0,0.0,0.0,0.0,0.0,0.0,0.0,0.0,0.0,0.0,30805.0,9.0,29376.0,29415.0,9.0,29389.0
5.832817543996498,0.0,0.0,0.0,0.0,0.0,0.0,0.0,0.0,0.0,0.0,0.0,0.0,0.0,30807.0,9.0,29416.0,29416.0,9.0,29420.0
5.833019563986454,0.0,0.0,0.0,0.0,0.0,0.0,0.0,0.0,0.0,0.0,0.0,0.0,0.0,30807.0,9.0,29416.0,29417.0,9.0,29427.0
5.833090903994162,0.0,0.0,0.0,0.0,0.0,0.0,0.0,0.0,0.0,0.0,0.0,0.0,0.0,30808.0,9.0,29436.0,29418.0,9.0,29449.0
5.833151797996834,0.0,0.0,0.0,0.0,0.0,0.0,0.0,0.0,0.0,0.0,0.0,0.0,0.0,30809.0,9.0,29456.0,29419.0,9.0,29469.0
5.83322455198504,0.0,0.0,0.0,0.0,0.0,0.0,0.0,0.0,0.0,0.0,0.0,0.0,0.0,30810.0,9.0,29476.0,29420.0,9.0,29489.0
5.833286709006643,0.0,0.0,0.0,0.0,0.0,0.0,0.0,0.0,0.0,0.0,0.0,0.0,0.0,30812.0,9.0,29516.0,29421.0,9.0,29519.0
5.833344644983299,0.0,0.0,0.0,0.0,0.0,0.0,0.0,0.0,0.0,0.0,0.0,0.0,0.0,30812.0,9.0,29516.0,29422.0,9.0,29526.0
5.833401729003526,0.0,0.0,0.0,0.0,0.0,0.0,0.0,0.0,0.0,0.0,0.0,0.0,0.0,30813.0,9.0,29536.0,29423.0,9.0,29549.0
5.8334584230033215,0.0,0.0,0.0,0.0,0.0,0.0,0.0,0.0,0.0,0.0,0.0,0.0,0.0,30814.0,9.0,29556.0,29424.0,9.0,29569.0
5.8335331509879325,0.0,0.0,0.0,0.0,0.0,0.0,0.0,0.0,0.0,0.0,0.0,0.0,0.0,30815.0,9.0,29576.0,29425.0,9.0,29589.0
5.834295907989144,0.0,0.0,0.0,0.0,0.0,0.0,0.0,0.0,0.0,0.0,0.0,0.0,0.0,30817.0,9.0,29616.0,29426.0,9.0,29619.0
5.834391971002333,0.0,0.0,0.0,0.0,0.0,0.0,0.0,0.0,0.0,0.0,0.0,0.0,0.0,30817.0,9.0,29616.0,29427.0,9.0,29626.0
5.8344528549932875,0.0,0.0,0.0,0.0,0.0,0.0,0.0,0.0,0.0,0.0,0.0,0.0,0.0,30818.0,9.0,29636.0,29428.0,9.0,29649.0
5.8345093469833955,0.0,0.0,0.0,0.0,0.0,0.0,0.0,0.0,0.0,0.0,0.0,0.0,0.0,30819.0,9.0,29656.0,29429.0,9.0,29669.0
5.8345636739977635,0.0,0.0,0.0,0.0,0.0,0.0,0.0,0.0,0.0,0.0,0.0,0.0,0.0,30820.0,9.0,29676.0,29430.0,9.0,29689.0
5.834617018990684,0.0,0.0,0.0,0.0,0.0,0.0,0.0,0.0,0.0,0.0,0.0,0.0,0.0,30822.0,9.0,29716.0,29431.0,9.0,29719.0
5.8346711059857626,0.0,0.0,0.0,0.0,0.0,0.0,0.0,0.0,0.0,0.0,0.0,0.0,0.0,30822.0,9.0,29716.0,29432.0,9.0,29726.0
5.83472530299332,0.0,0.0,0.0,0.0,0.0,0.0,0.0,0.0,0.0,0.0,0.0,0.0,0.0,30823.0,9.0,29736.0,29433.0,9.0,29749.0
5.834779630007688,0.0,0.0,0.0,0.0,0.0,0.0,0.0,0.0,0.0,0.0,0.0,0.0,0.0,30824.0,9.0,29756.0,29434.0,9.0,29769.0
5.834833947010338,0.0,0.0,0.0,0.0,0.0,0.0,0.0,0.0,0.0,0.0,0.0,0.0,0.0,30825.0,9.0,29776.0,29435.0,9.0,29789.0
5.8349398850114085,0.0,0.0,0.0,0.0,0.0,0.0,0.0,0.0,0.0,0.0,0.0,0.0,0.0,30827.0,9.0,29816.0,29436.0,9.0,29827.0
5.841837788000703,0.0,0.0,0.0,0.0,0.0,0.0,0.0,0.0,0.0,0.0,0.0,0.0,0.0,30828.0,9.0,29836.0,29437.0,9.0,29849.0
5.864587532996666,0.0,0.0,0.0,0.0,0.0,0.0,0.0,0.0,0.0,0.0,0.0,0.0,0.0,30829.0,9.0,29856.0,29438.0,9.0,29869.0
5.882646318990737,0.0,0.0,0.0,0.0,0.0,0.0,0.0,0.0,0.0,0.0,0.0,0.0,0.0,30830.0,9.0,29876.0,29439.0,9.0,29889.0
5.902236332010943,0.0,0.0,0.0,0.0,0.0,0.0,0.0,0.0,0.0,0.0,0.0,0.0,0.0,30831.0,9.0,29896.0,29440.0,9.0,29909.0
5.9313590840029065,0.0,0.0,0.0,0.0,0.0,0.0,0.0,0.0,0.0,0.0,0.0,0.0,0.0,30833.0,9.0,29936.0,29441.0,9.0,29939.0
5.938399828999536,0.0,0.0,0.0,0.0,0.0,0.0,0.0,0.0,0.0,0.0,0.0,0.0,0.0,30833.0,9.0,29936.0,29442.0,9.0,29946.0
5.972332801989978,0.0,0.0,0.0,0.0,0.0,0.0,0.0,0.0,0.0,0.0,0.0,0.0,0.0,30835.0,9.0,29976.0,29443.0,9.0,29979.0
5.98034896000172,0.0,0.0,0.0,0.0,0.0,0.0,0.0,0.0,0.0,0.0,0.0,0.0,0.0,30835.0,9.0,29976.0,29444.0,9.0,29986.0
6.011277523997705,0.0,0.0,0.0,0.0,0.0,0.0,0.0,0.0,0.0,0.0,0.0,0.0,0.0,30837.0,9.0,30016.0,29445.0,9.0,30019.0
6.02454100700561,0.0,0.0,0.0,0.0,0.0,0.0,0.0,0.0,0.0,0.0,0.0,0.0,0.0,30837.0,9.0,30016.0,29446.0,9.0,30031.0
6.042313309008023,0.0,0.0,0.0,0.0,0.0,0.0,0.0,0.0,0.0,0.0,0.0,0.0,0.0,30838.0,9.0,30036.0,29447.0,9.0,30049.0
6.06348593000439,0.0,0.0,0.0,0.0,0.0,0.0,0.0,0.0,0.0,0.0,0.0,0.0,0.0,30839.0,9.0,30056.0,29448.0,9.0,30069.0
6.176480919006281,0.0,0.0,0.0,0.0,0.0,0.0,0.0,0.0,0.0,0.0,0.0,0.0,0.0,30840.0,9.0,30076.0,29449.0,9.0,30089.0
6.176599778991658,0.0,0.0,0.0,0.0,0.0,0.0,0.0,0.0,0.0,0.0,0.0,0.0,0.0,30841.0,9.0,30096.0,29450.0,9.0,30109.0
6.176668622996658,0.0,0.0,0.0,0.0,0.0,0.0,0.0,0.0,0.0,0.0,0.0,0.0,0.0,30843.0,9.0,30136.0,29451.0,9.0,30139.0
6.1767305489920545,0.0,0.0,0.0,0.0,0.0,0.0,0.0,0.0,0.0,0.0,0.0,0.0,0.0,30843.0,9.0,30136.0,29452.0,9.0,30147.0
6.176790650992189,0.0,0.0,0.0,0.0,0.0,0.0,0.0,0.0,0.0,0.0,0.0,0.0,0.0,30844.0,9.0,30156.0,29453.0,9.0,30169.0
6.232979040010832,0.0,0.0,0.0,0.0,0.0,0.0,0.0,0.0,0.0,0.0,0.0,0.0,0.0,30845.0,9.0,30176.0,29454.0,9.0,30189.0
6.233097730000736,0.0,0.0,0.0,0.0,0.0,0.0,0.0,0.0,0.0,0.0,0.0,0.0,0.0,30846.0,9.0,30196.0,29455.0,9.0,30209.0
6.233190955012105,0.0,0.0,0.0,0.0,0.0,0.0,0.0,0.0,0.0,0.0,0.0,0.0,0.0,30848.0,9.0,30236.0,29456.0,9.0,30239.0
6.401081326999702,0.0,0.0,0.0,0.0,0.0,0.0,0.0,0.0,0.0,0.0,0.0,0.0,0.0,30848.0,9.0,30236.0,29457.0,9.0,30246.0
6.401550520997262,0.0,0.0,0.0,0.0,0.0,0.0,0.0,0.0,0.0,0.0,0.0,0.0,0.0,30850.0,9.0,30276.0,29458.0,9.0,30279.0
6.401836798002478,0.0,0.0,0.0,0.0,0.0,0.0,0.0,0.0,0.0,0.0,0.0,0.0,0.0,30850.0,9.0,30276.0,29459.0,9.0,30286.0
6.4019099510042,0.0,0.0,0.0,0.0,0.0,0.0,0.0,0.0,0.0,0.0,0.0,0.0,0.0,30852.0,9.0,30316.0,29460.0,9.0,30319.0
6.401976767985616,0.0,0.0,0.0,0.0,0.0,0.0,0.0,0.0,0.0,0.0,0.0,0.0,0.0,30852.0,9.0,30316.0,29461.0,9.0,30331.0
6.402035856008297,0.0,0.0,0.0,0.0,0.0,0.0,0.0,0.0,0.0,0.0,0.0,0.0,0.0,30853.0,9.0,30336.0,29462.0,9.0,30348.0
6.402111536008306,0.0,0.0,0.0,0.0,0.0,0.0,0.0,0.0,0.0,0.0,0.0,0.0,0.0,30854.0,9.0,30356.0,29463.0,9.0,30369.0
6.402210744010517,0.0,0.0,0.0,0.0,0.0,0.0,0.0,0.0,0.0,0.0,0.0,0.0,0.0,30855.0,9.0,30376.0,29464.0,9.0,30389.0
6.402956751000602,0.0,0.0,0.0,0.0,0.0,0.0,0.0,0.0,0.0,0.0,0.0,0.0,0.0,30856.0,9.0,30396.0,29465.0,9.0,30409.0
6.432746189995669,0.0,0.0,0.0,0.0,0.0,0.0,0.0,0.0,0.0,0.0,0.0,0.0,0.0,30858.0,9.0,30436.0,29466.0,9.0,30439.0
6.44560772398836,0.0,0.0,0.0,0.0,0.0,0.0,0.0,0.0,0.0,0.0,0.0,0.0,0.0,30858.0,9.0,30436.0,29467.0,9.0,30446.0
6.461407814989798,0.0,0.0,0.0,0.0,0.0,0.0,0.0,0.0,0.0,0.0,0.0,0.0,0.0,30859.0,9.0,30456.0,29468.0,9.0,30469.0
6.484505331987748,0.0,0.0,0.0,0.0,0.0,0.0,0.0,0.0,0.0,0.0,0.0,0.0,0.0,30860.0,9.0,30476.0,29469.0,9.0,30489.0
6.502538962988183,0.0,0.0,0.0,0.0,0.0,0.0,0.0,0.0,0.0,0.0,0.0,0.0,0.0,30861.0,9.0,30496.0,29470.0,9.0,30509.0
6.553758925991133,0.0,0.0,0.0,0.0,0.0,0.0,0.0,0.0,0.0,0.0,0.0,0.0,0.0,30863.0,9.0,30536.0,29471.0,9.0,30539.0
6.553861683001742,0.0,0.0,0.0,0.0,0.0,0.0,0.0,0.0,0.0,0.0,0.0,0.0,0.0,30863.0,9.0,30536.0,29472.0,9.0,30546.0
6.620402064989321,0.0,0.0,0.0,0.0,0.0,0.0,0.0,0.0,0.0,0.0,0.0,0.0,0.0,30864.0,9.0,30556.0,29473.0,9.0,30569.0
6.620517012983328,0.0,0.0,0.0,0.0,0.0,0.0,0.0,0.0,0.0,0.0,0.0,0.0,0.0,30865.0,9.0,30576.0,29474.0,9.0,30589.0
6.620583910000278,0.0,0.0,0.0,0.0,0.0,0.0,0.0,0.0,0.0,0.0,0.0,0.0,0.0,30866.0,9.0,30596.0,29475.0,9.0,30609.0
6.6325590159976855,0.0,0.0,0.0,0.0,0.0,0.0,0.0,0.0,0.0,0.0,0.0,0.0,0.0,30868.0,9.0,30636.0,29476.0,9.0,30639.0
6.63899870601017,0.0,0.0,0.0,0.0,0.0,0.0,0.0,0.0,0.0,0.0,0.0,0.0,0.0,30868.0,9.0,30636.0,29477.0,9.0,30646.0
6.6716500879847445,0.0,0.0,0.0,0.0,0.0,0.0,0.0,0.0,0.0,0.0,0.0,0.0,0.0,30870.0,9.0,30676.0,29478.0,9.0,30679.0
6.680370405985741,0.0,0.0,0.0,0.0,0.0,0.0,0.0,0.0,0.0,0.0,0.0,0.0,0.0,30870.0,9.0,30676.0,29479.0,9.0,30686.0
6.713397459010594,0.0,0.0,0.0,0.0,0.0,0.0,0.0,0.0,0.0,0.0,0.0,0.0,0.0,30872.0,9.0,30716.0,29480.0,9.0,30719.0
6.724282776995096,0.0,0.0,0.0,0.0,0.0,0.0,0.0,0.0,0.0,0.0,0.0,0.0,0.0,30872.0,9.0,30716.0,29481.0,9.0,30731.0
6.814543424989097,0.0,0.0,0.0,0.0,0.0,0.0,0.0,0.0,0.0,0.0,0.0,0.0,0.0,30873.0,9.0,30736.0,29482.0,9.0,30749.0
6.814654412999516,0.0,0.0,0.0,0.0,0.0,0.0,0.0,0.0,0.0,0.0,0.0,0.0,0.0,30874.0,9.0,30756.0,29483.0,9.0,30769.0
6.841865808004513,0.0,0.0,0.0,0.0,0.0,0.0,0.0,0.0,0.0,0.0,0.0,0.0,0.0,30877.0,9.0,30816.0,29484.0,9.0,30834.0
6.866554578009527,0.0,0.0,0.0,0.0,0.0,0.0,0.0,0.0,0.0,0.0,0.0,0.0,0.0,30879.0,9.0,30856.0,29485.0,9.0,30860.0
6.866920233005658,0.0,0.0,0.0,0.0,0.0,0.0,0.0,0.0,0.0,0.0,0.0,0.0,0.0,30879.0,9.0,30856.0,29486.0,9.0,30872.0
6.88318277100916,0.0,0.0,0.0,0.0,0.0,0.0,0.0,0.0,0.0,0.0,0.0,0.0,0.0,30880.0,9.0,30876.0,29487.0,9.0,30889.0
6.904693196003791,0.0,0.0,0.0,0.0,0.0,0.0,0.0,0.0,0.0,0.0,0.0,0.0,0.0,30881.0,9.0,30896.0,29488.0,9.0,30909.0
6.921598112006905,0.0,0.0,0.0,0.0,0.0,0.0,0.0,0.0,0.0,0.0,0.0,0.0,0.0,30882.0,9.0,30916.0,29489.0,9.0,30929.0
6.942600112990476,0.0,0.0,0.0,0.0,0.0,0.0,0.0,0.0,0.0,0.0,0.0,0.0,0.0,30883.0,9.0,30936.0,29490.0,9.0,30949.0
7.0621983890014235,0.0,0.0,0.0,0.0,0.0,0.0,0.0,0.0,0.0,0.0,0.0,0.0,0.0,30885.0,9.0,30976.0,29491.0,9.0,30979.0
7.062328353989869,0.0,0.0,0.0,0.0,0.0,0.0,0.0,0.0,0.0,0.0,0.0,0.0,0.0,30885.0,9.0,30976.0,29492.0,9.0,30986.0
7.062398420006502,0.0,0.0,0.0,0.0,0.0,0.0,0.0,0.0,0.0,0.0,0.0,0.0,0.0,30886.0,9.0,30996.0,29493.0,9.0,31009.0
7.06245926200063,0.0,0.0,0.0,0.0,0.0,0.0,0.0,0.0,0.0,0.0,0.0,0.0,0.0,30887.0,9.0,31016.0,29494.0,9.0,31029.0
7.062522230000468,0.0,0.0,0.0,0.0,0.0,0.0,0.0,0.0,0.0,0.0,0.0,0.0,0.0,30888.0,9.0,31036.0,29495.0,9.0,31049.0
7.073238674987806,0.0,0.0,0.0,0.0,0.0,0.0,0.0,0.0,0.0,0.0,0.0,0.0,0.0,30890.0,9.0,31076.0,29496.0,9.0,31079.0
7.079357751994394,0.0,0.0,0.0,0.0,0.0,0.0,0.0,0.0,0.0,0.0,0.0,0.0,0.0,30890.0,9.0,31076.0,29497.0,9.0,31086.0
7.115605867002159,0.0,0.0,0.0,0.0,0.0,0.0,0.0,0.0,0.0,0.0,0.0,0.0,0.0,30892.0,9.0,31116.0,29498.0,9.0,31119.0
7.129665129992645,0.0,0.0,0.0,0.0,0.0,0.0,0.0,0.0,0.0,0.0,0.0,0.0,0.0,30892.0,9.0,31116.0,29499.0,9.0,31126.0
7.143133954989025,0.0,0.0,0.0,0.0,0.0,0.0,0.0,0.0,0.0,0.0,0.0,0.0,0.0,30893.0,9.0,31136.0,29500.0,9.0,31149.0
7.282605518004857,0.0,0.0,0.0,0.0,0.0,0.0,0.0,0.0,0.0,0.0,0.0,0.0,0.0,30895.0,9.0,31176.0,29501.0,9.0,31179.0
7.282793304009829,0.0,0.0,0.0,0.0,0.0,0.0,0.0,0.0,0.0,0.0,0.0,0.0,0.0,30895.0,9.0,31176.0,29502.0,9.0,31186.0
7.28286055100034,0.0,0.0,0.0,0.0,0.0,0.0,0.0,0.0,0.0,0.0,0.0,0.0,0.0,30896.0,9.0,31196.0,29503.0,9.0,31209.0
7.282921751990216,0.0,0.0,0.0,0.0,0.0,0.0,0.0,0.0,0.0,0.0,0.0,0.0,0.0,30897.0,9.0,31216.0,29504.0,9.0,31229.0
7.282980137009872,0.0,0.0,0.0,0.0,0.0,0.0,0.0,0.0,0.0,0.0,0.0,0.0,0.0,30898.0,9.0,31236.0,29505.0,9.0,31249.0
7.283036267006537,0.0,0.0,0.0,0.0,0.0,0.0,0.0,0.0,0.0,0.0,0.0,0.0,0.0,30900.0,9.0,31276.0,29506.0,9.0,31279.0
7.283092405996285,0.0,0.0,0.0,0.0,0.0,0.0,0.0,0.0,0.0,0.0,0.0,0.0,0.0,30900.0,9.0,31276.0,29507.0,9.0,31286.0
7.3032345910032745,0.0,0.0,0.0,0.0,0.0,0.0,0.0,0.0,0.0,0.0,0.0,0.0,0.0,30901.0,9.0,31296.0,29508.0,9.0,31309.0
7.321834298985777,0.0,0.0,0.0,0.0,0.0,0.0,0.0,0.0,0.0,0.0,0.0,0.0,0.0,30902.0,9.0,31316.0,29509.0,9.0,31329.0
7.343351896997774,0.0,0.0,0.0,0.0,0.0,0.0,0.0,0.0,0.0,0.0,0.0,0.0,0.0,30903.0,9.0,31336.0,29510.0,9.0,31349.0
7.372855728986906,0.0,0.0,0.0,0.0,0.0,0.0,0.0,0.0,0.0,0.0,0.0,0.0,0.0,30905.0,9.0,31376.0,29511.0,9.0,31379.0
7.37981628900161,0.0,0.0,0.0,0.0,0.0,0.0,0.0,0.0,0.0,0.0,0.0,0.0,0.0,30905.0,9.0,31376.0,29512.0,9.0,31386.0
7.476742955012014,0.0,0.0,0.0,0.0,0.0,0.0,0.0,0.0,0.0,0.0,0.0,0.0,0.0,30906.0,9.0,31396.0,29513.0,9.0,31409.0
7.476857809990179,0.0,0.0,0.0,0.0,0.0,0.0,0.0,0.0,0.0,0.0,0.0,0.0,0.0,30907.0,9.0,31416.0,29514.0,9.0,31429.0
7.476924013986718,0.0,0.0,0.0,0.0,0.0,0.0,0.0,0.0,0.0,0.0,0.0,0.0,0.0,30908.0,9.0,31436.0,29515.0,9.0,31449.0
7.476982288993895,0.0,0.0,0.0,0.0,0.0,0.0,0.0,0.0,0.0,0.0,0.0,0.0,0.0,30910.0,9.0,31476.0,29516.0,9.0,31479.0
7.501064318988938,0.0,0.0,0.0,0.0,0.0,0.0,0.0,0.0,0.0,0.0,0.0,0.0,0.0,30910.0,9.0,31476.0,29517.0,9.0,31486.0
7.513546369009418,0.0,0.0,0.0,0.0,0.0,0.0,0.0,0.0,0.0,0.0,0.0,0.0,0.0,30912.0,9.0,31516.0,29518.0,9.0,31519.0
7.530406370002311,0.0,0.0,0.0,0.0,0.0,0.0,0.0,0.0,0.0,0.0,0.0,0.0,0.0,30912.0,9.0,31516.0,29519.0,9.0,31526.0
7.553663002996473,0.0,0.0,0.0,0.0,0.0,0.0,0.0,0.0,0.0,0.0,0.0,0.0,0.0,30914.0,9.0,31555.0,29520.0,9.0,31559.0
7.565561474009883,0.0,0.0,0.0,0.0,0.0,0.0,0.0,0.0,0.0,0.0,0.0,0.0,0.0,30914.0,9.0,31555.0,29521.0,9.0,31571.0
7.582342881010845,0.0,0.0,0.0,0.0,0.0,0.0,0.0,0.0,0.0,0.0,0.0,0.0,0.0,30915.0,9.0,31576.0,29522.0,9.0,31589.0
7.607137679995503,0.0,0.0,0.0,0.0,0.0,0.0,0.0,0.0,0.0,0.0,0.0,0.0,0.0,30916.0,9.0,31596.0,29523.0,9.0,31609.0
7.66275824100012,0.0,0.0,0.0,0.0,0.0,0.0,0.0,0.0,0.0,0.0,0.0,0.0,0.0,30917.0,9.0,31616.0,29524.0,9.0,31628.0
7.662860123004066,0.0,0.0,0.0,0.0,0.0,0.0,0.0,0.0,0.0,0.0,0.0,0.0,0.0,30918.0,9.0,31636.0,29525.0,9.0,31649.0
7.724391178984661,0.0,0.0,0.0,0.0,0.0,0.0,0.0,0.0,0.0,0.0,0.0,0.0,0.0,30920.0,9.0,31676.0,29526.0,9.0,31679.0
7.7244937439973,0.0,0.0,0.0,0.0,0.0,0.0,0.0,0.0,0.0,0.0,0.0,0.0,0.0,30920.0,9.0,31676.0,29527.0,9.0,31686.0
7.724563937983476,0.0,0.0,0.0,0.0,0.0,0.0,0.0,0.0,0.0,0.0,0.0,0.0,0.0,30922.0,9.0,31716.0,29528.0,9.0,31719.0
7.724623646005057,0.0,0.0,0.0,0.0,0.0,0.0,0.0,0.0,0.0,0.0,0.0,0.0,0.0,30922.0,9.0,31716.0,29529.0,9.0,31726.0
7.753562506986782,0.0,0.0,0.0,0.0,0.0,0.0,0.0,0.0,0.0,0.0,0.0,0.0,0.0,30924.0,9.0,31756.0,29530.0,9.0,31759.0
7.764058819011552,0.0,0.0,0.0,0.0,0.0,0.0,0.0,0.0,0.0,0.0,0.0,0.0,0.0,30924.0,9.0,31756.0,29531.0,9.0,31771.0
7.782775628002128,0.0,0.0,0.0,0.0,0.0,0.0,0.0,0.0,0.0,0.0,0.0,0.0,0.0,30925.0,9.0,31776.0,29532.0,9.0,31789.0
7.805094893992646,0.0,0.0,0.0,0.0,0.0,0.0,0.0,0.0,0.0,0.0,0.0,0.0,0.0,30926.0,9.0,31796.0,29533.0,9.0,31809.0
7.825111096986802,0.0,0.0,0.0,0.0,0.0,0.0,0.0,0.0,0.0,0.0,0.0,0.0,0.0,30927.0,9.0,31816.0,29534.0,9.0,31829.0
7.943928396009142,0.0,0.0,0.0,0.0,0.0,0.0,0.0,0.0,0.0,0.0,0.0,0.0,0.0,30928.0,9.0,31836.0,29535.0,9.0,31849.0
7.944041677983478,0.0,0.0,0.0,0.0,0.0,0.0,0.0,0.0,0.0,0.0,0.0,0.0,0.0,30930.0,9.0,31876.0,29536.0,9.0,31879.0
7.944110357988393,0.0,0.0,0.0,0.0,0.0,0.0,0.0,0.0,0.0,0.0,0.0,0.0,0.0,30930.0,9.0,31876.0,29537.0,9.0,31887.0
7.944178136007395,0.0,0.0,0.0,0.0,0.0,0.0,0.0,0.0,0.0,0.0,0.0,0.0,0.0,30931.0,9.0,31896.0,29538.0,9.0,31909.0
7.94424311700277,0.0,0.0,0.0,0.0,0.0,0.0,0.0,0.0,0.0,0.0,0.0,0.0,0.0,30932.0,9.0,31916.0,29539.0,9.0,31929.0
7.9443901519989595,0.0,0.0,0.0,0.0,0.0,0.0,0.0,0.0,0.0,0.0,0.0,0.0,0.0,30933.0,9.0,31936.0,29540.0,9.0,31949.0
7.973186198010808,0.0,0.0,0.0,0.0,0.0,0.0,0.0,0.0,0.0,0.0,0.0,0.0,0.0,30935.0,9.0,31976.0,29541.0,9.0,31979.0
7.980383755988441,0.0,0.0,0.0,0.0,0.0,0.0,0.0,0.0,0.0,0.0,0.0,0.0,0.0,30935.0,9.0,31976.0,29542.0,9.0,31986.0
8.002328364003915,0.0,0.0,0.0,0.0,0.0,0.0,0.0,0.0,0.0,0.0,0.0,0.0,0.0,30936.0,9.0,31996.0,29543.0,9.0,32009.0
8.023242644005222,0.0,0.0,0.0,0.0,0.0,0.0,0.0,0.0,0.0,0.0,0.0,0.0,0.0,30937.0,9.0,32016.0,29544.0,9.0,32029.0
8.043017438001698,0.0,0.0,0.0,0.0,0.0,0.0,0.0,0.0,0.0,0.0,0.0,0.0,0.0,30938.0,9.0,32036.0,29545.0,9.0,32049.0
8.163061861996539,0.0,0.0,0.0,0.0,0.0,0.0,0.0,0.0,0.0,0.0,0.0,0.0,0.0,30940.0,9.0,32076.0,29546.0,9.0,32079.0
8.163195934990654,0.0,0.0,0.0,0.0,0.0,0.0,0.0,0.0,0.0,0.0,0.0,0.0,0.0,30940.0,9.0,32076.0,29547.0,9.0,32086.0
8.163264704984613,0.0,0.0,0.0,0.0,0.0,0.0,0.0,0.0,0.0,0.0,0.0,0.0,0.0,30941.0,9.0,32096.0,29548.0,9.0,32109.0
8.163322047999827,0.0,0.0,0.0,0.0,0.0,0.0,0.0,0.0,0.0,0.0,0.0,0.0,0.0,30942.0,9.0,32116.0,29549.0,9.0,32128.0
8.163376834010705,0.0,0.0,0.0,0.0,0.0,0.0,0.0,0.0,0.0,0.0,0.0,0.0,0.0,30943.0,9.0,32136.0,29550.0,9.0,32149.0
8.17326258099638,0.0,0.0,0.0,0.0,0.0,0.0,0.0,0.0,0.0,0.0,0.0,0.0,0.0,30945.0,9.0,32176.0,29551.0,9.0,32179.0
8.180831520992797,0.0,0.0,0.0,0.0,0.0,0.0,0.0,0.0,0.0,0.0,0.0,0.0,0.0,30945.0,9.0,32176.0,29552.0,9.0,32186.0
8.203082988999086,0.0,0.0,0.0,0.0,0.0,0.0,0.0,0.0,0.0,0.0,0.0,0.0,0.0,30946.0,9.0,32196.0,29553.0,9.0,32209.0
8.223338134994265,0.0,0.0,0.0,0.0,0.0,0.0,0.0,0.0,0.0,0.0,0.0,0.0,0.0,30947.0,9.0,32216.0,29554.0,9.0,32229.0
8.257346413010964,0.0,0.0,0.0,0.0,0.0,0.0,0.0,0.0,0.0,0.0,0.0,0.0,0.0,30948.0,9.0,32236.0,29555.0,9.0,32249.0
8.384546176006552,0.0,0.0,0.0,0.0,0.0,0.0,0.0,0.0,0.0,0.0,0.0,0.0,0.0,30950.0,9.0,32276.0,29556.0,9.0,32279.0
8.384656988986535,0.0,0.0,0.0,0.0,0.0,0.0,0.0,0.0,0.0,0.0,0.0,0.0,0.0,30950.0,9.0,32276.0,29557.0,9.0,32286.0
8.384723422001116,0.0,0.0,0.0,0.0,0.0,0.0,0.0,0.0,0.0,0.0,0.0,0.0,0.0,30952.0,9.0,32316.0,29558.0,9.0,32319.0
8.384781455009943,0.0,0.0,0.0,0.0,0.0,0.0,0.0,0.0,0.0,0.0,0.0,0.0,0.0,30952.0,9.0,32316.0,29559.0,9.0,32326.0
8.384836370008998,0.0,0.0,0.0,0.0,0.0,0.0,0.0,0.0,0.0,0.0,0.0,0.0,0.0,30953.0,9.0,32336.0,29560.0,9.0,32349.0
8.38489008200122,0.0,0.0,0.0,0.0,0.0,0.0,0.0,0.0,0.0,0.0,0.0,0.0,0.0,30955.0,9.0,32376.0,29561.0,9.0,32379.0
8.384944707009709,0.0,0.0,0.0,0.0,0.0,0.0,0.0,0.0,0.0,0.0,0.0,0.0,0.0,30955.0,9.0,32376.0,29562.0,9.0,32386.0
8.403303373983363,0.0,0.0,0.0,0.0,0.0,0.0,0.0,0.0,0.0,0.0,0.0,0.0,0.0,30956.0,9.0,32396.0,29563.0,9.0,32409.0
8.422840730985627,0.0,0.0,0.0,0.0,0.0,0.0,0.0,0.0,0.0,0.0,0.0,0.0,0.0,30957.0,9.0,32416.0,29564.0,9.0,32429.0
8.443471517995931,0.0,0.0,0.0,0.0,0.0,0.0,0.0,0.0,0.0,0.0,0.0,0.0,0.0,30958.0,9.0,32436.0,29565.0,9.0,32449.0
8.473072499007685,0.0,0.0,0.0,0.0,0.0,0.0,0.0,0.0,0.0,0.0,0.0,0.0,0.0,30960.0,9.0,32476.0,29566.0,9.0,32479.0
8.48043510899879,0.0,0.0,0.0,0.0,0.0,0.0,0.0,0.0,0.0,0.0,0.0,0.0,0.0,30960.0,9.0,32476.0,29567.0,9.0,32486.0
8.579682531999424,0.0,0.0,0.0,0.0,0.0,0.0,0.0,0.0,0.0,0.0,0.0,0.0,0.0,30961.0,9.0,32496.0,29568.0,9.0,32509.0
8.579954540997278,0.0,0.0,0.0,0.0,0.0,0.0,0.0,0.0,0.0,0.0,0.0,0.0,0.0,30962.0,9.0,32516.0,29569.0,9.0,32529.0
8.580017665983178,0.0,0.0,0.0,0.0,0.0,0.0,0.0,0.0,0.0,0.0,0.0,0.0,0.0,30963.0,9.0,32536.0,29570.0,9.0,32549.0
8.58007607999025,0.0,0.0,0.0,0.0,0.0,0.0,0.0,0.0,0.0,0.0,0.0,0.0,0.0,30965.0,9.0,32576.0,29571.0,9.0,32579.0
8.603200479992665,0.0,0.0,0.0,0.0,0.0,0.0,0.0,0.0,0.0,0.0,0.0,0.0,0.0,30965.0,9.0,32576.0,29572.0,9.0,32586.0
8.61322965900763,0.0,0.0,0.0,0.0,0.0,0.0,0.0,0.0,0.0,0.0,0.0,0.0,0.0,30967.0,9.0,32616.0,29573.0,9.0,32619.0
8.620948224997846,0.0,0.0,0.0,0.0,0.0,0.0,0.0,0.0,0.0,0.0,0.0,0.0,0.0,30967.0,9.0,32616.0,29574.0,9.0,32626.0
8.653856390999863,0.0,0.0,0.0,0.0,0.0,0.0,0.0,0.0,0.0,0.0,0.0,0.0,0.0,30969.0,9.0,32656.0,29575.0,9.0,32659.0
8.66576589498436,0.0,0.0,0.0,0.0,0.0,0.0,0.0,0.0,0.0,0.0,0.0,0.0,0.0,30969.0,9.0,32656.0,29576.0,9.0,32671.0
8.682815923995804,0.0,0.0,0.0,0.0,0.0,0.0,0.0,0.0,0.0,0.0,0.0,0.0,0.0,30970.0,9.0,32676.0,29577.0,9.0,32689.0
8.702672726998571,0.0,0.0,0.0,0.0,0.0,0.0,0.0,0.0,0.0,0.0,0.0,0.0,0.0,30971.0,9.0,32696.0,29578.0,9.0,32709.0
8.741792941989843,0.0,0.0,0.0,0.0,0.0,0.0,0.0,0.0,0.0,0.0,0.0,0.0,0.0,30972.0,9.0,32716.0,29579.0,9.0,32729.0
8.822585941990837,0.0,0.0,0.0,0.0,0.0,0.0,0.0,0.0,0.0,0.0,0.0,0.0,0.0,30973.0,9.0,32736.0,29580.0,9.0,32749.0
8.82295900999452,0.0,0.0,0.0,0.0,0.0,0.0,0.0,0.0,0.0,0.0,0.0,0.0,0.0,30975.0,9.0,32776.0,29581.0,9.0,32779.0
8.838270904001547,0.0,0.0,0.0,0.0,0.0,0.0,0.0,0.0,0.0,0.0,0.0,0.0,0.0,30978.0,9.0,32836.0,29582.0,9.0,32840.0
8.840246072009904,0.0,0.0,0.0,0.0,0.0,0.0,0.0,0.0,0.0,0.0,0.0,0.0,0.0,30978.0,9.0,32836.0,29583.0,9.0,32846.0
8.876805187988793,0.0,0.0,0.0,0.0,0.0,0.0,0.0,0.0,0.0,0.0,0.0,0.0,0.0,30980.0,9.0,32876.0,29584.0,9.0,32879.0
8.882378667010926,0.0,0.0,0.0,0.0,0.0,0.0,0.0,0.0,0.0,0.0,0.0,0.0,0.0,30980.0,9.0,32876.0,29585.0,9.0,32886.0
8.912454525998328,0.0,0.0,0.0,0.0,0.0,0.0,0.0,0.0,0.0,0.0,0.0,0.0,0.0,30981.0,9.0,32896.0,29586.0,9.0,32908.0
8.92326706199674,0.0,0.0,0.0,0.0,0.0,0.0,0.0,0.0,0.0,0.0,0.0,0.0,0.0,30982.0,9.0,32916.0,29587.0,9.0,32929.0
9.043479184008902,0.0,0.0,0.0,0.0,0.0,0.0,0.0,0.0,0.0,0.0,0.0,0.0,0.0,30983.0,9.0,32936.0,29588.0,9.0,32949.0
9.043601996003417,0.0,0.0,0.0,0.0,0.0,0.0,0.0,0.0,0.0,0.0,0.0,0.0,0.0,30984.0,9.0,32956.0,29589.0,9.0,32969.0
9.043669420992956,0.0,0.0,0.0,0.0,0.0,0.0,0.0,0.0,0.0,0.0,0.0,0.0,0.0,30985.0,9.0,32976.0,29590.0,9.0,32989.0
9.043729889992392,0.0,0.0,0.0,0.0,0.0,0.0,0.0,0.0,0.0,0.0,0.0,0.0,0.0,30987.0,9.0,33016.0,29591.0,9.0,33019.0
9.04378802300198,0.0,0.0,0.0,0.0,0.0,0.0,0.0,0.0,0.0,0.0,0.0,0.0,0.0,30987.0,9.0,33016.0,29592.0,9.0,33026.0
9.043843329010997,0.0,0.0,0.0,0.0,0.0,0.0,0.0,0.0,0.0,0.0,0.0,0.0,0.0,30988.0,9.0,33036.0,29593.0,9.0,33048.0
9.062910679989727,0.0,0.0,0.0,0.0,0.0,0.0,0.0,0.0,0.0,0.0,0.0,0.0,0.0,30989.0,9.0,33056.0,29594.0,9.0,33069.0
9.084155557007762,0.0,0.0,0.0,0.0,0.0,0.0,0.0,0.0,0.0,0.0,0.0,0.0,0.0,30990.0,9.0,33076.0,29595.0,9.0,33089.0
9.114466063008877,0.0,0.0,0.0,0.0,0.0,0.0,0.0,0.0,0.0,0.0,0.0,0.0,0.0,30992.0,9.0,33116.0,29596.0,9.0,33119.0
9.12121353999828,0.0,0.0,0.0,0.0,0.0,0.0,0.0,0.0,0.0,0.0,0.0,0.0,0.0,30992.0,9.0,33116.0,29597.0,9.0,33126.0
9.143502885999624,0.0,0.0,0.0,0.0,0.0,0.0,0.0,0.0,0.0,0.0,0.0,0.0,0.0,30993.0,9.0,33136.0,29598.0,9.0,33149.0
9.263870505004888,0.0,0.0,0.0,0.0,0.0,0.0,0.0,0.0,0.0,0.0,0.0,0.0,0.0,30994.0,9.0,33156.0,29599.0,9.0,33169.0
9.26397979198373,0.0,0.0,0.0,0.0,0.0,0.0,0.0,0.0,0.0,0.0,0.0,0.0,0.0,30995.0,9.0,33176.0,29600.0,9.0,33189.0
9.264045432006242,0.0,0.0,0.0,0.0,0.0,0.0,0.0,0.0,0.0,0.0,0.0,0.0,0.0,30997.0,9.0,33216.0,29601.0,9.0,33219.0
9.264103624009294,0.0,0.0,0.0,0.0,0.0,0.0,0.0,0.0,0.0,0.0,0.0,0.0,0.0,30997.0,9.0,33216.0,29602.0,9.0,33226.0
9.264159549988108,0.0,0.0,0.0,0.0,0.0,0.0,0.0,0.0,0.0,0.0,0.0,0.0,0.0,30998.0,9.0,33236.0,29603.0,9.0,33248.0
9.264254020992666,0.0,0.0,0.0,0.0,0.0,0.0,0.0,0.0,0.0,0.0,0.0,0.0,0.0,30999.0,9.0,33256.0,29604.0,9.0,33269.0
9.283171179995406,0.0,0.0,0.0,0.0,0.0,0.0,0.0,0.0,0.0,0.0,0.0,0.0,0.0,31000.0,9.0,33276.0,29605.0,9.0,33289.0
9.3147316579998,0.0,0.0,0.0,0.0,0.0,0.0,0.0,0.0,0.0,0.0,0.0,0.0,0.0,31002.0,9.0,33316.0,29606.0,9.0,33319.0
9.321450796007412,0.0,0.0,0.0,0.0,0.0,0.0,0.0,0.0,0.0,0.0,0.0,0.0,0.0,31002.0,9.0,33316.0,29607.0,9.0,33326.0
9.343379370984621,0.0,0.0,0.0,0.0,0.0,0.0,0.0,0.0,0.0,0.0,0.0,0.0,0.0,31003.0,9.0,33336.0,29608.0,9.0,33349.0
9.369934740010649,0.0,0.0,0.0,0.0,0.0,0.0,0.0,0.0,0.0,0.0,0.0,0.0,0.0,31004.0,9.0,33356.0,29609.0,9.0,33369.0
9.413488108984893,0.0,0.0,0.0,0.0,0.0,0.0,0.0,0.0,0.0,0.0,0.0,0.0,0.0,31005.0,9.0,33376.0,29610.0,9.0,33389.0
9.483152853994397,0.0,0.0,0.0,0.0,0.0,0.0,0.0,0.0,0.0,0.0,0.0,0.0,0.0,31007.0,9.0,33416.0,29611.0,9.0,33420.0
9.483258091000607,0.0,0.0,0.0,0.0,0.0,0.0,0.0,0.0,0.0,0.0,0.0,0.0,0.0,31007.0,9.0,33416.0,29612.0,9.0,33428.0
9.483328501984943,0.0,0.0,0.0,0.0,0.0,0.0,0.0,0.0,0.0,0.0,0.0,0.0,0.0,31008.0,9.0,33436.0,29613.0,9.0,33449.0
9.483387045009295,0.0,0.0,0.0,0.0,0.0,0.0,0.0,0.0,0.0,0.0,0.0,0.0,0.0,31009.0,9.0,33456.0,29614.0,9.0,33469.0
9.485138046002248,0.0,0.0,0.0,0.0,0.0,0.0,0.0,0.0,0.0,0.0,0.0,0.0,0.0,31010.0,9.0,33476.0,29615.0,9.0,33489.0
9.515512220008532,0.0,0.0,0.0,0.0,0.0,0.0,0.0,0.0,0.0,0.0,0.0,0.0,0.0,31012.0,9.0,33516.0,29616.0,9.0,33519.0
9.519896924000932,0.0,0.0,0.0,0.0,0.0,0.0,0.0,0.0,0.0,0.0,0.0,0.0,0.0,31012.0,9.0,33516.0,29617.0,9.0,33526.0
9.553320033999626,0.0,0.0,0.0,0.0,0.0,0.0,0.0,0.0,0.0,0.0,0.0,0.0,0.0,31014.0,9.0,33556.0,29618.0,9.0,33559.0
9.561687603010796,0.0,0.0,0.0,0.0,0.0,0.0,0.0,0.0,0.0,0.0,0.0,0.0,0.0,31014.0,9.0,33556.0,29619.0,9.0,33566.0
9.701999810000416,0.0,0.0,0.0,0.0,0.0,0.0,0.0,0.0,0.0,0.0,0.0,0.0,0.0,31016.0,9.0,33596.0,29620.0,9.0,33599.0
9.70209911299753,0.0,0.0,0.0,0.0,0.0,0.0,0.0,0.0,0.0,0.0,0.0,0.0,0.0,31016.0,9.0,33596.0,29621.0,9.0,33611.0
9.702163007983472,0.0,0.0,0.0,0.0,0.0,0.0,0.0,0.0,0.0,0.0,0.0,0.0,0.0,31017.0,9.0,33616.0,29622.0,9.0,33629.0
9.702228848997038,0.0,0.0,0.0,0.0,0.0,0.0,0.0,0.0,0.0,0.0,0.0,0.0,0.0,31018.0,9.0,33636.0,29623.0,9.0,33649.0
9.70234555398929,0.0,0.0,0.0,0.0,0.0,0.0,0.0,0.0,0.0,0.0,0.0,0.0,0.0,31019.0,9.0,33656.0,29624.0,9.0,33669.0
9.702406222000718,0.0,0.0,0.0,0.0,0.0,0.0,0.0,0.0,0.0,0.0,0.0,0.0,0.0,31020.0,9.0,33676.0,29625.0,9.0,33689.0
9.714075513009448,0.0,0.0,0.0,0.0,0.0,0.0,0.0,0.0,0.0,0.0,0.0,0.0,0.0,31022.0,9.0,33716.0,29626.0,9.0,33719.0
9.723020170000382,0.0,0.0,0.0,0.0,0.0,0.0,0.0,0.0,0.0,0.0,0.0,0.0,0.0,31022.0,9.0,33716.0,29627.0,9.0,33726.0
9.758240122988354,0.0,0.0,0.0,0.0,0.0,0.0,0.0,0.0,0.0,0.0,0.0,0.0,0.0,31024.0,9.0,33756.0,29628.0,9.0,33758.0
9.759822813008213,0.0,0.0,0.0,0.0,0.0,0.0,0.0,0.0,0.0,0.0,0.0,0.0,0.0,31024.0,9.0,33756.0,29629.0,9.0,33766.0
9.794404719985323,0.0,0.0,0.0,0.0,0.0,0.0,0.0,0.0,0.0,0.0,0.0,0.0,0.0,31026.0,9.0,33796.0,29630.0,9.0,33799.0
9.805045423010597,0.0,0.0,0.0,0.0,0.0,0.0,0.0,0.0,0.0,0.0,0.0,0.0,0.0,31026.0,9.0,33796.0,29631.0,9.0,33811.0
9.92576397000812,0.0,0.0,0.0,0.0,0.0,0.0,0.0,0.0,0.0,0.0,0.0,0.0,0.0,31027.0,9.0,33816.0,29632.0,9.0,33829.0
9.925985420006327,0.0,0.0,0.0,0.0,0.0,0.0,0.0,0.0,0.0,0.0,0.0,0.0,0.0,31028.0,9.0,33836.0,29633.0,9.0,33849.0
9.926058257988188,0.0,0.0,0.0,0.0,0.0,0.0,0.0,0.0,0.0,0.0,0.0,0.0,0.0,31029.0,9.0,33856.0,29634.0,9.0,33869.0
9.926117994007654,0.0,0.0,0.0,0.0,0.0,0.0,0.0,0.0,0.0,0.0,0.0,0.0,0.0,31030.0,9.0,33876.0,29635.0,9.0,33889.0
9.940154949988937,0.0,0.0,0.0,0.0,0.0,0.0,0.0,0.0,0.0,0.0,0.0,0.0,0.0,31032.0,9.0,33916.0,29636.0,9.0,33921.0
9.94033336598659,0.0,0.0,0.0,0.0,0.0,0.0,0.0,0.0,0.0,0.0,0.0,0.0,0.0,31032.0,9.0,33916.0,29637.0,9.0,33928.0
9.943427482008701,0.0,0.0,0.0,0.0,0.0,0.0,0.0,0.0,0.0,0.0,0.0,0.0,0.0,31033.0,9.0,33936.0,29638.0,9.0,33949.0
9.964787731005345,0.0,0.0,0.0,0.0,0.0,0.0,0.0,0.0,0.0,0.0,0.0,0.0,0.0,31034.0,9.0,33956.0,29639.0,9.0,33969.0
9.985870703007095,0.0,0.0,0.0,0.0,0.0,0.0,0.0,0.0,0.0,0.0,0.0,0.0,0.0,31035.0,9.0,33976.0,29640.0,9.0,33989.0
10.015004430984845,0.0,0.0,0.0,0.0,0.0,0.0,0.0,0.0,0.0,0.0,0.0,0.0,0.0,31037.0,9.0,34016.0,29641.0,9.0,34019.0
10.02230276199407,0.0,0.0,0.0,0.0,0.0,0.0,0.0,0.0,0.0,0.0,0.0,0.0,0.0,31037.0,9.0,34016.0,29642.0,9.0,34026.0
10.148847609991208,0.0,0.0,0.0,0.0,0.0,0.0,0.0,0.0,0.0,0.0,0.0,0.0,0.0,31038.0,9.0,34036.0,29643.0,9.0,34049.0
10.148966951004695,0.0,0.0,0.0,0.0,0.0,0.0,0.0,0.0,0.0,0.0,0.0,0.0,0.0,31039.0,9.0,34056.0,29644.0,9.0,34069.0
10.149031698994804,0.0,0.0,0.0,0.0,0.0,0.0,0.0,0.0,0.0,0.0,0.0,0.0,0.0,31040.0,9.0,34076.0,29645.0,9.0,34089.0
10.149098541995045,0.0,0.0,0.0,0.0,0.0,0.0,0.0,0.0,0.0,0.0,0.0,0.0,0.0,31042.0,9.0,34116.0,29646.0,9.0,34119.0
10.149158899992472,0.0,0.0,0.0,0.0,0.0,0.0,0.0,0.0,0.0,0.0,0.0,0.0,0.0,31042.0,9.0,34116.0,29647.0,9.0,34126.0
10.149223316984717,0.0,0.0,0.0,0.0,0.0,0.0,0.0,0.0,0.0,0.0,0.0,0.0,0.0,31043.0,9.0,34136.0,29648.0,9.0,34149.0
10.164727541996399,0.0,0.0,0.0,0.0,0.0,0.0,0.0,0.0,0.0,0.0,0.0,0.0,0.0,31044.0,9.0,34156.0,29649.0,9.0,34168.0
10.185007997002685,0.0,0.0,0.0,0.0,0.0,0.0,0.0,0.0,0.0,0.0,0.0,0.0,0.0,31045.0,9.0,34176.0,29650.0,9.0,34189.0
10.21370612300234,0.0,0.0,0.0,0.0,0.0,0.0,0.0,0.0,0.0,0.0,0.0,0.0,0.0,31047.0,9.0,34216.0,29651.0,9.0,34219.0
10.222019318985986,0.0,0.0,0.0,0.0,0.0,0.0,0.0,0.0,0.0,0.0,0.0,0.0,0.0,31047.0,9.0,34216.0,29652.0,9.0,34226.0
10.244852911011549,0.0,0.0,0.0,0.0,0.0,0.0,0.0,0.0,0.0,0.0,0.0,0.0,0.0,31048.0,9.0,34236.0,29653.0,9.0,34249.0
10.360471216990845,0.0,0.0,0.0,0.0,0.0,0.0,0.0,0.0,0.0,0.0,0.0,0.0,0.0,31049.0,9.0,34256.0,29654.0,9.0,34269.0
10.360577624989673,0.0,0.0,0.0,0.0,0.0,0.0,0.0,0.0,0.0,0.0,0.0,0.0,0.0,31050.0,9.0,34276.0,29655.0,9.0,34289.0
10.36064370398526,0.0,0.0,0.0,0.0,0.0,0.0,0.0,0.0,0.0,0.0,0.0,0.0,0.0,31052.0,9.0,34316.0,29656.0,9.0,34320.0
10.360702576988842,0.0,0.0,0.0,0.0,0.0,0.0,0.0,0.0,0.0,0.0,0.0,0.0,0.0,31052.0,9.0,34316.0,29657.0,9.0,34326.0
10.36078787301085,0.0,0.0,0.0,0.0,0.0,0.0,0.0,0.0,0.0,0.0,0.0,0.0,0.0,31053.0,9.0,34336.0,29658.0,9.0,34349.0
10.366502046003006,0.0,0.0,0.0,0.0,0.0,0.0,0.0,0.0,0.0,0.0,0.0,0.0,0.0,31054.0,9.0,34356.0,29659.0,9.0,34369.0
10.38626764799119,0.0,0.0,0.0,0.0,0.0,0.0,0.0,0.0,0.0,0.0,0.0,0.0,0.0,31055.0,9.0,34376.0,29660.0,9.0,34389.0
10.41767021000851,0.0,0.0,0.0,0.0,0.0,0.0,0.0,0.0,0.0,0.0,0.0,0.0,0.0,31057.0,9.0,34416.0,29661.0,9.0,34421.0
10.422186195006361,0.0,0.0,0.0,0.0,0.0,0.0,0.0,0.0,0.0,0.0,0.0,0.0,0.0,31057.0,9.0,34416.0,29662.0,9.0,34427.0
10.444069800985744,0.0,0.0,0.0,0.0,0.0,0.0,0.0,0.0,0.0,0.0,0.0,0.0,0.0,31058.0,9.0,34436.0,29663.0,9.0,34449.0
10.584916115010856,0.0,0.0,0.0,0.0,0.0,0.0,0.0,0.0,0.0,0.0,0.0,0.0,0.0,31059.0,9.0,34456.0,29664.0,9.0,34469.0
10.587522340007126,0.0,0.0,0.0,0.0,0.0,0.0,0.0,0.0,0.0,0.0,0.0,0.0,0.0,31060.0,9.0,34476.0,29665.0,9.0,34489.0
10.598598943994148,0.0,0.0,0.0,0.0,0.0,0.0,0.0,0.0,0.0,0.0,0.0,0.0,0.0,31062.0,9.0,34516.0,29666.0,9.0,34519.0
10.598881718004122,0.0,0.0,0.0,0.0,0.0,0.0,0.0,0.0,0.0,0.0,0.0,0.0,0.0,31062.0,9.0,34516.0,29667.0,9.0,34526.0
10.599108225986129,0.0,0.0,0.0,0.0,0.0,0.0,0.0,0.0,0.0,0.0,0.0,0.0,0.0,31063.0,9.0,34536.0,29668.0,9.0,34550.0
10.599327917007031,0.0,0.0,0.0,0.0,0.0,0.0,0.0,0.0,0.0,0.0,0.0,0.0,0.0,31064.0,9.0,34556.0,29669.0,9.0,34569.0
10.59943759199814,0.0,0.0,0.0,0.0,0.0,0.0,0.0,0.0,0.0,0.0,0.0,0.0,0.0,31065.0,9.0,34576.0,29670.0,9.0,34589.0
10.614830929000163,0.0,0.0,0.0,0.0,0.0,0.0,0.0,0.0,0.0,0.0,0.0,0.0,0.0,31067.0,9.0,34616.0,29671.0,9.0,34619.0
10.621605916996486,0.0,0.0,0.0,0.0,0.0,0.0,0.0,0.0,0.0,0.0,0.0,0.0,0.0,31067.0,9.0,34616.0,29672.0,9.0,34626.0
10.644989280990558,0.0,0.0,0.0,0.0,0.0,0.0,0.0,0.0,0.0,0.0,0.0,0.0,0.0,31068.0,9.0,34636.0,29673.0,9.0,34649.0
10.664461654989282,0.0,0.0,0.0,0.0,0.0,0.0,0.0,0.0,0.0,0.0,0.0,0.0,0.0,31069.0,9.0,34656.0,29674.0,9.0,34669.0
10.684333935001632,0.0,0.0,0.0,0.0,0.0,0.0,0.0,0.0,0.0,0.0,0.0,0.0,0.0,31070.0,9.0,34676.0,29675.0,9.0,34689.0
10.804680772009306,0.0,0.0,0.0,0.0,0.0,0.0,0.0,0.0,0.0,0.0,0.0,0.0,0.0,31072.0,9.0,34716.0,29676.0,9.0,34719.0
10.805007924005622,0.0,0.0,0.0,0.0,0.0,0.0,0.0,0.0,0.0,0.0,0.0,0.0,0.0,31072.0,9.0,34716.0,29677.0,9.0,34726.0
10.805082745006075,0.0,0.0,0.0,0.0,0.0,0.0,0.0,0.0,0.0,0.0,0.0,0.0,0.0,31073.0,9.0,34736.0,29678.0,9.0,34749.0
10.805151762004243,0.0,0.0,0.0,0.0,0.0,0.0,0.0,0.0,0.0,0.0,0.0,0.0,0.0,31074.0,9.0,34756.0,29679.0,9.0,34769.0
10.805218333000084,0.0,0.0,0.0,0.0,0.0,0.0,0.0,0.0,0.0,0.0,0.0,0.0,0.0,31075.0,9.0,34776.0,29680.0,9.0,34789.0
10.816922253987286,0.0,0.0,0.0,0.0,0.0,0.0,0.0,0.0,0.0,0.0,0.0,0.0,0.0,31077.0,9.0,34816.0,29681.0,9.0,34820.0
10.82355565999751,0.0,0.0,0.0,0.0,0.0,0.0,0.0,0.0,0.0,0.0,0.0,0.0,0.0,31077.0,9.0,34816.0,29682.0,9.0,34827.0
10.847362487984356,0.0,0.0,0.0,0.0,0.0,0.0,0.0,0.0,0.0,0.0,0.0,0.0,0.0,31078.0,9.0,34836.0,29683.0,9.0,34849.0
10.864645374997053,0.0,0.0,0.0,0.0,0.0,0.0,0.0,0.0,0.0,0.0,0.0,0.0,0.0,31079.0,9.0,34856.0,29684.0,9.0,34869.0
10.885543948999839,0.0,0.0,0.0,0.0,0.0,0.0,0.0,0.0,0.0,0.0,0.0,0.0,0.0,31080.0,9.0,34876.0,29685.0,9.0,34889.0
11.060739162989194,0.0,0.0,0.0,0.0,0.0,0.0,0.0,0.0,0.0,0.0,0.0,0.0,0.0,31082.0,9.0,34916.0,29686.0,9.0,34920.0
11.060887431987794,0.0,0.0,0.0,0.0,0.0,0.0,0.0,0.0,0.0,0.0,0.0,0.0,0.0,31082.0,9.0,34916.0,29687.0,9.0,34928.0
11.060956608998822,0.0,0.0,0.0,0.0,0.0,0.0,0.0,0.0,0.0,0.0,0.0,0.0,0.0,31083.0,9.0,34936.0,29688.0,9.0,34949.0
11.061017044994514,0.0,0.0,0.0,0.0,0.0,0.0,0.0,0.0,0.0,0.0,0.0,0.0,0.0,31084.0,9.0,34956.0,29689.0,9.0,34969.0
11.061074052995536,0.0,0.0,0.0,0.0,0.0,0.0,0.0,0.0,0.0,0.0,0.0,0.0,0.0,31085.0,9.0,34976.0,29690.0,9.0,34989.0
11.061129186011385,0.0,0.0,0.0,0.0,0.0,0.0,0.0,0.0,0.0,0.0,0.0,0.0,0.0,31087.0,9.0,35016.0,29691.0,9.0,35019.0
11.061188730003778,0.0,0.0,0.0,0.0,0.0,0.0,0.0,0.0,0.0,0.0,0.0,0.0,0.0,31087.0,9.0,35016.0,29692.0,9.0,35026.0
11.061245747987414,0.0,0.0,0.0,0.0,0.0,0.0,0.0,0.0,0.0,0.0,0.0,0.0,0.0,31088.0,9.0,35036.0,29693.0,9.0,35049.0
11.064060376986163,0.0,0.0,0.0,0.0,0.0,0.0,0.0,0.0,0.0,0.0,0.0,0.0,0.0,31089.0,9.0,35056.0,29694.0,9.0,35069.0
11.085833605990047,0.0,0.0,0.0,0.0,0.0,0.0,0.0,0.0,0.0,0.0,0.0,0.0,0.0,31090.0,9.0,35076.0,29695.0,9.0,35089.0
11.114482928009238,0.0,0.0,0.0,0.0,0.0,0.0,0.0,0.0,0.0,0.0,0.0,0.0,0.0,31092.0,9.0,35116.0,29696.0,9.0,35119.0
11.121951012988575,0.0,0.0,0.0,0.0,0.0,0.0,0.0,0.0,0.0,0.0,0.0,0.0,0.0,31092.0,9.0,35116.0,29697.0,9.0,35126.0
11.158204328996362,0.0,0.0,0.0,0.0,0.0,0.0,0.0,0.0,0.0,0.0,0.0,0.0,0.0,31094.0,9.0,35156.0,29698.0,9.0,35159.0
11.243457164993742,0.0,0.0,0.0,0.0,0.0,0.0,0.0,0.0,0.0,0.0,0.0,0.0,0.0,31094.0,9.0,35156.0,29699.0,9.0,35167.0
11.243592873011949,0.0,0.0,0.0,0.0,0.0,0.0,0.0,0.0,0.0,0.0,0.0,0.0,0.0,31095.0,9.0,35176.0,29700.0,9.0,35189.0
11.243791633984074,0.0,0.0,0.0,0.0,0.0,0.0,0.0,0.0,0.0,0.0,0.0,0.0,0.0,31097.0,9.0,35216.0,29701.0,9.0,35219.0
11.244045647996245,0.0,0.0,0.0,0.0,0.0,0.0,0.0,0.0,0.0,0.0,0.0,0.0,0.0,31097.0,9.0,35216.0,29702.0,9.0,35226.0
11.245648656011326,0.0,0.0,0.0,0.0,0.0,0.0,0.0,0.0,0.0,0.0,0.0,0.0,0.0,31098.0,9.0,35236.0,29703.0,9.0,35249.0
11.275934559002053,0.0,0.0,0.0,0.0,0.0,0.0,0.0,0.0,0.0,0.0,0.0,0.0,0.0,31099.0,9.0,35256.0,29704.0,9.0,35269.0
11.284163114003604,0.0,0.0,0.0,0.0,0.0,0.0,0.0,0.0,0.0,0.0,0.0,0.0,0.0,31100.0,9.0,35276.0,29705.0,9.0,35289.0
11.315125941007864,0.0,0.0,0.0,0.0,0.0,0.0,0.0,0.0,0.0,0.0,0.0,0.0,0.0,31102.0,9.0,35316.0,29706.0,9.0,35319.0
11.330187871993985,0.0,0.0,0.0,0.0,0.0,0.0,0.0,0.0,0.0,0.0,0.0,0.0,0.0,31102.0,9.0,35316.0,29707.0,9.0,35327.0
11.344283434998943,0.0,0.0,0.0,0.0,0.0,0.0,0.0,0.0,0.0,0.0,0.0,0.0,0.0,31103.0,9.0,35336.0,29708.0,9.0,35349.0
11.364737566007534,0.0,0.0,0.0,0.0,0.0,0.0,0.0,0.0,0.0,0.0,0.0,0.0,0.0,31104.0,9.0,35356.0,29709.0,9.0,35369.0
11.46744301301078,0.0,0.0,0.0,0.0,0.0,0.0,0.0,0.0,0.0,0.0,0.0,0.0,0.0,31105.0,9.0,35376.0,29710.0,9.0,35389.0
11.467538652999792,0.0,0.0,0.0,0.0,0.0,0.0,0.0,0.0,0.0,0.0,0.0,0.0,0.0,31107.0,9.0,35416.0,29711.0,9.0,35420.0
11.467604681005469,0.0,0.0,0.0,0.0,0.0,0.0,0.0,0.0,0.0,0.0,0.0,0.0,0.0,31107.0,9.0,35416.0,29712.0,9.0,35428.0
11.46766201898572,0.0,0.0,0.0,0.0,0.0,0.0,0.0,0.0,0.0,0.0,0.0,0.0,0.0,31108.0,9.0,35436.0,29713.0,9.0,35449.0
11.467716409009881,0.0,0.0,0.0,0.0,0.0,0.0,0.0,0.0,0.0,0.0,0.0,0.0,0.0,31109.0,9.0,35456.0,29714.0,9.0,35468.0
11.484817924996605,0.0,0.0,0.0,0.0,0.0,0.0,0.0,0.0,0.0,0.0,0.0,0.0,0.0,31110.0,9.0,35476.0,29715.0,9.0,35489.0
11.517895305994898,0.0,0.0,0.0,0.0,0.0,0.0,0.0,0.0,0.0,0.0,0.0,0.0,0.0,31112.0,9.0,35516.0,29716.0,9.0,35519.0
11.979614214011235,0.0,0.0,0.0,0.0,0.0,0.0,0.0,0.0,0.0,0.0,0.0,0.0,0.0,31125.0,9.0,35776.0,29730.0,9.0,35789.0
11.97977428798913,0.0,0.0,0.0,0.0,0.0,0.0,0.0,0.0,0.0,0.0,0.0,0.0,0.0,31127.0,9.0,35816.0,29731.0,9.0,35819.0
11.979853127006209,0.0,0.0,0.0,0.0,0.0,0.0,0.0,0.0,0.0,0.0,0.0,0.0,0.0,31127.0,9.0,35816.0,29732.0,9.0,35826.0
11.979914224008098,0.0,0.0,0.0,0.0,0.0,0.0,0.0,0.0,0.0,0.0,0.0,0.0,0.0,31129.0,9.0,35856.0,29733.0,9.0,35859.0
11.979971550987102,0.0,0.0,0.0,0.0,0.0,0.0,0.0,0.0,0.0,0.0,0.0,0.0,0.0,31129.0,9.0,35856.0,29734.0,9.0,35866.0
11.980025750992354,0.0,0.0,0.0,0.0,0.0,0.0,0.0,0.0,0.0,0.0,0.0,0.0,0.0,31130.0,9.0,35876.0,29735.0,9.0,35889.0
11.980079380009556,0.0,0.0,0.0,0.0,0.0,0.0,0.0,0.0,0.0,0.0,0.0,0.0,0.0,31132.0,9.0,35916.0,29736.0,9.0,35920.0
11.980133589997422,0.0,0.0,0.0,0.0,0.0,0.0,0.0,0.0,0.0,0.0,0.0,0.0,0.0,31132.0,9.0,35916.0,29737.0,9.0,35928.0
11.980195809010183,0.0,0.0,0.0,0.0,0.0,0.0,0.0,0.0,0.0,0.0,0.0,0.0,0.0,31133.0,9.0,35936.0,29738.0,9.0,35949.0
11.980255401984323,0.0,0.0,0.0,0.0,0.0,0.0,0.0,0.0,0.0,0.0,0.0,0.0,0.0,31134.0,9.0,35956.0,29739.0,9.0,35969.0
11.98362203099532,0.0,0.0,0.0,0.0,0.0,0.0,0.0,0.0,0.0,0.0,0.0,0.0,0.0,31135.0,9.0,35976.0,29740.0,9.0,35988.0
12.013983855984407,0.0,0.0,0.0,0.0,0.0,0.0,0.0,0.0,0.0,0.0,0.0,0.0,0.0,31137.0,9.0,36016.0,29741.0,9.0,36019.0
12.020909112994559,0.0,0.0,0.0,0.0,0.0,0.0,0.0,0.0,0.0,0.0,0.0,0.0,0.0,31137.0,9.0,36016.0,29742.0,9.0,36026.0
12.054922960989643,0.0,0.0,0.0,0.0,0.0,0.0,0.0,0.0,0.0,0.0,0.0,0.0,0.0,31139.0,9.0,36056.0,29743.0,9.0,36059.0
12.062612081004772,0.0,0.0,0.0,0.0,0.0,0.0,0.0,0.0,0.0,0.0,0.0,0.0,0.0,31139.0,9.0,36056.0,29744.0,9.0,36066.0
12.49265058999299,0.0,0.0,0.0,0.0,0.0,0.0,0.0,0.0,0.0,0.0,0.0,0.0,0.0,31151.0,9.0,36296.0,29756.0,9.0,36309.0
12.492821096006082,0.0,0.0,0.0,0.0,0.0,0.0,0.0,0.0,0.0,0.0,0.0,0.0,0.0,31152.0,9.0,36316.0,29757.0,9.0,36329.0
12.492889198998455,0.0,0.0,0.0,0.0,0.0,0.0,0.0,0.0,0.0,0.0,0.0,0.0,0.0,31153.0,9.0,36336.0,29758.0,9.0,36349.0
12.49294875000487,0.0,0.0,0.0,0.0,0.0,0.0,0.0,0.0,0.0,0.0,0.0,0.0,0.0,31154.0,9.0,36356.0,29759.0,9.0,36369.0
12.493004632997327,0.0,0.0,0.0,0.0,0.0,0.0,0.0,0.0,0.0,0.0,0.0,0.0,0.0,31155.0,9.0,36376.0,29760.0,9.0,36389.0
12.493059614003869,0.0,0.0,0.0,0.0,0.0,0.0,0.0,0.0,0.0,0.0,0.0,0.0,0.0,31157.0,9.0,36416.0,29761.0,9.0,36420.0
12.493113823002204,0.0,0.0,0.0,0.0,0.0,0.0,0.0,0.0,0.0,0.0,0.0,0.0,0.0,31157.0,9.0,36416.0,29762.0,9.0,36428.0
12.493176091986243,0.0,0.0,0.0,0.0,0.0,0.0,0.0,0.0,0.0,0.0,0.0,0.0,0.0,31158.0,9.0,36436.0,29763.0,9.0,36449.0
12.493240796000464,0.0,0.0,0.0,0.0,0.0,0.0,0.0,0.0,0.0,0.0,0.0,0.0,0.0,31159.0,9.0,36456.0,29764.0,9.0,36469.0
12.493299355002819,0.0,0.0,0.0,0.0,0.0,0.0,0.0,0.0,0.0,0.0,0.0,0.0,0.0,31160.0,9.0,36476.0,29765.0,9.0,36489.0
12.515342233004048,0.0,0.0,0.0,0.0,0.0,0.0,0.0,0.0,0.0,0.0,0.0,0.0,0.0,31162.0,9.0,36516.0,29766.0,9.0,36519.0
12.522619177005254,0.0,0.0,0.0,0.0,0.0,0.0,0.0,0.0,0.0,0.0,0.0,0.0,0.0,31162.0,9.0,36516.0,29767.0,9.0,36526.0
12.545173211983638,0.0,0.0,0.0,0.0,0.0,0.0,0.0,0.0,0.0,0.0,0.0,0.0,0.0,31163.0,9.0,36536.0,29768.0,9.0,36549.0
12.564815716003068,0.0,0.0,0.0,0.0,0.0,0.0,0.0,0.0,0.0,0.0,0.0,0.0,0.0,31164.0,9.0,36556.0,29769.0,9.0,36569.0
12.586333824991016,0.0,0.0,0.0,0.0,0.0,0.0,0.0,0.0,0.0,0.0,0.0,0.0,0.0,31165.0,9.0,36576.0,29770.0,9.0,36589.0
13.00464231200749,0.0,0.0,0.0,0.0,0.0,0.0,0.0,0.0,0.0,0.0,0.0,0.0,0.0,31167.0,9.0,36616.0,29771.0,9.0,36619.0
13.004813629988348,0.0,0.0,0.0,0.0,0.0,0.0,0.0,0.0,0.0,0.0,0.0,0.0,0.0,31167.0,9.0,36616.0,29772.0,9.0,36626.0
13.004885570990155,0.0,0.0,0.0,0.0,0.0,0.0,0.0,0.0,0.0,0.0,0.0,0.0,0.0,31169.0,9.0,36656.0,29773.0,9.0,36659.0
13.004945874999976,0.0,0.0,0.0,0.0,0.0,0.0,0.0,0.0,0.0,0.0,0.0,0.0,0.0,31169.0,9.0,36656.0,29774.0,9.0,36666.0
13.005008765001548,0.0,0.0,0.0,0.0,0.0,0.0,0.0,0.0,0.0,0.0,0.0,0.0,0.0,31170.0,9.0,36676.0,29775.0,9.0,36689.0
13.005086199002108,0.0,0.0,0.0,0.0,0.0,0.0,0.0,0.0,0.0,0.0,0.0,0.0,0.0,31172.0,9.0,36716.0,29776.0,9.0,36719.0
13.005174449004699,0.0,0.0,0.0,0.0,0.0,0.0,0.0,0.0,0.0,0.0,0.0,0.0,0.0,31172.0,9.0,36716.0,29777.0,9.0,36726.0
13.005253437004285,0.0,0.0,0.0,0.0,0.0,0.0,0.0,0.0,0.0,0.0,0.0,0.0,0.0,31173.0,9.0,36736.0,29778.0,9.0,36749.0
13.005311324988725,0.0,0.0,0.0,0.0,0.0,0.0,0.0,0.0,0.0,0.0,0.0,0.0,0.0,31174.0,9.0,36756.0,29779.0,9.0,36769.0
13.005371398001444,0.0,0.0,0.0,0.0,0.0,0.0,0.0,0.0,0.0,0.0,0.0,0.0,0.0,31175.0,9.0,36776.0,29780.0,9.0,36789.0
13.009397682995768,0.0,0.0,0.0,0.0,0.0,0.0,0.0,0.0,0.0,0.0,0.0,0.0,0.0,31186.0,9.0,36996.0,29781.0,9.0,37011.0
13.036958117008908,0.0,0.0,0.0,0.0,0.0,0.0,0.0,0.0,0.0,0.0,0.0,0.0,0.0,31188.0,9.0,37036.0,29782.0,9.0,37039.0
13.0420480449975,0.0,0.0,0.0,0.0,0.0,0.0,0.0,0.0,0.0,0.0,0.0,0.0,0.0,31188.0,9.0,37036.0,29783.0,9.0,37046.0
13.06629444900318,0.0,0.0,0.0,0.0,0.0,0.0,0.0,0.0,0.0,0.0,0.0,0.0,0.0,31189.0,9.0,37056.0,29784.0,9.0,37069.0
13.086113964003744,0.0,0.0,0.0,0.0,0.0,0.0,0.0,0.0,0.0,0.0,0.0,0.0,0.0,31190.0,9.0,37076.0,29785.0,9.0,37089.0
13.506048754003132,0.0,0.0,0.0,0.0,0.0,0.0,0.0,0.0,0.0,0.0,0.0,0.0,0.0,31192.0,9.0,37116.0,29786.0,9.0,37119.0
13.506194357993081,0.0,0.0,0.0,0.0,0.0,0.0,0.0,0.0,0.0,0.0,0.0,0.0,0.0,31192.0,9.0,37116.0,29787.0,9.0,37126.0
13.506264753988944,0.0,0.0,0.0,0.0,0.0,0.0,0.0,0.0,0.0,0.0,0.0,0.0,0.0,31193.0,9.0,37136.0,29788.0,9.0,37149.0
13.506322049011942,0.0,0.0,0.0,0.0,0.0,0.0,0.0,0.0,0.0,0.0,0.0,0.0,0.0,31194.0,9.0,37156.0,29789.0,9.0,37169.0
13.50637816201197,0.0,0.0,0.0,0.0,0.0,0.0,0.0,0.0,0.0,0.0,0.0,0.0,0.0,31195.0,9.0,37176.0,29790.0,9.0,37189.0
13.506437261996325,0.0,0.0,0.0,0.0,0.0,0.0,0.0,0.0,0.0,0.0,0.0,0.0,0.0,31197.0,9.0,37216.0,29791.0,9.0,37219.0
13.506491970998468,0.0,0.0,0.0,0.0,0.0,0.0,0.0,0.0,0.0,0.0,0.0,0.0,0.0,31197.0,9.0,37216.0,29792.0,9.0,37226.0
13.506545387004735,0.0,0.0,0.0,0.0,0.0,0.0,0.0,0.0,0.0,0.0,0.0,0.0,0.0,31198.0,9.0,37236.0,29793.0,9.0,37249.0
13.506598392006708,0.0,0.0,0.0,0.0,0.0,0.0,0.0,0.0,0.0,0.0,0.0,0.0,0.0,31199.0,9.0,37256.0,29794.0,9.0,37269.0
13.506651367002632,0.0,0.0,0.0,0.0,0.0,0.0,0.0,0.0,0.0,0.0,0.0,0.0,0.0,31200.0,9.0,37276.0,29795.0,9.0,37289.0
13.506778387993108,0.0,0.0,0.0,0.0,0.0,0.0,0.0,0.0,0.0,0.0,0.0,0.0,0.0,31202.0,9.0,37316.0,29796.0,9.0,37320.0
13.50686120300088,0.0,0.0,0.0,0.0,0.0,0.0,0.0,0.0,0.0,0.0,0.0,0.0,0.0,31202.0,9.0,37316.0,29797.0,9.0,37327.0
13.506941844010726,0.0,0.0,0.0,0.0,0.0,0.0,0.0,0.0,0.0,0.0,0.0,0.0,0.0,31203.0,9.0,37336.0,29798.0,9.0,37349.0
13.507018103991868,0.0,0.0,0.0,0.0,0.0,0.0,0.0,0.0,0.0,0.0,0.0,0.0,0.0,31204.0,9.0,37356.0,29799.0,9.0,37369.0
13.507111062994227,0.0,0.0,0.0,0.0,0.0,0.0,0.0,0.0,0.0,0.0,0.0,0.0,0.0,31205.0,9.0,37376.0,29800.0,9.0,37389.0
13.507302765996428,0.0,0.0,0.0,0.0,0.0,0.0,0.0,0.0,0.0,0.0,0.0,0.0,0.0,31207.0,9.0,37416.0,29801.0,9.0,37420.0
13.507381603005342,0.0,0.0,0.0,0.0,0.0,0.0,0.0,0.0,0.0,0.0,0.0,0.0,0.0,31207.0,9.0,37416.0,29802.0,9.0,37427.0
13.507458523992682,0.0,0.0,0.0,0.0,0.0,0.0,0.0,0.0,0.0,0.0,0.0,0.0,0.0,31208.0,9.0,37436.0,29803.0,9.0,37449.0
13.507693129009567,0.0,0.0,0.0,0.0,0.0,0.0,0.0,0.0,0.0,0.0,0.0,0.0,0.0,31209.0,9.0,37456.0,29804.0,9.0,37469.0
13.507771053002216,0.0,0.0,0.0,0.0,0.0,0.0,0.0,0.0,0.0,0.0,0.0,0.0,0.0,31210.0,9.0,37476.0,29805.0,9.0,37489.0
13.519112496986054,0.0,0.0,0.0,0.0,0.0,0.0,0.0,0.0,0.0,0.0,0.0,0.0,0.0,31212.0,9.0,37516.0,29806.0,9.0,37519.0
13.532977271999698,0.0,0.0,0.0,0.0,0.0,0.0,0.0,0.0,0.0,0.0,0.0,0.0,0.0,31212.0,9.0,37516.0,29807.0,9.0,37526.0
13.555890974996146,0.0,0.0,0.0,0.0,0.0,0.0,0.0,0.0,0.0,0.0,0.0,0.0,0.0,31213.0,9.0,37536.0,29808.0,9.0,37549.0
13.566289321985096,0.0,0.0,0.0,0.0,0.0,0.0,0.0,0.0,0.0,0.0,0.0,0.0,0.0,31214.0,9.0,37556.0,29809.0,9.0,37569.0
13.600427131983452,0.0,0.0,0.0,0.0,0.0,0.0,0.0,0.0,0.0,0.0,0.0,0.0,0.0,31215.0,9.0,37576.0,29810.0,9.0,37589.0
14.01511320201098,0.0,0.0,0.0,0.0,0.0,0.0,0.0,0.0,0.0,0.0,0.0,0.0,0.0,31217.0,9.0,37616.0,29811.0,9.0,37619.0
14.015533013996901,0.0,0.0,0.0,0.0,0.0,0.0,0.0,0.0,0.0,0.0,0.0,0.0,0.0,31217.0,9.0,37616.0,29812.0,9.0,37626.0
14.015618214994902,0.0,0.0,0.0,0.0,0.0,0.0,0.0,0.0,0.0,0.0,0.0,0.0,0.0,31219.0,9.0,37656.0,29813.0,9.0,37659.0
14.015683539997553,0.0,0.0,0.0,0.0,0.0,0.0,0.0,0.0,0.0,0.0,0.0,0.0,0.0,31219.0,9.0,37656.0,29814.0,9.0,37666.0
14.015744714008179,0.0,0.0,0.0,0.0,0.0,0.0,0.0,0.0,0.0,0.0,0.0,0.0,0.0,31221.0,9.0,37696.0,29815.0,9.0,37699.0
14.015801497997018,0.0,0.0,0.0,0.0,0.0,0.0,0.0,0.0,0.0,0.0,0.0,0.0,0.0,31221.0,9.0,37696.0,29816.0,9.0,37711.0
14.015864807995968,0.0,0.0,0.0,0.0,0.0,0.0,0.0,0.0,0.0,0.0,0.0,0.0,0.0,31222.0,9.0,37716.0,29817.0,9.0,37729.0
14.016698658000678,0.0,0.0,0.0,0.0,0.0,0.0,0.0,0.0,0.0,0.0,0.0,0.0,0.0,31223.0,9.0,37736.0,29818.0,9.0,37749.0
14.016757756995503,0.0,0.0,0.0,0.0,0.0,0.0,0.0,0.0,0.0,0.0,0.0,0.0,0.0,31225.0,9.0,37776.0,29820.0,9.0,37789.0
14.016811734996736,0.0,0.0,0.0,0.0,0.0,0.0,0.0,0.0,0.0,0.0,0.0,0.0,0.0,31227.0,9.0,37816.0,29821.0,9.0,37820.0
14.01686413900461,0.0,0.0,0.0,0.0,0.0,0.0,0.0,0.0,0.0,0.0,0.0,0.0,0.0,31227.0,9.0,37816.0,29822.0,9.0,37826.0
14.016916622989811,0.0,0.0,0.0,0.0,0.0,0.0,0.0,0.0,0.0,0.0,0.0,0.0,0.0,31228.0,9.0,37836.0,29823.0,9.0,37849.0
14.016969588003121,0.0,0.0,0.0,0.0,0.0,0.0,0.0,0.0,0.0,0.0,0.0,0.0,0.0,31229.0,9.0,37856.0,29824.0,9.0,37869.0
14.017026141984388,0.0,0.0,0.0,0.0,0.0,0.0,0.0,0.0,0.0,0.0,0.0,0.0,0.0,31230.0,9.0,37876.0,29825.0,9.0,37889.0
14.017079687997466,0.0,0.0,0.0,0.0,0.0,0.0,0.0,0.0,0.0,0.0,0.0,0.0,0.0,31232.0,9.0,37916.0,29826.0,9.0,37921.0
14.017132623004727,0.0,0.0,0.0,0.0,0.0,0.0,0.0,0.0,0.0,0.0,0.0,0.0,0.0,31232.0,9.0,37916.0,29827.0,9.0,37927.0
14.017188024008647,0.0,0.0,0.0,0.0,0.0,0.0,0.0,0.0,0.0,0.0,0.0,0.0,0.0,31233.0,9.0,37936.0,29828.0,9.0,37949.0
14.017241820984054,0.0,0.0,0.0,0.0,0.0,0.0,0.0,0.0,0.0,0.0,0.0,0.0,0.0,31234.0,9.0,37956.0,29829.0,9.0,37969.0
14.017293493001489,0.0,0.0,0.0,0.0,0.0,0.0,0.0,0.0,0.0,0.0,0.0,0.0,0.0,31235.0,9.0,37976.0,29830.0,9.0,37989.0
14.020196652010782,0.0,0.0,0.0,0.0,0.0,0.0,0.0,0.0,0.0,0.0,0.0,0.0,0.0,31237.0,9.0,38016.0,29831.0,9.0,38019.0
14.026623976009432,0.0,0.0,0.0,0.0,0.0,0.0,0.0,0.0,0.0,0.0,0.0,0.0,0.0,31237.0,9.0,38016.0,29832.0,9.0,38027.0
14.046706441004062,0.0,0.0,0.0,0.0,0.0,0.0,0.0,0.0,0.0,0.0,0.0,0.0,0.0,31238.0,9.0,38036.0,29833.0,9.0,38049.0
14.065669851988787,0.0,0.0,0.0,0.0,0.0,0.0,0.0,0.0,0.0,0.0,0.0,0.0,0.0,31239.0,9.0,38056.0,29834.0,9.0,38069.0
14.086197306984104,0.0,0.0,0.0,0.0,0.0,0.0,0.0,0.0,0.0,0.0,0.0,0.0,0.0,31240.0,9.0,38076.0,29835.0,9.0,38089.0
14.11683968998841,0.0,0.0,0.0,0.0,0.0,0.0,0.0,0.0,0.0,0.0,0.0,0.0,0.0,31242.0,9.0,38116.0,29836.0,9.0,38119.0
14.52501824000501,0.0,0.0,0.0,0.0,0.0,0.0,0.0,0.0,0.0,0.0,0.0,0.0,0.0,31242.0,9.0,38116.0,29837.0,9.0,38126.0
14.52514083799906,0.0,0.0,0.0,0.0,0.0,0.0,0.0,0.0,0.0,0.0,0.0,0.0,0.0,31243.0,9.0,38136.0,29838.0,9.0,38149.0
14.525211923988536,0.0,0.0,0.0,0.0,0.0,0.0,0.0,0.0,0.0,0.0,0.0,0.0,0.0,31244.0,9.0,38156.0,29839.0,9.0,38169.0
14.525271613994846,0.0,0.0,0.0,0.0,0.0,0.0,0.0,0.0,0.0,0.0,0.0,0.0,0.0,31245.0,9.0,38176.0,29840.0,9.0,38189.0
14.525327034003567,0.0,0.0,0.0,0.0,0.0,0.0,0.0,0.0,0.0,0.0,0.0,0.0,0.0,31247.0,9.0,38216.0,29841.0,9.0,38219.0
14.525384749984369,0.0,0.0,0.0,0.0,0.0,0.0,0.0,0.0,0.0,0.0,0.0,0.0,0.0,31247.0,9.0,38216.0,29842.0,9.0,38226.0
14.525438606011448,0.0,0.0,0.0,0.0,0.0,0.0,0.0,0.0,0.0,0.0,0.0,0.0,0.0,31248.0,9.0,38236.0,29843.0,9.0,38249.0
14.525515896995785,0.0,0.0,0.0,0.0,0.0,0.0,0.0,0.0,0.0,0.0,0.0,0.0,0.0,31249.0,9.0,38256.0,29844.0,9.0,38269.0
14.525594912003726,0.0,0.0,0.0,0.0,0.0,0.0,0.0,0.0,0.0,0.0,0.0,0.0,0.0,31250.0,9.0,38276.0,29845.0,9.0,38289.0
14.525764188991161,0.0,0.0,0.0,0.0,0.0,0.0,0.0,0.0,0.0,0.0,0.0,0.0,0.0,31252.0,9.0,38316.0,29846.0,9.0,38320.0
14.52585507198819,0.0,0.0,0.0,0.0,0.0,0.0,0.0,0.0,0.0,0.0,0.0,0.0,0.0,31252.0,9.0,38316.0,29847.0,9.0,38326.0
14.525932463991921,0.0,0.0,0.0,0.0,0.0,0.0,0.0,0.0,0.0,0.0,0.0,0.0,0.0,31253.0,9.0,38336.0,29848.0,9.0,38349.0
14.526021291996585,0.0,0.0,0.0,0.0,0.0,0.0,0.0,0.0,0.0,0.0,0.0,0.0,0.0,31254.0,9.0,38356.0,29849.0,9.0,38369.0
14.52610328400624,0.0,0.0,0.0,0.0,0.0,0.0,0.0,0.0,0.0,0.0,0.0,0.0,0.0,31255.0,9.0,38376.0,29850.0,9.0,38389.0
14.526291204994777,0.0,0.0,0.0,0.0,0.0,0.0,0.0,0.0,0.0,0.0,0.0,0.0,0.0,31257.0,9.0,38416.0,29851.0,9.0,38420.0
14.526373998989584,0.0,0.0,0.0,0.0,0.0,0.0,0.0,0.0,0.0,0.0,0.0,0.0,0.0,31257.0,9.0,38416.0,29852.0,9.0,38428.0
14.526457936008228,0.0,0.0,0.0,0.0,0.0,0.0,0.0,0.0,0.0,0.0,0.0,0.0,0.0,31258.0,9.0,38436.0,29853.0,9.0,38449.0
14.526544007996563,0.0,0.0,0.0,0.0,0.0,0.0,0.0,0.0,0.0,0.0,0.0,0.0,0.0,31259.0,9.0,38456.0,29854.0,9.0,38469.0
14.526764034002554,0.0,0.0,0.0,0.0,0.0,0.0,0.0,0.0,0.0,0.0,0.0,0.0,0.0,31260.0,9.0,38476.0,29855.0,9.0,38489.0
14.526951423002174,0.0,0.0,0.0,0.0,0.0,0.0,0.0,0.0,0.0,0.0,0.0,0.0,0.0,31262.0,9.0,38516.0,29856.0,9.0,38519.0
14.527027923002606,0.0,0.0,0.0,0.0,0.0,0.0,0.0,0.0,0.0,0.0,0.0,0.0,0.0,31262.0,9.0,38516.0,29857.0,9.0,38526.0
14.545915841008537,0.0,0.0,0.0,0.0,0.0,0.0,0.0,0.0,0.0,0.0,0.0,0.0,0.0,31263.0,9.0,38536.0,29858.0,9.0,38549.0
14.567193483992014,0.0,0.0,0.0,0.0,0.0,0.0,0.0,0.0,0.0,0.0,0.0,0.0,0.0,31264.0,9.0,38556.0,29859.0,9.0,38569.0
14.58695567198447,0.0,0.0,0.0,0.0,0.0,0.0,0.0,0.0,0.0,0.0,0.0,0.0,0.0,31265.0,9.0,38576.0,29860.0,9.0,38589.0
14.616997575009009,0.0,0.0,0.0,0.0,0.0,0.0,0.0,0.0,0.0,0.0,0.0,0.0,0.0,31267.0,9.0,38616.0,29861.0,9.0,38619.0
14.623597139987396,0.0,0.0,0.0,0.0,0.0,0.0,0.0,0.0,0.0,0.0,0.0,0.0,0.0,31267.0,9.0,38616.0,29862.0,9.0,38626.0
15.038667004002491,0.0,0.0,0.0,0.0,0.0,0.0,0.0,0.0,0.0,0.0,0.0,0.0,0.0,31269.0,9.0,38656.0,29863.0,9.0,38659.0
15.038855124992551,0.0,0.0,0.0,0.0,0.0,0.0,0.0,0.0,0.0,0.0,0.0,0.0,0.0,31269.0,9.0,38656.0,29864.0,9.0,38666.0
15.038920849008719,0.0,0.0,0.0,0.0,0.0,0.0,0.0,0.0,0.0,0.0,0.0,0.0,0.0,31271.0,9.0,38696.0,29865.0,9.0,38699.0
15.03897953699925,0.0,0.0,0.0,0.0,0.0,0.0,0.0,0.0,0.0,0.0,0.0,0.0,0.0,31271.0,9.0,38696.0,29866.0,9.0,38710.0
15.03903555800207,0.0,0.0,0.0,0.0,0.0,0.0,0.0,0.0,0.0,0.0,0.0,0.0,0.0,31272.0,9.0,38716.0,29867.0,9.0,38729.0
15.039090175996535,0.0,0.0,0.0,0.0,0.0,0.0,0.0,0.0,0.0,0.0,0.0,0.0,0.0,31273.0,9.0,38736.0,29868.0,9.0,38749.0
15.039145465998445,0.0,0.0,0.0,0.0,0.0,0.0,0.0,0.0,0.0,0.0,0.0,0.0,0.0,31274.0,9.0,38756.0,29869.0,9.0,38769.0
15.03920647900668,0.0,0.0,0.0,0.0,0.0,0.0,0.0,0.0,0.0,0.0,0.0,0.0,0.0,31275.0,9.0,38776.0,29870.0,9.0,38789.0
15.03926568798488,0.0,0.0,0.0,0.0,0.0,0.0,0.0,0.0,0.0,0.0,0.0,0.0,0.0,31286.0,9.0,38996.0,29871.0,9.0,39010.0
15.039320335985394,0.0,0.0,0.0,0.0,0.0,0.0,0.0,0.0,0.0,0.0,0.0,0.0,0.0,31287.0,9.0,39016.0,29872.0,9.0,39029.0
15.04960814898368,0.0,0.0,0.0,0.0,0.0,0.0,0.0,0.0,0.0,0.0,0.0,0.0,0.0,31288.0,9.0,39036.0,29873.0,9.0,39050.0
15.066142588999355,0.0,0.0,0.0,0.0,0.0,0.0,0.0,0.0,0.0,0.0,0.0,0.0,0.0,31289.0,9.0,39056.0,29874.0,9.0,39069.0
15.089837128005456,0.0,0.0,0.0,0.0,0.0,0.0,0.0,0.0,0.0,0.0,0.0,0.0,0.0,31290.0,9.0,39076.0,29875.0,9.0,39089.0
15.1187168660108,0.0,0.0,0.0,0.0,0.0,0.0,0.0,0.0,0.0,0.0,0.0,0.0,0.0,31292.0,9.0,39116.0,29876.0,9.0,39119.0
15.125484435004182,0.0,0.0,0.0,0.0,0.0,0.0,0.0,0.0,0.0,0.0,0.0,0.0,0.0,31292.0,9.0,39116.0,29877.0,9.0,39126.0
15.551101600984111,0.0,0.0,0.0,0.0,0.0,0.0,0.0,0.0,0.0,0.0,0.0,0.0,0.0,31293.0,9.0,39136.0,29878.0,9.0,39149.0
15.551238088984974,0.0,0.0,0.0,0.0,0.0,0.0,0.0,0.0,0.0,0.0,0.0,0.0,0.0,31294.0,9.0,39156.0,29879.0,9.0,39169.0
15.551309484988451,0.0,0.0,0.0,0.0,0.0,0.0,0.0,0.0,0.0,0.0,0.0,0.0,0.0,31295.0,9.0,39176.0,29880.0,9.0,39189.0
15.551368001993978,0.0,0.0,0.0,0.0,0.0,0.0,0.0,0.0,0.0,0.0,0.0,0.0,0.0,31297.0,9.0,39216.0,29881.0,9.0,39219.0
15.551424231991405,0.0,0.0,0.0,0.0,0.0,0.0,0.0,0.0,0.0,0.0,0.0,0.0,0.0,31297.0,9.0,39216.0,29882.0,9.0,39226.0
15.551479991991073,0.0,0.0,0.0,0.0,0.0,0.0,0.0,0.0,0.0,0.0,0.0,0.0,0.0,31298.0,9.0,39236.0,29883.0,9.0,39249.0
15.551536323007895,0.0,0.0,0.0,0.0,0.0,0.0,0.0,0.0,0.0,0.0,0.0,0.0,0.0,31299.0,9.0,39256.0,29884.0,9.0,39269.0
15.551591250987258,0.0,0.0,0.0,0.0,0.0,0.0,0.0,0.0,0.0,0.0,0.0,0.0,0.0,31300.0,9.0,39276.0,29885.0,9.0,39289.0
15.551769024983514,0.0,0.0,0.0,0.0,0.0,0.0,0.0,0.0,0.0,0.0,0.0,0.0,0.0,31302.0,9.0,39316.0,29886.0,9.0,39320.0
15.551849301991751,0.0,0.0,0.0,0.0,0.0,0.0,0.0,0.0,0.0,0.0,0.0,0.0,0.0,31302.0,9.0,39316.0,29887.0,9.0,39326.0
15.551938619988505,0.0,0.0,0.0,0.0,0.0,0.0,0.0,0.0,0.0,0.0,0.0,0.0,0.0,31303.0,9.0,39336.0,29888.0,9.0,39349.0
15.55201596999541,0.0,0.0,0.0,0.0,0.0,0.0,0.0,0.0,0.0,0.0,0.0,0.0,0.0,31304.0,9.0,39356.0,29889.0,9.0,39369.0
15.552102260990068,0.0,0.0,0.0,0.0,0.0,0.0,0.0,0.0,0.0,0.0,0.0,0.0,0.0,31305.0,9.0,39376.0,29890.0,9.0,39389.0
15.552287300990429,0.0,0.0,0.0,0.0,0.0,0.0,0.0,0.0,0.0,0.0,0.0,0.0,0.0,31307.0,9.0,39416.0,29891.0,9.0,39420.0
15.552376940002432,0.0,0.0,0.0,0.0,0.0,0.0,0.0,0.0,0.0,0.0,0.0,0.0,0.0,31307.0,9.0,39416.0,29892.0,9.0,39428.0
15.552458229009062,0.0,0.0,0.0,0.0,0.0,0.0,0.0,0.0,0.0,0.0,0.0,0.0,0.0,31308.0,9.0,39436.0,29893.0,9.0,39449.0
15.55254355800571,0.0,0.0,0.0,0.0,0.0,0.0,0.0,0.0,0.0,0.0,0.0,0.0,0.0,31309.0,9.0,39456.0,29894.0,9.0,39469.0
15.55262038699584,0.0,0.0,0.0,0.0,0.0,0.0,0.0,0.0,0.0,0.0,0.0,0.0,0.0,31310.0,9.0,39476.0,29895.0,9.0,39489.0
15.552955967985326,0.0,0.0,0.0,0.0,0.0,0.0,0.0,0.0,0.0,0.0,0.0,0.0,0.0,31312.0,9.0,39516.0,29896.0,9.0,39519.0
15.553032224997878,0.0,0.0,0.0,0.0,0.0,0.0,0.0,0.0,0.0,0.0,0.0,0.0,0.0,31312.0,9.0,39516.0,29897.0,9.0,39526.0
15.560051854990888,0.0,0.0,0.0,0.0,0.0,0.0,0.0,0.0,0.0,0.0,0.0,0.0,0.0,31314.0,9.0,39556.0,29898.0,9.0,39559.0
15.564486366987694,0.0,0.0,0.0,0.0,0.0,0.0,0.0,0.0,0.0,0.0,0.0,0.0,0.0,31314.0,9.0,39556.0,29899.0,9.0,39567.0
15.58748803799972,0.0,0.0,0.0,0.0,0.0,0.0,0.0,0.0,0.0,0.0,0.0,0.0,0.0,31315.0,9.0,39576.0,29900.0,9.0,39589.0
15.617774716985878,0.0,0.0,0.0,0.0,0.0,0.0,0.0,0.0,0.0,0.0,0.0,0.0,0.0,31317.0,9.0,39616.0,29901.0,9.0,39619.0
15.624271699984092,0.0,0.0,0.0,0.0,0.0,0.0,0.0,0.0,0.0,0.0,0.0,0.0,0.0,31317.0,9.0,39616.0,29902.0,9.0,39626.0
15.64716072898591,0.0,0.0,0.0,0.0,0.0,0.0,0.0,0.0,0.0,0.0,0.0,0.0,0.0,31318.0,9.0,39636.0,29903.0,9.0,39649.0
16.059189839987084,0.0,0.0,0.0,0.0,0.0,0.0,0.0,0.0,0.0,0.0,0.0,0.0,0.0,31329.0,9.0,39856.0,29913.0,9.0,39866.0
16.059423242986668,0.0,0.0,0.0,0.0,0.0,0.0,0.0,0.0,0.0,0.0,0.0,0.0,0.0,31330.0,9.0,39876.0,29914.0,9.0,39889.0
16.059494608984096,0.0,0.0,0.0,0.0,0.0,0.0,0.0,0.0,0.0,0.0,0.0,0.0,0.0,31331.0,9.0,39896.0,29915.0,9.0,39909.0
16.05955263398937,0.0,0.0,0.0,0.0,0.0,0.0,0.0,0.0,0.0,0.0,0.0,0.0,0.0,31333.0,9.0,39936.0,29916.0,9.0,39939.0
16.059608874988044,0.0,0.0,0.0,0.0,0.0,0.0,0.0,0.0,0.0,0.0,0.0,0.0,0.0,31333.0,9.0,39936.0,29917.0,9.0,39946.0
16.059665225999197,0.0,0.0,0.0,0.0,0.0,0.0,0.0,0.0,0.0,0.0,0.0,0.0,0.0,31335.0,9.0,39976.0,29918.0,9.0,39979.0
16.059728844003985,0.0,0.0,0.0,0.0,0.0,0.0,0.0,0.0,0.0,0.0,0.0,0.0,0.0,31335.0,9.0,39976.0,29919.0,9.0,39986.0
16.059786167985294,0.0,0.0,0.0,0.0,0.0,0.0,0.0,0.0,0.0,0.0,0.0,0.0,0.0,31336.0,9.0,39996.0,29920.0,9.0,40009.0
16.059843702008948,0.0,0.0,0.0,0.0,0.0,0.0,0.0,0.0,0.0,0.0,0.0,0.0,0.0,31338.0,9.0,40036.0,29921.0,9.0,40039.0
16.05989936098922,0.0,0.0,0.0,0.0,0.0,0.0,0.0,0.0,0.0,0.0,0.0,0.0,0.0,31338.0,9.0,40036.0,29922.0,9.0,40046.0
16.067148736008676,0.0,0.0,0.0,0.0,0.0,0.0,0.0,0.0,0.0,0.0,0.0,0.0,0.0,31339.0,9.0,40056.0,29923.0,9.0,40069.0
16.087566772999708,0.0,0.0,0.0,0.0,0.0,0.0,0.0,0.0,0.0,0.0,0.0,0.0,0.0,31340.0,9.0,40076.0,29924.0,9.0,40089.0
16.10560730600264,0.0,0.0,0.0,0.0,0.0,0.0,0.0,0.0,0.0,0.0,0.0,0.0,0.0,31341.0,9.0,40096.0,29925.0,9.0,40108.0
16.137442197999917,0.0,0.0,0.0,0.0,0.0,0.0,0.0,0.0,0.0,0.0,0.0,0.0,0.0,31343.0,9.0,40136.0,29926.0,9.0,40139.0
16.14409518399043,0.0,0.0,0.0,0.0,0.0,0.0,0.0,0.0,0.0,0.0,0.0,0.0,0.0,31343.0,9.0,40136.0,29927.0,9.0,40146.0
16.54625010699965,0.0,0.0,0.0,0.0,0.0,0.0,0.0,0.0,0.0,0.0,0.0,0.0,0.0,31344.0,9.0,40156.0,29928.0,9.0,40169.0
16.546443664003164,0.0,0.0,0.0,0.0,0.0,0.0,0.0,0.0,0.0,0.0,0.0,0.0,0.0,31345.0,9.0,40176.0,29929.0,9.0,40189.0
16.54651272398769,0.0,0.0,0.0,0.0,0.0,0.0,0.0,0.0,0.0,0.0,0.0,0.0,0.0,31346.0,9.0,40196.0,29930.0,9.0,40209.0
16.54657127900282,0.0,0.0,0.0,0.0,0.0,0.0,0.0,0.0,0.0,0.0,0.0,0.0,0.0,31348.0,9.0,40236.0,29931.0,9.0,40239.0
16.54662709799595,0.0,0.0,0.0,0.0,0.0,0.0,0.0,0.0,0.0,0.0,0.0,0.0,0.0,31348.0,9.0,40236.0,29932.0,9.0,40246.0
16.54668271599803,0.0,0.0,0.0,0.0,0.0,0.0,0.0,0.0,0.0,0.0,0.0,0.0,0.0,31349.0,9.0,40256.0,29933.0,9.0,40269.0
16.546736921998672,0.0,0.0,0.0,0.0,0.0,0.0,0.0,0.0,0.0,0.0,0.0,0.0,0.0,31350.0,9.0,40276.0,29934.0,9.0,40289.0
16.546791939006653,0.0,0.0,0.0,0.0,0.0,0.0,0.0,0.0,0.0,0.0,0.0,0.0,0.0,31351.0,9.0,40296.0,29935.0,9.0,40309.0
16.546845742996084,0.0,0.0,0.0,0.0,0.0,0.0,0.0,0.0,0.0,0.0,0.0,0.0,0.0,31353.0,9.0,40336.0,29936.0,9.0,40339.0
16.54691111401189,0.0,0.0,0.0,0.0,0.0,0.0,0.0,0.0,0.0,0.0,0.0,0.0,0.0,31353.0,9.0,40336.0,29937.0,9.0,40346.0
16.546964628010755,0.0,0.0,0.0,0.0,0.0,0.0,0.0,0.0,0.0,0.0,0.0,0.0,0.0,31355.0,9.0,40376.0,29938.0,9.0,40379.0
16.547018482000567,0.0,0.0,0.0,0.0,0.0,0.0,0.0,0.0,0.0,0.0,0.0,0.0,0.0,31355.0,9.0,40376.0,29939.0,9.0,40386.0
16.54707092398894,0.0,0.0,0.0,0.0,0.0,0.0,0.0,0.0,0.0,0.0,0.0,0.0,0.0,31356.0,9.0,40396.0,29940.0,9.0,40409.0
16.54731068800902,0.0,0.0,0.0,0.0,0.0,0.0,0.0,0.0,0.0,0.0,0.0,0.0,0.0,31358.0,9.0,40436.0,29941.0,9.0,40439.0
16.547446210985072,0.0,0.0,0.0,0.0,0.0,0.0,0.0,0.0,0.0,0.0,0.0,0.0,0.0,31358.0,9.0,40436.0,29942.0,9.0,40446.0
16.547576442011632,0.0,0.0,0.0,0.0,0.0,0.0,0.0,0.0,0.0,0.0,0.0,0.0,0.0,31359.0,9.0,40456.0,29943.0,9.0,40469.0
16.547686325997347,0.0,0.0,0.0,0.0,0.0,0.0,0.0,0.0,0.0,0.0,0.0,0.0,0.0,31360.0,9.0,40476.0,29944.0,9.0,40489.0
16.547754653991433,0.0,0.0,0.0,0.0,0.0,0.0,0.0,0.0,0.0,0.0,0.0,0.0,0.0,31361.0,9.0,40496.0,29945.0,9.0,40509.0
16.547981237003114,0.0,0.0,0.0,0.0,0.0,0.0,0.0,0.0,0.0,0.0,0.0,0.0,0.0,31363.0,9.0,40536.0,29946.0,9.0,40539.0
16.5592471039854,0.0,0.0,0.0,0.0,0.0,0.0,0.0,0.0,0.0,0.0,0.0,0.0,0.0,31363.0,9.0,40536.0,29947.0,9.0,40546.0
16.567017492983723,0.0,0.0,0.0,0.0,0.0,0.0,0.0,0.0,0.0,0.0,0.0,0.0,0.0,31364.0,9.0,40556.0,29948.0,9.0,40569.0
16.59288882400142,0.0,0.0,0.0,0.0,0.0,0.0,0.0,0.0,0.0,0.0,0.0,0.0,0.0,31365.0,9.0,40576.0,29949.0,9.0,40588.0
16.60731334099546,0.0,0.0,0.0,0.0,0.0,0.0,0.0,0.0,0.0,0.0,0.0,0.0,0.0,31366.0,9.0,40596.0,29950.0,9.0,40609.0
16.640969775005942,0.0,0.0,0.0,0.0,0.0,0.0,0.0,0.0,0.0,0.0,0.0,0.0,0.0,31368.0,9.0,40636.0,29951.0,9.0,40639.0
16.64544063800713,0.0,0.0,0.0,0.0,0.0,0.0,0.0,0.0,0.0,0.0,0.0,0.0,0.0,31368.0,9.0,40636.0,29952.0,9.0,40646.0
16.66777593700681,0.0,0.0,0.0,0.0,0.0,0.0,0.0,0.0,0.0,0.0,0.0,0.0,0.0,31369.0,9.0,40656.0,29953.0,9.0,40669.0
16.68925073801074,0.0,0.0,0.0,0.0,0.0,0.0,0.0,0.0,0.0,0.0,0.0,0.0,0.0,31370.0,9.0,40676.0,29954.0,9.0,40689.0
16.707198457006598,0.0,0.0,0.0,0.0,0.0,0.0,0.0,0.0,0.0,0.0,0.0,0.0,0.0,31371.0,9.0,40696.0,29955.0,9.0,40709.0
16.738973462983267,0.0,0.0,0.0,0.0,0.0,0.0,0.0,0.0,0.0,0.0,0.0,0.0,0.0,31373.0,9.0,40736.0,29956.0,9.0,40739.0
16.744701661984436,0.0,0.0,0.0,0.0,0.0,0.0,0.0,0.0,0.0,0.0,0.0,0.0,0.0,31373.0,9.0,40736.0,29957.0,9.0,40746.0
16.767332543997327,0.0,0.0,0.0,0.0,0.0,0.0,0.0,0.0,0.0,0.0,0.0,0.0,0.0,31374.0,9.0,40756.0,29958.0,9.0,40769.0
16.78967728599673,0.0,0.0,0.0,0.0,0.0,0.0,0.0,0.0,0.0,0.0,0.0,0.0,0.0,31375.0,9.0,40776.0,29959.0,9.0,40789.0
16.807495977001963,0.0,0.0,0.0,0.0,0.0,0.0,0.0,0.0,0.0,0.0,0.0,0.0,0.0,31376.0,9.0,40796.0,29960.0,9.0,40809.0
16.88431393200881,0.0,0.0,0.0,0.0,0.0,0.0,0.0,0.0,0.0,0.0,0.0,0.0,0.0,31377.0,9.0,40816.0,29961.0,9.0,40828.0
16.88472310799989,0.0,0.0,0.0,0.0,0.0,0.0,0.0,0.0,0.0,0.0,0.0,0.0,0.0,31378.0,9.0,40836.0,29962.0,9.0,40849.0
16.88497757600271,0.0,0.0,0.0,0.0,0.0,0.0,0.0,0.0,0.0,0.0,0.0,0.0,0.0,31379.0,9.0,40856.0,29963.0,9.0,40869.0
16.93878963199677,0.0,0.0,0.0,0.0,0.0,0.0,0.0,0.0,0.0,0.0,0.0,0.0,0.0,31380.0,9.0,40876.0,29964.0,9.0,40889.0
16.93913708499167,0.0,0.0,0.0,0.0,0.0,0.0,0.0,0.0,0.0,0.0,0.0,0.0,0.0,31381.0,9.0,40896.0,29965.0,9.0,40909.0
16.939208780997433,0.0,0.0,0.0,0.0,0.0,0.0,0.0,0.0,0.0,0.0,0.0,0.0,0.0,31383.0,9.0,40936.0,29966.0,9.0,40939.0
16.94463537298725,0.0,0.0,0.0,0.0,0.0,0.0,0.0,0.0,0.0,0.0,0.0,0.0,0.0,31383.0,9.0,40936.0,29967.0,9.0,40946.0
16.978248475992586,0.0,0.0,0.0,0.0,0.0,0.0,0.0,0.0,0.0,0.0,0.0,0.0,0.0,31385.0,9.0,40976.0,29968.0,9.0,40979.0
16.984118372987723,0.0,0.0,0.0,0.0,0.0,0.0,0.0,0.0,0.0,0.0,0.0,0.0,0.0,31385.0,9.0,40976.0,29969.0,9.0,40986.0
17.018635505985003,0.0,0.0,0.0,0.0,0.0,0.0,0.0,0.0,0.0,0.0,0.0,0.0,0.0,31387.0,9.0,41016.0,29970.0,9.0,41019.0
17.02770719199907,0.0,0.0,0.0,0.0,0.0,0.0,0.0,0.0,0.0,0.0,0.0,0.0,0.0,31387.0,9.0,41016.0,29971.0,9.0,41030.0
17.20908963799593,0.0,0.0,0.0,0.0,0.0,0.0,0.0,0.0,0.0,0.0,0.0,0.0,0.0,31388.0,9.0,41036.0,29972.0,9.0,41049.0
17.22281727398513,0.0,0.0,0.0,0.0,0.0,0.0,0.0,0.0,0.0,0.0,0.0,0.0,0.0,31389.0,9.0,41056.0,29973.0,9.0,41069.0
17.22292137501063,0.0,0.0,0.0,0.0,0.0,0.0,0.0,0.0,0.0,0.0,0.0,0.0,0.0,31390.0,9.0,41076.0,29974.0,9.0,41089.0
17.2229881589883,0.0,0.0,0.0,0.0,0.0,0.0,0.0,0.0,0.0,0.0,0.0,0.0,0.0,31391.0,9.0,41096.0,29975.0,9.0,41109.0
17.2230729550065,0.0,0.0,0.0,0.0,0.0,0.0,0.0,0.0,0.0,0.0,0.0,0.0,0.0,31393.0,9.0,41136.0,29976.0,9.0,41139.0
17.223155024985317,0.0,0.0,0.0,0.0,0.0,0.0,0.0,0.0,0.0,0.0,0.0,0.0,0.0,31393.0,9.0,41136.0,29977.0,9.0,41146.0
17.223237514990615,0.0,0.0,0.0,0.0,0.0,0.0,0.0,0.0,0.0,0.0,0.0,0.0,0.0,31395.0,9.0,41176.0,29978.0,9.0,41179.0
17.22331707898411,0.0,0.0,0.0,0.0,0.0,0.0,0.0,0.0,0.0,0.0,0.0,0.0,0.0,31395.0,9.0,41176.0,29979.0,9.0,41186.0
17.223393575986847,0.0,0.0,0.0,0.0,0.0,0.0,0.0,0.0,0.0,0.0,0.0,0.0,0.0,31396.0,9.0,41196.0,29980.0,9.0,41209.0
17.242212187993573,0.0,0.0,0.0,0.0,0.0,0.0,0.0,0.0,0.0,0.0,0.0,0.0,0.0,31398.0,9.0,41236.0,29981.0,9.0,41239.0
17.25432857099804,0.0,0.0,0.0,0.0,0.0,0.0,0.0,0.0,0.0,0.0,0.0,0.0,0.0,31398.0,9.0,41236.0,29982.0,9.0,41246.0
17.38003221899271,0.0,0.0,0.0,0.0,0.0,0.0,0.0,0.0,0.0,0.0,0.0,0.0,0.0,31400.0,9.0,41276.0,29983.0,9.0,41279.0
17.380177081999136,0.0,0.0,0.0,0.0,0.0,0.0,0.0,0.0,0.0,0.0,0.0,0.0,0.0,31400.0,9.0,41276.0,29984.0,9.0,41286.0
17.380246682005236,0.0,0.0,0.0,0.0,0.0,0.0,0.0,0.0,0.0,0.0,0.0,0.0,0.0,31402.0,9.0,41316.0,29985.0,9.0,41320.0
17.380304333986714,0.0,0.0,0.0,0.0,0.0,0.0,0.0,0.0,0.0,0.0,0.0,0.0,0.0,31402.0,9.0,41316.0,29986.0,9.0,41331.0
17.380365474004066,0.0,0.0,0.0,0.0,0.0,0.0,0.0,0.0,0.0,0.0,0.0,0.0,0.0,31403.0,9.0,41336.0,29987.0,9.0,41349.0
17.380420480010798,0.0,0.0,0.0,0.0,0.0,0.0,0.0,0.0,0.0,0.0,0.0,0.0,0.0,31404.0,9.0,41356.0,29988.0,9.0,41369.0
17.387096382008167,0.0,0.0,0.0,0.0,0.0,0.0,0.0,0.0,0.0,0.0,0.0,0.0,0.0,31405.0,9.0,41376.0,29989.0,9.0,41389.0
17.408003034011927,0.0,0.0,0.0,0.0,0.0,0.0,0.0,0.0,0.0,0.0,0.0,0.0,0.0,31406.0,9.0,41396.0,29990.0,9.0,41409.0
17.43926944199484,0.0,0.0,0.0,0.0,0.0,0.0,0.0,0.0,0.0,0.0,0.0,0.0,0.0,31408.0,9.0,41436.0,29991.0,9.0,41439.0
17.444594773987774,0.0,0.0,0.0,0.0,0.0,0.0,0.0,0.0,0.0,0.0,0.0,0.0,0.0,31408.0,9.0,41436.0,29992.0,9.0,41446.0
17.47817942299298,0.0,0.0,0.0,0.0,0.0,0.0,0.0,0.0,0.0,0.0,0.0,0.0,0.0,31410.0,9.0,41476.0,29993.0,9.0,41479.0
17.48442818399053,0.0,0.0,0.0,0.0,0.0,0.0,0.0,0.0,0.0,0.0,0.0,0.0,0.0,31410.0,9.0,41476.0,29994.0,9.0,41486.0
17.601815314003034,0.0,0.0,0.0,0.0,0.0,0.0,0.0,0.0,0.0,0.0,0.0,0.0,0.0,31412.0,9.0,41516.0,29995.0,9.0,41519.0
17.602241421991494,0.0,0.0,0.0,0.0,0.0,0.0,0.0,0.0,0.0,0.0,0.0,0.0,0.0,31412.0,9.0,41516.0,29996.0,9.0,41531.0
17.602502981986618,0.0,0.0,0.0,0.0,0.0,0.0,0.0,0.0,0.0,0.0,0.0,0.0,0.0,31413.0,9.0,41536.0,29997.0,9.0,41549.0
17.602727616991615,0.0,0.0,0.0,0.0,0.0,0.0,0.0,0.0,0.0,0.0,0.0,0.0,0.0,31414.0,9.0,41556.0,29998.0,9.0,41569.0
17.602856021985644,0.0,0.0,0.0,0.0,0.0,0.0,0.0,0.0,0.0,0.0,0.0,0.0,0.0,31415.0,9.0,41576.0,29999.0,9.0,41589.0
17.609261181991315,0.0,0.0,0.0,0.0,0.0,0.0,0.0,0.0,0.0,0.0,0.0,0.0,0.0,31416.0,9.0,41596.0,30000.0,9.0,41609.0
17.63742007900146,0.0,0.0,0.0,0.0,0.0,0.0,0.0,0.0,0.0,0.0,0.0,0.0,0.0,31418.0,9.0,41636.0,30001.0,9.0,41639.0
17.646837542008143,0.0,0.0,0.0,0.0,0.0,0.0,0.0,0.0,0.0,0.0,0.0,0.0,0.0,31418.0,9.0,41636.0,30002.0,9.0,41646.0
17.678269099007593,0.0,0.0,0.0,0.0,0.0,0.0,0.0,0.0,0.0,0.0,0.0,0.0,0.0,31420.0,9.0,41676.0,30003.0,9.0,41679.0
17.685011193010723,0.0,0.0,0.0,0.0,0.0,0.0,0.0,0.0,0.0,0.0,0.0,0.0,0.0,31420.0,9.0,41676.0,30004.0,9.0,41686.0
17.740266756998608,0.0,0.0,0.0,0.0,0.0,0.0,0.0,0.0,0.0,0.0,0.0,0.0,0.0,31422.0,9.0,41716.0,30005.0,9.0,41719.0
17.74040068499744,0.0,0.0,0.0,0.0,0.0,0.0,0.0,0.0,0.0,0.0,0.0,0.0,0.0,31422.0,9.0,41716.0,30006.0,9.0,41731.0
17.7818460240087,0.0,0.0,0.0,0.0,0.0,0.0,0.0,0.0,0.0,0.0,0.0,0.0,0.0,31423.0,9.0,41736.0,30007.0,9.0,41749.0
17.78195625700755,0.0,0.0,0.0,0.0,0.0,0.0,0.0,0.0,0.0,0.0,0.0,0.0,0.0,31424.0,9.0,41756.0,30008.0,9.0,41769.0
17.819539441989036,0.0,0.0,0.0,0.0,0.0,0.0,0.0,0.0,0.0,0.0,0.0,0.0,0.0,31425.0,9.0,41776.0,30009.0,9.0,41789.0
17.819654786988394,0.0,0.0,0.0,0.0,0.0,0.0,0.0,0.0,0.0,0.0,0.0,0.0,0.0,31426.0,9.0,41796.0,30010.0,9.0,41809.0
17.84100243099965,0.0,0.0,0.0,0.0,0.0,0.0,0.0,0.0,0.0,0.0,0.0,0.0,0.0,31428.0,9.0,41836.0,30011.0,9.0,41839.0
17.85168337399955,0.0,0.0,0.0,0.0,0.0,0.0,0.0,0.0,0.0,0.0,0.0,0.0,0.0,31428.0,9.0,41836.0,30012.0,9.0,41846.0
17.872039101988776,0.0,0.0,0.0,0.0,0.0,0.0,0.0,0.0,0.0,0.0,0.0,0.0,0.0,31429.0,9.0,41856.0,30013.0,9.0,41869.0
17.887878443987574,0.0,0.0,0.0,0.0,0.0,0.0,0.0,0.0,0.0,0.0,0.0,0.0,0.0,31430.0,9.0,41876.0,30014.0,9.0,41889.0
17.90732450399082,0.0,0.0,0.0,0.0,0.0,0.0,0.0,0.0,0.0,0.0,0.0,0.0,0.0,31431.0,9.0,41896.0,30015.0,9.0,41909.0
18.00147871300578,0.0,0.0,0.0,0.0,0.0,0.0,0.0,0.0,0.0,0.0,0.0,0.0,0.0,31433.0,9.0,41936.0,30016.0,9.0,41939.0
18.001608160004253,0.0,0.0,0.0,0.0,0.0,0.0,0.0,0.0,0.0,0.0,0.0,0.0,0.0,31433.0,9.0,41936.0,30017.0,9.0,41946.0
18.001674712984823,0.0,0.0,0.0,0.0,0.0,0.0,0.0,0.0,0.0,0.0,0.0,0.0,0.0,31434.0,9.0,41956.0,30018.0,9.0,41969.0
18.001731522992486,0.0,0.0,0.0,0.0,0.0,0.0,0.0,0.0,0.0,0.0,0.0,0.0,0.0,31435.0,9.0,41976.0,30019.0,9.0,41989.0
18.018871651001973,0.0,0.0,0.0,0.0,0.0,0.0,0.0,0.0,0.0,0.0,0.0,0.0,0.0,31436.0,9.0,41996.0,30020.0,9.0,42009.0
18.039355301996693,0.0,0.0,0.0,0.0,0.0,0.0,0.0,0.0,0.0,0.0,0.0,0.0,0.0,31438.0,9.0,42036.0,30021.0,9.0,42039.0
18.047090804990148,0.0,0.0,0.0,0.0,0.0,0.0,0.0,0.0,0.0,0.0,0.0,0.0,0.0,31438.0,9.0,42036.0,30022.0,9.0,42046.0
18.07042438699864,0.0,0.0,0.0,0.0,0.0,0.0,0.0,0.0,0.0,0.0,0.0,0.0,0.0,31439.0,9.0,42056.0,30023.0,9.0,42069.0
18.088364010007353,0.0,0.0,0.0,0.0,0.0,0.0,0.0,0.0,0.0,0.0,0.0,0.0,0.0,31440.0,9.0,42076.0,30024.0,9.0,42089.0
18.10748739898554,0.0,0.0,0.0,0.0,0.0,0.0,0.0,0.0,0.0,0.0,0.0,0.0,0.0,31441.0,9.0,42096.0,30025.0,9.0,42109.0
18.139264388999436,0.0,0.0,0.0,0.0,0.0,0.0,0.0,0.0,0.0,0.0,0.0,0.0,0.0,31443.0,9.0,42136.0,30026.0,9.0,42139.0
18.25627360100043,0.0,0.0,0.0,0.0,0.0,0.0,0.0,0.0,0.0,0.0,0.0,0.0,0.0,31443.0,9.0,42136.0,30027.0,9.0,42146.0
18.256372828996973,0.0,0.0,0.0,0.0,0.0,0.0,0.0,0.0,0.0,0.0,0.0,0.0,0.0,31444.0,9.0,42156.0,30028.0,9.0,42169.0
18.25643953200779,0.0,0.0,0.0,0.0,0.0,0.0,0.0,0.0,0.0,0.0,0.0,0.0,0.0,31445.0,9.0,42176.0,30029.0,9.0,42189.0
18.25773537598434,0.0,0.0,0.0,0.0,0.0,0.0,0.0,0.0,0.0,0.0,0.0,0.0,0.0,31446.0,9.0,42196.0,30030.0,9.0,42209.0
18.258232307009166,0.0,0.0,0.0,0.0,0.0,0.0,0.0,0.0,0.0,0.0,0.0,0.0,0.0,31448.0,9.0,42236.0,30031.0,9.0,42239.0
18.25831341301091,0.0,0.0,0.0,0.0,0.0,0.0,0.0,0.0,0.0,0.0,0.0,0.0,0.0,31448.0,9.0,42236.0,30032.0,9.0,42246.0
18.29606025799876,0.0,0.0,0.0,0.0,0.0,0.0,0.0,0.0,0.0,0.0,0.0,0.0,0.0,31449.0,9.0,42256.0,30033.0,9.0,42269.0
18.296999237994896,0.0,0.0,0.0,0.0,0.0,0.0,0.0,0.0,0.0,0.0,0.0,0.0,0.0,31450.0,9.0,42276.0,30034.0,9.0,42289.0
18.30929469500552,0.0,0.0,0.0,0.0,0.0,0.0,0.0,0.0,0.0,0.0,0.0,0.0,0.0,31451.0,9.0,42296.0,30035.0,9.0,42309.0
18.34059626699309,0.0,0.0,0.0,0.0,0.0,0.0,0.0,0.0,0.0,0.0,0.0,0.0,0.0,31453.0,9.0,42336.0,30036.0,9.0,42339.0
18.346611799002858,0.0,0.0,0.0,0.0,0.0,0.0,0.0,0.0,0.0,0.0,0.0,0.0,0.0,31453.0,9.0,42336.0,30037.0,9.0,42346.0
18.604827729985118,0.0,0.0,0.0,0.0,0.0,0.0,0.0,0.0,0.0,0.0,0.0,0.0,0.0,31454.0,9.0,42356.0,30038.0,9.0,42369.0
18.60537018699688,0.0,0.0,0.0,0.0,0.0,0.0,0.0,0.0,0.0,0.0,0.0,0.0,0.0,31455.0,9.0,42376.0,30039.0,9.0,42389.0
18.60552938998444,0.0,0.0,0.0,0.0,0.0,0.0,0.0,0.0,0.0,0.0,0.0,0.0,0.0,31456.0,9.0,42396.0,30040.0,9.0,42409.0
18.60559571100748,0.0,0.0,0.0,0.0,0.0,0.0,0.0,0.0,0.0,0.0,0.0,0.0,0.0,31458.0,9.0,42436.0,30041.0,9.0,42439.0
18.60565524600679,0.0,0.0,0.0,0.0,0.0,0.0,0.0,0.0,0.0,0.0,0.0,0.0,0.0,31458.0,9.0,42436.0,30042.0,9.0,42446.0
18.605713589000516,0.0,0.0,0.0,0.0,0.0,0.0,0.0,0.0,0.0,0.0,0.0,0.0,0.0,31459.0,9.0,42456.0,30043.0,9.0,42469.0
18.605770678987028,0.0,0.0,0.0,0.0,0.0,0.0,0.0,0.0,0.0,0.0,0.0,0.0,0.0,31460.0,9.0,42476.0,30044.0,9.0,42489.0
18.605827057996066,0.0,0.0,0.0,0.0,0.0,0.0,0.0,0.0,0.0,0.0,0.0,0.0,0.0,31461.0,9.0,42496.0,30045.0,9.0,42509.0
18.60588448899216,0.0,0.0,0.0,0.0,0.0,0.0,0.0,0.0,0.0,0.0,0.0,0.0,0.0,31463.0,9.0,42536.0,30046.0,9.0,42539.0
18.701516520988662,0.0,0.0,0.0,0.0,0.0,0.0,0.0,0.0,0.0,0.0,0.0,0.0,0.0,31463.0,9.0,42536.0,30047.0,9.0,42546.0
18.70172260099207,0.0,0.0,0.0,0.0,0.0,0.0,0.0,0.0,0.0,0.0,0.0,0.0,0.0,31465.0,9.0,42576.0,30048.0,9.0,42579.0
18.701794845983386,0.0,0.0,0.0,0.0,0.0,0.0,0.0,0.0,0.0,0.0,0.0,0.0,0.0,31465.0,9.0,42576.0,30049.0,9.0,42586.0
18.701856505998876,0.0,0.0,0.0,0.0,0.0,0.0,0.0,0.0,0.0,0.0,0.0,0.0,0.0,31467.0,9.0,42616.0,30050.0,9.0,42619.0
18.70191591201001,0.0,0.0,0.0,0.0,0.0,0.0,0.0,0.0,0.0,0.0,0.0,0.0,0.0,31467.0,9.0,42616.0,30051.0,9.0,42631.0
18.70197481600917,0.0,0.0,0.0,0.0,0.0,0.0,0.0,0.0,0.0,0.0,0.0,0.0,0.0,31468.0,9.0,42636.0,30052.0,9.0,42649.0
18.702033128996845,0.0,0.0,0.0,0.0,0.0,0.0,0.0,0.0,0.0,0.0,0.0,0.0,0.0,31469.0,9.0,42656.0,30053.0,9.0,42669.0
18.70209074000013,0.0,0.0,0.0,0.0,0.0,0.0,0.0,0.0,0.0,0.0,0.0,0.0,0.0,31470.0,9.0,42676.0,30054.0,9.0,42689.0
18.70932947099209,0.0,0.0,0.0,0.0,0.0,0.0,0.0,0.0,0.0,0.0,0.0,0.0,0.0,31471.0,9.0,42696.0,30055.0,9.0,42709.0
18.73846905399114,0.0,0.0,0.0,0.0,0.0,0.0,0.0,0.0,0.0,0.0,0.0,0.0,0.0,31473.0,9.0,42736.0,30056.0,9.0,42739.0
18.744170861988096,0.0,0.0,0.0,0.0,0.0,0.0,0.0,0.0,0.0,0.0,0.0,0.0,0.0,31473.0,9.0,42736.0,30057.0,9.0,42746.0
18.778048484993633,0.0,0.0,0.0,0.0,0.0,0.0,0.0,0.0,0.0,0.0,0.0,0.0,0.0,31475.0,9.0,42776.0,30058.0,9.0,42779.0
18.787063274008688,0.0,0.0,0.0,0.0,0.0,0.0,0.0,0.0,0.0,0.0,0.0,0.0,0.0,31475.0,9.0,42776.0,30059.0,9.0,42786.0
18.821538429998327,0.0,0.0,0.0,0.0,0.0,0.0,0.0,0.0,0.0,0.0,0.0,0.0,0.0,31477.0,9.0,42816.0,30060.0,9.0,42819.0
18.920486702001654,0.0,0.0,0.0,0.0,0.0,0.0,0.0,0.0,0.0,0.0,0.0,0.0,0.0,31480.0,9.0,42876.0,30061.0,9.0,42879.0
18.9205943569832,0.0,0.0,0.0,0.0,0.0,0.0,0.0,0.0,0.0,0.0,0.0,0.0,0.0,31480.0,9.0,42876.0,30062.0,9.0,42886.0
18.920658554008696,0.0,0.0,0.0,0.0,0.0,0.0,0.0,0.0,0.0,0.0,0.0,0.0,0.0,31482.0,9.0,42916.0,30063.0,9.0,42921.0
18.928049481008202,0.0,0.0,0.0,0.0,0.0,0.0,0.0,0.0,0.0,0.0,0.0,0.0,0.0,31482.0,9.0,42916.0,30064.0,9.0,42928.0
18.9489026159863,0.0,0.0,0.0,0.0,0.0,0.0,0.0,0.0,0.0,0.0,0.0,0.0,0.0,31483.0,9.0,42936.0,30065.0,9.0,42949.0
18.978787808999186,0.0,0.0,0.0,0.0,0.0,0.0,0.0,0.0,0.0,0.0,0.0,0.0,0.0,31485.0,9.0,42976.0,30066.0,9.0,42979.0
18.98527011499391,0.0,0.0,0.0,0.0,0.0,0.0,0.0,0.0,0.0,0.0,0.0,0.0,0.0,31485.0,9.0,42976.0,30067.0,9.0,42986.0
19.008794678986305,0.0,0.0,0.0,0.0,0.0,0.0,0.0,0.0,0.0,0.0,0.0,0.0,0.0,31486.0,9.0,42996.0,30068.0,9.0,43009.0
19.145977206004318,0.0,0.0,0.0,0.0,0.0,0.0,0.0,0.0,0.0,0.0,0.0,0.0,0.0,31487.0,9.0,43016.0,30069.0,9.0,43029.0
19.146101288992213,0.0,0.0,0.0,0.0,0.0,0.0,0.0,0.0,0.0,0.0,0.0,0.0,0.0,31488.0,9.0,43036.0,30070.0,9.0,43049.0
19.1461761489918,0.0,0.0,0.0,0.0,0.0,0.0,0.0,0.0,0.0,0.0,0.0,0.0,0.0,31490.0,9.0,43076.0,30071.0,9.0,43079.0
19.14624723099405,0.0,0.0,0.0,0.0,0.0,0.0,0.0,0.0,0.0,0.0,0.0,0.0,0.0,31490.0,9.0,43076.0,30072.0,9.0,43086.0
19.146309253002983,0.0,0.0,0.0,0.0,0.0,0.0,0.0,0.0,0.0,0.0,0.0,0.0,0.0,31492.0,9.0,43116.0,30073.0,9.0,43119.0
19.14636589199654,0.0,0.0,0.0,0.0,0.0,0.0,0.0,0.0,0.0,0.0,0.0,0.0,0.0,31492.0,9.0,43116.0,30074.0,9.0,43126.0
19.158908331999555,0.0,0.0,0.0,0.0,0.0,0.0,0.0,0.0,0.0,0.0,0.0,0.0,0.0,31494.0,9.0,43156.0,30075.0,9.0,43159.0
19.1721581449965,0.0,0.0,0.0,0.0,0.0,0.0,0.0,0.0,0.0,0.0,0.0,0.0,0.0,31494.0,9.0,43156.0,30076.0,9.0,43171.0
19.18925699198735,0.0,0.0,0.0,0.0,0.0,0.0,0.0,0.0,0.0,0.0,0.0,0.0,0.0,31495.0,9.0,43176.0,30077.0,9.0,43189.0
19.20862387798843,0.0,0.0,0.0,0.0,0.0,0.0,0.0,0.0,0.0,0.0,0.0,0.0,0.0,31496.0,9.0,43196.0,30078.0,9.0,43209.0
19.22861592998379,0.0,0.0,0.0,0.0,0.0,0.0,0.0,0.0,0.0,0.0,0.0,0.0,0.0,31497.0,9.0,43216.0,30079.0,9.0,43229.0
19.332137155986857,0.0,0.0,0.0,0.0,0.0,0.0,0.0,0.0,0.0,0.0,0.0,0.0,0.0,31498.0,9.0,43236.0,30080.0,9.0,43249.0
19.33224909901037,0.0,0.0,0.0,0.0,0.0,0.0,0.0,0.0,0.0,0.0,0.0,0.0,0.0,31500.0,9.0,43276.0,30081.0,9.0,43279.0
19.332315009000013,0.0,0.0,0.0,0.0,0.0,0.0,0.0,0.0,0.0,0.0,0.0,0.0,0.0,31500.0,9.0,43276.0,30082.0,9.0,43286.0
19.332387772999937,0.0,0.0,0.0,0.0,0.0,0.0,0.0,0.0,0.0,0.0,0.0,0.0,0.0,31502.0,9.0,43316.0,30083.0,9.0,43319.0
19.33247093198588,0.0,0.0,0.0,0.0,0.0,0.0,0.0,0.0,0.0,0.0,0.0,0.0,0.0,31502.0,9.0,43316.0,30084.0,9.0,43326.0
19.35968682001112,0.0,0.0,0.0,0.0,0.0,0.0,0.0,0.0,0.0,0.0,0.0,0.0,0.0,31503.0,9.0,43336.0,30085.0,9.0,43349.0
19.378110407997156,0.0,0.0,0.0,0.0,0.0,0.0,0.0,0.0,0.0,0.0,0.0,0.0,0.0,31505.0,9.0,43376.0,30086.0,9.0,43379.0
19.38556762499502,0.0,0.0,0.0,0.0,0.0,0.0,0.0,0.0,0.0,0.0,0.0,0.0,0.0,31505.0,9.0,43376.0,30087.0,9.0,43386.0
19.421406006993493,0.0,0.0,0.0,0.0,0.0,0.0,0.0,0.0,0.0,0.0,0.0,0.0,0.0,31507.0,9.0,43416.0,30088.0,9.0,43420.0
19.428431746986462,0.0,0.0,0.0,0.0,0.0,0.0,0.0,0.0,0.0,0.0,0.0,0.0,0.0,31507.0,9.0,43416.0,30089.0,9.0,43428.0
19.44833052600734,0.0,0.0,0.0,0.0,0.0,0.0,0.0,0.0,0.0,0.0,0.0,0.0,0.0,31508.0,9.0,43436.0,30090.0,9.0,43449.0
19.511043614009395,0.0,0.0,0.0,0.0,0.0,0.0,0.0,0.0,0.0,0.0,0.0,0.0,0.0,31510.0,9.0,43476.0,30091.0,9.0,43479.0
19.511132646002807,0.0,0.0,0.0,0.0,0.0,0.0,0.0,0.0,0.0,0.0,0.0,0.0,0.0,31510.0,9.0,43476.0,30092.0,9.0,43486.0
19.579908652987797,0.0,0.0,0.0,0.0,0.0,0.0,0.0,0.0,0.0,0.0,0.0,0.0,0.0,31512.0,9.0,43516.0,30093.0,9.0,43519.0
19.57999891700456,0.0,0.0,0.0,0.0,0.0,0.0,0.0,0.0,0.0,0.0,0.0,0.0,0.0,31512.0,9.0,43516.0,30094.0,9.0,43526.0
19.580058963008923,0.0,0.0,0.0,0.0,0.0,0.0,0.0,0.0,0.0,0.0,0.0,0.0,0.0,31514.0,9.0,43556.0,30095.0,9.0,43559.0
19.580139335012063,0.0,0.0,0.0,0.0,0.0,0.0,0.0,0.0,0.0,0.0,0.0,0.0,0.0,31514.0,9.0,43556.0,30096.0,9.0,43570.0
19.593217129004188,0.0,0.0,0.0,0.0,0.0,0.0,0.0,0.0,0.0,0.0,0.0,0.0,0.0,31515.0,9.0,43576.0,30097.0,9.0,43589.0
19.608748417987954,0.0,0.0,0.0,0.0,0.0,0.0,0.0,0.0,0.0,0.0,0.0,0.0,0.0,31516.0,9.0,43596.0,30098.0,9.0,43608.0
19.627971927984618,0.0,0.0,0.0,0.0,0.0,0.0,0.0,0.0,0.0,0.0,0.0,0.0,0.0,31517.0,9.0,43616.0,30099.0,9.0,43629.0
19.658048735000193,0.0,0.0,0.0,0.0,0.0,0.0,0.0,0.0,0.0,0.0,0.0,0.0,0.0,31518.0,9.0,43636.0,30100.0,9.0,43649.0
19.68173577199923,0.0,0.0,0.0,0.0,0.0,0.0,0.0,0.0,0.0,0.0,0.0,0.0,0.0,31520.0,9.0,43676.0,30101.0,9.0,43679.0
19.73417854399304,0.0,0.0,0.0,0.0,0.0,0.0,0.0,0.0,0.0,0.0,0.0,0.0,0.0,31520.0,9.0,43676.0,30102.0,9.0,43686.0
19.73426924899104,0.0,0.0,0.0,0.0,0.0,0.0,0.0,0.0,0.0,0.0,0.0,0.0,0.0,31521.0,9.0,43696.0,30103.0,9.0,43709.0
19.734329486003844,0.0,0.0,0.0,0.0,0.0,0.0,0.0,0.0,0.0,0.0,0.0,0.0,0.0,31522.0,9.0,43716.0,30104.0,9.0,43729.0
19.79995096998755,0.0,0.0,0.0,0.0,0.0,0.0,0.0,0.0,0.0,0.0,0.0,0.0,0.0,31523.0,9.0,43736.0,30105.0,9.0,43749.0
19.800091979006538,0.0,0.0,0.0,0.0,0.0,0.0,0.0,0.0,0.0,0.0,0.0,0.0,0.0,31525.0,9.0,43776.0,30106.0,9.0,43779.0
19.800184449006338,0.0,0.0,0.0,0.0,0.0,0.0,0.0,0.0,0.0,0.0,0.0,0.0,0.0,31525.0,9.0,43776.0,30107.0,9.0,43786.0
19.807921839004848,0.0,0.0,0.0,0.0,0.0,0.0,0.0,0.0,0.0,0.0,0.0,0.0,0.0,31526.0,9.0,43796.0,30108.0,9.0,43809.0
19.82825447100913,0.0,0.0,0.0,0.0,0.0,0.0,0.0,0.0,0.0,0.0,0.0,0.0,0.0,31527.0,9.0,43816.0,30109.0,9.0,43829.0
19.848404588992707,0.0,0.0,0.0,0.0,0.0,0.0,0.0,0.0,0.0,0.0,0.0,0.0,0.0,31528.0,9.0,43836.0,30110.0,9.0,43849.0
19.87914925799123,0.0,0.0,0.0,0.0,0.0,0.0,0.0,0.0,0.0,0.0,0.0,0.0,0.0,31530.0,9.0,43876.0,30111.0,9.0,43879.0
19.886098402988864,0.0,0.0,0.0,0.0,0.0,0.0,0.0,0.0,0.0,0.0,0.0,0.0,0.0,31530.0,9.0,43876.0,30112.0,9.0,43886.0
19.951236874010647,0.0,0.0,0.0,0.0,0.0,0.0,0.0,0.0,0.0,0.0,0.0,0.0,0.0,31531.0,9.0,43896.0,30113.0,9.0,43909.0
19.95146151300287,0.0,0.0,0.0,0.0,0.0,0.0,0.0,0.0,0.0,0.0,0.0,0.0,0.0,31532.0,9.0,43916.0,30114.0,9.0,43929.0
19.951520515984157,0.0,0.0,0.0,0.0,0.0,0.0,0.0,0.0,0.0,0.0,0.0,0.0,0.0,31533.0,9.0,43936.0,30115.0,9.0,43949.0
20.02007774799131,0.0,0.0,0.0,0.0,0.0,0.0,0.0,0.0,0.0,0.0,0.0,0.0,0.0,31535.0,9.0,43976.0,30116.0,9.0,43979.0
20.020176611986244,0.0,0.0,0.0,0.0,0.0,0.0,0.0,0.0,0.0,0.0,0.0,0.0,0.0,31535.0,9.0,43976.0,30117.0,9.0,43986.0
20.0202421300055,0.0,0.0,0.0,0.0,0.0,0.0,0.0,0.0,0.0,0.0,0.0,0.0,0.0,31536.0,9.0,43996.0,30118.0,9.0,44009.0
20.028138941997895,0.0,0.0,0.0,0.0,0.0,0.0,0.0,0.0,0.0,0.0,0.0,0.0,0.0,31537.0,9.0,44016.0,30119.0,9.0,44029.0
20.04831763499533,0.0,0.0,0.0,0.0,0.0,0.0,0.0,0.0,0.0,0.0,0.0,0.0,0.0,31538.0,9.0,44036.0,30120.0,9.0,44049.0
20.080022026988445,0.0,0.0,0.0,0.0,0.0,0.0,0.0,0.0,0.0,0.0,0.0,0.0,0.0,31540.0,9.0,44076.0,30121.0,9.0,44079.0
20.085303014988312,0.0,0.0,0.0,0.0,0.0,0.0,0.0,0.0,0.0,0.0,0.0,0.0,0.0,31540.0,9.0,44076.0,30122.0,9.0,44086.0
20.10825799498707,0.0,0.0,0.0,0.0,0.0,0.0,0.0,0.0,0.0,0.0,0.0,0.0,0.0,31541.0,9.0,44096.0,30123.0,9.0,44109.0
20.240078561007977,0.0,0.0,0.0,0.0,0.0,0.0,0.0,0.0,0.0,0.0,0.0,0.0,0.0,31542.0,9.0,44116.0,30124.0,9.0,44129.0
20.240191055985633,0.0,0.0,0.0,0.0,0.0,0.0,0.0,0.0,0.0,0.0,0.0,0.0,0.0,31543.0,9.0,44136.0,30125.0,9.0,44149.0
20.240265523985727,0.0,0.0,0.0,0.0,0.0,0.0,0.0,0.0,0.0,0.0,0.0,0.0,0.0,31545.0,9.0,44176.0,30126.0,9.0,44179.0
20.24032479900052,0.0,0.0,0.0,0.0,0.0,0.0,0.0,0.0,0.0,0.0,0.0,0.0,0.0,31545.0,9.0,44176.0,30127.0,9.0,44186.0
20.240380625007674,0.0,0.0,0.0,0.0,0.0,0.0,0.0,0.0,0.0,0.0,0.0,0.0,0.0,31546.0,9.0,44196.0,30128.0,9.0,44209.0
20.240435568994144,0.0,0.0,0.0,0.0,0.0,0.0,0.0,0.0,0.0,0.0,0.0,0.0,0.0,31547.0,9.0,44216.0,30129.0,9.0,44229.0
20.25739832999534,0.0,0.0,0.0,0.0,0.0,0.0,0.0,0.0,0.0,0.0,0.0,0.0,0.0,31548.0,9.0,44236.0,30130.0,9.0,44249.0
20.279411388997687,0.0,0.0,0.0,0.0,0.0,0.0,0.0,0.0,0.0,0.0,0.0,0.0,0.0,31550.0,9.0,44276.0,30131.0,9.0,44279.0
20.286166175996186,0.0,0.0,0.0,0.0,0.0,0.0,0.0,0.0,0.0,0.0,0.0,0.0,0.0,31550.0,9.0,44276.0,30132.0,9.0,44286.0
20.310473082005046,0.0,0.0,0.0,0.0,0.0,0.0,0.0,0.0,0.0,0.0,0.0,0.0,0.0,31551.0,9.0,44296.0,30133.0,9.0,44309.0
20.32840012499946,0.0,0.0,0.0,0.0,0.0,0.0,0.0,0.0,0.0,0.0,0.0,0.0,0.0,31552.0,9.0,44316.0,30134.0,9.0,44329.0
20.461889680009335,0.0,0.0,0.0,0.0,0.0,0.0,0.0,0.0,0.0,0.0,0.0,0.0,0.0,31553.0,9.0,44336.0,30135.0,9.0,44349.0
20.46199692200753,0.0,0.0,0.0,0.0,0.0,0.0,0.0,0.0,0.0,0.0,0.0,0.0,0.0,31555.0,9.0,44376.0,30136.0,9.0,44379.0
20.462063410988776,0.0,0.0,0.0,0.0,0.0,0.0,0.0,0.0,0.0,0.0,0.0,0.0,0.0,31555.0,9.0,44376.0,30137.0,9.0,44386.0
20.462121160991956,0.0,0.0,0.0,0.0,0.0,0.0,0.0,0.0,0.0,0.0,0.0,0.0,0.0,31556.0,9.0,44396.0,30138.0,9.0,44408.0
20.462187469995115,0.0,0.0,0.0,0.0,0.0,0.0,0.0,0.0,0.0,0.0,0.0,0.0,0.0,31557.0,9.0,44416.0,30139.0,9.0,44429.0
20.462274846999208,0.0,0.0,0.0,0.0,0.0,0.0,0.0,0.0,0.0,0.0,0.0,0.0,0.0,31558.0,9.0,44436.0,30140.0,9.0,44449.0
20.4807313309866,0.0,0.0,0.0,0.0,0.0,0.0,0.0,0.0,0.0,0.0,0.0,0.0,0.0,31560.0,9.0,44476.0,30141.0,9.0,44479.0
20.485894876997918,0.0,0.0,0.0,0.0,0.0,0.0,0.0,0.0,0.0,0.0,0.0,0.0,0.0,31560.0,9.0,44476.0,30142.0,9.0,44487.0
20.509093369997572,0.0,0.0,0.0,0.0,0.0,0.0,0.0,0.0,0.0,0.0,0.0,0.0,0.0,31561.0,9.0,44496.0,30143.0,9.0,44509.0
20.53051134600537,0.0,0.0,0.0,0.0,0.0,0.0,0.0,0.0,0.0,0.0,0.0,0.0,0.0,31562.0,9.0,44516.0,30144.0,9.0,44529.0
20.54940781899495,0.0,0.0,0.0,0.0,0.0,0.0,0.0,0.0,0.0,0.0,0.0,0.0,0.0,31563.0,9.0,44536.0,30145.0,9.0,44549.0
20.687364434998017,0.0,0.0,0.0,0.0,0.0,0.0,0.0,0.0,0.0,0.0,0.0,0.0,0.0,31565.0,9.0,44576.0,30146.0,9.0,44580.0
20.687524545006454,0.0,0.0,0.0,0.0,0.0,0.0,0.0,0.0,0.0,0.0,0.0,0.0,0.0,31565.0,9.0,44576.0,30147.0,9.0,44586.0
20.687595844996395,0.0,0.0,0.0,0.0,0.0,0.0,0.0,0.0,0.0,0.0,0.0,0.0,0.0,31566.0,9.0,44596.0,30148.0,9.0,44609.0
20.687658206006745,0.0,0.0,0.0,0.0,0.0,0.0,0.0,0.0,0.0,0.0,0.0,0.0,0.0,31567.0,9.0,44616.0,30149.0,9.0,44629.0
20.687715484993532,0.0,0.0,0.0,0.0,0.0,0.0,0.0,0.0,0.0,0.0,0.0,0.0,0.0,31568.0,9.0,44636.0,30150.0,9.0,44649.0
20.68777271299041,0.0,0.0,0.0,0.0,0.0,0.0,0.0,0.0,0.0,0.0,0.0,0.0,0.0,31570.0,9.0,44676.0,30151.0,9.0,44679.0
20.687826784997014,0.0,0.0,0.0,0.0,0.0,0.0,0.0,0.0,0.0,0.0,0.0,0.0,0.0,31570.0,9.0,44676.0,30152.0,9.0,44686.0
20.70867179200286,0.0,0.0,0.0,0.0,0.0,0.0,0.0,0.0,0.0,0.0,0.0,0.0,0.0,31571.0,9.0,44696.0,30153.0,9.0,44709.0
20.72998398100026,0.0,0.0,0.0,0.0,0.0,0.0,0.0,0.0,0.0,0.0,0.0,0.0,0.0,31572.0,9.0,44716.0,30154.0,9.0,44729.0
20.749401635985123,0.0,0.0,0.0,0.0,0.0,0.0,0.0,0.0,0.0,0.0,0.0,0.0,0.0,31573.0,9.0,44736.0,30155.0,9.0,44749.0
20.78055804298492,0.0,0.0,0.0,0.0,0.0,0.0,0.0,0.0,0.0,0.0,0.0,0.0,0.0,31575.0,9.0,44776.0,30156.0,9.0,44779.0
20.904553769010818,0.0,0.0,0.0,0.0,0.0,0.0,0.0,0.0,0.0,0.0,0.0,0.0,0.0,31575.0,9.0,44776.0,30157.0,9.0,44786.0
20.90467788800015,0.0,0.0,0.0,0.0,0.0,0.0,0.0,0.0,0.0,0.0,0.0,0.0,0.0,31576.0,9.0,44796.0,30158.0,9.0,44809.0
20.904744517989457,0.0,0.0,0.0,0.0,0.0,0.0,0.0,0.0,0.0,0.0,0.0,0.0,0.0,31577.0,9.0,44816.0,30159.0,9.0,44829.0
20.91881110498798,0.0,0.0,0.0,0.0,0.0,0.0,0.0,0.0,0.0,0.0,0.0,0.0,0.0,31582.0,9.0,44916.0,30160.0,9.0,44917.0
20.93146114499541,0.0,0.0,0.0,0.0,0.0,0.0,0.0,0.0,0.0,0.0,0.0,0.0,0.0,31582.0,9.0,44916.0,30161.0,9.0,44930.0
20.949131319997832,0.0,0.0,0.0,0.0,0.0,0.0,0.0,0.0,0.0,0.0,0.0,0.0,0.0,31583.0,9.0,44936.0,30162.0,9.0,44949.0
20.968813821993535,0.0,0.0,0.0,0.0,0.0,0.0,0.0,0.0,0.0,0.0,0.0,0.0,0.0,31584.0,9.0,44956.0,30163.0,9.0,44969.0
20.991811001003953,0.0,0.0,0.0,0.0,0.0,0.0,0.0,0.0,0.0,0.0,0.0,0.0,0.0,31585.0,9.0,44976.0,30164.0,9.0,44989.0
21.0215928539983,0.0,0.0,0.0,0.0,0.0,0.0,0.0,0.0,0.0,0.0,0.0,0.0,0.0,31586.0,9.0,44996.0,30165.0,9.0,45009.0
21.04226696700789,0.0,0.0,0.0,0.0,0.0,0.0,0.0,0.0,0.0,0.0,0.0,0.0,0.0,31588.0,9.0,45036.0,30166.0,9.0,45039.0
21.127096567011904,0.0,0.0,0.0,0.0,0.0,0.0,0.0,0.0,0.0,0.0,0.0,0.0,0.0,31588.0,9.0,45036.0,30167.0,9.0,45046.0
21.127228964993265,0.0,0.0,0.0,0.0,0.0,0.0,0.0,0.0,0.0,0.0,0.0,0.0,0.0,31589.0,9.0,45056.0,30168.0,9.0,45069.0
21.127298492006958,0.0,0.0,0.0,0.0,0.0,0.0,0.0,0.0,0.0,0.0,0.0,0.0,0.0,31590.0,9.0,45076.0,30169.0,9.0,45089.0
21.12735873699421,0.0,0.0,0.0,0.0,0.0,0.0,0.0,0.0,0.0,0.0,0.0,0.0,0.0,31591.0,9.0,45096.0,30170.0,9.0,45109.0
21.1393155780097,0.0,0.0,0.0,0.0,0.0,0.0,0.0,0.0,0.0,0.0,0.0,0.0,0.0,31593.0,9.0,45136.0,30171.0,9.0,45139.0
21.14667657899554,0.0,0.0,0.0,0.0,0.0,0.0,0.0,0.0,0.0,0.0,0.0,0.0,0.0,31593.0,9.0,45136.0,30172.0,9.0,45146.0
21.180485080985818,0.0,0.0,0.0,0.0,0.0,0.0,0.0,0.0,0.0,0.0,0.0,0.0,0.0,31595.0,9.0,45176.0,30173.0,9.0,45179.0
21.18578781100223,0.0,0.0,0.0,0.0,0.0,0.0,0.0,0.0,0.0,0.0,0.0,0.0,0.0,31595.0,9.0,45176.0,30174.0,9.0,45186.0
21.21988520398736,0.0,0.0,0.0,0.0,0.0,0.0,0.0,0.0,0.0,0.0,0.0,0.0,0.0,31597.0,9.0,45216.0,30175.0,9.0,45219.0
21.345130772999255,0.0,0.0,0.0,0.0,0.0,0.0,0.0,0.0,0.0,0.0,0.0,0.0,0.0,31597.0,9.0,45216.0,30176.0,9.0,45230.0
21.345251953986008,0.0,0.0,0.0,0.0,0.0,0.0,0.0,0.0,0.0,0.0,0.0,0.0,0.0,31598.0,9.0,45236.0,30177.0,9.0,45249.0
21.345325709000463,0.0,0.0,0.0,0.0,0.0,0.0,0.0,0.0,0.0,0.0,0.0,0.0,0.0,31599.0,9.0,45256.0,30178.0,9.0,45269.0
21.345386013010284,0.0,0.0,0.0,0.0,0.0,0.0,0.0,0.0,0.0,0.0,0.0,0.0,0.0,31600.0,9.0,45276.0,30179.0,9.0,45289.0
21.345446338003967,0.0,0.0,0.0,0.0,0.0,0.0,0.0,0.0,0.0,0.0,0.0,0.0,0.0,31601.0,9.0,45296.0,30180.0,9.0,45309.0
21.345501200994477,0.0,0.0,0.0,0.0,0.0,0.0,0.0,0.0,0.0,0.0,0.0,0.0,0.0,31603.0,9.0,45336.0,30181.0,9.0,45339.0
21.350723565992666,0.0,0.0,0.0,0.0,0.0,0.0,0.0,0.0,0.0,0.0,0.0,0.0,0.0,31603.0,9.0,45336.0,30182.0,9.0,45346.0
21.379401671001688,0.0,0.0,0.0,0.0,0.0,0.0,0.0,0.0,0.0,0.0,0.0,0.0,0.0,31605.0,9.0,45376.0,30183.0,9.0,45379.0
21.3867255540099,0.0,0.0,0.0,0.0,0.0,0.0,0.0,0.0,0.0,0.0,0.0,0.0,0.0,31605.0,9.0,45376.0,30184.0,9.0,45386.0
21.42201690399088,0.0,0.0,0.0,0.0,0.0,0.0,0.0,0.0,0.0,0.0,0.0,0.0,0.0,31607.0,9.0,45416.0,30185.0,9.0,45421.0
21.43270614100038,0.0,0.0,0.0,0.0,0.0,0.0,0.0,0.0,0.0,0.0,0.0,0.0,0.0,31607.0,9.0,45416.0,30186.0,9.0,45432.0
21.56525525599136,0.0,0.0,0.0,0.0,0.0,0.0,0.0,0.0,0.0,0.0,0.0,0.0,0.0,31609.0,9.0,45456.0,30187.0,9.0,45459.0
21.565364289010176,0.0,0.0,0.0,0.0,0.0,0.0,0.0,0.0,0.0,0.0,0.0,0.0,0.0,31609.0,9.0,45456.0,30188.0,9.0,45466.0
21.565427439985797,0.0,0.0,0.0,0.0,0.0,0.0,0.0,0.0,0.0,0.0,0.0,0.0,0.0,31610.0,9.0,45476.0,30189.0,9.0,45489.0
21.56548550000298,0.0,0.0,0.0,0.0,0.0,0.0,0.0,0.0,0.0,0.0,0.0,0.0,0.0,31611.0,9.0,45496.0,30190.0,9.0,45509.0
21.56557150298613,0.0,0.0,0.0,0.0,0.0,0.0,0.0,0.0,0.0,0.0,0.0,0.0,0.0,31613.0,9.0,45536.0,30191.0,9.0,45539.0
21.565627067000605,0.0,0.0,0.0,0.0,0.0,0.0,0.0,0.0,0.0,0.0,0.0,0.0,0.0,31613.0,9.0,45536.0,30192.0,9.0,45546.0
21.569483108003624,0.0,0.0,0.0,0.0,0.0,0.0,0.0,0.0,0.0,0.0,0.0,0.0,0.0,31614.0,9.0,45556.0,30193.0,9.0,45569.0
21.589511925005354,0.0,0.0,0.0,0.0,0.0,0.0,0.0,0.0,0.0,0.0,0.0,0.0,0.0,31615.0,9.0,45576.0,30194.0,9.0,45589.0
21.610642485989956,0.0,0.0,0.0,0.0,0.0,0.0,0.0,0.0,0.0,0.0,0.0,0.0,0.0,31616.0,9.0,45596.0,30195.0,9.0,45610.0
21.643053304986097,0.0,0.0,0.0,0.0,0.0,0.0,0.0,0.0,0.0,0.0,0.0,0.0,0.0,31618.0,9.0,45636.0,30196.0,9.0,45639.0
21.646672617003787,0.0,0.0,0.0,0.0,0.0,0.0,0.0,0.0,0.0,0.0,0.0,0.0,0.0,31618.0,9.0,45636.0,30197.0,9.0,45646.0
21.78166775999125,0.0,0.0,0.0,0.0,0.0,0.0,0.0,0.0,0.0,0.0,0.0,0.0,0.0,31619.0,9.0,45656.0,30198.0,9.0,45669.0
21.78176725198864,0.0,0.0,0.0,0.0,0.0,0.0,0.0,0.0,0.0,0.0,0.0,0.0,0.0,31620.0,9.0,45676.0,30199.0,9.0,45689.0
21.781831606000196,0.0,0.0,0.0,0.0,0.0,0.0,0.0,0.0,0.0,0.0,0.0,0.0,0.0,31621.0,9.0,45696.0,30200.0,9.0,45708.0
21.78191522299312,0.0,0.0,0.0,0.0,0.0,0.0,0.0,0.0,0.0,0.0,0.0,0.0,0.0,31623.0,9.0,45736.0,30201.0,9.0,45739.0
21.781994049000787,0.0,0.0,0.0,0.0,0.0,0.0,0.0,0.0,0.0,0.0,0.0,0.0,0.0,31623.0,9.0,45736.0,30202.0,9.0,45746.0
21.78207059999113,0.0,0.0,0.0,0.0,0.0,0.0,0.0,0.0,0.0,0.0,0.0,0.0,0.0,31625.0,9.0,45775.0,30203.0,9.0,45779.0
21.79255222401116,0.0,0.0,0.0,0.0,0.0,0.0,0.0,0.0,0.0,0.0,0.0,0.0,0.0,31625.0,9.0,45775.0,30204.0,9.0,45786.0
21.819854551984463,0.0,0.0,0.0,0.0,0.0,0.0,0.0,0.0,0.0,0.0,0.0,0.0,0.0,31627.0,9.0,45816.0,30205.0,9.0,45819.0
21.831554128002608,0.0,0.0,0.0,0.0,0.0,0.0,0.0,0.0,0.0,0.0,0.0,0.0,0.0,31627.0,9.0,45816.0,30206.0,9.0,45831.0
21.850818798004184,0.0,0.0,0.0,0.0,0.0,0.0,0.0,0.0,0.0,0.0,0.0,0.0,0.0,31628.0,9.0,45836.0,30207.0,9.0,45849.0
21.869819626997923,0.0,0.0,0.0,0.0,0.0,0.0,0.0,0.0,0.0,0.0,0.0,0.0,0.0,31629.0,9.0,45856.0,30208.0,9.0,45869.0
22.011076678987592,0.0,0.0,0.0,0.0,0.0,0.0,0.0,0.0,0.0,0.0,0.0,0.0,0.0,31630.0,9.0,45876.0,30209.0,9.0,45889.0
22.01542621300905,0.0,0.0,0.0,0.0,0.0,0.0,0.0,0.0,0.0,0.0,0.0,0.0,0.0,31631.0,9.0,45896.0,30210.0,9.0,45909.0
22.015711059997557,0.0,0.0,0.0,0.0,0.0,0.0,0.0,0.0,0.0,0.0,0.0,0.0,0.0,31633.0,9.0,45936.0,30211.0,9.0,45939.0
22.01593901999877,0.0,0.0,0.0,0.0,0.0,0.0,0.0,0.0,0.0,0.0,0.0,0.0,0.0,31633.0,9.0,45936.0,30212.0,9.0,45946.0
22.01600629001041,0.0,0.0,0.0,0.0,0.0,0.0,0.0,0.0,0.0,0.0,0.0,0.0,0.0,31635.0,9.0,45976.0,30213.0,9.0,45979.0
22.016061764006736,0.0,0.0,0.0,0.0,0.0,0.0,0.0,0.0,0.0,0.0,0.0,0.0,0.0,31635.0,9.0,45976.0,30214.0,9.0,45986.0
22.01611706800759,0.0,0.0,0.0,0.0,0.0,0.0,0.0,0.0,0.0,0.0,0.0,0.0,0.0,31636.0,9.0,45996.0,30215.0,9.0,46009.0
22.042713287984952,0.0,0.0,0.0,0.0,0.0,0.0,0.0,0.0,0.0,0.0,0.0,0.0,0.0,31638.0,9.0,46036.0,30216.0,9.0,46039.0
22.047496231010882,0.0,0.0,0.0,0.0,0.0,0.0,0.0,0.0,0.0,0.0,0.0,0.0,0.0,31638.0,9.0,46036.0,30217.0,9.0,46046.0
22.0794560519862,0.0,0.0,0.0,0.0,0.0,0.0,0.0,0.0,0.0,0.0,0.0,0.0,0.0,31639.0,9.0,46056.0,30218.0,9.0,46069.0
22.08865116900415,0.0,0.0,0.0,0.0,0.0,0.0,0.0,0.0,0.0,0.0,0.0,0.0,0.0,31640.0,9.0,46076.0,30219.0,9.0,46089.0
22.220727826992515,0.0,0.0,0.0,0.0,0.0,0.0,0.0,0.0,0.0,0.0,0.0,0.0,0.0,31641.0,9.0,46096.0,30220.0,9.0,46109.0
22.221016182011226,0.0,0.0,0.0,0.0,0.0,0.0,0.0,0.0,0.0,0.0,0.0,0.0,0.0,31643.0,9.0,46136.0,30221.0,9.0,46139.0
22.22108299098909,0.0,0.0,0.0,0.0,0.0,0.0,0.0,0.0,0.0,0.0,0.0,0.0,0.0,31643.0,9.0,46136.0,30222.0,9.0,46146.0
22.221141251007793,0.0,0.0,0.0,0.0,0.0,0.0,0.0,0.0,0.0,0.0,0.0,0.0,0.0,31644.0,9.0,46156.0,30223.0,9.0,46169.0
22.221212019998347,0.0,0.0,0.0,0.0,0.0,0.0,0.0,0.0,0.0,0.0,0.0,0.0,0.0,31645.0,9.0,46176.0,30224.0,9.0,46189.0
22.22582035200321,0.0,0.0,0.0,0.0,0.0,0.0,0.0,0.0,0.0,0.0,0.0,0.0,0.0,31646.0,9.0,46196.0,30225.0,9.0,46208.0
22.240998405002756,0.0,0.0,0.0,0.0,0.0,0.0,0.0,0.0,0.0,0.0,0.0,0.0,0.0,31648.0,9.0,46236.0,30226.0,9.0,46239.0
22.246920395002235,0.0,0.0,0.0,0.0,0.0,0.0,0.0,0.0,0.0,0.0,0.0,0.0,0.0,31648.0,9.0,46236.0,30227.0,9.0,46246.0
22.27013435799745,0.0,0.0,0.0,0.0,0.0,0.0,0.0,0.0,0.0,0.0,0.0,0.0,0.0,31649.0,9.0,46256.0,30228.0,9.0,46269.0
22.28968763400917,0.0,0.0,0.0,0.0,0.0,0.0,0.0,0.0,0.0,0.0,0.0,0.0,0.0,31650.0,9.0,46276.0,30229.0,9.0,46289.0
22.310333928995533,0.0,0.0,0.0,0.0,0.0,0.0,0.0,0.0,0.0,0.0,0.0,0.0,0.0,31651.0,9.0,46296.0,30230.0,9.0,46309.0
22.736364476004383,0.0,0.0,0.0,0.0,0.0,0.0,0.0,0.0,0.0,0.0,0.0,0.0,0.0,31657.0,9.0,46416.0,30235.0,9.0,46420.0
22.736550380010158,0.0,0.0,0.0,0.0,0.0,0.0,0.0,0.0,0.0,0.0,0.0,0.0,0.0,31662.0,9.0,46516.0,30241.0,9.0,46529.0
22.73661707798601,0.0,0.0,0.0,0.0,0.0,0.0,0.0,0.0,0.0,0.0,0.0,0.0,0.0,31663.0,9.0,46536.0,30242.0,9.0,46549.0
22.736677220993442,0.0,0.0,0.0,0.0,0.0,0.0,0.0,0.0,0.0,0.0,0.0,0.0,0.0,31664.0,9.0,46556.0,30243.0,9.0,46569.0
22.736734187987167,0.0,0.0,0.0,0.0,0.0,0.0,0.0,0.0,0.0,0.0,0.0,0.0,0.0,31665.0,9.0,46576.0,30244.0,9.0,46589.0
22.73678705500788,0.0,0.0,0.0,0.0,0.0,0.0,0.0,0.0,0.0,0.0,0.0,0.0,0.0,31666.0,9.0,46596.0,30245.0,9.0,46609.0
22.736839391989633,0.0,0.0,0.0,0.0,0.0,0.0,0.0,0.0,0.0,0.0,0.0,0.0,0.0,31668.0,9.0,46636.0,30246.0,9.0,46639.0
22.736892440007068,0.0,0.0,0.0,0.0,0.0,0.0,0.0,0.0,0.0,0.0,0.0,0.0,0.0,31668.0,9.0,46636.0,30247.0,9.0,46646.0
22.736944985983428,0.0,0.0,0.0,0.0,0.0,0.0,0.0,0.0,0.0,0.0,0.0,0.0,0.0,31669.0,9.0,46656.0,30248.0,9.0,46669.0
22.73699684199528,0.0,0.0,0.0,0.0,0.0,0.0,0.0,0.0,0.0,0.0,0.0,0.0,0.0,31670.0,9.0,46676.0,30249.0,9.0,46689.0
22.737049407995073,0.0,0.0,0.0,0.0,0.0,0.0,0.0,0.0,0.0,0.0,0.0,0.0,0.0,31671.0,9.0,46696.0,30250.0,9.0,46709.0
22.74009970598854,0.0,0.0,0.0,0.0,0.0,0.0,0.0,0.0,0.0,0.0,0.0,0.0,0.0,31673.0,9.0,46736.0,30251.0,9.0,46739.0
22.74710870999843,0.0,0.0,0.0,0.0,0.0,0.0,0.0,0.0,0.0,0.0,0.0,0.0,0.0,31673.0,9.0,46736.0,30252.0,9.0,46746.0
22.782131248008227,0.0,0.0,0.0,0.0,0.0,0.0,0.0,0.0,0.0,0.0,0.0,0.0,0.0,31675.0,9.0,46776.0,30253.0,9.0,46779.0
22.78613370101084,0.0,0.0,0.0,0.0,0.0,0.0,0.0,0.0,0.0,0.0,0.0,0.0,0.0,31675.0,9.0,46776.0,30254.0,9.0,46786.0
22.820236756000668,0.0,0.0,0.0,0.0,0.0,0.0,0.0,0.0,0.0,0.0,0.0,0.0,0.0,31677.0,9.0,46816.0,30255.0,9.0,46819.0
22.83865689500817,0.0,0.0,0.0,0.0,0.0,0.0,0.0,0.0,0.0,0.0,0.0,0.0,0.0,31678.0,9.0,46836.0,30256.0,9.0,46838.0
23.24418568899273,0.0,0.0,0.0,0.0,0.0,0.0,0.0,0.0,0.0,0.0,0.0,0.0,0.0,31678.0,9.0,46836.0,30257.0,9.0,46845.0
23.24435264998465,0.0,0.0,0.0,0.0,0.0,0.0,0.0,0.0,0.0,0.0,0.0,0.0,0.0,31680.0,9.0,46876.0,30258.0,9.0,46879.0
23.244419377995655,0.0,0.0,0.0,0.0,0.0,0.0,0.0,0.0,0.0,0.0,0.0,0.0,0.0,31680.0,9.0,46876.0,30259.0,9.0,46886.0
23.244477958010975,0.0,0.0,0.0,0.0,0.0,0.0,0.0,0.0,0.0,0.0,0.0,0.0,0.0,31681.0,9.0,46896.0,30260.0,9.0,46909.0
23.244532640004763,0.0,0.0,0.0,0.0,0.0,0.0,0.0,0.0,0.0,0.0,0.0,0.0,0.0,31683.0,9.0,46936.0,30261.0,9.0,46939.0
23.244586699991487,0.0,0.0,0.0,0.0,0.0,0.0,0.0,0.0,0.0,0.0,0.0,0.0,0.0,31683.0,9.0,46936.0,30262.0,9.0,46946.0
23.244640629010973,0.0,0.0,0.0,0.0,0.0,0.0,0.0,0.0,0.0,0.0,0.0,0.0,0.0,31684.0,9.0,46956.0,30263.0,9.0,46969.0
23.244692734995624,0.0,0.0,0.0,0.0,0.0,0.0,0.0,0.0,0.0,0.0,0.0,0.0,0.0,31685.0,9.0,46976.0,30264.0,9.0,46989.0
23.244747035991168,0.0,0.0,0.0,0.0,0.0,0.0,0.0,0.0,0.0,0.0,0.0,0.0,0.0,31686.0,9.0,46996.0,30265.0,9.0,47009.0
23.244799842999782,0.0,0.0,0.0,0.0,0.0,0.0,0.0,0.0,0.0,0.0,0.0,0.0,0.0,31688.0,9.0,47036.0,30266.0,9.0,47039.0
23.2448502650077,0.0,0.0,0.0,0.0,0.0,0.0,0.0,0.0,0.0,0.0,0.0,0.0,0.0,31688.0,9.0,47036.0,30267.0,9.0,47046.0
23.244905056984862,0.0,0.0,0.0,0.0,0.0,0.0,0.0,0.0,0.0,0.0,0.0,0.0,0.0,31690.0,9.0,47076.0,30268.0,9.0,47079.0
23.244957863993477,0.0,0.0,0.0,0.0,0.0,0.0,0.0,0.0,0.0,0.0,0.0,0.0,0.0,31690.0,9.0,47076.0,30269.0,9.0,47086.0
23.245009999984177,0.0,0.0,0.0,0.0,0.0,0.0,0.0,0.0,0.0,0.0,0.0,0.0,0.0,31692.0,9.0,47116.0,30270.0,9.0,47119.0
23.24510806798935,0.0,0.0,0.0,0.0,0.0,0.0,0.0,0.0,0.0,0.0,0.0,0.0,0.0,31692.0,9.0,47116.0,30271.0,9.0,47130.0
23.2451933179982,0.0,0.0,0.0,0.0,0.0,0.0,0.0,0.0,0.0,0.0,0.0,0.0,0.0,31693.0,9.0,47136.0,30272.0,9.0,47149.0
23.245272733998718,0.0,0.0,0.0,0.0,0.0,0.0,0.0,0.0,0.0,0.0,0.0,0.0,0.0,31694.0,9.0,47156.0,30273.0,9.0,47169.0
23.245352491008816,0.0,0.0,0.0,0.0,0.0,0.0,0.0,0.0,0.0,0.0,0.0,0.0,0.0,31695.0,9.0,47176.0,30274.0,9.0,47189.0
23.245585369004402,0.0,0.0,0.0,0.0,0.0,0.0,0.0,0.0,0.0,0.0,0.0,0.0,0.0,31696.0,9.0,47196.0,30275.0,9.0,47209.0
23.245764686987968,0.0,0.0,0.0,0.0,0.0,0.0,0.0,0.0,0.0,0.0,0.0,0.0,0.0,31698.0,9.0,47236.0,30276.0,9.0,47239.0
23.250486589007778,0.0,0.0,0.0,0.0,0.0,0.0,0.0,0.0,0.0,0.0,0.0,0.0,0.0,31698.0,9.0,47236.0,30277.0,9.0,47246.0
23.281023854011437,0.0,0.0,0.0,0.0,0.0,0.0,0.0,0.0,0.0,0.0,0.0,0.0,0.0,31700.0,9.0,47276.0,30278.0,9.0,47279.0
23.287462203996256,0.0,0.0,0.0,0.0,0.0,0.0,0.0,0.0,0.0,0.0,0.0,0.0,0.0,31700.0,9.0,47276.0,30279.0,9.0,47286.0
23.322764374985127,0.0,0.0,0.0,0.0,0.0,0.0,0.0,0.0,0.0,0.0,0.0,0.0,0.0,31702.0,9.0,47316.0,30280.0,9.0,47319.0
23.34580529498635,0.0,0.0,0.0,0.0,0.0,0.0,0.0,0.0,0.0,0.0,0.0,0.0,0.0,31702.0,9.0,47316.0,30281.0,9.0,47331.0
23.759555470984196,0.0,0.0,0.0,0.0,0.0,0.0,0.0,0.0,0.0,0.0,0.0,0.0,0.0,31703.0,9.0,47336.0,30282.0,9.0,47350.0
23.7597178700089,0.0,0.0,0.0,0.0,0.0,0.0,0.0,0.0,0.0,0.0,0.0,0.0,0.0,31704.0,9.0,47356.0,30283.0,9.0,47369.0
23.759787343005883,0.0,0.0,0.0,0.0,0.0,0.0,0.0,0.0,0.0,0.0,0.0,0.0,0.0,31705.0,9.0,47376.0,30284.0,9.0,47389.0
23.75984864900238,0.0,0.0,0.0,0.0,0.0,0.0,0.0,0.0,0.0,0.0,0.0,0.0,0.0,31706.0,9.0,47396.0,30285.0,9.0,47409.0
23.75991035500192,0.0,0.0,0.0,0.0,0.0,0.0,0.0,0.0,0.0,0.0,0.0,0.0,0.0,31708.0,9.0,47436.0,30286.0,9.0,47439.0
23.759965497010853,0.0,0.0,0.0,0.0,0.0,0.0,0.0,0.0,0.0,0.0,0.0,0.0,0.0,31708.0,9.0,47436.0,30287.0,9.0,47447.0
23.760018794011557,0.0,0.0,0.0,0.0,0.0,0.0,0.0,0.0,0.0,0.0,0.0,0.0,0.0,31709.0,9.0,47456.0,30288.0,9.0,47469.0
23.760071711003548,0.0,0.0,0.0,0.0,0.0,0.0,0.0,0.0,0.0,0.0,0.0,0.0,0.0,31710.0,9.0,47476.0,30289.0,9.0,47489.0
23.760124377993634,0.0,0.0,0.0,0.0,0.0,0.0,0.0,0.0,0.0,0.0,0.0,0.0,0.0,31711.0,9.0,47496.0,30290.0,9.0,47509.0
23.76029765000567,0.0,0.0,0.0,0.0,0.0,0.0,0.0,0.0,0.0,0.0,0.0,0.0,0.0,31713.0,9.0,47536.0,30291.0,9.0,47539.0
23.76812742400216,0.0,0.0,0.0,0.0,0.0,0.0,0.0,0.0,0.0,0.0,0.0,0.0,0.0,31714.0,9.0,47556.0,30293.0,9.0,47569.0
23.768402321002213,0.0,0.0,0.0,0.0,0.0,0.0,0.0,0.0,0.0,0.0,0.0,0.0,0.0,31715.0,9.0,47576.0,30294.0,9.0,47589.0
23.768624010001076,0.0,0.0,0.0,0.0,0.0,0.0,0.0,0.0,0.0,0.0,0.0,0.0,0.0,31716.0,9.0,47596.0,30295.0,9.0,47609.0
23.768835827999283,0.0,0.0,0.0,0.0,0.0,0.0,0.0,0.0,0.0,0.0,0.0,0.0,0.0,31718.0,9.0,47636.0,30296.0,9.0,47639.0
23.768949007993797,0.0,0.0,0.0,0.0,0.0,0.0,0.0,0.0,0.0,0.0,0.0,0.0,0.0,31718.0,9.0,47636.0,30297.0,9.0,47646.0
23.769001273991307,0.0,0.0,0.0,0.0,0.0,0.0,0.0,0.0,0.0,0.0,0.0,0.0,0.0,31719.0,9.0,47656.0,30298.0,9.0,47669.0
23.76905269699637,0.0,0.0,0.0,0.0,0.0,0.0,0.0,0.0,0.0,0.0,0.0,0.0,0.0,31720.0,9.0,47676.0,30299.0,9.0,47689.0
23.769103759987047,0.0,0.0,0.0,0.0,0.0,0.0,0.0,0.0,0.0,0.0,0.0,0.0,0.0,31721.0,9.0,47696.0,30300.0,9.0,47709.0
23.76915458199801,0.0,0.0,0.0,0.0,0.0,0.0,0.0,0.0,0.0,0.0,0.0,0.0,0.0,31723.0,9.0,47736.0,30301.0,9.0,47739.0
23.769208431011066,0.0,0.0,0.0,0.0,0.0,0.0,0.0,0.0,0.0,0.0,0.0,0.0,0.0,31723.0,9.0,47736.0,30302.0,9.0,47746.0
23.781682061002357,0.0,0.0,0.0,0.0,0.0,0.0,0.0,0.0,0.0,0.0,0.0,0.0,0.0,31725.0,9.0,47776.0,30303.0,9.0,47779.0
23.793971715000225,0.0,0.0,0.0,0.0,0.0,0.0,0.0,0.0,0.0,0.0,0.0,0.0,0.0,31725.0,9.0,47776.0,30304.0,9.0,47786.0
23.821555678994628,0.0,0.0,0.0,0.0,0.0,0.0,0.0,0.0,0.0,0.0,0.0,0.0,0.0,31727.0,9.0,47816.0,30305.0,9.0,47819.0
23.831635292008286,0.0,0.0,0.0,0.0,0.0,0.0,0.0,0.0,0.0,0.0,0.0,0.0,0.0,31727.0,9.0,47816.0,30306.0,9.0,47831.0
23.858241045003524,0.0,0.0,0.0,0.0,0.0,0.0,0.0,0.0,0.0,0.0,0.0,0.0,0.0,31728.0,9.0,47836.0,30307.0,9.0,47849.0
24.264604146999773,0.0,0.0,0.0,0.0,0.0,0.0,0.0,0.0,0.0,0.0,0.0,0.0,0.0,31739.0,9.0,48056.0,30318.0,9.0,48069.0
24.26476606199867,0.0,0.0,0.0,0.0,0.0,0.0,0.0,0.0,0.0,0.0,0.0,0.0,0.0,31740.0,9.0,48076.0,30319.0,9.0,48089.0
24.26483341999119,0.0,0.0,0.0,0.0,0.0,0.0,0.0,0.0,0.0,0.0,0.0,0.0,0.0,31741.0,9.0,48096.0,30320.0,9.0,48109.0
24.264892701001372,0.0,0.0,0.0,0.0,0.0,0.0,0.0,0.0,0.0,0.0,0.0,0.0,0.0,31743.0,9.0,48136.0,30321.0,9.0,48139.0
24.264964868983952,0.0,0.0,0.0,0.0,0.0,0.0,0.0,0.0,0.0,0.0,0.0,0.0,0.0,31743.0,9.0,48136.0,30322.0,9.0,48146.0
24.26502512098523,0.0,0.0,0.0,0.0,0.0,0.0,0.0,0.0,0.0,0.0,0.0,0.0,0.0,31744.0,9.0,48156.0,30323.0,9.0,48168.0
24.265085724007804,0.0,0.0,0.0,0.0,0.0,0.0,0.0,0.0,0.0,0.0,0.0,0.0,0.0,31745.0,9.0,48176.0,30324.0,9.0,48189.0
24.265137067006435,0.0,0.0,0.0,0.0,0.0,0.0,0.0,0.0,0.0,0.0,0.0,0.0,0.0,31746.0,9.0,48196.0,30325.0,9.0,48209.0
24.265195896005025,0.0,0.0,0.0,0.0,0.0,0.0,0.0,0.0,0.0,0.0,0.0,0.0,0.0,31748.0,9.0,48236.0,30326.0,9.0,48239.0
24.26525018500979,0.0,0.0,0.0,0.0,0.0,0.0,0.0,0.0,0.0,0.0,0.0,0.0,0.0,31748.0,9.0,48236.0,30327.0,9.0,48246.0
24.270311789994594,0.0,0.0,0.0,0.0,0.0,0.0,0.0,0.0,0.0,0.0,0.0,0.0,0.0,31749.0,9.0,48256.0,30328.0,9.0,48268.0
24.289918291993672,0.0,0.0,0.0,0.0,0.0,0.0,0.0,0.0,0.0,0.0,0.0,0.0,0.0,31750.0,9.0,48276.0,30329.0,9.0,48289.0
24.309558426990407,0.0,0.0,0.0,0.0,0.0,0.0,0.0,0.0,0.0,0.0,0.0,0.0,0.0,31751.0,9.0,48296.0,30330.0,9.0,48309.0
24.340818117983872,0.0,0.0,0.0,0.0,0.0,0.0,0.0,0.0,0.0,0.0,0.0,0.0,0.0,31753.0,9.0,48336.0,30331.0,9.0,48339.0
24.347238474991173,0.0,0.0,0.0,0.0,0.0,0.0,0.0,0.0,0.0,0.0,0.0,0.0,0.0,31753.0,9.0,48336.0,30332.0,9.0,48346.0
24.77607027499471,0.0,0.0,0.0,0.0,0.0,0.0,0.0,0.0,0.0,0.0,0.0,0.0,0.0,31762.0,9.0,48516.0,30340.0,9.0,48519.0
24.776549016009085,0.0,0.0,0.0,0.0,0.0,0.0,0.0,0.0,0.0,0.0,0.0,0.0,0.0,31765.0,9.0,48576.0,30344.0,9.0,48589.0
24.77685131999897,0.0,0.0,0.0,0.0,0.0,0.0,0.0,0.0,0.0,0.0,0.0,0.0,0.0,31766.0,9.0,48596.0,30345.0,9.0,48609.0
24.777110799012007,0.0,0.0,0.0,0.0,0.0,0.0,0.0,0.0,0.0,0.0,0.0,0.0,0.0,31768.0,9.0,48636.0,30346.0,9.0,48639.0
24.777375270001357,0.0,0.0,0.0,0.0,0.0,0.0,0.0,0.0,0.0,0.0,0.0,0.0,0.0,31768.0,9.0,48636.0,30347.0,9.0,48646.0
24.777535822999198,0.0,0.0,0.0,0.0,0.0,0.0,0.0,0.0,0.0,0.0,0.0,0.0,0.0,31770.0,9.0,48676.0,30348.0,9.0,48679.0
24.777600123983575,0.0,0.0,0.0,0.0,0.0,0.0,0.0,0.0,0.0,0.0,0.0,0.0,0.0,31770.0,9.0,48676.0,30349.0,9.0,48686.0
24.77765465399716,0.0,0.0,0.0,0.0,0.0,0.0,0.0,0.0,0.0,0.0,0.0,0.0,0.0,31772.0,9.0,48716.0,30350.0,9.0,48719.0
24.77770714898361,0.0,0.0,0.0,0.0,0.0,0.0,0.0,0.0,0.0,0.0,0.0,0.0,0.0,31772.0,9.0,48716.0,30351.0,9.0,48730.0
24.777760124998167,0.0,0.0,0.0,0.0,0.0,0.0,0.0,0.0,0.0,0.0,0.0,0.0,0.0,31773.0,9.0,48736.0,30352.0,9.0,48749.0
24.777812370011816,0.0,0.0,0.0,0.0,0.0,0.0,0.0,0.0,0.0,0.0,0.0,0.0,0.0,31774.0,9.0,48756.0,30353.0,9.0,48769.0
24.790894835983636,0.0,0.0,0.0,0.0,0.0,0.0,0.0,0.0,0.0,0.0,0.0,0.0,0.0,31775.0,9.0,48776.0,30354.0,9.0,48789.0
24.81213035498513,0.0,0.0,0.0,0.0,0.0,0.0,0.0,0.0,0.0,0.0,0.0,0.0,0.0,31776.0,9.0,48796.0,30355.0,9.0,48809.0
24.84121936900192,0.0,0.0,0.0,0.0,0.0,0.0,0.0,0.0,0.0,0.0,0.0,0.0,0.0,31778.0,9.0,48836.0,30356.0,9.0,48839.0
24.854955401009647,0.0,0.0,0.0,0.0,0.0,0.0,0.0,0.0,0.0,0.0,0.0,0.0,0.0,31778.0,9.0,48836.0,30357.0,9.0,48853.0
25.285751732008066,0.0,0.0,0.0,0.0,0.0,0.0,0.0,0.0,0.0,0.0,0.0,0.0,0.0,31790.0,9.0,49076.0,30369.0,9.0,49086.0
25.28618789400207,0.0,0.0,0.0,0.0,0.0,0.0,0.0,0.0,0.0,0.0,0.0,0.0,0.0,31792.0,9.0,49116.0,30370.0,9.0,49119.0
25.2863477729843,0.0,0.0,0.0,0.0,0.0,0.0,0.0,0.0,0.0,0.0,0.0,0.0,0.0,31792.0,9.0,49116.0,30371.0,9.0,49131.0
25.286406230996363,0.0,0.0,0.0,0.0,0.0,0.0,0.0,0.0,0.0,0.0,0.0,0.0,0.0,31793.0,9.0,49136.0,30372.0,9.0,49149.0
25.286461231007706,0.0,0.0,0.0,0.0,0.0,0.0,0.0,0.0,0.0,0.0,0.0,0.0,0.0,31794.0,9.0,49156.0,30373.0,9.0,49169.0
25.28651407599682,0.0,0.0,0.0,0.0,0.0,0.0,0.0,0.0,0.0,0.0,0.0,0.0,0.0,31795.0,9.0,49176.0,30374.0,9.0,49189.0
25.286566450988175,0.0,0.0,0.0,0.0,0.0,0.0,0.0,0.0,0.0,0.0,0.0,0.0,0.0,31796.0,9.0,49196.0,30375.0,9.0,49209.0
25.2866194259841,0.0,0.0,0.0,0.0,0.0,0.0,0.0,0.0,0.0,0.0,0.0,0.0,0.0,31798.0,9.0,49236.0,30376.0,9.0,49239.0
25.286671339999884,0.0,0.0,0.0,0.0,0.0,0.0,0.0,0.0,0.0,0.0,0.0,0.0,0.0,31798.0,9.0,49236.0,30377.0,9.0,49247.0
25.286724105011672,0.0,0.0,0.0,0.0,0.0,0.0,0.0,0.0,0.0,0.0,0.0,0.0,0.0,31799.0,9.0,49256.0,30378.0,9.0,49269.0
25.291887338011293,0.0,0.0,0.0,0.0,0.0,0.0,0.0,0.0,0.0,0.0,0.0,0.0,0.0,31800.0,9.0,49276.0,30379.0,9.0,49289.0
25.311002122005448,0.0,0.0,0.0,0.0,0.0,0.0,0.0,0.0,0.0,0.0,0.0,0.0,0.0,31801.0,9.0,49296.0,30380.0,9.0,49309.0
25.343239106005058,0.0,0.0,0.0,0.0,0.0,0.0,0.0,0.0,0.0,0.0,0.0,0.0,0.0,31803.0,9.0,49336.0,30381.0,9.0,49339.0
25.34879166900646,0.0,0.0,0.0,0.0,0.0,0.0,0.0,0.0,0.0,0.0,0.0,0.0,0.0,31803.0,9.0,49336.0,30382.0,9.0,49346.0
25.370364861009875,0.0,0.0,0.0,0.0,0.0,0.0,0.0,0.0,0.0,0.0,0.0,0.0,0.0,31804.0,9.0,49356.0,30383.0,9.0,49369.0
25.79455314698862,0.0,0.0,0.0,0.0,0.0,0.0,0.0,0.0,0.0,0.0,0.0,0.0,0.0,31805.0,9.0,49376.0,30384.0,9.0,49389.0
25.79467671600287,0.0,0.0,0.0,0.0,0.0,0.0,0.0,0.0,0.0,0.0,0.0,0.0,0.0,31813.0,9.0,49536.0,30391.0,9.0,49539.0
25.79474700000719,0.0,0.0,0.0,0.0,0.0,0.0,0.0,0.0,0.0,0.0,0.0,0.0,0.0,31817.0,9.0,49616.0,30395.0,9.0,49619.0
25.794817844987847,0.0,0.0,0.0,0.0,0.0,0.0,0.0,0.0,0.0,0.0,0.0,0.0,0.0,31817.0,9.0,49616.0,30396.0,9.0,49630.0
25.79487257398432,0.0,0.0,0.0,0.0,0.0,0.0,0.0,0.0,0.0,0.0,0.0,0.0,0.0,31818.0,9.0,49636.0,30397.0,9.0,49649.0
25.794927003007615,0.0,0.0,0.0,0.0,0.0,0.0,0.0,0.0,0.0,0.0,0.0,0.0,0.0,31819.0,9.0,49656.0,30398.0,9.0,49669.0
25.79497937700944,0.0,0.0,0.0,0.0,0.0,0.0,0.0,0.0,0.0,0.0,0.0,0.0,0.0,31820.0,9.0,49676.0,30399.0,9.0,49689.0
25.79503124099574,0.0,0.0,0.0,0.0,0.0,0.0,0.0,0.0,0.0,0.0,0.0,0.0,0.0,31821.0,9.0,49696.0,30400.0,9.0,49709.0
25.79511440198985,0.0,0.0,0.0,0.0,0.0,0.0,0.0,0.0,0.0,0.0,0.0,0.0,0.0,31823.0,9.0,49736.0,30401.0,9.0,49739.0
25.795342439989327,0.0,0.0,0.0,0.0,0.0,0.0,0.0,0.0,0.0,0.0,0.0,0.0,0.0,31823.0,9.0,49736.0,30402.0,9.0,49746.0
25.795557098987047,0.0,0.0,0.0,0.0,0.0,0.0,0.0,0.0,0.0,0.0,0.0,0.0,0.0,31825.0,9.0,49776.0,30403.0,9.0,49779.0
25.795767707983032,0.0,0.0,0.0,0.0,0.0,0.0,0.0,0.0,0.0,0.0,0.0,0.0,0.0,31825.0,9.0,49776.0,30404.0,9.0,49786.0
25.81153180700494,0.0,0.0,0.0,0.0,0.0,0.0,0.0,0.0,0.0,0.0,0.0,0.0,0.0,31826.0,9.0,49796.0,30405.0,9.0,49809.0
25.84494986999198,0.0,0.0,0.0,0.0,0.0,0.0,0.0,0.0,0.0,0.0,0.0,0.0,0.0,31828.0,9.0,49836.0,30406.0,9.0,49839.0
25.84862366100424,0.0,0.0,0.0,0.0,0.0,0.0,0.0,0.0,0.0,0.0,0.0,0.0,0.0,31828.0,9.0,49836.0,30407.0,9.0,49846.0
25.870338671986246,0.0,0.0,0.0,0.0,0.0,0.0,0.0,0.0,0.0,0.0,0.0,0.0,0.0,31829.0,9.0,49856.0,30408.0,9.0,49869.0
26.30595070301206,0.0,0.0,0.0,0.0,0.0,0.0,0.0,0.0,0.0,0.0,0.0,0.0,0.0,31831.0,9.0,49896.0,30409.0,9.0,49907.0
26.306109086988727,0.0,0.0,0.0,0.0,0.0,0.0,0.0,0.0,0.0,0.0,0.0,0.0,0.0,31832.0,9.0,49916.0,30410.0,9.0,49929.0
26.306185311987065,0.0,0.0,0.0,0.0,0.0,0.0,0.0,0.0,0.0,0.0,0.0,0.0,0.0,31834.0,9.0,49956.0,30411.0,9.0,49959.0
26.30624959198758,0.0,0.0,0.0,0.0,0.0,0.0,0.0,0.0,0.0,0.0,0.0,0.0,0.0,31834.0,9.0,49956.0,30412.0,9.0,49966.0
26.306305973994313,0.0,0.0,0.0,0.0,0.0,0.0,0.0,0.0,0.0,0.0,0.0,0.0,0.0,31836.0,9.0,49996.0,30413.0,9.0,49999.0
26.306359079986578,0.0,0.0,0.0,0.0,0.0,0.0,0.0,0.0,0.0,0.0,0.0,0.0,0.0,31836.0,9.0,49996.0,30414.0,9.0,50006.0
26.3064121750067,0.0,0.0,0.0,0.0,0.0,0.0,0.0,0.0,0.0,0.0,0.0,0.0,0.0,31837.0,9.0,50016.0,30415.0,9.0,50029.0
26.30646540998714,0.0,0.0,0.0,0.0,0.0,0.0,0.0,0.0,0.0,0.0,0.0,0.0,0.0,31839.0,9.0,50056.0,30416.0,9.0,50059.0
26.30651717298315,0.0,0.0,0.0,0.0,0.0,0.0,0.0,0.0,0.0,0.0,0.0,0.0,0.0,31839.0,9.0,50056.0,30417.0,9.0,50066.0
26.306593990011606,0.0,0.0,0.0,0.0,0.0,0.0,0.0,0.0,0.0,0.0,0.0,0.0,0.0,31840.0,9.0,50076.0,30418.0,9.0,50089.0
26.306670215009945,0.0,0.0,0.0,0.0,0.0,0.0,0.0,0.0,0.0,0.0,0.0,0.0,0.0,31841.0,9.0,50096.0,30419.0,9.0,50109.0
26.306758346006973,0.0,0.0,0.0,0.0,0.0,0.0,0.0,0.0,0.0,0.0,0.0,0.0,0.0,31842.0,9.0,50116.0,30420.0,9.0,50129.0
26.306927544006612,0.0,0.0,0.0,0.0,0.0,0.0,0.0,0.0,0.0,0.0,0.0,0.0,0.0,31844.0,9.0,50156.0,30421.0,9.0,50159.0
26.30701908300398,0.0,0.0,0.0,0.0,0.0,0.0,0.0,0.0,0.0,0.0,0.0,0.0,0.0,31844.0,9.0,50156.0,30422.0,9.0,50167.0
26.30709361398476,0.0,0.0,0.0,0.0,0.0,0.0,0.0,0.0,0.0,0.0,0.0,0.0,0.0,31845.0,9.0,50176.0,30423.0,9.0,50189.0
26.307186947000446,0.0,0.0,0.0,0.0,0.0,0.0,0.0,0.0,0.0,0.0,0.0,0.0,0.0,31846.0,9.0,50196.0,30424.0,9.0,50209.0
26.30726375398808,0.0,0.0,0.0,0.0,0.0,0.0,0.0,0.0,0.0,0.0,0.0,0.0,0.0,31847.0,9.0,50216.0,30425.0,9.0,50229.0
26.307595604012022,0.0,0.0,0.0,0.0,0.0,0.0,0.0,0.0,0.0,0.0,0.0,0.0,0.0,31849.0,9.0,50256.0,30426.0,9.0,50259.0
26.307680188008817,0.0,0.0,0.0,0.0,0.0,0.0,0.0,0.0,0.0,0.0,0.0,0.0,0.0,31849.0,9.0,50256.0,30427.0,9.0,50267.0
26.307758217008086,0.0,0.0,0.0,0.0,0.0,0.0,0.0,0.0,0.0,0.0,0.0,0.0,0.0,31850.0,9.0,50276.0,30428.0,9.0,50289.0
26.310449560987763,0.0,0.0,0.0,0.0,0.0,0.0,0.0,0.0,0.0,0.0,0.0,0.0,0.0,31851.0,9.0,50296.0,30429.0,9.0,50308.0
26.330546877987217,0.0,0.0,0.0,0.0,0.0,0.0,0.0,0.0,0.0,0.0,0.0,0.0,0.0,31852.0,9.0,50316.0,30430.0,9.0,50329.0
26.36089013100718,0.0,0.0,0.0,0.0,0.0,0.0,0.0,0.0,0.0,0.0,0.0,0.0,0.0,31854.0,9.0,50356.0,30431.0,9.0,50359.0
26.37171950400807,0.0,0.0,0.0,0.0,0.0,0.0,0.0,0.0,0.0,0.0,0.0,0.0,0.0,31854.0,9.0,50356.0,30432.0,9.0,50366.0
26.390529255004367,0.0,0.0,0.0,0.0,0.0,0.0,0.0,0.0,0.0,0.0,0.0,0.0,0.0,31855.0,9.0,50376.0,30433.0,9.0,50389.0
26.82370330899721,0.0,0.0,0.0,0.0,0.0,0.0,0.0,0.0,0.0,0.0,0.0,0.0,0.0,31856.0,9.0,50396.0,30434.0,9.0,50409.0
26.82387153399759,0.0,0.0,0.0,0.0,0.0,0.0,0.0,0.0,0.0,0.0,0.0,0.0,0.0,31857.0,9.0,50416.0,30435.0,9.0,50429.0
26.823939332010923,0.0,0.0,0.0,0.0,0.0,0.0,0.0,0.0,0.0,0.0,0.0,0.0,0.0,31859.0,9.0,50456.0,30436.0,9.0,50459.0
26.824009033007314,0.0,0.0,0.0,0.0,0.0,0.0,0.0,0.0,0.0,0.0,0.0,0.0,0.0,31859.0,9.0,50456.0,30437.0,9.0,50466.0
26.824063079984626,0.0,0.0,0.0,0.0,0.0,0.0,0.0,0.0,0.0,0.0,0.0,0.0,0.0,31860.0,9.0,50476.0,30438.0,9.0,50489.0
26.824117468000622,0.0,0.0,0.0,0.0,0.0,0.0,0.0,0.0,0.0,0.0,0.0,0.0,0.0,31861.0,9.0,50496.0,30439.0,9.0,50509.0
26.824175193993142,0.0,0.0,0.0,0.0,0.0,0.0,0.0,0.0,0.0,0.0,0.0,0.0,0.0,31862.0,9.0,50516.0,30440.0,9.0,50529.0
26.824363593012094,0.0,0.0,0.0,0.0,0.0,0.0,0.0,0.0,0.0,0.0,0.0,0.0,0.0,31864.0,9.0,50556.0,30441.0,9.0,50559.0
26.824441331991693,0.0,0.0,0.0,0.0,0.0,0.0,0.0,0.0,0.0,0.0,0.0,0.0,0.0,31864.0,9.0,50556.0,30442.0,9.0,50566.0
26.82452465200913,0.0,0.0,0.0,0.0,0.0,0.0,0.0,0.0,0.0,0.0,0.0,0.0,0.0,31865.0,9.0,50576.0,30443.0,9.0,50589.0
26.824604886991438,0.0,0.0,0.0,0.0,0.0,0.0,0.0,0.0,0.0,0.0,0.0,0.0,0.0,31866.0,9.0,50596.0,30444.0,9.0,50609.0
26.82469855999807,0.0,0.0,0.0,0.0,0.0,0.0,0.0,0.0,0.0,0.0,0.0,0.0,0.0,31867.0,9.0,50616.0,30445.0,9.0,50629.0
26.824868569005048,0.0,0.0,0.0,0.0,0.0,0.0,0.0,0.0,0.0,0.0,0.0,0.0,0.0,31869.0,9.0,50656.0,30446.0,9.0,50659.0
26.82495811401168,0.0,0.0,0.0,0.0,0.0,0.0,0.0,0.0,0.0,0.0,0.0,0.0,0.0,31869.0,9.0,50656.0,30447.0,9.0,50666.0
26.8250343289983,0.0,0.0,0.0,0.0,0.0,0.0,0.0,0.0,0.0,0.0,0.0,0.0,0.0,31870.0,9.0,50676.0,30448.0,9.0,50689.0
26.825123162008822,0.0,0.0,0.0,0.0,0.0,0.0,0.0,0.0,0.0,0.0,0.0,0.0,0.0,31871.0,9.0,50696.0,30449.0,9.0,50709.0
26.825208177004242,0.0,0.0,0.0,0.0,0.0,0.0,0.0,0.0,0.0,0.0,0.0,0.0,0.0,31872.0,9.0,50716.0,30450.0,9.0,50729.0
26.82539537298726,0.0,0.0,0.0,0.0,0.0,0.0,0.0,0.0,0.0,0.0,0.0,0.0,0.0,31874.0,9.0,50756.0,30451.0,9.0,50759.0
26.825622987002134,0.0,0.0,0.0,0.0,0.0,0.0,0.0,0.0,0.0,0.0,0.0,0.0,0.0,31874.0,9.0,50756.0,30452.0,9.0,50766.0
26.82570735999616,0.0,0.0,0.0,0.0,0.0,0.0,0.0,0.0,0.0,0.0,0.0,0.0,0.0,31876.0,9.0,50796.0,30453.0,9.0,50799.0
26.825934903987218,0.0,0.0,0.0,0.0,0.0,0.0,0.0,0.0,0.0,0.0,0.0,0.0,0.0,31876.0,9.0,50796.0,30454.0,9.0,50806.0
26.8421250070096,0.0,0.0,0.0,0.0,0.0,0.0,0.0,0.0,0.0,0.0,0.0,0.0,0.0,31878.0,9.0,50836.0,30455.0,9.0,50839.0
26.882842394988984,0.0,0.0,0.0,0.0,0.0,0.0,0.0,0.0,0.0,0.0,0.0,0.0,0.0,31879.0,9.0,50856.0,30456.0,9.0,50873.0
26.90225243999157,0.0,0.0,0.0,0.0,0.0,0.0,0.0,0.0,0.0,0.0,0.0,0.0,0.0,31881.0,9.0,50896.0,30457.0,9.0,50899.0
26.909201678005047,0.0,0.0,0.0,0.0,0.0,0.0,0.0,0.0,0.0,0.0,0.0,0.0,0.0,31881.0,9.0,50896.0,30458.0,9.0,50906.0
27.296456170006422,0.0,0.0,0.0,0.0,0.0,0.0,0.0,0.0,0.0,0.0,0.0,0.0,0.0,31883.0,9.0,50936.0,30459.0,9.0,50939.0
27.296747849002713,0.0,0.0,0.0,0.0,0.0,0.0,0.0,0.0,0.0,0.0,0.0,0.0,0.0,31883.0,9.0,50936.0,30460.0,9.0,50946.0
27.29682033599238,0.0,0.0,0.0,0.0,0.0,0.0,0.0,0.0,0.0,0.0,0.0,0.0,0.0,31884.0,9.0,50956.0,30461.0,9.0,50969.0
27.296881046990165,0.0,0.0,0.0,0.0,0.0,0.0,0.0,0.0,0.0,0.0,0.0,0.0,0.0,31885.0,9.0,50976.0,30462.0,9.0,50989.0
27.296951338998042,0.0,0.0,0.0,0.0,0.0,0.0,0.0,0.0,0.0,0.0,0.0,0.0,0.0,31886.0,9.0,50996.0,30463.0,9.0,51009.0
27.29701898500207,0.0,0.0,0.0,0.0,0.0,0.0,0.0,0.0,0.0,0.0,0.0,0.0,0.0,31887.0,9.0,51016.0,30464.0,9.0,51029.0
27.29707588799647,0.0,0.0,0.0,0.0,0.0,0.0,0.0,0.0,0.0,0.0,0.0,0.0,0.0,31888.0,9.0,51036.0,30465.0,9.0,51049.0
27.29713364300551,0.0,0.0,0.0,0.0,0.0,0.0,0.0,0.0,0.0,0.0,0.0,0.0,0.0,31890.0,9.0,51076.0,30466.0,9.0,51079.0
27.29719459399348,0.0,0.0,0.0,0.0,0.0,0.0,0.0,0.0,0.0,0.0,0.0,0.0,0.0,31890.0,9.0,51076.0,30467.0,9.0,51086.0
27.297255815996323,0.0,0.0,0.0,0.0,0.0,0.0,0.0,0.0,0.0,0.0,0.0,0.0,0.0,31892.0,9.0,51116.0,30468.0,9.0,51119.0
27.29731284000445,0.0,0.0,0.0,0.0,0.0,0.0,0.0,0.0,0.0,0.0,0.0,0.0,0.0,31892.0,9.0,51116.0,30469.0,9.0,51126.0
27.297368719999213,0.0,0.0,0.0,0.0,0.0,0.0,0.0,0.0,0.0,0.0,0.0,0.0,0.0,31893.0,9.0,51136.0,30470.0,9.0,51149.0
27.297426695004106,0.0,0.0,0.0,0.0,0.0,0.0,0.0,0.0,0.0,0.0,0.0,0.0,0.0,31895.0,9.0,51176.0,30471.0,9.0,51179.0
27.297483608010225,0.0,0.0,0.0,0.0,0.0,0.0,0.0,0.0,0.0,0.0,0.0,0.0,0.0,31895.0,9.0,51176.0,30472.0,9.0,51186.0
27.29753825601074,0.0,0.0,0.0,0.0,0.0,0.0,0.0,0.0,0.0,0.0,0.0,0.0,0.0,31897.0,9.0,51216.0,30473.0,9.0,51219.0
27.29759398699389,0.0,0.0,0.0,0.0,0.0,0.0,0.0,0.0,0.0,0.0,0.0,0.0,0.0,31897.0,9.0,51216.0,30474.0,9.0,51226.0
27.297649065993028,0.0,0.0,0.0,0.0,0.0,0.0,0.0,0.0,0.0,0.0,0.0,0.0,0.0,31898.0,9.0,51236.0,30475.0,9.0,51249.0
27.297862315987004,0.0,0.0,0.0,0.0,0.0,0.0,0.0,0.0,0.0,0.0,0.0,0.0,0.0,31900.0,9.0,51276.0,30476.0,9.0,51279.0
27.297944583988283,0.0,0.0,0.0,0.0,0.0,0.0,0.0,0.0,0.0,0.0,0.0,0.0,0.0,31900.0,9.0,51276.0,30477.0,9.0,51286.0
27.31048135799938,0.0,0.0,0.0,0.0,0.0,0.0,0.0,0.0,0.0,0.0,0.0,0.0,0.0,31901.0,9.0,51296.0,30478.0,9.0,51309.0
27.331637405994115,0.0,0.0,0.0,0.0,0.0,0.0,0.0,0.0,0.0,0.0,0.0,0.0,0.0,31902.0,9.0,51316.0,30479.0,9.0,51329.0
27.351357011008076,0.0,0.0,0.0,0.0,0.0,0.0,0.0,0.0,0.0,0.0,0.0,0.0,0.0,31903.0,9.0,51336.0,30480.0,9.0,51349.0
27.38046556300833,0.0,0.0,0.0,0.0,0.0,0.0,0.0,0.0,0.0,0.0,0.0,0.0,0.0,31905.0,9.0,51376.0,30481.0,9.0,51379.0
27.39745511300862,0.0,0.0,0.0,0.0,0.0,0.0,0.0,0.0,0.0,0.0,0.0,0.0,0.0,31905.0,9.0,51376.0,30482.0,9.0,51386.0
27.42396681700484,0.0,0.0,0.0,0.0,0.0,0.0,0.0,0.0,0.0,0.0,0.0,0.0,0.0,31907.0,9.0,51416.0,30483.0,9.0,51421.0
27.43095571998856,0.0,0.0,0.0,0.0,0.0,0.0,0.0,0.0,0.0,0.0,0.0,0.0,0.0,31907.0,9.0,51416.0,30484.0,9.0,51428.0
27.45295445699594,0.0,0.0,0.0,0.0,0.0,0.0,0.0,0.0,0.0,0.0,0.0,0.0,0.0,31908.0,9.0,51436.0,30485.0,9.0,51449.0
27.48297769500641,0.0,0.0,0.0,0.0,0.0,0.0,0.0,0.0,0.0,0.0,0.0,0.0,0.0,31910.0,9.0,51476.0,30486.0,9.0,51479.0
27.488570271991193,0.0,0.0,0.0,0.0,0.0,0.0,0.0,0.0,0.0,0.0,0.0,0.0,0.0,31910.0,9.0,51476.0,30487.0,9.0,51486.0
27.521814434992848,0.0,0.0,0.0,0.0,0.0,0.0,0.0,0.0,0.0,0.0,0.0,0.0,0.0,31912.0,9.0,51516.0,30488.0,9.0,51519.0
27.539324418990873,0.0,0.0,0.0,0.0,0.0,0.0,0.0,0.0,0.0,0.0,0.0,0.0,0.0,31912.0,9.0,51516.0,30489.0,9.0,51526.0
27.561064648005413,0.0,0.0,0.0,0.0,0.0,0.0,0.0,0.0,0.0,0.0,0.0,0.0,0.0,31914.0,9.0,51556.0,30490.0,9.0,51559.0
27.57606228700024,0.0,0.0,0.0,0.0,0.0,0.0,0.0,0.0,0.0,0.0,0.0,0.0,0.0,31914.0,9.0,51556.0,30491.0,9.0,51571.0
27.64153997998801,0.0,0.0,0.0,0.0,0.0,0.0,0.0,0.0,0.0,0.0,0.0,0.0,0.0,31915.0,9.0,51576.0,30492.0,9.0,51589.0
27.641914207983064,0.0,0.0,0.0,0.0,0.0,0.0,0.0,0.0,0.0,0.0,0.0,0.0,0.0,31916.0,9.0,51596.0,30493.0,9.0,51609.0
27.642185384000186,0.0,0.0,0.0,0.0,0.0,0.0,0.0,0.0,0.0,0.0,0.0,0.0,0.0,31917.0,9.0,51616.0,30494.0,9.0,51629.0
27.693455804983387,0.0,0.0,0.0,0.0,0.0,0.0,0.0,0.0,0.0,0.0,0.0,0.0,0.0,31918.0,9.0,51636.0,30495.0,9.0,51649.0
27.693727531994227,0.0,0.0,0.0,0.0,0.0,0.0,0.0,0.0,0.0,0.0,0.0,0.0,0.0,31920.0,9.0,51676.0,30496.0,9.0,51679.0
27.693793193990132,0.0,0.0,0.0,0.0,0.0,0.0,0.0,0.0,0.0,0.0,0.0,0.0,0.0,31920.0,9.0,51676.0,30497.0,9.0,51686.0
27.721887154999422,0.0,0.0,0.0,0.0,0.0,0.0,0.0,0.0,0.0,0.0,0.0,0.0,0.0,31922.0,9.0,51716.0,30498.0,9.0,51719.0
27.729451169987442,0.0,0.0,0.0,0.0,0.0,0.0,0.0,0.0,0.0,0.0,0.0,0.0,0.0,31922.0,9.0,51716.0,30499.0,9.0,51726.0
27.7614749269851,0.0,0.0,0.0,0.0,0.0,0.0,0.0,0.0,0.0,0.0,0.0,0.0,0.0,31924.0,9.0,51756.0,30500.0,9.0,51759.0
27.772903147008037,0.0,0.0,0.0,0.0,0.0,0.0,0.0,0.0,0.0,0.0,0.0,0.0,0.0,31924.0,9.0,51756.0,30501.0,9.0,51770.0
27.792788249993464,0.0,0.0,0.0,0.0,0.0,0.0,0.0,0.0,0.0,0.0,0.0,0.0,0.0,31925.0,9.0,51776.0,30502.0,9.0,51789.0
27.829009712993866,0.0,0.0,0.0,0.0,0.0,0.0,0.0,0.0,0.0,0.0,0.0,0.0,0.0,31926.0,9.0,51796.0,30503.0,9.0,51809.0
27.87080261699157,0.0,0.0,0.0,0.0,0.0,0.0,0.0,0.0,0.0,0.0,0.0,0.0,0.0,31927.0,9.0,51816.0,30504.0,9.0,51829.0
27.871269224997377,0.0,0.0,0.0,0.0,0.0,0.0,0.0,0.0,0.0,0.0,0.0,0.0,0.0,31928.0,9.0,51836.0,30505.0,9.0,51849.0
27.914164610003354,0.0,0.0,0.0,0.0,0.0,0.0,0.0,0.0,0.0,0.0,0.0,0.0,0.0,31930.0,9.0,51876.0,30506.0,9.0,51879.0
27.914342323987512,0.0,0.0,0.0,0.0,0.0,0.0,0.0,0.0,0.0,0.0,0.0,0.0,0.0,31930.0,9.0,51876.0,30507.0,9.0,51886.0
27.914410300989402,0.0,0.0,0.0,0.0,0.0,0.0,0.0,0.0,0.0,0.0,0.0,0.0,0.0,31931.0,9.0,51896.0,30508.0,9.0,51909.0
27.930458087008446,0.0,0.0,0.0,0.0,0.0,0.0,0.0,0.0,0.0,0.0,0.0,0.0,0.0,31932.0,9.0,51916.0,30509.0,9.0,51929.0
27.95132543100044,0.0,0.0,0.0,0.0,0.0,0.0,0.0,0.0,0.0,0.0,0.0,0.0,0.0,31933.0,9.0,51936.0,30510.0,9.0,51949.0
27.981819193984848,0.0,0.0,0.0,0.0,0.0,0.0,0.0,0.0,0.0,0.0,0.0,0.0,0.0,31935.0,9.0,51976.0,30511.0,9.0,51979.0
27.999769879999803,0.0,0.0,0.0,0.0,0.0,0.0,0.0,0.0,0.0,0.0,0.0,0.0,0.0,31935.0,9.0,51976.0,30512.0,9.0,51986.0
28.139079768006923,0.0,0.0,0.0,0.0,0.0,0.0,0.0,0.0,0.0,0.0,0.0,0.0,0.0,31937.0,9.0,52016.0,30513.0,9.0,52019.0
28.139469649991952,0.0,0.0,0.0,0.0,0.0,0.0,0.0,0.0,0.0,0.0,0.0,0.0,0.0,31937.0,9.0,52016.0,30514.0,9.0,52026.0
28.13957821499207,0.0,0.0,0.0,0.0,0.0,0.0,0.0,0.0,0.0,0.0,0.0,0.0,0.0,31939.0,9.0,52056.0,30515.0,9.0,52059.0
28.1396358589991,0.0,0.0,0.0,0.0,0.0,0.0,0.0,0.0,0.0,0.0,0.0,0.0,0.0,31939.0,9.0,52056.0,30516.0,9.0,52071.0
28.139690267009428,0.0,0.0,0.0,0.0,0.0,0.0,0.0,0.0,0.0,0.0,0.0,0.0,0.0,31940.0,9.0,52076.0,30517.0,9.0,52089.0
28.139743361010915,0.0,0.0,0.0,0.0,0.0,0.0,0.0,0.0,0.0,0.0,0.0,0.0,0.0,31941.0,9.0,52096.0,30518.0,9.0,52109.0
28.139795855007833,0.0,0.0,0.0,0.0,0.0,0.0,0.0,0.0,0.0,0.0,0.0,0.0,0.0,31942.0,9.0,52116.0,30519.0,9.0,52129.0
28.151417713001138,0.0,0.0,0.0,0.0,0.0,0.0,0.0,0.0,0.0,0.0,0.0,0.0,0.0,31943.0,9.0,52136.0,30520.0,9.0,52149.0
28.182744866004214,0.0,0.0,0.0,0.0,0.0,0.0,0.0,0.0,0.0,0.0,0.0,0.0,0.0,31945.0,9.0,52176.0,30521.0,9.0,52179.0
28.18859427800635,0.0,0.0,0.0,0.0,0.0,0.0,0.0,0.0,0.0,0.0,0.0,0.0,0.0,31945.0,9.0,52176.0,30522.0,9.0,52186.0
28.213705728005152,0.0,0.0,0.0,0.0,0.0,0.0,0.0,0.0,0.0,0.0,0.0,0.0,0.0,31946.0,9.0,52196.0,30523.0,9.0,52209.0
28.231451089988695,0.0,0.0,0.0,0.0,0.0,0.0,0.0,0.0,0.0,0.0,0.0,0.0,0.0,31947.0,9.0,52216.0,30524.0,9.0,52229.0
28.355656100000488,0.0,0.0,0.0,0.0,0.0,0.0,0.0,0.0,0.0,0.0,0.0,0.0,0.0,31948.0,9.0,52236.0,30525.0,9.0,52249.0
28.356010330986464,0.0,0.0,0.0,0.0,0.0,0.0,0.0,0.0,0.0,0.0,0.0,0.0,0.0,31950.0,9.0,52276.0,30526.0,9.0,52279.0
28.356074007984716,0.0,0.0,0.0,0.0,0.0,0.0,0.0,0.0,0.0,0.0,0.0,0.0,0.0,31950.0,9.0,52276.0,30527.0,9.0,52286.0
28.356129126012092,0.0,0.0,0.0,0.0,0.0,0.0,0.0,0.0,0.0,0.0,0.0,0.0,0.0,31951.0,9.0,52296.0,30528.0,9.0,52309.0
28.35619034798583,0.0,0.0,0.0,0.0,0.0,0.0,0.0,0.0,0.0,0.0,0.0,0.0,0.0,31952.0,9.0,52316.0,30529.0,9.0,52329.0
28.3562461079855,0.0,0.0,0.0,0.0,0.0,0.0,0.0,0.0,0.0,0.0,0.0,0.0,0.0,31953.0,9.0,52336.0,30530.0,9.0,52349.0
28.38253607499064,0.0,0.0,0.0,0.0,0.0,0.0,0.0,0.0,0.0,0.0,0.0,0.0,0.0,31955.0,9.0,52376.0,30531.0,9.0,52379.0
28.388058929005638,0.0,0.0,0.0,0.0,0.0,0.0,0.0,0.0,0.0,0.0,0.0,0.0,0.0,31955.0,9.0,52376.0,30532.0,9.0,52386.0
28.411417399009224,0.0,0.0,0.0,0.0,0.0,0.0,0.0,0.0,0.0,0.0,0.0,0.0,0.0,31956.0,9.0,52396.0,30533.0,9.0,52409.0
28.43114340500324,0.0,0.0,0.0,0.0,0.0,0.0,0.0,0.0,0.0,0.0,0.0,0.0,0.0,31957.0,9.0,52416.0,30534.0,9.0,52429.0
28.452239414007636,0.0,0.0,0.0,0.0,0.0,0.0,0.0,0.0,0.0,0.0,0.0,0.0,0.0,31958.0,9.0,52436.0,30535.0,9.0,52449.0
28.575685062998673,0.0,0.0,0.0,0.0,0.0,0.0,0.0,0.0,0.0,0.0,0.0,0.0,0.0,31960.0,9.0,52476.0,30536.0,9.0,52479.0
28.576071102987044,0.0,0.0,0.0,0.0,0.0,0.0,0.0,0.0,0.0,0.0,0.0,0.0,0.0,31960.0,9.0,52476.0,30537.0,9.0,52486.0
28.576333756995155,0.0,0.0,0.0,0.0,0.0,0.0,0.0,0.0,0.0,0.0,0.0,0.0,0.0,31961.0,9.0,52496.0,30538.0,9.0,52509.0
28.576539789006347,0.0,0.0,0.0,0.0,0.0,0.0,0.0,0.0,0.0,0.0,0.0,0.0,0.0,31962.0,9.0,52516.0,30539.0,9.0,52529.0
28.576592822995735,0.0,0.0,0.0,0.0,0.0,0.0,0.0,0.0,0.0,0.0,0.0,0.0,0.0,31963.0,9.0,52536.0,30540.0,9.0,52549.0
28.582038021006156,0.0,0.0,0.0,0.0,0.0,0.0,0.0,0.0,0.0,0.0,0.0,0.0,0.0,31965.0,9.0,52576.0,30541.0,9.0,52579.0
28.588315626984695,0.0,0.0,0.0,0.0,0.0,0.0,0.0,0.0,0.0,0.0,0.0,0.0,0.0,31965.0,9.0,52576.0,30542.0,9.0,52586.0
28.612389813992195,0.0,0.0,0.0,0.0,0.0,0.0,0.0,0.0,0.0,0.0,0.0,0.0,0.0,31966.0,9.0,52596.0,30543.0,9.0,52609.0
28.640264023997588,0.0,0.0,0.0,0.0,0.0,0.0,0.0,0.0,0.0,0.0,0.0,0.0,0.0,31967.0,9.0,52616.0,30544.0,9.0,52629.0
28.651499920990318,0.0,0.0,0.0,0.0,0.0,0.0,0.0,0.0,0.0,0.0,0.0,0.0,0.0,31968.0,9.0,52636.0,30545.0,9.0,52649.0
28.794200003991136,0.0,0.0,0.0,0.0,0.0,0.0,0.0,0.0,0.0,0.0,0.0,0.0,0.0,31970.0,9.0,52676.0,30546.0,9.0,52679.0
28.7946171000076,0.0,0.0,0.0,0.0,0.0,0.0,0.0,0.0,0.0,0.0,0.0,0.0,0.0,31970.0,9.0,52676.0,30547.0,9.0,52686.0
28.794996624987107,0.0,0.0,0.0,0.0,0.0,0.0,0.0,0.0,0.0,0.0,0.0,0.0,0.0,31971.0,9.0,52696.0,30548.0,9.0,52709.0
28.795102562988177,0.0,0.0,0.0,0.0,0.0,0.0,0.0,0.0,0.0,0.0,0.0,0.0,0.0,31972.0,9.0,52716.0,30549.0,9.0,52729.0
28.79515802199603,0.0,0.0,0.0,0.0,0.0,0.0,0.0,0.0,0.0,0.0,0.0,0.0,0.0,31973.0,9.0,52736.0,30550.0,9.0,52749.0
28.795218801999,0.0,0.0,0.0,0.0,0.0,0.0,0.0,0.0,0.0,0.0,0.0,0.0,0.0,31975.0,9.0,52776.0,30551.0,9.0,52779.0
28.79527316900203,0.0,0.0,0.0,0.0,0.0,0.0,0.0,0.0,0.0,0.0,0.0,0.0,0.0,31975.0,9.0,52776.0,30552.0,9.0,52786.0
28.812353210989386,0.0,0.0,0.0,0.0,0.0,0.0,0.0,0.0,0.0,0.0,0.0,0.0,0.0,31976.0,9.0,52796.0,30553.0,9.0,52809.0
28.831331049994333,0.0,0.0,0.0,0.0,0.0,0.0,0.0,0.0,0.0,0.0,0.0,0.0,0.0,31977.0,9.0,52816.0,30554.0,9.0,52829.0
28.85143666100339,0.0,0.0,0.0,0.0,0.0,0.0,0.0,0.0,0.0,0.0,0.0,0.0,0.0,31978.0,9.0,52836.0,30555.0,9.0,52849.0
28.87112760200398,0.0,0.0,0.0,0.0,0.0,0.0,0.0,0.0,0.0,0.0,0.0,0.0,0.0,31979.0,9.0,52856.0,30556.0,9.0,52867.0
28.892080363002606,0.0,0.0,0.0,0.0,0.0,0.0,0.0,0.0,0.0,0.0,0.0,0.0,0.0,31980.0,9.0,52876.0,30557.0,9.0,52889.0
29.015126023994526,0.0,0.0,0.0,0.0,0.0,0.0,0.0,0.0,0.0,0.0,0.0,0.0,0.0,31981.0,9.0,52896.0,30558.0,9.0,52909.0
29.015524790011114,0.0,0.0,0.0,0.0,0.0,0.0,0.0,0.0,0.0,0.0,0.0,0.0,0.0,31982.0,9.0,52916.0,30559.0,9.0,52929.0
29.015589719987474,0.0,0.0,0.0,0.0,0.0,0.0,0.0,0.0,0.0,0.0,0.0,0.0,0.0,31983.0,9.0,52936.0,30560.0,9.0,52949.0
29.01564953799243,0.0,0.0,0.0,0.0,0.0,0.0,0.0,0.0,0.0,0.0,0.0,0.0,0.0,31985.0,9.0,52976.0,30561.0,9.0,52979.0
29.01570461699157,0.0,0.0,0.0,0.0,0.0,0.0,0.0,0.0,0.0,0.0,0.0,0.0,0.0,31985.0,9.0,52976.0,30562.0,9.0,52986.0
29.021290055010468,0.0,0.0,0.0,0.0,0.0,0.0,0.0,0.0,0.0,0.0,0.0,0.0,0.0,31987.0,9.0,53016.0,30563.0,9.0,53019.0
29.030400657007704,0.0,0.0,0.0,0.0,0.0,0.0,0.0,0.0,0.0,0.0,0.0,0.0,0.0,31987.0,9.0,53016.0,30564.0,9.0,53026.0
29.062018750002608,0.0,0.0,0.0,0.0,0.0,0.0,0.0,0.0,0.0,0.0,0.0,0.0,0.0,31989.0,9.0,53056.0,30565.0,9.0,53059.0
29.07508443799452,0.0,0.0,0.0,0.0,0.0,0.0,0.0,0.0,0.0,0.0,0.0,0.0,0.0,31989.0,9.0,53056.0,30566.0,9.0,53071.0
29.092373899999075,0.0,0.0,0.0,0.0,0.0,0.0,0.0,0.0,0.0,0.0,0.0,0.0,0.0,31990.0,9.0,53076.0,30567.0,9.0,53089.0
29.11331566798617,0.0,0.0,0.0,0.0,0.0,0.0,0.0,0.0,0.0,0.0,0.0,0.0,0.0,31991.0,9.0,53096.0,30568.0,9.0,53109.0
29.23915321601089,0.0,0.0,0.0,0.0,0.0,0.0,0.0,0.0,0.0,0.0,0.0,0.0,0.0,31992.0,9.0,53116.0,30569.0,9.0,53129.0
29.239567215001443,0.0,0.0,0.0,0.0,0.0,0.0,0.0,0.0,0.0,0.0,0.0,0.0,0.0,31993.0,9.0,53136.0,30570.0,9.0,53149.0
29.239866246993188,0.0,0.0,0.0,0.0,0.0,0.0,0.0,0.0,0.0,0.0,0.0,0.0,0.0,31995.0,9.0,53176.0,30571.0,9.0,53180.0
29.240001427999232,0.0,0.0,0.0,0.0,0.0,0.0,0.0,0.0,0.0,0.0,0.0,0.0,0.0,31995.0,9.0,53176.0,30572.0,9.0,53187.0
29.24005789900548,0.0,0.0,0.0,0.0,0.0,0.0,0.0,0.0,0.0,0.0,0.0,0.0,0.0,31996.0,9.0,53196.0,30573.0,9.0,53209.0
29.24012432200834,0.0,0.0,0.0,0.0,0.0,0.0,0.0,0.0,0.0,0.0,0.0,0.0,0.0,31997.0,9.0,53216.0,30574.0,9.0,53229.0
29.252164706995245,0.0,0.0,0.0,0.0,0.0,0.0,0.0,0.0,0.0,0.0,0.0,0.0,0.0,31998.0,9.0,53236.0,30575.0,9.0,53249.0
29.283576032001292,0.0,0.0,0.0,0.0,0.0,0.0,0.0,0.0,0.0,0.0,0.0,0.0,0.0,32000.0,9.0,53276.0,30576.0,9.0,53279.0
29.288708190986654,0.0,0.0,0.0,0.0,0.0,0.0,0.0,0.0,0.0,0.0,0.0,0.0,0.0,32000.0,9.0,53276.0,30577.0,9.0,53286.0
29.321618477988522,0.0,0.0,0.0,0.0,0.0,0.0,0.0,0.0,0.0,0.0,0.0,0.0,0.0,32002.0,9.0,53316.0,30578.0,9.0,53319.0
29.328759700991213,0.0,0.0,0.0,0.0,0.0,0.0,0.0,0.0,0.0,0.0,0.0,0.0,0.0,32002.0,9.0,53316.0,30579.0,9.0,53327.0
29.45397128901095,0.0,0.0,0.0,0.0,0.0,0.0,0.0,0.0,0.0,0.0,0.0,0.0,0.0,32003.0,9.0,53336.0,30580.0,9.0,53349.0
29.45446889300365,0.0,0.0,0.0,0.0,0.0,0.0,0.0,0.0,0.0,0.0,0.0,0.0,0.0,32005.0,9.0,53376.0,30581.0,9.0,53379.0
29.454575309995562,0.0,0.0,0.0,0.0,0.0,0.0,0.0,0.0,0.0,0.0,0.0,0.0,0.0,32005.0,9.0,53376.0,30582.0,9.0,53386.0
29.454638875991805,0.0,0.0,0.0,0.0,0.0,0.0,0.0,0.0,0.0,0.0,0.0,0.0,0.0,32006.0,9.0,53396.0,30583.0,9.0,53409.0
29.45469362300355,0.0,0.0,0.0,0.0,0.0,0.0,0.0,0.0,0.0,0.0,0.0,0.0,0.0,32007.0,9.0,53416.0,30584.0,9.0,53429.0
29.45474864100106,0.0,0.0,0.0,0.0,0.0,0.0,0.0,0.0,0.0,0.0,0.0,0.0,0.0,32008.0,9.0,53436.0,30585.0,9.0,53449.0
29.482460206985706,0.0,0.0,0.0,0.0,0.0,0.0,0.0,0.0,0.0,0.0,0.0,0.0,0.0,32010.0,9.0,53476.0,30586.0,9.0,53479.0
29.491382626991253,0.0,0.0,0.0,0.0,0.0,0.0,0.0,0.0,0.0,0.0,0.0,0.0,0.0,32010.0,9.0,53476.0,30587.0,9.0,53486.0
29.511351736000506,0.0,0.0,0.0,0.0,0.0,0.0,0.0,0.0,0.0,0.0,0.0,0.0,0.0,32011.0,9.0,53496.0,30588.0,9.0,53509.0
29.535956201987574,0.0,0.0,0.0,0.0,0.0,0.0,0.0,0.0,0.0,0.0,0.0,0.0,0.0,32012.0,9.0,53516.0,30589.0,9.0,53529.0
29.551616040989757,0.0,0.0,0.0,0.0,0.0,0.0,0.0,0.0,0.0,0.0,0.0,0.0,0.0,32013.0,9.0,53536.0,30590.0,9.0,53549.0
29.61221230000956,0.0,0.0,0.0,0.0,0.0,0.0,0.0,0.0,0.0,0.0,0.0,0.0,0.0,32015.0,9.0,53576.0,30591.0,9.0,53579.0
29.612327326001832,0.0,0.0,0.0,0.0,0.0,0.0,0.0,0.0,0.0,0.0,0.0,0.0,0.0,32015.0,9.0,53576.0,30592.0,9.0,53586.0
29.612394078983925,0.0,0.0,0.0,0.0,0.0,0.0,0.0,0.0,0.0,0.0,0.0,0.0,0.0,32016.0,9.0,53596.0,30593.0,9.0,53609.0
29.67440432999865,0.0,0.0,0.0,0.0,0.0,0.0,0.0,0.0,0.0,0.0,0.0,0.0,0.0,32017.0,9.0,53616.0,30594.0,9.0,53629.0
29.674510276992805,0.0,0.0,0.0,0.0,0.0,0.0,0.0,0.0,0.0,0.0,0.0,0.0,0.0,32018.0,9.0,53636.0,30595.0,9.0,53649.0
29.682662229985,0.0,0.0,0.0,0.0,0.0,0.0,0.0,0.0,0.0,0.0,0.0,0.0,0.0,32020.0,9.0,53676.0,30596.0,9.0,53679.0
29.688264102005633,0.0,0.0,0.0,0.0,0.0,0.0,0.0,0.0,0.0,0.0,0.0,0.0,0.0,32020.0,9.0,53676.0,30597.0,9.0,53686.0
29.722415222000564,0.0,0.0,0.0,0.0,0.0,0.0,0.0,0.0,0.0,0.0,0.0,0.0,0.0,32022.0,9.0,53716.0,30598.0,9.0,53719.0
29.73059447298874,0.0,0.0,0.0,0.0,0.0,0.0,0.0,0.0,0.0,0.0,0.0,0.0,0.0,32022.0,9.0,53716.0,30599.0,9.0,53726.0
29.763300803984748,0.0,0.0,0.0,0.0,0.0,0.0,0.0,0.0,0.0,0.0,0.0,0.0,0.0,32024.0,9.0,53756.0,30600.0,9.0,53759.0
29.773960677004652,0.0,0.0,0.0,0.0,0.0,0.0,0.0,0.0,0.0,0.0,0.0,0.0,0.0,32024.0,9.0,53756.0,30601.0,9.0,53770.0
29.80691617098637,0.0,0.0,0.0,0.0,0.0,0.0,0.0,0.0,0.0,0.0,0.0,0.0,0.0,32025.0,9.0,53776.0,30602.0,9.0,53789.0
29.901561361999484,0.0,0.0,0.0,0.0,0.0,0.0,0.0,0.0,0.0,0.0,0.0,0.0,0.0,32026.0,9.0,53796.0,30603.0,9.0,53809.0
29.901845679996768,0.0,0.0,0.0,0.0,0.0,0.0,0.0,0.0,0.0,0.0,0.0,0.0,0.0,32027.0,9.0,53816.0,30604.0,9.0,53829.0
29.901913184003206,0.0,0.0,0.0,0.0,0.0,0.0,0.0,0.0,0.0,0.0,0.0,0.0,0.0,32028.0,9.0,53836.0,30605.0,9.0,53849.0
29.901970486011123,0.0,0.0,0.0,0.0,0.0,0.0,0.0,0.0,0.0,0.0,0.0,0.0,0.0,32030.0,9.0,53876.0,30606.0,9.0,53879.0
29.90226083699963,0.0,0.0,0.0,0.0,0.0,0.0,0.0,0.0,0.0,0.0,0.0,0.0,0.0,32030.0,9.0,53876.0,30607.0,9.0,53886.0
29.911177072994178,0.0,0.0,0.0,0.0,0.0,0.0,0.0,0.0,0.0,0.0,0.0,0.0,0.0,32031.0,9.0,53896.0,30608.0,9.0,53909.0
29.935980253998423,0.0,0.0,0.0,0.0,0.0,0.0,0.0,0.0,0.0,0.0,0.0,0.0,0.0,32032.0,9.0,53916.0,30609.0,9.0,53929.0
29.954198280000128,0.0,0.0,0.0,0.0,0.0,0.0,0.0,0.0,0.0,0.0,0.0,0.0,0.0,32033.0,9.0,53936.0,30610.0,9.0,53949.0
29.98195638600737,0.0,0.0,0.0,0.0,0.0,0.0,0.0,0.0,0.0,0.0,0.0,0.0,0.0,32035.0,9.0,53976.0,30611.0,9.0,53979.0
29.99003988300683,0.0,0.0,0.0,0.0,0.0,0.0,0.0,0.0,0.0,0.0,0.0,0.0,0.0,32035.0,9.0,53976.0,30612.0,9.0,53986.0
30.115003801998682,0.0,0.0,0.0,0.0,0.0,0.0,0.0,0.0,0.0,0.0,0.0,0.0,0.0,32037.0,9.0,54016.0,30613.0,9.0,54019.0
30.115192625991767,0.0,0.0,0.0,0.0,0.0,0.0,0.0,0.0,0.0,0.0,0.0,0.0,0.0,32037.0,9.0,54016.0,30614.0,9.0,54026.0
30.11526733500068,0.0,0.0,0.0,0.0,0.0,0.0,0.0,0.0,0.0,0.0,0.0,0.0,0.0,32039.0,9.0,54056.0,30615.0,9.0,54059.0
30.115325880993623,0.0,0.0,0.0,0.0,0.0,0.0,0.0,0.0,0.0,0.0,0.0,0.0,0.0,32039.0,9.0,54056.0,30616.0,9.0,54071.0
30.115380197006743,0.0,0.0,0.0,0.0,0.0,0.0,0.0,0.0,0.0,0.0,0.0,0.0,0.0,32040.0,9.0,54076.0,30617.0,9.0,54089.0
30.115433369996026,0.0,0.0,0.0,0.0,0.0,0.0,0.0,0.0,0.0,0.0,0.0,0.0,0.0,32041.0,9.0,54096.0,30618.0,9.0,54109.0
30.131796131987358,0.0,0.0,0.0,0.0,0.0,0.0,0.0,0.0,0.0,0.0,0.0,0.0,0.0,32042.0,9.0,54116.0,30619.0,9.0,54129.0
30.15228902999661,0.0,0.0,0.0,0.0,0.0,0.0,0.0,0.0,0.0,0.0,0.0,0.0,0.0,32043.0,9.0,54136.0,30620.0,9.0,54149.0
30.181947837991174,0.0,0.0,0.0,0.0,0.0,0.0,0.0,0.0,0.0,0.0,0.0,0.0,0.0,32045.0,9.0,54176.0,30621.0,9.0,54179.0
30.190174351009773,0.0,0.0,0.0,0.0,0.0,0.0,0.0,0.0,0.0,0.0,0.0,0.0,0.0,32045.0,9.0,54176.0,30622.0,9.0,54186.0
30.210924177983543,0.0,0.0,0.0,0.0,0.0,0.0,0.0,0.0,0.0,0.0,0.0,0.0,0.0,32046.0,9.0,54196.0,30623.0,9.0,54209.0
30.337630589987384,0.0,0.0,0.0,0.0,0.0,0.0,0.0,0.0,0.0,0.0,0.0,0.0,0.0,32047.0,9.0,54216.0,30624.0,9.0,54229.0
30.337749872996937,0.0,0.0,0.0,0.0,0.0,0.0,0.0,0.0,0.0,0.0,0.0,0.0,0.0,32048.0,9.0,54236.0,30625.0,9.0,54249.0
30.337819762004074,0.0,0.0,0.0,0.0,0.0,0.0,0.0,0.0,0.0,0.0,0.0,0.0,0.0,32050.0,9.0,54276.0,30626.0,9.0,54279.0
30.33824292200734,0.0,0.0,0.0,0.0,0.0,0.0,0.0,0.0,0.0,0.0,0.0,0.0,0.0,32050.0,9.0,54276.0,30627.0,9.0,54286.0
30.338323292991845,0.0,0.0,0.0,0.0,0.0,0.0,0.0,0.0,0.0,0.0,0.0,0.0,0.0,32051.0,9.0,54296.0,30628.0,9.0,54309.0
30.338380353990942,0.0,0.0,0.0,0.0,0.0,0.0,0.0,0.0,0.0,0.0,0.0,0.0,0.0,32052.0,9.0,54316.0,30629.0,9.0,54329.0
30.353221035009483,0.0,0.0,0.0,0.0,0.0,0.0,0.0,0.0,0.0,0.0,0.0,0.0,0.0,32053.0,9.0,54336.0,30630.0,9.0,54348.0
30.38491783099016,0.0,0.0,0.0,0.0,0.0,0.0,0.0,0.0,0.0,0.0,0.0,0.0,0.0,32055.0,9.0,54376.0,30631.0,9.0,54379.0
30.39871544399648,0.0,0.0,0.0,0.0,0.0,0.0,0.0,0.0,0.0,0.0,0.0,0.0,0.0,32055.0,9.0,54376.0,30632.0,9.0,54386.0
30.422352180001326,0.0,0.0,0.0,0.0,0.0,0.0,0.0,0.0,0.0,0.0,0.0,0.0,0.0,32056.0,9.0,54396.0,30633.0,9.0,54409.0
30.431886075006332,0.0,0.0,0.0,0.0,0.0,0.0,0.0,0.0,0.0,0.0,0.0,0.0,0.0,32057.0,9.0,54416.0,30634.0,9.0,54429.0
30.55729431999498,0.0,0.0,0.0,0.0,0.0,0.0,0.0,0.0,0.0,0.0,0.0,0.0,0.0,32058.0,9.0,54436.0,30635.0,9.0,54449.0
30.557404474006034,0.0,0.0,0.0,0.0,0.0,0.0,0.0,0.0,0.0,0.0,0.0,0.0,0.0,32060.0,9.0,54476.0,30636.0,9.0,54479.0
30.557477769994875,0.0,0.0,0.0,0.0,0.0,0.0,0.0,0.0,0.0,0.0,0.0,0.0,0.0,32060.0,9.0,54476.0,30637.0,9.0,54486.0
30.557540934009012,0.0,0.0,0.0,0.0,0.0,0.0,0.0,0.0,0.0,0.0,0.0,0.0,0.0,32062.0,9.0,54516.0,30638.0,9.0,54521.0
30.5576342229906,0.0,0.0,0.0,0.0,0.0,0.0,0.0,0.0,0.0,0.0,0.0,0.0,0.0,32062.0,9.0,54516.0,30639.0,9.0,54527.0
30.557692656992003,0.0,0.0,0.0,0.0,0.0,0.0,0.0,0.0,0.0,0.0,0.0,0.0,0.0,32063.0,9.0,54536.0,30640.0,9.0,54549.0
30.58261947700521,0.0,0.0,0.0,0.0,0.0,0.0,0.0,0.0,0.0,0.0,0.0,0.0,0.0,32065.0,9.0,54576.0,30641.0,9.0,54579.0
30.589525913994294,0.0,0.0,0.0,0.0,0.0,0.0,0.0,0.0,0.0,0.0,0.0,0.0,0.0,32065.0,9.0,54576.0,30642.0,9.0,54586.0
30.612595354003133,0.0,0.0,0.0,0.0,0.0,0.0,0.0,0.0,0.0,0.0,0.0,0.0,0.0,32066.0,9.0,54596.0,30643.0,9.0,54609.0
30.632429513003444,0.0,0.0,0.0,0.0,0.0,0.0,0.0,0.0,0.0,0.0,0.0,0.0,0.0,32067.0,9.0,54616.0,30644.0,9.0,54629.0
30.653491042990936,0.0,0.0,0.0,0.0,0.0,0.0,0.0,0.0,0.0,0.0,0.0,0.0,0.0,32068.0,9.0,54636.0,30645.0,9.0,54649.0
30.72891774700838,0.0,0.0,0.0,0.0,0.0,0.0,0.0,0.0,0.0,0.0,0.0,0.0,0.0,32070.0,9.0,54676.0,30646.0,9.0,54679.0
30.72926853300305,0.0,0.0,0.0,0.0,0.0,0.0,0.0,0.0,0.0,0.0,0.0,0.0,0.0,32070.0,9.0,54676.0,30647.0,9.0,54686.0
30.72933981398819,0.0,0.0,0.0,0.0,0.0,0.0,0.0,0.0,0.0,0.0,0.0,0.0,0.0,32072.0,9.0,54716.0,30648.0,9.0,54719.0
30.729404862999218,0.0,0.0,0.0,0.0,0.0,0.0,0.0,0.0,0.0,0.0,0.0,0.0,0.0,32072.0,9.0,54716.0,30649.0,9.0,54726.0
30.773981069010915,0.0,0.0,0.0,0.0,0.0,0.0,0.0,0.0,0.0,0.0,0.0,0.0,0.0,32074.0,9.0,54756.0,30650.0,9.0,54759.0
30.774290095985634,0.0,0.0,0.0,0.0,0.0,0.0,0.0,0.0,0.0,0.0,0.0,0.0,0.0,32074.0,9.0,54756.0,30651.0,9.0,54770.0
30.793308731983416,0.0,0.0,0.0,0.0,0.0,0.0,0.0,0.0,0.0,0.0,0.0,0.0,0.0,32075.0,9.0,54776.0,30652.0,9.0,54789.0
30.81218930298928,0.0,0.0,0.0,0.0,0.0,0.0,0.0,0.0,0.0,0.0,0.0,0.0,0.0,32076.0,9.0,54796.0,30653.0,9.0,54809.0
30.83344266100903,0.0,0.0,0.0,0.0,0.0,0.0,0.0,0.0,0.0,0.0,0.0,0.0,0.0,32077.0,9.0,54816.0,30654.0,9.0,54829.0
30.854881362989545,0.0,0.0,0.0,0.0,0.0,0.0,0.0,0.0,0.0,0.0,0.0,0.0,0.0,32078.0,9.0,54836.0,30655.0,9.0,54849.0
30.994075024005724,0.0,0.0,0.0,0.0,0.0,0.0,0.0,0.0,0.0,0.0,0.0,0.0,0.0,32080.0,9.0,54876.0,30656.0,9.0,54879.0
31.016638989007333,0.0,0.0,0.0,0.0,0.0,0.0,0.0,0.0,0.0,0.0,0.0,0.0,0.0,32086.0,9.0,54996.0,30657.0,9.0,55004.0
31.04365492198849,0.0,0.0,0.0,0.0,0.0,0.0,0.0,0.0,0.0,0.0,0.0,0.0,0.0,32088.0,9.0,55036.0,30658.0,9.0,55039.0
31.049794577993453,0.0,0.0,0.0,0.0,0.0,0.0,0.0,0.0,0.0,0.0,0.0,0.0,0.0,32088.0,9.0,55036.0,30659.0,9.0,55046.0
31.082693973003188,0.0,0.0,0.0,0.0,0.0,0.0,0.0,0.0,0.0,0.0,0.0,0.0,0.0,32090.0,9.0,55076.0,30660.0,9.0,55079.0
31.098039386008168,0.0,0.0,0.0,0.0,0.0,0.0,0.0,0.0,0.0,0.0,0.0,0.0,0.0,32090.0,9.0,55076.0,30661.0,9.0,55090.0
31.215326831996208,0.0,0.0,0.0,0.0,0.0,0.0,0.0,0.0,0.0,0.0,0.0,0.0,0.0,32091.0,9.0,55096.0,30662.0,9.0,55109.0
31.215499779005768,0.0,0.0,0.0,0.0,0.0,0.0,0.0,0.0,0.0,0.0,0.0,0.0,0.0,32092.0,9.0,55116.0,30663.0,9.0,55129.0
31.21556737300125,0.0,0.0,0.0,0.0,0.0,0.0,0.0,0.0,0.0,0.0,0.0,0.0,0.0,32093.0,9.0,55136.0,30664.0,9.0,55149.0
31.215806350985076,0.0,0.0,0.0,0.0,0.0,0.0,0.0,0.0,0.0,0.0,0.0,0.0,0.0,32094.0,9.0,55156.0,30665.0,9.0,55169.0
31.215863713005092,0.0,0.0,0.0,0.0,0.0,0.0,0.0,0.0,0.0,0.0,0.0,0.0,0.0,32096.0,9.0,55196.0,30666.0,9.0,55199.0
31.215922889008652,0.0,0.0,0.0,0.0,0.0,0.0,0.0,0.0,0.0,0.0,0.0,0.0,0.0,32096.0,9.0,55196.0,30667.0,9.0,55206.0
31.23586228300701,0.0,0.0,0.0,0.0,0.0,0.0,0.0,0.0,0.0,0.0,0.0,0.0,0.0,32097.0,9.0,55216.0,30668.0,9.0,55229.0
31.25331015800475,0.0,0.0,0.0,0.0,0.0,0.0,0.0,0.0,0.0,0.0,0.0,0.0,0.0,32098.0,9.0,55236.0,30669.0,9.0,55249.0
31.27267203500378,0.0,0.0,0.0,0.0,0.0,0.0,0.0,0.0,0.0,0.0,0.0,0.0,0.0,32099.0,9.0,55256.0,30670.0,9.0,55269.0
31.30169340298744,0.0,0.0,0.0,0.0,0.0,0.0,0.0,0.0,0.0,0.0,0.0,0.0,0.0,32101.0,9.0,55296.0,30671.0,9.0,55299.0
31.309932820004178,0.0,0.0,0.0,0.0,0.0,0.0,0.0,0.0,0.0,0.0,0.0,0.0,0.0,32101.0,9.0,55296.0,30672.0,9.0,55306.0
31.387771390989656,0.0,0.0,0.0,0.0,0.0,0.0,0.0,0.0,0.0,0.0,0.0,0.0,0.0,32103.0,9.0,55336.0,30673.0,9.0,55339.0
31.38792680000188,0.0,0.0,0.0,0.0,0.0,0.0,0.0,0.0,0.0,0.0,0.0,0.0,0.0,32103.0,9.0,55336.0,30674.0,9.0,55346.0
31.38799564598594,0.0,0.0,0.0,0.0,0.0,0.0,0.0,0.0,0.0,0.0,0.0,0.0,0.0,32105.0,9.0,55376.0,30675.0,9.0,55379.0
31.43453599899658,0.0,0.0,0.0,0.0,0.0,0.0,0.0,0.0,0.0,0.0,0.0,0.0,0.0,32105.0,9.0,55376.0,30676.0,9.0,55390.0
31.434756906994153,0.0,0.0,0.0,0.0,0.0,0.0,0.0,0.0,0.0,0.0,0.0,0.0,0.0,32106.0,9.0,55396.0,30677.0,9.0,55409.0
31.434823557996424,0.0,0.0,0.0,0.0,0.0,0.0,0.0,0.0,0.0,0.0,0.0,0.0,0.0,32107.0,9.0,55416.0,30678.0,9.0,55429.0
31.4527701989864,0.0,0.0,0.0,0.0,0.0,0.0,0.0,0.0,0.0,0.0,0.0,0.0,0.0,32108.0,9.0,55436.0,30679.0,9.0,55449.0
31.47246975899907,0.0,0.0,0.0,0.0,0.0,0.0,0.0,0.0,0.0,0.0,0.0,0.0,0.0,32109.0,9.0,55456.0,30680.0,9.0,55468.0
31.502897594007663,0.0,0.0,0.0,0.0,0.0,0.0,0.0,0.0,0.0,0.0,0.0,0.0,0.0,32111.0,9.0,55496.0,30681.0,9.0,55499.0
31.51031385900569,0.0,0.0,0.0,0.0,0.0,0.0,0.0,0.0,0.0,0.0,0.0,0.0,0.0,32111.0,9.0,55496.0,30682.0,9.0,55506.0
31.66871645799256,0.0,0.0,0.0,0.0,0.0,0.0,0.0,0.0,0.0,0.0,0.0,0.0,0.0,32113.0,9.0,55536.0,30683.0,9.0,55538.0
31.668827482993947,0.0,0.0,0.0,0.0,0.0,0.0,0.0,0.0,0.0,0.0,0.0,0.0,0.0,32113.0,9.0,55536.0,30684.0,9.0,55546.0
31.66889321198687,0.0,0.0,0.0,0.0,0.0,0.0,0.0,0.0,0.0,0.0,0.0,0.0,0.0,32115.0,9.0,55576.0,30685.0,9.0,55579.0
31.66895160599961,0.0,0.0,0.0,0.0,0.0,0.0,0.0,0.0,0.0,0.0,0.0,0.0,0.0,32115.0,9.0,55576.0,30686.0,9.0,55590.0
31.669006712007103,0.0,0.0,0.0,0.0,0.0,0.0,0.0,0.0,0.0,0.0,0.0,0.0,0.0,32116.0,9.0,55596.0,30687.0,9.0,55609.0
31.669118799996795,0.0,0.0,0.0,0.0,0.0,0.0,0.0,0.0,0.0,0.0,0.0,0.0,0.0,32117.0,9.0,55616.0,30688.0,9.0,55629.0
31.66920651498367,0.0,0.0,0.0,0.0,0.0,0.0,0.0,0.0,0.0,0.0,0.0,0.0,0.0,32118.0,9.0,55636.0,30689.0,9.0,55649.0
31.673951667995425,0.0,0.0,0.0,0.0,0.0,0.0,0.0,0.0,0.0,0.0,0.0,0.0,0.0,32119.0,9.0,55656.0,30690.0,9.0,55669.0
31.705135953001445,0.0,0.0,0.0,0.0,0.0,0.0,0.0,0.0,0.0,0.0,0.0,0.0,0.0,32121.0,9.0,55696.0,30691.0,9.0,55699.0
31.70955330200377,0.0,0.0,0.0,0.0,0.0,0.0,0.0,0.0,0.0,0.0,0.0,0.0,0.0,32121.0,9.0,55696.0,30692.0,9.0,55706.0
31.744809455005452,0.0,0.0,0.0,0.0,0.0,0.0,0.0,0.0,0.0,0.0,0.0,0.0,0.0,32123.0,9.0,55736.0,30693.0,9.0,55739.0
31.7601347680029,0.0,0.0,0.0,0.0,0.0,0.0,0.0,0.0,0.0,0.0,0.0,0.0,0.0,32123.0,9.0,55736.0,30694.0,9.0,55746.0
31.876269865984796,0.0,0.0,0.0,0.0,0.0,0.0,0.0,0.0,0.0,0.0,0.0,0.0,0.0,32124.0,9.0,55756.0,30695.0,9.0,55769.0
31.876379438006552,0.0,0.0,0.0,0.0,0.0,0.0,0.0,0.0,0.0,0.0,0.0,0.0,0.0,32126.0,9.0,55796.0,30696.0,9.0,55799.0
31.876448633993277,0.0,0.0,0.0,0.0,0.0,0.0,0.0,0.0,0.0,0.0,0.0,0.0,0.0,32126.0,9.0,55796.0,30697.0,9.0,55806.0
31.876536920986837,0.0,0.0,0.0,0.0,0.0,0.0,0.0,0.0,0.0,0.0,0.0,0.0,0.0,32127.0,9.0,55816.0,30698.0,9.0,55829.0
31.876621028990485,0.0,0.0,0.0,0.0,0.0,0.0,0.0,0.0,0.0,0.0,0.0,0.0,0.0,32128.0,9.0,55836.0,30699.0,9.0,55849.0
31.876704264985165,0.0,0.0,0.0,0.0,0.0,0.0,0.0,0.0,0.0,0.0,0.0,0.0,0.0,32129.0,9.0,55856.0,30700.0,9.0,55869.0
31.904491330991732,0.0,0.0,0.0,0.0,0.0,0.0,0.0,0.0,0.0,0.0,0.0,0.0,0.0,32131.0,9.0,55896.0,30701.0,9.0,55899.0
31.90968398100813,0.0,0.0,0.0,0.0,0.0,0.0,0.0,0.0,0.0,0.0,0.0,0.0,0.0,32131.0,9.0,55896.0,30702.0,9.0,55907.0
31.932345348992385,0.0,0.0,0.0,0.0,0.0,0.0,0.0,0.0,0.0,0.0,0.0,0.0,0.0,32132.0,9.0,55916.0,30703.0,9.0,55929.0
31.952226374007296,0.0,0.0,0.0,0.0,0.0,0.0,0.0,0.0,0.0,0.0,0.0,0.0,0.0,32133.0,9.0,55936.0,30704.0,9.0,55948.0
31.971811953000724,0.0,0.0,0.0,0.0,0.0,0.0,0.0,0.0,0.0,0.0,0.0,0.0,0.0,32134.0,9.0,55956.0,30705.0,9.0,55969.0
32.097883809998166,0.0,0.0,0.0,0.0,0.0,0.0,0.0,0.0,0.0,0.0,0.0,0.0,0.0,32136.0,9.0,55996.0,30706.0,9.0,55999.0
32.09801302399137,0.0,0.0,0.0,0.0,0.0,0.0,0.0,0.0,0.0,0.0,0.0,0.0,0.0,32136.0,9.0,55996.0,30707.0,9.0,56006.0
32.09807613698649,0.0,0.0,0.0,0.0,0.0,0.0,0.0,0.0,0.0,0.0,0.0,0.0,0.0,32138.0,9.0,56036.0,30708.0,9.0,56039.0
32.09813259699149,0.0,0.0,0.0,0.0,0.0,0.0,0.0,0.0,0.0,0.0,0.0,0.0,0.0,32138.0,9.0,56036.0,30709.0,9.0,56046.0
32.0981988569838,0.0,0.0,0.0,0.0,0.0,0.0,0.0,0.0,0.0,0.0,0.0,0.0,0.0,32139.0,9.0,56056.0,30710.0,9.0,56069.0
32.103259877010714,0.0,0.0,0.0,0.0,0.0,0.0,0.0,0.0,0.0,0.0,0.0,0.0,0.0,32141.0,9.0,56096.0,30711.0,9.0,56099.0
32.108700682001654,0.0,0.0,0.0,0.0,0.0,0.0,0.0,0.0,0.0,0.0,0.0,0.0,0.0,32141.0,9.0,56096.0,30712.0,9.0,56106.0
32.14441212799284,0.0,0.0,0.0,0.0,0.0,0.0,0.0,0.0,0.0,0.0,0.0,0.0,0.0,32143.0,9.0,56136.0,30713.0,9.0,56139.0
32.149668994010426,0.0,0.0,0.0,0.0,0.0,0.0,0.0,0.0,0.0,0.0,0.0,0.0,0.0,32143.0,9.0,56136.0,30714.0,9.0,56146.0
32.171957974002,0.0,0.0,0.0,0.0,0.0,0.0,0.0,0.0,0.0,0.0,0.0,0.0,0.0,32144.0,9.0,56156.0,30715.0,9.0,56169.0
32.31649478699546,0.0,0.0,0.0,0.0,0.0,0.0,0.0,0.0,0.0,0.0,0.0,0.0,0.0,32146.0,9.0,56196.0,30716.0,9.0,56199.0
32.31663430100889,0.0,0.0,0.0,0.0,0.0,0.0,0.0,0.0,0.0,0.0,0.0,0.0,0.0,32146.0,9.0,56196.0,30717.0,9.0,56206.0
32.31670046001091,0.0,0.0,0.0,0.0,0.0,0.0,0.0,0.0,0.0,0.0,0.0,0.0,0.0,32148.0,9.0,56236.0,30718.0,9.0,56239.0
32.31676760100527,0.0,0.0,0.0,0.0,0.0,0.0,0.0,0.0,0.0,0.0,0.0,0.0,0.0,32148.0,9.0,56236.0,30719.0,9.0,56246.0
32.31682660599472,0.0,0.0,0.0,0.0,0.0,0.0,0.0,0.0,0.0,0.0,0.0,0.0,0.0,32150.0,9.0,56276.0,30720.0,9.0,56279.0
32.31691396000679,0.0,0.0,0.0,0.0,0.0,0.0,0.0,0.0,0.0,0.0,0.0,0.0,0.0,32150.0,9.0,56276.0,30721.0,9.0,56291.0
32.3169686649926,0.0,0.0,0.0,0.0,0.0,0.0,0.0,0.0,0.0,0.0,0.0,0.0,0.0,32151.0,9.0,56296.0,30722.0,9.0,56309.0
32.342315152985975,0.0,0.0,0.0,0.0,0.0,0.0,0.0,0.0,0.0,0.0,0.0,0.0,0.0,32152.0,9.0,56316.0,30723.0,9.0,56329.0
32.35328085999936,0.0,0.0,0.0,0.0,0.0,0.0,0.0,0.0,0.0,0.0,0.0,0.0,0.0,32153.0,9.0,56336.0,30724.0,9.0,56349.0
32.373132624983555,0.0,0.0,0.0,0.0,0.0,0.0,0.0,0.0,0.0,0.0,0.0,0.0,0.0,32154.0,9.0,56356.0,30725.0,9.0,56369.0
32.402692047005985,0.0,0.0,0.0,0.0,0.0,0.0,0.0,0.0,0.0,0.0,0.0,0.0,0.0,32156.0,9.0,56396.0,30726.0,9.0,56399.0
32.410514532995876,0.0,0.0,0.0,0.0,0.0,0.0,0.0,0.0,0.0,0.0,0.0,0.0,0.0,32156.0,9.0,56396.0,30727.0,9.0,56406.0
32.44231599799241,0.0,0.0,0.0,0.0,0.0,0.0,0.0,0.0,0.0,0.0,0.0,0.0,0.0,32157.0,9.0,56416.0,30728.0,9.0,56429.0
32.535640829999465,0.0,0.0,0.0,0.0,0.0,0.0,0.0,0.0,0.0,0.0,0.0,0.0,0.0,32158.0,9.0,56436.0,30729.0,9.0,56449.0
32.535798964003334,0.0,0.0,0.0,0.0,0.0,0.0,0.0,0.0,0.0,0.0,0.0,0.0,0.0,32159.0,9.0,56456.0,30730.0,9.0,56469.0
32.53586546398583,0.0,0.0,0.0,0.0,0.0,0.0,0.0,0.0,0.0,0.0,0.0,0.0,0.0,32161.0,9.0,56496.0,30731.0,9.0,56499.0
32.535923465999076,0.0,0.0,0.0,0.0,0.0,0.0,0.0,0.0,0.0,0.0,0.0,0.0,0.0,32161.0,9.0,56496.0,30732.0,9.0,56506.0
32.54214298599982,0.0,0.0,0.0,0.0,0.0,0.0,0.0,0.0,0.0,0.0,0.0,0.0,0.0,32163.0,9.0,56535.0,30733.0,9.0,56539.0
32.5497277219838,0.0,0.0,0.0,0.0,0.0,0.0,0.0,0.0,0.0,0.0,0.0,0.0,0.0,32163.0,9.0,56535.0,30734.0,9.0,56546.0
32.58407323498977,0.0,0.0,0.0,0.0,0.0,0.0,0.0,0.0,0.0,0.0,0.0,0.0,0.0,32165.0,9.0,56576.0,30735.0,9.0,56579.0
32.59597724900232,0.0,0.0,0.0,0.0,0.0,0.0,0.0,0.0,0.0,0.0,0.0,0.0,0.0,32165.0,9.0,56576.0,30736.0,9.0,56591.0
32.61200322498917,0.0,0.0,0.0,0.0,0.0,0.0,0.0,0.0,0.0,0.0,0.0,0.0,0.0,32166.0,9.0,56596.0,30737.0,9.0,56609.0
32.633619225001894,0.0,0.0,0.0,0.0,0.0,0.0,0.0,0.0,0.0,0.0,0.0,0.0,0.0,32167.0,9.0,56616.0,30738.0,9.0,56629.0
32.682673208997585,0.0,0.0,0.0,0.0,0.0,0.0,0.0,0.0,0.0,0.0,0.0,0.0,0.0,32168.0,9.0,56636.0,30739.0,9.0,56649.0
32.68277054399368,0.0,0.0,0.0,0.0,0.0,0.0,0.0,0.0,0.0,0.0,0.0,0.0,0.0,32169.0,9.0,56656.0,30740.0,9.0,56669.0
32.75587649899535,0.0,0.0,0.0,0.0,0.0,0.0,0.0,0.0,0.0,0.0,0.0,0.0,0.0,32171.0,9.0,56696.0,30741.0,9.0,56699.0
32.7560520489933,0.0,0.0,0.0,0.0,0.0,0.0,0.0,0.0,0.0,0.0,0.0,0.0,0.0,32171.0,9.0,56696.0,30742.0,9.0,56706.0
32.756117576995166,0.0,0.0,0.0,0.0,0.0,0.0,0.0,0.0,0.0,0.0,0.0,0.0,0.0,32172.0,9.0,56716.0,30743.0,9.0,56729.0
32.75618850599858,0.0,0.0,0.0,0.0,0.0,0.0,0.0,0.0,0.0,0.0,0.0,0.0,0.0,32173.0,9.0,56736.0,30744.0,9.0,56749.0
32.77388343799976,0.0,0.0,0.0,0.0,0.0,0.0,0.0,0.0,0.0,0.0,0.0,0.0,0.0,32174.0,9.0,56756.0,30745.0,9.0,56769.0
32.803699379990576,0.0,0.0,0.0,0.0,0.0,0.0,0.0,0.0,0.0,0.0,0.0,0.0,0.0,32176.0,9.0,56796.0,30746.0,9.0,56799.0
32.80963358900044,0.0,0.0,0.0,0.0,0.0,0.0,0.0,0.0,0.0,0.0,0.0,0.0,0.0,32176.0,9.0,56796.0,30747.0,9.0,56806.0
32.84305108798435,0.0,0.0,0.0,0.0,0.0,0.0,0.0,0.0,0.0,0.0,0.0,0.0,0.0,32178.0,9.0,56836.0,30748.0,9.0,56839.0
32.849150664987974,0.0,0.0,0.0,0.0,0.0,0.0,0.0,0.0,0.0,0.0,0.0,0.0,0.0,32178.0,9.0,56836.0,30749.0,9.0,56846.0
32.88501829400775,0.0,0.0,0.0,0.0,0.0,0.0,0.0,0.0,0.0,0.0,0.0,0.0,0.0,32180.0,9.0,56876.0,30750.0,9.0,56879.0
33.491259131988045,0.0,0.0,0.0,0.0,0.0,0.0,0.0,0.0,0.0,0.0,0.0,0.0,0.0,32193.0,9.0,57136.0,30754.0,9.0,57149.0
33.49148835201049,0.0,0.0,0.0,0.0,0.0,0.0,0.0,0.0,0.0,0.0,0.0,0.0,0.0,32196.0,9.0,57196.0,30756.0,9.0,57199.0
33.49160636001034,0.0,0.0,0.0,0.0,0.0,0.0,0.0,0.0,0.0,0.0,0.0,0.0,0.0,32198.0,9.0,57236.0,30758.0,9.0,57239.0
33.49169909401098,0.0,0.0,0.0,0.0,0.0,0.0,0.0,0.0,0.0,0.0,0.0,0.0,0.0,32198.0,9.0,57236.0,30759.0,9.0,57246.0
33.491771355998935,0.0,0.0,0.0,0.0,0.0,0.0,0.0,0.0,0.0,0.0,0.0,0.0,0.0,32199.0,9.0,57256.0,30760.0,9.0,57269.0
33.49185749600292,0.0,0.0,0.0,0.0,0.0,0.0,0.0,0.0,0.0,0.0,0.0,0.0,0.0,32201.0,9.0,57296.0,30761.0,9.0,57299.0
33.49194167301175,0.0,0.0,0.0,0.0,0.0,0.0,0.0,0.0,0.0,0.0,0.0,0.0,0.0,32201.0,9.0,57296.0,30762.0,9.0,57306.0
33.49203128099907,0.0,0.0,0.0,0.0,0.0,0.0,0.0,0.0,0.0,0.0,0.0,0.0,0.0,32203.0,9.0,57336.0,30763.0,9.0,57339.0
33.492106026998954,0.0,0.0,0.0,0.0,0.0,0.0,0.0,0.0,0.0,0.0,0.0,0.0,0.0,32203.0,9.0,57336.0,30764.0,9.0,57346.0
33.49216264599818,0.0,0.0,0.0,0.0,0.0,0.0,0.0,0.0,0.0,0.0,0.0,0.0,0.0,32205.0,9.0,57376.0,30765.0,9.0,57379.0
33.49222123899381,0.0,0.0,0.0,0.0,0.0,0.0,0.0,0.0,0.0,0.0,0.0,0.0,0.0,32205.0,9.0,57376.0,30766.0,9.0,57390.0
33.49227932098438,0.0,0.0,0.0,0.0,0.0,0.0,0.0,0.0,0.0,0.0,0.0,0.0,0.0,32206.0,9.0,57396.0,30767.0,9.0,57409.0
33.49233149999054,0.0,0.0,0.0,0.0,0.0,0.0,0.0,0.0,0.0,0.0,0.0,0.0,0.0,32207.0,9.0,57416.0,30768.0,9.0,57429.0
33.49238484198577,0.0,0.0,0.0,0.0,0.0,0.0,0.0,0.0,0.0,0.0,0.0,0.0,0.0,32208.0,9.0,57436.0,30769.0,9.0,57449.0
33.492439527006354,0.0,0.0,0.0,0.0,0.0,0.0,0.0,0.0,0.0,0.0,0.0,0.0,0.0,32209.0,9.0,57456.0,30770.0,9.0,57469.0
33.504863264999585,0.0,0.0,0.0,0.0,0.0,0.0,0.0,0.0,0.0,0.0,0.0,0.0,0.0,32211.0,9.0,57496.0,30771.0,9.0,57499.0
33.51377832700382,0.0,0.0,0.0,0.0,0.0,0.0,0.0,0.0,0.0,0.0,0.0,0.0,0.0,32211.0,9.0,57496.0,30772.0,9.0,57507.0
33.533276267000474,0.0,0.0,0.0,0.0,0.0,0.0,0.0,0.0,0.0,0.0,0.0,0.0,0.0,32212.0,9.0,57516.0,30773.0,9.0,57529.0
33.552294021006674,0.0,0.0,0.0,0.0,0.0,0.0,0.0,0.0,0.0,0.0,0.0,0.0,0.0,32213.0,9.0,57536.0,30774.0,9.0,57549.0
33.57349163500476,0.0,0.0,0.0,0.0,0.0,0.0,0.0,0.0,0.0,0.0,0.0,0.0,0.0,32214.0,9.0,57556.0,30775.0,9.0,57569.0
34.02212056700955,0.0,0.0,0.0,0.0,0.0,0.0,0.0,0.0,0.0,0.0,0.0,0.0,0.0,32216.0,9.0,57596.0,30776.0,9.0,57599.0
34.02236659300979,0.0,0.0,0.0,0.0,0.0,0.0,0.0,0.0,0.0,0.0,0.0,0.0,0.0,32216.0,9.0,57596.0,30777.0,9.0,57606.0
34.022439065010985,0.0,0.0,0.0,0.0,0.0,0.0,0.0,0.0,0.0,0.0,0.0,0.0,0.0,32218.0,9.0,57636.0,30778.0,9.0,57639.0
34.02250129499589,0.0,0.0,0.0,0.0,0.0,0.0,0.0,0.0,0.0,0.0,0.0,0.0,0.0,32218.0,9.0,57636.0,30779.0,9.0,57646.0
34.02255886601051,0.0,0.0,0.0,0.0,0.0,0.0,0.0,0.0,0.0,0.0,0.0,0.0,0.0,32220.0,9.0,57676.0,30780.0,9.0,57679.0
34.022614963992964,0.0,0.0,0.0,0.0,0.0,0.0,0.0,0.0,0.0,0.0,0.0,0.0,0.0,32220.0,9.0,57676.0,30781.0,9.0,57691.0
34.022669658006635,0.0,0.0,0.0,0.0,0.0,0.0,0.0,0.0,0.0,0.0,0.0,0.0,0.0,32221.0,9.0,57696.0,30782.0,9.0,57709.0
34.022724873997504,0.0,0.0,0.0,0.0,0.0,0.0,0.0,0.0,0.0,0.0,0.0,0.0,0.0,32222.0,9.0,57716.0,30783.0,9.0,57729.0
34.02277886698721,0.0,0.0,0.0,0.0,0.0,0.0,0.0,0.0,0.0,0.0,0.0,0.0,0.0,32223.0,9.0,57736.0,30784.0,9.0,57749.0
34.0228320590104,0.0,0.0,0.0,0.0,0.0,0.0,0.0,0.0,0.0,0.0,0.0,0.0,0.0,32224.0,9.0,57756.0,30785.0,9.0,57769.0
34.02288662298815,0.0,0.0,0.0,0.0,0.0,0.0,0.0,0.0,0.0,0.0,0.0,0.0,0.0,32226.0,9.0,57796.0,30786.0,9.0,57799.0
34.0229404559941,0.0,0.0,0.0,0.0,0.0,0.0,0.0,0.0,0.0,0.0,0.0,0.0,0.0,32226.0,9.0,57796.0,30787.0,9.0,57806.0
34.022993708000286,0.0,0.0,0.0,0.0,0.0,0.0,0.0,0.0,0.0,0.0,0.0,0.0,0.0,32228.0,9.0,57836.0,30788.0,9.0,57839.0
34.023046779009746,0.0,0.0,0.0,0.0,0.0,0.0,0.0,0.0,0.0,0.0,0.0,0.0,0.0,32228.0,9.0,57836.0,30789.0,9.0,57846.0
34.0231040189974,0.0,0.0,0.0,0.0,0.0,0.0,0.0,0.0,0.0,0.0,0.0,0.0,0.0,32230.0,9.0,57876.0,30790.0,9.0,57879.0
34.02315838300274,0.0,0.0,0.0,0.0,0.0,0.0,0.0,0.0,0.0,0.0,0.0,0.0,0.0,32230.0,9.0,57876.0,30791.0,9.0,57891.0
34.023224250995554,0.0,0.0,0.0,0.0,0.0,0.0,0.0,0.0,0.0,0.0,0.0,0.0,0.0,32231.0,9.0,57896.0,30792.0,9.0,57909.0
34.02327828400303,0.0,0.0,0.0,0.0,0.0,0.0,0.0,0.0,0.0,0.0,0.0,0.0,0.0,32232.0,9.0,57916.0,30793.0,9.0,57929.0
34.023512334999396,0.0,0.0,0.0,0.0,0.0,0.0,0.0,0.0,0.0,0.0,0.0,0.0,0.0,32233.0,9.0,57936.0,30794.0,9.0,57949.0
34.02359120998881,0.0,0.0,0.0,0.0,0.0,0.0,0.0,0.0,0.0,0.0,0.0,0.0,0.0,32234.0,9.0,57956.0,30795.0,9.0,57969.0
34.023780777992215,0.0,0.0,0.0,0.0,0.0,0.0,0.0,0.0,0.0,0.0,0.0,0.0,0.0,32236.0,9.0,57996.0,30796.0,9.0,57999.0
34.02385689798393,0.0,0.0,0.0,0.0,0.0,0.0,0.0,0.0,0.0,0.0,0.0,0.0,0.0,32236.0,9.0,57996.0,30797.0,9.0,58006.0
34.05597622098867,0.0,0.0,0.0,0.0,0.0,0.0,0.0,0.0,0.0,0.0,0.0,0.0,0.0,32238.0,9.0,58036.0,30798.0,9.0,58039.0
34.05611102300463,0.0,0.0,0.0,0.0,0.0,0.0,0.0,0.0,0.0,0.0,0.0,0.0,0.0,32238.0,9.0,58036.0,30799.0,9.0,58046.0
34.08345768999425,0.0,0.0,0.0,0.0,0.0,0.0,0.0,0.0,0.0,0.0,0.0,0.0,0.0,32240.0,9.0,58076.0,30800.0,9.0,58079.0
34.09792592498707,0.0,0.0,0.0,0.0,0.0,0.0,0.0,0.0,0.0,0.0,0.0,0.0,0.0,32240.0,9.0,58076.0,30801.0,9.0,58090.0
34.510820855008205,0.0,0.0,0.0,0.0,0.0,0.0,0.0,0.0,0.0,0.0,0.0,0.0,0.0,32241.0,9.0,58096.0,30802.0,9.0,58109.0
34.51105066400487,0.0,0.0,0.0,0.0,0.0,0.0,0.0,0.0,0.0,0.0,0.0,0.0,0.0,32242.0,9.0,58116.0,30803.0,9.0,58129.0
34.51115777800442,0.0,0.0,0.0,0.0,0.0,0.0,0.0,0.0,0.0,0.0,0.0,0.0,0.0,32243.0,9.0,58136.0,30804.0,9.0,58149.0
34.51127229700796,0.0,0.0,0.0,0.0,0.0,0.0,0.0,0.0,0.0,0.0,0.0,0.0,0.0,32244.0,9.0,58156.0,30805.0,9.0,58169.0
34.51137085299706,0.0,0.0,0.0,0.0,0.0,0.0,0.0,0.0,0.0,0.0,0.0,0.0,0.0,32246.0,9.0,58196.0,30806.0,9.0,58199.0
34.51146289499593,0.0,0.0,0.0,0.0,0.0,0.0,0.0,0.0,0.0,0.0,0.0,0.0,0.0,32246.0,9.0,58196.0,30807.0,9.0,58206.0
34.51155011699302,0.0,0.0,0.0,0.0,0.0,0.0,0.0,0.0,0.0,0.0,0.0,0.0,0.0,32247.0,9.0,58216.0,30808.0,9.0,58229.0
34.51163620699663,0.0,0.0,0.0,0.0,0.0,0.0,0.0,0.0,0.0,0.0,0.0,0.0,0.0,32248.0,9.0,58236.0,30809.0,9.0,58249.0
34.511702935997164,0.0,0.0,0.0,0.0,0.0,0.0,0.0,0.0,0.0,0.0,0.0,0.0,0.0,32249.0,9.0,58256.0,30810.0,9.0,58269.0
34.51175902300747,0.0,0.0,0.0,0.0,0.0,0.0,0.0,0.0,0.0,0.0,0.0,0.0,0.0,32251.0,9.0,58296.0,30811.0,9.0,58300.0
34.51181236398406,0.0,0.0,0.0,0.0,0.0,0.0,0.0,0.0,0.0,0.0,0.0,0.0,0.0,32251.0,9.0,58296.0,30812.0,9.0,58306.0
34.511865064007,0.0,0.0,0.0,0.0,0.0,0.0,0.0,0.0,0.0,0.0,0.0,0.0,0.0,32252.0,9.0,58316.0,30813.0,9.0,58329.0
34.5119173740095,0.0,0.0,0.0,0.0,0.0,0.0,0.0,0.0,0.0,0.0,0.0,0.0,0.0,32253.0,9.0,58336.0,30814.0,9.0,58349.0
34.51196905100369,0.0,0.0,0.0,0.0,0.0,0.0,0.0,0.0,0.0,0.0,0.0,0.0,0.0,32254.0,9.0,58356.0,30815.0,9.0,58369.0
34.51225577000878,0.0,0.0,0.0,0.0,0.0,0.0,0.0,0.0,0.0,0.0,0.0,0.0,0.0,32256.0,9.0,58396.0,30816.0,9.0,58399.0
34.512336357991444,0.0,0.0,0.0,0.0,0.0,0.0,0.0,0.0,0.0,0.0,0.0,0.0,0.0,32256.0,9.0,58396.0,30817.0,9.0,58406.0
34.51245799200842,0.0,0.0,0.0,0.0,0.0,0.0,0.0,0.0,0.0,0.0,0.0,0.0,0.0,32258.0,9.0,58436.0,30818.0,9.0,58439.0
34.512515671987785,0.0,0.0,0.0,0.0,0.0,0.0,0.0,0.0,0.0,0.0,0.0,0.0,0.0,32258.0,9.0,58436.0,30819.0,9.0,58446.0
34.51259092899272,0.0,0.0,0.0,0.0,0.0,0.0,0.0,0.0,0.0,0.0,0.0,0.0,0.0,32260.0,9.0,58476.0,30820.0,9.0,58479.0
34.512759490986355,0.0,0.0,0.0,0.0,0.0,0.0,0.0,0.0,0.0,0.0,0.0,0.0,0.0,32260.0,9.0,58476.0,30821.0,9.0,58491.0
34.521985558996676,0.0,0.0,0.0,0.0,0.0,0.0,0.0,0.0,0.0,0.0,0.0,0.0,0.0,32261.0,9.0,58496.0,30822.0,9.0,58508.0
34.532240172993625,0.0,0.0,0.0,0.0,0.0,0.0,0.0,0.0,0.0,0.0,0.0,0.0,0.0,32262.0,9.0,58516.0,30823.0,9.0,58529.0
34.55242601700593,0.0,0.0,0.0,0.0,0.0,0.0,0.0,0.0,0.0,0.0,0.0,0.0,0.0,32263.0,9.0,58536.0,30824.0,9.0,58549.0
34.57367815601174,0.0,0.0,0.0,0.0,0.0,0.0,0.0,0.0,0.0,0.0,0.0,0.0,0.0,32264.0,9.0,58556.0,30825.0,9.0,58569.0
34.603770187008195,0.0,0.0,0.0,0.0,0.0,0.0,0.0,0.0,0.0,0.0,0.0,0.0,0.0,32266.0,9.0,58596.0,30826.0,9.0,58599.0
34.61300182598643,0.0,0.0,0.0,0.0,0.0,0.0,0.0,0.0,0.0,0.0,0.0,0.0,0.0,32266.0,9.0,58596.0,30827.0,9.0,58606.0
35.02626947598765,0.0,0.0,0.0,0.0,0.0,0.0,0.0,0.0,0.0,0.0,0.0,0.0,0.0,32267.0,9.0,58616.0,30828.0,9.0,58629.0
35.02644047301146,0.0,0.0,0.0,0.0,0.0,0.0,0.0,0.0,0.0,0.0,0.0,0.0,0.0,32268.0,9.0,58636.0,30829.0,9.0,58649.0
35.02651140099624,0.0,0.0,0.0,0.0,0.0,0.0,0.0,0.0,0.0,0.0,0.0,0.0,0.0,32269.0,9.0,58656.0,30830.0,9.0,58669.0
35.026573770999676,0.0,0.0,0.0,0.0,0.0,0.0,0.0,0.0,0.0,0.0,0.0,0.0,0.0,32271.0,9.0,58696.0,30831.0,9.0,58699.0
35.02663092999137,0.0,0.0,0.0,0.0,0.0,0.0,0.0,0.0,0.0,0.0,0.0,0.0,0.0,32271.0,9.0,58696.0,30832.0,9.0,58706.0
35.02668650599662,0.0,0.0,0.0,0.0,0.0,0.0,0.0,0.0,0.0,0.0,0.0,0.0,0.0,32272.0,9.0,58716.0,30833.0,9.0,58729.0
35.02674126101192,0.0,0.0,0.0,0.0,0.0,0.0,0.0,0.0,0.0,0.0,0.0,0.0,0.0,32273.0,9.0,58736.0,30834.0,9.0,58749.0
35.02679554399219,0.0,0.0,0.0,0.0,0.0,0.0,0.0,0.0,0.0,0.0,0.0,0.0,0.0,32274.0,9.0,58756.0,30835.0,9.0,58769.0
35.026857422984904,0.0,0.0,0.0,0.0,0.0,0.0,0.0,0.0,0.0,0.0,0.0,0.0,0.0,32276.0,9.0,58796.0,30836.0,9.0,58799.0
35.02693548600655,0.0,0.0,0.0,0.0,0.0,0.0,0.0,0.0,0.0,0.0,0.0,0.0,0.0,32276.0,9.0,58796.0,30837.0,9.0,58806.0
35.027011945989216,0.0,0.0,0.0,0.0,0.0,0.0,0.0,0.0,0.0,0.0,0.0,0.0,0.0,32277.0,9.0,58816.0,30838.0,9.0,58829.0
35.02708914698451,0.0,0.0,0.0,0.0,0.0,0.0,0.0,0.0,0.0,0.0,0.0,0.0,0.0,32278.0,9.0,58836.0,30839.0,9.0,58849.0
35.02717355301138,0.0,0.0,0.0,0.0,0.0,0.0,0.0,0.0,0.0,0.0,0.0,0.0,0.0,32279.0,9.0,58856.0,30840.0,9.0,58869.0
35.02737078498467,0.0,0.0,0.0,0.0,0.0,0.0,0.0,0.0,0.0,0.0,0.0,0.0,0.0,32281.0,9.0,58896.0,30841.0,9.0,58899.0
35.03828385300585,0.0,0.0,0.0,0.0,0.0,0.0,0.0,0.0,0.0,0.0,0.0,0.0,0.0,32287.0,9.0,59016.0,30842.0,9.0,59035.0
35.06390194600681,0.0,0.0,0.0,0.0,0.0,0.0,0.0,0.0,0.0,0.0,0.0,0.0,0.0,32289.0,9.0,59056.0,30843.0,9.0,59059.0
35.06999682800961,0.0,0.0,0.0,0.0,0.0,0.0,0.0,0.0,0.0,0.0,0.0,0.0,0.0,32289.0,9.0,59056.0,30844.0,9.0,59065.0
35.10278749099234,0.0,0.0,0.0,0.0,0.0,0.0,0.0,0.0,0.0,0.0,0.0,0.0,0.0,32291.0,9.0,59096.0,30845.0,9.0,59099.0
35.11606548598502,0.0,0.0,0.0,0.0,0.0,0.0,0.0,0.0,0.0,0.0,0.0,0.0,0.0,32291.0,9.0,59096.0,30846.0,9.0,59111.0
35.528810082003474,0.0,0.0,0.0,0.0,0.0,0.0,0.0,0.0,0.0,0.0,0.0,0.0,0.0,32292.0,9.0,59116.0,30847.0,9.0,59129.0
35.52898048699717,0.0,0.0,0.0,0.0,0.0,0.0,0.0,0.0,0.0,0.0,0.0,0.0,0.0,32297.0,9.0,59216.0,30851.0,9.0,59219.0
35.52905227598967,0.0,0.0,0.0,0.0,0.0,0.0,0.0,0.0,0.0,0.0,0.0,0.0,0.0,32297.0,9.0,59216.0,30852.0,9.0,59226.0
35.529111379000824,0.0,0.0,0.0,0.0,0.0,0.0,0.0,0.0,0.0,0.0,0.0,0.0,0.0,32298.0,9.0,59236.0,30853.0,9.0,59249.0
35.529175651987316,0.0,0.0,0.0,0.0,0.0,0.0,0.0,0.0,0.0,0.0,0.0,0.0,0.0,32299.0,9.0,59256.0,30854.0,9.0,59269.0
35.5292406869994,0.0,0.0,0.0,0.0,0.0,0.0,0.0,0.0,0.0,0.0,0.0,0.0,0.0,32300.0,9.0,59276.0,30855.0,9.0,59289.0
35.52929519099416,0.0,0.0,0.0,0.0,0.0,0.0,0.0,0.0,0.0,0.0,0.0,0.0,0.0,32302.0,9.0,59316.0,30856.0,9.0,59320.0
35.52934871200705,0.0,0.0,0.0,0.0,0.0,0.0,0.0,0.0,0.0,0.0,0.0,0.0,0.0,32302.0,9.0,59316.0,30857.0,9.0,59327.0
35.52940114098601,0.0,0.0,0.0,0.0,0.0,0.0,0.0,0.0,0.0,0.0,0.0,0.0,0.0,32303.0,9.0,59336.0,30858.0,9.0,59349.0
35.52945320899016,0.0,0.0,0.0,0.0,0.0,0.0,0.0,0.0,0.0,0.0,0.0,0.0,0.0,32304.0,9.0,59356.0,30859.0,9.0,59369.0
35.52950488598435,0.0,0.0,0.0,0.0,0.0,0.0,0.0,0.0,0.0,0.0,0.0,0.0,0.0,32305.0,9.0,59376.0,30860.0,9.0,59389.0
35.529580573987914,0.0,0.0,0.0,0.0,0.0,0.0,0.0,0.0,0.0,0.0,0.0,0.0,0.0,32307.0,9.0,59416.0,30861.0,9.0,59420.0
35.52966877698782,0.0,0.0,0.0,0.0,0.0,0.0,0.0,0.0,0.0,0.0,0.0,0.0,0.0,32307.0,9.0,59416.0,30862.0,9.0,59428.0
35.52974661899498,0.0,0.0,0.0,0.0,0.0,0.0,0.0,0.0,0.0,0.0,0.0,0.0,0.0,32308.0,9.0,59436.0,30863.0,9.0,59449.0
35.529820742987795,0.0,0.0,0.0,0.0,0.0,0.0,0.0,0.0,0.0,0.0,0.0,0.0,0.0,32309.0,9.0,59456.0,30864.0,9.0,59469.0
35.52989793301094,0.0,0.0,0.0,0.0,0.0,0.0,0.0,0.0,0.0,0.0,0.0,0.0,0.0,32310.0,9.0,59476.0,30865.0,9.0,59489.0
35.52997590499581,0.0,0.0,0.0,0.0,0.0,0.0,0.0,0.0,0.0,0.0,0.0,0.0,0.0,32312.0,9.0,59516.0,30866.0,9.0,59519.0
35.53189379099058,0.0,0.0,0.0,0.0,0.0,0.0,0.0,0.0,0.0,0.0,0.0,0.0,0.0,32312.0,9.0,59516.0,30867.0,9.0,59526.0
35.554522599006305,0.0,0.0,0.0,0.0,0.0,0.0,0.0,0.0,0.0,0.0,0.0,0.0,0.0,32313.0,9.0,59536.0,30868.0,9.0,59549.0
35.575148072995944,0.0,0.0,0.0,0.0,0.0,0.0,0.0,0.0,0.0,0.0,0.0,0.0,0.0,32314.0,9.0,59556.0,30869.0,9.0,59569.0
35.59415900200838,0.0,0.0,0.0,0.0,0.0,0.0,0.0,0.0,0.0,0.0,0.0,0.0,0.0,32315.0,9.0,59576.0,30870.0,9.0,59589.0
35.62305632699281,0.0,0.0,0.0,0.0,0.0,0.0,0.0,0.0,0.0,0.0,0.0,0.0,0.0,32317.0,9.0,59616.0,30871.0,9.0,59619.0
36.04254560498521,0.0,0.0,0.0,0.0,0.0,0.0,0.0,0.0,0.0,0.0,0.0,0.0,0.0,32317.0,9.0,59616.0,30872.0,9.0,59626.0
36.04273639200255,0.0,0.0,0.0,0.0,0.0,0.0,0.0,0.0,0.0,0.0,0.0,0.0,0.0,32318.0,9.0,59636.0,30873.0,9.0,59649.0
36.04280604698579,0.0,0.0,0.0,0.0,0.0,0.0,0.0,0.0,0.0,0.0,0.0,0.0,0.0,32319.0,9.0,59656.0,30874.0,9.0,59669.0
36.04286738400697,0.0,0.0,0.0,0.0,0.0,0.0,0.0,0.0,0.0,0.0,0.0,0.0,0.0,32320.0,9.0,59676.0,30875.0,9.0,59689.0
36.04293024499202,0.0,0.0,0.0,0.0,0.0,0.0,0.0,0.0,0.0,0.0,0.0,0.0,0.0,32322.0,9.0,59716.0,30876.0,9.0,59719.0
36.04298930798541,0.0,0.0,0.0,0.0,0.0,0.0,0.0,0.0,0.0,0.0,0.0,0.0,0.0,32322.0,9.0,59716.0,30877.0,9.0,59726.0
36.04305034398567,0.0,0.0,0.0,0.0,0.0,0.0,0.0,0.0,0.0,0.0,0.0,0.0,0.0,32324.0,9.0,59756.0,30878.0,9.0,59759.0
36.04310985800112,0.0,0.0,0.0,0.0,0.0,0.0,0.0,0.0,0.0,0.0,0.0,0.0,0.0,32324.0,9.0,59756.0,30879.0,9.0,59766.0
36.04318621699349,0.0,0.0,0.0,0.0,0.0,0.0,0.0,0.0,0.0,0.0,0.0,0.0,0.0,32325.0,9.0,59776.0,30880.0,9.0,59789.0
36.043250900984276,0.0,0.0,0.0,0.0,0.0,0.0,0.0,0.0,0.0,0.0,0.0,0.0,0.0,32327.0,9.0,59816.0,30881.0,9.0,59819.0
36.043306387000484,0.0,0.0,0.0,0.0,0.0,0.0,0.0,0.0,0.0,0.0,0.0,0.0,0.0,32327.0,9.0,59816.0,30882.0,9.0,59826.0
36.0433591559995,0.0,0.0,0.0,0.0,0.0,0.0,0.0,0.0,0.0,0.0,0.0,0.0,0.0,32329.0,9.0,59856.0,30883.0,9.0,59859.0
36.04341835901141,0.0,0.0,0.0,0.0,0.0,0.0,0.0,0.0,0.0,0.0,0.0,0.0,0.0,32329.0,9.0,59856.0,30884.0,9.0,59866.0
36.043473553989315,0.0,0.0,0.0,0.0,0.0,0.0,0.0,0.0,0.0,0.0,0.0,0.0,0.0,32331.0,9.0,59896.0,30885.0,9.0,59899.0
36.043553199007874,0.0,0.0,0.0,0.0,0.0,0.0,0.0,0.0,0.0,0.0,0.0,0.0,0.0,32333.0,9.0,59936.0,30886.0,9.0,59943.0
36.04363221398671,0.0,0.0,0.0,0.0,0.0,0.0,0.0,0.0,0.0,0.0,0.0,0.0,0.0,32333.0,9.0,59936.0,30887.0,9.0,59950.0
36.04378498101141,0.0,0.0,0.0,0.0,0.0,0.0,0.0,0.0,0.0,0.0,0.0,0.0,0.0,32334.0,9.0,59956.0,30888.0,9.0,59969.0
36.043891782988794,0.0,0.0,0.0,0.0,0.0,0.0,0.0,0.0,0.0,0.0,0.0,0.0,0.0,32335.0,9.0,59976.0,30889.0,9.0,59989.0
36.04396179900505,0.0,0.0,0.0,0.0,0.0,0.0,0.0,0.0,0.0,0.0,0.0,0.0,0.0,32336.0,9.0,59996.0,30890.0,9.0,60009.0
36.04934624899761,0.0,0.0,0.0,0.0,0.0,0.0,0.0,0.0,0.0,0.0,0.0,0.0,0.0,32338.0,9.0,60036.0,30891.0,9.0,60039.0
36.049433609994594,0.0,0.0,0.0,0.0,0.0,0.0,0.0,0.0,0.0,0.0,0.0,0.0,0.0,32338.0,9.0,60036.0,30892.0,9.0,60045.0
36.08472631601035,0.0,0.0,0.0,0.0,0.0,0.0,0.0,0.0,0.0,0.0,0.0,0.0,0.0,32340.0,9.0,60075.0,30893.0,9.0,60079.0
36.08943220600486,0.0,0.0,0.0,0.0,0.0,0.0,0.0,0.0,0.0,0.0,0.0,0.0,0.0,32340.0,9.0,60075.0,30894.0,9.0,60086.0
36.12264804600272,0.0,0.0,0.0,0.0,0.0,0.0,0.0,0.0,0.0,0.0,0.0,0.0,0.0,32342.0,9.0,60116.0,30895.0,9.0,60119.0
36.13609501099563,0.0,0.0,0.0,0.0,0.0,0.0,0.0,0.0,0.0,0.0,0.0,0.0,0.0,32342.0,9.0,60116.0,30896.0,9.0,60131.0
36.552681481989566,0.0,0.0,0.0,0.0,0.0,0.0,0.0,0.0,0.0,0.0,0.0,0.0,0.0,32343.0,9.0,60136.0,30897.0,9.0,60149.0
36.55281838501105,0.0,0.0,0.0,0.0,0.0,0.0,0.0,0.0,0.0,0.0,0.0,0.0,0.0,32344.0,9.0,60156.0,30898.0,9.0,60169.0
36.55290096599492,0.0,0.0,0.0,0.0,0.0,0.0,0.0,0.0,0.0,0.0,0.0,0.0,0.0,32345.0,9.0,60176.0,30899.0,9.0,60189.0
36.552964426984545,0.0,0.0,0.0,0.0,0.0,0.0,0.0,0.0,0.0,0.0,0.0,0.0,0.0,32346.0,9.0,60196.0,30900.0,9.0,60209.0
36.55302450200543,0.0,0.0,0.0,0.0,0.0,0.0,0.0,0.0,0.0,0.0,0.0,0.0,0.0,32348.0,9.0,60236.0,30901.0,9.0,60239.0
36.55308315300499,0.0,0.0,0.0,0.0,0.0,0.0,0.0,0.0,0.0,0.0,0.0,0.0,0.0,32348.0,9.0,60236.0,30902.0,9.0,60247.0
36.553141073003644,0.0,0.0,0.0,0.0,0.0,0.0,0.0,0.0,0.0,0.0,0.0,0.0,0.0,32349.0,9.0,60256.0,30903.0,9.0,60269.0
36.55320476499037,0.0,0.0,0.0,0.0,0.0,0.0,0.0,0.0,0.0,0.0,0.0,0.0,0.0,32350.0,9.0,60276.0,30904.0,9.0,60289.0
36.55326700399746,0.0,0.0,0.0,0.0,0.0,0.0,0.0,0.0,0.0,0.0,0.0,0.0,0.0,32351.0,9.0,60296.0,30905.0,9.0,60309.0
36.553325594984926,0.0,0.0,0.0,0.0,0.0,0.0,0.0,0.0,0.0,0.0,0.0,0.0,0.0,32353.0,9.0,60336.0,30906.0,9.0,60339.0
36.553384105995065,0.0,0.0,0.0,0.0,0.0,0.0,0.0,0.0,0.0,0.0,0.0,0.0,0.0,32353.0,9.0,60336.0,30907.0,9.0,60346.0
36.55344111399609,0.0,0.0,0.0,0.0,0.0,0.0,0.0,0.0,0.0,0.0,0.0,0.0,0.0,32354.0,9.0,60356.0,30908.0,9.0,60369.0
36.553497040004004,0.0,0.0,0.0,0.0,0.0,0.0,0.0,0.0,0.0,0.0,0.0,0.0,0.0,32355.0,9.0,60376.0,30909.0,9.0,60389.0
36.55355400798726,0.0,0.0,0.0,0.0,0.0,0.0,0.0,0.0,0.0,0.0,0.0,0.0,0.0,32356.0,9.0,60396.0,30910.0,9.0,60409.0
36.55368052900303,0.0,0.0,0.0,0.0,0.0,0.0,0.0,0.0,0.0,0.0,0.0,0.0,0.0,32358.0,9.0,60436.0,30911.0,9.0,60439.0
36.55376734898891,0.0,0.0,0.0,0.0,0.0,0.0,0.0,0.0,0.0,0.0,0.0,0.0,0.0,32358.0,9.0,60436.0,30912.0,9.0,60446.0
36.55384197400417,0.0,0.0,0.0,0.0,0.0,0.0,0.0,0.0,0.0,0.0,0.0,0.0,0.0,32359.0,9.0,60456.0,30913.0,9.0,60469.0
36.55392318198574,0.0,0.0,0.0,0.0,0.0,0.0,0.0,0.0,0.0,0.0,0.0,0.0,0.0,32360.0,9.0,60476.0,30914.0,9.0,60489.0
36.554156834987225,0.0,0.0,0.0,0.0,0.0,0.0,0.0,0.0,0.0,0.0,0.0,0.0,0.0,32361.0,9.0,60496.0,30915.0,9.0,60509.0
36.55434223898919,0.0,0.0,0.0,0.0,0.0,0.0,0.0,0.0,0.0,0.0,0.0,0.0,0.0,32363.0,9.0,60536.0,30916.0,9.0,60539.0
36.554560660995776,0.0,0.0,0.0,0.0,0.0,0.0,0.0,0.0,0.0,0.0,0.0,0.0,0.0,32363.0,9.0,60536.0,30917.0,9.0,60546.0
36.583449464000296,0.0,0.0,0.0,0.0,0.0,0.0,0.0,0.0,0.0,0.0,0.0,0.0,0.0,32365.0,9.0,60576.0,30918.0,9.0,60579.0
36.59036323099281,0.0,0.0,0.0,0.0,0.0,0.0,0.0,0.0,0.0,0.0,0.0,0.0,0.0,32365.0,9.0,60576.0,30919.0,9.0,60586.0
36.62278033600887,0.0,0.0,0.0,0.0,0.0,0.0,0.0,0.0,0.0,0.0,0.0,0.0,0.0,32367.0,9.0,60616.0,30920.0,9.0,60619.0
36.63592862500809,0.0,0.0,0.0,0.0,0.0,0.0,0.0,0.0,0.0,0.0,0.0,0.0,0.0,32367.0,9.0,60616.0,30921.0,9.0,60631.0
37.05838426499395,0.0,0.0,0.0,0.0,0.0,0.0,0.0,0.0,0.0,0.0,0.0,0.0,0.0,32368.0,9.0,60636.0,30922.0,9.0,60649.0
37.05855539900949,0.0,0.0,0.0,0.0,0.0,0.0,0.0,0.0,0.0,0.0,0.0,0.0,0.0,32369.0,9.0,60656.0,30923.0,9.0,60669.0
37.05862354999408,0.0,0.0,0.0,0.0,0.0,0.0,0.0,0.0,0.0,0.0,0.0,0.0,0.0,32370.0,9.0,60676.0,30924.0,9.0,60689.0
37.05868239200208,0.0,0.0,0.0,0.0,0.0,0.0,0.0,0.0,0.0,0.0,0.0,0.0,0.0,32371.0,9.0,60696.0,30925.0,9.0,60709.0
37.05873809699551,0.0,0.0,0.0,0.0,0.0,0.0,0.0,0.0,0.0,0.0,0.0,0.0,0.0,32373.0,9.0,60736.0,30926.0,9.0,60739.0
37.0587924089923,0.0,0.0,0.0,0.0,0.0,0.0,0.0,0.0,0.0,0.0,0.0,0.0,0.0,32373.0,9.0,60736.0,30927.0,9.0,60746.0
37.058846130996244,0.0,0.0,0.0,0.0,0.0,0.0,0.0,0.0,0.0,0.0,0.0,0.0,0.0,32374.0,9.0,60756.0,30928.0,9.0,60769.0
37.05890343899955,0.0,0.0,0.0,0.0,0.0,0.0,0.0,0.0,0.0,0.0,0.0,0.0,0.0,32375.0,9.0,60776.0,30929.0,9.0,60789.0
37.058957250992535,0.0,0.0,0.0,0.0,0.0,0.0,0.0,0.0,0.0,0.0,0.0,0.0,0.0,32376.0,9.0,60796.0,30930.0,9.0,60809.0
37.05900946899783,0.0,0.0,0.0,0.0,0.0,0.0,0.0,0.0,0.0,0.0,0.0,0.0,0.0,32378.0,9.0,60836.0,30931.0,9.0,60839.0
37.059062377986265,0.0,0.0,0.0,0.0,0.0,0.0,0.0,0.0,0.0,0.0,0.0,0.0,0.0,32378.0,9.0,60836.0,30932.0,9.0,60846.0
37.059151171997655,0.0,0.0,0.0,0.0,0.0,0.0,0.0,0.0,0.0,0.0,0.0,0.0,0.0,32379.0,9.0,60856.0,30933.0,9.0,60869.0
37.05923201900441,0.0,0.0,0.0,0.0,0.0,0.0,0.0,0.0,0.0,0.0,0.0,0.0,0.0,32380.0,9.0,60876.0,30934.0,9.0,60889.0
37.059323599009076,0.0,0.0,0.0,0.0,0.0,0.0,0.0,0.0,0.0,0.0,0.0,0.0,0.0,32381.0,9.0,60896.0,30935.0,9.0,60909.0
37.07236355400528,0.0,0.0,0.0,0.0,0.0,0.0,0.0,0.0,0.0,0.0,0.0,0.0,0.0,32389.0,9.0,61056.0,30936.0,9.0,61066.0
37.102521193010034,0.0,0.0,0.0,0.0,0.0,0.0,0.0,0.0,0.0,0.0,0.0,0.0,0.0,32391.0,9.0,61096.0,30937.0,9.0,61099.0
37.11079770998913,0.0,0.0,0.0,0.0,0.0,0.0,0.0,0.0,0.0,0.0,0.0,0.0,0.0,32391.0,9.0,61096.0,30938.0,9.0,61106.0
37.14278047598782,0.0,0.0,0.0,0.0,0.0,0.0,0.0,0.0,0.0,0.0,0.0,0.0,0.0,32393.0,9.0,61135.0,30939.0,9.0,61139.0
37.1501089920057,0.0,0.0,0.0,0.0,0.0,0.0,0.0,0.0,0.0,0.0,0.0,0.0,0.0,32393.0,9.0,61135.0,30940.0,9.0,61146.0
37.56962262300658,0.0,0.0,0.0,0.0,0.0,0.0,0.0,0.0,0.0,0.0,0.0,0.0,0.0,32394.0,9.0,61156.0,30941.0,9.0,61169.0
37.56982090199017,0.0,0.0,0.0,0.0,0.0,0.0,0.0,0.0,0.0,0.0,0.0,0.0,0.0,32395.0,9.0,61176.0,30942.0,9.0,61189.0
37.56988861100399,0.0,0.0,0.0,0.0,0.0,0.0,0.0,0.0,0.0,0.0,0.0,0.0,0.0,32396.0,9.0,61196.0,30943.0,9.0,61209.0
37.569947673007846,0.0,0.0,0.0,0.0,0.0,0.0,0.0,0.0,0.0,0.0,0.0,0.0,0.0,32397.0,9.0,61216.0,30944.0,9.0,61229.0
37.5700041189848,0.0,0.0,0.0,0.0,0.0,0.0,0.0,0.0,0.0,0.0,0.0,0.0,0.0,32398.0,9.0,61236.0,30945.0,9.0,61249.0
37.57005953299813,0.0,0.0,0.0,0.0,0.0,0.0,0.0,0.0,0.0,0.0,0.0,0.0,0.0,32400.0,9.0,61276.0,30946.0,9.0,61279.0
37.57012568999198,0.0,0.0,0.0,0.0,0.0,0.0,0.0,0.0,0.0,0.0,0.0,0.0,0.0,32400.0,9.0,61276.0,30947.0,9.0,61286.0
37.57019470198429,0.0,0.0,0.0,0.0,0.0,0.0,0.0,0.0,0.0,0.0,0.0,0.0,0.0,32401.0,9.0,61296.0,30948.0,9.0,61309.0
37.57026136899367,0.0,0.0,0.0,0.0,0.0,0.0,0.0,0.0,0.0,0.0,0.0,0.0,0.0,32402.0,9.0,61316.0,30949.0,9.0,61329.0
37.57032337700366,0.0,0.0,0.0,0.0,0.0,0.0,0.0,0.0,0.0,0.0,0.0,0.0,0.0,32403.0,9.0,61336.0,30950.0,9.0,61349.0
37.57037776900688,0.0,0.0,0.0,0.0,0.0,0.0,0.0,0.0,0.0,0.0,0.0,0.0,0.0,32405.0,9.0,61376.0,30951.0,9.0,61379.0
37.57043285301188,0.0,0.0,0.0,0.0,0.0,0.0,0.0,0.0,0.0,0.0,0.0,0.0,0.0,32405.0,9.0,61376.0,30952.0,9.0,61386.0
37.5705484309874,0.0,0.0,0.0,0.0,0.0,0.0,0.0,0.0,0.0,0.0,0.0,0.0,0.0,32407.0,9.0,61416.0,30953.0,9.0,61420.0
37.57065786598832,0.0,0.0,0.0,0.0,0.0,0.0,0.0,0.0,0.0,0.0,0.0,0.0,0.0,32407.0,9.0,61416.0,30954.0,9.0,61427.0
37.57075231100316,0.0,0.0,0.0,0.0,0.0,0.0,0.0,0.0,0.0,0.0,0.0,0.0,0.0,32408.0,9.0,61436.0,30955.0,9.0,61449.0
37.570838277984876,0.0,0.0,0.0,0.0,0.0,0.0,0.0,0.0,0.0,0.0,0.0,0.0,0.0,32410.0,9.0,61476.0,30956.0,9.0,61479.0
37.57106256100815,0.0,0.0,0.0,0.0,0.0,0.0,0.0,0.0,0.0,0.0,0.0,0.0,0.0,32410.0,9.0,61476.0,30957.0,9.0,61486.0
37.57114840700524,0.0,0.0,0.0,0.0,0.0,0.0,0.0,0.0,0.0,0.0,0.0,0.0,0.0,32412.0,9.0,61516.0,30958.0,9.0,61519.0
37.57123913400574,0.0,0.0,0.0,0.0,0.0,0.0,0.0,0.0,0.0,0.0,0.0,0.0,0.0,32412.0,9.0,61516.0,30959.0,9.0,61526.0
37.571296893002,0.0,0.0,0.0,0.0,0.0,0.0,0.0,0.0,0.0,0.0,0.0,0.0,0.0,32413.0,9.0,61536.0,30960.0,9.0,61549.0
37.58470112798386,0.0,0.0,0.0,0.0,0.0,0.0,0.0,0.0,0.0,0.0,0.0,0.0,0.0,32415.0,9.0,61576.0,30961.0,9.0,61579.0
37.591017686005216,0.0,0.0,0.0,0.0,0.0,0.0,0.0,0.0,0.0,0.0,0.0,0.0,0.0,32415.0,9.0,61576.0,30962.0,9.0,61587.0
37.62584890000289,0.0,0.0,0.0,0.0,0.0,0.0,0.0,0.0,0.0,0.0,0.0,0.0,0.0,32416.0,9.0,61596.0,30963.0,9.0,61609.0
37.63680835600826,0.0,0.0,0.0,0.0,0.0,0.0,0.0,0.0,0.0,0.0,0.0,0.0,0.0,32417.0,9.0,61616.0,30964.0,9.0,61629.0
37.65300743098487,0.0,0.0,0.0,0.0,0.0,0.0,0.0,0.0,0.0,0.0,0.0,0.0,0.0,32418.0,9.0,61636.0,30965.0,9.0,61649.0
38.1024383160111,0.0,0.0,0.0,0.0,0.0,0.0,0.0,0.0,0.0,0.0,0.0,0.0,0.0,32420.0,9.0,61676.0,30966.0,9.0,61680.0
38.102628346998245,0.0,0.0,0.0,0.0,0.0,0.0,0.0,0.0,0.0,0.0,0.0,0.0,0.0,32420.0,9.0,61676.0,30967.0,9.0,61686.0
38.10270375298569,0.0,0.0,0.0,0.0,0.0,0.0,0.0,0.0,0.0,0.0,0.0,0.0,0.0,32421.0,9.0,61696.0,30968.0,9.0,61709.0
38.10277001900249,0.0,0.0,0.0,0.0,0.0,0.0,0.0,0.0,0.0,0.0,0.0,0.0,0.0,32422.0,9.0,61716.0,30969.0,9.0,61729.0
38.102832017000765,0.0,0.0,0.0,0.0,0.0,0.0,0.0,0.0,0.0,0.0,0.0,0.0,0.0,32423.0,9.0,61736.0,30970.0,9.0,61749.0
38.10289249199559,0.0,0.0,0.0,0.0,0.0,0.0,0.0,0.0,0.0,0.0,0.0,0.0,0.0,32425.0,9.0,61776.0,30971.0,9.0,61779.0
38.10294962898479,0.0,0.0,0.0,0.0,0.0,0.0,0.0,0.0,0.0,0.0,0.0,0.0,0.0,32425.0,9.0,61776.0,30972.0,9.0,61786.0
38.10300798001117,0.0,0.0,0.0,0.0,0.0,0.0,0.0,0.0,0.0,0.0,0.0,0.0,0.0,32426.0,9.0,61796.0,30973.0,9.0,61809.0
38.10306495698751,0.0,0.0,0.0,0.0,0.0,0.0,0.0,0.0,0.0,0.0,0.0,0.0,0.0,32427.0,9.0,61816.0,30974.0,9.0,61829.0
38.103121694002766,0.0,0.0,0.0,0.0,0.0,0.0,0.0,0.0,0.0,0.0,0.0,0.0,0.0,32428.0,9.0,61836.0,30975.0,9.0,61849.0
38.10330824798439,0.0,0.0,0.0,0.0,0.0,0.0,0.0,0.0,0.0,0.0,0.0,0.0,0.0,32430.0,9.0,61876.0,30976.0,9.0,61879.0
38.10339671099791,0.0,0.0,0.0,0.0,0.0,0.0,0.0,0.0,0.0,0.0,0.0,0.0,0.0,32430.0,9.0,61876.0,30977.0,9.0,61886.0
38.103479320998304,0.0,0.0,0.0,0.0,0.0,0.0,0.0,0.0,0.0,0.0,0.0,0.0,0.0,32432.0,9.0,61916.0,30978.0,9.0,61920.0
38.1035639650072,0.0,0.0,0.0,0.0,0.0,0.0,0.0,0.0,0.0,0.0,0.0,0.0,0.0,32432.0,9.0,61916.0,30979.0,9.0,61927.0
38.10365083499346,0.0,0.0,0.0,0.0,0.0,0.0,0.0,0.0,0.0,0.0,0.0,0.0,0.0,32433.0,9.0,61936.0,30980.0,9.0,61949.0
38.104010876995744,0.0,0.0,0.0,0.0,0.0,0.0,0.0,0.0,0.0,0.0,0.0,0.0,0.0,32435.0,9.0,61976.0,30981.0,9.0,61979.0
38.10409490999882,0.0,0.0,0.0,0.0,0.0,0.0,0.0,0.0,0.0,0.0,0.0,0.0,0.0,32435.0,9.0,61976.0,30982.0,9.0,61986.0
38.10419480598648,0.0,0.0,0.0,0.0,0.0,0.0,0.0,0.0,0.0,0.0,0.0,0.0,0.0,32436.0,9.0,61996.0,30983.0,9.0,62009.0
38.10430081401137,0.0,0.0,0.0,0.0,0.0,0.0,0.0,0.0,0.0,0.0,0.0,0.0,0.0,32437.0,9.0,62016.0,30984.0,9.0,62029.0
38.104389156011166,0.0,0.0,0.0,0.0,0.0,0.0,0.0,0.0,0.0,0.0,0.0,0.0,0.0,32438.0,9.0,62036.0,30985.0,9.0,62049.0
38.10455452700262,0.0,0.0,0.0,0.0,0.0,0.0,0.0,0.0,0.0,0.0,0.0,0.0,0.0,32440.0,9.0,62076.0,30986.0,9.0,62079.0
38.1046629800112,0.0,0.0,0.0,0.0,0.0,0.0,0.0,0.0,0.0,0.0,0.0,0.0,0.0,32440.0,9.0,62076.0,30987.0,9.0,62086.0
38.11407598000369,0.0,0.0,0.0,0.0,0.0,0.0,0.0,0.0,0.0,0.0,0.0,0.0,0.0,32441.0,9.0,62096.0,30988.0,9.0,62109.0
38.13623825399554,0.0,0.0,0.0,0.0,0.0,0.0,0.0,0.0,0.0,0.0,0.0,0.0,0.0,32442.0,9.0,62116.0,30989.0,9.0,62129.0
38.15470336898579,0.0,0.0,0.0,0.0,0.0,0.0,0.0,0.0,0.0,0.0,0.0,0.0,0.0,32443.0,9.0,62136.0,30990.0,9.0,62149.0
38.18700965898461,0.0,0.0,0.0,0.0,0.0,0.0,0.0,0.0,0.0,0.0,0.0,0.0,0.0,32445.0,9.0,62176.0,30991.0,9.0,62179.0
38.19758632700541,0.0,0.0,0.0,0.0,0.0,0.0,0.0,0.0,0.0,0.0,0.0,0.0,0.0,32445.0,9.0,62176.0,30992.0,9.0,62186.0
38.214451765001286,0.0,0.0,0.0,0.0,0.0,0.0,0.0,0.0,0.0,0.0,0.0,0.0,0.0,32446.0,9.0,62196.0,30993.0,9.0,62209.0
38.2354732780077,0.0,0.0,0.0,0.0,0.0,0.0,0.0,0.0,0.0,0.0,0.0,0.0,0.0,32447.0,9.0,62216.0,30994.0,9.0,62229.0
38.26821866098908,0.0,0.0,0.0,0.0,0.0,0.0,0.0,0.0,0.0,0.0,0.0,0.0,0.0,32448.0,9.0,62236.0,30995.0,9.0,62249.0
38.299844749009935,0.0,0.0,0.0,0.0,0.0,0.0,0.0,0.0,0.0,0.0,0.0,0.0,0.0,32450.0,9.0,62276.0,30996.0,9.0,62279.0
38.29994857200654,0.0,0.0,0.0,0.0,0.0,0.0,0.0,0.0,0.0,0.0,0.0,0.0,0.0,32450.0,9.0,62276.0,30997.0,9.0,62286.0
38.32696708198637,0.0,0.0,0.0,0.0,0.0,0.0,0.0,0.0,0.0,0.0,0.0,0.0,0.0,32452.0,9.0,62316.0,30998.0,9.0,62319.0
38.33168154899613,0.0,0.0,0.0,0.0,0.0,0.0,0.0,0.0,0.0,0.0,0.0,0.0,0.0,32452.0,9.0,62316.0,30999.0,9.0,62327.0
38.3911497159861,0.0,0.0,0.0,0.0,0.0,0.0,0.0,0.0,0.0,0.0,0.0,0.0,0.0,32453.0,9.0,62336.0,31000.0,9.0,62349.0
38.39125746799982,0.0,0.0,0.0,0.0,0.0,0.0,0.0,0.0,0.0,0.0,0.0,0.0,0.0,32455.0,9.0,62376.0,31001.0,9.0,62379.0
38.39132398398942,0.0,0.0,0.0,0.0,0.0,0.0,0.0,0.0,0.0,0.0,0.0,0.0,0.0,32455.0,9.0,62376.0,31002.0,9.0,62386.0
38.45062356500421,0.0,0.0,0.0,0.0,0.0,0.0,0.0,0.0,0.0,0.0,0.0,0.0,0.0,32456.0,9.0,62396.0,31003.0,9.0,62409.0
38.45100232301047,0.0,0.0,0.0,0.0,0.0,0.0,0.0,0.0,0.0,0.0,0.0,0.0,0.0,32457.0,9.0,62416.0,31004.0,9.0,62429.0
38.45470862099319,0.0,0.0,0.0,0.0,0.0,0.0,0.0,0.0,0.0,0.0,0.0,0.0,0.0,32458.0,9.0,62436.0,31005.0,9.0,62449.0
38.48537834500894,0.0,0.0,0.0,0.0,0.0,0.0,0.0,0.0,0.0,0.0,0.0,0.0,0.0,32460.0,9.0,62476.0,31006.0,9.0,62479.0
38.49008140899241,0.0,0.0,0.0,0.0,0.0,0.0,0.0,0.0,0.0,0.0,0.0,0.0,0.0,32460.0,9.0,62476.0,31007.0,9.0,62486.0
38.52494199600187,0.0,0.0,0.0,0.0,0.0,0.0,0.0,0.0,0.0,0.0,0.0,0.0,0.0,32462.0,9.0,62516.0,31008.0,9.0,62519.0
38.53073294198839,0.0,0.0,0.0,0.0,0.0,0.0,0.0,0.0,0.0,0.0,0.0,0.0,0.0,32462.0,9.0,62516.0,31009.0,9.0,62526.0
38.671004270989215,0.0,0.0,0.0,0.0,0.0,0.0,0.0,0.0,0.0,0.0,0.0,0.0,0.0,32464.0,9.0,62556.0,31010.0,9.0,62559.0
38.67128479699022,0.0,0.0,0.0,0.0,0.0,0.0,0.0,0.0,0.0,0.0,0.0,0.0,0.0,32464.0,9.0,62556.0,31011.0,9.0,62571.0
38.67136889899848,0.0,0.0,0.0,0.0,0.0,0.0,0.0,0.0,0.0,0.0,0.0,0.0,0.0,32465.0,9.0,62576.0,31012.0,9.0,62589.0
38.671435775991995,0.0,0.0,0.0,0.0,0.0,0.0,0.0,0.0,0.0,0.0,0.0,0.0,0.0,32466.0,9.0,62596.0,31013.0,9.0,62609.0
38.67150562000461,0.0,0.0,0.0,0.0,0.0,0.0,0.0,0.0,0.0,0.0,0.0,0.0,0.0,32467.0,9.0,62616.0,31014.0,9.0,62629.0
38.671589472010965,0.0,0.0,0.0,0.0,0.0,0.0,0.0,0.0,0.0,0.0,0.0,0.0,0.0,32468.0,9.0,62636.0,31015.0,9.0,62649.0
38.68551087798551,0.0,0.0,0.0,0.0,0.0,0.0,0.0,0.0,0.0,0.0,0.0,0.0,0.0,32470.0,9.0,62676.0,31016.0,9.0,62679.0
38.69021950298338,0.0,0.0,0.0,0.0,0.0,0.0,0.0,0.0,0.0,0.0,0.0,0.0,0.0,32470.0,9.0,62676.0,31017.0,9.0,62686.0
38.7243702429987,0.0,0.0,0.0,0.0,0.0,0.0,0.0,0.0,0.0,0.0,0.0,0.0,0.0,32472.0,9.0,62716.0,31018.0,9.0,62719.0
38.73145964500145,0.0,0.0,0.0,0.0,0.0,0.0,0.0,0.0,0.0,0.0,0.0,0.0,0.0,32472.0,9.0,62716.0,31019.0,9.0,62726.0
38.765012777992524,0.0,0.0,0.0,0.0,0.0,0.0,0.0,0.0,0.0,0.0,0.0,0.0,0.0,32474.0,9.0,62756.0,31020.0,9.0,62759.0
38.77461159098311,0.0,0.0,0.0,0.0,0.0,0.0,0.0,0.0,0.0,0.0,0.0,0.0,0.0,32474.0,9.0,62756.0,31021.0,9.0,62770.0
38.890397217997815,0.0,0.0,0.0,0.0,0.0,0.0,0.0,0.0,0.0,0.0,0.0,0.0,0.0,32475.0,9.0,62776.0,31022.0,9.0,62789.0
38.89049593100208,0.0,0.0,0.0,0.0,0.0,0.0,0.0,0.0,0.0,0.0,0.0,0.0,0.0,32476.0,9.0,62796.0,31023.0,9.0,62809.0
38.8905761759961,0.0,0.0,0.0,0.0,0.0,0.0,0.0,0.0,0.0,0.0,0.0,0.0,0.0,32477.0,9.0,62816.0,31024.0,9.0,62829.0
38.89063753199298,0.0,0.0,0.0,0.0,0.0,0.0,0.0,0.0,0.0,0.0,0.0,0.0,0.0,32478.0,9.0,62836.0,31025.0,9.0,62849.0
38.890692273998866,0.0,0.0,0.0,0.0,0.0,0.0,0.0,0.0,0.0,0.0,0.0,0.0,0.0,32480.0,9.0,62876.0,31026.0,9.0,62879.0
38.89240566099761,0.0,0.0,0.0,0.0,0.0,0.0,0.0,0.0,0.0,0.0,0.0,0.0,0.0,32480.0,9.0,62876.0,31027.0,9.0,62886.0
38.91649617100484,0.0,0.0,0.0,0.0,0.0,0.0,0.0,0.0,0.0,0.0,0.0,0.0,0.0,32481.0,9.0,62896.0,31028.0,9.0,62909.0
38.93476411799202,0.0,0.0,0.0,0.0,0.0,0.0,0.0,0.0,0.0,0.0,0.0,0.0,0.0,32482.0,9.0,62916.0,31029.0,9.0,62929.0
38.965682332986034,0.0,0.0,0.0,0.0,0.0,0.0,0.0,0.0,0.0,0.0,0.0,0.0,0.0,32484.0,9.0,62956.0,31030.0,9.0,62959.0
38.97649043798447,0.0,0.0,0.0,0.0,0.0,0.0,0.0,0.0,0.0,0.0,0.0,0.0,0.0,32484.0,9.0,62956.0,31031.0,9.0,62970.0
38.99346475000493,0.0,0.0,0.0,0.0,0.0,0.0,0.0,0.0,0.0,0.0,0.0,0.0,0.0,32485.0,9.0,62976.0,31032.0,9.0,62989.0
39.09561538998969,0.0,0.0,0.0,0.0,0.0,0.0,0.0,0.0,0.0,0.0,0.0,0.0,0.0,32486.0,9.0,62996.0,31033.0,9.0,63009.0
39.09580304499832,0.0,0.0,0.0,0.0,0.0,0.0,0.0,0.0,0.0,0.0,0.0,0.0,0.0,32487.0,9.0,63016.0,31034.0,9.0,63029.0
39.09587575501064,0.0,0.0,0.0,0.0,0.0,0.0,0.0,0.0,0.0,0.0,0.0,0.0,0.0,32488.0,9.0,63036.0,31035.0,9.0,63049.0
39.09593345300527,0.0,0.0,0.0,0.0,0.0,0.0,0.0,0.0,0.0,0.0,0.0,0.0,0.0,32490.0,9.0,63076.0,31036.0,9.0,63079.0
39.09600275498815,0.0,0.0,0.0,0.0,0.0,0.0,0.0,0.0,0.0,0.0,0.0,0.0,0.0,32490.0,9.0,63076.0,31037.0,9.0,63086.0
39.11993374800659,0.0,0.0,0.0,0.0,0.0,0.0,0.0,0.0,0.0,0.0,0.0,0.0,0.0,32491.0,9.0,63096.0,31038.0,9.0,63108.0
39.133449290005956,0.0,0.0,0.0,0.0,0.0,0.0,0.0,0.0,0.0,0.0,0.0,0.0,0.0,32492.0,9.0,63116.0,31039.0,9.0,63129.0
39.15420371200889,0.0,0.0,0.0,0.0,0.0,0.0,0.0,0.0,0.0,0.0,0.0,0.0,0.0,32493.0,9.0,63136.0,31040.0,9.0,63149.0
39.185037913994165,0.0,0.0,0.0,0.0,0.0,0.0,0.0,0.0,0.0,0.0,0.0,0.0,0.0,32495.0,9.0,63176.0,31041.0,9.0,63179.0
39.19153126201127,0.0,0.0,0.0,0.0,0.0,0.0,0.0,0.0,0.0,0.0,0.0,0.0,0.0,32495.0,9.0,63176.0,31042.0,9.0,63186.0
39.213266898004804,0.0,0.0,0.0,0.0,0.0,0.0,0.0,0.0,0.0,0.0,0.0,0.0,0.0,32496.0,9.0,63196.0,31043.0,9.0,63209.0
39.30267346301116,0.0,0.0,0.0,0.0,0.0,0.0,0.0,0.0,0.0,0.0,0.0,0.0,0.0,32497.0,9.0,63216.0,31044.0,9.0,63229.0
39.30300241601071,0.0,0.0,0.0,0.0,0.0,0.0,0.0,0.0,0.0,0.0,0.0,0.0,0.0,32498.0,9.0,63236.0,31045.0,9.0,63249.0
39.30332364200149,0.0,0.0,0.0,0.0,0.0,0.0,0.0,0.0,0.0,0.0,0.0,0.0,0.0,32500.0,9.0,63276.0,31046.0,9.0,63279.0
39.30364239399205,0.0,0.0,0.0,0.0,0.0,0.0,0.0,0.0,0.0,0.0,0.0,0.0,0.0,32500.0,9.0,63276.0,31047.0,9.0,63286.0
39.33064917399315,0.0,0.0,0.0,0.0,0.0,0.0,0.0,0.0,0.0,0.0,0.0,0.0,0.0,32502.0,9.0,63316.0,31048.0,9.0,63320.0
39.33374854098656,0.0,0.0,0.0,0.0,0.0,0.0,0.0,0.0,0.0,0.0,0.0,0.0,0.0,32502.0,9.0,63316.0,31049.0,9.0,63328.0
39.36235561300418,0.0,0.0,0.0,0.0,0.0,0.0,0.0,0.0,0.0,0.0,0.0,0.0,0.0,32503.0,9.0,63336.0,31050.0,9.0,63349.0
39.38417952499003,0.0,0.0,0.0,0.0,0.0,0.0,0.0,0.0,0.0,0.0,0.0,0.0,0.0,32505.0,9.0,63376.0,31051.0,9.0,63379.0
39.39166568199289,0.0,0.0,0.0,0.0,0.0,0.0,0.0,0.0,0.0,0.0,0.0,0.0,0.0,32505.0,9.0,63376.0,31052.0,9.0,63386.0
39.55342059599934,0.0,0.0,0.0,0.0,0.0,0.0,0.0,0.0,0.0,0.0,0.0,0.0,0.0,32507.0,9.0,63416.0,31053.0,9.0,63421.0
39.55359890998807,0.0,0.0,0.0,0.0,0.0,0.0,0.0,0.0,0.0,0.0,0.0,0.0,0.0,32507.0,9.0,63416.0,31054.0,9.0,63428.0
39.55366587699973,0.0,0.0,0.0,0.0,0.0,0.0,0.0,0.0,0.0,0.0,0.0,0.0,0.0,32508.0,9.0,63436.0,31055.0,9.0,63449.0
39.553725187986856,0.0,0.0,0.0,0.0,0.0,0.0,0.0,0.0,0.0,0.0,0.0,0.0,0.0,32510.0,9.0,63476.0,31056.0,9.0,63479.0
39.553780971997185,0.0,0.0,0.0,0.0,0.0,0.0,0.0,0.0,0.0,0.0,0.0,0.0,0.0,32510.0,9.0,63476.0,31057.0,9.0,63486.0
39.553834992984775,0.0,0.0,0.0,0.0,0.0,0.0,0.0,0.0,0.0,0.0,0.0,0.0,0.0,32511.0,9.0,63496.0,31058.0,9.0,63509.0
39.55388879298698,0.0,0.0,0.0,0.0,0.0,0.0,0.0,0.0,0.0,0.0,0.0,0.0,0.0,32512.0,9.0,63516.0,31059.0,9.0,63529.0
39.56176836398663,0.0,0.0,0.0,0.0,0.0,0.0,0.0,0.0,0.0,0.0,0.0,0.0,0.0,32513.0,9.0,63536.0,31060.0,9.0,63549.0
39.57473909499822,0.0,0.0,0.0,0.0,0.0,0.0,0.0,0.0,0.0,0.0,0.0,0.0,0.0,32514.0,9.0,63556.0,31061.0,9.0,63569.0
39.593324485002086,0.0,0.0,0.0,0.0,0.0,0.0,0.0,0.0,0.0,0.0,0.0,0.0,0.0,32515.0,9.0,63576.0,31062.0,9.0,63589.0
39.61511755498941,0.0,0.0,0.0,0.0,0.0,0.0,0.0,0.0,0.0,0.0,0.0,0.0,0.0,32516.0,9.0,63596.0,31063.0,9.0,63609.0
39.63367449800717,0.0,0.0,0.0,0.0,0.0,0.0,0.0,0.0,0.0,0.0,0.0,0.0,0.0,32517.0,9.0,63616.0,31064.0,9.0,63628.0
39.65419665799709,0.0,0.0,0.0,0.0,0.0,0.0,0.0,0.0,0.0,0.0,0.0,0.0,0.0,32518.0,9.0,63636.0,31065.0,9.0,63649.0
39.772504558000946,0.0,0.0,0.0,0.0,0.0,0.0,0.0,0.0,0.0,0.0,0.0,0.0,0.0,32520.0,9.0,63676.0,31066.0,9.0,63679.0
39.77262106598937,0.0,0.0,0.0,0.0,0.0,0.0,0.0,0.0,0.0,0.0,0.0,0.0,0.0,32520.0,9.0,63676.0,31067.0,9.0,63686.0
39.77268692100188,0.0,0.0,0.0,0.0,0.0,0.0,0.0,0.0,0.0,0.0,0.0,0.0,0.0,32522.0,9.0,63716.0,31068.0,9.0,63719.0
39.772745469992515,0.0,0.0,0.0,0.0,0.0,0.0,0.0,0.0,0.0,0.0,0.0,0.0,0.0,32522.0,9.0,63716.0,31069.0,9.0,63726.0
39.77280271699419,0.0,0.0,0.0,0.0,0.0,0.0,0.0,0.0,0.0,0.0,0.0,0.0,0.0,32523.0,9.0,63736.0,31070.0,9.0,63749.0
39.78497519600205,0.0,0.0,0.0,0.0,0.0,0.0,0.0,0.0,0.0,0.0,0.0,0.0,0.0,32525.0,9.0,63776.0,31071.0,9.0,63779.0
39.79143543500686,0.0,0.0,0.0,0.0,0.0,0.0,0.0,0.0,0.0,0.0,0.0,0.0,0.0,32525.0,9.0,63776.0,31072.0,9.0,63786.0
39.82481692900183,0.0,0.0,0.0,0.0,0.0,0.0,0.0,0.0,0.0,0.0,0.0,0.0,0.0,32527.0,9.0,63816.0,31073.0,9.0,63819.0
39.83160844500526,0.0,0.0,0.0,0.0,0.0,0.0,0.0,0.0,0.0,0.0,0.0,0.0,0.0,32527.0,9.0,63816.0,31074.0,9.0,63826.0
39.85425692299032,0.0,0.0,0.0,0.0,0.0,0.0,0.0,0.0,0.0,0.0,0.0,0.0,0.0,32528.0,9.0,63836.0,31075.0,9.0,63849.0
39.99150246399222,0.0,0.0,0.0,0.0,0.0,0.0,0.0,0.0,0.0,0.0,0.0,0.0,0.0,32530.0,9.0,63876.0,31076.0,9.0,63879.0
39.99162684800103,0.0,0.0,0.0,0.0,0.0,0.0,0.0,0.0,0.0,0.0,0.0,0.0,0.0,32530.0,9.0,63876.0,31077.0,9.0,63886.0
39.991691250004806,0.0,0.0,0.0,0.0,0.0,0.0,0.0,0.0,0.0,0.0,0.0,0.0,0.0,32531.0,9.0,63896.0,31078.0,9.0,63909.0
39.99175120299333,0.0,0.0,0.0,0.0,0.0,0.0,0.0,0.0,0.0,0.0,0.0,0.0,0.0,32532.0,9.0,63916.0,31079.0,9.0,63929.0
39.99186118700891,0.0,0.0,0.0,0.0,0.0,0.0,0.0,0.0,0.0,0.0,0.0,0.0,0.0,32533.0,9.0,63936.0,31080.0,9.0,63949.0
39.99197018999257,0.0,0.0,0.0,0.0,0.0,0.0,0.0,0.0,0.0,0.0,0.0,0.0,0.0,32535.0,9.0,63976.0,31081.0,9.0,63979.0
39.992064744001254,0.0,0.0,0.0,0.0,0.0,0.0,0.0,0.0,0.0,0.0,0.0,0.0,0.0,32535.0,9.0,63976.0,31082.0,9.0,63986.0
40.02433937400929,0.0,0.0,0.0,0.0,0.0,0.0,0.0,0.0,0.0,0.0,0.0,0.0,0.0,32537.0,9.0,64016.0,31083.0,9.0,64019.0
40.03190435198485,0.0,0.0,0.0,0.0,0.0,0.0,0.0,0.0,0.0,0.0,0.0,0.0,0.0,32537.0,9.0,64016.0,31084.0,9.0,64026.0
40.06449670199072,0.0,0.0,0.0,0.0,0.0,0.0,0.0,0.0,0.0,0.0,0.0,0.0,0.0,32539.0,9.0,64056.0,31085.0,9.0,64059.0
40.08292006200645,0.0,0.0,0.0,0.0,0.0,0.0,0.0,0.0,0.0,0.0,0.0,0.0,0.0,32539.0,9.0,64056.0,31086.0,9.0,64070.0
40.09430246500415,0.0,0.0,0.0,0.0,0.0,0.0,0.0,0.0,0.0,0.0,0.0,0.0,0.0,32540.0,9.0,64076.0,31087.0,9.0,64089.0
40.21109380299458,0.0,0.0,0.0,0.0,0.0,0.0,0.0,0.0,0.0,0.0,0.0,0.0,0.0,32541.0,9.0,64096.0,31088.0,9.0,64109.0
40.211204489984084,0.0,0.0,0.0,0.0,0.0,0.0,0.0,0.0,0.0,0.0,0.0,0.0,0.0,32542.0,9.0,64116.0,31089.0,9.0,64129.0
40.21127276899642,0.0,0.0,0.0,0.0,0.0,0.0,0.0,0.0,0.0,0.0,0.0,0.0,0.0,32543.0,9.0,64136.0,31090.0,9.0,64149.0
40.211356880987296,0.0,0.0,0.0,0.0,0.0,0.0,0.0,0.0,0.0,0.0,0.0,0.0,0.0,32545.0,9.0,64176.0,31091.0,9.0,64179.0
40.211437766993186,0.0,0.0,0.0,0.0,0.0,0.0,0.0,0.0,0.0,0.0,0.0,0.0,0.0,32545.0,9.0,64176.0,31092.0,9.0,64185.0
40.223329420987284,0.0,0.0,0.0,0.0,0.0,0.0,0.0,0.0,0.0,0.0,0.0,0.0,0.0,32547.0,9.0,64216.0,31093.0,9.0,64219.0
40.22967867300031,0.0,0.0,0.0,0.0,0.0,0.0,0.0,0.0,0.0,0.0,0.0,0.0,0.0,32547.0,9.0,64216.0,31094.0,9.0,64225.0
40.26501459899009,0.0,0.0,0.0,0.0,0.0,0.0,0.0,0.0,0.0,0.0,0.0,0.0,0.0,32549.0,9.0,64256.0,31095.0,9.0,64259.0
40.27746979900985,0.0,0.0,0.0,0.0,0.0,0.0,0.0,0.0,0.0,0.0,0.0,0.0,0.0,32549.0,9.0,64256.0,31096.0,9.0,64271.0
40.29367351499968,0.0,0.0,0.0,0.0,0.0,0.0,0.0,0.0,0.0,0.0,0.0,0.0,0.0,32550.0,9.0,64276.0,31097.0,9.0,64289.0
40.31354153400753,0.0,0.0,0.0,0.0,0.0,0.0,0.0,0.0,0.0,0.0,0.0,0.0,0.0,32551.0,9.0,64296.0,31098.0,9.0,64309.0
40.34175508300541,0.0,0.0,0.0,0.0,0.0,0.0,0.0,0.0,0.0,0.0,0.0,0.0,0.0,32552.0,9.0,64316.0,31099.0,9.0,64329.0
40.431528423010604,0.0,0.0,0.0,0.0,0.0,0.0,0.0,0.0,0.0,0.0,0.0,0.0,0.0,32553.0,9.0,64336.0,31100.0,9.0,64349.0
40.43162093200954,0.0,0.0,0.0,0.0,0.0,0.0,0.0,0.0,0.0,0.0,0.0,0.0,0.0,32555.0,9.0,64376.0,31101.0,9.0,64379.0
40.43168375999085,0.0,0.0,0.0,0.0,0.0,0.0,0.0,0.0,0.0,0.0,0.0,0.0,0.0,32555.0,9.0,64376.0,31102.0,9.0,64386.0
40.43174174800515,0.0,0.0,0.0,0.0,0.0,0.0,0.0,0.0,0.0,0.0,0.0,0.0,0.0,32556.0,9.0,64396.0,31103.0,9.0,64409.0
40.43471132699051,0.0,0.0,0.0,0.0,0.0,0.0,0.0,0.0,0.0,0.0,0.0,0.0,0.0,32557.0,9.0,64416.0,31104.0,9.0,64429.0
40.45365292899078,0.0,0.0,0.0,0.0,0.0,0.0,0.0,0.0,0.0,0.0,0.0,0.0,0.0,32558.0,9.0,64436.0,31105.0,9.0,64449.0
40.4858072049974,0.0,0.0,0.0,0.0,0.0,0.0,0.0,0.0,0.0,0.0,0.0,0.0,0.0,32560.0,9.0,64476.0,31106.0,9.0,64479.0
40.49137766100466,0.0,0.0,0.0,0.0,0.0,0.0,0.0,0.0,0.0,0.0,0.0,0.0,0.0,32560.0,9.0,64476.0,31107.0,9.0,64486.0
40.52508946901071,0.0,0.0,0.0,0.0,0.0,0.0,0.0,0.0,0.0,0.0,0.0,0.0,0.0,32562.0,9.0,64516.0,31108.0,9.0,64519.0
40.5325772909855,0.0,0.0,0.0,0.0,0.0,0.0,0.0,0.0,0.0,0.0,0.0,0.0,0.0,32562.0,9.0,64516.0,31109.0,9.0,64526.0
40.652433348004706,0.0,0.0,0.0,0.0,0.0,0.0,0.0,0.0,0.0,0.0,0.0,0.0,0.0,32564.0,9.0,64556.0,31110.0,9.0,64559.0
40.67005586400046,0.0,0.0,0.0,0.0,0.0,0.0,0.0,0.0,0.0,0.0,0.0,0.0,0.0,32564.0,9.0,64556.0,31111.0,9.0,64571.0
40.67013350198977,0.0,0.0,0.0,0.0,0.0,0.0,0.0,0.0,0.0,0.0,0.0,0.0,0.0,32565.0,9.0,64576.0,31112.0,9.0,64589.0
40.67020128000877,0.0,0.0,0.0,0.0,0.0,0.0,0.0,0.0,0.0,0.0,0.0,0.0,0.0,32566.0,9.0,64596.0,31113.0,9.0,64609.0
40.67025927800569,0.0,0.0,0.0,0.0,0.0,0.0,0.0,0.0,0.0,0.0,0.0,0.0,0.0,32567.0,9.0,64616.0,31114.0,9.0,64629.0
40.67031362900161,0.0,0.0,0.0,0.0,0.0,0.0,0.0,0.0,0.0,0.0,0.0,0.0,0.0,32568.0,9.0,64636.0,31115.0,9.0,64649.0
40.700892385008046,0.0,0.0,0.0,0.0,0.0,0.0,0.0,0.0,0.0,0.0,0.0,0.0,0.0,32570.0,9.0,64676.0,31116.0,9.0,64679.0
40.70096709698555,0.0,0.0,0.0,0.0,0.0,0.0,0.0,0.0,0.0,0.0,0.0,0.0,0.0,32570.0,9.0,64676.0,31117.0,9.0,64686.0
40.72710692198598,0.0,0.0,0.0,0.0,0.0,0.0,0.0,0.0,0.0,0.0,0.0,0.0,0.0,32572.0,9.0,64716.0,31118.0,9.0,64719.0
40.731090777000645,0.0,0.0,0.0,0.0,0.0,0.0,0.0,0.0,0.0,0.0,0.0,0.0,0.0,32572.0,9.0,64716.0,31119.0,9.0,64726.0
40.75365248299204,0.0,0.0,0.0,0.0,0.0,0.0,0.0,0.0,0.0,0.0,0.0,0.0,0.0,32573.0,9.0,64736.0,31120.0,9.0,64749.0
40.870072210003855,0.0,0.0,0.0,0.0,0.0,0.0,0.0,0.0,0.0,0.0,0.0,0.0,0.0,32575.0,9.0,64776.0,31121.0,9.0,64779.0
40.87016031899839,0.0,0.0,0.0,0.0,0.0,0.0,0.0,0.0,0.0,0.0,0.0,0.0,0.0,32575.0,9.0,64776.0,31122.0,9.0,64786.0
40.87023425998632,0.0,0.0,0.0,0.0,0.0,0.0,0.0,0.0,0.0,0.0,0.0,0.0,0.0,32577.0,9.0,64816.0,31123.0,9.0,64819.0
40.87029225798324,0.0,0.0,0.0,0.0,0.0,0.0,0.0,0.0,0.0,0.0,0.0,0.0,0.0,32577.0,9.0,64816.0,31124.0,9.0,64826.0
40.87034741000389,0.0,0.0,0.0,0.0,0.0,0.0,0.0,0.0,0.0,0.0,0.0,0.0,0.0,32579.0,9.0,64856.0,31125.0,9.0,64859.0
40.87522621799144,0.0,0.0,0.0,0.0,0.0,0.0,0.0,0.0,0.0,0.0,0.0,0.0,0.0,32579.0,9.0,64856.0,31126.0,9.0,64871.0
40.898213510983624,0.0,0.0,0.0,0.0,0.0,0.0,0.0,0.0,0.0,0.0,0.0,0.0,0.0,32580.0,9.0,64876.0,31127.0,9.0,64889.0
40.916886355989845,0.0,0.0,0.0,0.0,0.0,0.0,0.0,0.0,0.0,0.0,0.0,0.0,0.0,32581.0,9.0,64896.0,31128.0,9.0,64909.0
40.93397486399044,0.0,0.0,0.0,0.0,0.0,0.0,0.0,0.0,0.0,0.0,0.0,0.0,0.0,32582.0,9.0,64916.0,31129.0,9.0,64929.0
40.950928065984044,0.0,0.0,0.0,0.0,0.0,0.0,0.0,0.0,0.0,0.0,0.0,0.0,0.0,32583.0,9.0,64936.0,31130.0,9.0,64945.0
40.97404591599479,0.0,0.0,0.0,0.0,0.0,0.0,0.0,0.0,0.0,0.0,0.0,0.0,0.0,32584.0,9.0,64956.0,31131.0,9.0,64969.0
41.05558747900068,0.0,0.0,0.0,0.0,0.0,0.0,0.0,0.0,0.0,0.0,0.0,0.0,0.0,32585.0,9.0,64976.0,31132.0,9.0,64989.0
41.05597726299311,0.0,0.0,0.0,0.0,0.0,0.0,0.0,0.0,0.0,0.0,0.0,0.0,0.0,32586.0,9.0,64996.0,31133.0,9.0,65009.0
41.05615929400665,0.0,0.0,0.0,0.0,0.0,0.0,0.0,0.0,0.0,0.0,0.0,0.0,0.0,32587.0,9.0,65016.0,31134.0,9.0,65029.0
41.056225207983516,0.0,0.0,0.0,0.0,0.0,0.0,0.0,0.0,0.0,0.0,0.0,0.0,0.0,32588.0,9.0,65036.0,31135.0,9.0,65049.0
41.089943859988125,0.0,0.0,0.0,0.0,0.0,0.0,0.0,0.0,0.0,0.0,0.0,0.0,0.0,32590.0,9.0,65076.0,31136.0,9.0,65079.0
41.09169340398512,0.0,0.0,0.0,0.0,0.0,0.0,0.0,0.0,0.0,0.0,0.0,0.0,0.0,32590.0,9.0,65076.0,31137.0,9.0,65086.0
41.12418439501198,0.0,0.0,0.0,0.0,0.0,0.0,0.0,0.0,0.0,0.0,0.0,0.0,0.0,32592.0,9.0,65116.0,31138.0,9.0,65119.0
41.13368985700072,0.0,0.0,0.0,0.0,0.0,0.0,0.0,0.0,0.0,0.0,0.0,0.0,0.0,32592.0,9.0,65116.0,31139.0,9.0,65126.0
41.15394267998636,0.0,0.0,0.0,0.0,0.0,0.0,0.0,0.0,0.0,0.0,0.0,0.0,0.0,32593.0,9.0,65136.0,31140.0,9.0,65149.0
41.18368223699508,0.0,0.0,0.0,0.0,0.0,0.0,0.0,0.0,0.0,0.0,0.0,0.0,0.0,32595.0,9.0,65176.0,31141.0,9.0,65179.0
41.191875385993626,0.0,0.0,0.0,0.0,0.0,0.0,0.0,0.0,0.0,0.0,0.0,0.0,0.0,32595.0,9.0,65176.0,31142.0,9.0,65186.0
41.31047272399883,0.0,0.0,0.0,0.0,0.0,0.0,0.0,0.0,0.0,0.0,0.0,0.0,0.0,32596.0,9.0,65196.0,31143.0,9.0,65209.0
41.31091099299374,0.0,0.0,0.0,0.0,0.0,0.0,0.0,0.0,0.0,0.0,0.0,0.0,0.0,32597.0,9.0,65216.0,31144.0,9.0,65229.0
41.3112370549934,0.0,0.0,0.0,0.0,0.0,0.0,0.0,0.0,0.0,0.0,0.0,0.0,0.0,32598.0,9.0,65236.0,31145.0,9.0,65249.0
41.31135747898952,0.0,0.0,0.0,0.0,0.0,0.0,0.0,0.0,0.0,0.0,0.0,0.0,0.0,32600.0,9.0,65276.0,31146.0,9.0,65279.0
41.311415857984684,0.0,0.0,0.0,0.0,0.0,0.0,0.0,0.0,0.0,0.0,0.0,0.0,0.0,32600.0,9.0,65276.0,31147.0,9.0,65286.0
41.31441193798673,0.0,0.0,0.0,0.0,0.0,0.0,0.0,0.0,0.0,0.0,0.0,0.0,0.0,32601.0,9.0,65296.0,31148.0,9.0,65309.0
41.334620148991235,0.0,0.0,0.0,0.0,0.0,0.0,0.0,0.0,0.0,0.0,0.0,0.0,0.0,32602.0,9.0,65316.0,31149.0,9.0,65329.0
41.35480632499093,0.0,0.0,0.0,0.0,0.0,0.0,0.0,0.0,0.0,0.0,0.0,0.0,0.0,32603.0,9.0,65336.0,31150.0,9.0,65349.0
41.38559133000672,0.0,0.0,0.0,0.0,0.0,0.0,0.0,0.0,0.0,0.0,0.0,0.0,0.0,32605.0,9.0,65376.0,31151.0,9.0,65380.0
41.39330043501104,0.0,0.0,0.0,0.0,0.0,0.0,0.0,0.0,0.0,0.0,0.0,0.0,0.0,32605.0,9.0,65376.0,31152.0,9.0,65386.0
41.41401876200689,0.0,0.0,0.0,0.0,0.0,0.0,0.0,0.0,0.0,0.0,0.0,0.0,0.0,32606.0,9.0,65396.0,31153.0,9.0,65409.0
41.462574581004446,0.0,0.0,0.0,0.0,0.0,0.0,0.0,0.0,0.0,0.0,0.0,0.0,0.0,32607.0,9.0,65416.0,31154.0,9.0,65429.0
41.462908068002434,0.0,0.0,0.0,0.0,0.0,0.0,0.0,0.0,0.0,0.0,0.0,0.0,0.0,32608.0,9.0,65436.0,31155.0,9.0,65449.0
41.530249942996306,0.0,0.0,0.0,0.0,0.0,0.0,0.0,0.0,0.0,0.0,0.0,0.0,0.0,32610.0,9.0,65476.0,31156.0,9.0,65479.0
41.53062252901145,0.0,0.0,0.0,0.0,0.0,0.0,0.0,0.0,0.0,0.0,0.0,0.0,0.0,32610.0,9.0,65476.0,31157.0,9.0,65486.0
41.53087550200871,0.0,0.0,0.0,0.0,0.0,0.0,0.0,0.0,0.0,0.0,0.0,0.0,0.0,32611.0,9.0,65496.0,31158.0,9.0,65509.0
41.53387373700389,0.0,0.0,0.0,0.0,0.0,0.0,0.0,0.0,0.0,0.0,0.0,0.0,0.0,32612.0,9.0,65516.0,31159.0,9.0,65529.0
41.55496077099815,0.0,0.0,0.0,0.0,0.0,0.0,0.0,0.0,0.0,0.0,0.0,0.0,0.0,32613.0,10.0,0.0,31160.0,10.0,13.0
41.58428042300511,0.0,0.0,0.0,0.0,0.0,0.0,0.0,0.0,0.0,0.0,0.0,0.0,0.0,32615.0,10.0,40.0,31161.0,10.0,43.0
41.591410152002936,0.0,0.0,0.0,0.0,0.0,0.0,0.0,0.0,0.0,0.0,0.0,0.0,0.0,32615.0,10.0,40.0,31162.0,10.0,50.0
41.617148605990224,0.0,0.0,0.0,0.0,0.0,0.0,0.0,0.0,0.0,0.0,0.0,0.0,0.0,32616.0,10.0,60.0,31163.0,10.0,73.0
41.63465688700671,0.0,0.0,0.0,0.0,0.0,0.0,0.0,0.0,0.0,0.0,0.0,0.0,0.0,32617.0,10.0,80.0,31164.0,10.0,93.0
41.750189660990145,0.0,0.0,0.0,0.0,0.0,0.0,0.0,0.0,0.0,0.0,0.0,0.0,0.0,32618.0,10.0,100.0,31165.0,10.0,113.0
41.750320897001075,0.0,0.0,0.0,0.0,0.0,0.0,0.0,0.0,0.0,0.0,0.0,0.0,0.0,32620.0,10.0,140.0,31166.0,10.0,143.0
41.75039031798951,0.0,0.0,0.0,0.0,0.0,0.0,0.0,0.0,0.0,0.0,0.0,0.0,0.0,32620.0,10.0,140.0,31167.0,10.0,150.0
41.750448415987194,0.0,0.0,0.0,0.0,0.0,0.0,0.0,0.0,0.0,0.0,0.0,0.0,0.0,32621.0,10.0,160.0,31168.0,10.0,173.0
41.75050262600416,0.0,0.0,0.0,0.0,0.0,0.0,0.0,0.0,0.0,0.0,0.0,0.0,0.0,32622.0,10.0,180.0,31169.0,10.0,193.0
41.75407285199617,0.0,0.0,0.0,0.0,0.0,0.0,0.0,0.0,0.0,0.0,0.0,0.0,0.0,32623.0,10.0,200.0,31170.0,10.0,213.0
41.78422241800581,0.0,0.0,0.0,0.0,0.0,0.0,0.0,0.0,0.0,0.0,0.0,0.0,0.0,32625.0,10.0,240.0,31171.0,10.0,243.0
41.79191406699829,0.0,0.0,0.0,0.0,0.0,0.0,0.0,0.0,0.0,0.0,0.0,0.0,0.0,32625.0,10.0,240.0,31172.0,10.0,250.0
41.823975442996016,0.0,0.0,0.0,0.0,0.0,0.0,0.0,0.0,0.0,0.0,0.0,0.0,0.0,32627.0,10.0,280.0,31173.0,10.0,283.0
41.833203580987174,0.0,0.0,0.0,0.0,0.0,0.0,0.0,0.0,0.0,0.0,0.0,0.0,0.0,32627.0,10.0,280.0,31174.0,10.0,290.0
41.96224208298372,0.0,0.0,0.0,0.0,0.0,0.0,0.0,0.0,0.0,0.0,0.0,0.0,0.0,32629.0,10.0,320.0,31175.0,10.0,323.0
41.96259748400189,0.0,0.0,0.0,0.0,0.0,0.0,0.0,0.0,0.0,0.0,0.0,0.0,0.0,32629.0,10.0,320.0,31176.0,10.0,334.0
41.9626638389891,0.0,0.0,0.0,0.0,0.0,0.0,0.0,0.0,0.0,0.0,0.0,0.0,0.0,32630.0,10.0,340.0,31177.0,10.0,353.0
41.96272249799222,0.0,0.0,0.0,0.0,0.0,0.0,0.0,0.0,0.0,0.0,0.0,0.0,0.0,32631.0,10.0,360.0,31178.0,10.0,373.0
41.96277784998529,0.0,0.0,0.0,0.0,0.0,0.0,0.0,0.0,0.0,0.0,0.0,0.0,0.0,32632.0,10.0,380.0,31179.0,10.0,393.0
41.96283359400695,0.0,0.0,0.0,0.0,0.0,0.0,0.0,0.0,0.0,0.0,0.0,0.0,0.0,32633.0,10.0,400.0,31180.0,10.0,413.0
41.98400475899689,0.0,0.0,0.0,0.0,0.0,0.0,0.0,0.0,0.0,0.0,0.0,0.0,0.0,32635.0,10.0,440.0,31181.0,10.0,444.0
41.9915068729897,0.0,0.0,0.0,0.0,0.0,0.0,0.0,0.0,0.0,0.0,0.0,0.0,0.0,32635.0,10.0,440.0,31182.0,10.0,450.0
42.01410654798383,0.0,0.0,0.0,0.0,0.0,0.0,0.0,0.0,0.0,0.0,0.0,0.0,0.0,32636.0,10.0,460.0,31183.0,10.0,473.0
42.03362964800908,0.0,0.0,0.0,0.0,0.0,0.0,0.0,0.0,0.0,0.0,0.0,0.0,0.0,32637.0,10.0,480.0,31184.0,10.0,493.0
42.05480005100253,0.0,0.0,0.0,0.0,0.0,0.0,0.0,0.0,0.0,0.0,0.0,0.0,0.0,32638.0,10.0,500.0,31185.0,10.0,513.0
42.11559213401051,0.0,0.0,0.0,0.0,0.0,0.0,0.0,0.0,0.0,0.0,0.0,0.0,0.0,32640.0,10.0,540.0,31186.0,10.0,543.0
42.11570501298411,0.0,0.0,0.0,0.0,0.0,0.0,0.0,0.0,0.0,0.0,0.0,0.0,0.0,32640.0,10.0,540.0,31187.0,10.0,550.0
42.191870023001684,0.0,0.0,0.0,0.0,0.0,0.0,0.0,0.0,0.0,0.0,0.0,0.0,0.0,32642.0,10.0,580.0,31188.0,10.0,583.0
42.19225145698874,0.0,0.0,0.0,0.0,0.0,0.0,0.0,0.0,0.0,0.0,0.0,0.0,0.0,32642.0,10.0,580.0,31189.0,10.0,590.0
42.1924986189988,0.0,0.0,0.0,0.0,0.0,0.0,0.0,0.0,0.0,0.0,0.0,0.0,0.0,32644.0,10.0,619.0,31190.0,10.0,623.0
42.19255693699233,0.0,0.0,0.0,0.0,0.0,0.0,0.0,0.0,0.0,0.0,0.0,0.0,0.0,32644.0,10.0,619.0,31191.0,10.0,635.0
42.19585045101121,0.0,0.0,0.0,0.0,0.0,0.0,0.0,0.0,0.0,0.0,0.0,0.0,0.0,32645.0,10.0,640.0,31192.0,10.0,652.0
42.21359466100694,0.0,0.0,0.0,0.0,0.0,0.0,0.0,0.0,0.0,0.0,0.0,0.0,0.0,32646.0,10.0,660.0,31193.0,10.0,673.0
42.233856129983906,0.0,0.0,0.0,0.0,0.0,0.0,0.0,0.0,0.0,0.0,0.0,0.0,0.0,32647.0,10.0,680.0,31194.0,10.0,693.0
42.25408068401157,0.0,0.0,0.0,0.0,0.0,0.0,0.0,0.0,0.0,0.0,0.0,0.0,0.0,32648.0,10.0,700.0,31195.0,10.0,713.0
42.2839551109937,0.0,0.0,0.0,0.0,0.0,0.0,0.0,0.0,0.0,0.0,0.0,0.0,0.0,32650.0,10.0,740.0,31196.0,10.0,743.0
42.29406157700578,0.0,0.0,0.0,0.0,0.0,0.0,0.0,0.0,0.0,0.0,0.0,0.0,0.0,32650.0,10.0,740.0,31197.0,10.0,750.0
42.41064162898692,0.0,0.0,0.0,0.0,0.0,0.0,0.0,0.0,0.0,0.0,0.0,0.0,0.0,32651.0,10.0,760.0,31198.0,10.0,773.0
42.41095357001177,0.0,0.0,0.0,0.0,0.0,0.0,0.0,0.0,0.0,0.0,0.0,0.0,0.0,32652.0,10.0,780.0,31199.0,10.0,793.0
42.41101872199215,0.0,0.0,0.0,0.0,0.0,0.0,0.0,0.0,0.0,0.0,0.0,0.0,0.0,32653.0,10.0,800.0,31200.0,10.0,813.0
42.411079896002775,0.0,0.0,0.0,0.0,0.0,0.0,0.0,0.0,0.0,0.0,0.0,0.0,0.0,32655.0,10.0,840.0,31201.0,10.0,844.0
42.411134325986495,0.0,0.0,0.0,0.0,0.0,0.0,0.0,0.0,0.0,0.0,0.0,0.0,0.0,32655.0,10.0,840.0,31202.0,10.0,851.0
42.41475219099084,0.0,0.0,0.0,0.0,0.0,0.0,0.0,0.0,0.0,0.0,0.0,0.0,0.0,32656.0,10.0,860.0,31203.0,10.0,873.0
42.43547084799502,0.0,0.0,0.0,0.0,0.0,0.0,0.0,0.0,0.0,0.0,0.0,0.0,0.0,32657.0,10.0,880.0,31204.0,10.0,893.0
42.45536165998783,0.0,0.0,0.0,0.0,0.0,0.0,0.0,0.0,0.0,0.0,0.0,0.0,0.0,32658.0,10.0,900.0,31205.0,10.0,913.0
42.48393649200443,0.0,0.0,0.0,0.0,0.0,0.0,0.0,0.0,0.0,0.0,0.0,0.0,0.0,32660.0,10.0,940.0,31206.0,10.0,943.0
42.492091041989625,0.0,0.0,0.0,0.0,0.0,0.0,0.0,0.0,0.0,0.0,0.0,0.0,0.0,32660.0,10.0,940.0,31207.0,10.0,950.0
42.51420852699084,0.0,0.0,0.0,0.0,0.0,0.0,0.0,0.0,0.0,0.0,0.0,0.0,0.0,32661.0,10.0,960.0,31208.0,10.0,972.0
42.635139866993995,0.0,0.0,0.0,0.0,0.0,0.0,0.0,0.0,0.0,0.0,0.0,0.0,0.0,32662.0,10.0,980.0,31209.0,10.0,993.0
42.635273296997184,0.0,0.0,0.0,0.0,0.0,0.0,0.0,0.0,0.0,0.0,0.0,0.0,0.0,32663.0,10.0,1000.0,31210.0,10.0,1013.0
42.63534121500561,0.0,0.0,0.0,0.0,0.0,0.0,0.0,0.0,0.0,0.0,0.0,0.0,0.0,32665.0,10.0,1040.0,31211.0,10.0,1043.0
42.635398509999504,0.0,0.0,0.0,0.0,0.0,0.0,0.0,0.0,0.0,0.0,0.0,0.0,0.0,32665.0,10.0,1040.0,31212.0,10.0,1050.0
42.63545266998699,0.0,0.0,0.0,0.0,0.0,0.0,0.0,0.0,0.0,0.0,0.0,0.0,0.0,32666.0,10.0,1060.0,31213.0,10.0,1073.0
42.63922358499258,0.0,0.0,0.0,0.0,0.0,0.0,0.0,0.0,0.0,0.0,0.0,0.0,0.0,32667.0,10.0,1080.0,31214.0,10.0,1093.0
42.65499018799164,0.0,0.0,0.0,0.0,0.0,0.0,0.0,0.0,0.0,0.0,0.0,0.0,0.0,32668.0,10.0,1100.0,31215.0,10.0,1113.0
42.68603894300759,0.0,0.0,0.0,0.0,0.0,0.0,0.0,0.0,0.0,0.0,0.0,0.0,0.0,32670.0,10.0,1140.0,31216.0,10.0,1143.0
42.691846044996055,0.0,0.0,0.0,0.0,0.0,0.0,0.0,0.0,0.0,0.0,0.0,0.0,0.0,32670.0,10.0,1140.0,31217.0,10.0,1150.0
42.725988907011924,0.0,0.0,0.0,0.0,0.0,0.0,0.0,0.0,0.0,0.0,0.0,0.0,0.0,32672.0,10.0,1180.0,31218.0,10.0,1183.0
42.730581032985356,0.0,0.0,0.0,0.0,0.0,0.0,0.0,0.0,0.0,0.0,0.0,0.0,0.0,32672.0,10.0,1180.0,31219.0,10.0,1190.0
42.77538730800734,0.0,0.0,0.0,0.0,0.0,0.0,0.0,0.0,0.0,0.0,0.0,0.0,0.0,32674.0,10.0,1220.0,31220.0,10.0,1223.0
42.85045630901004,0.0,0.0,0.0,0.0,0.0,0.0,0.0,0.0,0.0,0.0,0.0,0.0,0.0,32674.0,10.0,1220.0,31221.0,10.0,1235.0
42.850617744988995,0.0,0.0,0.0,0.0,0.0,0.0,0.0,0.0,0.0,0.0,0.0,0.0,0.0,32675.0,10.0,1240.0,31222.0,10.0,1253.0
42.850685442012036,0.0,0.0,0.0,0.0,0.0,0.0,0.0,0.0,0.0,0.0,0.0,0.0,0.0,32676.0,10.0,1260.0,31223.0,10.0,1273.0
42.8507447319862,0.0,0.0,0.0,0.0,0.0,0.0,0.0,0.0,0.0,0.0,0.0,0.0,0.0,32677.0,10.0,1280.0,31224.0,10.0,1293.0
42.85747543198522,0.0,0.0,0.0,0.0,0.0,0.0,0.0,0.0,0.0,0.0,0.0,0.0,0.0,32678.0,10.0,1300.0,31225.0,10.0,1313.0
42.88456033199327,0.0,0.0,0.0,0.0,0.0,0.0,0.0,0.0,0.0,0.0,0.0,0.0,0.0,32680.0,10.0,1340.0,31226.0,10.0,1343.0
42.892036198987626,0.0,0.0,0.0,0.0,0.0,0.0,0.0,0.0,0.0,0.0,0.0,0.0,0.0,32680.0,10.0,1340.0,31227.0,10.0,1350.0
42.9145618090115,0.0,0.0,0.0,0.0,0.0,0.0,0.0,0.0,0.0,0.0,0.0,0.0,0.0,32681.0,10.0,1360.0,31228.0,10.0,1373.0
42.93372432899196,0.0,0.0,0.0,0.0,0.0,0.0,0.0,0.0,0.0,0.0,0.0,0.0,0.0,32682.0,10.0,1380.0,31229.0,10.0,1393.0
42.95132925800863,0.0,0.0,0.0,0.0,0.0,0.0,0.0,0.0,0.0,0.0,0.0,0.0,0.0,32683.0,10.0,1400.0,31230.0,10.0,1411.0
43.07050072000129,0.0,0.0,0.0,0.0,0.0,0.0,0.0,0.0,0.0,0.0,0.0,0.0,0.0,32684.0,10.0,1420.0,31231.0,10.0,1433.0
43.07087457599118,0.0,0.0,0.0,0.0,0.0,0.0,0.0,0.0,0.0,0.0,0.0,0.0,0.0,32685.0,10.0,1440.0,31232.0,10.0,1453.0
43.071119672007626,0.0,0.0,0.0,0.0,0.0,0.0,0.0,0.0,0.0,0.0,0.0,0.0,0.0,32686.0,10.0,1460.0,31233.0,10.0,1473.0
43.07136269300827,0.0,0.0,0.0,0.0,0.0,0.0,0.0,0.0,0.0,0.0,0.0,0.0,0.0,32687.0,10.0,1480.0,31234.0,10.0,1493.0
43.071422895009164,0.0,0.0,0.0,0.0,0.0,0.0,0.0,0.0,0.0,0.0,0.0,0.0,0.0,32688.0,10.0,1500.0,31235.0,10.0,1513.0
43.087596130004385,0.0,0.0,0.0,0.0,0.0,0.0,0.0,0.0,0.0,0.0,0.0,0.0,0.0,32690.0,10.0,1540.0,31236.0,10.0,1543.0
43.09102140599862,0.0,0.0,0.0,0.0,0.0,0.0,0.0,0.0,0.0,0.0,0.0,0.0,0.0,32690.0,10.0,1540.0,31237.0,10.0,1550.0
43.125292176991934,0.0,0.0,0.0,0.0,0.0,0.0,0.0,0.0,0.0,0.0,0.0,0.0,0.0,32691.0,10.0,1560.0,31238.0,10.0,1573.0
43.1349466489919,0.0,0.0,0.0,0.0,0.0,0.0,0.0,0.0,0.0,0.0,0.0,0.0,0.0,32692.0,10.0,1580.0,31239.0,10.0,1593.0
43.15456274600001,0.0,0.0,0.0,0.0,0.0,0.0,0.0,0.0,0.0,0.0,0.0,0.0,0.0,32693.0,10.0,1600.0,31240.0,10.0,1613.0
43.291794938006205,0.0,0.0,0.0,0.0,0.0,0.0,0.0,0.0,0.0,0.0,0.0,0.0,0.0,32695.0,10.0,1640.0,31241.0,10.0,1643.0
43.29207329900237,0.0,0.0,0.0,0.0,0.0,0.0,0.0,0.0,0.0,0.0,0.0,0.0,0.0,32695.0,10.0,1640.0,31242.0,10.0,1650.0
43.292355977988336,0.0,0.0,0.0,0.0,0.0,0.0,0.0,0.0,0.0,0.0,0.0,0.0,0.0,32696.0,10.0,1660.0,31243.0,10.0,1673.0
43.29258782500983,0.0,0.0,0.0,0.0,0.0,0.0,0.0,0.0,0.0,0.0,0.0,0.0,0.0,32697.0,10.0,1680.0,31244.0,10.0,1693.0
43.29279053400387,0.0,0.0,0.0,0.0,0.0,0.0,0.0,0.0,0.0,0.0,0.0,0.0,0.0,32698.0,10.0,1700.0,31245.0,10.0,1713.0
43.29284444299992,0.0,0.0,0.0,0.0,0.0,0.0,0.0,0.0,0.0,0.0,0.0,0.0,0.0,32700.0,10.0,1740.0,31246.0,10.0,1743.0
43.29289929301012,0.0,0.0,0.0,0.0,0.0,0.0,0.0,0.0,0.0,0.0,0.0,0.0,0.0,32700.0,10.0,1740.0,31247.0,10.0,1750.0
43.326505222998094,0.0,0.0,0.0,0.0,0.0,0.0,0.0,0.0,0.0,0.0,0.0,0.0,0.0,32702.0,10.0,1780.0,31248.0,10.0,1783.0
43.33210348399007,0.0,0.0,0.0,0.0,0.0,0.0,0.0,0.0,0.0,0.0,0.0,0.0,0.0,32702.0,10.0,1780.0,31249.0,10.0,1791.0
43.356377218005946,0.0,0.0,0.0,0.0,0.0,0.0,0.0,0.0,0.0,0.0,0.0,0.0,0.0,32703.0,10.0,1800.0,31250.0,10.0,1813.0
43.38489192799898,0.0,0.0,0.0,0.0,0.0,0.0,0.0,0.0,0.0,0.0,0.0,0.0,0.0,32705.0,10.0,1840.0,31251.0,10.0,1843.0
43.390959173993906,0.0,0.0,0.0,0.0,0.0,0.0,0.0,0.0,0.0,0.0,0.0,0.0,0.0,32705.0,10.0,1840.0,31252.0,10.0,1850.0
43.512996622012,0.0,0.0,0.0,0.0,0.0,0.0,0.0,0.0,0.0,0.0,0.0,0.0,0.0,32707.0,10.0,1880.0,31253.0,10.0,1885.0
43.513094478985295,0.0,0.0,0.0,0.0,0.0,0.0,0.0,0.0,0.0,0.0,0.0,0.0,0.0,32707.0,10.0,1880.0,31254.0,10.0,1891.0
43.51315771701047,0.0,0.0,0.0,0.0,0.0,0.0,0.0,0.0,0.0,0.0,0.0,0.0,0.0,32708.0,10.0,1900.0,31255.0,10.0,1913.0
43.513223899994045,0.0,0.0,0.0,0.0,0.0,0.0,0.0,0.0,0.0,0.0,0.0,0.0,0.0,32710.0,10.0,1940.0,31256.0,10.0,1943.0
43.51327981299255,0.0,0.0,0.0,0.0,0.0,0.0,0.0,0.0,0.0,0.0,0.0,0.0,0.0,32710.0,10.0,1940.0,31257.0,10.0,1950.0
43.51461924199248,0.0,0.0,0.0,0.0,0.0,0.0,0.0,0.0,0.0,0.0,0.0,0.0,0.0,32711.0,10.0,1960.0,31258.0,10.0,1973.0
43.53497089300072,0.0,0.0,0.0,0.0,0.0,0.0,0.0,0.0,0.0,0.0,0.0,0.0,0.0,32712.0,10.0,1980.0,31259.0,10.0,1993.0
43.56111911399057,0.0,0.0,0.0,0.0,0.0,0.0,0.0,0.0,0.0,0.0,0.0,0.0,0.0,32713.0,10.0,2000.0,31260.0,10.0,2013.0
43.584933401987655,0.0,0.0,0.0,0.0,0.0,0.0,0.0,0.0,0.0,0.0,0.0,0.0,0.0,32715.0,10.0,2040.0,31261.0,10.0,2043.0
43.59197512199171,0.0,0.0,0.0,0.0,0.0,0.0,0.0,0.0,0.0,0.0,0.0,0.0,0.0,32715.0,10.0,2040.0,31262.0,10.0,2050.0
43.838557791983476,0.0,0.0,0.0,0.0,0.0,0.0,0.0,0.0,0.0,0.0,0.0,0.0,0.0,32717.0,10.0,2080.0,31263.0,10.0,2083.0
43.838718887011055,0.0,0.0,0.0,0.0,0.0,0.0,0.0,0.0,0.0,0.0,0.0,0.0,0.0,32717.0,10.0,2080.0,31264.0,10.0,2091.0
43.83878525000182,0.0,0.0,0.0,0.0,0.0,0.0,0.0,0.0,0.0,0.0,0.0,0.0,0.0,32718.0,10.0,2100.0,31265.0,10.0,2113.0
43.838843989011366,0.0,0.0,0.0,0.0,0.0,0.0,0.0,0.0,0.0,0.0,0.0,0.0,0.0,32720.0,10.0,2140.0,31266.0,10.0,2143.0
43.83890084299492,0.0,0.0,0.0,0.0,0.0,0.0,0.0,0.0,0.0,0.0,0.0,0.0,0.0,32720.0,10.0,2140.0,31267.0,10.0,2150.0
43.83895529300207,0.0,0.0,0.0,0.0,0.0,0.0,0.0,0.0,0.0,0.0,0.0,0.0,0.0,32721.0,10.0,2160.0,31268.0,10.0,2173.0
43.839009351999266,0.0,0.0,0.0,0.0,0.0,0.0,0.0,0.0,0.0,0.0,0.0,0.0,0.0,32722.0,10.0,2180.0,31269.0,10.0,2193.0
43.839062869985355,0.0,0.0,0.0,0.0,0.0,0.0,0.0,0.0,0.0,0.0,0.0,0.0,0.0,32723.0,10.0,2200.0,31270.0,10.0,2213.0
43.839115084992955,0.0,0.0,0.0,0.0,0.0,0.0,0.0,0.0,0.0,0.0,0.0,0.0,0.0,32725.0,10.0,2240.0,31271.0,10.0,2243.0
43.8392042350024,0.0,0.0,0.0,0.0,0.0,0.0,0.0,0.0,0.0,0.0,0.0,0.0,0.0,32725.0,10.0,2240.0,31272.0,10.0,2250.0
43.839261971006636,0.0,0.0,0.0,0.0,0.0,0.0,0.0,0.0,0.0,0.0,0.0,0.0,0.0,32727.0,10.0,2280.0,31273.0,10.0,2283.0
43.839339708007174,0.0,0.0,0.0,0.0,0.0,0.0,0.0,0.0,0.0,0.0,0.0,0.0,0.0,32727.0,10.0,2280.0,31274.0,10.0,2290.0
44.245997985999566,0.0,0.0,0.0,0.0,0.0,0.0,0.0,0.0,0.0,0.0,0.0,0.0,0.0,32728.0,10.0,2300.0,31275.0,10.0,2313.0
44.246175314008724,0.0,0.0,0.0,0.0,0.0,0.0,0.0,0.0,0.0,0.0,0.0,0.0,0.0,32730.0,10.0,2340.0,31276.0,10.0,2343.0
44.24624666798627,0.0,0.0,0.0,0.0,0.0,0.0,0.0,0.0,0.0,0.0,0.0,0.0,0.0,32730.0,10.0,2340.0,31277.0,10.0,2350.0
44.24630531598814,0.0,0.0,0.0,0.0,0.0,0.0,0.0,0.0,0.0,0.0,0.0,0.0,0.0,32731.0,10.0,2360.0,31278.0,10.0,2373.0
44.24635925400071,0.0,0.0,0.0,0.0,0.0,0.0,0.0,0.0,0.0,0.0,0.0,0.0,0.0,32732.0,10.0,2380.0,31279.0,10.0,2393.0
44.24641282198718,0.0,0.0,0.0,0.0,0.0,0.0,0.0,0.0,0.0,0.0,0.0,0.0,0.0,32733.0,10.0,2400.0,31280.0,10.0,2413.0
44.24646549898898,0.0,0.0,0.0,0.0,0.0,0.0,0.0,0.0,0.0,0.0,0.0,0.0,0.0,32735.0,10.0,2440.0,31281.0,10.0,2443.0
44.24652697198326,0.0,0.0,0.0,0.0,0.0,0.0,0.0,0.0,0.0,0.0,0.0,0.0,0.0,32735.0,10.0,2440.0,31282.0,10.0,2450.0
44.246580200007884,0.0,0.0,0.0,0.0,0.0,0.0,0.0,0.0,0.0,0.0,0.0,0.0,0.0,32736.0,10.0,2460.0,31283.0,10.0,2473.0
44.2466326149879,0.0,0.0,0.0,0.0,0.0,0.0,0.0,0.0,0.0,0.0,0.0,0.0,0.0,32737.0,10.0,2480.0,31284.0,10.0,2493.0
44.24670972098829,0.0,0.0,0.0,0.0,0.0,0.0,0.0,0.0,0.0,0.0,0.0,0.0,0.0,32738.0,10.0,2500.0,31285.0,10.0,2513.0
44.24687695800094,0.0,0.0,0.0,0.0,0.0,0.0,0.0,0.0,0.0,0.0,0.0,0.0,0.0,32740.0,10.0,2540.0,31286.0,10.0,2543.0
44.246956007002154,0.0,0.0,0.0,0.0,0.0,0.0,0.0,0.0,0.0,0.0,0.0,0.0,0.0,32740.0,10.0,2540.0,31287.0,10.0,2550.0
44.247043582989136,0.0,0.0,0.0,0.0,0.0,0.0,0.0,0.0,0.0,0.0,0.0,0.0,0.0,32742.0,10.0,2580.0,31288.0,10.0,2583.0
44.2471226429916,0.0,0.0,0.0,0.0,0.0,0.0,0.0,0.0,0.0,0.0,0.0,0.0,0.0,32742.0,10.0,2580.0,31289.0,10.0,2590.0
44.24721053999383,0.0,0.0,0.0,0.0,0.0,0.0,0.0,0.0,0.0,0.0,0.0,0.0,0.0,32743.0,10.0,2600.0,31290.0,10.0,2613.0
44.24739031199715,0.0,0.0,0.0,0.0,0.0,0.0,0.0,0.0,0.0,0.0,0.0,0.0,0.0,32745.0,10.0,2640.0,31291.0,10.0,2643.0
44.24762183899293,0.0,0.0,0.0,0.0,0.0,0.0,0.0,0.0,0.0,0.0,0.0,0.0,0.0,32745.0,10.0,2640.0,31292.0,10.0,2650.0
44.24770045699552,0.0,0.0,0.0,0.0,0.0,0.0,0.0,0.0,0.0,0.0,0.0,0.0,0.0,32747.0,10.0,2680.0,31293.0,10.0,2683.0
44.253326423990075,0.0,0.0,0.0,0.0,0.0,0.0,0.0,0.0,0.0,0.0,0.0,0.0,0.0,32747.0,10.0,2680.0,31294.0,10.0,2690.0
44.25507866500993,0.0,0.0,0.0,0.0,0.0,0.0,0.0,0.0,0.0,0.0,0.0,0.0,0.0,32748.0,10.0,2700.0,31295.0,10.0,2713.0
44.28635752698756,0.0,0.0,0.0,0.0,0.0,0.0,0.0,0.0,0.0,0.0,0.0,0.0,0.0,32750.0,10.0,2740.0,31296.0,10.0,2743.0
44.295045033999486,0.0,0.0,0.0,0.0,0.0,0.0,0.0,0.0,0.0,0.0,0.0,0.0,0.0,32750.0,10.0,2740.0,31297.0,10.0,2750.0
44.324806032003835,0.0,0.0,0.0,0.0,0.0,0.0,0.0,0.0,0.0,0.0,0.0,0.0,0.0,32752.0,10.0,2780.0,31298.0,10.0,2783.0
44.33266330198967,0.0,0.0,0.0,0.0,0.0,0.0,0.0,0.0,0.0,0.0,0.0,0.0,0.0,32752.0,10.0,2780.0,31299.0,10.0,2790.0
44.75286783199408,0.0,0.0,0.0,0.0,0.0,0.0,0.0,0.0,0.0,0.0,0.0,0.0,0.0,32753.0,10.0,2800.0,31300.0,10.0,2813.0
44.7530421219999,0.0,0.0,0.0,0.0,0.0,0.0,0.0,0.0,0.0,0.0,0.0,0.0,0.0,32755.0,10.0,2840.0,31301.0,10.0,2843.0
44.754398315999424,0.0,0.0,0.0,0.0,0.0,0.0,0.0,0.0,0.0,0.0,0.0,0.0,0.0,32755.0,10.0,2840.0,31302.0,10.0,2850.0
44.754467043996556,0.0,0.0,0.0,0.0,0.0,0.0,0.0,0.0,0.0,0.0,0.0,0.0,0.0,32757.0,10.0,2880.0,31303.0,10.0,2884.0
44.75452464900445,0.0,0.0,0.0,0.0,0.0,0.0,0.0,0.0,0.0,0.0,0.0,0.0,0.0,32757.0,10.0,2880.0,31304.0,10.0,2891.0
44.75458049098961,0.0,0.0,0.0,0.0,0.0,0.0,0.0,0.0,0.0,0.0,0.0,0.0,0.0,32761.0,10.0,2960.0,31308.0,10.0,2973.0
44.75463422900066,0.0,0.0,0.0,0.0,0.0,0.0,0.0,0.0,0.0,0.0,0.0,0.0,0.0,32762.0,10.0,2980.0,31309.0,10.0,2993.0
44.75468741598888,0.0,0.0,0.0,0.0,0.0,0.0,0.0,0.0,0.0,0.0,0.0,0.0,0.0,32763.0,10.0,3000.0,31310.0,10.0,3013.0
44.754740753007354,0.0,0.0,0.0,0.0,0.0,0.0,0.0,0.0,0.0,0.0,0.0,0.0,0.0,32765.0,10.0,3040.0,31311.0,10.0,3043.0
44.75479330899543,0.0,0.0,0.0,0.0,0.0,0.0,0.0,0.0,0.0,0.0,0.0,0.0,0.0,32765.0,10.0,3040.0,31312.0,10.0,3051.0
44.75484565400984,0.0,0.0,0.0,0.0,0.0,0.0,0.0,0.0,0.0,0.0,0.0,0.0,0.0,32766.0,10.0,3060.0,31313.0,10.0,3073.0
44.75489810900763,0.0,0.0,0.0,0.0,0.0,0.0,0.0,0.0,0.0,0.0,0.0,0.0,0.0,32767.0,10.0,3080.0,31314.0,10.0,3093.0
44.75495093499194,0.0,0.0,0.0,0.0,0.0,0.0,0.0,0.0,0.0,0.0,0.0,0.0,0.0,32768.0,10.0,3100.0,31315.0,10.0,3113.0
44.755010083987145,0.0,0.0,0.0,0.0,0.0,0.0,0.0,0.0,0.0,0.0,0.0,0.0,0.0,32770.0,10.0,3140.0,31316.0,10.0,3143.0
44.75506392199895,0.0,0.0,0.0,0.0,0.0,0.0,0.0,0.0,0.0,0.0,0.0,0.0,0.0,32770.0,10.0,3140.0,31317.0,10.0,3150.0
44.755115996988025,0.0,0.0,0.0,0.0,0.0,0.0,0.0,0.0,0.0,0.0,0.0,0.0,0.0,32772.0,10.0,3180.0,31318.0,10.0,3183.0
44.75517513600062,0.0,0.0,0.0,0.0,0.0,0.0,0.0,0.0,0.0,0.0,0.0,0.0,0.0,32772.0,10.0,3180.0,31319.0,10.0,3190.0
44.76653834601166,0.0,0.0,0.0,0.0,0.0,0.0,0.0,0.0,0.0,0.0,0.0,0.0,0.0,32774.0,10.0,3220.0,31320.0,10.0,3223.0
44.78644519500085,0.0,0.0,0.0,0.0,0.0,0.0,0.0,0.0,0.0,0.0,0.0,0.0,0.0,32774.0,10.0,3220.0,31321.0,10.0,3235.0
44.79509014598443,0.0,0.0,0.0,0.0,0.0,0.0,0.0,0.0,0.0,0.0,0.0,0.0,0.0,32775.0,10.0,3240.0,31322.0,10.0,3253.0
44.81503181500011,0.0,0.0,0.0,0.0,0.0,0.0,0.0,0.0,0.0,0.0,0.0,0.0,0.0,32776.0,10.0,3260.0,31323.0,10.0,3273.0
44.844306696992135,0.0,0.0,0.0,0.0,0.0,0.0,0.0,0.0,0.0,0.0,0.0,0.0,0.0,32777.0,10.0,3280.0,31324.0,10.0,3293.0
44.85658014600631,0.0,0.0,0.0,0.0,0.0,0.0,0.0,0.0,0.0,0.0,0.0,0.0,0.0,32778.0,10.0,3300.0,31325.0,10.0,3313.0
45.26549439600785,0.0,0.0,0.0,0.0,0.0,0.0,0.0,0.0,0.0,0.0,0.0,0.0,0.0,32780.0,10.0,3340.0,31326.0,10.0,3343.0
45.265832081990084,0.0,0.0,0.0,0.0,0.0,0.0,0.0,0.0,0.0,0.0,0.0,0.0,0.0,32780.0,10.0,3340.0,31327.0,10.0,3350.0
45.2658972920035,0.0,0.0,0.0,0.0,0.0,0.0,0.0,0.0,0.0,0.0,0.0,0.0,0.0,32781.0,10.0,3360.0,31328.0,10.0,3373.0
45.265954636997776,0.0,0.0,0.0,0.0,0.0,0.0,0.0,0.0,0.0,0.0,0.0,0.0,0.0,32782.0,10.0,3380.0,31329.0,10.0,3393.0
45.266009076003684,0.0,0.0,0.0,0.0,0.0,0.0,0.0,0.0,0.0,0.0,0.0,0.0,0.0,32793.0,10.0,3600.0,31330.0,10.0,3605.0
45.26606278400868,0.0,0.0,0.0,0.0,0.0,0.0,0.0,0.0,0.0,0.0,0.0,0.0,0.0,32793.0,10.0,3600.0,31331.0,10.0,3616.0
45.26611564899213,0.0,0.0,0.0,0.0,0.0,0.0,0.0,0.0,0.0,0.0,0.0,0.0,0.0,32795.0,10.0,3640.0,31332.0,10.0,3643.0
45.26617079999414,0.0,0.0,0.0,0.0,0.0,0.0,0.0,0.0,0.0,0.0,0.0,0.0,0.0,32795.0,10.0,3640.0,31333.0,10.0,3650.0
45.26623256399762,0.0,0.0,0.0,0.0,0.0,0.0,0.0,0.0,0.0,0.0,0.0,0.0,0.0,32796.0,10.0,3660.0,31334.0,10.0,3673.0
45.26628594999784,0.0,0.0,0.0,0.0,0.0,0.0,0.0,0.0,0.0,0.0,0.0,0.0,0.0,32797.0,10.0,3680.0,31335.0,10.0,3693.0
45.271048342983704,0.0,0.0,0.0,0.0,0.0,0.0,0.0,0.0,0.0,0.0,0.0,0.0,0.0,32799.0,10.0,3720.0,31336.0,10.0,3723.0
45.27319301600801,0.0,0.0,0.0,0.0,0.0,0.0,0.0,0.0,0.0,0.0,0.0,0.0,0.0,32799.0,10.0,3720.0,31337.0,10.0,3731.0
45.29639640200185,0.0,0.0,0.0,0.0,0.0,0.0,0.0,0.0,0.0,0.0,0.0,0.0,0.0,32800.0,10.0,3740.0,31338.0,10.0,3753.0
45.31802122798399,0.0,0.0,0.0,0.0,0.0,0.0,0.0,0.0,0.0,0.0,0.0,0.0,0.0,32801.0,10.0,3760.0,31339.0,10.0,3773.0
45.335114251996856,0.0,0.0,0.0,0.0,0.0,0.0,0.0,0.0,0.0,0.0,0.0,0.0,0.0,32802.0,10.0,3780.0,31340.0,10.0,3793.0
45.367001570004504,0.0,0.0,0.0,0.0,0.0,0.0,0.0,0.0,0.0,0.0,0.0,0.0,0.0,32804.0,10.0,3820.0,31341.0,10.0,3823.0
45.77197861298919,0.0,0.0,0.0,0.0,0.0,0.0,0.0,0.0,0.0,0.0,0.0,0.0,0.0,32804.0,10.0,3820.0,31342.0,10.0,3831.0
45.772117371001514,0.0,0.0,0.0,0.0,0.0,0.0,0.0,0.0,0.0,0.0,0.0,0.0,0.0,32805.0,10.0,3840.0,31343.0,10.0,3853.0
45.77234560798388,0.0,0.0,0.0,0.0,0.0,0.0,0.0,0.0,0.0,0.0,0.0,0.0,0.0,32806.0,10.0,3860.0,31344.0,10.0,3873.0
45.772580287011806,0.0,0.0,0.0,0.0,0.0,0.0,0.0,0.0,0.0,0.0,0.0,0.0,0.0,32807.0,10.0,3880.0,31345.0,10.0,3893.0
45.77278646000195,0.0,0.0,0.0,0.0,0.0,0.0,0.0,0.0,0.0,0.0,0.0,0.0,0.0,32809.0,10.0,3920.0,31346.0,10.0,3923.0
45.77284256200073,0.0,0.0,0.0,0.0,0.0,0.0,0.0,0.0,0.0,0.0,0.0,0.0,0.0,32809.0,10.0,3920.0,31347.0,10.0,3930.0
45.7728976829967,0.0,0.0,0.0,0.0,0.0,0.0,0.0,0.0,0.0,0.0,0.0,0.0,0.0,32810.0,10.0,3940.0,31348.0,10.0,3953.0
45.77295172101003,0.0,0.0,0.0,0.0,0.0,0.0,0.0,0.0,0.0,0.0,0.0,0.0,0.0,32811.0,10.0,3960.0,31349.0,10.0,3973.0
45.773006259987596,0.0,0.0,0.0,0.0,0.0,0.0,0.0,0.0,0.0,0.0,0.0,0.0,0.0,32812.0,10.0,3980.0,31350.0,10.0,3993.0
45.7730610499857,0.0,0.0,0.0,0.0,0.0,0.0,0.0,0.0,0.0,0.0,0.0,0.0,0.0,32814.0,10.0,4020.0,31351.0,10.0,4023.0
45.77311507798731,0.0,0.0,0.0,0.0,0.0,0.0,0.0,0.0,0.0,0.0,0.0,0.0,0.0,32814.0,10.0,4020.0,31352.0,10.0,4030.0
45.77316797399544,0.0,0.0,0.0,0.0,0.0,0.0,0.0,0.0,0.0,0.0,0.0,0.0,0.0,32815.0,10.0,4040.0,31353.0,10.0,4053.0
45.7732330840081,0.0,0.0,0.0,0.0,0.0,0.0,0.0,0.0,0.0,0.0,0.0,0.0,0.0,32816.0,10.0,4060.0,31354.0,10.0,4073.0
45.773286631010706,0.0,0.0,0.0,0.0,0.0,0.0,0.0,0.0,0.0,0.0,0.0,0.0,0.0,32817.0,10.0,4080.0,31355.0,10.0,4093.0
45.77333996800007,0.0,0.0,0.0,0.0,0.0,0.0,0.0,0.0,0.0,0.0,0.0,0.0,0.0,32819.0,10.0,4120.0,31356.0,10.0,4123.0
45.773391961993184,0.0,0.0,0.0,0.0,0.0,0.0,0.0,0.0,0.0,0.0,0.0,0.0,0.0,32819.0,10.0,4120.0,31357.0,10.0,4130.0
45.773443495010724,0.0,0.0,0.0,0.0,0.0,0.0,0.0,0.0,0.0,0.0,0.0,0.0,0.0,32820.0,10.0,4140.0,31358.0,10.0,4153.0
45.77351002799696,0.0,0.0,0.0,0.0,0.0,0.0,0.0,0.0,0.0,0.0,0.0,0.0,0.0,32821.0,10.0,4160.0,31359.0,10.0,4173.0
45.773731672001304,0.0,0.0,0.0,0.0,0.0,0.0,0.0,0.0,0.0,0.0,0.0,0.0,0.0,32822.0,10.0,4180.0,31360.0,10.0,4193.0
45.77389328600839,0.0,0.0,0.0,0.0,0.0,0.0,0.0,0.0,0.0,0.0,0.0,0.0,0.0,32824.0,10.0,4220.0,31361.0,10.0,4223.0
45.77397599100368,0.0,0.0,0.0,0.0,0.0,0.0,0.0,0.0,0.0,0.0,0.0,0.0,0.0,32824.0,10.0,4220.0,31362.0,10.0,4230.0
45.79402689699782,0.0,0.0,0.0,0.0,0.0,0.0,0.0,0.0,0.0,0.0,0.0,0.0,0.0,32825.0,10.0,4240.0,31363.0,10.0,4253.0
45.81643067198456,0.0,0.0,0.0,0.0,0.0,0.0,0.0,0.0,0.0,0.0,0.0,0.0,0.0,32826.0,10.0,4260.0,31364.0,10.0,4273.0
45.83421319600893,0.0,0.0,0.0,0.0,0.0,0.0,0.0,0.0,0.0,0.0,0.0,0.0,0.0,32827.0,10.0,4280.0,31365.0,10.0,4293.0
45.86510182500933,0.0,0.0,0.0,0.0,0.0,0.0,0.0,0.0,0.0,0.0,0.0,0.0,0.0,32829.0,10.0,4320.0,31366.0,10.0,4323.0
45.87264322099509,0.0,0.0,0.0,0.0,0.0,0.0,0.0,0.0,0.0,0.0,0.0,0.0,0.0,32829.0,10.0,4320.0,31367.0,10.0,4330.0
46.28893070798949,0.0,0.0,0.0,0.0,0.0,0.0,0.0,0.0,0.0,0.0,0.0,0.0,0.0,32830.0,10.0,4340.0,31368.0,10.0,4353.0
46.28909559699241,0.0,0.0,0.0,0.0,0.0,0.0,0.0,0.0,0.0,0.0,0.0,0.0,0.0,32831.0,10.0,4360.0,31369.0,10.0,4373.0
46.28916252098861,0.0,0.0,0.0,0.0,0.0,0.0,0.0,0.0,0.0,0.0,0.0,0.0,0.0,32832.0,10.0,4380.0,31370.0,10.0,4393.0
46.28923888300778,0.0,0.0,0.0,0.0,0.0,0.0,0.0,0.0,0.0,0.0,0.0,0.0,0.0,32834.0,10.0,4420.0,31371.0,10.0,4423.0
46.28929681898444,0.0,0.0,0.0,0.0,0.0,0.0,0.0,0.0,0.0,0.0,0.0,0.0,0.0,32836.0,10.0,4461.0,31372.0,10.0,4463.0
46.2893515980104,0.0,0.0,0.0,0.0,0.0,0.0,0.0,0.0,0.0,0.0,0.0,0.0,0.0,32836.0,10.0,4461.0,31373.0,10.0,4470.0
46.28940608698758,0.0,0.0,0.0,0.0,0.0,0.0,0.0,0.0,0.0,0.0,0.0,0.0,0.0,32838.0,10.0,4500.0,31374.0,10.0,4503.0
46.28945956300595,0.0,0.0,0.0,0.0,0.0,0.0,0.0,0.0,0.0,0.0,0.0,0.0,0.0,32838.0,10.0,4500.0,31375.0,10.0,4510.0
46.289511927985586,0.0,0.0,0.0,0.0,0.0,0.0,0.0,0.0,0.0,0.0,0.0,0.0,0.0,32839.0,10.0,4520.0,31376.0,10.0,4533.0
46.289563931990415,0.0,0.0,0.0,0.0,0.0,0.0,0.0,0.0,0.0,0.0,0.0,0.0,0.0,32840.0,10.0,4540.0,31377.0,10.0,4553.0
46.28961637598695,0.0,0.0,0.0,0.0,0.0,0.0,0.0,0.0,0.0,0.0,0.0,0.0,0.0,32841.0,10.0,4560.0,31378.0,10.0,4573.0
46.289668660989264,0.0,0.0,0.0,0.0,0.0,0.0,0.0,0.0,0.0,0.0,0.0,0.0,0.0,32842.0,10.0,4580.0,31379.0,10.0,4593.0
46.289720294007566,0.0,0.0,0.0,0.0,0.0,0.0,0.0,0.0,0.0,0.0,0.0,0.0,0.0,32843.0,10.0,4600.0,31380.0,10.0,4613.0
46.28977252799086,0.0,0.0,0.0,0.0,0.0,0.0,0.0,0.0,0.0,0.0,0.0,0.0,0.0,32845.0,10.0,4640.0,31381.0,10.0,4643.0
46.28982446101145,0.0,0.0,0.0,0.0,0.0,0.0,0.0,0.0,0.0,0.0,0.0,0.0,0.0,32845.0,10.0,4640.0,31382.0,10.0,4650.0
46.28987653501099,0.0,0.0,0.0,0.0,0.0,0.0,0.0,0.0,0.0,0.0,0.0,0.0,0.0,32846.0,10.0,4660.0,31383.0,10.0,4673.0
46.29355424299138,0.0,0.0,0.0,0.0,0.0,0.0,0.0,0.0,0.0,0.0,0.0,0.0,0.0,32847.0,10.0,4680.0,31384.0,10.0,4693.0
46.293831115996,0.0,0.0,0.0,0.0,0.0,0.0,0.0,0.0,0.0,0.0,0.0,0.0,0.0,32848.0,10.0,4700.0,31385.0,10.0,4713.0
46.29389514398645,0.0,0.0,0.0,0.0,0.0,0.0,0.0,0.0,0.0,0.0,0.0,0.0,0.0,32850.0,10.0,4740.0,31386.0,10.0,4743.0
46.29794771000161,0.0,0.0,0.0,0.0,0.0,0.0,0.0,0.0,0.0,0.0,0.0,0.0,0.0,32850.0,10.0,4740.0,31387.0,10.0,4750.0
46.32718613799079,0.0,0.0,0.0,0.0,0.0,0.0,0.0,0.0,0.0,0.0,0.0,0.0,0.0,32852.0,10.0,4780.0,31388.0,10.0,4784.0
46.3327555609867,0.0,0.0,0.0,0.0,0.0,0.0,0.0,0.0,0.0,0.0,0.0,0.0,0.0,32852.0,10.0,4780.0,31389.0,10.0,4791.0
46.35571845798404,0.0,0.0,0.0,0.0,0.0,0.0,0.0,0.0,0.0,0.0,0.0,0.0,0.0,32853.0,10.0,4800.0,31390.0,10.0,4813.0
46.38494061399251,0.0,0.0,0.0,0.0,0.0,0.0,0.0,0.0,0.0,0.0,0.0,0.0,0.0,32855.0,10.0,4840.0,31391.0,10.0,4843.0
46.796130300004734,0.0,0.0,0.0,0.0,0.0,0.0,0.0,0.0,0.0,0.0,0.0,0.0,0.0,32855.0,10.0,4840.0,31392.0,10.0,4850.0
46.79626095099957,0.0,0.0,0.0,0.0,0.0,0.0,0.0,0.0,0.0,0.0,0.0,0.0,0.0,32856.0,10.0,4860.0,31393.0,10.0,4873.0
46.796328436001204,0.0,0.0,0.0,0.0,0.0,0.0,0.0,0.0,0.0,0.0,0.0,0.0,0.0,32857.0,10.0,4880.0,31394.0,10.0,4893.0
46.79638750400045,0.0,0.0,0.0,0.0,0.0,0.0,0.0,0.0,0.0,0.0,0.0,0.0,0.0,32858.0,10.0,4900.0,31395.0,10.0,4913.0
46.79645270400215,0.0,0.0,0.0,0.0,0.0,0.0,0.0,0.0,0.0,0.0,0.0,0.0,0.0,32860.0,10.0,4940.0,31396.0,10.0,4943.0
46.79650755299372,0.0,0.0,0.0,0.0,0.0,0.0,0.0,0.0,0.0,0.0,0.0,0.0,0.0,32860.0,10.0,4940.0,31397.0,10.0,4951.0
46.79658703200403,0.0,0.0,0.0,0.0,0.0,0.0,0.0,0.0,0.0,0.0,0.0,0.0,0.0,32861.0,10.0,4960.0,31398.0,10.0,4973.0
46.79667285300093,0.0,0.0,0.0,0.0,0.0,0.0,0.0,0.0,0.0,0.0,0.0,0.0,0.0,32862.0,10.0,4980.0,31399.0,10.0,4993.0
46.796750267007155,0.0,0.0,0.0,0.0,0.0,0.0,0.0,0.0,0.0,0.0,0.0,0.0,0.0,32863.0,10.0,5000.0,31400.0,10.0,5013.0
46.7969434929837,0.0,0.0,0.0,0.0,0.0,0.0,0.0,0.0,0.0,0.0,0.0,0.0,0.0,32865.0,10.0,5040.0,31401.0,10.0,5043.0
46.79702299198834,0.0,0.0,0.0,0.0,0.0,0.0,0.0,0.0,0.0,0.0,0.0,0.0,0.0,32865.0,10.0,5040.0,31402.0,10.0,5050.0
46.79711127799237,0.0,0.0,0.0,0.0,0.0,0.0,0.0,0.0,0.0,0.0,0.0,0.0,0.0,32866.0,10.0,5060.0,31403.0,10.0,5073.0
46.797197520005284,0.0,0.0,0.0,0.0,0.0,0.0,0.0,0.0,0.0,0.0,0.0,0.0,0.0,32867.0,10.0,5080.0,31404.0,10.0,5093.0
46.797276566998335,0.0,0.0,0.0,0.0,0.0,0.0,0.0,0.0,0.0,0.0,0.0,0.0,0.0,32868.0,10.0,5100.0,31405.0,10.0,5113.0
46.79746901098406,0.0,0.0,0.0,0.0,0.0,0.0,0.0,0.0,0.0,0.0,0.0,0.0,0.0,32870.0,10.0,5140.0,31406.0,10.0,5143.0
46.79759892099537,0.0,0.0,0.0,0.0,0.0,0.0,0.0,0.0,0.0,0.0,0.0,0.0,0.0,32870.0,10.0,5140.0,31407.0,10.0,5150.0
46.797653209010605,0.0,0.0,0.0,0.0,0.0,0.0,0.0,0.0,0.0,0.0,0.0,0.0,0.0,32871.0,10.0,5160.0,31408.0,10.0,5173.0
46.79785816799267,0.0,0.0,0.0,0.0,0.0,0.0,0.0,0.0,0.0,0.0,0.0,0.0,0.0,32872.0,10.0,5180.0,31409.0,10.0,5193.0
46.797935090988176,0.0,0.0,0.0,0.0,0.0,0.0,0.0,0.0,0.0,0.0,0.0,0.0,0.0,32873.0,10.0,5200.0,31410.0,10.0,5213.0
46.79813920898596,0.0,0.0,0.0,0.0,0.0,0.0,0.0,0.0,0.0,0.0,0.0,0.0,0.0,32875.0,10.0,5240.0,31411.0,10.0,5243.0
46.79820392798865,0.0,0.0,0.0,0.0,0.0,0.0,0.0,0.0,0.0,0.0,0.0,0.0,0.0,32875.0,10.0,5240.0,31412.0,10.0,5250.0
46.81455473200185,0.0,0.0,0.0,0.0,0.0,0.0,0.0,0.0,0.0,0.0,0.0,0.0,0.0,32876.0,10.0,5260.0,31413.0,10.0,5273.0
46.834078918007435,0.0,0.0,0.0,0.0,0.0,0.0,0.0,0.0,0.0,0.0,0.0,0.0,0.0,32877.0,10.0,5280.0,31414.0,10.0,5292.0
46.85693349898793,0.0,0.0,0.0,0.0,0.0,0.0,0.0,0.0,0.0,0.0,0.0,0.0,0.0,32878.0,10.0,5300.0,31415.0,10.0,5313.0
46.886601175006945,0.0,0.0,0.0,0.0,0.0,0.0,0.0,0.0,0.0,0.0,0.0,0.0,0.0,32880.0,10.0,5340.0,31416.0,10.0,5343.0
46.892790623998735,0.0,0.0,0.0,0.0,0.0,0.0,0.0,0.0,0.0,0.0,0.0,0.0,0.0,32880.0,10.0,5340.0,31417.0,10.0,5350.0
47.304436364007415,0.0,0.0,0.0,0.0,0.0,0.0,0.0,0.0,0.0,0.0,0.0,0.0,0.0,32881.0,10.0,5360.0,31418.0,10.0,5373.0
47.30460723399301,0.0,0.0,0.0,0.0,0.0,0.0,0.0,0.0,0.0,0.0,0.0,0.0,0.0,32882.0,10.0,5380.0,31419.0,10.0,5393.0
47.304674327984685,0.0,0.0,0.0,0.0,0.0,0.0,0.0,0.0,0.0,0.0,0.0,0.0,0.0,32893.0,10.0,5600.0,31420.0,10.0,5604.0
47.3047342269856,0.0,0.0,0.0,0.0,0.0,0.0,0.0,0.0,0.0,0.0,0.0,0.0,0.0,32893.0,10.0,5600.0,31421.0,10.0,5616.0
47.30479077898781,0.0,0.0,0.0,0.0,0.0,0.0,0.0,0.0,0.0,0.0,0.0,0.0,0.0,32895.0,10.0,5640.0,31422.0,10.0,5643.0
47.304846270009875,0.0,0.0,0.0,0.0,0.0,0.0,0.0,0.0,0.0,0.0,0.0,0.0,0.0,32895.0,10.0,5640.0,31423.0,10.0,5650.0
47.30490020700381,0.0,0.0,0.0,0.0,0.0,0.0,0.0,0.0,0.0,0.0,0.0,0.0,0.0,32896.0,10.0,5660.0,31424.0,10.0,5673.0
47.304954674997134,0.0,0.0,0.0,0.0,0.0,0.0,0.0,0.0,0.0,0.0,0.0,0.0,0.0,32897.0,10.0,5680.0,31425.0,10.0,5693.0
47.30500729999039,0.0,0.0,0.0,0.0,0.0,0.0,0.0,0.0,0.0,0.0,0.0,0.0,0.0,32899.0,10.0,5720.0,31426.0,10.0,5723.0
47.30505984398769,0.0,0.0,0.0,0.0,0.0,0.0,0.0,0.0,0.0,0.0,0.0,0.0,0.0,32899.0,10.0,5720.0,31427.0,10.0,5730.0
47.30513783899369,0.0,0.0,0.0,0.0,0.0,0.0,0.0,0.0,0.0,0.0,0.0,0.0,0.0,32900.0,10.0,5740.0,31428.0,10.0,5753.0
47.31562863700674,0.0,0.0,0.0,0.0,0.0,0.0,0.0,0.0,0.0,0.0,0.0,0.0,0.0,32901.0,10.0,5760.0,31429.0,10.0,5772.0
47.33435989401187,0.0,0.0,0.0,0.0,0.0,0.0,0.0,0.0,0.0,0.0,0.0,0.0,0.0,32902.0,10.0,5780.0,31430.0,10.0,5793.0
47.367584040010115,0.0,0.0,0.0,0.0,0.0,0.0,0.0,0.0,0.0,0.0,0.0,0.0,0.0,32904.0,10.0,5820.0,31431.0,10.0,5823.0
47.372146153997164,0.0,0.0,0.0,0.0,0.0,0.0,0.0,0.0,0.0,0.0,0.0,0.0,0.0,32904.0,10.0,5820.0,31432.0,10.0,5830.0
47.404911135992734,0.0,0.0,0.0,0.0,0.0,0.0,0.0,0.0,0.0,0.0,0.0,0.0,0.0,32906.0,10.0,5860.0,31433.0,10.0,5863.0
47.81262445700122,0.0,0.0,0.0,0.0,0.0,0.0,0.0,0.0,0.0,0.0,0.0,0.0,0.0,32906.0,10.0,5860.0,31434.0,10.0,5870.0
47.81283625800279,0.0,0.0,0.0,0.0,0.0,0.0,0.0,0.0,0.0,0.0,0.0,0.0,0.0,32907.0,10.0,5880.0,31435.0,10.0,5893.0
47.81291011499707,0.0,0.0,0.0,0.0,0.0,0.0,0.0,0.0,0.0,0.0,0.0,0.0,0.0,32909.0,10.0,5920.0,31436.0,10.0,5923.0
47.81297327100765,0.0,0.0,0.0,0.0,0.0,0.0,0.0,0.0,0.0,0.0,0.0,0.0,0.0,32909.0,10.0,5920.0,31437.0,10.0,5930.0
47.81303310999647,0.0,0.0,0.0,0.0,0.0,0.0,0.0,0.0,0.0,0.0,0.0,0.0,0.0,32910.0,10.0,5940.0,31438.0,10.0,5953.0
47.81309353999677,0.0,0.0,0.0,0.0,0.0,0.0,0.0,0.0,0.0,0.0,0.0,0.0,0.0,32911.0,10.0,5960.0,31439.0,10.0,5973.0
47.81315034299041,0.0,0.0,0.0,0.0,0.0,0.0,0.0,0.0,0.0,0.0,0.0,0.0,0.0,32912.0,10.0,5980.0,31440.0,10.0,5993.0
47.81321232600021,0.0,0.0,0.0,0.0,0.0,0.0,0.0,0.0,0.0,0.0,0.0,0.0,0.0,32914.0,10.0,6020.0,31441.0,10.0,6023.0
47.81327494099969,0.0,0.0,0.0,0.0,0.0,0.0,0.0,0.0,0.0,0.0,0.0,0.0,0.0,32914.0,10.0,6020.0,31442.0,10.0,6030.0
47.8133334669983,0.0,0.0,0.0,0.0,0.0,0.0,0.0,0.0,0.0,0.0,0.0,0.0,0.0,32916.0,10.0,6060.0,31443.0,10.0,6063.0
47.81338857699302,0.0,0.0,0.0,0.0,0.0,0.0,0.0,0.0,0.0,0.0,0.0,0.0,0.0,32916.0,10.0,6060.0,31444.0,10.0,6070.0
47.813445810985286,0.0,0.0,0.0,0.0,0.0,0.0,0.0,0.0,0.0,0.0,0.0,0.0,0.0,32917.0,10.0,6080.0,31445.0,10.0,6093.0
47.8135565109842,0.0,0.0,0.0,0.0,0.0,0.0,0.0,0.0,0.0,0.0,0.0,0.0,0.0,32919.0,10.0,6120.0,31446.0,10.0,6123.0
47.81364152999595,0.0,0.0,0.0,0.0,0.0,0.0,0.0,0.0,0.0,0.0,0.0,0.0,0.0,32919.0,10.0,6120.0,31447.0,10.0,6130.0
47.81372273201123,0.0,0.0,0.0,0.0,0.0,0.0,0.0,0.0,0.0,0.0,0.0,0.0,0.0,32921.0,10.0,6160.0,31448.0,10.0,6163.0
47.81380595700466,0.0,0.0,0.0,0.0,0.0,0.0,0.0,0.0,0.0,0.0,0.0,0.0,0.0,32921.0,10.0,6160.0,31449.0,10.0,6170.0
47.813887789990986,0.0,0.0,0.0,0.0,0.0,0.0,0.0,0.0,0.0,0.0,0.0,0.0,0.0,32922.0,10.0,6180.0,31450.0,10.0,6193.0
47.81422932900023,0.0,0.0,0.0,0.0,0.0,0.0,0.0,0.0,0.0,0.0,0.0,0.0,0.0,32924.0,10.0,6220.0,31451.0,10.0,6223.0
47.814304147992516,0.0,0.0,0.0,0.0,0.0,0.0,0.0,0.0,0.0,0.0,0.0,0.0,0.0,32924.0,10.0,6220.0,31452.0,10.0,6230.0
47.81438793501002,0.0,0.0,0.0,0.0,0.0,0.0,0.0,0.0,0.0,0.0,0.0,0.0,0.0,32925.0,10.0,6240.0,31453.0,10.0,6253.0
47.81642000700231,0.0,0.0,0.0,0.0,0.0,0.0,0.0,0.0,0.0,0.0,0.0,0.0,0.0,32926.0,10.0,6260.0,31454.0,10.0,6273.0
47.835207786993124,0.0,0.0,0.0,0.0,0.0,0.0,0.0,0.0,0.0,0.0,0.0,0.0,0.0,32927.0,10.0,6280.0,31455.0,10.0,6293.0
47.86652599100489,0.0,0.0,0.0,0.0,0.0,0.0,0.0,0.0,0.0,0.0,0.0,0.0,0.0,32929.0,10.0,6320.0,31456.0,10.0,6323.0
47.8708288600028,0.0,0.0,0.0,0.0,0.0,0.0,0.0,0.0,0.0,0.0,0.0,0.0,0.0,32929.0,10.0,6320.0,31457.0,10.0,6329.0
47.90593784398516,0.0,0.0,0.0,0.0,0.0,0.0,0.0,0.0,0.0,0.0,0.0,0.0,0.0,32931.0,10.0,6360.0,31458.0,10.0,6363.0
47.91213298699586,0.0,0.0,0.0,0.0,0.0,0.0,0.0,0.0,0.0,0.0,0.0,0.0,0.0,32931.0,10.0,6360.0,31459.0,10.0,6370.0
48.326595797989285,0.0,0.0,0.0,0.0,0.0,0.0,0.0,0.0,0.0,0.0,0.0,0.0,0.0,32933.0,10.0,6400.0,31460.0,10.0,6403.0
48.3267873179866,0.0,0.0,0.0,0.0,0.0,0.0,0.0,0.0,0.0,0.0,0.0,0.0,0.0,32933.0,10.0,6400.0,31461.0,10.0,6414.0
48.32686499200645,0.0,0.0,0.0,0.0,0.0,0.0,0.0,0.0,0.0,0.0,0.0,0.0,0.0,32934.0,10.0,6420.0,31462.0,10.0,6433.0
48.32692728599068,0.0,0.0,0.0,0.0,0.0,0.0,0.0,0.0,0.0,0.0,0.0,0.0,0.0,32935.0,10.0,6440.0,31463.0,10.0,6453.0
48.326984890009044,0.0,0.0,0.0,0.0,0.0,0.0,0.0,0.0,0.0,0.0,0.0,0.0,0.0,32936.0,10.0,6460.0,31464.0,10.0,6473.0
48.327045690006344,0.0,0.0,0.0,0.0,0.0,0.0,0.0,0.0,0.0,0.0,0.0,0.0,0.0,32937.0,10.0,6480.0,31465.0,10.0,6493.0
48.32710376600153,0.0,0.0,0.0,0.0,0.0,0.0,0.0,0.0,0.0,0.0,0.0,0.0,0.0,32939.0,10.0,6520.0,31466.0,10.0,6523.0
48.32716123998398,0.0,0.0,0.0,0.0,0.0,0.0,0.0,0.0,0.0,0.0,0.0,0.0,0.0,32939.0,10.0,6520.0,31467.0,10.0,6530.0
48.32723011600319,0.0,0.0,0.0,0.0,0.0,0.0,0.0,0.0,0.0,0.0,0.0,0.0,0.0,32941.0,10.0,6560.0,31468.0,10.0,6563.0
48.32730230898596,0.0,0.0,0.0,0.0,0.0,0.0,0.0,0.0,0.0,0.0,0.0,0.0,0.0,32941.0,10.0,6560.0,31469.0,10.0,6570.0
48.327361025993014,0.0,0.0,0.0,0.0,0.0,0.0,0.0,0.0,0.0,0.0,0.0,0.0,0.0,32942.0,10.0,6580.0,31470.0,10.0,6592.0
48.32741892099148,0.0,0.0,0.0,0.0,0.0,0.0,0.0,0.0,0.0,0.0,0.0,0.0,0.0,32943.0,10.0,6600.0,31471.0,10.0,6613.0
48.32750833799946,0.0,0.0,0.0,0.0,0.0,0.0,0.0,0.0,0.0,0.0,0.0,0.0,0.0,32944.0,10.0,6620.0,31472.0,10.0,6633.0
48.32759329600958,0.0,0.0,0.0,0.0,0.0,0.0,0.0,0.0,0.0,0.0,0.0,0.0,0.0,32945.0,10.0,6640.0,31473.0,10.0,6653.0
48.327676131011685,0.0,0.0,0.0,0.0,0.0,0.0,0.0,0.0,0.0,0.0,0.0,0.0,0.0,32946.0,10.0,6660.0,31474.0,10.0,6673.0
48.32775662999484,0.0,0.0,0.0,0.0,0.0,0.0,0.0,0.0,0.0,0.0,0.0,0.0,0.0,32947.0,10.0,6680.0,31475.0,10.0,6693.0
48.32793828099966,0.0,0.0,0.0,0.0,0.0,0.0,0.0,0.0,0.0,0.0,0.0,0.0,0.0,32949.0,10.0,6720.0,31476.0,10.0,6723.0
48.32817125300062,0.0,0.0,0.0,0.0,0.0,0.0,0.0,0.0,0.0,0.0,0.0,0.0,0.0,32949.0,10.0,6720.0,31477.0,10.0,6730.0
48.32826464800746,0.0,0.0,0.0,0.0,0.0,0.0,0.0,0.0,0.0,0.0,0.0,0.0,0.0,32951.0,10.0,6760.0,31478.0,10.0,6763.0
48.328325487993425,0.0,0.0,0.0,0.0,0.0,0.0,0.0,0.0,0.0,0.0,0.0,0.0,0.0,32951.0,10.0,6760.0,31479.0,10.0,6770.0
48.3361873489921,0.0,0.0,0.0,0.0,0.0,0.0,0.0,0.0,0.0,0.0,0.0,0.0,0.0,32952.0,10.0,6780.0,31480.0,10.0,6793.0
48.36832523098565,0.0,0.0,0.0,0.0,0.0,0.0,0.0,0.0,0.0,0.0,0.0,0.0,0.0,32954.0,10.0,6820.0,31481.0,10.0,6823.0
48.374523862992646,0.0,0.0,0.0,0.0,0.0,0.0,0.0,0.0,0.0,0.0,0.0,0.0,0.0,32954.0,10.0,6820.0,31482.0,10.0,6830.0
48.406277942995075,0.0,0.0,0.0,0.0,0.0,0.0,0.0,0.0,0.0,0.0,0.0,0.0,0.0,32956.0,10.0,6859.0,31483.0,10.0,6863.0
48.41268654199666,0.0,0.0,0.0,0.0,0.0,0.0,0.0,0.0,0.0,0.0,0.0,0.0,0.0,32956.0,10.0,6859.0,31484.0,10.0,6870.0
48.824793587002205,0.0,0.0,0.0,0.0,0.0,0.0,0.0,0.0,0.0,0.0,0.0,0.0,0.0,32958.0,10.0,6900.0,31485.0,10.0,6903.0
48.82498246099567,0.0,0.0,0.0,0.0,0.0,0.0,0.0,0.0,0.0,0.0,0.0,0.0,0.0,32958.0,10.0,6900.0,31486.0,10.0,6915.0
48.825101758004166,0.0,0.0,0.0,0.0,0.0,0.0,0.0,0.0,0.0,0.0,0.0,0.0,0.0,32959.0,10.0,6920.0,31487.0,10.0,6933.0
48.82521547298529,0.0,0.0,0.0,0.0,0.0,0.0,0.0,0.0,0.0,0.0,0.0,0.0,0.0,32960.0,10.0,6940.0,31488.0,10.0,6953.0
48.82531758598634,0.0,0.0,0.0,0.0,0.0,0.0,0.0,0.0,0.0,0.0,0.0,0.0,0.0,32961.0,10.0,6960.0,31489.0,10.0,6973.0
48.82538476900663,0.0,0.0,0.0,0.0,0.0,0.0,0.0,0.0,0.0,0.0,0.0,0.0,0.0,32962.0,10.0,6980.0,31490.0,10.0,6993.0
48.8254490759864,0.0,0.0,0.0,0.0,0.0,0.0,0.0,0.0,0.0,0.0,0.0,0.0,0.0,32964.0,10.0,7020.0,31491.0,10.0,7023.0
48.825529927009484,0.0,0.0,0.0,0.0,0.0,0.0,0.0,0.0,0.0,0.0,0.0,0.0,0.0,32964.0,10.0,7020.0,31492.0,10.0,7030.0
48.825633170985384,0.0,0.0,0.0,0.0,0.0,0.0,0.0,0.0,0.0,0.0,0.0,0.0,0.0,32966.0,10.0,7060.0,31493.0,10.0,7063.0
48.8257149340061,0.0,0.0,0.0,0.0,0.0,0.0,0.0,0.0,0.0,0.0,0.0,0.0,0.0,32966.0,10.0,7060.0,31494.0,10.0,7070.0
48.825773549993755,0.0,0.0,0.0,0.0,0.0,0.0,0.0,0.0,0.0,0.0,0.0,0.0,0.0,32967.0,10.0,7080.0,31495.0,10.0,7093.0
48.82585376899806,0.0,0.0,0.0,0.0,0.0,0.0,0.0,0.0,0.0,0.0,0.0,0.0,0.0,32969.0,10.0,7120.0,31496.0,10.0,7123.0
48.82593217398971,0.0,0.0,0.0,0.0,0.0,0.0,0.0,0.0,0.0,0.0,0.0,0.0,0.0,32969.0,10.0,7120.0,31497.0,10.0,7130.0
48.826023405010346,0.0,0.0,0.0,0.0,0.0,0.0,0.0,0.0,0.0,0.0,0.0,0.0,0.0,32970.0,10.0,7140.0,31498.0,10.0,7153.0
48.82610247199773,0.0,0.0,0.0,0.0,0.0,0.0,0.0,0.0,0.0,0.0,0.0,0.0,0.0,32971.0,10.0,7160.0,31499.0,10.0,7173.0
48.82619812199846,0.0,0.0,0.0,0.0,0.0,0.0,0.0,0.0,0.0,0.0,0.0,0.0,0.0,32972.0,10.0,7180.0,31500.0,10.0,7193.0
48.82652199399308,0.0,0.0,0.0,0.0,0.0,0.0,0.0,0.0,0.0,0.0,0.0,0.0,0.0,32974.0,10.0,7220.0,31501.0,10.0,7223.0
48.82660413699341,0.0,0.0,0.0,0.0,0.0,0.0,0.0,0.0,0.0,0.0,0.0,0.0,0.0,32974.0,10.0,7220.0,31502.0,10.0,7230.0
48.826681300008204,0.0,0.0,0.0,0.0,0.0,0.0,0.0,0.0,0.0,0.0,0.0,0.0,0.0,32975.0,10.0,7240.0,31503.0,10.0,7253.0
48.82675820199074,0.0,0.0,0.0,0.0,0.0,0.0,0.0,0.0,0.0,0.0,0.0,0.0,0.0,32976.0,10.0,7260.0,31504.0,10.0,7272.0
48.835286363988416,0.0,0.0,0.0,0.0,0.0,0.0,0.0,0.0,0.0,0.0,0.0,0.0,0.0,32977.0,10.0,7280.0,31505.0,10.0,7293.0
48.86610981900594,0.0,0.0,0.0,0.0,0.0,0.0,0.0,0.0,0.0,0.0,0.0,0.0,0.0,32979.0,10.0,7320.0,31506.0,10.0,7323.0
48.87411521500326,0.0,0.0,0.0,0.0,0.0,0.0,0.0,0.0,0.0,0.0,0.0,0.0,0.0,32979.0,10.0,7320.0,31507.0,10.0,7330.0
48.89484292900306,0.0,0.0,0.0,0.0,0.0,0.0,0.0,0.0,0.0,0.0,0.0,0.0,0.0,32980.0,10.0,7340.0,31508.0,10.0,7353.0
48.91450538099161,0.0,0.0,0.0,0.0,0.0,0.0,0.0,0.0,0.0,0.0,0.0,0.0,0.0,32981.0,10.0,7360.0,31509.0,10.0,7373.0
48.934932298987405,0.0,0.0,0.0,0.0,0.0,0.0,0.0,0.0,0.0,0.0,0.0,0.0,0.0,32982.0,10.0,7380.0,31510.0,10.0,7393.0
48.95517868900788,0.0,0.0,0.0,0.0,0.0,0.0,0.0,0.0,0.0,0.0,0.0,0.0,0.0,32983.0,10.0,7400.0,31511.0,10.0,7412.0
48.97564396300004,0.0,0.0,0.0,0.0,0.0,0.0,0.0,0.0,0.0,0.0,0.0,0.0,0.0,32984.0,10.0,7420.0,31512.0,10.0,7433.0
48.99534630301059,0.0,0.0,0.0,0.0,0.0,0.0,0.0,0.0,0.0,0.0,0.0,0.0,0.0,32985.0,10.0,7440.0,31513.0,10.0,7453.0
49.01554750400828,0.0,0.0,0.0,0.0,0.0,0.0,0.0,0.0,0.0,0.0,0.0,0.0,0.0,32986.0,10.0,7460.0,31514.0,10.0,7473.0
49.03593090499635,0.0,0.0,0.0,0.0,0.0,0.0,0.0,0.0,0.0,0.0,0.0,0.0,0.0,32987.0,10.0,7480.0,31515.0,10.0,7493.0
49.06847335898783,0.0,0.0,0.0,0.0,0.0,0.0,0.0,0.0,0.0,0.0,0.0,0.0,0.0,32989.0,10.0,7520.0,31516.0,10.0,7523.0
49.08214635399054,0.0,0.0,0.0,0.0,0.0,0.0,0.0,0.0,0.0,0.0,0.0,0.0,0.0,32989.0,10.0,7520.0,31517.0,10.0,7530.0
49.10727858199971,0.0,0.0,0.0,0.0,0.0,0.0,0.0,0.0,0.0,0.0,0.0,0.0,0.0,32990.0,10.0,7540.0,31518.0,10.0,7553.0
49.20307756800321,0.0,0.0,0.0,0.0,0.0,0.0,0.0,0.0,0.0,0.0,0.0,0.0,0.0,32991.0,10.0,7560.0,31519.0,10.0,7573.0
49.20360254900879,0.0,0.0,0.0,0.0,0.0,0.0,0.0,0.0,0.0,0.0,0.0,0.0,0.0,32992.0,10.0,7580.0,31520.0,10.0,7593.0
49.203825590986526,0.0,0.0,0.0,0.0,0.0,0.0,0.0,0.0,0.0,0.0,0.0,0.0,0.0,32994.0,10.0,7620.0,31521.0,10.0,7623.0
49.203886222006986,0.0,0.0,0.0,0.0,0.0,0.0,0.0,0.0,0.0,0.0,0.0,0.0,0.0,32994.0,10.0,7620.0,31522.0,10.0,7630.0
49.20394316499005,0.0,0.0,0.0,0.0,0.0,0.0,0.0,0.0,0.0,0.0,0.0,0.0,0.0,32995.0,10.0,7640.0,31523.0,10.0,7653.0
49.215301579009974,0.0,0.0,0.0,0.0,0.0,0.0,0.0,0.0,0.0,0.0,0.0,0.0,0.0,32996.0,10.0,7660.0,31524.0,10.0,7673.0
49.23581536900019,0.0,0.0,0.0,0.0,0.0,0.0,0.0,0.0,0.0,0.0,0.0,0.0,0.0,32997.0,10.0,7680.0,31525.0,10.0,7693.0
49.265178586996626,0.0,0.0,0.0,0.0,0.0,0.0,0.0,0.0,0.0,0.0,0.0,0.0,0.0,32999.0,10.0,7720.0,31526.0,10.0,7723.0
49.27257134398678,0.0,0.0,0.0,0.0,0.0,0.0,0.0,0.0,0.0,0.0,0.0,0.0,0.0,32999.0,10.0,7720.0,31527.0,10.0,7730.0
49.296531177998986,0.0,0.0,0.0,0.0,0.0,0.0,0.0,0.0,0.0,0.0,0.0,0.0,0.0,33000.0,10.0,7740.0,31528.0,10.0,7753.0
49.421744194987696,0.0,0.0,0.0,0.0,0.0,0.0,0.0,0.0,0.0,0.0,0.0,0.0,0.0,33001.0,10.0,7760.0,31529.0,10.0,7773.0
49.42214289298863,0.0,0.0,0.0,0.0,0.0,0.0,0.0,0.0,0.0,0.0,0.0,0.0,0.0,33002.0,10.0,7780.0,31530.0,10.0,7793.0
49.422341897006845,0.0,0.0,0.0,0.0,0.0,0.0,0.0,0.0,0.0,0.0,0.0,0.0,0.0,33004.0,10.0,7820.0,31531.0,10.0,7823.0
49.4224053020007,0.0,0.0,0.0,0.0,0.0,0.0,0.0,0.0,0.0,0.0,0.0,0.0,0.0,33004.0,10.0,7820.0,31532.0,10.0,7830.0
49.422478997992584,0.0,0.0,0.0,0.0,0.0,0.0,0.0,0.0,0.0,0.0,0.0,0.0,0.0,33006.0,10.0,7860.0,31533.0,10.0,7863.0
49.422560058010276,0.0,0.0,0.0,0.0,0.0,0.0,0.0,0.0,0.0,0.0,0.0,0.0,0.0,33006.0,10.0,7860.0,31534.0,10.0,7870.0
49.448291465989314,0.0,0.0,0.0,0.0,0.0,0.0,0.0,0.0,0.0,0.0,0.0,0.0,0.0,33008.0,10.0,7901.0,31535.0,10.0,7904.0
49.45810051000444,0.0,0.0,0.0,0.0,0.0,0.0,0.0,0.0,0.0,0.0,0.0,0.0,0.0,33008.0,10.0,7901.0,31536.0,10.0,7916.0
49.48562194700935,0.0,0.0,0.0,0.0,0.0,0.0,0.0,0.0,0.0,0.0,0.0,0.0,0.0,33010.0,10.0,7940.0,31537.0,10.0,7943.0
49.49470178998308,0.0,0.0,0.0,0.0,0.0,0.0,0.0,0.0,0.0,0.0,0.0,0.0,0.0,33010.0,10.0,7940.0,31538.0,10.0,7950.0
49.515882879990386,0.0,0.0,0.0,0.0,0.0,0.0,0.0,0.0,0.0,0.0,0.0,0.0,0.0,33011.0,10.0,7960.0,31539.0,10.0,7973.0
49.641899295995245,0.0,0.0,0.0,0.0,0.0,0.0,0.0,0.0,0.0,0.0,0.0,0.0,0.0,33012.0,10.0,7980.0,31540.0,10.0,7993.0
49.642357290984364,0.0,0.0,0.0,0.0,0.0,0.0,0.0,0.0,0.0,0.0,0.0,0.0,0.0,33014.0,10.0,8020.0,31541.0,10.0,8023.0
49.64260902898968,0.0,0.0,0.0,0.0,0.0,0.0,0.0,0.0,0.0,0.0,0.0,0.0,0.0,33014.0,10.0,8020.0,31542.0,10.0,8031.0
49.64267574099358,0.0,0.0,0.0,0.0,0.0,0.0,0.0,0.0,0.0,0.0,0.0,0.0,0.0,33015.0,10.0,8040.0,31543.0,10.0,8053.0
49.6427306990081,0.0,0.0,0.0,0.0,0.0,0.0,0.0,0.0,0.0,0.0,0.0,0.0,0.0,33016.0,10.0,8060.0,31544.0,10.0,8073.0
49.642785226984415,0.0,0.0,0.0,0.0,0.0,0.0,0.0,0.0,0.0,0.0,0.0,0.0,0.0,33017.0,10.0,8080.0,31545.0,10.0,8093.0
49.6678272819845,0.0,0.0,0.0,0.0,0.0,0.0,0.0,0.0,0.0,0.0,0.0,0.0,0.0,33019.0,10.0,8120.0,31546.0,10.0,8124.0
49.67240152601153,0.0,0.0,0.0,0.0,0.0,0.0,0.0,0.0,0.0,0.0,0.0,0.0,0.0,33019.0,10.0,8120.0,31547.0,10.0,8130.0
49.699507420999,0.0,0.0,0.0,0.0,0.0,0.0,0.0,0.0,0.0,0.0,0.0,0.0,0.0,33020.0,10.0,8140.0,31548.0,10.0,8153.0
49.71484513700125,0.0,0.0,0.0,0.0,0.0,0.0,0.0,0.0,0.0,0.0,0.0,0.0,0.0,33021.0,10.0,8160.0,31549.0,10.0,8173.0
49.736595914000645,0.0,0.0,0.0,0.0,0.0,0.0,0.0,0.0,0.0,0.0,0.0,0.0,0.0,33022.0,10.0,8180.0,31550.0,10.0,8193.0
49.86349024498486,0.0,0.0,0.0,0.0,0.0,0.0,0.0,0.0,0.0,0.0,0.0,0.0,0.0,33024.0,10.0,8220.0,31551.0,10.0,8223.0
49.863618297997164,0.0,0.0,0.0,0.0,0.0,0.0,0.0,0.0,0.0,0.0,0.0,0.0,0.0,33024.0,10.0,8220.0,31552.0,10.0,8230.0
49.86368566198507,0.0,0.0,0.0,0.0,0.0,0.0,0.0,0.0,0.0,0.0,0.0,0.0,0.0,33026.0,10.0,8259.0,31553.0,10.0,8262.0
49.86374475801131,0.0,0.0,0.0,0.0,0.0,0.0,0.0,0.0,0.0,0.0,0.0,0.0,0.0,33026.0,10.0,8259.0,31554.0,10.0,8270.0
49.863800519000506,0.0,0.0,0.0,0.0,0.0,0.0,0.0,0.0,0.0,0.0,0.0,0.0,0.0,33028.0,10.0,8300.0,31555.0,10.0,8303.0
49.86386130898609,0.0,0.0,0.0,0.0,0.0,0.0,0.0,0.0,0.0,0.0,0.0,0.0,0.0,33028.0,10.0,8300.0,31556.0,10.0,8315.0
49.87452374098939,0.0,0.0,0.0,0.0,0.0,0.0,0.0,0.0,0.0,0.0,0.0,0.0,0.0,33029.0,10.0,8320.0,31557.0,10.0,8332.0
49.89570047298912,0.0,0.0,0.0,0.0,0.0,0.0,0.0,0.0,0.0,0.0,0.0,0.0,0.0,33030.0,10.0,8340.0,31558.0,10.0,8353.0
49.9159868239949,0.0,0.0,0.0,0.0,0.0,0.0,0.0,0.0,0.0,0.0,0.0,0.0,0.0,33031.0,10.0,8360.0,31559.0,10.0,8373.0
49.93580427800771,0.0,0.0,0.0,0.0,0.0,0.0,0.0,0.0,0.0,0.0,0.0,0.0,0.0,33032.0,10.0,8380.0,31560.0,10.0,8393.0
49.96530034899479,0.0,0.0,0.0,0.0,0.0,0.0,0.0,0.0,0.0,0.0,0.0,0.0,0.0,33034.0,10.0,8420.0,31561.0,10.0,8423.0
50.082865773991216,0.0,0.0,0.0,0.0,0.0,0.0,0.0,0.0,0.0,0.0,0.0,0.0,0.0,33034.0,10.0,8420.0,31562.0,10.0,8430.0
50.08299771498423,0.0,0.0,0.0,0.0,0.0,0.0,0.0,0.0,0.0,0.0,0.0,0.0,0.0,33035.0,10.0,8440.0,31563.0,10.0,8453.0
50.083065209008055,0.0,0.0,0.0,0.0,0.0,0.0,0.0,0.0,0.0,0.0,0.0,0.0,0.0,33036.0,10.0,8460.0,31564.0,10.0,8473.0
50.08312387499609,0.0,0.0,0.0,0.0,0.0,0.0,0.0,0.0,0.0,0.0,0.0,0.0,0.0,33037.0,10.0,8480.0,31565.0,10.0,8493.0
50.08318752999185,0.0,0.0,0.0,0.0,0.0,0.0,0.0,0.0,0.0,0.0,0.0,0.0,0.0,33039.0,10.0,8520.0,31566.0,10.0,8523.0
50.0832438019861,0.0,0.0,0.0,0.0,0.0,0.0,0.0,0.0,0.0,0.0,0.0,0.0,0.0,33039.0,10.0,8520.0,31567.0,10.0,8530.0
50.09476875900873,0.0,0.0,0.0,0.0,0.0,0.0,0.0,0.0,0.0,0.0,0.0,0.0,0.0,33040.0,10.0,8540.0,31568.0,10.0,8553.0
50.115763851994416,0.0,0.0,0.0,0.0,0.0,0.0,0.0,0.0,0.0,0.0,0.0,0.0,0.0,33041.0,10.0,8560.0,31569.0,10.0,8573.0
50.135546476987656,0.0,0.0,0.0,0.0,0.0,0.0,0.0,0.0,0.0,0.0,0.0,0.0,0.0,33042.0,10.0,8580.0,31570.0,10.0,8593.0
50.16515124301077,0.0,0.0,0.0,0.0,0.0,0.0,0.0,0.0,0.0,0.0,0.0,0.0,0.0,33044.0,10.0,8620.0,31571.0,10.0,8623.0
50.17183067998849,0.0,0.0,0.0,0.0,0.0,0.0,0.0,0.0,0.0,0.0,0.0,0.0,0.0,33044.0,10.0,8620.0,31572.0,10.0,8630.0
50.31142339599319,0.0,0.0,0.0,0.0,0.0,0.0,0.0,0.0,0.0,0.0,0.0,0.0,0.0,33046.0,10.0,8660.0,31573.0,10.0,8663.0
50.31189560701023,0.0,0.0,0.0,0.0,0.0,0.0,0.0,0.0,0.0,0.0,0.0,0.0,0.0,33046.0,10.0,8660.0,31574.0,10.0,8670.0
50.312211751006544,0.0,0.0,0.0,0.0,0.0,0.0,0.0,0.0,0.0,0.0,0.0,0.0,0.0,33048.0,10.0,8700.0,31575.0,10.0,8703.0
50.312488586001564,0.0,0.0,0.0,0.0,0.0,0.0,0.0,0.0,0.0,0.0,0.0,0.0,0.0,33048.0,10.0,8700.0,31576.0,10.0,8715.0
50.31274227699032,0.0,0.0,0.0,0.0,0.0,0.0,0.0,0.0,0.0,0.0,0.0,0.0,0.0,33049.0,10.0,8720.0,31577.0,10.0,8733.0
50.31300247000763,0.0,0.0,0.0,0.0,0.0,0.0,0.0,0.0,0.0,0.0,0.0,0.0,0.0,33050.0,10.0,8740.0,31578.0,10.0,8753.0
50.31600353700924,0.0,0.0,0.0,0.0,0.0,0.0,0.0,0.0,0.0,0.0,0.0,0.0,0.0,33051.0,10.0,8760.0,31579.0,10.0,8773.0
50.3471159079927,0.0,0.0,0.0,0.0,0.0,0.0,0.0,0.0,0.0,0.0,0.0,0.0,0.0,33052.0,10.0,8780.0,31580.0,10.0,8793.0
50.36596204500529,0.0,0.0,0.0,0.0,0.0,0.0,0.0,0.0,0.0,0.0,0.0,0.0,0.0,33054.0,10.0,8820.0,31581.0,10.0,8823.0
50.372137019992806,0.0,0.0,0.0,0.0,0.0,0.0,0.0,0.0,0.0,0.0,0.0,0.0,0.0,33054.0,10.0,8820.0,31582.0,10.0,8830.0
50.40662026699283,0.0,0.0,0.0,0.0,0.0,0.0,0.0,0.0,0.0,0.0,0.0,0.0,0.0,33056.0,10.0,8860.0,31583.0,10.0,8863.0
50.522125137009425,0.0,0.0,0.0,0.0,0.0,0.0,0.0,0.0,0.0,0.0,0.0,0.0,0.0,33056.0,10.0,8860.0,31584.0,10.0,8870.0
50.52249530699919,0.0,0.0,0.0,0.0,0.0,0.0,0.0,0.0,0.0,0.0,0.0,0.0,0.0,33057.0,10.0,8880.0,31585.0,10.0,8893.0
50.522563131002244,0.0,0.0,0.0,0.0,0.0,0.0,0.0,0.0,0.0,0.0,0.0,0.0,0.0,33059.0,10.0,8920.0,31586.0,10.0,8923.0
50.522622226999374,0.0,0.0,0.0,0.0,0.0,0.0,0.0,0.0,0.0,0.0,0.0,0.0,0.0,33059.0,10.0,8920.0,31587.0,10.0,8930.0
50.52267765699071,0.0,0.0,0.0,0.0,0.0,0.0,0.0,0.0,0.0,0.0,0.0,0.0,0.0,33061.0,10.0,8960.0,31588.0,10.0,8963.0
50.52273209398845,0.0,0.0,0.0,0.0,0.0,0.0,0.0,0.0,0.0,0.0,0.0,0.0,0.0,33061.0,10.0,8960.0,31589.0,10.0,8970.0
50.538929027999984,0.0,0.0,0.0,0.0,0.0,0.0,0.0,0.0,0.0,0.0,0.0,0.0,0.0,33062.0,10.0,8980.0,31590.0,10.0,8993.0
50.56636069199885,0.0,0.0,0.0,0.0,0.0,0.0,0.0,0.0,0.0,0.0,0.0,0.0,0.0,33064.0,10.0,9020.0,31591.0,10.0,9023.0
50.57289061701158,0.0,0.0,0.0,0.0,0.0,0.0,0.0,0.0,0.0,0.0,0.0,0.0,0.0,33064.0,10.0,9020.0,31592.0,10.0,9030.0
50.59501866498613,0.0,0.0,0.0,0.0,0.0,0.0,0.0,0.0,0.0,0.0,0.0,0.0,0.0,33065.0,10.0,9040.0,31593.0,10.0,9053.0
50.615651734988205,0.0,0.0,0.0,0.0,0.0,0.0,0.0,0.0,0.0,0.0,0.0,0.0,0.0,33066.0,10.0,9060.0,31594.0,10.0,9073.0
50.73057204199722,0.0,0.0,0.0,0.0,0.0,0.0,0.0,0.0,0.0,0.0,0.0,0.0,0.0,33067.0,10.0,9080.0,31595.0,10.0,9093.0
50.73087628200301,0.0,0.0,0.0,0.0,0.0,0.0,0.0,0.0,0.0,0.0,0.0,0.0,0.0,33069.0,10.0,9120.0,31596.0,10.0,9123.0
50.73094965700875,0.0,0.0,0.0,0.0,0.0,0.0,0.0,0.0,0.0,0.0,0.0,0.0,0.0,33069.0,10.0,9120.0,31597.0,10.0,9130.0
50.73101052700076,0.0,0.0,0.0,0.0,0.0,0.0,0.0,0.0,0.0,0.0,0.0,0.0,0.0,33070.0,10.0,9140.0,31598.0,10.0,9153.0
50.73106545500923,0.0,0.0,0.0,0.0,0.0,0.0,0.0,0.0,0.0,0.0,0.0,0.0,0.0,33071.0,10.0,9160.0,31599.0,10.0,9173.0
50.74339715798851,0.0,0.0,0.0,0.0,0.0,0.0,0.0,0.0,0.0,0.0,0.0,0.0,0.0,33072.0,10.0,9180.0,31600.0,10.0,9193.0
50.76496367898653,0.0,0.0,0.0,0.0,0.0,0.0,0.0,0.0,0.0,0.0,0.0,0.0,0.0,33074.0,10.0,9220.0,31601.0,10.0,9223.0
50.771736321999924,0.0,0.0,0.0,0.0,0.0,0.0,0.0,0.0,0.0,0.0,0.0,0.0,0.0,33074.0,10.0,9220.0,31602.0,10.0,9230.0
50.80592636100482,0.0,0.0,0.0,0.0,0.0,0.0,0.0,0.0,0.0,0.0,0.0,0.0,0.0,33075.0,10.0,9240.0,31603.0,10.0,9253.0
50.815174104005564,0.0,0.0,0.0,0.0,0.0,0.0,0.0,0.0,0.0,0.0,0.0,0.0,0.0,33076.0,10.0,9260.0,31604.0,10.0,9273.0
50.835845900990535,0.0,0.0,0.0,0.0,0.0,0.0,0.0,0.0,0.0,0.0,0.0,0.0,0.0,33077.0,10.0,9280.0,31605.0,10.0,9293.0
50.96285382998758,0.0,0.0,0.0,0.0,0.0,0.0,0.0,0.0,0.0,0.0,0.0,0.0,0.0,33079.0,10.0,9320.0,31606.0,10.0,9323.0
50.96296291600447,0.0,0.0,0.0,0.0,0.0,0.0,0.0,0.0,0.0,0.0,0.0,0.0,0.0,33079.0,10.0,9320.0,31607.0,10.0,9330.0
50.96302790398477,0.0,0.0,0.0,0.0,0.0,0.0,0.0,0.0,0.0,0.0,0.0,0.0,0.0,33081.0,10.0,9360.0,31608.0,10.0,9363.0
50.963095085986424,0.0,0.0,0.0,0.0,0.0,0.0,0.0,0.0,0.0,0.0,0.0,0.0,0.0,33081.0,10.0,9360.0,31609.0,10.0,9370.0
50.963153010001406,0.0,0.0,0.0,0.0,0.0,0.0,0.0,0.0,0.0,0.0,0.0,0.0,0.0,33083.0,10.0,9400.0,31610.0,10.0,9403.0
50.973879308003234,0.0,0.0,0.0,0.0,0.0,0.0,0.0,0.0,0.0,0.0,0.0,0.0,0.0,33084.0,10.0,9420.0,31611.0,10.0,9431.0
50.99515107800835,0.0,0.0,0.0,0.0,0.0,0.0,0.0,0.0,0.0,0.0,0.0,0.0,0.0,33085.0,10.0,9440.0,31612.0,10.0,9453.0
51.015927180007566,0.0,0.0,0.0,0.0,0.0,0.0,0.0,0.0,0.0,0.0,0.0,0.0,0.0,33086.0,10.0,9460.0,31613.0,10.0,9473.0
51.03726160299266,0.0,0.0,0.0,0.0,0.0,0.0,0.0,0.0,0.0,0.0,0.0,0.0,0.0,33087.0,10.0,9480.0,31614.0,10.0,9493.0
51.054930919985054,0.0,0.0,0.0,0.0,0.0,0.0,0.0,0.0,0.0,0.0,0.0,0.0,0.0,33088.0,10.0,9500.0,31615.0,10.0,9513.0
51.18629852498998,0.0,0.0,0.0,0.0,0.0,0.0,0.0,0.0,0.0,0.0,0.0,0.0,0.0,33090.0,10.0,9540.0,31616.0,10.0,9543.0
51.18639996499405,0.0,0.0,0.0,0.0,0.0,0.0,0.0,0.0,0.0,0.0,0.0,0.0,0.0,33090.0,10.0,9540.0,31617.0,10.0,9550.0
51.18646386099863,0.0,0.0,0.0,0.0,0.0,0.0,0.0,0.0,0.0,0.0,0.0,0.0,0.0,33091.0,10.0,9560.0,31618.0,10.0,9573.0
51.18652079399908,0.0,0.0,0.0,0.0,0.0,0.0,0.0,0.0,0.0,0.0,0.0,0.0,0.0,33092.0,10.0,9580.0,31619.0,10.0,9593.0
51.18657618298312,0.0,0.0,0.0,0.0,0.0,0.0,0.0,0.0,0.0,0.0,0.0,0.0,0.0,33093.0,10.0,9600.0,31620.0,10.0,9613.0
51.18840840499615,0.0,0.0,0.0,0.0,0.0,0.0,0.0,0.0,0.0,0.0,0.0,0.0,0.0,33095.0,10.0,9640.0,31621.0,10.0,9643.0
51.19263457800844,0.0,0.0,0.0,0.0,0.0,0.0,0.0,0.0,0.0,0.0,0.0,0.0,0.0,33095.0,10.0,9640.0,31622.0,10.0,9651.0
51.215979594999226,0.0,0.0,0.0,0.0,0.0,0.0,0.0,0.0,0.0,0.0,0.0,0.0,0.0,33096.0,10.0,9660.0,31623.0,10.0,9673.0
51.23581372998888,0.0,0.0,0.0,0.0,0.0,0.0,0.0,0.0,0.0,0.0,0.0,0.0,0.0,33097.0,10.0,9680.0,31624.0,10.0,9693.0
51.25542863298324,0.0,0.0,0.0,0.0,0.0,0.0,0.0,0.0,0.0,0.0,0.0,0.0,0.0,33098.0,10.0,9700.0,31625.0,10.0,9713.0
51.28528326298692,0.0,0.0,0.0,0.0,0.0,0.0,0.0,0.0,0.0,0.0,0.0,0.0,0.0,33100.0,10.0,9740.0,31626.0,10.0,9743.0
51.41855052599567,0.0,0.0,0.0,0.0,0.0,0.0,0.0,0.0,0.0,0.0,0.0,0.0,0.0,33100.0,10.0,9740.0,31627.0,10.0,9750.0
51.41891484201187,0.0,0.0,0.0,0.0,0.0,0.0,0.0,0.0,0.0,0.0,0.0,0.0,0.0,33101.0,10.0,9760.0,31628.0,10.0,9773.0
51.41916304000188,0.0,0.0,0.0,0.0,0.0,0.0,0.0,0.0,0.0,0.0,0.0,0.0,0.0,33102.0,10.0,9780.0,31629.0,10.0,9793.0
51.41927910898812,0.0,0.0,0.0,0.0,0.0,0.0,0.0,0.0,0.0,0.0,0.0,0.0,0.0,33103.0,10.0,9800.0,31630.0,10.0,9813.0
51.41933400699054,0.0,0.0,0.0,0.0,0.0,0.0,0.0,0.0,0.0,0.0,0.0,0.0,0.0,33105.0,10.0,9840.0,31631.0,10.0,9843.0
51.41938648998621,0.0,0.0,0.0,0.0,0.0,0.0,0.0,0.0,0.0,0.0,0.0,0.0,0.0,33105.0,10.0,9840.0,31632.0,10.0,9850.0
51.41943924300722,0.0,0.0,0.0,0.0,0.0,0.0,0.0,0.0,0.0,0.0,0.0,0.0,0.0,33106.0,10.0,9860.0,31633.0,10.0,9873.0
51.43501761299558,0.0,0.0,0.0,0.0,0.0,0.0,0.0,0.0,0.0,0.0,0.0,0.0,0.0,33107.0,10.0,9880.0,31634.0,10.0,9893.0
51.4559026559873,0.0,0.0,0.0,0.0,0.0,0.0,0.0,0.0,0.0,0.0,0.0,0.0,0.0,33108.0,10.0,9900.0,31635.0,10.0,9913.0
51.485450731008314,0.0,0.0,0.0,0.0,0.0,0.0,0.0,0.0,0.0,0.0,0.0,0.0,0.0,33110.0,10.0,9940.0,31636.0,10.0,9943.0
51.49519538099412,0.0,0.0,0.0,0.0,0.0,0.0,0.0,0.0,0.0,0.0,0.0,0.0,0.0,33110.0,10.0,9940.0,31637.0,10.0,9950.0
51.62115707999328,0.0,0.0,0.0,0.0,0.0,0.0,0.0,0.0,0.0,0.0,0.0,0.0,0.0,33111.0,10.0,9960.0,31638.0,10.0,9973.0
51.621266595000634,0.0,0.0,0.0,0.0,0.0,0.0,0.0,0.0,0.0,0.0,0.0,0.0,0.0,33112.0,10.0,9980.0,31639.0,10.0,9993.0
51.621336321986746,0.0,0.0,0.0,0.0,0.0,0.0,0.0,0.0,0.0,0.0,0.0,0.0,0.0,33113.0,10.0,10000.0,31640.0,10.0,10013.0
51.62142796200351,0.0,0.0,0.0,0.0,0.0,0.0,0.0,0.0,0.0,0.0,0.0,0.0,0.0,33115.0,10.0,10040.0,31641.0,10.0,10044.0
51.62151565498789,0.0,0.0,0.0,0.0,0.0,0.0,0.0,0.0,0.0,0.0,0.0,0.0,0.0,33115.0,10.0,10040.0,31642.0,10.0,10050.0
51.62157640399528,0.0,0.0,0.0,0.0,0.0,0.0,0.0,0.0,0.0,0.0,0.0,0.0,0.0,33116.0,10.0,10060.0,31643.0,10.0,10073.0
51.84277698598453,0.0,0.0,0.0,0.0,0.0,0.0,0.0,0.0,0.0,0.0,0.0,0.0,0.0,33117.0,10.0,10080.0,31644.0,10.0,10093.0
51.8428853089863,0.0,0.0,0.0,0.0,0.0,0.0,0.0,0.0,0.0,0.0,0.0,0.0,0.0,33118.0,10.0,10100.0,31645.0,10.0,10113.0
51.84296062699286,0.0,0.0,0.0,0.0,0.0,0.0,0.0,0.0,0.0,0.0,0.0,0.0,0.0,33120.0,10.0,10140.0,31646.0,10.0,10143.0
51.843025946000125,0.0,0.0,0.0,0.0,0.0,0.0,0.0,0.0,0.0,0.0,0.0,0.0,0.0,33120.0,10.0,10140.0,31647.0,10.0,10150.0
51.843119841010775,0.0,0.0,0.0,0.0,0.0,0.0,0.0,0.0,0.0,0.0,0.0,0.0,0.0,33122.0,10.0,10180.0,31648.0,10.0,10183.0
51.84319653100101,0.0,0.0,0.0,0.0,0.0,0.0,0.0,0.0,0.0,0.0,0.0,0.0,0.0,33122.0,10.0,10180.0,31649.0,10.0,10190.0
51.84328726999229,0.0,0.0,0.0,0.0,0.0,0.0,0.0,0.0,0.0,0.0,0.0,0.0,0.0,33124.0,10.0,10220.0,31650.0,10.0,10223.0
51.843451892986195,0.0,0.0,0.0,0.0,0.0,0.0,0.0,0.0,0.0,0.0,0.0,0.0,0.0,33124.0,10.0,10220.0,31651.0,10.0,10234.0
51.84353547799401,0.0,0.0,0.0,0.0,0.0,0.0,0.0,0.0,0.0,0.0,0.0,0.0,0.0,33125.0,10.0,10240.0,31652.0,10.0,10253.0
51.84362843999406,0.0,0.0,0.0,0.0,0.0,0.0,0.0,0.0,0.0,0.0,0.0,0.0,0.0,33126.0,10.0,10260.0,31653.0,10.0,10273.0
51.84371040199767,0.0,0.0,0.0,0.0,0.0,0.0,0.0,0.0,0.0,0.0,0.0,0.0,0.0,33127.0,10.0,10280.0,31654.0,10.0,10293.0
51.85825798398582,0.0,0.0,0.0,0.0,0.0,0.0,0.0,0.0,0.0,0.0,0.0,0.0,0.0,33128.0,10.0,10300.0,31655.0,10.0,10313.0
51.88491472500027,0.0,0.0,0.0,0.0,0.0,0.0,0.0,0.0,0.0,0.0,0.0,0.0,0.0,33130.0,10.0,10340.0,31656.0,10.0,10343.0
51.89207385099144,0.0,0.0,0.0,0.0,0.0,0.0,0.0,0.0,0.0,0.0,0.0,0.0,0.0,33130.0,10.0,10340.0,31657.0,10.0,10350.0
51.91537697799504,0.0,0.0,0.0,0.0,0.0,0.0,0.0,0.0,0.0,0.0,0.0,0.0,0.0,33131.0,10.0,10360.0,31658.0,10.0,10373.0
51.935721549001755,0.0,0.0,0.0,0.0,0.0,0.0,0.0,0.0,0.0,0.0,0.0,0.0,0.0,33132.0,10.0,10380.0,31659.0,10.0,10393.0
52.00513381298515,0.0,0.0,0.0,0.0,0.0,0.0,0.0,0.0,0.0,0.0,0.0,0.0,0.0,33133.0,10.0,10400.0,31660.0,10.0,10413.0
52.00542510600644,0.0,0.0,0.0,0.0,0.0,0.0,0.0,0.0,0.0,0.0,0.0,0.0,0.0,33135.0,10.0,10440.0,31661.0,10.0,10443.0
52.00549159699585,0.0,0.0,0.0,0.0,0.0,0.0,0.0,0.0,0.0,0.0,0.0,0.0,0.0,33135.0,10.0,10440.0,31662.0,10.0,10450.0
52.074566688010236,0.0,0.0,0.0,0.0,0.0,0.0,0.0,0.0,0.0,0.0,0.0,0.0,0.0,33136.0,10.0,10460.0,31663.0,10.0,10473.0
52.07467349799117,0.0,0.0,0.0,0.0,0.0,0.0,0.0,0.0,0.0,0.0,0.0,0.0,0.0,33137.0,10.0,10480.0,31664.0,10.0,10493.0
52.07474093098426,0.0,0.0,0.0,0.0,0.0,0.0,0.0,0.0,0.0,0.0,0.0,0.0,0.0,33138.0,10.0,10500.0,31665.0,10.0,10513.0
52.08680249599274,0.0,0.0,0.0,0.0,0.0,0.0,0.0,0.0,0.0,0.0,0.0,0.0,0.0,33140.0,10.0,10540.0,31666.0,10.0,10543.0
52.10977252799785,0.0,0.0,0.0,0.0,0.0,0.0,0.0,0.0,0.0,0.0,0.0,0.0,0.0,33140.0,10.0,10540.0,31667.0,10.0,10550.0
52.13058802401065,0.0,0.0,0.0,0.0,0.0,0.0,0.0,0.0,0.0,0.0,0.0,0.0,0.0,33142.0,10.0,10580.0,31668.0,10.0,10583.0
52.13596417399822,0.0,0.0,0.0,0.0,0.0,0.0,0.0,0.0,0.0,0.0,0.0,0.0,0.0,33142.0,10.0,10580.0,31669.0,10.0,10590.0
52.154268473008415,0.0,0.0,0.0,0.0,0.0,0.0,0.0,0.0,0.0,0.0,0.0,0.0,0.0,33143.0,10.0,10600.0,31670.0,10.0,10613.0
52.28490582999075,0.0,0.0,0.0,0.0,0.0,0.0,0.0,0.0,0.0,0.0,0.0,0.0,0.0,33145.0,10.0,10640.0,31671.0,10.0,10643.0
52.28501303101075,0.0,0.0,0.0,0.0,0.0,0.0,0.0,0.0,0.0,0.0,0.0,0.0,0.0,33145.0,10.0,10640.0,31672.0,10.0,10650.0
52.28507926000748,0.0,0.0,0.0,0.0,0.0,0.0,0.0,0.0,0.0,0.0,0.0,0.0,0.0,33146.0,10.0,10660.0,31673.0,10.0,10673.0
52.28513666300569,0.0,0.0,0.0,0.0,0.0,0.0,0.0,0.0,0.0,0.0,0.0,0.0,0.0,33147.0,10.0,10680.0,31674.0,10.0,10693.0
52.285201980994316,0.0,0.0,0.0,0.0,0.0,0.0,0.0,0.0,0.0,0.0,0.0,0.0,0.0,33148.0,10.0,10700.0,31675.0,10.0,10713.0
52.29159619900747,0.0,0.0,0.0,0.0,0.0,0.0,0.0,0.0,0.0,0.0,0.0,0.0,0.0,33150.0,10.0,10740.0,31676.0,10.0,10743.0
52.29411382600665,0.0,0.0,0.0,0.0,0.0,0.0,0.0,0.0,0.0,0.0,0.0,0.0,0.0,33150.0,10.0,10740.0,31677.0,10.0,10750.0
52.317140667990316,0.0,0.0,0.0,0.0,0.0,0.0,0.0,0.0,0.0,0.0,0.0,0.0,0.0,33151.0,10.0,10760.0,31678.0,10.0,10773.0
52.335270298004616,0.0,0.0,0.0,0.0,0.0,0.0,0.0,0.0,0.0,0.0,0.0,0.0,0.0,33152.0,10.0,10780.0,31679.0,10.0,10793.0
52.3559050890035,0.0,0.0,0.0,0.0,0.0,0.0,0.0,0.0,0.0,0.0,0.0,0.0,0.0,33153.0,10.0,10800.0,31680.0,10.0,10813.0
52.38454369499232,0.0,0.0,0.0,0.0,0.0,0.0,0.0,0.0,0.0,0.0,0.0,0.0,0.0,33155.0,10.0,10840.0,31681.0,10.0,10843.0
52.5033275730093,0.0,0.0,0.0,0.0,0.0,0.0,0.0,0.0,0.0,0.0,0.0,0.0,0.0,33155.0,10.0,10840.0,31682.0,10.0,10850.0
52.50344845998916,0.0,0.0,0.0,0.0,0.0,0.0,0.0,0.0,0.0,0.0,0.0,0.0,0.0,33157.0,10.0,10880.0,31683.0,10.0,10885.0
52.50352297601057,0.0,0.0,0.0,0.0,0.0,0.0,0.0,0.0,0.0,0.0,0.0,0.0,0.0,33157.0,10.0,10880.0,31684.0,10.0,10892.0
52.50358197200694,0.0,0.0,0.0,0.0,0.0,0.0,0.0,0.0,0.0,0.0,0.0,0.0,0.0,33158.0,10.0,10900.0,31685.0,10.0,10913.0
52.50363590801135,0.0,0.0,0.0,0.0,0.0,0.0,0.0,0.0,0.0,0.0,0.0,0.0,0.0,33160.0,10.0,10940.0,31686.0,10.0,10943.0
52.503688160009915,0.0,0.0,0.0,0.0,0.0,0.0,0.0,0.0,0.0,0.0,0.0,0.0,0.0,33160.0,10.0,10940.0,31687.0,10.0,10950.0
52.5266954539984,0.0,0.0,0.0,0.0,0.0,0.0,0.0,0.0,0.0,0.0,0.0,0.0,0.0,33162.0,10.0,10980.0,31688.0,10.0,10983.0
52.53534133700305,0.0,0.0,0.0,0.0,0.0,0.0,0.0,0.0,0.0,0.0,0.0,0.0,0.0,33162.0,10.0,10980.0,31689.0,10.0,10990.0
52.55570473699481,0.0,0.0,0.0,0.0,0.0,0.0,0.0,0.0,0.0,0.0,0.0,0.0,0.0,33163.0,10.0,11000.0,31690.0,10.0,11013.0
52.58664041699376,0.0,0.0,0.0,0.0,0.0,0.0,0.0,0.0,0.0,0.0,0.0,0.0,0.0,33165.0,10.0,11040.0,31691.0,10.0,11043.0
52.59311450200039,0.0,0.0,0.0,0.0,0.0,0.0,0.0,0.0,0.0,0.0,0.0,0.0,0.0,33165.0,10.0,11040.0,31692.0,10.0,11050.0
52.70582319700043,0.0,0.0,0.0,0.0,0.0,0.0,0.0,0.0,0.0,0.0,0.0,0.0,0.0,33167.0,10.0,11080.0,31693.0,10.0,11083.0
52.70593898399966,0.0,0.0,0.0,0.0,0.0,0.0,0.0,0.0,0.0,0.0,0.0,0.0,0.0,33167.0,10.0,11080.0,31694.0,10.0,11090.0
52.70600915199611,0.0,0.0,0.0,0.0,0.0,0.0,0.0,0.0,0.0,0.0,0.0,0.0,0.0,33168.0,10.0,11100.0,31695.0,10.0,11113.0
52.70607276700321,0.0,0.0,0.0,0.0,0.0,0.0,0.0,0.0,0.0,0.0,0.0,0.0,0.0,33170.0,10.0,11140.0,31696.0,10.0,11143.0
52.706162051996216,0.0,0.0,0.0,0.0,0.0,0.0,0.0,0.0,0.0,0.0,0.0,0.0,0.0,33170.0,10.0,11140.0,31697.0,10.0,11150.0
52.72820181798306,0.0,0.0,0.0,0.0,0.0,0.0,0.0,0.0,0.0,0.0,0.0,0.0,0.0,33172.0,10.0,11180.0,31698.0,10.0,11183.0
52.732824061997235,0.0,0.0,0.0,0.0,0.0,0.0,0.0,0.0,0.0,0.0,0.0,0.0,0.0,33172.0,10.0,11180.0,31699.0,10.0,11190.0
52.76659834801103,0.0,0.0,0.0,0.0,0.0,0.0,0.0,0.0,0.0,0.0,0.0,0.0,0.0,33174.0,10.0,11220.0,31700.0,10.0,11223.0
52.77824424399296,0.0,0.0,0.0,0.0,0.0,0.0,0.0,0.0,0.0,0.0,0.0,0.0,0.0,33174.0,10.0,11220.0,31701.0,10.0,11235.0
52.79564972399385,0.0,0.0,0.0,0.0,0.0,0.0,0.0,0.0,0.0,0.0,0.0,0.0,0.0,33175.0,10.0,11240.0,31702.0,10.0,11253.0
52.815370233001886,0.0,0.0,0.0,0.0,0.0,0.0,0.0,0.0,0.0,0.0,0.0,0.0,0.0,33176.0,10.0,11260.0,31703.0,10.0,11273.0
52.880609187006485,0.0,0.0,0.0,0.0,0.0,0.0,0.0,0.0,0.0,0.0,0.0,0.0,0.0,33177.0,10.0,11280.0,31704.0,10.0,11293.0
52.88073109599645,0.0,0.0,0.0,0.0,0.0,0.0,0.0,0.0,0.0,0.0,0.0,0.0,0.0,33178.0,10.0,11300.0,31705.0,10.0,11313.0
52.942064992006635,0.0,0.0,0.0,0.0,0.0,0.0,0.0,0.0,0.0,0.0,0.0,0.0,0.0,33180.0,10.0,11340.0,31706.0,10.0,11343.0
52.942289052007254,0.0,0.0,0.0,0.0,0.0,0.0,0.0,0.0,0.0,0.0,0.0,0.0,0.0,33180.0,10.0,11340.0,31707.0,10.0,11350.0
52.94235340799787,0.0,0.0,0.0,0.0,0.0,0.0,0.0,0.0,0.0,0.0,0.0,0.0,0.0,33181.0,10.0,11360.0,31708.0,10.0,11373.0
52.94240900699515,0.0,0.0,0.0,0.0,0.0,0.0,0.0,0.0,0.0,0.0,0.0,0.0,0.0,33182.0,10.0,11380.0,31709.0,10.0,11393.0
52.95515530000557,0.0,0.0,0.0,0.0,0.0,0.0,0.0,0.0,0.0,0.0,0.0,0.0,0.0,33183.0,10.0,11400.0,31710.0,10.0,11413.0
52.97402546199737,0.0,0.0,0.0,0.0,0.0,0.0,0.0,0.0,0.0,0.0,0.0,0.0,0.0,33184.0,10.0,11420.0,31711.0,10.0,11431.0
52.99638832200435,0.0,0.0,0.0,0.0,0.0,0.0,0.0,0.0,0.0,0.0,0.0,0.0,0.0,33185.0,10.0,11440.0,31712.0,10.0,11453.0
53.01535122600035,0.0,0.0,0.0,0.0,0.0,0.0,0.0,0.0,0.0,0.0,0.0,0.0,0.0,33186.0,10.0,11460.0,31713.0,10.0,11473.0
53.03513994900277,0.0,0.0,0.0,0.0,0.0,0.0,0.0,0.0,0.0,0.0,0.0,0.0,0.0,33187.0,10.0,11480.0,31714.0,10.0,11493.0
53.164649056998314,0.0,0.0,0.0,0.0,0.0,0.0,0.0,0.0,0.0,0.0,0.0,0.0,0.0,33188.0,10.0,11500.0,31715.0,10.0,11513.0
53.16475876199547,0.0,0.0,0.0,0.0,0.0,0.0,0.0,0.0,0.0,0.0,0.0,0.0,0.0,33190.0,10.0,11540.0,31716.0,10.0,11543.0
53.16482371900929,0.0,0.0,0.0,0.0,0.0,0.0,0.0,0.0,0.0,0.0,0.0,0.0,0.0,33190.0,10.0,11540.0,31717.0,10.0,11551.0
53.164884769008495,0.0,0.0,0.0,0.0,0.0,0.0,0.0,0.0,0.0,0.0,0.0,0.0,0.0,33191.0,10.0,11560.0,31718.0,10.0,11573.0
53.164947843004484,0.0,0.0,0.0,0.0,0.0,0.0,0.0,0.0,0.0,0.0,0.0,0.0,0.0,33192.0,10.0,11580.0,31719.0,10.0,11593.0
53.16500709898537,0.0,0.0,0.0,0.0,0.0,0.0,0.0,0.0,0.0,0.0,0.0,0.0,0.0,33193.0,10.0,11600.0,31720.0,10.0,11613.0
53.19031956300023,0.0,0.0,0.0,0.0,0.0,0.0,0.0,0.0,0.0,0.0,0.0,0.0,0.0,33195.0,10.0,11640.0,31721.0,10.0,11643.0
53.19247937799082,0.0,0.0,0.0,0.0,0.0,0.0,0.0,0.0,0.0,0.0,0.0,0.0,0.0,33195.0,10.0,11640.0,31722.0,10.0,11650.0
53.21502653998323,0.0,0.0,0.0,0.0,0.0,0.0,0.0,0.0,0.0,0.0,0.0,0.0,0.0,33196.0,10.0,11660.0,31723.0,10.0,11673.0
53.24541634999332,0.0,0.0,0.0,0.0,0.0,0.0,0.0,0.0,0.0,0.0,0.0,0.0,0.0,33197.0,10.0,11680.0,31724.0,10.0,11693.0
53.256086321984185,0.0,0.0,0.0,0.0,0.0,0.0,0.0,0.0,0.0,0.0,0.0,0.0,0.0,33198.0,10.0,11700.0,31725.0,10.0,11713.0
53.38331869998365,0.0,0.0,0.0,0.0,0.0,0.0,0.0,0.0,0.0,0.0,0.0,0.0,0.0,33200.0,10.0,11740.0,31726.0,10.0,11743.0
53.38342639000621,0.0,0.0,0.0,0.0,0.0,0.0,0.0,0.0,0.0,0.0,0.0,0.0,0.0,33200.0,10.0,11740.0,31727.0,10.0,11750.0
53.38389608898433,0.0,0.0,0.0,0.0,0.0,0.0,0.0,0.0,0.0,0.0,0.0,0.0,0.0,33201.0,10.0,11760.0,31728.0,10.0,11773.0
53.38396931200987,0.0,0.0,0.0,0.0,0.0,0.0,0.0,0.0,0.0,0.0,0.0,0.0,0.0,33202.0,10.0,11780.0,31729.0,10.0,11793.0
53.384035552007845,0.0,0.0,0.0,0.0,0.0,0.0,0.0,0.0,0.0,0.0,0.0,0.0,0.0,33203.0,10.0,11800.0,31730.0,10.0,11813.0
53.38849154600757,0.0,0.0,0.0,0.0,0.0,0.0,0.0,0.0,0.0,0.0,0.0,0.0,0.0,33205.0,10.0,11840.0,31731.0,10.0,11843.0
53.39285571099026,0.0,0.0,0.0,0.0,0.0,0.0,0.0,0.0,0.0,0.0,0.0,0.0,0.0,33205.0,10.0,11840.0,31732.0,10.0,11850.0
53.42772604798665,0.0,0.0,0.0,0.0,0.0,0.0,0.0,0.0,0.0,0.0,0.0,0.0,0.0,33207.0,10.0,11880.0,31733.0,10.0,11884.0
53.43539035800495,0.0,0.0,0.0,0.0,0.0,0.0,0.0,0.0,0.0,0.0,0.0,0.0,0.0,33207.0,10.0,11880.0,31734.0,10.0,11891.0
53.45869311099523,0.0,0.0,0.0,0.0,0.0,0.0,0.0,0.0,0.0,0.0,0.0,0.0,0.0,33208.0,10.0,11900.0,31735.0,10.0,11913.0
53.48502927800291,0.0,0.0,0.0,0.0,0.0,0.0,0.0,0.0,0.0,0.0,0.0,0.0,0.0,33210.0,10.0,11940.0,31736.0,10.0,11943.0
53.53346639699885,0.0,0.0,0.0,0.0,0.0,0.0,0.0,0.0,0.0,0.0,0.0,0.0,0.0,33210.0,10.0,11940.0,31737.0,10.0,11950.0
53.53355972000281,0.0,0.0,0.0,0.0,0.0,0.0,0.0,0.0,0.0,0.0,0.0,0.0,0.0,33212.0,10.0,11980.0,31738.0,10.0,11983.0
53.53362170100445,0.0,0.0,0.0,0.0,0.0,0.0,0.0,0.0,0.0,0.0,0.0,0.0,0.0,33212.0,10.0,11980.0,31739.0,10.0,11990.0
53.60231780199683,0.0,0.0,0.0,0.0,0.0,0.0,0.0,0.0,0.0,0.0,0.0,0.0,0.0,33214.0,10.0,12020.0,31740.0,10.0,12024.0
53.6027029149991,0.0,0.0,0.0,0.0,0.0,0.0,0.0,0.0,0.0,0.0,0.0,0.0,0.0,33214.0,10.0,12020.0,31741.0,10.0,12035.0
53.602761109010316,0.0,0.0,0.0,0.0,0.0,0.0,0.0,0.0,0.0,0.0,0.0,0.0,0.0,33215.0,10.0,12040.0,31742.0,10.0,12053.0
53.61547242899542,0.0,0.0,0.0,0.0,0.0,0.0,0.0,0.0,0.0,0.0,0.0,0.0,0.0,33216.0,10.0,12060.0,31743.0,10.0,12073.0
53.634979158989154,0.0,0.0,0.0,0.0,0.0,0.0,0.0,0.0,0.0,0.0,0.0,0.0,0.0,33217.0,10.0,12080.0,31744.0,10.0,12093.0
53.656532371009234,0.0,0.0,0.0,0.0,0.0,0.0,0.0,0.0,0.0,0.0,0.0,0.0,0.0,33218.0,10.0,12100.0,31745.0,10.0,12113.0
53.68631542799994,0.0,0.0,0.0,0.0,0.0,0.0,0.0,0.0,0.0,0.0,0.0,0.0,0.0,33220.0,10.0,12140.0,31746.0,10.0,12143.0
53.695338744990295,0.0,0.0,0.0,0.0,0.0,0.0,0.0,0.0,0.0,0.0,0.0,0.0,0.0,33220.0,10.0,12140.0,31747.0,10.0,12150.0
53.751944401010405,0.0,0.0,0.0,0.0,0.0,0.0,0.0,0.0,0.0,0.0,0.0,0.0,0.0,33221.0,10.0,12160.0,31748.0,10.0,12173.0
53.75204867499997,0.0,0.0,0.0,0.0,0.0,0.0,0.0,0.0,0.0,0.0,0.0,0.0,0.0,33222.0,10.0,12180.0,31749.0,10.0,12193.0
53.821932468010345,0.0,0.0,0.0,0.0,0.0,0.0,0.0,0.0,0.0,0.0,0.0,0.0,0.0,33223.0,10.0,12200.0,31750.0,10.0,12213.0
53.82202761399094,0.0,0.0,0.0,0.0,0.0,0.0,0.0,0.0,0.0,0.0,0.0,0.0,0.0,33225.0,10.0,12240.0,31751.0,10.0,12243.0
53.822093572991434,0.0,0.0,0.0,0.0,0.0,0.0,0.0,0.0,0.0,0.0,0.0,0.0,0.0,33225.0,10.0,12240.0,31752.0,10.0,12250.0
53.822153449989855,0.0,0.0,0.0,0.0,0.0,0.0,0.0,0.0,0.0,0.0,0.0,0.0,0.0,33226.0,10.0,12260.0,31753.0,10.0,12273.0
53.845075488992734,0.0,0.0,0.0,0.0,0.0,0.0,0.0,0.0,0.0,0.0,0.0,0.0,0.0,33227.0,10.0,12280.0,31754.0,10.0,12293.0
53.85542617298779,0.0,0.0,0.0,0.0,0.0,0.0,0.0,0.0,0.0,0.0,0.0,0.0,0.0,33228.0,10.0,12300.0,31755.0,10.0,12313.0
53.88552717200946,0.0,0.0,0.0,0.0,0.0,0.0,0.0,0.0,0.0,0.0,0.0,0.0,0.0,33230.0,10.0,12340.0,31756.0,10.0,12343.0
53.90461099499953,0.0,0.0,0.0,0.0,0.0,0.0,0.0,0.0,0.0,0.0,0.0,0.0,0.0,33230.0,10.0,12340.0,31757.0,10.0,12351.0
53.91783044798649,0.0,0.0,0.0,0.0,0.0,0.0,0.0,0.0,0.0,0.0,0.0,0.0,0.0,33231.0,10.0,12360.0,31758.0,10.0,12373.0
53.98434572399128,0.0,0.0,0.0,0.0,0.0,0.0,0.0,0.0,0.0,0.0,0.0,0.0,0.0,33232.0,10.0,12380.0,31759.0,10.0,12393.0
53.98444616998313,0.0,0.0,0.0,0.0,0.0,0.0,0.0,0.0,0.0,0.0,0.0,0.0,0.0,33233.0,10.0,12400.0,31760.0,10.0,12413.0
54.04192922098446,0.0,0.0,0.0,0.0,0.0,0.0,0.0,0.0,0.0,0.0,0.0,0.0,0.0,33235.0,10.0,12440.0,31761.0,10.0,12443.0
54.04203296400374,0.0,0.0,0.0,0.0,0.0,0.0,0.0,0.0,0.0,0.0,0.0,0.0,0.0,33235.0,10.0,12440.0,31762.0,10.0,12450.0
54.04210208900622,0.0,0.0,0.0,0.0,0.0,0.0,0.0,0.0,0.0,0.0,0.0,0.0,0.0,33236.0,10.0,12460.0,31763.0,10.0,12473.0
54.042160834011156,0.0,0.0,0.0,0.0,0.0,0.0,0.0,0.0,0.0,0.0,0.0,0.0,0.0,33237.0,10.0,12480.0,31764.0,10.0,12493.0
54.05531183400308,0.0,0.0,0.0,0.0,0.0,0.0,0.0,0.0,0.0,0.0,0.0,0.0,0.0,33238.0,10.0,12500.0,31765.0,10.0,12513.0
54.08523056699778,0.0,0.0,0.0,0.0,0.0,0.0,0.0,0.0,0.0,0.0,0.0,0.0,0.0,33240.0,10.0,12540.0,31766.0,10.0,12543.0
54.09676896300516,0.0,0.0,0.0,0.0,0.0,0.0,0.0,0.0,0.0,0.0,0.0,0.0,0.0,33240.0,10.0,12540.0,31767.0,10.0,12550.0
54.116035702987574,0.0,0.0,0.0,0.0,0.0,0.0,0.0,0.0,0.0,0.0,0.0,0.0,0.0,33241.0,10.0,12560.0,31768.0,10.0,12573.0
54.13520482298918,0.0,0.0,0.0,0.0,0.0,0.0,0.0,0.0,0.0,0.0,0.0,0.0,0.0,33242.0,10.0,12580.0,31769.0,10.0,12593.0
54.154882917995565,0.0,0.0,0.0,0.0,0.0,0.0,0.0,0.0,0.0,0.0,0.0,0.0,0.0,33243.0,10.0,12600.0,31770.0,10.0,12613.0
54.26445833098842,0.0,0.0,0.0,0.0,0.0,0.0,0.0,0.0,0.0,0.0,0.0,0.0,0.0,33245.0,10.0,12640.0,31771.0,10.0,12643.0
54.264560070005246,0.0,0.0,0.0,0.0,0.0,0.0,0.0,0.0,0.0,0.0,0.0,0.0,0.0,33245.0,10.0,12640.0,31772.0,10.0,12650.0
54.264622611983214,0.0,0.0,0.0,0.0,0.0,0.0,0.0,0.0,0.0,0.0,0.0,0.0,0.0,33246.0,10.0,12660.0,31773.0,10.0,12673.0
54.26467980298912,0.0,0.0,0.0,0.0,0.0,0.0,0.0,0.0,0.0,0.0,0.0,0.0,0.0,33247.0,10.0,12680.0,31774.0,10.0,12693.0
54.26473498099949,0.0,0.0,0.0,0.0,0.0,0.0,0.0,0.0,0.0,0.0,0.0,0.0,0.0,33248.0,10.0,12700.0,31775.0,10.0,12713.0
54.28547886700835,0.0,0.0,0.0,0.0,0.0,0.0,0.0,0.0,0.0,0.0,0.0,0.0,0.0,33250.0,10.0,12740.0,31776.0,10.0,12743.0
54.29316868798924,0.0,0.0,0.0,0.0,0.0,0.0,0.0,0.0,0.0,0.0,0.0,0.0,0.0,33250.0,10.0,12740.0,31777.0,10.0,12750.0
54.316725040989695,0.0,0.0,0.0,0.0,0.0,0.0,0.0,0.0,0.0,0.0,0.0,0.0,0.0,33251.0,10.0,12760.0,31778.0,10.0,12773.0
54.336553801986156,0.0,0.0,0.0,0.0,0.0,0.0,0.0,0.0,0.0,0.0,0.0,0.0,0.0,33252.0,10.0,12780.0,31779.0,10.0,12793.0
54.356063159997575,0.0,0.0,0.0,0.0,0.0,0.0,0.0,0.0,0.0,0.0,0.0,0.0,0.0,33253.0,10.0,12800.0,31780.0,10.0,12813.0
54.42990361500415,0.0,0.0,0.0,0.0,0.0,0.0,0.0,0.0,0.0,0.0,0.0,0.0,0.0,33255.0,10.0,12840.0,31781.0,10.0,12843.0
54.42998378199991,0.0,0.0,0.0,0.0,0.0,0.0,0.0,0.0,0.0,0.0,0.0,0.0,0.0,33255.0,10.0,12840.0,31782.0,10.0,12850.0
54.43004291699617,0.0,0.0,0.0,0.0,0.0,0.0,0.0,0.0,0.0,0.0,0.0,0.0,0.0,33256.0,10.0,12860.0,31783.0,10.0,12873.0
54.43556279499899,0.0,0.0,0.0,0.0,0.0,0.0,0.0,0.0,0.0,0.0,0.0,0.0,0.0,33257.0,10.0,12880.0,31784.0,10.0,12893.0
54.45654184999876,0.0,0.0,0.0,0.0,0.0,0.0,0.0,0.0,0.0,0.0,0.0,0.0,0.0,33258.0,10.0,12900.0,31785.0,10.0,12913.0
54.48675645099138,0.0,0.0,0.0,0.0,0.0,0.0,0.0,0.0,0.0,0.0,0.0,0.0,0.0,33260.0,10.0,12940.0,31786.0,10.0,12943.0
54.492524964007316,0.0,0.0,0.0,0.0,0.0,0.0,0.0,0.0,0.0,0.0,0.0,0.0,0.0,33260.0,10.0,12940.0,31787.0,10.0,12950.0
54.52436298300745,0.0,0.0,0.0,0.0,0.0,0.0,0.0,0.0,0.0,0.0,0.0,0.0,0.0,33261.0,10.0,12960.0,31788.0,10.0,12973.0
54.99335980298929,0.0,0.0,0.0,0.0,0.0,0.0,0.0,0.0,0.0,0.0,0.0,0.0,0.0,33262.0,10.0,12980.0,31789.0,10.0,12993.0
54.995058947999496,0.0,0.0,0.0,0.0,0.0,0.0,0.0,0.0,0.0,0.0,0.0,0.0,0.0,33263.0,10.0,13000.0,31790.0,10.0,13013.0
54.99522936998983,0.0,0.0,0.0,0.0,0.0,0.0,0.0,0.0,0.0,0.0,0.0,0.0,0.0,33265.0,10.0,13040.0,31791.0,10.0,13043.0
54.995327612006804,0.0,0.0,0.0,0.0,0.0,0.0,0.0,0.0,0.0,0.0,0.0,0.0,0.0,33265.0,10.0,13040.0,31792.0,10.0,13049.0
54.99539050398744,0.0,0.0,0.0,0.0,0.0,0.0,0.0,0.0,0.0,0.0,0.0,0.0,0.0,33267.0,10.0,13080.0,31793.0,10.0,13083.0
54.99547998901107,0.0,0.0,0.0,0.0,0.0,0.0,0.0,0.0,0.0,0.0,0.0,0.0,0.0,33267.0,10.0,13080.0,31794.0,10.0,13090.0
54.995555466011865,0.0,0.0,0.0,0.0,0.0,0.0,0.0,0.0,0.0,0.0,0.0,0.0,0.0,33269.0,10.0,13120.0,31795.0,10.0,13123.0
54.995614891988225,0.0,0.0,0.0,0.0,0.0,0.0,0.0,0.0,0.0,0.0,0.0,0.0,0.0,33270.0,10.0,13140.0,31797.0,10.0,13153.0
54.99567044098512,0.0,0.0,0.0,0.0,0.0,0.0,0.0,0.0,0.0,0.0,0.0,0.0,0.0,33271.0,10.0,13160.0,31798.0,10.0,13173.0
54.995732251001755,0.0,0.0,0.0,0.0,0.0,0.0,0.0,0.0,0.0,0.0,0.0,0.0,0.0,33272.0,10.0,13180.0,31799.0,10.0,13193.0
54.9957893420069,0.0,0.0,0.0,0.0,0.0,0.0,0.0,0.0,0.0,0.0,0.0,0.0,0.0,33273.0,10.0,13200.0,31800.0,10.0,13213.0
54.99584687501192,0.0,0.0,0.0,0.0,0.0,0.0,0.0,0.0,0.0,0.0,0.0,0.0,0.0,33275.0,10.0,13240.0,31801.0,10.0,13244.0
54.995901902002515,0.0,0.0,0.0,0.0,0.0,0.0,0.0,0.0,0.0,0.0,0.0,0.0,0.0,33275.0,10.0,13240.0,31802.0,10.0,13250.0
54.99595737000345,0.0,0.0,0.0,0.0,0.0,0.0,0.0,0.0,0.0,0.0,0.0,0.0,0.0,33276.0,10.0,13260.0,31803.0,10.0,13273.0
54.99601628500386,0.0,0.0,0.0,0.0,0.0,0.0,0.0,0.0,0.0,0.0,0.0,0.0,0.0,33277.0,10.0,13280.0,31804.0,10.0,13293.0
54.99607246500091,0.0,0.0,0.0,0.0,0.0,0.0,0.0,0.0,0.0,0.0,0.0,0.0,0.0,33278.0,10.0,13300.0,31805.0,10.0,13313.0
54.99612762199831,0.0,0.0,0.0,0.0,0.0,0.0,0.0,0.0,0.0,0.0,0.0,0.0,0.0,33280.0,10.0,13340.0,31806.0,10.0,13343.0
54.99618666799506,0.0,0.0,0.0,0.0,0.0,0.0,0.0,0.0,0.0,0.0,0.0,0.0,0.0,33280.0,10.0,13340.0,31807.0,10.0,13350.0
54.99624283699086,0.0,0.0,0.0,0.0,0.0,0.0,0.0,0.0,0.0,0.0,0.0,0.0,0.0,33282.0,10.0,13380.0,31808.0,10.0,13384.0
54.99629736400675,0.0,0.0,0.0,0.0,0.0,0.0,0.0,0.0,0.0,0.0,0.0,0.0,0.0,33282.0,10.0,13380.0,31809.0,10.0,13391.0
54.996348654007306,0.0,0.0,0.0,0.0,0.0,0.0,0.0,0.0,0.0,0.0,0.0,0.0,0.0,33283.0,10.0,13400.0,31810.0,10.0,13413.0
55.00994935500785,0.0,0.0,0.0,0.0,0.0,0.0,0.0,0.0,0.0,0.0,0.0,0.0,0.0,33286.0,10.0,13460.0,31811.0,10.0,13466.0
55.01436856598593,0.0,0.0,0.0,0.0,0.0,0.0,0.0,0.0,0.0,0.0,0.0,0.0,0.0,33286.0,10.0,13460.0,31812.0,10.0,13472.0
55.035019109986024,0.0,0.0,0.0,0.0,0.0,0.0,0.0,0.0,0.0,0.0,0.0,0.0,0.0,33287.0,10.0,13480.0,31813.0,10.0,13493.0
55.06510836700909,0.0,0.0,0.0,0.0,0.0,0.0,0.0,0.0,0.0,0.0,0.0,0.0,0.0,33288.0,10.0,13500.0,31814.0,10.0,13513.0
55.07522170600714,0.0,0.0,0.0,0.0,0.0,0.0,0.0,0.0,0.0,0.0,0.0,0.0,0.0,33289.0,10.0,13520.0,31815.0,10.0,13533.0
55.505631264997646,0.0,0.0,0.0,0.0,0.0,0.0,0.0,0.0,0.0,0.0,0.0,0.0,0.0,33291.0,10.0,13560.0,31816.0,10.0,13564.0
55.50577874199371,0.0,0.0,0.0,0.0,0.0,0.0,0.0,0.0,0.0,0.0,0.0,0.0,0.0,33291.0,10.0,13560.0,31817.0,10.0,13571.0
55.50723264098633,0.0,0.0,0.0,0.0,0.0,0.0,0.0,0.0,0.0,0.0,0.0,0.0,0.0,33292.0,10.0,13580.0,31818.0,10.0,13593.0
55.50732406901079,0.0,0.0,0.0,0.0,0.0,0.0,0.0,0.0,0.0,0.0,0.0,0.0,0.0,33293.0,10.0,13600.0,31819.0,10.0,13613.0
55.50739392498508,0.0,0.0,0.0,0.0,0.0,0.0,0.0,0.0,0.0,0.0,0.0,0.0,0.0,33294.0,10.0,13620.0,31820.0,10.0,13633.0
55.50920143298572,0.0,0.0,0.0,0.0,0.0,0.0,0.0,0.0,0.0,0.0,0.0,0.0,0.0,33296.0,10.0,13660.0,31821.0,10.0,13663.0
55.50928974398994,0.0,0.0,0.0,0.0,0.0,0.0,0.0,0.0,0.0,0.0,0.0,0.0,0.0,33301.0,10.0,13760.0,31826.0,10.0,13763.0
55.509359329997096,0.0,0.0,0.0,0.0,0.0,0.0,0.0,0.0,0.0,0.0,0.0,0.0,0.0,33301.0,10.0,13760.0,31827.0,10.0,13770.0
55.50945146899903,0.0,0.0,0.0,0.0,0.0,0.0,0.0,0.0,0.0,0.0,0.0,0.0,0.0,33303.0,10.0,13800.0,31828.0,10.0,13803.0
55.509508960996754,0.0,0.0,0.0,0.0,0.0,0.0,0.0,0.0,0.0,0.0,0.0,0.0,0.0,33303.0,10.0,13800.0,31829.0,10.0,13810.0
55.50956346699968,0.0,0.0,0.0,0.0,0.0,0.0,0.0,0.0,0.0,0.0,0.0,0.0,0.0,33305.0,10.0,13840.0,31830.0,10.0,13843.0
55.50961758199264,0.0,0.0,0.0,0.0,0.0,0.0,0.0,0.0,0.0,0.0,0.0,0.0,0.0,33305.0,10.0,13840.0,31831.0,10.0,13855.0
55.5096708459896,0.0,0.0,0.0,0.0,0.0,0.0,0.0,0.0,0.0,0.0,0.0,0.0,0.0,33306.0,10.0,13860.0,31832.0,10.0,13873.0
55.509723569004564,0.0,0.0,0.0,0.0,0.0,0.0,0.0,0.0,0.0,0.0,0.0,0.0,0.0,33307.0,10.0,13880.0,31833.0,10.0,13893.0
55.50977670200518,0.0,0.0,0.0,0.0,0.0,0.0,0.0,0.0,0.0,0.0,0.0,0.0,0.0,33308.0,10.0,13900.0,31834.0,10.0,13913.0
55.50983036699472,0.0,0.0,0.0,0.0,0.0,0.0,0.0,0.0,0.0,0.0,0.0,0.0,0.0,33309.0,10.0,13920.0,31835.0,10.0,13933.0
55.51128240200342,0.0,0.0,0.0,0.0,0.0,0.0,0.0,0.0,0.0,0.0,0.0,0.0,0.0,33311.0,10.0,13960.0,31836.0,10.0,13963.0
55.511341948003974,0.0,0.0,0.0,0.0,0.0,0.0,0.0,0.0,0.0,0.0,0.0,0.0,0.0,33311.0,10.0,13960.0,31837.0,10.0,13969.0
55.54711311700521,0.0,0.0,0.0,0.0,0.0,0.0,0.0,0.0,0.0,0.0,0.0,0.0,0.0,33313.0,10.0,14000.0,31838.0,10.0,14002.0
55.56161829299526,0.0,0.0,0.0,0.0,0.0,0.0,0.0,0.0,0.0,0.0,0.0,0.0,0.0,33313.0,10.0,14000.0,31839.0,10.0,14009.0
55.58540073299082,0.0,0.0,0.0,0.0,0.0,0.0,0.0,0.0,0.0,0.0,0.0,0.0,0.0,33315.0,10.0,14040.0,31840.0,10.0,14043.0
55.60770010598935,0.0,0.0,0.0,0.0,0.0,0.0,0.0,0.0,0.0,0.0,0.0,0.0,0.0,33315.0,10.0,14040.0,31841.0,10.0,14055.0
56.01457415201003,0.0,0.0,0.0,0.0,0.0,0.0,0.0,0.0,0.0,0.0,0.0,0.0,0.0,33326.0,10.0,14260.0,31852.0,10.0,14270.0
56.014729354006704,0.0,0.0,0.0,0.0,0.0,0.0,0.0,0.0,0.0,0.0,0.0,0.0,0.0,33327.0,10.0,14280.0,31853.0,10.0,14293.0
56.014797617011936,0.0,0.0,0.0,0.0,0.0,0.0,0.0,0.0,0.0,0.0,0.0,0.0,0.0,33328.0,10.0,14300.0,31854.0,10.0,14313.0
56.014858645998174,0.0,0.0,0.0,0.0,0.0,0.0,0.0,0.0,0.0,0.0,0.0,0.0,0.0,33329.0,10.0,14320.0,31855.0,10.0,14333.0
56.0149151860096,0.0,0.0,0.0,0.0,0.0,0.0,0.0,0.0,0.0,0.0,0.0,0.0,0.0,33331.0,10.0,14360.0,31856.0,10.0,14363.0
56.01496877998579,0.0,0.0,0.0,0.0,0.0,0.0,0.0,0.0,0.0,0.0,0.0,0.0,0.0,33331.0,10.0,14360.0,31857.0,10.0,14370.0
56.015022143983515,0.0,0.0,0.0,0.0,0.0,0.0,0.0,0.0,0.0,0.0,0.0,0.0,0.0,33332.0,10.0,14380.0,31858.0,10.0,14393.0
56.015074105001986,0.0,0.0,0.0,0.0,0.0,0.0,0.0,0.0,0.0,0.0,0.0,0.0,0.0,33333.0,10.0,14400.0,31859.0,10.0,14413.0
56.01512606599135,0.0,0.0,0.0,0.0,0.0,0.0,0.0,0.0,0.0,0.0,0.0,0.0,0.0,33334.0,10.0,14420.0,31860.0,10.0,14433.0
56.01519446898601,0.0,0.0,0.0,0.0,0.0,0.0,0.0,0.0,0.0,0.0,0.0,0.0,0.0,33336.0,10.0,14460.0,31861.0,10.0,14463.0
56.04537566000363,0.0,0.0,0.0,0.0,0.0,0.0,0.0,0.0,0.0,0.0,0.0,0.0,0.0,33338.0,10.0,14500.0,31862.0,10.0,14502.0
56.05180832798942,0.0,0.0,0.0,0.0,0.0,0.0,0.0,0.0,0.0,0.0,0.0,0.0,0.0,33338.0,10.0,14500.0,31863.0,10.0,14508.0
56.087398936011596,0.0,0.0,0.0,0.0,0.0,0.0,0.0,0.0,0.0,0.0,0.0,0.0,0.0,33340.0,10.0,14540.0,31864.0,10.0,14543.0
56.09492343800957,0.0,0.0,0.0,0.0,0.0,0.0,0.0,0.0,0.0,0.0,0.0,0.0,0.0,33340.0,10.0,14540.0,31865.0,10.0,14550.0
56.114378686994314,0.0,0.0,0.0,0.0,0.0,0.0,0.0,0.0,0.0,0.0,0.0,0.0,0.0,33341.0,10.0,14560.0,31866.0,10.0,14573.0
56.52453142500599,0.0,0.0,0.0,0.0,0.0,0.0,0.0,0.0,0.0,0.0,0.0,0.0,0.0,33342.0,10.0,14580.0,31867.0,10.0,14593.0
56.52470570299192,0.0,0.0,0.0,0.0,0.0,0.0,0.0,0.0,0.0,0.0,0.0,0.0,0.0,33344.0,10.0,14620.0,31869.0,10.0,14633.0
56.52478157999576,0.0,0.0,0.0,0.0,0.0,0.0,0.0,0.0,0.0,0.0,0.0,0.0,0.0,33345.0,10.0,14640.0,31870.0,10.0,14653.0
56.52483965299325,0.0,0.0,0.0,0.0,0.0,0.0,0.0,0.0,0.0,0.0,0.0,0.0,0.0,33347.0,10.0,14680.0,31871.0,10.0,14683.0
56.5248937580036,0.0,0.0,0.0,0.0,0.0,0.0,0.0,0.0,0.0,0.0,0.0,0.0,0.0,33347.0,10.0,14680.0,31872.0,10.0,14691.0
56.524945407989435,0.0,0.0,0.0,0.0,0.0,0.0,0.0,0.0,0.0,0.0,0.0,0.0,0.0,33348.0,10.0,14700.0,31873.0,10.0,14713.0
56.52500008500647,0.0,0.0,0.0,0.0,0.0,0.0,0.0,0.0,0.0,0.0,0.0,0.0,0.0,33349.0,10.0,14720.0,31874.0,10.0,14733.0
56.52505323800142,0.0,0.0,0.0,0.0,0.0,0.0,0.0,0.0,0.0,0.0,0.0,0.0,0.0,33350.0,10.0,14740.0,31875.0,10.0,14753.0
56.52510560900555,0.0,0.0,0.0,0.0,0.0,0.0,0.0,0.0,0.0,0.0,0.0,0.0,0.0,33352.0,10.0,14780.0,31876.0,10.0,14783.0
56.52515788099845,0.0,0.0,0.0,0.0,0.0,0.0,0.0,0.0,0.0,0.0,0.0,0.0,0.0,33352.0,10.0,14780.0,31877.0,10.0,14790.0
56.52522402899922,0.0,0.0,0.0,0.0,0.0,0.0,0.0,0.0,0.0,0.0,0.0,0.0,0.0,33353.0,10.0,14800.0,31878.0,10.0,14813.0
56.52528403600445,0.0,0.0,0.0,0.0,0.0,0.0,0.0,0.0,0.0,0.0,0.0,0.0,0.0,33354.0,10.0,14820.0,31879.0,10.0,14833.0
56.52533640799811,0.0,0.0,0.0,0.0,0.0,0.0,0.0,0.0,0.0,0.0,0.0,0.0,0.0,33355.0,10.0,14840.0,31880.0,10.0,14853.0
56.525387467001565,0.0,0.0,0.0,0.0,0.0,0.0,0.0,0.0,0.0,0.0,0.0,0.0,0.0,33357.0,10.0,14880.0,31881.0,10.0,14885.0
56.52543968800455,0.0,0.0,0.0,0.0,0.0,0.0,0.0,0.0,0.0,0.0,0.0,0.0,0.0,33357.0,10.0,14880.0,31882.0,10.0,14892.0
56.52549089700915,0.0,0.0,0.0,0.0,0.0,0.0,0.0,0.0,0.0,0.0,0.0,0.0,0.0,33358.0,10.0,14900.0,31883.0,10.0,14913.0
56.525541034992784,0.0,0.0,0.0,0.0,0.0,0.0,0.0,0.0,0.0,0.0,0.0,0.0,0.0,33359.0,10.0,14920.0,31884.0,10.0,14933.0
56.525592724996386,0.0,0.0,0.0,0.0,0.0,0.0,0.0,0.0,0.0,0.0,0.0,0.0,0.0,33360.0,10.0,14940.0,31885.0,10.0,14953.0
56.52886280301027,0.0,0.0,0.0,0.0,0.0,0.0,0.0,0.0,0.0,0.0,0.0,0.0,0.0,33362.0,10.0,14980.0,31886.0,10.0,14983.0
56.53387760798796,0.0,0.0,0.0,0.0,0.0,0.0,0.0,0.0,0.0,0.0,0.0,0.0,0.0,33362.0,10.0,14980.0,31887.0,10.0,14990.0
56.5559512799955,0.0,0.0,0.0,0.0,0.0,0.0,0.0,0.0,0.0,0.0,0.0,0.0,0.0,33363.0,10.0,15000.0,31888.0,10.0,15013.0
56.57511700599571,0.0,0.0,0.0,0.0,0.0,0.0,0.0,0.0,0.0,0.0,0.0,0.0,0.0,33364.0,10.0,15020.0,31889.0,10.0,15033.0
56.59546391500044,0.0,0.0,0.0,0.0,0.0,0.0,0.0,0.0,0.0,0.0,0.0,0.0,0.0,33365.0,10.0,15040.0,31890.0,10.0,15053.0
56.62696517800214,0.0,0.0,0.0,0.0,0.0,0.0,0.0,0.0,0.0,0.0,0.0,0.0,0.0,33367.0,10.0,15080.0,31891.0,10.0,15083.0
57.03467681398615,0.0,0.0,0.0,0.0,0.0,0.0,0.0,0.0,0.0,0.0,0.0,0.0,0.0,33375.0,10.0,15240.0,31900.0,10.0,15253.0
57.03484746499453,0.0,0.0,0.0,0.0,0.0,0.0,0.0,0.0,0.0,0.0,0.0,0.0,0.0,33377.0,10.0,15280.0,31901.0,10.0,15283.0
57.03491290198872,0.0,0.0,0.0,0.0,0.0,0.0,0.0,0.0,0.0,0.0,0.0,0.0,0.0,33377.0,10.0,15280.0,31902.0,10.0,15290.0
57.03497027399135,0.0,0.0,0.0,0.0,0.0,0.0,0.0,0.0,0.0,0.0,0.0,0.0,0.0,33378.0,10.0,15300.0,31903.0,10.0,15313.0
57.03502568099066,0.0,0.0,0.0,0.0,0.0,0.0,0.0,0.0,0.0,0.0,0.0,0.0,0.0,33379.0,10.0,15320.0,31904.0,10.0,15333.0
57.035079845984,0.0,0.0,0.0,0.0,0.0,0.0,0.0,0.0,0.0,0.0,0.0,0.0,0.0,33380.0,10.0,15340.0,31905.0,10.0,15353.0
57.03513247900992,0.0,0.0,0.0,0.0,0.0,0.0,0.0,0.0,0.0,0.0,0.0,0.0,0.0,33382.0,10.0,15380.0,31906.0,10.0,15385.0
57.03519776498433,0.0,0.0,0.0,0.0,0.0,0.0,0.0,0.0,0.0,0.0,0.0,0.0,0.0,33382.0,10.0,15380.0,31907.0,10.0,15392.0
57.03525571798673,0.0,0.0,0.0,0.0,0.0,0.0,0.0,0.0,0.0,0.0,0.0,0.0,0.0,33383.0,10.0,15400.0,31908.0,10.0,15413.0
57.0353088210104,0.0,0.0,0.0,0.0,0.0,0.0,0.0,0.0,0.0,0.0,0.0,0.0,0.0,33384.0,10.0,15420.0,31909.0,10.0,15433.0
57.04695545998402,0.0,0.0,0.0,0.0,0.0,0.0,0.0,0.0,0.0,0.0,0.0,0.0,0.0,33388.0,10.0,15500.0,31910.0,10.0,15504.0
57.05745616499917,0.0,0.0,0.0,0.0,0.0,0.0,0.0,0.0,0.0,0.0,0.0,0.0,0.0,33388.0,10.0,15500.0,31911.0,10.0,15515.0
57.07928790699225,0.0,0.0,0.0,0.0,0.0,0.0,0.0,0.0,0.0,0.0,0.0,0.0,0.0,33389.0,10.0,15520.0,31912.0,10.0,15533.0
57.09552694199374,0.0,0.0,0.0,0.0,0.0,0.0,0.0,0.0,0.0,0.0,0.0,0.0,0.0,33390.0,10.0,15540.0,31913.0,10.0,15553.0
57.11622013300075,0.0,0.0,0.0,0.0,0.0,0.0,0.0,0.0,0.0,0.0,0.0,0.0,0.0,33391.0,10.0,15560.0,31914.0,10.0,15573.0
57.13500823598588,0.0,0.0,0.0,0.0,0.0,0.0,0.0,0.0,0.0,0.0,0.0,0.0,0.0,33392.0,10.0,15580.0,31915.0,10.0,15593.0
57.54619195399573,0.0,0.0,0.0,0.0,0.0,0.0,0.0,0.0,0.0,0.0,0.0,0.0,0.0,33394.0,10.0,15620.0,31916.0,10.0,15623.0
57.54637099101092,0.0,0.0,0.0,0.0,0.0,0.0,0.0,0.0,0.0,0.0,0.0,0.0,0.0,33394.0,10.0,15620.0,31917.0,10.0,15630.0
57.54644224900403,0.0,0.0,0.0,0.0,0.0,0.0,0.0,0.0,0.0,0.0,0.0,0.0,0.0,33395.0,10.0,15640.0,31918.0,10.0,15653.0
57.54649964001146,0.0,0.0,0.0,0.0,0.0,0.0,0.0,0.0,0.0,0.0,0.0,0.0,0.0,33396.0,10.0,15660.0,31919.0,10.0,15673.0
57.54655517800711,0.0,0.0,0.0,0.0,0.0,0.0,0.0,0.0,0.0,0.0,0.0,0.0,0.0,33397.0,10.0,15680.0,31920.0,10.0,15693.0
57.5466088319954,0.0,0.0,0.0,0.0,0.0,0.0,0.0,0.0,0.0,0.0,0.0,0.0,0.0,33399.0,10.0,15720.0,31921.0,10.0,15723.0
57.54666127299424,0.0,0.0,0.0,0.0,0.0,0.0,0.0,0.0,0.0,0.0,0.0,0.0,0.0,33399.0,10.0,15720.0,31922.0,10.0,15730.0
57.54671321398928,0.0,0.0,0.0,0.0,0.0,0.0,0.0,0.0,0.0,0.0,0.0,0.0,0.0,33401.0,10.0,15760.0,31923.0,10.0,15763.0
57.546773781010415,0.0,0.0,0.0,0.0,0.0,0.0,0.0,0.0,0.0,0.0,0.0,0.0,0.0,33401.0,10.0,15760.0,31924.0,10.0,15770.0
57.54683129300247,0.0,0.0,0.0,0.0,0.0,0.0,0.0,0.0,0.0,0.0,0.0,0.0,0.0,33402.0,10.0,15780.0,31925.0,10.0,15793.0
57.54695004300447,0.0,0.0,0.0,0.0,0.0,0.0,0.0,0.0,0.0,0.0,0.0,0.0,0.0,33404.0,10.0,15820.0,31926.0,10.0,15823.0
57.54703723199782,0.0,0.0,0.0,0.0,0.0,0.0,0.0,0.0,0.0,0.0,0.0,0.0,0.0,33404.0,10.0,15820.0,31927.0,10.0,15830.0
57.54711326898541,0.0,0.0,0.0,0.0,0.0,0.0,0.0,0.0,0.0,0.0,0.0,0.0,0.0,33406.0,10.0,15860.0,31928.0,10.0,15863.0
57.54721228100243,0.0,0.0,0.0,0.0,0.0,0.0,0.0,0.0,0.0,0.0,0.0,0.0,0.0,33406.0,10.0,15860.0,31929.0,10.0,15870.0
57.547295271011535,0.0,0.0,0.0,0.0,0.0,0.0,0.0,0.0,0.0,0.0,0.0,0.0,0.0,33407.0,10.0,15880.0,31930.0,10.0,15893.0
57.54813748298329,0.0,0.0,0.0,0.0,0.0,0.0,0.0,0.0,0.0,0.0,0.0,0.0,0.0,33409.0,10.0,15920.0,31931.0,10.0,15923.0
57.548198400996625,0.0,0.0,0.0,0.0,0.0,0.0,0.0,0.0,0.0,0.0,0.0,0.0,0.0,33409.0,10.0,15920.0,31932.0,10.0,15930.0
57.54825190399424,0.0,0.0,0.0,0.0,0.0,0.0,0.0,0.0,0.0,0.0,0.0,0.0,0.0,33411.0,10.0,15960.0,31933.0,10.0,15963.0
57.54830428599962,0.0,0.0,0.0,0.0,0.0,0.0,0.0,0.0,0.0,0.0,0.0,0.0,0.0,33411.0,10.0,15960.0,31934.0,10.0,15970.0
57.55039956400287,0.0,0.0,0.0,0.0,0.0,0.0,0.0,0.0,0.0,0.0,0.0,0.0,0.0,33413.0,10.0,16000.0,31935.0,10.0,16003.0
57.557168614002876,0.0,0.0,0.0,0.0,0.0,0.0,0.0,0.0,0.0,0.0,0.0,0.0,0.0,33413.0,10.0,16000.0,31936.0,10.0,16013.0
57.575401417008834,0.0,0.0,0.0,0.0,0.0,0.0,0.0,0.0,0.0,0.0,0.0,0.0,0.0,33414.0,10.0,16020.0,31937.0,10.0,16033.0
57.59564394201152,0.0,0.0,0.0,0.0,0.0,0.0,0.0,0.0,0.0,0.0,0.0,0.0,0.0,33415.0,10.0,16040.0,31938.0,10.0,16053.0
57.61497521199635,0.0,0.0,0.0,0.0,0.0,0.0,0.0,0.0,0.0,0.0,0.0,0.0,0.0,33416.0,10.0,16060.0,31939.0,10.0,16073.0
57.635716944001615,0.0,0.0,0.0,0.0,0.0,0.0,0.0,0.0,0.0,0.0,0.0,0.0,0.0,33417.0,10.0,16080.0,31940.0,10.0,16093.0
58.05406212399248,0.0,0.0,0.0,0.0,0.0,0.0,0.0,0.0,0.0,0.0,0.0,0.0,0.0,33419.0,10.0,16120.0,31941.0,10.0,16123.0
58.054253934999,0.0,0.0,0.0,0.0,0.0,0.0,0.0,0.0,0.0,0.0,0.0,0.0,0.0,33419.0,10.0,16120.0,31942.0,10.0,16130.0
58.054329031001544,0.0,0.0,0.0,0.0,0.0,0.0,0.0,0.0,0.0,0.0,0.0,0.0,0.0,33420.0,10.0,16140.0,31943.0,10.0,16153.0
58.05438899699948,0.0,0.0,0.0,0.0,0.0,0.0,0.0,0.0,0.0,0.0,0.0,0.0,0.0,33421.0,10.0,16160.0,31944.0,10.0,16173.0
58.05444653800805,0.0,0.0,0.0,0.0,0.0,0.0,0.0,0.0,0.0,0.0,0.0,0.0,0.0,33422.0,10.0,16180.0,31945.0,10.0,16193.0
58.055668926012004,0.0,0.0,0.0,0.0,0.0,0.0,0.0,0.0,0.0,0.0,0.0,0.0,0.0,33424.0,10.0,16220.0,31946.0,10.0,16223.0
58.05574082498788,0.0,0.0,0.0,0.0,0.0,0.0,0.0,0.0,0.0,0.0,0.0,0.0,0.0,33427.0,10.0,16280.0,31950.0,10.0,16293.0
58.055799488996854,0.0,0.0,0.0,0.0,0.0,0.0,0.0,0.0,0.0,0.0,0.0,0.0,0.0,33429.0,10.0,16320.0,31951.0,10.0,16323.0
58.05585399401025,0.0,0.0,0.0,0.0,0.0,0.0,0.0,0.0,0.0,0.0,0.0,0.0,0.0,33429.0,10.0,16320.0,31952.0,10.0,16331.0
58.05590643599862,0.0,0.0,0.0,0.0,0.0,0.0,0.0,0.0,0.0,0.0,0.0,0.0,0.0,33430.0,10.0,16340.0,31953.0,10.0,16353.0
58.05595926800743,0.0,0.0,0.0,0.0,0.0,0.0,0.0,0.0,0.0,0.0,0.0,0.0,0.0,33431.0,10.0,16360.0,31954.0,10.0,16373.0
58.05601219099481,0.0,0.0,0.0,0.0,0.0,0.0,0.0,0.0,0.0,0.0,0.0,0.0,0.0,33432.0,10.0,16380.0,31955.0,10.0,16393.0
58.056069140991895,0.0,0.0,0.0,0.0,0.0,0.0,0.0,0.0,0.0,0.0,0.0,0.0,0.0,33434.0,10.0,16420.0,31956.0,10.0,16423.0
58.05612211400876,0.0,0.0,0.0,0.0,0.0,0.0,0.0,0.0,0.0,0.0,0.0,0.0,0.0,33434.0,10.0,16420.0,31957.0,10.0,16430.0
58.05618189900997,0.0,0.0,0.0,0.0,0.0,0.0,0.0,0.0,0.0,0.0,0.0,0.0,0.0,33436.0,10.0,16460.0,31958.0,10.0,16463.0
58.0562371959968,0.0,0.0,0.0,0.0,0.0,0.0,0.0,0.0,0.0,0.0,0.0,0.0,0.0,33436.0,10.0,16460.0,31959.0,10.0,16470.0
58.0562904200051,0.0,0.0,0.0,0.0,0.0,0.0,0.0,0.0,0.0,0.0,0.0,0.0,0.0,33438.0,10.0,16500.0,31960.0,10.0,16503.0
58.05821863398887,0.0,0.0,0.0,0.0,0.0,0.0,0.0,0.0,0.0,0.0,0.0,0.0,0.0,33438.0,10.0,16500.0,31961.0,10.0,16514.0
58.083561326988274,0.0,0.0,0.0,0.0,0.0,0.0,0.0,0.0,0.0,0.0,0.0,0.0,0.0,33439.0,10.0,16520.0,31962.0,10.0,16533.0
58.10992958699353,0.0,0.0,0.0,0.0,0.0,0.0,0.0,0.0,0.0,0.0,0.0,0.0,0.0,33440.0,10.0,16540.0,31963.0,10.0,16553.0
58.117251897987444,0.0,0.0,0.0,0.0,0.0,0.0,0.0,0.0,0.0,0.0,0.0,0.0,0.0,33441.0,10.0,16560.0,31964.0,10.0,16573.0
58.13654001499526,0.0,0.0,0.0,0.0,0.0,0.0,0.0,0.0,0.0,0.0,0.0,0.0,0.0,33442.0,10.0,16580.0,31965.0,10.0,16593.0
58.56468152900925,0.0,0.0,0.0,0.0,0.0,0.0,0.0,0.0,0.0,0.0,0.0,0.0,0.0,33444.0,10.0,16620.0,31966.0,10.0,16623.0
58.56484168799943,0.0,0.0,0.0,0.0,0.0,0.0,0.0,0.0,0.0,0.0,0.0,0.0,0.0,33446.0,10.0,16660.0,31969.0,10.0,16673.0
58.564910821995,0.0,0.0,0.0,0.0,0.0,0.0,0.0,0.0,0.0,0.0,0.0,0.0,0.0,33447.0,10.0,16680.0,31970.0,10.0,16693.0
58.56497221099562,0.0,0.0,0.0,0.0,0.0,0.0,0.0,0.0,0.0,0.0,0.0,0.0,0.0,33449.0,10.0,16720.0,31971.0,10.0,16723.0
58.5650497910101,0.0,0.0,0.0,0.0,0.0,0.0,0.0,0.0,0.0,0.0,0.0,0.0,0.0,33449.0,10.0,16720.0,31972.0,10.0,16731.0
58.565110447991174,0.0,0.0,0.0,0.0,0.0,0.0,0.0,0.0,0.0,0.0,0.0,0.0,0.0,33451.0,10.0,16760.0,31974.0,10.0,16773.0
58.56516542399186,0.0,0.0,0.0,0.0,0.0,0.0,0.0,0.0,0.0,0.0,0.0,0.0,0.0,33454.0,10.0,16820.0,31976.0,10.0,16823.0
58.56523603099049,0.0,0.0,0.0,0.0,0.0,0.0,0.0,0.0,0.0,0.0,0.0,0.0,0.0,33454.0,10.0,16820.0,31977.0,10.0,16830.0
58.56528992499807,0.0,0.0,0.0,0.0,0.0,0.0,0.0,0.0,0.0,0.0,0.0,0.0,0.0,33456.0,10.0,16860.0,31978.0,10.0,16863.0
58.565341834997525,0.0,0.0,0.0,0.0,0.0,0.0,0.0,0.0,0.0,0.0,0.0,0.0,0.0,33456.0,10.0,16860.0,31979.0,10.0,16870.0
58.56539542900282,0.0,0.0,0.0,0.0,0.0,0.0,0.0,0.0,0.0,0.0,0.0,0.0,0.0,33458.0,10.0,16900.0,31980.0,10.0,16903.0
58.56545024400111,0.0,0.0,0.0,0.0,0.0,0.0,0.0,0.0,0.0,0.0,0.0,0.0,0.0,33458.0,10.0,16900.0,31981.0,10.0,16914.0
58.565501884004334,0.0,0.0,0.0,0.0,0.0,0.0,0.0,0.0,0.0,0.0,0.0,0.0,0.0,33459.0,10.0,16920.0,31982.0,10.0,16933.0
58.56555369400303,0.0,0.0,0.0,0.0,0.0,0.0,0.0,0.0,0.0,0.0,0.0,0.0,0.0,33460.0,10.0,16940.0,31983.0,10.0,16953.0
58.565605574985966,0.0,0.0,0.0,0.0,0.0,0.0,0.0,0.0,0.0,0.0,0.0,0.0,0.0,33461.0,10.0,16960.0,31984.0,10.0,16973.0
58.565657975996146,0.0,0.0,0.0,0.0,0.0,0.0,0.0,0.0,0.0,0.0,0.0,0.0,0.0,33462.0,10.0,16980.0,31985.0,10.0,16993.0
58.56743567099329,0.0,0.0,0.0,0.0,0.0,0.0,0.0,0.0,0.0,0.0,0.0,0.0,0.0,33464.0,10.0,17020.0,31986.0,10.0,17023.0
58.57340665900847,0.0,0.0,0.0,0.0,0.0,0.0,0.0,0.0,0.0,0.0,0.0,0.0,0.0,33464.0,10.0,17020.0,31987.0,10.0,17030.0
58.59585902598337,0.0,0.0,0.0,0.0,0.0,0.0,0.0,0.0,0.0,0.0,0.0,0.0,0.0,33465.0,10.0,17040.0,31988.0,10.0,17053.0
58.629492459993344,0.0,0.0,0.0,0.0,0.0,0.0,0.0,0.0,0.0,0.0,0.0,0.0,0.0,33466.0,10.0,17060.0,31989.0,10.0,17073.0
58.636548103997484,0.0,0.0,0.0,0.0,0.0,0.0,0.0,0.0,0.0,0.0,0.0,0.0,0.0,33467.0,10.0,17080.0,31990.0,10.0,17093.0
58.66555230200174,0.0,0.0,0.0,0.0,0.0,0.0,0.0,0.0,0.0,0.0,0.0,0.0,0.0,33469.0,10.0,17120.0,31991.0,10.0,17123.0
59.07308307400672,0.0,0.0,0.0,0.0,0.0,0.0,0.0,0.0,0.0,0.0,0.0,0.0,0.0,33469.0,10.0,17120.0,31992.0,10.0,17130.0
59.07329176701023,0.0,0.0,0.0,0.0,0.0,0.0,0.0,0.0,0.0,0.0,0.0,0.0,0.0,33471.0,10.0,17160.0,31993.0,10.0,17163.0
59.07337809400633,0.0,0.0,0.0,0.0,0.0,0.0,0.0,0.0,0.0,0.0,0.0,0.0,0.0,33471.0,10.0,17160.0,31994.0,10.0,17170.0
59.07344261900289,0.0,0.0,0.0,0.0,0.0,0.0,0.0,0.0,0.0,0.0,0.0,0.0,0.0,33473.0,10.0,17200.0,31995.0,10.0,17203.0
59.0735041880107,0.0,0.0,0.0,0.0,0.0,0.0,0.0,0.0,0.0,0.0,0.0,0.0,0.0,33473.0,10.0,17200.0,31996.0,10.0,17215.0
59.07356177899055,0.0,0.0,0.0,0.0,0.0,0.0,0.0,0.0,0.0,0.0,0.0,0.0,0.0,33474.0,10.0,17220.0,31997.0,10.0,17233.0
59.07361805799883,0.0,0.0,0.0,0.0,0.0,0.0,0.0,0.0,0.0,0.0,0.0,0.0,0.0,33475.0,10.0,17240.0,31998.0,10.0,17253.0
59.07367654101108,0.0,0.0,0.0,0.0,0.0,0.0,0.0,0.0,0.0,0.0,0.0,0.0,0.0,33476.0,10.0,17260.0,31999.0,10.0,17273.0
59.073731977987336,0.0,0.0,0.0,0.0,0.0,0.0,0.0,0.0,0.0,0.0,0.0,0.0,0.0,33477.0,10.0,17280.0,32000.0,10.0,17293.0
59.07379036099883,0.0,0.0,0.0,0.0,0.0,0.0,0.0,0.0,0.0,0.0,0.0,0.0,0.0,33479.0,10.0,17320.0,32001.0,10.0,17323.0
59.07384704001015,0.0,0.0,0.0,0.0,0.0,0.0,0.0,0.0,0.0,0.0,0.0,0.0,0.0,33479.0,10.0,17320.0,32002.0,10.0,17330.0
59.07390061399201,0.0,0.0,0.0,0.0,0.0,0.0,0.0,0.0,0.0,0.0,0.0,0.0,0.0,33480.0,10.0,17340.0,32003.0,10.0,17353.0
59.07395712300786,0.0,0.0,0.0,0.0,0.0,0.0,0.0,0.0,0.0,0.0,0.0,0.0,0.0,33481.0,10.0,17360.0,32004.0,10.0,17373.0
59.074014673999045,0.0,0.0,0.0,0.0,0.0,0.0,0.0,0.0,0.0,0.0,0.0,0.0,0.0,33482.0,10.0,17380.0,32005.0,10.0,17393.0
59.074069660011446,0.0,0.0,0.0,0.0,0.0,0.0,0.0,0.0,0.0,0.0,0.0,0.0,0.0,33484.0,10.0,17420.0,32006.0,10.0,17423.0
59.07412539800862,0.0,0.0,0.0,0.0,0.0,0.0,0.0,0.0,0.0,0.0,0.0,0.0,0.0,33484.0,10.0,17420.0,32007.0,10.0,17430.0
59.08599308101111,0.0,0.0,0.0,0.0,0.0,0.0,0.0,0.0,0.0,0.0,0.0,0.0,0.0,33490.0,10.0,17541.0,32008.0,10.0,17542.0
59.093788194004446,0.0,0.0,0.0,0.0,0.0,0.0,0.0,0.0,0.0,0.0,0.0,0.0,0.0,33490.0,10.0,17541.0,32009.0,10.0,17549.0
59.127751043997705,0.0,0.0,0.0,0.0,0.0,0.0,0.0,0.0,0.0,0.0,0.0,0.0,0.0,33492.0,10.0,17580.0,32010.0,10.0,17583.0
59.14061264798511,0.0,0.0,0.0,0.0,0.0,0.0,0.0,0.0,0.0,0.0,0.0,0.0,0.0,33492.0,10.0,17580.0,32011.0,10.0,17594.0
59.1567051949969,0.0,0.0,0.0,0.0,0.0,0.0,0.0,0.0,0.0,0.0,0.0,0.0,0.0,33493.0,10.0,17600.0,32012.0,10.0,17613.0
59.608447357983096,0.0,0.0,0.0,0.0,0.0,0.0,0.0,0.0,0.0,0.0,0.0,0.0,0.0,33494.0,10.0,17620.0,32013.0,10.0,17633.0
59.608623607986374,0.0,0.0,0.0,0.0,0.0,0.0,0.0,0.0,0.0,0.0,0.0,0.0,0.0,33495.0,10.0,17640.0,32014.0,10.0,17653.0
59.608689204993425,0.0,0.0,0.0,0.0,0.0,0.0,0.0,0.0,0.0,0.0,0.0,0.0,0.0,33496.0,10.0,17660.0,32015.0,10.0,17673.0
59.61026437199325,0.0,0.0,0.0,0.0,0.0,0.0,0.0,0.0,0.0,0.0,0.0,0.0,0.0,33503.0,10.0,17800.0,32022.0,10.0,17810.0
59.61054204698303,0.0,0.0,0.0,0.0,0.0,0.0,0.0,0.0,0.0,0.0,0.0,0.0,0.0,33505.0,10.0,17840.0,32024.0,10.0,17853.0
59.61060026899213,0.0,0.0,0.0,0.0,0.0,0.0,0.0,0.0,0.0,0.0,0.0,0.0,0.0,33506.0,10.0,17860.0,32025.0,10.0,17873.0
59.61065428398433,0.0,0.0,0.0,0.0,0.0,0.0,0.0,0.0,0.0,0.0,0.0,0.0,0.0,33508.0,10.0,17900.0,32026.0,10.0,17903.0
59.61070658400422,0.0,0.0,0.0,0.0,0.0,0.0,0.0,0.0,0.0,0.0,0.0,0.0,0.0,33508.0,10.0,17900.0,32027.0,10.0,17910.0
59.610758605005685,0.0,0.0,0.0,0.0,0.0,0.0,0.0,0.0,0.0,0.0,0.0,0.0,0.0,33509.0,10.0,17920.0,32028.0,10.0,17933.0
59.61081041500438,0.0,0.0,0.0,0.0,0.0,0.0,0.0,0.0,0.0,0.0,0.0,0.0,0.0,33510.0,10.0,17940.0,32029.0,10.0,17953.0
59.61086270498345,0.0,0.0,0.0,0.0,0.0,0.0,0.0,0.0,0.0,0.0,0.0,0.0,0.0,33511.0,10.0,17960.0,32030.0,10.0,17973.0
59.610913393000374,0.0,0.0,0.0,0.0,0.0,0.0,0.0,0.0,0.0,0.0,0.0,0.0,0.0,33513.0,10.0,18000.0,32031.0,10.0,18003.0
59.61096458201064,0.0,0.0,0.0,0.0,0.0,0.0,0.0,0.0,0.0,0.0,0.0,0.0,0.0,33513.0,10.0,18000.0,32032.0,10.0,18010.0
59.611016431997996,0.0,0.0,0.0,0.0,0.0,0.0,0.0,0.0,0.0,0.0,0.0,0.0,0.0,33515.0,10.0,18039.0,32033.0,10.0,18043.0
59.611069434002275,0.0,0.0,0.0,0.0,0.0,0.0,0.0,0.0,0.0,0.0,0.0,0.0,0.0,33515.0,10.0,18039.0,32034.0,10.0,18050.0
59.62651478499174,0.0,0.0,0.0,0.0,0.0,0.0,0.0,0.0,0.0,0.0,0.0,0.0,0.0,33517.0,10.0,18080.0,32035.0,10.0,18083.0
59.639516505005304,0.0,0.0,0.0,0.0,0.0,0.0,0.0,0.0,0.0,0.0,0.0,0.0,0.0,33517.0,10.0,18080.0,32036.0,10.0,18095.0
59.65638413801207,0.0,0.0,0.0,0.0,0.0,0.0,0.0,0.0,0.0,0.0,0.0,0.0,0.0,33518.0,10.0,18100.0,32037.0,10.0,18113.0
59.676482601003954,0.0,0.0,0.0,0.0,0.0,0.0,0.0,0.0,0.0,0.0,0.0,0.0,0.0,33519.0,10.0,18120.0,32038.0,10.0,18133.0
59.69581035801093,0.0,0.0,0.0,0.0,0.0,0.0,0.0,0.0,0.0,0.0,0.0,0.0,0.0,33520.0,10.0,18140.0,32039.0,10.0,18153.0
59.71596123199561,0.0,0.0,0.0,0.0,0.0,0.0,0.0,0.0,0.0,0.0,0.0,0.0,0.0,33521.0,10.0,18160.0,32040.0,10.0,18173.0
59.746736942994175,0.0,0.0,0.0,0.0,0.0,0.0,0.0,0.0,0.0,0.0,0.0,0.0,0.0,33523.0,10.0,18200.0,32041.0,10.0,18203.0
59.755303299985826,0.0,0.0,0.0,0.0,0.0,0.0,0.0,0.0,0.0,0.0,0.0,0.0,0.0,33523.0,10.0,18200.0,32042.0,10.0,18210.0
59.77554775500903,0.0,0.0,0.0,0.0,0.0,0.0,0.0,0.0,0.0,0.0,0.0,0.0,0.0,33524.0,10.0,18220.0,32043.0,10.0,18233.0
59.795880760008004,0.0,0.0,0.0,0.0,0.0,0.0,0.0,0.0,0.0,0.0,0.0,0.0,0.0,33525.0,10.0,18240.0,32044.0,10.0,18253.0
59.81550552000408,0.0,0.0,0.0,0.0,0.0,0.0,0.0,0.0,0.0,0.0,0.0,0.0,0.0,33526.0,10.0,18260.0,32045.0,10.0,18273.0
