time_s,left_target_rpm,left_actual_rpm,left_raw_pwm,left_final_pwm,right_target_rpm,right_actual_rpm,right_raw_pwm,right_final_pwm,sync_error_rpm,sync_correction_pwm,sync_active,startup_active,startup_fault,control_seq_mod65536,control_time_ms_hi16,control_time_ms_lo16,publish_seq_mod65536,publish_time_ms_hi16,publish_time_ms_lo16
0.3976737780030817,0.0,0.0,0.0,0.0,0.0,0.0,0.0,0.0,0.0,0.0,0.0,0.0,0.0,5771.0,1.0,52984.0,4784.0,1.0,52997.0
0.3988494810037082,0.0,0.0,0.0,0.0,0.0,0.0,0.0,0.0,0.0,0.0,0.0,0.0,0.0,5772.0,1.0,53004.0,4785.0,1.0,53017.0
0.3990111550083384,0.0,0.0,0.0,0.0,0.0,0.0,0.0,0.0,0.0,0.0,0.0,0.0,0.0,5773.0,1.0,53024.0,4786.0,1.0,53026.0
0.3990877110045403,0.0,0.0,0.0,0.0,0.0,0.0,0.0,0.0,0.0,0.0,0.0,0.0,0.0,5774.0,1.0,53044.0,4787.0,1.0,53057.0
0.3991605510091176,0.0,0.0,0.0,0.0,0.0,0.0,0.0,0.0,0.0,0.0,0.0,0.0,0.0,5775.0,1.0,53064.0,4788.0,1.0,53077.0
0.3992218729981687,0.0,0.0,0.0,0.0,0.0,0.0,0.0,0.0,0.0,0.0,0.0,0.0,0.0,5778.0,1.0,53124.0,4791.0,1.0,53126.0
0.3992829049966531,0.0,0.0,0.0,0.0,0.0,0.0,0.0,0.0,0.0,0.0,0.0,0.0,0.0,5779.0,1.0,53144.0,4792.0,1.0,53157.0
0.3993450190027943,0.0,0.0,0.0,0.0,0.0,0.0,0.0,0.0,0.0,0.0,0.0,0.0,0.0,5781.0,1.0,53184.0,4793.0,1.0,53195.0
0.399407153003267,0.0,0.0,0.0,0.0,0.0,0.0,0.0,0.0,0.0,0.0,0.0,0.0,0.0,5782.0,1.0,53204.0,4794.0,1.0,53217.0
0.3994665520003764,0.0,0.0,0.0,0.0,0.0,0.0,0.0,0.0,0.0,0.0,0.0,0.0,0.0,5783.0,1.0,53224.0,4795.0,1.0,53237.0
0.3995226170081878,0.0,0.0,0.0,0.0,0.0,0.0,0.0,0.0,0.0,0.0,0.0,0.0,0.0,5784.0,1.0,53244.0,4796.0,1.0,53247.0
0.3995791120105423,0.0,0.0,0.0,0.0,0.0,0.0,0.0,0.0,0.0,0.0,0.0,0.0,0.0,5785.0,1.0,53264.0,4797.0,1.0,53276.0
0.3996337040007347,0.0,0.0,0.0,0.0,0.0,0.0,0.0,0.0,0.0,0.0,0.0,0.0,0.0,5786.0,1.0,53284.0,4798.0,1.0,53297.0
0.3996879960031947,0.0,0.0,0.0,0.0,0.0,0.0,0.0,0.0,0.0,0.0,0.0,0.0,0.0,5787.0,1.0,53304.0,4799.0,1.0,53317.0
0.3997426190035185,0.0,0.0,0.0,0.0,0.0,0.0,0.0,0.0,0.0,0.0,0.0,0.0,0.0,5788.0,1.0,53324.0,4800.0,1.0,53337.0
0.39979868300724775,0.0,0.0,0.0,0.0,0.0,0.0,0.0,0.0,0.0,0.0,0.0,0.0,0.0,5789.0,1.0,53344.0,4801.0,1.0,53347.0
0.39985277500818484,0.0,0.0,0.0,0.0,0.0,0.0,0.0,0.0,0.0,0.0,0.0,0.0,0.0,5790.0,1.0,53364.0,4802.0,1.0,53377.0
0.3999075570027344,0.0,0.0,0.0,0.0,0.0,0.0,0.0,0.0,0.0,0.0,0.0,0.0,0.0,5791.0,1.0,53384.0,4803.0,1.0,53385.0
0.4028682430071058,0.0,0.0,0.0,0.0,0.0,0.0,0.0,0.0,0.0,0.0,0.0,0.0,0.0,5792.0,1.0,53404.0,4804.0,1.0,53416.0
0.418099438000354,0.0,0.0,0.0,0.0,0.0,0.0,0.0,0.0,0.0,0.0,0.0,0.0,0.0,5793.0,1.0,53424.0,4805.0,1.0,53436.0
0.4311447850050172,0.0,0.0,0.0,0.0,0.0,0.0,0.0,0.0,0.0,0.0,0.0,0.0,0.0,5794.0,1.0,53445.0,4806.0,1.0,53447.0
0.4627568730065832,0.0,0.0,0.0,0.0,0.0,0.0,0.0,0.0,0.0,0.0,0.0,0.0,0.0,5795.0,1.0,53464.0,4807.0,1.0,53477.0
0.8750220670044655,0.0,0.0,0.0,0.0,0.0,0.0,0.0,0.0,0.0,0.0,0.0,0.0,0.0,5796.0,1.0,53484.0,4808.0,1.0,53497.0
0.8752302010107087,0.0,0.0,0.0,0.0,0.0,0.0,0.0,0.0,0.0,0.0,0.0,0.0,0.0,5797.0,1.0,53504.0,4809.0,1.0,53517.0
0.8753385949967196,0.0,0.0,0.0,0.0,0.0,0.0,0.0,0.0,0.0,0.0,0.0,0.0,0.0,5798.0,1.0,53524.0,4810.0,1.0,53537.0
0.8754271689977031,0.0,0.0,0.0,0.0,0.0,0.0,0.0,0.0,0.0,0.0,0.0,0.0,0.0,5799.0,1.0,53545.0,4811.0,1.0,53546.0
0.8755072400090285,0.0,0.0,0.0,0.0,0.0,0.0,0.0,0.0,0.0,0.0,0.0,0.0,0.0,5800.0,1.0,53564.0,4812.0,1.0,53577.0
0.8755887430015719,0.0,0.0,0.0,0.0,0.0,0.0,0.0,0.0,0.0,0.0,0.0,0.0,0.0,5801.0,1.0,53584.0,4813.0,1.0,53597.0
0.875673269998515,0.0,0.0,0.0,0.0,0.0,0.0,0.0,0.0,0.0,0.0,0.0,0.0,0.0,5802.0,1.0,53604.0,4814.0,1.0,53617.0
0.8757540020014858,0.0,0.0,0.0,0.0,0.0,0.0,0.0,0.0,0.0,0.0,0.0,0.0,0.0,5803.0,1.0,53624.0,4815.0,1.0,53637.0
0.8758360759966308,0.0,0.0,0.0,0.0,0.0,0.0,0.0,0.0,0.0,0.0,0.0,0.0,0.0,5804.0,1.0,53644.0,4816.0,1.0,53647.0
0.875917067998671,0.0,0.0,0.0,0.0,0.0,0.0,0.0,0.0,0.0,0.0,0.0,0.0,0.0,5805.0,1.0,53664.0,4817.0,1.0,53677.0
0.875996318005491,0.0,0.0,0.0,0.0,0.0,0.0,0.0,0.0,0.0,0.0,0.0,0.0,0.0,5806.0,1.0,53684.0,4818.0,1.0,53697.0
0.8760785720078275,0.0,0.0,0.0,0.0,0.0,0.0,0.0,0.0,0.0,0.0,0.0,0.0,0.0,5807.0,1.0,53704.0,4819.0,1.0,53717.0
0.8761641710007098,0.0,0.0,0.0,0.0,0.0,0.0,0.0,0.0,0.0,0.0,0.0,0.0,0.0,5808.0,1.0,53724.0,4820.0,1.0,53737.0
0.8762429900089046,0.0,0.0,0.0,0.0,0.0,0.0,0.0,0.0,0.0,0.0,0.0,0.0,0.0,5809.0,1.0,53744.0,4821.0,1.0,53748.0
0.8763080180069664,0.0,0.0,0.0,0.0,0.0,0.0,0.0,0.0,0.0,0.0,0.0,0.0,0.0,5810.0,1.0,53764.0,4822.0,1.0,53767.0
0.876367057004245,0.0,0.0,0.0,0.0,0.0,0.0,0.0,0.0,0.0,0.0,0.0,0.0,0.0,5811.0,1.0,53784.0,4823.0,1.0,53797.0
0.8764251750108087,0.0,0.0,0.0,0.0,0.0,0.0,0.0,0.0,0.0,0.0,0.0,0.0,0.0,5812.0,1.0,53804.0,4824.0,1.0,53817.0
0.8764817710034549,0.0,0.0,0.0,0.0,0.0,0.0,0.0,0.0,0.0,0.0,0.0,0.0,0.0,5813.0,1.0,53824.0,4825.0,1.0,53837.0
0.8773817490000511,0.0,0.0,0.0,0.0,0.0,0.0,0.0,0.0,0.0,0.0,0.0,0.0,0.0,5814.0,1.0,53844.0,4826.0,1.0,53847.0
0.8774803880078252,0.0,0.0,0.0,0.0,0.0,0.0,0.0,0.0,0.0,0.0,0.0,0.0,0.0,5815.0,1.0,53864.0,4827.0,1.0,53877.0
0.8775395679986104,0.0,0.0,0.0,0.0,0.0,0.0,0.0,0.0,0.0,0.0,0.0,0.0,0.0,5816.0,1.0,53884.0,4828.0,1.0,53897.0
0.8905284460051917,0.0,0.0,0.0,0.0,0.0,0.0,0.0,0.0,0.0,0.0,0.0,0.0,0.0,5817.0,1.0,53904.0,4829.0,1.0,53917.0
0.912600226001814,0.0,0.0,0.0,0.0,0.0,0.0,0.0,0.0,0.0,0.0,0.0,0.0,0.0,5818.0,1.0,53924.0,4830.0,1.0,53937.0
0.9237825770105701,0.0,0.0,0.0,0.0,0.0,0.0,0.0,0.0,0.0,0.0,0.0,0.0,0.0,5819.0,1.0,53944.0,4831.0,1.0,53947.0
0.9505543020059122,0.0,0.0,0.0,0.0,0.0,0.0,0.0,0.0,0.0,0.0,0.0,0.0,0.0,5820.0,1.0,53964.0,4832.0,1.0,53977.0
0.971613914007321,0.0,0.0,0.0,0.0,0.0,0.0,0.0,0.0,0.0,0.0,0.0,0.0,0.0,5821.0,1.0,53984.0,4833.0,1.0,53997.0
1.386170989004313,0.0,0.0,0.0,0.0,0.0,0.0,0.0,0.0,0.0,0.0,0.0,0.0,0.0,5822.0,1.0,54004.0,4834.0,1.0,54017.0
1.3866811690095346,0.0,0.0,0.0,0.0,0.0,0.0,0.0,0.0,0.0,0.0,0.0,0.0,0.0,5823.0,1.0,54024.0,4835.0,1.0,54037.0
1.386757273998228,0.0,0.0,0.0,0.0,0.0,0.0,0.0,0.0,0.0,0.0,0.0,0.0,0.0,5824.0,1.0,54044.0,4836.0,1.0,54047.0
1.386821851003333,0.0,0.0,0.0,0.0,0.0,0.0,0.0,0.0,0.0,0.0,0.0,0.0,0.0,5825.0,1.0,54064.0,4837.0,1.0,54077.0
1.3868841450021137,0.0,0.0,0.0,0.0,0.0,0.0,0.0,0.0,0.0,0.0,0.0,0.0,0.0,5826.0,1.0,54084.0,4838.0,1.0,54096.0
1.3869566350040259,0.0,0.0,0.0,0.0,0.0,0.0,0.0,0.0,0.0,0.0,0.0,0.0,0.0,5827.0,1.0,54104.0,4839.0,1.0,54117.0
1.3870168450084748,0.0,0.0,0.0,0.0,0.0,0.0,0.0,0.0,0.0,0.0,0.0,0.0,0.0,5828.0,1.0,54124.0,4840.0,1.0,54137.0
1.3870749130001059,0.0,0.0,0.0,0.0,0.0,0.0,0.0,0.0,0.0,0.0,0.0,0.0,0.0,5829.0,1.0,54144.0,4841.0,1.0,54147.0
1.387154433003161,0.0,0.0,0.0,0.0,0.0,0.0,0.0,0.0,0.0,0.0,0.0,0.0,0.0,5830.0,1.0,54164.0,4842.0,1.0,54177.0
1.3872205829975428,0.0,0.0,0.0,0.0,0.0,0.0,0.0,0.0,0.0,0.0,0.0,0.0,0.0,5831.0,1.0,54184.0,4843.0,1.0,54197.0
1.387287384000956,0.0,0.0,0.0,0.0,0.0,0.0,0.0,0.0,0.0,0.0,0.0,0.0,0.0,5832.0,1.0,54204.0,4844.0,1.0,54217.0
1.3873494779982138,0.0,0.0,0.0,0.0,0.0,0.0,0.0,0.0,0.0,0.0,0.0,0.0,0.0,5833.0,1.0,54224.0,4845.0,1.0,54236.0
1.3874086770083522,0.0,0.0,0.0,0.0,0.0,0.0,0.0,0.0,0.0,0.0,0.0,0.0,0.0,5834.0,1.0,54244.0,4846.0,1.0,54246.0
1.3874667250056518,0.0,0.0,0.0,0.0,0.0,0.0,0.0,0.0,0.0,0.0,0.0,0.0,0.0,5835.0,1.0,54264.0,4847.0,1.0,54277.0
1.3875241210043896,0.0,0.0,0.0,0.0,0.0,0.0,0.0,0.0,0.0,0.0,0.0,0.0,0.0,5836.0,1.0,54284.0,4848.0,1.0,54297.0
1.3875795650092186,0.0,0.0,0.0,0.0,0.0,0.0,0.0,0.0,0.0,0.0,0.0,0.0,0.0,5837.0,1.0,54304.0,4849.0,1.0,54317.0
1.3876337469991995,0.0,0.0,0.0,0.0,0.0,0.0,0.0,0.0,0.0,0.0,0.0,0.0,0.0,5838.0,1.0,54324.0,4850.0,1.0,54337.0
1.3876896610017866,0.0,0.0,0.0,0.0,0.0,0.0,0.0,0.0,0.0,0.0,0.0,0.0,0.0,5839.0,1.0,54344.0,4851.0,1.0,54346.0
1.3877443840028718,0.0,0.0,0.0,0.0,0.0,0.0,0.0,0.0,0.0,0.0,0.0,0.0,0.0,5840.0,1.0,54364.0,4852.0,1.0,54377.0
1.3878009890031535,0.0,0.0,0.0,0.0,0.0,0.0,0.0,0.0,0.0,0.0,0.0,0.0,0.0,5841.0,1.0,54384.0,4853.0,1.0,54397.0
1.3900488829967799,0.0,0.0,0.0,0.0,0.0,0.0,0.0,0.0,0.0,0.0,0.0,0.0,0.0,5842.0,1.0,54404.0,4854.0,1.0,54416.0
1.41318925601081,0.0,0.0,0.0,0.0,0.0,0.0,0.0,0.0,0.0,0.0,0.0,0.0,0.0,5843.0,1.0,54424.0,4855.0,1.0,54437.0
1.421488264008076,0.0,0.0,0.0,0.0,0.0,0.0,0.0,0.0,0.0,0.0,0.0,0.0,0.0,5844.0,1.0,54444.0,4856.0,1.0,54447.0
1.4508593330101576,0.0,0.0,0.0,0.0,0.0,0.0,0.0,0.0,0.0,0.0,0.0,0.0,0.0,5845.0,1.0,54464.0,4857.0,1.0,54477.0
1.4708699159964453,0.0,0.0,0.0,0.0,0.0,0.0,0.0,0.0,0.0,0.0,0.0,0.0,0.0,5846.0,1.0,54484.0,4858.0,1.0,54497.0
1.8961594930005958,0.0,0.0,0.0,0.0,0.0,0.0,0.0,0.0,0.0,0.0,0.0,0.0,0.0,5850.0,1.0,54564.0,4862.0,1.0,54577.0
1.8965345890028402,0.0,0.0,0.0,0.0,0.0,0.0,0.0,0.0,0.0,0.0,0.0,0.0,0.0,5853.0,1.0,54624.0,4865.0,1.0,54637.0
1.8966066080029123,0.0,0.0,0.0,0.0,0.0,0.0,0.0,0.0,0.0,0.0,0.0,0.0,0.0,5854.0,1.0,54644.0,4866.0,1.0,54647.0
1.896667549997801,0.0,0.0,0.0,0.0,0.0,0.0,0.0,0.0,0.0,0.0,0.0,0.0,0.0,5855.0,1.0,54664.0,4867.0,1.0,54677.0
1.8967243759980192,0.0,0.0,0.0,0.0,0.0,0.0,0.0,0.0,0.0,0.0,0.0,0.0,0.0,5856.0,1.0,54684.0,4868.0,1.0,54697.0
1.8967810519970953,0.0,0.0,0.0,0.0,0.0,0.0,0.0,0.0,0.0,0.0,0.0,0.0,0.0,5857.0,1.0,54704.0,4869.0,1.0,54717.0
1.896839490000275,0.0,0.0,0.0,0.0,0.0,0.0,0.0,0.0,0.0,0.0,0.0,0.0,0.0,5858.0,1.0,54724.0,4870.0,1.0,54737.0
1.8968957850011066,0.0,0.0,0.0,0.0,0.0,0.0,0.0,0.0,0.0,0.0,0.0,0.0,0.0,5859.0,1.0,54744.0,4871.0,1.0,54747.0
1.8969517799996538,0.0,0.0,0.0,0.0,0.0,0.0,0.0,0.0,0.0,0.0,0.0,0.0,0.0,5860.0,1.0,54764.0,4872.0,1.0,54777.0
1.8970093670068309,0.0,0.0,0.0,0.0,0.0,0.0,0.0,0.0,0.0,0.0,0.0,0.0,0.0,5861.0,1.0,54784.0,4873.0,1.0,54797.0
1.897068656006013,0.0,0.0,0.0,0.0,0.0,0.0,0.0,0.0,0.0,0.0,0.0,0.0,0.0,5862.0,1.0,54804.0,4874.0,1.0,54817.0
1.909100924996892,0.0,0.0,0.0,0.0,0.0,0.0,0.0,0.0,0.0,0.0,0.0,0.0,0.0,5868.0,1.0,54924.0,4875.0,1.0,54934.0
1.9315359510073904,0.0,0.0,0.0,0.0,0.0,0.0,0.0,0.0,0.0,0.0,0.0,0.0,0.0,5869.0,1.0,54944.0,4876.0,1.0,54957.0
1.9511919180076802,0.0,0.0,0.0,0.0,0.0,0.0,0.0,0.0,0.0,0.0,0.0,0.0,0.0,5870.0,1.0,54964.0,4877.0,1.0,54977.0
1.9712607190012932,0.0,0.0,0.0,0.0,0.0,0.0,0.0,0.0,0.0,0.0,0.0,0.0,0.0,5871.0,1.0,54984.0,4878.0,1.0,54997.0
1.9916133790102322,0.0,0.0,0.0,0.0,0.0,0.0,0.0,0.0,0.0,0.0,0.0,0.0,0.0,5872.0,1.0,55004.0,4879.0,1.0,55017.0
2.405960062998929,0.0,0.0,0.0,0.0,0.0,0.0,0.0,0.0,0.0,0.0,0.0,0.0,0.0,5882.0,1.0,55204.0,4889.0,1.0,55217.0
2.4061569400073495,0.0,0.0,0.0,0.0,0.0,0.0,0.0,0.0,0.0,0.0,0.0,0.0,0.0,5883.0,1.0,55224.0,4890.0,1.0,55237.0
2.406229810003424,0.0,0.0,0.0,0.0,0.0,0.0,0.0,0.0,0.0,0.0,0.0,0.0,0.0,5884.0,1.0,55244.0,4891.0,1.0,55246.0
2.4063017790031154,0.0,0.0,0.0,0.0,0.0,0.0,0.0,0.0,0.0,0.0,0.0,0.0,0.0,5885.0,1.0,55264.0,4892.0,1.0,55277.0
2.4063654049969045,0.0,0.0,0.0,0.0,0.0,0.0,0.0,0.0,0.0,0.0,0.0,0.0,0.0,5886.0,1.0,55284.0,4893.0,1.0,55297.0
2.406423894004547,0.0,0.0,0.0,0.0,0.0,0.0,0.0,0.0,0.0,0.0,0.0,0.0,0.0,5887.0,1.0,55304.0,4894.0,1.0,55317.0
2.406480920006288,0.0,0.0,0.0,0.0,0.0,0.0,0.0,0.0,0.0,0.0,0.0,0.0,0.0,5888.0,1.0,55324.0,4895.0,1.0,55337.0
2.4065388570015784,0.0,0.0,0.0,0.0,0.0,0.0,0.0,0.0,0.0,0.0,0.0,0.0,0.0,5889.0,1.0,55344.0,4896.0,1.0,55347.0
2.40659484200296,0.0,0.0,0.0,0.0,0.0,0.0,0.0,0.0,0.0,0.0,0.0,0.0,0.0,5890.0,1.0,55364.0,4897.0,1.0,55377.0
2.406650756005547,0.0,0.0,0.0,0.0,0.0,0.0,0.0,0.0,0.0,0.0,0.0,0.0,0.0,5891.0,1.0,55384.0,4898.0,1.0,55397.0
2.4067072220059345,0.0,0.0,0.0,0.0,0.0,0.0,0.0,0.0,0.0,0.0,0.0,0.0,0.0,5892.0,1.0,55404.0,4899.0,1.0,55417.0
2.412089724006364,0.0,0.0,0.0,0.0,0.0,0.0,0.0,0.0,0.0,0.0,0.0,0.0,0.0,5893.0,1.0,55424.0,4900.0,1.0,55437.0
2.4188937440048903,0.0,0.0,0.0,0.0,0.0,0.0,0.0,0.0,0.0,0.0,0.0,0.0,0.0,5894.0,1.0,55444.0,4901.0,1.0,55446.0
2.451761502001318,0.0,0.0,0.0,0.0,0.0,0.0,0.0,0.0,0.0,0.0,0.0,0.0,0.0,5895.0,1.0,55464.0,4902.0,1.0,55477.0
2.471803236010601,0.0,0.0,0.0,0.0,0.0,0.0,0.0,0.0,0.0,0.0,0.0,0.0,0.0,5896.0,1.0,55484.0,4903.0,1.0,55497.0
2.4910868739971193,0.0,0.0,0.0,0.0,0.0,0.0,0.0,0.0,0.0,0.0,0.0,0.0,0.0,5897.0,1.0,55504.0,4904.0,1.0,55517.0
2.9159229439974297,0.0,0.0,0.0,0.0,0.0,0.0,0.0,0.0,0.0,0.0,0.0,0.0,0.0,5903.0,1.0,55624.0,4910.0,1.0,55637.0
2.9161010240059113,0.0,0.0,0.0,0.0,0.0,0.0,0.0,0.0,0.0,0.0,0.0,0.0,0.0,5905.0,1.0,55664.0,4912.0,1.0,55676.0
2.9161718010000186,0.0,0.0,0.0,0.0,0.0,0.0,0.0,0.0,0.0,0.0,0.0,0.0,0.0,5906.0,1.0,55684.0,4913.0,1.0,55697.0
2.916233192998334,0.0,0.0,0.0,0.0,0.0,0.0,0.0,0.0,0.0,0.0,0.0,0.0,0.0,5907.0,1.0,55704.0,4914.0,1.0,55717.0
2.9163043209991883,0.0,0.0,0.0,0.0,0.0,0.0,0.0,0.0,0.0,0.0,0.0,0.0,0.0,5908.0,1.0,55724.0,4915.0,1.0,55737.0
2.916364201999386,0.0,0.0,0.0,0.0,0.0,0.0,0.0,0.0,0.0,0.0,0.0,0.0,0.0,5909.0,1.0,55744.0,4916.0,1.0,55747.0
2.9164198660000693,0.0,0.0,0.0,0.0,0.0,0.0,0.0,0.0,0.0,0.0,0.0,0.0,0.0,5910.0,1.0,55764.0,4917.0,1.0,55777.0
2.916475670004729,0.0,0.0,0.0,0.0,0.0,0.0,0.0,0.0,0.0,0.0,0.0,0.0,0.0,5911.0,1.0,55784.0,4918.0,1.0,55797.0
2.9165310340031283,0.0,0.0,0.0,0.0,0.0,0.0,0.0,0.0,0.0,0.0,0.0,0.0,0.0,5912.0,1.0,55804.0,4919.0,1.0,55817.0
2.9165855860046577,0.0,0.0,0.0,0.0,0.0,0.0,0.0,0.0,0.0,0.0,0.0,0.0,0.0,5913.0,1.0,55824.0,4920.0,1.0,55836.0
2.916639428003691,0.0,0.0,0.0,0.0,0.0,0.0,0.0,0.0,0.0,0.0,0.0,0.0,0.0,5914.0,1.0,55844.0,4921.0,1.0,55846.0
2.916693409002619,0.0,0.0,0.0,0.0,0.0,0.0,0.0,0.0,0.0,0.0,0.0,0.0,0.0,5915.0,1.0,55864.0,4922.0,1.0,55877.0
2.9167479220050154,0.0,0.0,0.0,0.0,0.0,0.0,0.0,0.0,0.0,0.0,0.0,0.0,0.0,5916.0,1.0,55884.0,4923.0,1.0,55897.0
2.916802343999734,0.0,0.0,0.0,0.0,0.0,0.0,0.0,0.0,0.0,0.0,0.0,0.0,0.0,5917.0,1.0,55904.0,4924.0,1.0,55917.0
2.917764990008436,0.0,0.0,0.0,0.0,0.0,0.0,0.0,0.0,0.0,0.0,0.0,0.0,0.0,5918.0,1.0,55924.0,4925.0,1.0,55937.0
2.919539092006744,0.0,0.0,0.0,0.0,0.0,0.0,0.0,0.0,0.0,0.0,0.0,0.0,0.0,5919.0,1.0,55944.0,4926.0,1.0,55947.0
2.951822467002785,0.0,0.0,0.0,0.0,0.0,0.0,0.0,0.0,0.0,0.0,0.0,0.0,0.0,5920.0,1.0,55964.0,4927.0,1.0,55976.0
2.971251355003915,0.0,0.0,0.0,0.0,0.0,0.0,0.0,0.0,0.0,0.0,0.0,0.0,0.0,5921.0,1.0,55984.0,4928.0,1.0,55996.0
2.9899102979979943,0.0,0.0,0.0,0.0,0.0,0.0,0.0,0.0,0.0,0.0,0.0,0.0,0.0,5922.0,1.0,56004.0,4929.0,1.0,56017.0
3.0128468699986115,0.0,0.0,0.0,0.0,0.0,0.0,0.0,0.0,0.0,0.0,0.0,0.0,0.0,5923.0,1.0,56024.0,4930.0,1.0,56037.0
3.429798187004053,0.0,0.0,0.0,0.0,0.0,0.0,0.0,0.0,0.0,0.0,0.0,0.0,0.0,5924.0,1.0,56044.0,4931.0,1.0,56047.0
3.429975135004497,0.0,0.0,0.0,0.0,0.0,0.0,0.0,0.0,0.0,0.0,0.0,0.0,0.0,5925.0,1.0,56064.0,4932.0,1.0,56077.0
3.4300492070033215,0.0,0.0,0.0,0.0,0.0,0.0,0.0,0.0,0.0,0.0,0.0,0.0,0.0,5926.0,1.0,56084.0,4933.0,1.0,56097.0
3.4301108900108375,0.0,0.0,0.0,0.0,0.0,0.0,0.0,0.0,0.0,0.0,0.0,0.0,0.0,5927.0,1.0,56104.0,4934.0,1.0,56117.0
3.4301699089992326,0.0,0.0,0.0,0.0,0.0,0.0,0.0,0.0,0.0,0.0,0.0,0.0,0.0,5928.0,1.0,56124.0,4935.0,1.0,56137.0
3.4302274259971455,0.0,0.0,0.0,0.0,0.0,0.0,0.0,0.0,0.0,0.0,0.0,0.0,0.0,5929.0,1.0,56144.0,4936.0,1.0,56148.0
3.43029521900462,0.0,0.0,0.0,0.0,0.0,0.0,0.0,0.0,0.0,0.0,0.0,0.0,0.0,5930.0,1.0,56164.0,4937.0,1.0,56167.0
3.4303543679998256,0.0,0.0,0.0,0.0,0.0,0.0,0.0,0.0,0.0,0.0,0.0,0.0,0.0,5931.0,1.0,56184.0,4938.0,1.0,56197.0
3.430410884000594,0.0,0.0,0.0,0.0,0.0,0.0,0.0,0.0,0.0,0.0,0.0,0.0,0.0,5932.0,1.0,56204.0,4939.0,1.0,56217.0
3.4304664680093993,0.0,0.0,0.0,0.0,0.0,0.0,0.0,0.0,0.0,0.0,0.0,0.0,0.0,5933.0,1.0,56224.0,4940.0,1.0,56237.0
3.43052367400378,0.0,0.0,0.0,0.0,0.0,0.0,0.0,0.0,0.0,0.0,0.0,0.0,0.0,5934.0,1.0,56244.0,4941.0,1.0,56247.0
3.430579589010449,0.0,0.0,0.0,0.0,0.0,0.0,0.0,0.0,0.0,0.0,0.0,0.0,0.0,5935.0,1.0,56264.0,4942.0,1.0,56277.0
3.430640050006332,0.0,0.0,0.0,0.0,0.0,0.0,0.0,0.0,0.0,0.0,0.0,0.0,0.0,5936.0,1.0,56284.0,4943.0,1.0,56297.0
3.4306958350061905,0.0,0.0,0.0,0.0,0.0,0.0,0.0,0.0,0.0,0.0,0.0,0.0,0.0,5937.0,1.0,56304.0,4944.0,1.0,56317.0
3.4307504470052663,0.0,0.0,0.0,0.0,0.0,0.0,0.0,0.0,0.0,0.0,0.0,0.0,0.0,5938.0,1.0,56324.0,4945.0,1.0,56337.0
3.430804319010349,0.0,0.0,0.0,0.0,0.0,0.0,0.0,0.0,0.0,0.0,0.0,0.0,0.0,5939.0,1.0,56344.0,4946.0,1.0,56347.0
3.4308591919980245,0.0,0.0,0.0,0.0,0.0,0.0,0.0,0.0,0.0,0.0,0.0,0.0,0.0,5940.0,1.0,56364.0,4947.0,1.0,56377.0
3.4309152260102564,0.0,0.0,0.0,0.0,0.0,0.0,0.0,0.0,0.0,0.0,0.0,0.0,0.0,5941.0,1.0,56384.0,4948.0,1.0,56397.0
3.43102583399741,0.0,0.0,0.0,0.0,0.0,0.0,0.0,0.0,0.0,0.0,0.0,0.0,0.0,5942.0,1.0,56404.0,4949.0,1.0,56417.0
3.4311091200070223,0.0,0.0,0.0,0.0,0.0,0.0,0.0,0.0,0.0,0.0,0.0,0.0,0.0,5943.0,1.0,56424.0,4950.0,1.0,56437.0
3.4312074379995465,0.0,0.0,0.0,0.0,0.0,0.0,0.0,0.0,0.0,0.0,0.0,0.0,0.0,5944.0,1.0,56444.0,4951.0,1.0,56447.0
3.4503541680023773,0.0,0.0,0.0,0.0,0.0,0.0,0.0,0.0,0.0,0.0,0.0,0.0,0.0,5945.0,1.0,56464.0,4952.0,1.0,56477.0
3.4705967600020813,0.0,0.0,0.0,0.0,0.0,0.0,0.0,0.0,0.0,0.0,0.0,0.0,0.0,5946.0,1.0,56484.0,4953.0,1.0,56497.0
3.4901528839982348,0.0,0.0,0.0,0.0,0.0,0.0,0.0,0.0,0.0,0.0,0.0,0.0,0.0,5947.0,1.0,56504.0,4954.0,1.0,56517.0
3.510237117006909,0.0,0.0,0.0,0.0,0.0,0.0,0.0,0.0,0.0,0.0,0.0,0.0,0.0,5948.0,1.0,56524.0,4955.0,1.0,56537.0
3.52187773300102,0.0,0.0,0.0,0.0,0.0,0.0,0.0,0.0,0.0,0.0,0.0,0.0,0.0,5949.0,1.0,56544.0,4956.0,1.0,56548.0
3.939815890000318,0.0,0.0,0.0,0.0,0.0,0.0,0.0,0.0,0.0,0.0,0.0,0.0,0.0,5950.0,1.0,56564.0,4957.0,1.0,56567.0
3.9402791210013675,0.0,0.0,0.0,0.0,0.0,0.0,0.0,0.0,0.0,0.0,0.0,0.0,0.0,5951.0,1.0,56584.0,4958.0,1.0,56597.0
3.940484863007441,0.0,0.0,0.0,0.0,0.0,0.0,0.0,0.0,0.0,0.0,0.0,0.0,0.0,5952.0,1.0,56604.0,4959.0,1.0,56617.0
3.940568449004786,0.0,0.0,0.0,0.0,0.0,0.0,0.0,0.0,0.0,0.0,0.0,0.0,0.0,5953.0,1.0,56624.0,4960.0,1.0,56637.0
3.9406434030097444,0.0,0.0,0.0,0.0,0.0,0.0,0.0,0.0,0.0,0.0,0.0,0.0,0.0,5954.0,1.0,56644.0,4961.0,1.0,56647.0
3.9407148710015463,0.0,0.0,0.0,0.0,0.0,0.0,0.0,0.0,0.0,0.0,0.0,0.0,0.0,5955.0,1.0,56664.0,4962.0,1.0,56677.0
3.940777486001025,0.0,0.0,0.0,0.0,0.0,0.0,0.0,0.0,0.0,0.0,0.0,0.0,0.0,5956.0,1.0,56684.0,4963.0,1.0,56697.0
3.9408388279989595,0.0,0.0,0.0,0.0,0.0,0.0,0.0,0.0,0.0,0.0,0.0,0.0,0.0,5957.0,1.0,56704.0,4964.0,1.0,56717.0
3.940902964997804,0.0,0.0,0.0,0.0,0.0,0.0,0.0,0.0,0.0,0.0,0.0,0.0,0.0,5958.0,1.0,56724.0,4965.0,1.0,56737.0
3.940961102998699,0.0,0.0,0.0,0.0,0.0,0.0,0.0,0.0,0.0,0.0,0.0,0.0,0.0,5959.0,1.0,56744.0,4966.0,1.0,56747.0
3.9410167379974155,0.0,0.0,0.0,0.0,0.0,0.0,0.0,0.0,0.0,0.0,0.0,0.0,0.0,5960.0,1.0,56764.0,4967.0,1.0,56777.0
3.941072401998099,0.0,0.0,0.0,0.0,0.0,0.0,0.0,0.0,0.0,0.0,0.0,0.0,0.0,5961.0,1.0,56784.0,4968.0,1.0,56796.0
3.941127284997492,0.0,0.0,0.0,0.0,0.0,0.0,0.0,0.0,0.0,0.0,0.0,0.0,0.0,5962.0,1.0,56804.0,4969.0,1.0,56816.0
3.9524964700103737,0.0,0.0,0.0,0.0,0.0,0.0,0.0,0.0,0.0,0.0,0.0,0.0,0.0,5970.0,1.0,56964.0,4970.0,1.0,56979.0
3.962527459007106,0.0,0.0,0.0,0.0,0.0,0.0,0.0,0.0,0.0,0.0,0.0,0.0,0.0,5971.0,1.0,56984.0,4971.0,1.0,56989.0
3.9812771730066743,0.0,0.0,0.0,0.0,0.0,0.0,0.0,0.0,0.0,0.0,0.0,0.0,0.0,5972.0,1.0,57004.0,4972.0,1.0,57007.0
4.0111134230101015,0.0,0.0,0.0,0.0,0.0,0.0,0.0,0.0,0.0,0.0,0.0,0.0,0.0,5973.0,1.0,57024.0,4973.0,1.0,57037.0
4.031042221002281,0.0,0.0,0.0,0.0,0.0,0.0,0.0,0.0,0.0,0.0,0.0,0.0,0.0,5974.0,1.0,57044.0,4974.0,1.0,57057.0
4.0500293240038445,0.0,0.0,0.0,0.0,0.0,0.0,0.0,0.0,0.0,0.0,0.0,0.0,0.0,5975.0,1.0,57064.0,4975.0,1.0,57077.0
4.060038791008992,0.0,0.0,0.0,0.0,0.0,0.0,0.0,0.0,0.0,0.0,0.0,0.0,0.0,5976.0,1.0,57084.0,4976.0,1.0,57087.0
4.0940066640032455,0.0,0.0,0.0,0.0,0.0,0.0,0.0,0.0,0.0,0.0,0.0,0.0,0.0,5977.0,1.0,57104.0,4977.0,1.0,57117.0
4.109889198996825,0.0,0.0,0.0,0.0,0.0,0.0,0.0,0.0,0.0,0.0,0.0,0.0,0.0,5978.0,1.0,57124.0,4978.0,1.0,57137.0
4.129495689005125,0.0,0.0,0.0,0.0,0.0,0.0,0.0,0.0,0.0,0.0,0.0,0.0,0.0,5979.0,1.0,57144.0,4979.0,1.0,57156.0
4.150658654005383,0.0,0.0,0.0,0.0,0.0,0.0,0.0,0.0,0.0,0.0,0.0,0.0,0.0,5980.0,1.0,57164.0,4980.0,1.0,57177.0
4.16074176300026,0.0,0.0,0.0,0.0,0.0,0.0,0.0,0.0,0.0,0.0,0.0,0.0,0.0,5981.0,1.0,57184.0,4981.0,1.0,57187.0
4.2088525779981865,0.0,0.0,0.0,0.0,0.0,0.0,0.0,0.0,0.0,0.0,0.0,0.0,0.0,5982.0,1.0,57204.0,4982.0,1.0,57217.0
4.2486071580060525,0.0,0.0,0.0,0.0,0.0,0.0,0.0,0.0,0.0,0.0,0.0,0.0,0.0,5983.0,1.0,57224.0,4983.0,1.0,57237.0
4.24898165500781,0.0,0.0,0.0,0.0,0.0,0.0,0.0,0.0,0.0,0.0,0.0,0.0,0.0,5984.0,1.0,57244.0,4984.0,1.0,57257.0
4.250378839002224,0.0,0.0,0.0,0.0,0.0,0.0,0.0,0.0,0.0,0.0,0.0,0.0,0.0,5985.0,1.0,57264.0,4985.0,1.0,57277.0
4.269513866005582,0.0,0.0,0.0,0.0,0.0,0.0,0.0,0.0,0.0,0.0,0.0,0.0,0.0,5986.0,1.0,57284.0,4986.0,1.0,57287.0
4.304794455005322,0.0,0.0,0.0,0.0,0.0,0.0,0.0,0.0,0.0,0.0,0.0,0.0,0.0,5987.0,1.0,57304.0,4987.0,1.0,57317.0
4.311091805007891,0.0,0.0,0.0,0.0,0.0,0.0,0.0,0.0,0.0,0.0,0.0,0.0,0.0,5988.0,1.0,57324.0,4988.0,1.0,57337.0
4.329700394999236,0.0,0.0,0.0,0.0,0.0,0.0,0.0,0.0,0.0,0.0,0.0,0.0,0.0,5989.0,1.0,57344.0,4989.0,1.0,57357.0
4.35003407500335,0.0,0.0,0.0,0.0,0.0,0.0,0.0,0.0,0.0,0.0,0.0,0.0,0.0,5990.0,1.0,57364.0,4990.0,1.0,57377.0
4.360648187008337,0.0,0.0,0.0,0.0,0.0,0.0,0.0,0.0,0.0,0.0,0.0,0.0,0.0,5991.0,1.0,57384.0,4991.0,1.0,57387.0
4.389470604000962,0.0,0.0,0.0,0.0,0.0,0.0,0.0,0.0,0.0,0.0,0.0,0.0,0.0,5992.0,1.0,57404.0,4992.0,1.0,57416.0
4.5259458090004046,0.0,0.0,0.0,0.0,0.0,0.0,0.0,0.0,0.0,0.0,0.0,0.0,0.0,5993.0,1.0,57424.0,4993.0,1.0,57437.0
4.526068353996379,0.0,0.0,0.0,0.0,0.0,0.0,0.0,0.0,0.0,0.0,0.0,0.0,0.0,5994.0,1.0,57444.0,4994.0,1.0,57457.0
4.526142376998905,0.0,0.0,0.0,0.0,0.0,0.0,0.0,0.0,0.0,0.0,0.0,0.0,0.0,5995.0,1.0,57464.0,4995.0,1.0,57477.0
4.526203910005279,0.0,0.0,0.0,0.0,0.0,0.0,0.0,0.0,0.0,0.0,0.0,0.0,0.0,5996.0,1.0,57484.0,4996.0,1.0,57487.0
4.526272133007296,0.0,0.0,0.0,0.0,0.0,0.0,0.0,0.0,0.0,0.0,0.0,0.0,0.0,5997.0,1.0,57504.0,4997.0,1.0,57517.0
4.528001111000776,0.0,0.0,0.0,0.0,0.0,0.0,0.0,0.0,0.0,0.0,0.0,0.0,0.0,5998.0,1.0,57524.0,4998.0,1.0,57537.0
4.530247033006162,0.0,0.0,0.0,0.0,0.0,0.0,0.0,0.0,0.0,0.0,0.0,0.0,0.0,5999.0,1.0,57544.0,4999.0,1.0,57557.0
4.550432183008525,0.0,0.0,0.0,0.0,0.0,0.0,0.0,0.0,0.0,0.0,0.0,0.0,0.0,6000.0,1.0,57564.0,5000.0,1.0,57577.0
4.5603075490071205,0.0,0.0,0.0,0.0,0.0,0.0,0.0,0.0,0.0,0.0,0.0,0.0,0.0,6001.0,1.0,57585.0,5001.0,1.0,57586.0
4.592488556998433,0.0,0.0,0.0,0.0,0.0,0.0,0.0,0.0,0.0,0.0,0.0,0.0,0.0,6002.0,1.0,57604.0,5002.0,1.0,57617.0
4.609915649998584,0.0,0.0,0.0,0.0,0.0,0.0,0.0,0.0,0.0,0.0,0.0,0.0,0.0,6003.0,1.0,57624.0,5003.0,1.0,57637.0
4.6295843179977965,0.0,0.0,0.0,0.0,0.0,0.0,0.0,0.0,0.0,0.0,0.0,0.0,0.0,6004.0,1.0,57644.0,5004.0,1.0,57657.0
4.683864275008091,0.0,0.0,0.0,0.0,0.0,0.0,0.0,0.0,0.0,0.0,0.0,0.0,0.0,6005.0,1.0,57664.0,5005.0,1.0,57678.0
4.6842745860049035,0.0,0.0,0.0,0.0,0.0,0.0,0.0,0.0,0.0,0.0,0.0,0.0,0.0,6006.0,1.0,57684.0,5006.0,1.0,57687.0
4.747039273002883,0.0,0.0,0.0,0.0,0.0,0.0,0.0,0.0,0.0,0.0,0.0,0.0,0.0,6007.0,1.0,57704.0,5007.0,1.0,57717.0
4.747152213996742,0.0,0.0,0.0,0.0,0.0,0.0,0.0,0.0,0.0,0.0,0.0,0.0,0.0,6008.0,1.0,57724.0,5008.0,1.0,57736.0
4.7472220799973,0.0,0.0,0.0,0.0,0.0,0.0,0.0,0.0,0.0,0.0,0.0,0.0,0.0,6009.0,1.0,57744.0,5009.0,1.0,57757.0
4.753088505007327,0.0,0.0,0.0,0.0,0.0,0.0,0.0,0.0,0.0,0.0,0.0,0.0,0.0,6010.0,1.0,57764.0,5010.0,1.0,57777.0
4.783961962006288,0.0,0.0,0.0,0.0,0.0,0.0,0.0,0.0,0.0,0.0,0.0,0.0,0.0,6011.0,1.0,57784.0,5011.0,1.0,57787.0
4.784067761996994,0.0,0.0,0.0,0.0,0.0,0.0,0.0,0.0,0.0,0.0,0.0,0.0,0.0,6012.0,1.0,57804.0,5012.0,1.0,57807.0
4.810684773008688,0.0,0.0,0.0,0.0,0.0,0.0,0.0,0.0,0.0,0.0,0.0,0.0,0.0,6013.0,1.0,57824.0,5013.0,1.0,57837.0
4.829458787004114,0.0,0.0,0.0,0.0,0.0,0.0,0.0,0.0,0.0,0.0,0.0,0.0,0.0,6014.0,1.0,57844.0,5014.0,1.0,57857.0
4.893432754004607,0.0,0.0,0.0,0.0,0.0,0.0,0.0,0.0,0.0,0.0,0.0,0.0,0.0,6015.0,1.0,57864.0,5015.0,1.0,57877.0
4.8935437530017225,0.0,0.0,0.0,0.0,0.0,0.0,0.0,0.0,0.0,0.0,0.0,0.0,0.0,6016.0,1.0,57884.0,5016.0,1.0,57887.0
4.893613578009536,0.0,0.0,0.0,0.0,0.0,0.0,0.0,0.0,0.0,0.0,0.0,0.0,0.0,6017.0,1.0,57904.0,5017.0,1.0,57917.0
4.963985695998417,0.0,0.0,0.0,0.0,0.0,0.0,0.0,0.0,0.0,0.0,0.0,0.0,0.0,6018.0,1.0,57924.0,5018.0,1.0,57937.0
4.964120179996826,0.0,0.0,0.0,0.0,0.0,0.0,0.0,0.0,0.0,0.0,0.0,0.0,0.0,6019.0,1.0,57944.0,5019.0,1.0,57957.0
4.964190245998907,0.0,0.0,0.0,0.0,0.0,0.0,0.0,0.0,0.0,0.0,0.0,0.0,0.0,6020.0,1.0,57964.0,5020.0,1.0,57977.0
4.964250848002848,0.0,0.0,0.0,0.0,0.0,0.0,0.0,0.0,0.0,0.0,0.0,0.0,0.0,6021.0,1.0,57984.0,5021.0,1.0,57987.0
4.989593147998676,0.0,0.0,0.0,0.0,0.0,0.0,0.0,0.0,0.0,0.0,0.0,0.0,0.0,6022.0,1.0,58004.0,5022.0,1.0,58017.0
5.009577144010109,0.0,0.0,0.0,0.0,0.0,0.0,0.0,0.0,0.0,0.0,0.0,0.0,0.0,6023.0,1.0,58024.0,5023.0,1.0,58037.0
5.030171814010828,0.0,0.0,0.0,0.0,0.0,0.0,0.0,0.0,0.0,0.0,0.0,0.0,0.0,6024.0,1.0,58044.0,5024.0,1.0,58057.0
5.050469665002311,0.0,0.0,0.0,0.0,0.0,0.0,0.0,0.0,0.0,0.0,0.0,0.0,0.0,6025.0,1.0,58064.0,5025.0,1.0,58077.0
5.062278138997499,0.0,0.0,0.0,0.0,0.0,0.0,0.0,0.0,0.0,0.0,0.0,0.0,0.0,6026.0,1.0,58084.0,5026.0,1.0,58087.0
5.11952005099738,0.0,0.0,0.0,0.0,0.0,0.0,0.0,0.0,0.0,0.0,0.0,0.0,0.0,6027.0,1.0,58104.0,5027.0,1.0,58117.0
5.119714656000724,0.0,0.0,0.0,0.0,0.0,0.0,0.0,0.0,0.0,0.0,0.0,0.0,0.0,6028.0,1.0,58124.0,5028.0,1.0,58137.0
5.18462804700539,0.0,0.0,0.0,0.0,0.0,0.0,0.0,0.0,0.0,0.0,0.0,0.0,0.0,6029.0,1.0,58144.0,5029.0,1.0,58157.0
5.184791665000375,0.0,0.0,0.0,0.0,0.0,0.0,0.0,0.0,0.0,0.0,0.0,0.0,0.0,6030.0,1.0,58164.0,5030.0,1.0,58177.0
5.184860838999157,0.0,0.0,0.0,0.0,0.0,0.0,0.0,0.0,0.0,0.0,0.0,0.0,0.0,6031.0,1.0,58184.0,5031.0,1.0,58187.0
5.184921581007075,0.0,0.0,0.0,0.0,0.0,0.0,0.0,0.0,0.0,0.0,0.0,0.0,0.0,6032.0,1.0,58204.0,5032.0,1.0,58207.0
5.209345381008461,0.0,0.0,0.0,0.0,0.0,0.0,0.0,0.0,0.0,0.0,0.0,0.0,0.0,6033.0,1.0,58224.0,5033.0,1.0,58236.0
5.235898546001408,0.0,0.0,0.0,0.0,0.0,0.0,0.0,0.0,0.0,0.0,0.0,0.0,0.0,6034.0,1.0,58244.0,5034.0,1.0,58257.0
5.249868212005822,0.0,0.0,0.0,0.0,0.0,0.0,0.0,0.0,0.0,0.0,0.0,0.0,0.0,6035.0,1.0,58264.0,5035.0,1.0,58277.0
5.273759656003676,0.0,0.0,0.0,0.0,0.0,0.0,0.0,0.0,0.0,0.0,0.0,0.0,0.0,6036.0,1.0,58284.0,5036.0,1.0,58287.0
5.303389300010167,0.0,0.0,0.0,0.0,0.0,0.0,0.0,0.0,0.0,0.0,0.0,0.0,0.0,6037.0,1.0,58304.0,5037.0,1.0,58317.0
5.408326135002426,0.0,0.0,0.0,0.0,0.0,0.0,0.0,0.0,0.0,0.0,0.0,0.0,0.0,6038.0,1.0,58324.0,5038.0,1.0,58337.0
5.408462542007328,0.0,0.0,0.0,0.0,0.0,0.0,0.0,0.0,0.0,0.0,0.0,0.0,0.0,6039.0,1.0,58344.0,5039.0,1.0,58357.0
5.4085321169986855,0.0,0.0,0.0,0.0,0.0,0.0,0.0,0.0,0.0,0.0,0.0,0.0,0.0,6040.0,1.0,58364.0,5040.0,1.0,58377.0
5.408596755005419,0.0,0.0,0.0,0.0,0.0,0.0,0.0,0.0,0.0,0.0,0.0,0.0,0.0,6041.0,1.0,58384.0,5041.0,1.0,58387.0
5.408654833008768,0.0,0.0,0.0,0.0,0.0,0.0,0.0,0.0,0.0,0.0,0.0,0.0,0.0,6042.0,1.0,58404.0,5042.0,1.0,58417.0
5.4249718750070315,0.0,0.0,0.0,0.0,0.0,0.0,0.0,0.0,0.0,0.0,0.0,0.0,0.0,6043.0,1.0,58424.0,5043.0,1.0,58437.0
5.428796227002749,0.0,0.0,0.0,0.0,0.0,0.0,0.0,0.0,0.0,0.0,0.0,0.0,0.0,6044.0,1.0,58444.0,5044.0,1.0,58457.0
5.456054934998974,0.0,0.0,0.0,0.0,0.0,0.0,0.0,0.0,0.0,0.0,0.0,0.0,0.0,6045.0,1.0,58464.0,5045.0,1.0,58477.0
5.461296850000508,0.0,0.0,0.0,0.0,0.0,0.0,0.0,0.0,0.0,0.0,0.0,0.0,0.0,6046.0,1.0,58484.0,5046.0,1.0,58488.0
5.489598437008681,0.0,0.0,0.0,0.0,0.0,0.0,0.0,0.0,0.0,0.0,0.0,0.0,0.0,6047.0,1.0,58504.0,5047.0,1.0,58507.0
5.624072539008921,0.0,0.0,0.0,0.0,0.0,0.0,0.0,0.0,0.0,0.0,0.0,0.0,0.0,6048.0,1.0,58524.0,5048.0,1.0,58536.0
5.624352503000409,0.0,0.0,0.0,0.0,0.0,0.0,0.0,0.0,0.0,0.0,0.0,0.0,0.0,6049.0,1.0,58544.0,5049.0,1.0,58556.0
5.624421157001052,0.0,0.0,0.0,0.0,0.0,0.0,0.0,0.0,0.0,0.0,0.0,0.0,0.0,6050.0,1.0,58564.0,5050.0,1.0,58577.0
5.624480437007151,0.0,0.0,0.0,0.0,0.0,0.0,0.0,0.0,0.0,0.0,0.0,0.0,0.0,6051.0,1.0,58584.0,5051.0,1.0,58587.0
5.624535941009526,0.0,0.0,0.0,0.0,0.0,0.0,0.0,0.0,0.0,0.0,0.0,0.0,0.0,6052.0,1.0,58604.0,5052.0,1.0,58617.0
5.624592827007291,0.0,0.0,0.0,0.0,0.0,0.0,0.0,0.0,0.0,0.0,0.0,0.0,0.0,6053.0,1.0,58624.0,5053.0,1.0,58637.0
5.6314752390026115,0.0,0.0,0.0,0.0,0.0,0.0,0.0,0.0,0.0,0.0,0.0,0.0,0.0,6054.0,1.0,58644.0,5054.0,1.0,58657.0
5.66686449800909,0.0,0.0,0.0,0.0,0.0,0.0,0.0,0.0,0.0,0.0,0.0,0.0,0.0,6055.0,1.0,58664.0,5055.0,1.0,58677.0
5.666939542003092,0.0,0.0,0.0,0.0,0.0,0.0,0.0,0.0,0.0,0.0,0.0,0.0,0.0,6056.0,1.0,58684.0,5056.0,1.0,58687.0
5.689286663007806,0.0,0.0,0.0,0.0,0.0,0.0,0.0,0.0,0.0,0.0,0.0,0.0,0.0,6057.0,1.0,58704.0,5057.0,1.0,58717.0
5.708867000997998,0.0,0.0,0.0,0.0,0.0,0.0,0.0,0.0,0.0,0.0,0.0,0.0,0.0,6058.0,1.0,58724.0,5058.0,1.0,58737.0
5.7318202410097,0.0,0.0,0.0,0.0,0.0,0.0,0.0,0.0,0.0,0.0,0.0,0.0,0.0,6059.0,1.0,58744.0,5059.0,1.0,58757.0
5.843978849996347,0.0,0.0,0.0,0.0,0.0,0.0,0.0,0.0,0.0,0.0,0.0,0.0,0.0,6060.0,1.0,58764.0,5060.0,1.0,58777.0
5.844108215998858,0.0,0.0,0.0,0.0,0.0,0.0,0.0,0.0,0.0,0.0,0.0,0.0,0.0,6061.0,1.0,58784.0,5061.0,1.0,58787.0
5.844176129001426,0.0,0.0,0.0,0.0,0.0,0.0,0.0,0.0,0.0,0.0,0.0,0.0,0.0,6062.0,1.0,58804.0,5062.0,1.0,58817.0
5.8562068739993265,0.0,0.0,0.0,0.0,0.0,0.0,0.0,0.0,0.0,0.0,0.0,0.0,0.0,6065.0,1.0,58864.0,5063.0,1.0,58883.0
5.862216212000931,0.0,0.0,0.0,0.0,0.0,0.0,0.0,0.0,0.0,0.0,0.0,0.0,0.0,6066.0,1.0,58884.0,5064.0,1.0,58890.0
5.881364604996634,0.0,0.0,0.0,0.0,0.0,0.0,0.0,0.0,0.0,0.0,0.0,0.0,0.0,6067.0,1.0,58904.0,5065.0,1.0,58907.0
5.923701093997806,0.0,0.0,0.0,0.0,0.0,0.0,0.0,0.0,0.0,0.0,0.0,0.0,0.0,6068.0,1.0,58924.0,5066.0,1.0,58937.0
5.929132416000357,0.0,0.0,0.0,0.0,0.0,0.0,0.0,0.0,0.0,0.0,0.0,0.0,0.0,6069.0,1.0,58944.0,5067.0,1.0,58957.0
5.949827955002547,0.0,0.0,0.0,0.0,0.0,0.0,0.0,0.0,0.0,0.0,0.0,0.0,0.0,6070.0,1.0,58964.0,5068.0,1.0,58977.0
6.06346817901067,0.0,0.0,0.0,0.0,0.0,0.0,0.0,0.0,0.0,0.0,0.0,0.0,0.0,6071.0,1.0,58984.0,5069.0,1.0,58997.0
6.063582030998077,0.0,0.0,0.0,0.0,0.0,0.0,0.0,0.0,0.0,0.0,0.0,0.0,0.0,6072.0,1.0,59004.0,5070.0,1.0,59017.0
6.0636552720097825,0.0,0.0,0.0,0.0,0.0,0.0,0.0,0.0,0.0,0.0,0.0,0.0,0.0,6073.0,1.0,59024.0,5071.0,1.0,59027.0
6.063717386001372,0.0,0.0,0.0,0.0,0.0,0.0,0.0,0.0,0.0,0.0,0.0,0.0,0.0,6074.0,1.0,59044.0,5072.0,1.0,59057.0
6.06377658600104,0.0,0.0,0.0,0.0,0.0,0.0,0.0,0.0,0.0,0.0,0.0,0.0,0.0,6075.0,1.0,59064.0,5073.0,1.0,59077.0
6.0702410340018105,0.0,0.0,0.0,0.0,0.0,0.0,0.0,0.0,0.0,0.0,0.0,0.0,0.0,6076.0,1.0,59084.0,5074.0,1.0,59097.0
6.089764686010312,0.0,0.0,0.0,0.0,0.0,0.0,0.0,0.0,0.0,0.0,0.0,0.0,0.0,6077.0,1.0,59104.0,5075.0,1.0,59117.0
6.099370315001579,0.0,0.0,0.0,0.0,0.0,0.0,0.0,0.0,0.0,0.0,0.0,0.0,0.0,6078.0,1.0,59124.0,5076.0,1.0,59127.0
6.130459677006002,0.0,0.0,0.0,0.0,0.0,0.0,0.0,0.0,0.0,0.0,0.0,0.0,0.0,6079.0,1.0,59144.0,5077.0,1.0,59157.0
6.149451503006276,0.0,0.0,0.0,0.0,0.0,0.0,0.0,0.0,0.0,0.0,0.0,0.0,0.0,6080.0,1.0,59164.0,5078.0,1.0,59177.0
6.1688665300025605,0.0,0.0,0.0,0.0,0.0,0.0,0.0,0.0,0.0,0.0,0.0,0.0,0.0,6081.0,1.0,59184.0,5079.0,1.0,59197.0
6.2856041390041355,0.0,0.0,0.0,0.0,0.0,0.0,0.0,0.0,0.0,0.0,0.0,0.0,0.0,6082.0,1.0,59204.0,5080.0,1.0,59216.0
6.285999789004563,0.0,0.0,0.0,0.0,0.0,0.0,0.0,0.0,0.0,0.0,0.0,0.0,0.0,6083.0,1.0,59224.0,5081.0,1.0,59226.0
6.286237369000446,0.0,0.0,0.0,0.0,0.0,0.0,0.0,0.0,0.0,0.0,0.0,0.0,0.0,6084.0,1.0,59244.0,5082.0,1.0,59257.0
6.286303219007095,0.0,0.0,0.0,0.0,0.0,0.0,0.0,0.0,0.0,0.0,0.0,0.0,0.0,6085.0,1.0,59264.0,5083.0,1.0,59277.0
6.286363330000313,0.0,0.0,0.0,0.0,0.0,0.0,0.0,0.0,0.0,0.0,0.0,0.0,0.0,6086.0,1.0,59284.0,5084.0,1.0,59297.0
6.295447128009982,0.0,0.0,0.0,0.0,0.0,0.0,0.0,0.0,0.0,0.0,0.0,0.0,0.0,6087.0,1.0,59304.0,5085.0,1.0,59317.0
6.299841198007925,0.0,0.0,0.0,0.0,0.0,0.0,0.0,0.0,0.0,0.0,0.0,0.0,0.0,6088.0,1.0,59324.0,5086.0,1.0,59328.0
6.320278915998642,0.0,0.0,0.0,0.0,0.0,0.0,0.0,0.0,0.0,0.0,0.0,0.0,0.0,6089.0,1.0,59344.0,5087.0,1.0,59347.0
6.348780465006712,0.0,0.0,0.0,0.0,0.0,0.0,0.0,0.0,0.0,0.0,0.0,0.0,0.0,6090.0,1.0,59364.0,5088.0,1.0,59376.0
6.368603501003236,0.0,0.0,0.0,0.0,0.0,0.0,0.0,0.0,0.0,0.0,0.0,0.0,0.0,6091.0,1.0,59384.0,5089.0,1.0,59397.0
6.391175203010789,0.0,0.0,0.0,0.0,0.0,0.0,0.0,0.0,0.0,0.0,0.0,0.0,0.0,6092.0,1.0,59404.0,5090.0,1.0,59417.0
6.503654850006569,0.0,0.0,0.0,0.0,0.0,0.0,0.0,0.0,0.0,0.0,0.0,0.0,0.0,6093.0,1.0,59424.0,5091.0,1.0,59427.0
6.503774411001359,0.0,0.0,0.0,0.0,0.0,0.0,0.0,0.0,0.0,0.0,0.0,0.0,0.0,6094.0,1.0,59444.0,5092.0,1.0,59457.0
6.503846000006888,0.0,0.0,0.0,0.0,0.0,0.0,0.0,0.0,0.0,0.0,0.0,0.0,0.0,6095.0,1.0,59464.0,5093.0,1.0,59477.0
6.503908715007128,0.0,0.0,0.0,0.0,0.0,0.0,0.0,0.0,0.0,0.0,0.0,0.0,0.0,6096.0,1.0,59484.0,5094.0,1.0,59497.0
6.503972612001235,0.0,0.0,0.0,0.0,0.0,0.0,0.0,0.0,0.0,0.0,0.0,0.0,0.0,6097.0,1.0,59504.0,5095.0,1.0,59517.0
6.504036509009893,0.0,0.0,0.0,0.0,0.0,0.0,0.0,0.0,0.0,0.0,0.0,0.0,0.0,6098.0,1.0,59524.0,5096.0,1.0,59527.0
6.531161705002887,0.0,0.0,0.0,0.0,0.0,0.0,0.0,0.0,0.0,0.0,0.0,0.0,0.0,6099.0,1.0,59544.0,5097.0,1.0,59557.0
6.550829729007091,0.0,0.0,0.0,0.0,0.0,0.0,0.0,0.0,0.0,0.0,0.0,0.0,0.0,6100.0,1.0,59564.0,5098.0,1.0,59577.0
6.570242286004941,0.0,0.0,0.0,0.0,0.0,0.0,0.0,0.0,0.0,0.0,0.0,0.0,0.0,6101.0,1.0,59584.0,5099.0,1.0,59597.0
6.590287352009909,0.0,0.0,0.0,0.0,0.0,0.0,0.0,0.0,0.0,0.0,0.0,0.0,0.0,6102.0,1.0,59604.0,5100.0,1.0,59617.0
6.5987408950022655,0.0,0.0,0.0,0.0,0.0,0.0,0.0,0.0,0.0,0.0,0.0,0.0,0.0,6103.0,1.0,59624.0,5101.0,1.0,59627.0
6.7117239689978305,0.0,0.0,0.0,0.0,0.0,0.0,0.0,0.0,0.0,0.0,0.0,0.0,0.0,6104.0,1.0,59644.0,5102.0,1.0,59657.0
6.711836029004189,0.0,0.0,0.0,0.0,0.0,0.0,0.0,0.0,0.0,0.0,0.0,0.0,0.0,6105.0,1.0,59664.0,5103.0,1.0,59677.0
6.711905905001913,0.0,0.0,0.0,0.0,0.0,0.0,0.0,0.0,0.0,0.0,0.0,0.0,0.0,6106.0,1.0,59684.0,5104.0,1.0,59697.0
6.711964443005854,0.0,0.0,0.0,0.0,0.0,0.0,0.0,0.0,0.0,0.0,0.0,0.0,0.0,6107.0,1.0,59704.0,5105.0,1.0,59717.0
6.712021350002033,0.0,0.0,0.0,0.0,0.0,0.0,0.0,0.0,0.0,0.0,0.0,0.0,0.0,6108.0,1.0,59724.0,5106.0,1.0,59727.0
6.7290778330061585,0.0,0.0,0.0,0.0,0.0,0.0,0.0,0.0,0.0,0.0,0.0,0.0,0.0,6109.0,1.0,59744.0,5107.0,1.0,59757.0
6.748535578008159,0.0,0.0,0.0,0.0,0.0,0.0,0.0,0.0,0.0,0.0,0.0,0.0,0.0,6110.0,1.0,59764.0,5108.0,1.0,59777.0
6.768707046008785,0.0,0.0,0.0,0.0,0.0,0.0,0.0,0.0,0.0,0.0,0.0,0.0,0.0,6111.0,1.0,59784.0,5109.0,1.0,59797.0
6.789139009008068,0.0,0.0,0.0,0.0,0.0,0.0,0.0,0.0,0.0,0.0,0.0,0.0,0.0,6112.0,1.0,59804.0,5110.0,1.0,59817.0
6.800276804002351,0.0,0.0,0.0,0.0,0.0,0.0,0.0,0.0,0.0,0.0,0.0,0.0,0.0,6113.0,1.0,59824.0,5111.0,1.0,59827.0
6.828791988999001,0.0,0.0,0.0,0.0,0.0,0.0,0.0,0.0,0.0,0.0,0.0,0.0,0.0,6114.0,1.0,59844.0,5112.0,1.0,59857.0
6.938600225999835,0.0,0.0,0.0,0.0,0.0,0.0,0.0,0.0,0.0,0.0,0.0,0.0,0.0,6115.0,1.0,59864.0,5113.0,1.0,59877.0
6.938717053999426,0.0,0.0,0.0,0.0,0.0,0.0,0.0,0.0,0.0,0.0,0.0,0.0,0.0,6116.0,1.0,59884.0,5114.0,1.0,59897.0
6.938787691004109,0.0,0.0,0.0,0.0,0.0,0.0,0.0,0.0,0.0,0.0,0.0,0.0,0.0,6117.0,1.0,59904.0,5115.0,1.0,59917.0
6.938849894999294,0.0,0.0,0.0,0.0,0.0,0.0,0.0,0.0,0.0,0.0,0.0,0.0,0.0,6118.0,1.0,59924.0,5116.0,1.0,59927.0
6.938908573996741,0.0,0.0,0.0,0.0,0.0,0.0,0.0,0.0,0.0,0.0,0.0,0.0,0.0,6119.0,1.0,59944.0,5117.0,1.0,59957.0
6.954026577004697,0.0,0.0,0.0,0.0,0.0,0.0,0.0,0.0,0.0,0.0,0.0,0.0,0.0,6120.0,1.0,59964.0,5118.0,1.0,59976.0
6.969678929002839,0.0,0.0,0.0,0.0,0.0,0.0,0.0,0.0,0.0,0.0,0.0,0.0,0.0,6121.0,1.0,59984.0,5119.0,1.0,59997.0
6.989409419009462,0.0,0.0,0.0,0.0,0.0,0.0,0.0,0.0,0.0,0.0,0.0,0.0,0.0,6122.0,1.0,60004.0,5120.0,1.0,60017.0
6.999494186005904,0.0,0.0,0.0,0.0,0.0,0.0,0.0,0.0,0.0,0.0,0.0,0.0,0.0,6123.0,1.0,60024.0,5121.0,1.0,60027.0
7.0309938580030575,0.0,0.0,0.0,0.0,0.0,0.0,0.0,0.0,0.0,0.0,0.0,0.0,0.0,6124.0,1.0,60044.0,5122.0,1.0,60057.0
7.115197256003739,0.0,0.0,0.0,0.0,0.0,0.0,0.0,0.0,0.0,0.0,0.0,0.0,0.0,6125.0,1.0,60064.0,5123.0,1.0,60077.0
7.115290547008044,0.0,0.0,0.0,0.0,0.0,0.0,0.0,0.0,0.0,0.0,0.0,0.0,0.0,6126.0,1.0,60084.0,5124.0,1.0,60097.0
7.115358009003103,0.0,0.0,0.0,0.0,0.0,0.0,0.0,0.0,0.0,0.0,0.0,0.0,0.0,6127.0,1.0,60104.0,5125.0,1.0,60117.0
7.115424250005162,0.0,0.0,0.0,0.0,0.0,0.0,0.0,0.0,0.0,0.0,0.0,0.0,0.0,6128.0,1.0,60124.0,5126.0,1.0,60127.0
7.167897225997876,0.0,0.0,0.0,0.0,0.0,0.0,0.0,0.0,0.0,0.0,0.0,0.0,0.0,6129.0,1.0,60144.0,5127.0,1.0,60157.0
7.167983487001038,0.0,0.0,0.0,0.0,0.0,0.0,0.0,0.0,0.0,0.0,0.0,0.0,0.0,6130.0,1.0,60164.0,5128.0,1.0,60177.0
7.180777153000236,0.0,0.0,0.0,0.0,0.0,0.0,0.0,0.0,0.0,0.0,0.0,0.0,0.0,6131.0,1.0,60184.0,5129.0,1.0,60196.0
7.189217485996778,0.0,0.0,0.0,0.0,0.0,0.0,0.0,0.0,0.0,0.0,0.0,0.0,0.0,6132.0,1.0,60204.0,5130.0,1.0,60217.0
7.199194190005073,0.0,0.0,0.0,0.0,0.0,0.0,0.0,0.0,0.0,0.0,0.0,0.0,0.0,6133.0,1.0,60224.0,5131.0,1.0,60227.0
7.229042627004674,0.0,0.0,0.0,0.0,0.0,0.0,0.0,0.0,0.0,0.0,0.0,0.0,0.0,6134.0,1.0,60244.0,5132.0,1.0,60257.0
7.2499799270008225,0.0,0.0,0.0,0.0,0.0,0.0,0.0,0.0,0.0,0.0,0.0,0.0,0.0,6135.0,1.0,60264.0,5133.0,1.0,60277.0
7.2693197629996575,0.0,0.0,0.0,0.0,0.0,0.0,0.0,0.0,0.0,0.0,0.0,0.0,0.0,6136.0,1.0,60284.0,5134.0,1.0,60296.0
7.38469779001025,0.0,0.0,0.0,0.0,0.0,0.0,0.0,0.0,0.0,0.0,0.0,0.0,0.0,6137.0,1.0,60304.0,5135.0,1.0,60317.0
7.384799274004763,0.0,0.0,0.0,0.0,0.0,0.0,0.0,0.0,0.0,0.0,0.0,0.0,0.0,6138.0,1.0,60324.0,5136.0,1.0,60327.0
7.384868007997284,0.0,0.0,0.0,0.0,0.0,0.0,0.0,0.0,0.0,0.0,0.0,0.0,0.0,6139.0,1.0,60344.0,5137.0,1.0,60357.0
7.384927428007359,0.0,0.0,0.0,0.0,0.0,0.0,0.0,0.0,0.0,0.0,0.0,0.0,0.0,6140.0,1.0,60364.0,5138.0,1.0,60377.0
7.38498596700083,0.0,0.0,0.0,0.0,0.0,0.0,0.0,0.0,0.0,0.0,0.0,0.0,0.0,6141.0,1.0,60384.0,5139.0,1.0,60397.0
7.389229704000172,0.0,0.0,0.0,0.0,0.0,0.0,0.0,0.0,0.0,0.0,0.0,0.0,0.0,6142.0,1.0,60404.0,5140.0,1.0,60417.0
7.405875905009452,0.0,0.0,0.0,0.0,0.0,0.0,0.0,0.0,0.0,0.0,0.0,0.0,0.0,6143.0,1.0,60424.0,5141.0,1.0,60427.0
7.428417788003571,0.0,0.0,0.0,0.0,0.0,0.0,0.0,0.0,0.0,0.0,0.0,0.0,0.0,6144.0,1.0,60444.0,5142.0,1.0,60457.0
7.448489439004334,0.0,0.0,0.0,0.0,0.0,0.0,0.0,0.0,0.0,0.0,0.0,0.0,0.0,6145.0,1.0,60464.0,5143.0,1.0,60477.0
7.468544425006257,0.0,0.0,0.0,0.0,0.0,0.0,0.0,0.0,0.0,0.0,0.0,0.0,0.0,6146.0,1.0,60484.0,5144.0,1.0,60497.0
7.488571398003842,0.0,0.0,0.0,0.0,0.0,0.0,0.0,0.0,0.0,0.0,0.0,0.0,0.0,6147.0,1.0,60504.0,5145.0,1.0,60517.0
7.568794674007222,0.0,0.0,0.0,0.0,0.0,0.0,0.0,0.0,0.0,0.0,0.0,0.0,0.0,6148.0,1.0,60524.0,5146.0,1.0,60527.0
7.568933985006879,0.0,0.0,0.0,0.0,0.0,0.0,0.0,0.0,0.0,0.0,0.0,0.0,0.0,6149.0,1.0,60544.0,5147.0,1.0,60557.0
7.569003541007987,0.0,0.0,0.0,0.0,0.0,0.0,0.0,0.0,0.0,0.0,0.0,0.0,0.0,6150.0,1.0,60564.0,5148.0,1.0,60577.0
7.56906757800607,0.0,0.0,0.0,0.0,0.0,0.0,0.0,0.0,0.0,0.0,0.0,0.0,0.0,6151.0,1.0,60584.0,5149.0,1.0,60597.0
7.602757062006276,0.0,0.0,0.0,0.0,0.0,0.0,0.0,0.0,0.0,0.0,0.0,0.0,0.0,6152.0,1.0,60604.0,5150.0,1.0,60617.0
7.602856753001106,0.0,0.0,0.0,0.0,0.0,0.0,0.0,0.0,0.0,0.0,0.0,0.0,0.0,6153.0,1.0,60624.0,5151.0,1.0,60627.0
7.629167364997556,0.0,0.0,0.0,0.0,0.0,0.0,0.0,0.0,0.0,0.0,0.0,0.0,0.0,6154.0,1.0,60644.0,5152.0,1.0,60657.0
7.651889289001701,0.0,0.0,0.0,0.0,0.0,0.0,0.0,0.0,0.0,0.0,0.0,0.0,0.0,6155.0,1.0,60664.0,5153.0,1.0,60677.0
7.669099485996412,0.0,0.0,0.0,0.0,0.0,0.0,0.0,0.0,0.0,0.0,0.0,0.0,0.0,6156.0,1.0,60684.0,5154.0,1.0,60697.0
7.689052807007101,0.0,0.0,0.0,0.0,0.0,0.0,0.0,0.0,0.0,0.0,0.0,0.0,0.0,6157.0,1.0,60704.0,5155.0,1.0,60717.0
7.699230206999346,0.0,0.0,0.0,0.0,0.0,0.0,0.0,0.0,0.0,0.0,0.0,0.0,0.0,6158.0,1.0,60724.0,5156.0,1.0,60727.0
7.751129545009462,0.0,0.0,0.0,0.0,0.0,0.0,0.0,0.0,0.0,0.0,0.0,0.0,0.0,6159.0,1.0,60744.0,5157.0,1.0,60757.0
7.751223598010256,0.0,0.0,0.0,0.0,0.0,0.0,0.0,0.0,0.0,0.0,0.0,0.0,0.0,6160.0,1.0,60764.0,5158.0,1.0,60777.0
7.825425182003528,0.0,0.0,0.0,0.0,0.0,0.0,0.0,0.0,0.0,0.0,0.0,0.0,0.0,6161.0,1.0,60784.0,5159.0,1.0,60796.0
7.825540898003965,0.0,0.0,0.0,0.0,0.0,0.0,0.0,0.0,0.0,0.0,0.0,0.0,0.0,6162.0,1.0,60804.0,5160.0,1.0,60817.0
7.837699345996953,0.0,0.0,0.0,0.0,0.0,0.0,0.0,0.0,0.0,0.0,0.0,0.0,0.0,6165.0,1.0,60864.0,5161.0,1.0,60865.0
7.843781269009924,0.0,0.0,0.0,0.0,0.0,0.0,0.0,0.0,0.0,0.0,0.0,0.0,0.0,6165.0,1.0,60864.0,5162.0,1.0,60872.0
7.871473788007279,0.0,0.0,0.0,0.0,0.0,0.0,0.0,0.0,0.0,0.0,0.0,0.0,0.0,6166.0,1.0,60884.0,5163.0,1.0,60897.0
7.888089872998535,0.0,0.0,0.0,0.0,0.0,0.0,0.0,0.0,0.0,0.0,0.0,0.0,0.0,6167.0,1.0,60904.0,5164.0,1.0,60917.0
7.909302286003367,0.0,0.0,0.0,0.0,0.0,0.0,0.0,0.0,0.0,0.0,0.0,0.0,0.0,6168.0,1.0,60924.0,5165.0,1.0,60937.0
7.919062543005566,0.0,0.0,0.0,0.0,0.0,0.0,0.0,0.0,0.0,0.0,0.0,0.0,0.0,6169.0,1.0,60944.0,5166.0,1.0,60947.0
7.978495597009896,0.0,0.0,0.0,0.0,0.0,0.0,0.0,0.0,0.0,0.0,0.0,0.0,0.0,6170.0,1.0,60964.0,5167.0,1.0,60977.0
7.978604572999757,0.0,0.0,0.0,0.0,0.0,0.0,0.0,0.0,0.0,0.0,0.0,0.0,0.0,6171.0,1.0,60984.0,5168.0,1.0,60997.0
8.044730127003277,0.0,0.0,0.0,0.0,0.0,0.0,0.0,0.0,0.0,0.0,0.0,0.0,0.0,6172.0,1.0,61004.0,5169.0,1.0,61017.0
8.045025215003989,0.0,0.0,0.0,0.0,0.0,0.0,0.0,0.0,0.0,0.0,0.0,0.0,0.0,6173.0,1.0,61024.0,5170.0,1.0,61037.0
8.045086487996741,0.0,0.0,0.0,0.0,0.0,0.0,0.0,0.0,0.0,0.0,0.0,0.0,0.0,6174.0,1.0,61044.0,5171.0,1.0,61047.0
8.048408561997348,0.0,0.0,0.0,0.0,0.0,0.0,0.0,0.0,0.0,0.0,0.0,0.0,0.0,6175.0,1.0,61064.0,5172.0,1.0,61077.0
8.068340580008226,0.0,0.0,0.0,0.0,0.0,0.0,0.0,0.0,0.0,0.0,0.0,0.0,0.0,6176.0,1.0,61084.0,5173.0,1.0,61096.0
8.089952909998829,0.0,0.0,0.0,0.0,0.0,0.0,0.0,0.0,0.0,0.0,0.0,0.0,0.0,6177.0,1.0,61104.0,5174.0,1.0,61116.0
8.10860318300547,0.0,0.0,0.0,0.0,0.0,0.0,0.0,0.0,0.0,0.0,0.0,0.0,0.0,6178.0,1.0,61124.0,5175.0,1.0,61137.0
8.118355478000012,0.0,0.0,0.0,0.0,0.0,0.0,0.0,0.0,0.0,0.0,0.0,0.0,0.0,6179.0,1.0,61144.0,5176.0,1.0,61147.0
8.263068685002509,0.0,0.0,0.0,0.0,0.0,0.0,0.0,0.0,0.0,0.0,0.0,0.0,0.0,6180.0,1.0,61164.0,5177.0,1.0,61177.0
8.26322269900993,0.0,0.0,0.0,0.0,0.0,0.0,0.0,0.0,0.0,0.0,0.0,0.0,0.0,6181.0,1.0,61184.0,5178.0,1.0,61197.0
8.263312955998117,0.0,0.0,0.0,0.0,0.0,0.0,0.0,0.0,0.0,0.0,0.0,0.0,0.0,6182.0,1.0,61204.0,5179.0,1.0,61217.0
8.263379127005464,0.0,0.0,0.0,0.0,0.0,0.0,0.0,0.0,0.0,0.0,0.0,0.0,0.0,6183.0,1.0,61224.0,5180.0,1.0,61237.0
8.263442944007693,0.0,0.0,0.0,0.0,0.0,0.0,0.0,0.0,0.0,0.0,0.0,0.0,0.0,6184.0,1.0,61244.0,5181.0,1.0,61247.0
8.263500790999387,0.0,0.0,0.0,0.0,0.0,0.0,0.0,0.0,0.0,0.0,0.0,0.0,0.0,6185.0,1.0,61264.0,5182.0,1.0,61277.0
8.26834107900504,0.0,0.0,0.0,0.0,0.0,0.0,0.0,0.0,0.0,0.0,0.0,0.0,0.0,6186.0,1.0,61284.0,5183.0,1.0,61297.0
8.291113138999208,0.0,0.0,0.0,0.0,0.0,0.0,0.0,0.0,0.0,0.0,0.0,0.0,0.0,6187.0,1.0,61304.0,5184.0,1.0,61317.0
8.307923589003622,0.0,0.0,0.0,0.0,0.0,0.0,0.0,0.0,0.0,0.0,0.0,0.0,0.0,6188.0,1.0,61324.0,5185.0,1.0,61337.0
8.318200811001589,0.0,0.0,0.0,0.0,0.0,0.0,0.0,0.0,0.0,0.0,0.0,0.0,0.0,6189.0,1.0,61344.0,5186.0,1.0,61347.0
8.3483351879986,0.0,0.0,0.0,0.0,0.0,0.0,0.0,0.0,0.0,0.0,0.0,0.0,0.0,6190.0,1.0,61364.0,5187.0,1.0,61377.0
8.36881866400654,0.0,0.0,0.0,0.0,0.0,0.0,0.0,0.0,0.0,0.0,0.0,0.0,0.0,6191.0,1.0,61384.0,5188.0,1.0,61397.0
8.452495083009126,0.0,0.0,0.0,0.0,0.0,0.0,0.0,0.0,0.0,0.0,0.0,0.0,0.0,6192.0,1.0,61404.0,5189.0,1.0,61417.0
8.452703129005386,0.0,0.0,0.0,0.0,0.0,0.0,0.0,0.0,0.0,0.0,0.0,0.0,0.0,6193.0,1.0,61424.0,5190.0,1.0,61437.0
8.452770090007107,0.0,0.0,0.0,0.0,0.0,0.0,0.0,0.0,0.0,0.0,0.0,0.0,0.0,6194.0,1.0,61444.0,5191.0,1.0,61447.0
8.45282962100464,0.0,0.0,0.0,0.0,0.0,0.0,0.0,0.0,0.0,0.0,0.0,0.0,0.0,6195.0,1.0,61464.0,5192.0,1.0,61477.0
8.48617316900345,0.0,0.0,0.0,0.0,0.0,0.0,0.0,0.0,0.0,0.0,0.0,0.0,0.0,6196.0,1.0,61484.0,5193.0,1.0,61497.0
8.488389266000013,0.0,0.0,0.0,0.0,0.0,0.0,0.0,0.0,0.0,0.0,0.0,0.0,0.0,6197.0,1.0,61504.0,5194.0,1.0,61517.0
8.509401729999809,0.0,0.0,0.0,0.0,0.0,0.0,0.0,0.0,0.0,0.0,0.0,0.0,0.0,6198.0,1.0,61524.0,5195.0,1.0,61537.0
8.518533434005803,0.0,0.0,0.0,0.0,0.0,0.0,0.0,0.0,0.0,0.0,0.0,0.0,0.0,6199.0,1.0,61544.0,5196.0,1.0,61547.0
8.548297073008143,0.0,0.0,0.0,0.0,0.0,0.0,0.0,0.0,0.0,0.0,0.0,0.0,0.0,6200.0,1.0,61564.0,5197.0,1.0,61577.0
8.569637043998227,0.0,0.0,0.0,0.0,0.0,0.0,0.0,0.0,0.0,0.0,0.0,0.0,0.0,6201.0,1.0,61584.0,5198.0,1.0,61597.0
8.599984721004148,0.0,0.0,0.0,0.0,0.0,0.0,0.0,0.0,0.0,0.0,0.0,0.0,0.0,6202.0,1.0,61604.0,5199.0,1.0,61617.0
8.703651741001522,0.0,0.0,0.0,0.0,0.0,0.0,0.0,0.0,0.0,0.0,0.0,0.0,0.0,6203.0,1.0,61624.0,5200.0,1.0,61637.0
8.704025248007383,0.0,0.0,0.0,0.0,0.0,0.0,0.0,0.0,0.0,0.0,0.0,0.0,0.0,6204.0,1.0,61644.0,5201.0,1.0,61647.0
8.704107712997939,0.0,0.0,0.0,0.0,0.0,0.0,0.0,0.0,0.0,0.0,0.0,0.0,0.0,6205.0,1.0,61664.0,5202.0,1.0,61677.0
8.704172220997862,0.0,0.0,0.0,0.0,0.0,0.0,0.0,0.0,0.0,0.0,0.0,0.0,0.0,6206.0,1.0,61684.0,5203.0,1.0,61697.0
8.70422923800652,0.0,0.0,0.0,0.0,0.0,0.0,0.0,0.0,0.0,0.0,0.0,0.0,0.0,6207.0,1.0,61704.0,5204.0,1.0,61717.0
8.70810697900015,0.0,0.0,0.0,0.0,0.0,0.0,0.0,0.0,0.0,0.0,0.0,0.0,0.0,6208.0,1.0,61724.0,5205.0,1.0,61737.0
8.717633211999782,0.0,0.0,0.0,0.0,0.0,0.0,0.0,0.0,0.0,0.0,0.0,0.0,0.0,6209.0,1.0,61744.0,5206.0,1.0,61747.0
8.747673632009537,0.0,0.0,0.0,0.0,0.0,0.0,0.0,0.0,0.0,0.0,0.0,0.0,0.0,6210.0,1.0,61764.0,5207.0,1.0,61776.0
8.768314111002837,0.0,0.0,0.0,0.0,0.0,0.0,0.0,0.0,0.0,0.0,0.0,0.0,0.0,6211.0,1.0,61784.0,5208.0,1.0,61797.0
8.78986226899724,0.0,0.0,0.0,0.0,0.0,0.0,0.0,0.0,0.0,0.0,0.0,0.0,0.0,6212.0,1.0,61804.0,5209.0,1.0,61817.0
8.808915296001942,0.0,0.0,0.0,0.0,0.0,0.0,0.0,0.0,0.0,0.0,0.0,0.0,0.0,6213.0,1.0,61824.0,5210.0,1.0,61837.0
8.924057159005315,0.0,0.0,0.0,0.0,0.0,0.0,0.0,0.0,0.0,0.0,0.0,0.0,0.0,6214.0,1.0,61844.0,5211.0,1.0,61847.0
8.92440363499918,0.0,0.0,0.0,0.0,0.0,0.0,0.0,0.0,0.0,0.0,0.0,0.0,0.0,6215.0,1.0,61864.0,5212.0,1.0,61877.0
8.924476125001092,0.0,0.0,0.0,0.0,0.0,0.0,0.0,0.0,0.0,0.0,0.0,0.0,0.0,6216.0,1.0,61884.0,5213.0,1.0,61897.0
8.9245379089989,0.0,0.0,0.0,0.0,0.0,0.0,0.0,0.0,0.0,0.0,0.0,0.0,0.0,6217.0,1.0,61904.0,5214.0,1.0,61916.0
8.924599393008975,0.0,0.0,0.0,0.0,0.0,0.0,0.0,0.0,0.0,0.0,0.0,0.0,0.0,6218.0,1.0,61924.0,5215.0,1.0,61936.0
8.924663650002913,0.0,0.0,0.0,0.0,0.0,0.0,0.0,0.0,0.0,0.0,0.0,0.0,0.0,6219.0,1.0,61945.0,5216.0,1.0,61946.0
8.953586673000245,0.0,0.0,0.0,0.0,0.0,0.0,0.0,0.0,0.0,0.0,0.0,0.0,0.0,6220.0,1.0,61964.0,5217.0,1.0,61977.0
8.967736029007938,0.0,0.0,0.0,0.0,0.0,0.0,0.0,0.0,0.0,0.0,0.0,0.0,0.0,6221.0,1.0,61984.0,5218.0,1.0,61997.0
9.012839144008467,0.0,0.0,0.0,0.0,0.0,0.0,0.0,0.0,0.0,0.0,0.0,0.0,0.0,6222.0,1.0,62004.0,5219.0,1.0,62017.0
9.01593945400964,0.0,0.0,0.0,0.0,0.0,0.0,0.0,0.0,0.0,0.0,0.0,0.0,0.0,6223.0,1.0,62024.0,5220.0,1.0,62037.0
9.027113240008475,0.0,0.0,0.0,0.0,0.0,0.0,0.0,0.0,0.0,0.0,0.0,0.0,0.0,6224.0,1.0,62044.0,5221.0,1.0,62046.0
9.05573957200977,0.0,0.0,0.0,0.0,0.0,0.0,0.0,0.0,0.0,0.0,0.0,0.0,0.0,6225.0,1.0,62064.0,5222.0,1.0,62077.0
9.14474561699899,0.0,0.0,0.0,0.0,0.0,0.0,0.0,0.0,0.0,0.0,0.0,0.0,0.0,6226.0,1.0,62084.0,5223.0,1.0,62097.0
9.144861413005856,0.0,0.0,0.0,0.0,0.0,0.0,0.0,0.0,0.0,0.0,0.0,0.0,0.0,6227.0,1.0,62104.0,5224.0,1.0,62117.0
9.1449324109999,0.0,0.0,0.0,0.0,0.0,0.0,0.0,0.0,0.0,0.0,0.0,0.0,0.0,6228.0,1.0,62124.0,5225.0,1.0,62137.0
9.144992241999716,0.0,0.0,0.0,0.0,0.0,0.0,0.0,0.0,0.0,0.0,0.0,0.0,0.0,6229.0,1.0,62144.0,5226.0,1.0,62147.0
9.148989945009816,0.0,0.0,0.0,0.0,0.0,0.0,0.0,0.0,0.0,0.0,0.0,0.0,0.0,6230.0,1.0,62164.0,5227.0,1.0,62177.0
9.168964853000944,0.0,0.0,0.0,0.0,0.0,0.0,0.0,0.0,0.0,0.0,0.0,0.0,0.0,6231.0,1.0,62184.0,5228.0,1.0,62197.0
9.18812947900733,0.0,0.0,0.0,0.0,0.0,0.0,0.0,0.0,0.0,0.0,0.0,0.0,0.0,6232.0,1.0,62204.0,5229.0,1.0,62217.0
9.207833776003099,0.0,0.0,0.0,0.0,0.0,0.0,0.0,0.0,0.0,0.0,0.0,0.0,0.0,6233.0,1.0,62224.0,5230.0,1.0,62237.0
9.217669409001246,0.0,0.0,0.0,0.0,0.0,0.0,0.0,0.0,0.0,0.0,0.0,0.0,0.0,6234.0,1.0,62244.0,5231.0,1.0,62246.0
9.248556225007633,0.0,0.0,0.0,0.0,0.0,0.0,0.0,0.0,0.0,0.0,0.0,0.0,0.0,6235.0,1.0,62264.0,5232.0,1.0,62277.0
9.364770747008151,0.0,0.0,0.0,0.0,0.0,0.0,0.0,0.0,0.0,0.0,0.0,0.0,0.0,6236.0,1.0,62284.0,5233.0,1.0,62297.0
9.365094749999116,0.0,0.0,0.0,0.0,0.0,0.0,0.0,0.0,0.0,0.0,0.0,0.0,0.0,6237.0,1.0,62304.0,5234.0,1.0,62317.0
9.365179358006571,0.0,0.0,0.0,0.0,0.0,0.0,0.0,0.0,0.0,0.0,0.0,0.0,0.0,6238.0,1.0,62324.0,5235.0,1.0,62337.0
9.365239799997653,0.0,0.0,0.0,0.0,0.0,0.0,0.0,0.0,0.0,0.0,0.0,0.0,0.0,6239.0,1.0,62344.0,5236.0,1.0,62347.0
9.365302835998591,0.0,0.0,0.0,0.0,0.0,0.0,0.0,0.0,0.0,0.0,0.0,0.0,0.0,6240.0,1.0,62364.0,5237.0,1.0,62377.0
9.368838127003983,0.0,0.0,0.0,0.0,0.0,0.0,0.0,0.0,0.0,0.0,0.0,0.0,0.0,6241.0,1.0,62384.0,5238.0,1.0,62397.0
9.388451685998007,0.0,0.0,0.0,0.0,0.0,0.0,0.0,0.0,0.0,0.0,0.0,0.0,0.0,6242.0,1.0,62404.0,5239.0,1.0,62417.0
9.409610802002135,0.0,0.0,0.0,0.0,0.0,0.0,0.0,0.0,0.0,0.0,0.0,0.0,0.0,6243.0,1.0,62424.0,5240.0,1.0,62437.0
9.44123933200899,0.0,0.0,0.0,0.0,0.0,0.0,0.0,0.0,0.0,0.0,0.0,0.0,0.0,6244.0,1.0,62444.0,5241.0,1.0,62447.0
9.448471217998303,0.0,0.0,0.0,0.0,0.0,0.0,0.0,0.0,0.0,0.0,0.0,0.0,0.0,6245.0,1.0,62464.0,5242.0,1.0,62477.0
9.467916163004702,0.0,0.0,0.0,0.0,0.0,0.0,0.0,0.0,0.0,0.0,0.0,0.0,0.0,6246.0,1.0,62484.0,5243.0,1.0,62497.0
9.582321392997983,0.0,0.0,0.0,0.0,0.0,0.0,0.0,0.0,0.0,0.0,0.0,0.0,0.0,6247.0,1.0,62504.0,5244.0,1.0,62517.0
9.58246819600754,0.0,0.0,0.0,0.0,0.0,0.0,0.0,0.0,0.0,0.0,0.0,0.0,0.0,6248.0,1.0,62524.0,5245.0,1.0,62537.0
9.583275964003406,0.0,0.0,0.0,0.0,0.0,0.0,0.0,0.0,0.0,0.0,0.0,0.0,0.0,6249.0,1.0,62544.0,5246.0,1.0,62546.0
9.584559045004426,0.0,0.0,0.0,0.0,0.0,0.0,0.0,0.0,0.0,0.0,0.0,0.0,0.0,6250.0,1.0,62564.0,5247.0,1.0,62577.0
9.585462639006437,0.0,0.0,0.0,0.0,0.0,0.0,0.0,0.0,0.0,0.0,0.0,0.0,0.0,6251.0,1.0,62584.0,5248.0,1.0,62597.0
9.5884747490054,0.0,0.0,0.0,0.0,0.0,0.0,0.0,0.0,0.0,0.0,0.0,0.0,0.0,6252.0,1.0,62604.0,5249.0,1.0,62616.0
9.610690097004408,0.0,0.0,0.0,0.0,0.0,0.0,0.0,0.0,0.0,0.0,0.0,0.0,0.0,6253.0,1.0,62624.0,5250.0,1.0,62637.0
9.61703158900491,0.0,0.0,0.0,0.0,0.0,0.0,0.0,0.0,0.0,0.0,0.0,0.0,0.0,6254.0,1.0,62645.0,5251.0,1.0,62646.0
9.648909608004033,0.0,0.0,0.0,0.0,0.0,0.0,0.0,0.0,0.0,0.0,0.0,0.0,0.0,6255.0,1.0,62664.0,5252.0,1.0,62677.0
9.669379372004187,0.0,0.0,0.0,0.0,0.0,0.0,0.0,0.0,0.0,0.0,0.0,0.0,0.0,6256.0,1.0,62684.0,5253.0,1.0,62697.0
9.688782704004552,0.0,0.0,0.0,0.0,0.0,0.0,0.0,0.0,0.0,0.0,0.0,0.0,0.0,6257.0,1.0,62704.0,5254.0,1.0,62717.0
10.094806170003721,0.0,0.0,0.0,0.0,0.0,0.0,0.0,0.0,0.0,0.0,0.0,0.0,0.0,6258.0,1.0,62724.0,5255.0,1.0,62737.0
10.094975056999829,0.0,0.0,0.0,0.0,0.0,0.0,0.0,0.0,0.0,0.0,0.0,0.0,0.0,6259.0,1.0,62744.0,5256.0,1.0,62747.0
10.09504525399825,0.0,0.0,0.0,0.0,0.0,0.0,0.0,0.0,0.0,0.0,0.0,0.0,0.0,6260.0,1.0,62764.0,5257.0,1.0,62777.0
10.09510523499921,0.0,0.0,0.0,0.0,0.0,0.0,0.0,0.0,0.0,0.0,0.0,0.0,0.0,6261.0,1.0,62784.0,5258.0,1.0,62798.0
10.095170604006853,0.0,0.0,0.0,0.0,0.0,0.0,0.0,0.0,0.0,0.0,0.0,0.0,0.0,6262.0,1.0,62804.0,5259.0,1.0,62817.0
10.095229323997046,0.0,0.0,0.0,0.0,0.0,0.0,0.0,0.0,0.0,0.0,0.0,0.0,0.0,6273.0,1.0,63024.0,5260.0,1.0,63029.0
10.095363357002498,0.0,0.0,0.0,0.0,0.0,0.0,0.0,0.0,0.0,0.0,0.0,0.0,0.0,6274.0,1.0,63044.0,5261.0,1.0,63057.0
10.09559252600593,0.0,0.0,0.0,0.0,0.0,0.0,0.0,0.0,0.0,0.0,0.0,0.0,0.0,6275.0,1.0,63064.0,5262.0,1.0,63077.0
10.095738087009522,0.0,0.0,0.0,0.0,0.0,0.0,0.0,0.0,0.0,0.0,0.0,0.0,0.0,6276.0,1.0,63084.0,5263.0,1.0,63097.0
10.096038853997015,0.0,0.0,0.0,0.0,0.0,0.0,0.0,0.0,0.0,0.0,0.0,0.0,0.0,6277.0,1.0,63104.0,5264.0,1.0,63117.0
10.10665796000103,0.0,0.0,0.0,0.0,0.0,0.0,0.0,0.0,0.0,0.0,0.0,0.0,0.0,6278.0,1.0,63124.0,5265.0,1.0,63135.0
10.11728972599667,0.0,0.0,0.0,0.0,0.0,0.0,0.0,0.0,0.0,0.0,0.0,0.0,0.0,6279.0,1.0,63144.0,5266.0,1.0,63146.0
10.148887399001978,0.0,0.0,0.0,0.0,0.0,0.0,0.0,0.0,0.0,0.0,0.0,0.0,0.0,6280.0,1.0,63164.0,5267.0,1.0,63177.0
10.168619201009278,0.0,0.0,0.0,0.0,0.0,0.0,0.0,0.0,0.0,0.0,0.0,0.0,0.0,6281.0,1.0,63184.0,5268.0,1.0,63197.0
10.60478497800068,0.0,0.0,0.0,0.0,0.0,0.0,0.0,0.0,0.0,0.0,0.0,0.0,0.0,6283.0,1.0,63224.0,5269.0,1.0,63236.0
10.604956317998585,0.0,0.0,0.0,0.0,0.0,0.0,0.0,0.0,0.0,0.0,0.0,0.0,0.0,6284.0,1.0,63244.0,5270.0,1.0,63257.0
10.605030981998425,0.0,0.0,0.0,0.0,0.0,0.0,0.0,0.0,0.0,0.0,0.0,0.0,0.0,6285.0,1.0,63264.0,5271.0,1.0,63267.0
10.605095420003636,0.0,0.0,0.0,0.0,0.0,0.0,0.0,0.0,0.0,0.0,0.0,0.0,0.0,6286.0,1.0,63284.0,5272.0,1.0,63297.0
10.605157013997086,0.0,0.0,0.0,0.0,0.0,0.0,0.0,0.0,0.0,0.0,0.0,0.0,0.0,6287.0,1.0,63304.0,5273.0,1.0,63317.0
10.605217696007458,0.0,0.0,0.0,0.0,0.0,0.0,0.0,0.0,0.0,0.0,0.0,0.0,0.0,6288.0,1.0,63324.0,5274.0,1.0,63337.0
10.605285069003003,0.0,0.0,0.0,0.0,0.0,0.0,0.0,0.0,0.0,0.0,0.0,0.0,0.0,6289.0,1.0,63344.0,5275.0,1.0,63357.0
10.605347263001022,0.0,0.0,0.0,0.0,0.0,0.0,0.0,0.0,0.0,0.0,0.0,0.0,0.0,6290.0,1.0,63364.0,5276.0,1.0,63367.0
10.605403709007078,0.0,0.0,0.0,0.0,0.0,0.0,0.0,0.0,0.0,0.0,0.0,0.0,0.0,6291.0,1.0,63384.0,5277.0,1.0,63397.0
10.605461487008142,0.0,0.0,0.0,0.0,0.0,0.0,0.0,0.0,0.0,0.0,0.0,0.0,0.0,6292.0,1.0,63404.0,5278.0,1.0,63416.0
10.6055151890032,0.0,0.0,0.0,0.0,0.0,0.0,0.0,0.0,0.0,0.0,0.0,0.0,0.0,6293.0,1.0,63424.0,5279.0,1.0,63437.0
10.605569571009255,0.0,0.0,0.0,0.0,0.0,0.0,0.0,0.0,0.0,0.0,0.0,0.0,0.0,6294.0,1.0,63444.0,5280.0,1.0,63457.0
10.60562265200133,0.0,0.0,0.0,0.0,0.0,0.0,0.0,0.0,0.0,0.0,0.0,0.0,0.0,6295.0,1.0,63464.0,5281.0,1.0,63467.0
10.605681622007978,0.0,0.0,0.0,0.0,0.0,0.0,0.0,0.0,0.0,0.0,0.0,0.0,0.0,6296.0,1.0,63484.0,5282.0,1.0,63497.0
10.60574370600807,0.0,0.0,0.0,0.0,0.0,0.0,0.0,0.0,0.0,0.0,0.0,0.0,0.0,6297.0,1.0,63504.0,5283.0,1.0,63517.0
10.60583711900108,0.0,0.0,0.0,0.0,0.0,0.0,0.0,0.0,0.0,0.0,0.0,0.0,0.0,6298.0,1.0,63524.0,5284.0,1.0,63537.0
10.605970240998431,0.0,0.0,0.0,0.0,0.0,0.0,0.0,0.0,0.0,0.0,0.0,0.0,0.0,6299.0,1.0,63544.0,5285.0,1.0,63557.0
10.606098026008112,0.0,0.0,0.0,0.0,0.0,0.0,0.0,0.0,0.0,0.0,0.0,0.0,0.0,6300.0,1.0,63564.0,5286.0,1.0,63567.0
10.606227602998842,0.0,0.0,0.0,0.0,0.0,0.0,0.0,0.0,0.0,0.0,0.0,0.0,0.0,6301.0,1.0,63584.0,5287.0,1.0,63597.0
10.60633642799803,0.0,0.0,0.0,0.0,0.0,0.0,0.0,0.0,0.0,0.0,0.0,0.0,0.0,6302.0,1.0,63604.0,5288.0,1.0,63617.0
10.606441188007011,0.0,0.0,0.0,0.0,0.0,0.0,0.0,0.0,0.0,0.0,0.0,0.0,0.0,6303.0,1.0,63624.0,5289.0,1.0,63625.0
10.628153226003633,0.0,0.0,0.0,0.0,0.0,0.0,0.0,0.0,0.0,0.0,0.0,0.0,0.0,6304.0,1.0,63644.0,5290.0,1.0,63656.0
10.635771749002743,0.0,0.0,0.0,0.0,0.0,0.0,0.0,0.0,0.0,0.0,0.0,0.0,0.0,6305.0,1.0,63664.0,5291.0,1.0,63666.0
10.668787176997284,0.0,0.0,0.0,0.0,0.0,0.0,0.0,0.0,0.0,0.0,0.0,0.0,0.0,6306.0,1.0,63684.0,5292.0,1.0,63697.0
10.690097864004201,0.0,0.0,0.0,0.0,0.0,0.0,0.0,0.0,0.0,0.0,0.0,0.0,0.0,6307.0,1.0,63704.0,5293.0,1.0,63717.0
10.708056030009175,0.0,0.0,0.0,0.0,0.0,0.0,0.0,0.0,0.0,0.0,0.0,0.0,0.0,6308.0,1.0,63724.0,5294.0,1.0,63737.0
11.115713092003716,0.0,0.0,0.0,0.0,0.0,0.0,0.0,0.0,0.0,0.0,0.0,0.0,0.0,6309.0,1.0,63744.0,5295.0,1.0,63757.0
11.115944534001756,0.0,0.0,0.0,0.0,0.0,0.0,0.0,0.0,0.0,0.0,0.0,0.0,0.0,6310.0,1.0,63764.0,5296.0,1.0,63766.0
11.116025517010712,0.0,0.0,0.0,0.0,0.0,0.0,0.0,0.0,0.0,0.0,0.0,0.0,0.0,6311.0,1.0,63784.0,5297.0,1.0,63797.0
11.116091518008034,0.0,0.0,0.0,0.0,0.0,0.0,0.0,0.0,0.0,0.0,0.0,0.0,0.0,6312.0,1.0,63804.0,5298.0,1.0,63817.0
11.116154203002225,0.0,0.0,0.0,0.0,0.0,0.0,0.0,0.0,0.0,0.0,0.0,0.0,0.0,6313.0,1.0,63824.0,5299.0,1.0,63837.0
11.11626183699991,0.0,0.0,0.0,0.0,0.0,0.0,0.0,0.0,0.0,0.0,0.0,0.0,0.0,6314.0,1.0,63844.0,5300.0,1.0,63857.0
11.116375500001595,0.0,0.0,0.0,0.0,0.0,0.0,0.0,0.0,0.0,0.0,0.0,0.0,0.0,6315.0,1.0,63864.0,5301.0,1.0,63867.0
11.116451656009303,0.0,0.0,0.0,0.0,0.0,0.0,0.0,0.0,0.0,0.0,0.0,0.0,0.0,6316.0,1.0,63884.0,5302.0,1.0,63897.0
11.116514941997593,0.0,0.0,0.0,0.0,0.0,0.0,0.0,0.0,0.0,0.0,0.0,0.0,0.0,6317.0,1.0,63904.0,5303.0,1.0,63917.0
11.116571988997748,0.0,0.0,0.0,0.0,0.0,0.0,0.0,0.0,0.0,0.0,0.0,0.0,0.0,6318.0,1.0,63924.0,5304.0,1.0,63937.0
11.1166288050008,0.0,0.0,0.0,0.0,0.0,0.0,0.0,0.0,0.0,0.0,0.0,0.0,0.0,6319.0,1.0,63944.0,5305.0,1.0,63957.0
11.116790191008477,0.0,0.0,0.0,0.0,0.0,0.0,0.0,0.0,0.0,0.0,0.0,0.0,0.0,6320.0,1.0,63964.0,5306.0,1.0,63966.0
11.116890043005696,0.0,0.0,0.0,0.0,0.0,0.0,0.0,0.0,0.0,0.0,0.0,0.0,0.0,6321.0,1.0,63984.0,5307.0,1.0,63997.0
11.117019520010217,0.0,0.0,0.0,0.0,0.0,0.0,0.0,0.0,0.0,0.0,0.0,0.0,0.0,6322.0,1.0,64004.0,5308.0,1.0,64017.0
11.117127364006592,0.0,0.0,0.0,0.0,0.0,0.0,0.0,0.0,0.0,0.0,0.0,0.0,0.0,6323.0,1.0,64024.0,5309.0,1.0,64037.0
11.11724550400686,0.0,0.0,0.0,0.0,0.0,0.0,0.0,0.0,0.0,0.0,0.0,0.0,0.0,6324.0,1.0,64044.0,5310.0,1.0,64057.0
11.117400629998883,0.0,0.0,0.0,0.0,0.0,0.0,0.0,0.0,0.0,0.0,0.0,0.0,0.0,6325.0,1.0,64064.0,5311.0,1.0,64066.0
11.117511999007547,0.0,0.0,0.0,0.0,0.0,0.0,0.0,0.0,0.0,0.0,0.0,0.0,0.0,6326.0,1.0,64084.0,5312.0,1.0,64097.0
11.117630378998001,0.0,0.0,0.0,0.0,0.0,0.0,0.0,0.0,0.0,0.0,0.0,0.0,0.0,6327.0,1.0,64104.0,5313.0,1.0,64117.0
11.117727367003681,0.0,0.0,0.0,0.0,0.0,0.0,0.0,0.0,0.0,0.0,0.0,0.0,0.0,6328.0,1.0,64124.0,5314.0,1.0,64137.0
11.128004715006682,0.0,0.0,0.0,0.0,0.0,0.0,0.0,0.0,0.0,0.0,0.0,0.0,0.0,6329.0,1.0,64144.0,5315.0,1.0,64157.0
11.139946566996514,0.0,0.0,0.0,0.0,0.0,0.0,0.0,0.0,0.0,0.0,0.0,0.0,0.0,6330.0,1.0,64164.0,5316.0,1.0,64167.0
11.166675658998429,0.0,0.0,0.0,0.0,0.0,0.0,0.0,0.0,0.0,0.0,0.0,0.0,0.0,6331.0,1.0,64184.0,5317.0,1.0,64197.0
11.187951173007605,0.0,0.0,0.0,0.0,0.0,0.0,0.0,0.0,0.0,0.0,0.0,0.0,0.0,6332.0,1.0,64204.0,5318.0,1.0,64217.0
11.20783894500346,0.0,0.0,0.0,0.0,0.0,0.0,0.0,0.0,0.0,0.0,0.0,0.0,0.0,6333.0,1.0,64224.0,5319.0,1.0,64237.0
11.623782929003937,0.0,0.0,0.0,0.0,0.0,0.0,0.0,0.0,0.0,0.0,0.0,0.0,0.0,6334.0,1.0,64244.0,5320.0,1.0,64257.0
11.623968351006624,0.0,0.0,0.0,0.0,0.0,0.0,0.0,0.0,0.0,0.0,0.0,0.0,0.0,6335.0,1.0,64264.0,5321.0,1.0,64267.0
11.624049143996672,0.0,0.0,0.0,0.0,0.0,0.0,0.0,0.0,0.0,0.0,0.0,0.0,0.0,6336.0,1.0,64284.0,5322.0,1.0,64297.0
11.624114753998583,0.0,0.0,0.0,0.0,0.0,0.0,0.0,0.0,0.0,0.0,0.0,0.0,0.0,6337.0,1.0,64304.0,5323.0,1.0,64317.0
11.624177730001975,0.0,0.0,0.0,0.0,0.0,0.0,0.0,0.0,0.0,0.0,0.0,0.0,0.0,6338.0,1.0,64324.0,5324.0,1.0,64337.0
11.62423931399826,0.0,0.0,0.0,0.0,0.0,0.0,0.0,0.0,0.0,0.0,0.0,0.0,0.0,6339.0,1.0,64344.0,5325.0,1.0,64357.0
11.624313387001166,0.0,0.0,0.0,0.0,0.0,0.0,0.0,0.0,0.0,0.0,0.0,0.0,0.0,6340.0,1.0,64364.0,5326.0,1.0,64367.0
11.62437581201084,0.0,0.0,0.0,0.0,0.0,0.0,0.0,0.0,0.0,0.0,0.0,0.0,0.0,6341.0,1.0,64384.0,5327.0,1.0,64397.0
11.624439207997057,0.0,0.0,0.0,0.0,0.0,0.0,0.0,0.0,0.0,0.0,0.0,0.0,0.0,6342.0,1.0,64404.0,5328.0,1.0,64417.0
11.624496415010071,0.0,0.0,0.0,0.0,0.0,0.0,0.0,0.0,0.0,0.0,0.0,0.0,0.0,6343.0,1.0,64424.0,5329.0,1.0,64437.0
11.624606933997711,0.0,0.0,0.0,0.0,0.0,0.0,0.0,0.0,0.0,0.0,0.0,0.0,0.0,6344.0,1.0,64444.0,5330.0,1.0,64457.0
11.624720706997323,0.0,0.0,0.0,0.0,0.0,0.0,0.0,0.0,0.0,0.0,0.0,0.0,0.0,6345.0,1.0,64464.0,5331.0,1.0,64467.0
11.624816263007233,0.0,0.0,0.0,0.0,0.0,0.0,0.0,0.0,0.0,0.0,0.0,0.0,0.0,6346.0,1.0,64484.0,5332.0,1.0,64497.0
11.624928313001874,0.0,0.0,0.0,0.0,0.0,0.0,0.0,0.0,0.0,0.0,0.0,0.0,0.0,6347.0,1.0,64504.0,5333.0,1.0,64517.0
11.625027002999559,0.0,0.0,0.0,0.0,0.0,0.0,0.0,0.0,0.0,0.0,0.0,0.0,0.0,6348.0,1.0,64524.0,5334.0,1.0,64537.0
11.625134257003083,0.0,0.0,0.0,0.0,0.0,0.0,0.0,0.0,0.0,0.0,0.0,0.0,0.0,6349.0,1.0,64544.0,5335.0,1.0,64557.0
11.625399591008318,0.0,0.0,0.0,0.0,0.0,0.0,0.0,0.0,0.0,0.0,0.0,0.0,0.0,6350.0,1.0,64564.0,5336.0,1.0,64567.0
11.625514997009304,0.0,0.0,0.0,0.0,0.0,0.0,0.0,0.0,0.0,0.0,0.0,0.0,0.0,6351.0,1.0,64584.0,5337.0,1.0,64597.0
11.625603341002716,0.0,0.0,0.0,0.0,0.0,0.0,0.0,0.0,0.0,0.0,0.0,0.0,0.0,6352.0,1.0,64604.0,5338.0,1.0,64617.0
11.625704555000993,0.0,0.0,0.0,0.0,0.0,0.0,0.0,0.0,0.0,0.0,0.0,0.0,0.0,6353.0,1.0,64624.0,5339.0,1.0,64637.0
11.629850758996326,0.0,0.0,0.0,0.0,0.0,0.0,0.0,0.0,0.0,0.0,0.0,0.0,0.0,6354.0,1.0,64644.0,5340.0,1.0,64657.0
11.635561546005192,0.0,0.0,0.0,0.0,0.0,0.0,0.0,0.0,0.0,0.0,0.0,0.0,0.0,6355.0,1.0,64664.0,5341.0,1.0,64666.0
11.669690619004541,0.0,0.0,0.0,0.0,0.0,0.0,0.0,0.0,0.0,0.0,0.0,0.0,0.0,6356.0,1.0,64684.0,5342.0,1.0,64697.0
11.688043998001376,0.0,0.0,0.0,0.0,0.0,0.0,0.0,0.0,0.0,0.0,0.0,0.0,0.0,6357.0,1.0,64704.0,5343.0,1.0,64717.0
11.70779717800906,0.0,0.0,0.0,0.0,0.0,0.0,0.0,0.0,0.0,0.0,0.0,0.0,0.0,6358.0,1.0,64724.0,5344.0,1.0,64737.0
11.727672735010856,0.0,0.0,0.0,0.0,0.0,0.0,0.0,0.0,0.0,0.0,0.0,0.0,0.0,6359.0,1.0,64744.0,5345.0,1.0,64757.0
12.137274307999178,0.0,0.0,0.0,0.0,0.0,0.0,0.0,0.0,0.0,0.0,0.0,0.0,0.0,6360.0,1.0,64764.0,5346.0,1.0,64767.0
12.137451358008548,0.0,0.0,0.0,0.0,0.0,0.0,0.0,0.0,0.0,0.0,0.0,0.0,0.0,6361.0,1.0,64784.0,5347.0,1.0,64797.0
12.137521395008662,0.0,0.0,0.0,0.0,0.0,0.0,0.0,0.0,0.0,0.0,0.0,0.0,0.0,6362.0,1.0,64804.0,5348.0,1.0,64817.0
12.137582477997057,0.0,0.0,0.0,0.0,0.0,0.0,0.0,0.0,0.0,0.0,0.0,0.0,0.0,6373.0,1.0,65024.0,5349.0,1.0,65028.0
12.137639685010072,0.0,0.0,0.0,0.0,0.0,0.0,0.0,0.0,0.0,0.0,0.0,0.0,0.0,6374.0,1.0,65044.0,5350.0,1.0,65047.0
12.13769948600384,0.0,0.0,0.0,0.0,0.0,0.0,0.0,0.0,0.0,0.0,0.0,0.0,0.0,6375.0,1.0,65064.0,5351.0,1.0,65077.0
12.137755490999552,0.0,0.0,0.0,0.0,0.0,0.0,0.0,0.0,0.0,0.0,0.0,0.0,0.0,6376.0,1.0,65084.0,5352.0,1.0,65096.0
12.137812278000638,0.0,0.0,0.0,0.0,0.0,0.0,0.0,0.0,0.0,0.0,0.0,0.0,0.0,6377.0,1.0,65104.0,5353.0,1.0,65117.0
12.137866731005488,0.0,0.0,0.0,0.0,0.0,0.0,0.0,0.0,0.0,0.0,0.0,0.0,0.0,6378.0,1.0,65124.0,5354.0,1.0,65137.0
12.137946422008099,0.0,0.0,0.0,0.0,0.0,0.0,0.0,0.0,0.0,0.0,0.0,0.0,0.0,6379.0,1.0,65144.0,5355.0,1.0,65157.0
12.138061878009466,0.0,0.0,0.0,0.0,0.0,0.0,0.0,0.0,0.0,0.0,0.0,0.0,0.0,6380.0,1.0,65164.0,5356.0,1.0,65167.0
12.168896313000005,0.0,0.0,0.0,0.0,0.0,0.0,0.0,0.0,0.0,0.0,0.0,0.0,0.0,6381.0,1.0,65184.0,5357.0,1.0,65197.0
12.187481906003086,0.0,0.0,0.0,0.0,0.0,0.0,0.0,0.0,0.0,0.0,0.0,0.0,0.0,6382.0,1.0,65204.0,5358.0,1.0,65217.0
12.207323381007882,0.0,0.0,0.0,0.0,0.0,0.0,0.0,0.0,0.0,0.0,0.0,0.0,0.0,6383.0,1.0,65224.0,5359.0,1.0,65237.0
12.229137570000603,0.0,0.0,0.0,0.0,0.0,0.0,0.0,0.0,0.0,0.0,0.0,0.0,0.0,6384.0,1.0,65244.0,5360.0,1.0,65257.0
12.237676333010313,0.0,0.0,0.0,0.0,0.0,0.0,0.0,0.0,0.0,0.0,0.0,0.0,0.0,6385.0,1.0,65265.0,5361.0,1.0,65266.0
12.643726723006694,0.0,0.0,0.0,0.0,0.0,0.0,0.0,0.0,0.0,0.0,0.0,0.0,0.0,6386.0,1.0,65284.0,5362.0,1.0,65297.0
12.643966497998917,0.0,0.0,0.0,0.0,0.0,0.0,0.0,0.0,0.0,0.0,0.0,0.0,0.0,6387.0,1.0,65304.0,5363.0,1.0,65317.0
12.644041923005716,0.0,0.0,0.0,0.0,0.0,0.0,0.0,0.0,0.0,0.0,0.0,0.0,0.0,6388.0,1.0,65324.0,5364.0,1.0,65337.0
12.644107704007183,0.0,0.0,0.0,0.0,0.0,0.0,0.0,0.0,0.0,0.0,0.0,0.0,0.0,6389.0,1.0,65344.0,5365.0,1.0,65358.0
12.644168116006767,0.0,0.0,0.0,0.0,0.0,0.0,0.0,0.0,0.0,0.0,0.0,0.0,0.0,6390.0,1.0,65364.0,5366.0,1.0,65367.0
12.644226183998398,0.0,0.0,0.0,0.0,0.0,0.0,0.0,0.0,0.0,0.0,0.0,0.0,0.0,6391.0,1.0,65384.0,5367.0,1.0,65397.0
12.644293286008178,0.0,0.0,0.0,0.0,0.0,0.0,0.0,0.0,0.0,0.0,0.0,0.0,0.0,6392.0,1.0,65404.0,5368.0,1.0,65416.0
12.644352657007403,0.0,0.0,0.0,0.0,0.0,0.0,0.0,0.0,0.0,0.0,0.0,0.0,0.0,6393.0,1.0,65424.0,5369.0,1.0,65437.0
12.644408421998378,0.0,0.0,0.0,0.0,0.0,0.0,0.0,0.0,0.0,0.0,0.0,0.0,0.0,6394.0,1.0,65444.0,5370.0,1.0,65457.0
12.644462463998934,0.0,0.0,0.0,0.0,0.0,0.0,0.0,0.0,0.0,0.0,0.0,0.0,0.0,6395.0,1.0,65464.0,5371.0,1.0,65468.0
12.644541685003787,0.0,0.0,0.0,0.0,0.0,0.0,0.0,0.0,0.0,0.0,0.0,0.0,0.0,6396.0,1.0,65484.0,5372.0,1.0,65487.0
12.644620254999609,0.0,0.0,0.0,0.0,0.0,0.0,0.0,0.0,0.0,0.0,0.0,0.0,0.0,6397.0,1.0,65504.0,5373.0,1.0,65517.0
12.644698224001331,0.0,0.0,0.0,0.0,0.0,0.0,0.0,0.0,0.0,0.0,0.0,0.0,0.0,6398.0,1.0,65524.0,5374.0,2.0,1.0
12.644774169006268,0.0,0.0,0.0,0.0,0.0,0.0,0.0,0.0,0.0,0.0,0.0,0.0,0.0,6399.0,2.0,8.0,5375.0,2.0,21.0
12.645029478007928,0.0,0.0,0.0,0.0,0.0,0.0,0.0,0.0,0.0,0.0,0.0,0.0,0.0,6400.0,2.0,28.0,5376.0,2.0,31.0
12.645108269003686,0.0,0.0,0.0,0.0,0.0,0.0,0.0,0.0,0.0,0.0,0.0,0.0,0.0,6401.0,2.0,48.0,5377.0,2.0,51.0
12.645195051009068,0.0,0.0,0.0,0.0,0.0,0.0,0.0,0.0,0.0,0.0,0.0,0.0,0.0,6402.0,2.0,68.0,5378.0,2.0,81.0
12.64528063099715,0.0,0.0,0.0,0.0,0.0,0.0,0.0,0.0,0.0,0.0,0.0,0.0,0.0,6403.0,2.0,88.0,5379.0,2.0,101.0
12.645361173999845,0.0,0.0,0.0,0.0,0.0,0.0,0.0,0.0,0.0,0.0,0.0,0.0,0.0,6404.0,2.0,108.0,5380.0,2.0,121.0
12.645457771010115,0.0,0.0,0.0,0.0,0.0,0.0,0.0,0.0,0.0,0.0,0.0,0.0,0.0,6405.0,2.0,128.0,5381.0,2.0,131.0
12.666779696010053,0.0,0.0,0.0,0.0,0.0,0.0,0.0,0.0,0.0,0.0,0.0,0.0,0.0,6406.0,2.0,148.0,5382.0,2.0,161.0
12.687784527006443,0.0,0.0,0.0,0.0,0.0,0.0,0.0,0.0,0.0,0.0,0.0,0.0,0.0,6407.0,2.0,168.0,5383.0,2.0,181.0
12.70825123800023,0.0,0.0,0.0,0.0,0.0,0.0,0.0,0.0,0.0,0.0,0.0,0.0,0.0,6408.0,2.0,188.0,5384.0,2.0,201.0
12.726991218005423,0.0,0.0,0.0,0.0,0.0,0.0,0.0,0.0,0.0,0.0,0.0,0.0,0.0,6409.0,2.0,208.0,5385.0,2.0,221.0
12.739177330004168,0.0,0.0,0.0,0.0,0.0,0.0,0.0,0.0,0.0,0.0,0.0,0.0,0.0,6410.0,2.0,228.0,5386.0,2.0,231.0
13.154400460000033,0.0,0.0,0.0,0.0,0.0,0.0,0.0,0.0,0.0,0.0,0.0,0.0,0.0,6411.0,2.0,248.0,5387.0,2.0,251.0
13.154686466004932,0.0,0.0,0.0,0.0,0.0,0.0,0.0,0.0,0.0,0.0,0.0,0.0,0.0,6412.0,2.0,268.0,5388.0,2.0,281.0
13.154758105010842,0.0,0.0,0.0,0.0,0.0,0.0,0.0,0.0,0.0,0.0,0.0,0.0,0.0,6413.0,2.0,288.0,5389.0,2.0,301.0
13.154818356997566,0.0,0.0,0.0,0.0,0.0,0.0,0.0,0.0,0.0,0.0,0.0,0.0,0.0,6414.0,2.0,308.0,5390.0,2.0,321.0
13.154874903004384,0.0,0.0,0.0,0.0,0.0,0.0,0.0,0.0,0.0,0.0,0.0,0.0,0.0,6415.0,2.0,328.0,5391.0,2.0,331.0
13.154930087010143,0.0,0.0,0.0,0.0,0.0,0.0,0.0,0.0,0.0,0.0,0.0,0.0,0.0,6416.0,2.0,348.0,5392.0,2.0,361.0
13.154988766997121,0.0,0.0,0.0,0.0,0.0,0.0,0.0,0.0,0.0,0.0,0.0,0.0,0.0,6417.0,2.0,368.0,5393.0,2.0,381.0
13.155044592000195,0.0,0.0,0.0,0.0,0.0,0.0,0.0,0.0,0.0,0.0,0.0,0.0,0.0,6418.0,2.0,388.0,5394.0,2.0,401.0
13.155098394010565,0.0,0.0,0.0,0.0,0.0,0.0,0.0,0.0,0.0,0.0,0.0,0.0,0.0,6419.0,2.0,408.0,5395.0,2.0,421.0
13.155152466002619,0.0,0.0,0.0,0.0,0.0,0.0,0.0,0.0,0.0,0.0,0.0,0.0,0.0,6420.0,2.0,428.0,5396.0,2.0,431.0
13.155205777002266,0.0,0.0,0.0,0.0,0.0,0.0,0.0,0.0,0.0,0.0,0.0,0.0,0.0,6421.0,2.0,448.0,5397.0,2.0,461.0
13.155266119007138,0.0,0.0,0.0,0.0,0.0,0.0,0.0,0.0,0.0,0.0,0.0,0.0,0.0,6422.0,2.0,468.0,5398.0,2.0,481.0
13.155324128005304,0.0,0.0,0.0,0.0,0.0,0.0,0.0,0.0,0.0,0.0,0.0,0.0,0.0,6423.0,2.0,488.0,5399.0,2.0,501.0
13.155378139999812,0.0,0.0,0.0,0.0,0.0,0.0,0.0,0.0,0.0,0.0,0.0,0.0,0.0,6424.0,2.0,508.0,5400.0,2.0,521.0
13.155432612998993,0.0,0.0,0.0,0.0,0.0,0.0,0.0,0.0,0.0,0.0,0.0,0.0,0.0,6425.0,2.0,528.0,5401.0,2.0,531.0
13.155485253009829,0.0,0.0,0.0,0.0,0.0,0.0,0.0,0.0,0.0,0.0,0.0,0.0,0.0,6426.0,2.0,548.0,5402.0,2.0,561.0
13.155546427005902,0.0,0.0,0.0,0.0,0.0,0.0,0.0,0.0,0.0,0.0,0.0,0.0,0.0,6427.0,2.0,568.0,5403.0,2.0,581.0
13.157348433000152,0.0,0.0,0.0,0.0,0.0,0.0,0.0,0.0,0.0,0.0,0.0,0.0,0.0,6428.0,2.0,588.0,5404.0,2.0,601.0
13.157410327010439,0.0,0.0,0.0,0.0,0.0,0.0,0.0,0.0,0.0,0.0,0.0,0.0,0.0,6429.0,2.0,608.0,5405.0,2.0,621.0
13.163935782009503,0.0,0.0,0.0,0.0,0.0,0.0,0.0,0.0,0.0,0.0,0.0,0.0,0.0,6430.0,2.0,628.0,5406.0,2.0,631.0
13.176432257008855,0.0,0.0,0.0,0.0,0.0,0.0,0.0,0.0,0.0,0.0,0.0,0.0,0.0,6431.0,2.0,648.0,5407.0,2.0,661.0
13.186875432002125,0.0,0.0,0.0,0.0,0.0,0.0,0.0,0.0,0.0,0.0,0.0,0.0,0.0,6432.0,2.0,668.0,5408.0,2.0,680.0
13.208164997005952,0.0,0.0,0.0,0.0,0.0,0.0,0.0,0.0,0.0,0.0,0.0,0.0,0.0,6433.0,2.0,688.0,5409.0,2.0,700.0
13.228104936002637,0.0,0.0,0.0,0.0,0.0,0.0,0.0,0.0,0.0,0.0,0.0,0.0,0.0,6434.0,2.0,708.0,5410.0,2.0,720.0
13.236566571009462,0.0,0.0,0.0,0.0,0.0,0.0,0.0,0.0,0.0,0.0,0.0,0.0,0.0,6435.0,2.0,728.0,5411.0,2.0,730.0
13.663896860001842,0.0,0.0,0.0,0.0,0.0,0.0,0.0,0.0,0.0,0.0,0.0,0.0,0.0,6436.0,2.0,748.0,5412.0,2.0,761.0
13.66436910101038,0.0,0.0,0.0,0.0,0.0,0.0,0.0,0.0,0.0,0.0,0.0,0.0,0.0,6437.0,2.0,768.0,5413.0,2.0,781.0
13.664467080001486,0.0,0.0,0.0,0.0,0.0,0.0,0.0,0.0,0.0,0.0,0.0,0.0,0.0,6439.0,2.0,808.0,5415.0,2.0,821.0
13.66452898499847,0.0,0.0,0.0,0.0,0.0,0.0,0.0,0.0,0.0,0.0,0.0,0.0,0.0,6440.0,2.0,828.0,5416.0,2.0,831.0
13.664588065003045,0.0,0.0,0.0,0.0,0.0,0.0,0.0,0.0,0.0,0.0,0.0,0.0,0.0,6441.0,2.0,848.0,5417.0,2.0,861.0
13.664644531003432,0.0,0.0,0.0,0.0,0.0,0.0,0.0,0.0,0.0,0.0,0.0,0.0,0.0,6442.0,2.0,868.0,5418.0,2.0,881.0
13.664700285997242,0.0,0.0,0.0,0.0,0.0,0.0,0.0,0.0,0.0,0.0,0.0,0.0,0.0,6443.0,2.0,888.0,5419.0,2.0,901.0
13.664759236009559,0.0,0.0,0.0,0.0,0.0,0.0,0.0,0.0,0.0,0.0,0.0,0.0,0.0,6444.0,2.0,908.0,5420.0,2.0,921.0
13.664814219999244,0.0,0.0,0.0,0.0,0.0,0.0,0.0,0.0,0.0,0.0,0.0,0.0,0.0,6445.0,2.0,928.0,5421.0,2.0,931.0
13.664869633998023,0.0,0.0,0.0,0.0,0.0,0.0,0.0,0.0,0.0,0.0,0.0,0.0,0.0,6446.0,2.0,948.0,5422.0,2.0,961.0
13.664923126008944,0.0,0.0,0.0,0.0,0.0,0.0,0.0,0.0,0.0,0.0,0.0,0.0,0.0,6447.0,2.0,968.0,5423.0,2.0,981.0
13.664976717001991,0.0,0.0,0.0,0.0,0.0,0.0,0.0,0.0,0.0,0.0,0.0,0.0,0.0,6448.0,2.0,988.0,5424.0,2.0,1001.0
13.665029758005403,0.0,0.0,0.0,0.0,0.0,0.0,0.0,0.0,0.0,0.0,0.0,0.0,0.0,6449.0,2.0,1008.0,5425.0,2.0,1021.0
13.66508202800469,0.0,0.0,0.0,0.0,0.0,0.0,0.0,0.0,0.0,0.0,0.0,0.0,0.0,6450.0,2.0,1028.0,5426.0,2.0,1031.0
13.665134618000593,0.0,0.0,0.0,0.0,0.0,0.0,0.0,0.0,0.0,0.0,0.0,0.0,0.0,6451.0,2.0,1048.0,5427.0,2.0,1061.0
13.66518814000301,0.0,0.0,0.0,0.0,0.0,0.0,0.0,0.0,0.0,0.0,0.0,0.0,0.0,6452.0,2.0,1068.0,5428.0,2.0,1081.0
13.665241982002044,0.0,0.0,0.0,0.0,0.0,0.0,0.0,0.0,0.0,0.0,0.0,0.0,0.0,6453.0,2.0,1088.0,5429.0,2.0,1101.0
13.665300772001501,0.0,0.0,0.0,0.0,0.0,0.0,0.0,0.0,0.0,0.0,0.0,0.0,0.0,6454.0,2.0,1108.0,5430.0,2.0,1121.0
13.665356026001973,0.0,0.0,0.0,0.0,0.0,0.0,0.0,0.0,0.0,0.0,0.0,0.0,0.0,6455.0,2.0,1128.0,5431.0,2.0,1131.0
13.666903065008228,0.0,0.0,0.0,0.0,0.0,0.0,0.0,0.0,0.0,0.0,0.0,0.0,0.0,6456.0,2.0,1148.0,5432.0,2.0,1161.0
13.68791351999971,0.0,0.0,0.0,0.0,0.0,0.0,0.0,0.0,0.0,0.0,0.0,0.0,0.0,6457.0,2.0,1168.0,5433.0,2.0,1181.0
13.710606741005904,0.0,0.0,0.0,0.0,0.0,0.0,0.0,0.0,0.0,0.0,0.0,0.0,0.0,6458.0,2.0,1188.0,5434.0,2.0,1201.0
13.72679898700153,0.0,0.0,0.0,0.0,0.0,0.0,0.0,0.0,0.0,0.0,0.0,0.0,0.0,6459.0,2.0,1208.0,5435.0,2.0,1221.0
13.736561236000853,0.0,0.0,0.0,0.0,0.0,0.0,0.0,0.0,0.0,0.0,0.0,0.0,0.0,6460.0,2.0,1228.0,5436.0,2.0,1231.0
13.766444082008093,0.0,0.0,0.0,0.0,0.0,0.0,0.0,0.0,0.0,0.0,0.0,0.0,0.0,6461.0,2.0,1248.0,5437.0,2.0,1261.0
14.174792092002463,0.0,0.0,0.0,0.0,0.0,0.0,0.0,0.0,0.0,0.0,0.0,0.0,0.0,6462.0,2.0,1268.0,5438.0,2.0,1281.0
14.174972888009506,0.0,0.0,0.0,0.0,0.0,0.0,0.0,0.0,0.0,0.0,0.0,0.0,0.0,6473.0,2.0,1488.0,5439.0,2.0,1492.0
14.175044457006152,0.0,0.0,0.0,0.0,0.0,0.0,0.0,0.0,0.0,0.0,0.0,0.0,0.0,6474.0,2.0,1508.0,5440.0,2.0,1511.0
14.175106081005652,0.0,0.0,0.0,0.0,0.0,0.0,0.0,0.0,0.0,0.0,0.0,0.0,0.0,6475.0,2.0,1528.0,5441.0,2.0,1541.0
14.175164088999736,0.0,0.0,0.0,0.0,0.0,0.0,0.0,0.0,0.0,0.0,0.0,0.0,0.0,6476.0,2.0,1548.0,5442.0,2.0,1562.0
14.175256681002793,0.0,0.0,0.0,0.0,0.0,0.0,0.0,0.0,0.0,0.0,0.0,0.0,0.0,6477.0,2.0,1568.0,5443.0,2.0,1581.0
14.175355501007289,0.0,0.0,0.0,0.0,0.0,0.0,0.0,0.0,0.0,0.0,0.0,0.0,0.0,6478.0,2.0,1588.0,5444.0,2.0,1601.0
14.175441341998521,0.0,0.0,0.0,0.0,0.0,0.0,0.0,0.0,0.0,0.0,0.0,0.0,0.0,6479.0,2.0,1608.0,5445.0,2.0,1621.0
14.175542306009447,0.0,0.0,0.0,0.0,0.0,0.0,0.0,0.0,0.0,0.0,0.0,0.0,0.0,6480.0,2.0,1629.0,5446.0,2.0,1630.0
14.175640386005398,0.0,0.0,0.0,0.0,0.0,0.0,0.0,0.0,0.0,0.0,0.0,0.0,0.0,6481.0,2.0,1648.0,5447.0,2.0,1661.0
14.186720825004159,0.0,0.0,0.0,0.0,0.0,0.0,0.0,0.0,0.0,0.0,0.0,0.0,0.0,6482.0,2.0,1668.0,5448.0,2.0,1680.0
14.208668418999878,0.0,0.0,0.0,0.0,0.0,0.0,0.0,0.0,0.0,0.0,0.0,0.0,0.0,6483.0,2.0,1688.0,5449.0,2.0,1701.0
14.22828053100966,0.0,0.0,0.0,0.0,0.0,0.0,0.0,0.0,0.0,0.0,0.0,0.0,0.0,6484.0,2.0,1708.0,5450.0,2.0,1721.0
14.23592623200966,0.0,0.0,0.0,0.0,0.0,0.0,0.0,0.0,0.0,0.0,0.0,0.0,0.0,6485.0,2.0,1728.0,5451.0,2.0,1731.0
14.266277082002489,0.0,0.0,0.0,0.0,0.0,0.0,0.0,0.0,0.0,0.0,0.0,0.0,0.0,6486.0,2.0,1748.0,5452.0,2.0,1761.0
14.689381734002382,0.0,0.0,0.0,0.0,0.0,0.0,0.0,0.0,0.0,0.0,0.0,0.0,0.0,6487.0,2.0,1768.0,5453.0,2.0,1781.0
14.68962165999983,0.0,0.0,0.0,0.0,0.0,0.0,0.0,0.0,0.0,0.0,0.0,0.0,0.0,6488.0,2.0,1788.0,5454.0,2.0,1801.0
14.689694802000304,0.0,0.0,0.0,0.0,0.0,0.0,0.0,0.0,0.0,0.0,0.0,0.0,0.0,6489.0,2.0,1808.0,5455.0,2.0,1821.0
14.689756246007164,0.0,0.0,0.0,0.0,0.0,0.0,0.0,0.0,0.0,0.0,0.0,0.0,0.0,6490.0,2.0,1828.0,5456.0,2.0,1831.0
14.689814213998034,0.0,0.0,0.0,0.0,0.0,0.0,0.0,0.0,0.0,0.0,0.0,0.0,0.0,6491.0,2.0,1848.0,5457.0,2.0,1861.0
14.689870069996687,0.0,0.0,0.0,0.0,0.0,0.0,0.0,0.0,0.0,0.0,0.0,0.0,0.0,6492.0,2.0,1868.0,5458.0,2.0,1881.0
14.689925334008876,0.0,0.0,0.0,0.0,0.0,0.0,0.0,0.0,0.0,0.0,0.0,0.0,0.0,6493.0,2.0,1888.0,5459.0,2.0,1901.0
14.689982241005055,0.0,0.0,0.0,0.0,0.0,0.0,0.0,0.0,0.0,0.0,0.0,0.0,0.0,6494.0,2.0,1908.0,5460.0,2.0,1921.0
14.690037245003623,0.0,0.0,0.0,0.0,0.0,0.0,0.0,0.0,0.0,0.0,0.0,0.0,0.0,6495.0,2.0,1928.0,5461.0,2.0,1931.0
14.690091687996755,0.0,0.0,0.0,0.0,0.0,0.0,0.0,0.0,0.0,0.0,0.0,0.0,0.0,6496.0,2.0,1948.0,5462.0,2.0,1961.0
14.690146250999533,0.0,0.0,0.0,0.0,0.0,0.0,0.0,0.0,0.0,0.0,0.0,0.0,0.0,6497.0,2.0,1968.0,5463.0,2.0,1982.0
14.690199963006307,0.0,0.0,0.0,0.0,0.0,0.0,0.0,0.0,0.0,0.0,0.0,0.0,0.0,6498.0,2.0,1988.0,5464.0,2.0,2001.0
14.69025646900991,0.0,0.0,0.0,0.0,0.0,0.0,0.0,0.0,0.0,0.0,0.0,0.0,0.0,6499.0,2.0,2008.0,5465.0,2.0,2021.0
14.690313697006786,0.0,0.0,0.0,0.0,0.0,0.0,0.0,0.0,0.0,0.0,0.0,0.0,0.0,6500.0,2.0,2028.0,5466.0,2.0,2031.0
14.690368991010473,0.0,0.0,0.0,0.0,0.0,0.0,0.0,0.0,0.0,0.0,0.0,0.0,0.0,6501.0,2.0,2048.0,5467.0,2.0,2061.0
14.690422763000242,0.0,0.0,0.0,0.0,0.0,0.0,0.0,0.0,0.0,0.0,0.0,0.0,0.0,6502.0,2.0,2068.0,5468.0,2.0,2081.0
14.690478618009365,0.0,0.0,0.0,0.0,0.0,0.0,0.0,0.0,0.0,0.0,0.0,0.0,0.0,6503.0,2.0,2088.0,5469.0,2.0,2101.0
14.690636600003927,0.0,0.0,0.0,0.0,0.0,0.0,0.0,0.0,0.0,0.0,0.0,0.0,0.0,6504.0,2.0,2108.0,5470.0,2.0,2120.0
14.690730543006794,0.0,0.0,0.0,0.0,0.0,0.0,0.0,0.0,0.0,0.0,0.0,0.0,0.0,6505.0,2.0,2128.0,5471.0,2.0,2130.0
14.690823345008539,0.0,0.0,0.0,0.0,0.0,0.0,0.0,0.0,0.0,0.0,0.0,0.0,0.0,6506.0,2.0,2148.0,5472.0,2.0,2161.0
14.6909024350025,0.0,0.0,0.0,0.0,0.0,0.0,0.0,0.0,0.0,0.0,0.0,0.0,0.0,6507.0,2.0,2168.0,5473.0,2.0,2181.0
14.706898821008508,0.0,0.0,0.0,0.0,0.0,0.0,0.0,0.0,0.0,0.0,0.0,0.0,0.0,6508.0,2.0,2188.0,5474.0,2.0,2201.0
14.728879390997463,0.0,0.0,0.0,0.0,0.0,0.0,0.0,0.0,0.0,0.0,0.0,0.0,0.0,6509.0,2.0,2208.0,5475.0,2.0,2221.0
14.736064377008006,0.0,0.0,0.0,0.0,0.0,0.0,0.0,0.0,0.0,0.0,0.0,0.0,0.0,6510.0,2.0,2228.0,5476.0,2.0,2231.0
14.766695601007086,0.0,0.0,0.0,0.0,0.0,0.0,0.0,0.0,0.0,0.0,0.0,0.0,0.0,6511.0,2.0,2248.0,5477.0,2.0,2261.0
14.787361834009062,0.0,0.0,0.0,0.0,0.0,0.0,0.0,0.0,0.0,0.0,0.0,0.0,0.0,6512.0,2.0,2268.0,5478.0,2.0,2281.0
14.80613485800859,0.0,0.0,0.0,0.0,0.0,0.0,0.0,0.0,0.0,0.0,0.0,0.0,0.0,6513.0,2.0,2288.0,5479.0,2.0,2301.0
14.829456264007604,0.0,0.0,0.0,0.0,0.0,0.0,0.0,0.0,0.0,0.0,0.0,0.0,0.0,6514.0,2.0,2308.0,5480.0,2.0,2320.0
14.842584491998423,0.0,0.0,0.0,0.0,0.0,0.0,0.0,0.0,0.0,0.0,0.0,0.0,0.0,6515.0,2.0,2328.0,5481.0,2.0,2331.0
14.866236093002954,0.0,0.0,0.0,0.0,0.0,0.0,0.0,0.0,0.0,0.0,0.0,0.0,0.0,6516.0,2.0,2348.0,5482.0,2.0,2361.0
14.890400465999846,0.0,0.0,0.0,0.0,0.0,0.0,0.0,0.0,0.0,0.0,0.0,0.0,0.0,6517.0,2.0,2368.0,5483.0,2.0,2381.0
14.906502573008765,0.0,0.0,0.0,0.0,0.0,0.0,0.0,0.0,0.0,0.0,0.0,0.0,0.0,6518.0,2.0,2388.0,5484.0,2.0,2401.0
14.92722618400876,0.0,0.0,0.0,0.0,0.0,0.0,0.0,0.0,0.0,0.0,0.0,0.0,0.0,6519.0,2.0,2408.0,5485.0,2.0,2421.0
14.935797416008427,0.0,0.0,0.0,0.0,0.0,0.0,0.0,0.0,0.0,0.0,0.0,0.0,0.0,6520.0,2.0,2428.0,5486.0,2.0,2430.0
15.049774173006881,0.0,0.0,0.0,0.0,0.0,0.0,0.0,0.0,0.0,0.0,0.0,0.0,0.0,6521.0,2.0,2448.0,5487.0,2.0,2461.0
15.050015371001791,0.0,0.0,0.0,0.0,0.0,0.0,0.0,0.0,0.0,0.0,0.0,0.0,0.0,6522.0,2.0,2468.0,5488.0,2.0,2481.0
15.0500834150007,0.0,0.0,0.0,0.0,0.0,0.0,0.0,0.0,0.0,0.0,0.0,0.0,0.0,6523.0,2.0,2488.0,5489.0,2.0,2501.0
15.050144068009104,0.0,0.0,0.0,0.0,0.0,0.0,0.0,0.0,0.0,0.0,0.0,0.0,0.0,6524.0,2.0,2508.0,5490.0,2.0,2521.0
15.0502009740012,0.0,0.0,0.0,0.0,0.0,0.0,0.0,0.0,0.0,0.0,0.0,0.0,0.0,6525.0,2.0,2528.0,5491.0,2.0,2530.0
15.169067064009141,0.0,0.0,0.0,0.0,0.0,0.0,0.0,0.0,0.0,0.0,0.0,0.0,0.0,6526.0,2.0,2548.0,5492.0,2.0,2561.0
15.169485292004538,0.0,0.0,0.0,0.0,0.0,0.0,0.0,0.0,0.0,0.0,0.0,0.0,0.0,6527.0,2.0,2568.0,5493.0,2.0,2581.0
15.169572796003195,0.0,0.0,0.0,0.0,0.0,0.0,0.0,0.0,0.0,0.0,0.0,0.0,0.0,6528.0,2.0,2588.0,5494.0,2.0,2601.0
15.169630764008616,0.0,0.0,0.0,0.0,0.0,0.0,0.0,0.0,0.0,0.0,0.0,0.0,0.0,6529.0,2.0,2608.0,5495.0,2.0,2621.0
15.169686389010167,0.0,0.0,0.0,0.0,0.0,0.0,0.0,0.0,0.0,0.0,0.0,0.0,0.0,6530.0,2.0,2628.0,5496.0,2.0,2631.0
15.169741603007424,0.0,0.0,0.0,0.0,0.0,0.0,0.0,0.0,0.0,0.0,0.0,0.0,0.0,6531.0,2.0,2648.0,5497.0,2.0,2661.0
15.276912041008472,0.0,0.0,0.0,0.0,0.0,0.0,0.0,0.0,0.0,0.0,0.0,0.0,0.0,6532.0,2.0,2668.0,5498.0,2.0,2681.0
15.277285090007354,0.0,0.0,0.0,0.0,0.0,0.0,0.0,0.0,0.0,0.0,0.0,0.0,0.0,6533.0,2.0,2688.0,5499.0,2.0,2701.0
15.277353044002666,0.0,0.0,0.0,0.0,0.0,0.0,0.0,0.0,0.0,0.0,0.0,0.0,0.0,6534.0,2.0,2708.0,5500.0,2.0,2721.0
15.277411734001362,0.0,0.0,0.0,0.0,0.0,0.0,0.0,0.0,0.0,0.0,0.0,0.0,0.0,6535.0,2.0,2728.0,5501.0,2.0,2731.0
15.277467038002214,0.0,0.0,0.0,0.0,0.0,0.0,0.0,0.0,0.0,0.0,0.0,0.0,0.0,6536.0,2.0,2748.0,5502.0,2.0,2761.0
15.28669162800361,0.0,0.0,0.0,0.0,0.0,0.0,0.0,0.0,0.0,0.0,0.0,0.0,0.0,6537.0,2.0,2768.0,5503.0,2.0,2781.0
15.313293220999185,0.0,0.0,0.0,0.0,0.0,0.0,0.0,0.0,0.0,0.0,0.0,0.0,0.0,6538.0,2.0,2788.0,5504.0,2.0,2801.0
15.325951261009322,0.0,0.0,0.0,0.0,0.0,0.0,0.0,0.0,0.0,0.0,0.0,0.0,0.0,6539.0,2.0,2808.0,5505.0,2.0,2821.0
15.337297108999337,0.0,0.0,0.0,0.0,0.0,0.0,0.0,0.0,0.0,0.0,0.0,0.0,0.0,6540.0,2.0,2828.0,5506.0,2.0,2831.0
15.365804560002289,0.0,0.0,0.0,0.0,0.0,0.0,0.0,0.0,0.0,0.0,0.0,0.0,0.0,6541.0,2.0,2848.0,5507.0,2.0,2861.0
15.494560393010033,0.0,0.0,0.0,0.0,0.0,0.0,0.0,0.0,0.0,0.0,0.0,0.0,0.0,6542.0,2.0,2868.0,5508.0,2.0,2881.0
15.494792258003145,0.0,0.0,0.0,0.0,0.0,0.0,0.0,0.0,0.0,0.0,0.0,0.0,0.0,6543.0,2.0,2888.0,5509.0,2.0,2901.0
15.495051564008463,0.0,0.0,0.0,0.0,0.0,0.0,0.0,0.0,0.0,0.0,0.0,0.0,0.0,6544.0,2.0,2908.0,5510.0,2.0,2921.0
15.495298200010438,0.0,0.0,0.0,0.0,0.0,0.0,0.0,0.0,0.0,0.0,0.0,0.0,0.0,6545.0,2.0,2928.0,5511.0,2.0,2931.0
15.495525778009323,0.0,0.0,0.0,0.0,0.0,0.0,0.0,0.0,0.0,0.0,0.0,0.0,0.0,6546.0,2.0,2948.0,5512.0,2.0,2961.0
15.49568968800304,0.0,0.0,0.0,0.0,0.0,0.0,0.0,0.0,0.0,0.0,0.0,0.0,0.0,6547.0,2.0,2968.0,5513.0,2.0,2981.0
15.505628840008285,0.0,0.0,0.0,0.0,0.0,0.0,0.0,0.0,0.0,0.0,0.0,0.0,0.0,6548.0,2.0,2988.0,5514.0,2.0,3001.0
15.528330205997918,0.0,0.0,0.0,0.0,0.0,0.0,0.0,0.0,0.0,0.0,0.0,0.0,0.0,6549.0,2.0,3008.0,5515.0,2.0,3021.0
15.53555457200855,0.0,0.0,0.0,0.0,0.0,0.0,0.0,0.0,0.0,0.0,0.0,0.0,0.0,6550.0,2.0,3028.0,5516.0,2.0,3031.0
15.5656600479997,0.0,0.0,0.0,0.0,0.0,0.0,0.0,0.0,0.0,0.0,0.0,0.0,0.0,6551.0,2.0,3048.0,5517.0,2.0,3061.0
15.586626343007083,0.0,0.0,0.0,0.0,0.0,0.0,0.0,0.0,0.0,0.0,0.0,0.0,0.0,6552.0,2.0,3068.0,5518.0,2.0,3081.0
15.712262411005213,0.0,0.0,0.0,0.0,0.0,0.0,0.0,0.0,0.0,0.0,0.0,0.0,0.0,6553.0,2.0,3088.0,5519.0,2.0,3100.0
15.712396896997234,0.0,0.0,0.0,0.0,0.0,0.0,0.0,0.0,0.0,0.0,0.0,0.0,0.0,6554.0,2.0,3108.0,5520.0,2.0,3121.0
15.712467314006062,0.0,0.0,0.0,0.0,0.0,0.0,0.0,0.0,0.0,0.0,0.0,0.0,0.0,6555.0,2.0,3128.0,5521.0,2.0,3131.0
15.712531331999344,0.0,0.0,0.0,0.0,0.0,0.0,0.0,0.0,0.0,0.0,0.0,0.0,0.0,6556.0,2.0,3148.0,5522.0,2.0,3161.0
15.712602371000685,0.0,0.0,0.0,0.0,0.0,0.0,0.0,0.0,0.0,0.0,0.0,0.0,0.0,6557.0,2.0,3168.0,5523.0,2.0,3181.0
15.712660479010083,0.0,0.0,0.0,0.0,0.0,0.0,0.0,0.0,0.0,0.0,0.0,0.0,0.0,6558.0,2.0,3188.0,5524.0,2.0,3201.0
15.727402999007609,0.0,0.0,0.0,0.0,0.0,0.0,0.0,0.0,0.0,0.0,0.0,0.0,0.0,6559.0,2.0,3208.0,5525.0,2.0,3221.0
15.735551425008452,0.0,0.0,0.0,0.0,0.0,0.0,0.0,0.0,0.0,0.0,0.0,0.0,0.0,6560.0,2.0,3228.0,5526.0,2.0,3231.0
15.76556057400012,0.0,0.0,0.0,0.0,0.0,0.0,0.0,0.0,0.0,0.0,0.0,0.0,0.0,6561.0,2.0,3248.0,5527.0,2.0,3260.0
15.785377364009037,0.0,0.0,0.0,0.0,0.0,0.0,0.0,0.0,0.0,0.0,0.0,0.0,0.0,6562.0,2.0,3268.0,5528.0,2.0,3281.0
15.800680560001638,0.0,0.0,0.0,0.0,0.0,0.0,0.0,0.0,0.0,0.0,0.0,0.0,0.0,6563.0,2.0,3288.0,5529.0,2.0,3295.0
15.934551095997449,0.0,0.0,0.0,0.0,0.0,0.0,0.0,0.0,0.0,0.0,0.0,0.0,0.0,6564.0,2.0,3308.0,5530.0,2.0,3321.0
15.934929794006166,0.0,0.0,0.0,0.0,0.0,0.0,0.0,0.0,0.0,0.0,0.0,0.0,0.0,6565.0,2.0,3328.0,5531.0,2.0,3331.0
15.935192926001037,0.0,0.0,0.0,0.0,0.0,0.0,0.0,0.0,0.0,0.0,0.0,0.0,0.0,6566.0,2.0,3348.0,5532.0,2.0,3361.0
15.935358068003552,0.0,0.0,0.0,0.0,0.0,0.0,0.0,0.0,0.0,0.0,0.0,0.0,0.0,6567.0,2.0,3368.0,5533.0,2.0,3381.0
15.935414564999519,0.0,0.0,0.0,0.0,0.0,0.0,0.0,0.0,0.0,0.0,0.0,0.0,0.0,6568.0,2.0,3388.0,5534.0,2.0,3401.0
15.935470841010101,0.0,0.0,0.0,0.0,0.0,0.0,0.0,0.0,0.0,0.0,0.0,0.0,0.0,6569.0,2.0,3408.0,5535.0,2.0,3421.0
15.95526490600605,0.0,0.0,0.0,0.0,0.0,0.0,0.0,0.0,0.0,0.0,0.0,0.0,0.0,6570.0,2.0,3428.0,5536.0,2.0,3430.0
15.986611316999188,0.0,0.0,0.0,0.0,0.0,0.0,0.0,0.0,0.0,0.0,0.0,0.0,0.0,6571.0,2.0,3448.0,5537.0,2.0,3460.0
15.986945077005657,0.0,0.0,0.0,0.0,0.0,0.0,0.0,0.0,0.0,0.0,0.0,0.0,0.0,6572.0,2.0,3468.0,5538.0,2.0,3481.0
16.015823157998966,0.0,0.0,0.0,0.0,0.0,0.0,0.0,0.0,0.0,0.0,0.0,0.0,0.0,6573.0,2.0,3488.0,5539.0,2.0,3500.0
16.031437769008335,0.0,0.0,0.0,0.0,0.0,0.0,0.0,0.0,0.0,0.0,0.0,0.0,0.0,6574.0,2.0,3508.0,5540.0,2.0,3521.0
16.037620413000695,0.0,0.0,0.0,0.0,0.0,0.0,0.0,0.0,0.0,0.0,0.0,0.0,0.0,6575.0,2.0,3528.0,5541.0,2.0,3530.0
16.154639198008226,0.0,0.0,0.0,0.0,0.0,0.0,0.0,0.0,0.0,0.0,0.0,0.0,0.0,6576.0,2.0,3548.0,5542.0,2.0,3560.0
16.155016224001884,0.0,0.0,0.0,0.0,0.0,0.0,0.0,0.0,0.0,0.0,0.0,0.0,0.0,6577.0,2.0,3568.0,5543.0,2.0,3581.0
16.15529308700934,0.0,0.0,0.0,0.0,0.0,0.0,0.0,0.0,0.0,0.0,0.0,0.0,0.0,6578.0,2.0,3588.0,5544.0,2.0,3600.0
16.15552735500387,0.0,0.0,0.0,0.0,0.0,0.0,0.0,0.0,0.0,0.0,0.0,0.0,0.0,6579.0,2.0,3608.0,5545.0,2.0,3621.0
16.155765278002946,0.0,0.0,0.0,0.0,0.0,0.0,0.0,0.0,0.0,0.0,0.0,0.0,0.0,6580.0,2.0,3628.0,5546.0,2.0,3631.0
16.16597236999951,0.0,0.0,0.0,0.0,0.0,0.0,0.0,0.0,0.0,0.0,0.0,0.0,0.0,6581.0,2.0,3648.0,5547.0,2.0,3661.0
16.186481677999836,0.0,0.0,0.0,0.0,0.0,0.0,0.0,0.0,0.0,0.0,0.0,0.0,0.0,6582.0,2.0,3668.0,5548.0,2.0,3681.0
16.205111985007534,0.0,0.0,0.0,0.0,0.0,0.0,0.0,0.0,0.0,0.0,0.0,0.0,0.0,6583.0,2.0,3688.0,5549.0,2.0,3701.0
16.227479570996366,0.0,0.0,0.0,0.0,0.0,0.0,0.0,0.0,0.0,0.0,0.0,0.0,0.0,6584.0,2.0,3708.0,5550.0,2.0,3721.0
16.236334127010196,0.0,0.0,0.0,0.0,0.0,0.0,0.0,0.0,0.0,0.0,0.0,0.0,0.0,6585.0,2.0,3728.0,5551.0,2.0,3730.0
16.37222246499732,0.0,0.0,0.0,0.0,0.0,0.0,0.0,0.0,0.0,0.0,0.0,0.0,0.0,6586.0,2.0,3748.0,5552.0,2.0,3761.0
16.37278694700217,0.0,0.0,0.0,0.0,0.0,0.0,0.0,0.0,0.0,0.0,0.0,0.0,0.0,6587.0,2.0,3768.0,5553.0,2.0,3781.0
16.373112554996624,0.0,0.0,0.0,0.0,0.0,0.0,0.0,0.0,0.0,0.0,0.0,0.0,0.0,6588.0,2.0,3788.0,5554.0,2.0,3801.0
16.373183563002385,0.0,0.0,0.0,0.0,0.0,0.0,0.0,0.0,0.0,0.0,0.0,0.0,0.0,6589.0,2.0,3808.0,5555.0,2.0,3821.0
16.373254421007005,0.0,0.0,0.0,0.0,0.0,0.0,0.0,0.0,0.0,0.0,0.0,0.0,0.0,6590.0,2.0,3828.0,5556.0,2.0,3830.0
16.373409829000593,0.0,0.0,0.0,0.0,0.0,0.0,0.0,0.0,0.0,0.0,0.0,0.0,0.0,6591.0,2.0,3848.0,5557.0,2.0,3861.0
16.404013945997576,0.0,0.0,0.0,0.0,0.0,0.0,0.0,0.0,0.0,0.0,0.0,0.0,0.0,6592.0,2.0,3868.0,5558.0,2.0,3881.0
16.405928180000046,0.0,0.0,0.0,0.0,0.0,0.0,0.0,0.0,0.0,0.0,0.0,0.0,0.0,6593.0,2.0,3888.0,5559.0,2.0,3901.0
16.4249388090102,0.0,0.0,0.0,0.0,0.0,0.0,0.0,0.0,0.0,0.0,0.0,0.0,0.0,6594.0,2.0,3908.0,5560.0,2.0,3920.0
16.437705682998057,0.0,0.0,0.0,0.0,0.0,0.0,0.0,0.0,0.0,0.0,0.0,0.0,0.0,6595.0,2.0,3929.0,5561.0,2.0,3930.0
16.467125155002577,0.0,0.0,0.0,0.0,0.0,0.0,0.0,0.0,0.0,0.0,0.0,0.0,0.0,6596.0,2.0,3948.0,5562.0,2.0,3961.0
16.578395578006166,0.0,0.0,0.0,0.0,0.0,0.0,0.0,0.0,0.0,0.0,0.0,0.0,0.0,6597.0,2.0,3968.0,5563.0,2.0,3981.0
16.578717140000663,0.0,0.0,0.0,0.0,0.0,0.0,0.0,0.0,0.0,0.0,0.0,0.0,0.0,6598.0,2.0,3988.0,5564.0,2.0,4001.0
16.57894950499758,0.0,0.0,0.0,0.0,0.0,0.0,0.0,0.0,0.0,0.0,0.0,0.0,0.0,6599.0,2.0,4008.0,5565.0,2.0,4021.0
16.57916917100374,0.0,0.0,0.0,0.0,0.0,0.0,0.0,0.0,0.0,0.0,0.0,0.0,0.0,6600.0,2.0,4029.0,5566.0,2.0,4031.0
16.591840851004235,0.0,0.0,0.0,0.0,0.0,0.0,0.0,0.0,0.0,0.0,0.0,0.0,0.0,6601.0,2.0,4048.0,5567.0,2.0,4060.0
16.59190994700475,0.0,0.0,0.0,0.0,0.0,0.0,0.0,0.0,0.0,0.0,0.0,0.0,0.0,6602.0,2.0,4068.0,5568.0,2.0,4080.0
16.606660335004563,0.0,0.0,0.0,0.0,0.0,0.0,0.0,0.0,0.0,0.0,0.0,0.0,0.0,6603.0,2.0,4088.0,5569.0,2.0,4101.0
16.627139520001947,0.0,0.0,0.0,0.0,0.0,0.0,0.0,0.0,0.0,0.0,0.0,0.0,0.0,6604.0,2.0,4108.0,5570.0,2.0,4121.0
16.63464825799747,0.0,0.0,0.0,0.0,0.0,0.0,0.0,0.0,0.0,0.0,0.0,0.0,0.0,6605.0,2.0,4128.0,5571.0,2.0,4131.0
16.667376719007734,0.0,0.0,0.0,0.0,0.0,0.0,0.0,0.0,0.0,0.0,0.0,0.0,0.0,6606.0,2.0,4148.0,5572.0,2.0,4161.0
16.686830756996642,0.0,0.0,0.0,0.0,0.0,0.0,0.0,0.0,0.0,0.0,0.0,0.0,0.0,6607.0,2.0,4168.0,5573.0,2.0,4181.0
16.82290781100164,0.0,0.0,0.0,0.0,0.0,0.0,0.0,0.0,0.0,0.0,0.0,0.0,0.0,6608.0,2.0,4188.0,5574.0,2.0,4201.0
16.82317069200508,0.0,0.0,0.0,0.0,0.0,0.0,0.0,0.0,0.0,0.0,0.0,0.0,0.0,6609.0,2.0,4208.0,5575.0,2.0,4221.0
16.823237074000644,0.0,0.0,0.0,0.0,0.0,0.0,0.0,0.0,0.0,0.0,0.0,0.0,0.0,6610.0,2.0,4229.0,5576.0,2.0,4232.0
16.823302834003698,0.0,0.0,0.0,0.0,0.0,0.0,0.0,0.0,0.0,0.0,0.0,0.0,0.0,6611.0,2.0,4248.0,5577.0,2.0,4251.0
16.823361244008993,0.0,0.0,0.0,0.0,0.0,0.0,0.0,0.0,0.0,0.0,0.0,0.0,0.0,6612.0,2.0,4268.0,5578.0,2.0,4281.0
16.82341833099781,0.0,0.0,0.0,0.0,0.0,0.0,0.0,0.0,0.0,0.0,0.0,0.0,0.0,6613.0,2.0,4288.0,5579.0,2.0,4300.0
16.827748930998496,0.0,0.0,0.0,0.0,0.0,0.0,0.0,0.0,0.0,0.0,0.0,0.0,0.0,6614.0,2.0,4308.0,5580.0,2.0,4320.0
16.83378853299655,0.0,0.0,0.0,0.0,0.0,0.0,0.0,0.0,0.0,0.0,0.0,0.0,0.0,6615.0,2.0,4328.0,5581.0,2.0,4330.0
16.865783241999452,0.0,0.0,0.0,0.0,0.0,0.0,0.0,0.0,0.0,0.0,0.0,0.0,0.0,6616.0,2.0,4348.0,5582.0,2.0,4361.0
16.889735596996616,0.0,0.0,0.0,0.0,0.0,0.0,0.0,0.0,0.0,0.0,0.0,0.0,0.0,6617.0,2.0,4368.0,5583.0,2.0,4381.0
16.90663222600415,0.0,0.0,0.0,0.0,0.0,0.0,0.0,0.0,0.0,0.0,0.0,0.0,0.0,6618.0,2.0,4388.0,5584.0,2.0,4401.0
16.947345772001427,0.0,0.0,0.0,0.0,0.0,0.0,0.0,0.0,0.0,0.0,0.0,0.0,0.0,6619.0,2.0,4408.0,5585.0,2.0,4421.0
16.94763714799774,0.0,0.0,0.0,0.0,0.0,0.0,0.0,0.0,0.0,0.0,0.0,0.0,0.0,6620.0,2.0,4428.0,5586.0,2.0,4431.0
17.042830284000956,0.0,0.0,0.0,0.0,0.0,0.0,0.0,0.0,0.0,0.0,0.0,0.0,0.0,6621.0,2.0,4448.0,5587.0,2.0,4461.0
17.043225538000115,0.0,0.0,0.0,0.0,0.0,0.0,0.0,0.0,0.0,0.0,0.0,0.0,0.0,6622.0,2.0,4468.0,5588.0,2.0,4481.0
17.043545117005124,0.0,0.0,0.0,0.0,0.0,0.0,0.0,0.0,0.0,0.0,0.0,0.0,0.0,6623.0,2.0,4488.0,5589.0,2.0,4500.0
17.043759695006884,0.0,0.0,0.0,0.0,0.0,0.0,0.0,0.0,0.0,0.0,0.0,0.0,0.0,6624.0,2.0,4508.0,5590.0,2.0,4521.0
17.043831274000695,0.0,0.0,0.0,0.0,0.0,0.0,0.0,0.0,0.0,0.0,0.0,0.0,0.0,6625.0,2.0,4528.0,5591.0,2.0,4531.0
17.06517792600789,0.0,0.0,0.0,0.0,0.0,0.0,0.0,0.0,0.0,0.0,0.0,0.0,0.0,6626.0,2.0,4548.0,5592.0,2.0,4561.0
17.08582218400261,0.0,0.0,0.0,0.0,0.0,0.0,0.0,0.0,0.0,0.0,0.0,0.0,0.0,6627.0,2.0,4568.0,5593.0,2.0,4581.0
17.105836187998648,0.0,0.0,0.0,0.0,0.0,0.0,0.0,0.0,0.0,0.0,0.0,0.0,0.0,6628.0,2.0,4588.0,5594.0,2.0,4601.0
17.125762648007367,0.0,0.0,0.0,0.0,0.0,0.0,0.0,0.0,0.0,0.0,0.0,0.0,0.0,6629.0,2.0,4608.0,5595.0,2.0,4621.0
17.135337785002775,0.0,0.0,0.0,0.0,0.0,0.0,0.0,0.0,0.0,0.0,0.0,0.0,0.0,6630.0,2.0,4628.0,5596.0,2.0,4631.0
17.188674507997348,0.0,0.0,0.0,0.0,0.0,0.0,0.0,0.0,0.0,0.0,0.0,0.0,0.0,6631.0,2.0,4648.0,5597.0,2.0,4661.0
17.2440619560075,0.0,0.0,0.0,0.0,0.0,0.0,0.0,0.0,0.0,0.0,0.0,0.0,0.0,6632.0,2.0,4668.0,5598.0,2.0,4681.0
17.244163982002647,0.0,0.0,0.0,0.0,0.0,0.0,0.0,0.0,0.0,0.0,0.0,0.0,0.0,6633.0,2.0,4688.0,5599.0,2.0,4701.0
17.24423454000498,0.0,0.0,0.0,0.0,0.0,0.0,0.0,0.0,0.0,0.0,0.0,0.0,0.0,6634.0,2.0,4708.0,5600.0,2.0,4721.0
17.244307111002854,0.0,0.0,0.0,0.0,0.0,0.0,0.0,0.0,0.0,0.0,0.0,0.0,0.0,6635.0,2.0,4728.0,5601.0,2.0,4731.0
17.270169736002572,0.0,0.0,0.0,0.0,0.0,0.0,0.0,0.0,0.0,0.0,0.0,0.0,0.0,6636.0,2.0,4748.0,5602.0,2.0,4761.0
17.286050952010555,0.0,0.0,0.0,0.0,0.0,0.0,0.0,0.0,0.0,0.0,0.0,0.0,0.0,6637.0,2.0,4768.0,5603.0,2.0,4780.0
17.305154645000584,0.0,0.0,0.0,0.0,0.0,0.0,0.0,0.0,0.0,0.0,0.0,0.0,0.0,6638.0,2.0,4788.0,5604.0,2.0,4801.0
17.32500621100189,0.0,0.0,0.0,0.0,0.0,0.0,0.0,0.0,0.0,0.0,0.0,0.0,0.0,6639.0,2.0,4808.0,5605.0,2.0,4821.0
17.335053048998816,0.0,0.0,0.0,0.0,0.0,0.0,0.0,0.0,0.0,0.0,0.0,0.0,0.0,6640.0,2.0,4828.0,5606.0,2.0,4831.0
17.43236735800747,0.0,0.0,0.0,0.0,0.0,0.0,0.0,0.0,0.0,0.0,0.0,0.0,0.0,6641.0,2.0,4848.0,5607.0,2.0,4861.0
17.432677782999235,0.0,0.0,0.0,0.0,0.0,0.0,0.0,0.0,0.0,0.0,0.0,0.0,0.0,6642.0,2.0,4868.0,5608.0,2.0,4881.0
17.432800189999398,0.0,0.0,0.0,0.0,0.0,0.0,0.0,0.0,0.0,0.0,0.0,0.0,0.0,6643.0,2.0,4888.0,5609.0,2.0,4901.0
17.43285474400909,0.0,0.0,0.0,0.0,0.0,0.0,0.0,0.0,0.0,0.0,0.0,0.0,0.0,6644.0,2.0,4908.0,5610.0,2.0,4921.0
17.483490373007953,0.0,0.0,0.0,0.0,0.0,0.0,0.0,0.0,0.0,0.0,0.0,0.0,0.0,6645.0,2.0,4928.0,5611.0,2.0,4931.0
17.483784352996736,0.0,0.0,0.0,0.0,0.0,0.0,0.0,0.0,0.0,0.0,0.0,0.0,0.0,6646.0,2.0,4948.0,5612.0,2.0,4961.0
17.49059186699742,0.0,0.0,0.0,0.0,0.0,0.0,0.0,0.0,0.0,0.0,0.0,0.0,0.0,6647.0,2.0,4968.0,5613.0,2.0,4980.0
17.506711385998642,0.0,0.0,0.0,0.0,0.0,0.0,0.0,0.0,0.0,0.0,0.0,0.0,0.0,6648.0,2.0,4988.0,5614.0,2.0,5000.0
17.525860299996566,0.0,0.0,0.0,0.0,0.0,0.0,0.0,0.0,0.0,0.0,0.0,0.0,0.0,6649.0,2.0,5008.0,5615.0,2.0,5021.0
17.536007624003105,0.0,0.0,0.0,0.0,0.0,0.0,0.0,0.0,0.0,0.0,0.0,0.0,0.0,6650.0,2.0,5028.0,5616.0,2.0,5031.0
17.640701614000136,0.0,0.0,0.0,0.0,0.0,0.0,0.0,0.0,0.0,0.0,0.0,0.0,0.0,6651.0,2.0,5048.0,5617.0,2.0,5060.0
17.64102162400377,0.0,0.0,0.0,0.0,0.0,0.0,0.0,0.0,0.0,0.0,0.0,0.0,0.0,6652.0,2.0,5068.0,5618.0,2.0,5081.0
17.64108637299796,0.0,0.0,0.0,0.0,0.0,0.0,0.0,0.0,0.0,0.0,0.0,0.0,0.0,6653.0,2.0,5088.0,5619.0,2.0,5101.0
17.641143340006238,0.0,0.0,0.0,0.0,0.0,0.0,0.0,0.0,0.0,0.0,0.0,0.0,0.0,6654.0,2.0,5108.0,5620.0,2.0,5121.0
17.69242569099879,0.0,0.0,0.0,0.0,0.0,0.0,0.0,0.0,0.0,0.0,0.0,0.0,0.0,6655.0,2.0,5128.0,5621.0,2.0,5131.0
17.69275966200803,0.0,0.0,0.0,0.0,0.0,0.0,0.0,0.0,0.0,0.0,0.0,0.0,0.0,6656.0,2.0,5148.0,5622.0,2.0,5151.0
17.702771689000656,0.0,0.0,0.0,0.0,0.0,0.0,0.0,0.0,0.0,0.0,0.0,0.0,0.0,6657.0,2.0,5168.0,5623.0,2.0,5181.0
17.719550677007646,0.0,0.0,0.0,0.0,0.0,0.0,0.0,0.0,0.0,0.0,0.0,0.0,0.0,6658.0,2.0,5188.0,5624.0,2.0,5200.0
17.75870583699725,0.0,0.0,0.0,0.0,0.0,0.0,0.0,0.0,0.0,0.0,0.0,0.0,0.0,6659.0,2.0,5208.0,5625.0,2.0,5221.0
17.761066758001107,0.0,0.0,0.0,0.0,0.0,0.0,0.0,0.0,0.0,0.0,0.0,0.0,0.0,6660.0,2.0,5228.0,5626.0,2.0,5230.0
17.765156034001848,0.0,0.0,0.0,0.0,0.0,0.0,0.0,0.0,0.0,0.0,0.0,0.0,0.0,6661.0,2.0,5248.0,5627.0,2.0,5261.0
17.784892166004283,0.0,0.0,0.0,0.0,0.0,0.0,0.0,0.0,0.0,0.0,0.0,0.0,0.0,6662.0,2.0,5268.0,5628.0,2.0,5281.0
17.80624853700283,0.0,0.0,0.0,0.0,0.0,0.0,0.0,0.0,0.0,0.0,0.0,0.0,0.0,6663.0,2.0,5288.0,5629.0,2.0,5298.0
17.913750984007493,0.0,0.0,0.0,0.0,0.0,0.0,0.0,0.0,0.0,0.0,0.0,0.0,0.0,6664.0,2.0,5308.0,5630.0,2.0,5321.0
17.913919712009374,0.0,0.0,0.0,0.0,0.0,0.0,0.0,0.0,0.0,0.0,0.0,0.0,0.0,6665.0,2.0,5328.0,5631.0,2.0,5331.0
17.913989389009657,0.0,0.0,0.0,0.0,0.0,0.0,0.0,0.0,0.0,0.0,0.0,0.0,0.0,6666.0,2.0,5348.0,5632.0,2.0,5361.0
17.9140577030048,0.0,0.0,0.0,0.0,0.0,0.0,0.0,0.0,0.0,0.0,0.0,0.0,0.0,6667.0,2.0,5368.0,5633.0,2.0,5381.0
17.914115621999372,0.0,0.0,0.0,0.0,0.0,0.0,0.0,0.0,0.0,0.0,0.0,0.0,0.0,6668.0,2.0,5388.0,5634.0,2.0,5401.0
17.925280991999898,0.0,0.0,0.0,0.0,0.0,0.0,0.0,0.0,0.0,0.0,0.0,0.0,0.0,6669.0,2.0,5408.0,5635.0,2.0,5421.0
17.93541993299732,0.0,0.0,0.0,0.0,0.0,0.0,0.0,0.0,0.0,0.0,0.0,0.0,0.0,6670.0,2.0,5428.0,5636.0,2.0,5431.0
17.965934103005566,0.0,0.0,0.0,0.0,0.0,0.0,0.0,0.0,0.0,0.0,0.0,0.0,0.0,6671.0,2.0,5448.0,5637.0,2.0,5461.0
17.985425271006534,0.0,0.0,0.0,0.0,0.0,0.0,0.0,0.0,0.0,0.0,0.0,0.0,0.0,6672.0,2.0,5468.0,5638.0,2.0,5481.0
18.005267195010674,0.0,0.0,0.0,0.0,0.0,0.0,0.0,0.0,0.0,0.0,0.0,0.0,0.0,6673.0,2.0,5488.0,5639.0,2.0,5501.0
18.084967400005553,0.0,0.0,0.0,0.0,0.0,0.0,0.0,0.0,0.0,0.0,0.0,0.0,0.0,6674.0,2.0,5508.0,5640.0,2.0,5521.0
18.08536798300338,0.0,0.0,0.0,0.0,0.0,0.0,0.0,0.0,0.0,0.0,0.0,0.0,0.0,6675.0,2.0,5528.0,5641.0,2.0,5531.0
18.08562629800872,0.0,0.0,0.0,0.0,0.0,0.0,0.0,0.0,0.0,0.0,0.0,0.0,0.0,6676.0,2.0,5548.0,5642.0,2.0,5561.0
18.085684627003502,0.0,0.0,0.0,0.0,0.0,0.0,0.0,0.0,0.0,0.0,0.0,0.0,0.0,6677.0,2.0,5568.0,5643.0,2.0,5581.0
18.131375334996847,0.0,0.0,0.0,0.0,0.0,0.0,0.0,0.0,0.0,0.0,0.0,0.0,0.0,6678.0,2.0,5588.0,5644.0,2.0,5601.0
18.131480586002,0.0,0.0,0.0,0.0,0.0,0.0,0.0,0.0,0.0,0.0,0.0,0.0,0.0,6679.0,2.0,5608.0,5645.0,2.0,5621.0
18.13594108899997,0.0,0.0,0.0,0.0,0.0,0.0,0.0,0.0,0.0,0.0,0.0,0.0,0.0,6680.0,2.0,5628.0,5646.0,2.0,5631.0
18.165291409008205,0.0,0.0,0.0,0.0,0.0,0.0,0.0,0.0,0.0,0.0,0.0,0.0,0.0,6681.0,2.0,5648.0,5647.0,2.0,5660.0
18.184329103009077,0.0,0.0,0.0,0.0,0.0,0.0,0.0,0.0,0.0,0.0,0.0,0.0,0.0,6682.0,2.0,5668.0,5648.0,2.0,5681.0
18.21280616700824,0.0,0.0,0.0,0.0,0.0,0.0,0.0,0.0,0.0,0.0,0.0,0.0,0.0,6683.0,2.0,5688.0,5649.0,2.0,5701.0
18.23398526699748,0.0,0.0,0.0,0.0,0.0,0.0,0.0,0.0,0.0,0.0,0.0,0.0,0.0,6684.0,2.0,5708.0,5650.0,2.0,5720.0
18.235459942996386,0.0,0.0,0.0,0.0,0.0,0.0,0.0,0.0,0.0,0.0,0.0,0.0,0.0,6685.0,2.0,5729.0,5651.0,2.0,5731.0
18.37052181000763,0.0,0.0,0.0,0.0,0.0,0.0,0.0,0.0,0.0,0.0,0.0,0.0,0.0,6686.0,2.0,5748.0,5652.0,2.0,5761.0
18.370686852009385,0.0,0.0,0.0,0.0,0.0,0.0,0.0,0.0,0.0,0.0,0.0,0.0,0.0,6687.0,2.0,5768.0,5653.0,2.0,5780.0
18.370758902005036,0.0,0.0,0.0,0.0,0.0,0.0,0.0,0.0,0.0,0.0,0.0,0.0,0.0,6688.0,2.0,5788.0,5654.0,2.0,5800.0
18.37081791300443,0.0,0.0,0.0,0.0,0.0,0.0,0.0,0.0,0.0,0.0,0.0,0.0,0.0,6689.0,2.0,5808.0,5655.0,2.0,5820.0
18.370874038999318,0.0,0.0,0.0,0.0,0.0,0.0,0.0,0.0,0.0,0.0,0.0,0.0,0.0,6690.0,2.0,5829.0,5656.0,2.0,5830.0
18.372674562997418,0.0,0.0,0.0,0.0,0.0,0.0,0.0,0.0,0.0,0.0,0.0,0.0,0.0,6691.0,2.0,5848.0,5657.0,2.0,5860.0
18.384590692003258,0.0,0.0,0.0,0.0,0.0,0.0,0.0,0.0,0.0,0.0,0.0,0.0,0.0,6692.0,2.0,5868.0,5658.0,2.0,5881.0
18.408365292998496,0.0,0.0,0.0,0.0,0.0,0.0,0.0,0.0,0.0,0.0,0.0,0.0,0.0,6693.0,2.0,5888.0,5659.0,2.0,5901.0
18.42567766700813,0.0,0.0,0.0,0.0,0.0,0.0,0.0,0.0,0.0,0.0,0.0,0.0,0.0,6694.0,2.0,5908.0,5660.0,2.0,5921.0
18.434622120010317,0.0,0.0,0.0,0.0,0.0,0.0,0.0,0.0,0.0,0.0,0.0,0.0,0.0,6695.0,2.0,5928.0,5661.0,2.0,5931.0
18.572410284003126,0.0,0.0,0.0,0.0,0.0,0.0,0.0,0.0,0.0,0.0,0.0,0.0,0.0,6696.0,2.0,5948.0,5662.0,2.0,5961.0
18.57281648600474,0.0,0.0,0.0,0.0,0.0,0.0,0.0,0.0,0.0,0.0,0.0,0.0,0.0,6697.0,2.0,5968.0,5663.0,2.0,5981.0
18.573090404999675,0.0,0.0,0.0,0.0,0.0,0.0,0.0,0.0,0.0,0.0,0.0,0.0,0.0,6698.0,2.0,5988.0,5664.0,2.0,6001.0
18.573338525005965,0.0,0.0,0.0,0.0,0.0,0.0,0.0,0.0,0.0,0.0,0.0,0.0,0.0,6699.0,2.0,6008.0,5665.0,2.0,6021.0
18.573495495002135,0.0,0.0,0.0,0.0,0.0,0.0,0.0,0.0,0.0,0.0,0.0,0.0,0.0,6700.0,2.0,6028.0,5666.0,2.0,6031.0
18.573550700006308,0.0,0.0,0.0,0.0,0.0,0.0,0.0,0.0,0.0,0.0,0.0,0.0,0.0,6701.0,2.0,6048.0,5667.0,2.0,6061.0
18.6037124459981,0.0,0.0,0.0,0.0,0.0,0.0,0.0,0.0,0.0,0.0,0.0,0.0,0.0,6702.0,2.0,6068.0,5668.0,2.0,6081.0
18.60699795599794,0.0,0.0,0.0,0.0,0.0,0.0,0.0,0.0,0.0,0.0,0.0,0.0,0.0,6703.0,2.0,6088.0,5669.0,2.0,6100.0
18.62429164200148,0.0,0.0,0.0,0.0,0.0,0.0,0.0,0.0,0.0,0.0,0.0,0.0,0.0,6704.0,2.0,6108.0,5670.0,2.0,6121.0
18.63403953499801,0.0,0.0,0.0,0.0,0.0,0.0,0.0,0.0,0.0,0.0,0.0,0.0,0.0,6705.0,2.0,6128.0,5671.0,2.0,6131.0
18.663991199005977,0.0,0.0,0.0,0.0,0.0,0.0,0.0,0.0,0.0,0.0,0.0,0.0,0.0,6706.0,2.0,6148.0,5672.0,2.0,6161.0
18.685091723004007,0.0,0.0,0.0,0.0,0.0,0.0,0.0,0.0,0.0,0.0,0.0,0.0,0.0,6707.0,2.0,6168.0,5673.0,2.0,6181.0
18.791770201001782,0.0,0.0,0.0,0.0,0.0,0.0,0.0,0.0,0.0,0.0,0.0,0.0,0.0,6708.0,2.0,6188.0,5674.0,2.0,6201.0
18.791972100007115,0.0,0.0,0.0,0.0,0.0,0.0,0.0,0.0,0.0,0.0,0.0,0.0,0.0,6709.0,2.0,6208.0,5675.0,2.0,6221.0
18.792049028008478,0.0,0.0,0.0,0.0,0.0,0.0,0.0,0.0,0.0,0.0,0.0,0.0,0.0,6710.0,2.0,6228.0,5676.0,2.0,6230.0
18.792110943002626,0.0,0.0,0.0,0.0,0.0,0.0,0.0,0.0,0.0,0.0,0.0,0.0,0.0,6711.0,2.0,6248.0,5677.0,2.0,6261.0
18.79216807000921,0.0,0.0,0.0,0.0,0.0,0.0,0.0,0.0,0.0,0.0,0.0,0.0,0.0,6712.0,2.0,6268.0,5678.0,2.0,6281.0
18.804853591005667,0.0,0.0,0.0,0.0,0.0,0.0,0.0,0.0,0.0,0.0,0.0,0.0,0.0,6713.0,2.0,6288.0,5679.0,2.0,6301.0
18.824641384999268,0.0,0.0,0.0,0.0,0.0,0.0,0.0,0.0,0.0,0.0,0.0,0.0,0.0,6714.0,2.0,6308.0,5680.0,2.0,6321.0
18.836618592002196,0.0,0.0,0.0,0.0,0.0,0.0,0.0,0.0,0.0,0.0,0.0,0.0,0.0,6715.0,2.0,6328.0,5681.0,2.0,6330.0
18.865173477010103,0.0,0.0,0.0,0.0,0.0,0.0,0.0,0.0,0.0,0.0,0.0,0.0,0.0,6716.0,2.0,6348.0,5682.0,2.0,6361.0
18.885089217001223,0.0,0.0,0.0,0.0,0.0,0.0,0.0,0.0,0.0,0.0,0.0,0.0,0.0,6717.0,2.0,6368.0,5683.0,2.0,6381.0
19.011353781010257,0.0,0.0,0.0,0.0,0.0,0.0,0.0,0.0,0.0,0.0,0.0,0.0,0.0,6718.0,2.0,6388.0,5684.0,2.0,6401.0
19.011500716005685,0.0,0.0,0.0,0.0,0.0,0.0,0.0,0.0,0.0,0.0,0.0,0.0,0.0,6719.0,2.0,6408.0,5685.0,2.0,6421.0
19.01157719299954,0.0,0.0,0.0,0.0,0.0,0.0,0.0,0.0,0.0,0.0,0.0,0.0,0.0,6720.0,2.0,6429.0,5686.0,2.0,6430.0
19.01164413600054,0.0,0.0,0.0,0.0,0.0,0.0,0.0,0.0,0.0,0.0,0.0,0.0,0.0,6721.0,2.0,6448.0,5687.0,2.0,6461.0
19.011701673996868,0.0,0.0,0.0,0.0,0.0,0.0,0.0,0.0,0.0,0.0,0.0,0.0,0.0,6722.0,2.0,6468.0,5688.0,2.0,6480.0
19.011758481006837,0.0,0.0,0.0,0.0,0.0,0.0,0.0,0.0,0.0,0.0,0.0,0.0,0.0,6723.0,2.0,6488.0,5689.0,2.0,6501.0
19.026418715002364,0.0,0.0,0.0,0.0,0.0,0.0,0.0,0.0,0.0,0.0,0.0,0.0,0.0,6724.0,2.0,6508.0,5690.0,2.0,6521.0
19.034089367996785,0.0,0.0,0.0,0.0,0.0,0.0,0.0,0.0,0.0,0.0,0.0,0.0,0.0,6725.0,2.0,6528.0,5691.0,2.0,6531.0
19.064586027001496,0.0,0.0,0.0,0.0,0.0,0.0,0.0,0.0,0.0,0.0,0.0,0.0,0.0,6726.0,2.0,6548.0,5692.0,2.0,6561.0
19.085919967008522,0.0,0.0,0.0,0.0,0.0,0.0,0.0,0.0,0.0,0.0,0.0,0.0,0.0,6727.0,2.0,6568.0,5693.0,2.0,6581.0
19.104610321010114,0.0,0.0,0.0,0.0,0.0,0.0,0.0,0.0,0.0,0.0,0.0,0.0,0.0,6728.0,2.0,6588.0,5694.0,2.0,6601.0
19.173445243999595,0.0,0.0,0.0,0.0,0.0,0.0,0.0,0.0,0.0,0.0,0.0,0.0,0.0,6729.0,2.0,6608.0,5695.0,2.0,6620.0
19.173750501009636,0.0,0.0,0.0,0.0,0.0,0.0,0.0,0.0,0.0,0.0,0.0,0.0,0.0,6730.0,2.0,6629.0,5696.0,2.0,6630.0
19.173992301002727,0.0,0.0,0.0,0.0,0.0,0.0,0.0,0.0,0.0,0.0,0.0,0.0,0.0,6731.0,2.0,6648.0,5697.0,2.0,6661.0
19.23381590801,0.0,0.0,0.0,0.0,0.0,0.0,0.0,0.0,0.0,0.0,0.0,0.0,0.0,6732.0,2.0,6668.0,5698.0,2.0,6681.0
19.2341272640042,0.0,0.0,0.0,0.0,0.0,0.0,0.0,0.0,0.0,0.0,0.0,0.0,0.0,6733.0,2.0,6688.0,5699.0,2.0,6701.0
19.2343757750059,0.0,0.0,0.0,0.0,0.0,0.0,0.0,0.0,0.0,0.0,0.0,0.0,0.0,6734.0,2.0,6708.0,5700.0,2.0,6721.0
19.23455575000844,0.0,0.0,0.0,0.0,0.0,0.0,0.0,0.0,0.0,0.0,0.0,0.0,0.0,6735.0,2.0,6728.0,5701.0,2.0,6730.0
19.266028152997023,0.0,0.0,0.0,0.0,0.0,0.0,0.0,0.0,0.0,0.0,0.0,0.0,0.0,6736.0,2.0,6748.0,5702.0,2.0,6761.0
19.284284622000996,0.0,0.0,0.0,0.0,0.0,0.0,0.0,0.0,0.0,0.0,0.0,0.0,0.0,6737.0,2.0,6768.0,5703.0,2.0,6781.0
19.30435036199924,0.0,0.0,0.0,0.0,0.0,0.0,0.0,0.0,0.0,0.0,0.0,0.0,0.0,6738.0,2.0,6788.0,5704.0,2.0,6801.0
19.32701478000672,0.0,0.0,0.0,0.0,0.0,0.0,0.0,0.0,0.0,0.0,0.0,0.0,0.0,6739.0,2.0,6808.0,5705.0,2.0,6821.0
19.335123894008575,0.0,0.0,0.0,0.0,0.0,0.0,0.0,0.0,0.0,0.0,0.0,0.0,0.0,6740.0,2.0,6828.0,5706.0,2.0,6831.0
19.3774071969965,0.0,0.0,0.0,0.0,0.0,0.0,0.0,0.0,0.0,0.0,0.0,0.0,0.0,6741.0,2.0,6848.0,5707.0,2.0,6861.0
19.454029843007447,0.0,0.0,0.0,0.0,0.0,0.0,0.0,0.0,0.0,0.0,0.0,0.0,0.0,6742.0,2.0,6868.0,5708.0,2.0,6881.0
19.454139752007904,0.0,0.0,0.0,0.0,0.0,0.0,0.0,0.0,0.0,0.0,0.0,0.0,0.0,6743.0,2.0,6888.0,5709.0,2.0,6901.0
19.454220325002098,0.0,0.0,0.0,0.0,0.0,0.0,0.0,0.0,0.0,0.0,0.0,0.0,0.0,6744.0,2.0,6908.0,5710.0,2.0,6921.0
19.45428757800255,0.0,0.0,0.0,0.0,0.0,0.0,0.0,0.0,0.0,0.0,0.0,0.0,0.0,6745.0,2.0,6928.0,5711.0,2.0,6931.0
19.46445686899824,0.0,0.0,0.0,0.0,0.0,0.0,0.0,0.0,0.0,0.0,0.0,0.0,0.0,6746.0,2.0,6948.0,5712.0,2.0,6961.0
19.48472795500129,0.0,0.0,0.0,0.0,0.0,0.0,0.0,0.0,0.0,0.0,0.0,0.0,0.0,6747.0,2.0,6968.0,5713.0,2.0,6981.0
19.50432379799895,0.0,0.0,0.0,0.0,0.0,0.0,0.0,0.0,0.0,0.0,0.0,0.0,0.0,6748.0,2.0,6988.0,5714.0,2.0,7001.0
19.524677542009158,0.0,0.0,0.0,0.0,0.0,0.0,0.0,0.0,0.0,0.0,0.0,0.0,0.0,6749.0,2.0,7008.0,5715.0,2.0,7021.0
19.53941254700476,0.0,0.0,0.0,0.0,0.0,0.0,0.0,0.0,0.0,0.0,0.0,0.0,0.0,6750.0,2.0,7028.0,5716.0,2.0,7030.0
19.643817033007508,0.0,0.0,0.0,0.0,0.0,0.0,0.0,0.0,0.0,0.0,0.0,0.0,0.0,6751.0,2.0,7048.0,5717.0,2.0,7061.0
19.644239579996793,0.0,0.0,0.0,0.0,0.0,0.0,0.0,0.0,0.0,0.0,0.0,0.0,0.0,6752.0,2.0,7068.0,5718.0,2.0,7081.0
19.644521000998793,0.0,0.0,0.0,0.0,0.0,0.0,0.0,0.0,0.0,0.0,0.0,0.0,0.0,6753.0,2.0,7088.0,5719.0,2.0,7101.0
19.64474981201056,0.0,0.0,0.0,0.0,0.0,0.0,0.0,0.0,0.0,0.0,0.0,0.0,0.0,6754.0,2.0,7108.0,5720.0,2.0,7121.0
19.644975668008556,0.0,0.0,0.0,0.0,0.0,0.0,0.0,0.0,0.0,0.0,0.0,0.0,0.0,6755.0,2.0,7128.0,5721.0,2.0,7131.0
19.670815667006536,0.0,0.0,0.0,0.0,0.0,0.0,0.0,0.0,0.0,0.0,0.0,0.0,0.0,6756.0,2.0,7148.0,5722.0,2.0,7161.0
19.684720160003053,0.0,0.0,0.0,0.0,0.0,0.0,0.0,0.0,0.0,0.0,0.0,0.0,0.0,6757.0,2.0,7168.0,5723.0,2.0,7181.0
19.704839034006,0.0,0.0,0.0,0.0,0.0,0.0,0.0,0.0,0.0,0.0,0.0,0.0,0.0,6758.0,2.0,7188.0,5724.0,2.0,7201.0
19.724497451999923,0.0,0.0,0.0,0.0,0.0,0.0,0.0,0.0,0.0,0.0,0.0,0.0,0.0,6759.0,2.0,7208.0,5725.0,2.0,7221.0
19.736427099007415,0.0,0.0,0.0,0.0,0.0,0.0,0.0,0.0,0.0,0.0,0.0,0.0,0.0,6760.0,2.0,7228.0,5726.0,2.0,7231.0
19.76433432500926,0.0,0.0,0.0,0.0,0.0,0.0,0.0,0.0,0.0,0.0,0.0,0.0,0.0,6761.0,2.0,7248.0,5727.0,2.0,7261.0
19.794949891002034,0.0,0.0,0.0,0.0,0.0,0.0,0.0,0.0,0.0,0.0,0.0,0.0,0.0,6762.0,2.0,7268.0,5728.0,2.0,7281.0
19.892725511002936,0.0,0.0,0.0,0.0,0.0,0.0,0.0,0.0,0.0,0.0,0.0,0.0,0.0,6763.0,2.0,7288.0,5729.0,2.0,7302.0
19.89304069400532,0.0,0.0,0.0,0.0,0.0,0.0,0.0,0.0,0.0,0.0,0.0,0.0,0.0,6764.0,2.0,7308.0,5730.0,2.0,7309.0
19.893287532002432,0.0,0.0,0.0,0.0,0.0,0.0,0.0,0.0,0.0,0.0,0.0,0.0,0.0,6765.0,2.0,7328.0,5731.0,2.0,7331.0
19.89350955199916,0.0,0.0,0.0,0.0,0.0,0.0,0.0,0.0,0.0,0.0,0.0,0.0,0.0,6766.0,2.0,7348.0,5732.0,2.0,7361.0
19.893612079002196,0.0,0.0,0.0,0.0,0.0,0.0,0.0,0.0,0.0,0.0,0.0,0.0,0.0,6767.0,2.0,7368.0,5733.0,2.0,7381.0
19.910585795005318,0.0,0.0,0.0,0.0,0.0,0.0,0.0,0.0,0.0,0.0,0.0,0.0,0.0,6768.0,2.0,7388.0,5734.0,2.0,7401.0
19.92488891800167,0.0,0.0,0.0,0.0,0.0,0.0,0.0,0.0,0.0,0.0,0.0,0.0,0.0,6769.0,2.0,7408.0,5735.0,2.0,7421.0
19.934094491996802,0.0,0.0,0.0,0.0,0.0,0.0,0.0,0.0,0.0,0.0,0.0,0.0,0.0,6770.0,2.0,7428.0,5736.0,2.0,7431.0
19.964554239006247,0.0,0.0,0.0,0.0,0.0,0.0,0.0,0.0,0.0,0.0,0.0,0.0,0.0,6771.0,2.0,7448.0,5737.0,2.0,7461.0
19.98435364299803,0.0,0.0,0.0,0.0,0.0,0.0,0.0,0.0,0.0,0.0,0.0,0.0,0.0,6772.0,2.0,7468.0,5738.0,2.0,7481.0
20.112765110010514,0.0,0.0,0.0,0.0,0.0,0.0,0.0,0.0,0.0,0.0,0.0,0.0,0.0,6773.0,2.0,7488.0,5739.0,2.0,7501.0
20.113105251002708,0.0,0.0,0.0,0.0,0.0,0.0,0.0,0.0,0.0,0.0,0.0,0.0,0.0,6774.0,2.0,7508.0,5740.0,2.0,7521.0
20.113551183996606,0.0,0.0,0.0,0.0,0.0,0.0,0.0,0.0,0.0,0.0,0.0,0.0,0.0,6775.0,2.0,7528.0,5741.0,2.0,7531.0
20.11396507800964,0.0,0.0,0.0,0.0,0.0,0.0,0.0,0.0,0.0,0.0,0.0,0.0,0.0,6776.0,2.0,7548.0,5742.0,2.0,7560.0
20.114042736997362,0.0,0.0,0.0,0.0,0.0,0.0,0.0,0.0,0.0,0.0,0.0,0.0,0.0,6777.0,2.0,7568.0,5743.0,2.0,7581.0
20.114115389005747,0.0,0.0,0.0,0.0,0.0,0.0,0.0,0.0,0.0,0.0,0.0,0.0,0.0,6778.0,2.0,7588.0,5744.0,2.0,7601.0
20.123879357997794,0.0,0.0,0.0,0.0,0.0,0.0,0.0,0.0,0.0,0.0,0.0,0.0,0.0,6779.0,2.0,7608.0,5745.0,2.0,7621.0
20.134150935002253,0.0,0.0,0.0,0.0,0.0,0.0,0.0,0.0,0.0,0.0,0.0,0.0,0.0,6780.0,2.0,7628.0,5746.0,2.0,7631.0
20.165552745005698,0.0,0.0,0.0,0.0,0.0,0.0,0.0,0.0,0.0,0.0,0.0,0.0,0.0,6781.0,2.0,7648.0,5747.0,2.0,7661.0
20.184107092005434,0.0,0.0,0.0,0.0,0.0,0.0,0.0,0.0,0.0,0.0,0.0,0.0,0.0,6782.0,2.0,7668.0,5748.0,2.0,7681.0
20.20453223500226,0.0,0.0,0.0,0.0,0.0,0.0,0.0,0.0,0.0,0.0,0.0,0.0,0.0,6783.0,2.0,7688.0,5749.0,2.0,7701.0
20.35125000900007,0.0,0.0,0.0,0.0,0.0,0.0,0.0,0.0,0.0,0.0,0.0,0.0,0.0,6785.0,2.0,7728.0,5750.0,2.0,7739.0
20.35143164701003,0.0,0.0,0.0,0.0,0.0,0.0,0.0,0.0,0.0,0.0,0.0,0.0,0.0,6786.0,2.0,7748.0,5751.0,2.0,7749.0
20.351500933000352,0.0,0.0,0.0,0.0,0.0,0.0,0.0,0.0,0.0,0.0,0.0,0.0,0.0,6787.0,2.0,7768.0,5752.0,2.0,7781.0
20.351563718999387,0.0,0.0,0.0,0.0,0.0,0.0,0.0,0.0,0.0,0.0,0.0,0.0,0.0,6788.0,2.0,7788.0,5753.0,2.0,7801.0
20.351621277004597,0.0,0.0,0.0,0.0,0.0,0.0,0.0,0.0,0.0,0.0,0.0,0.0,0.0,6789.0,2.0,7808.0,5754.0,2.0,7821.0
20.37164515600307,0.0,0.0,0.0,0.0,0.0,0.0,0.0,0.0,0.0,0.0,0.0,0.0,0.0,6790.0,2.0,7828.0,5755.0,2.0,7841.0
20.371732800005702,0.0,0.0,0.0,0.0,0.0,0.0,0.0,0.0,0.0,0.0,0.0,0.0,0.0,6791.0,2.0,7848.0,5756.0,2.0,7848.0
20.390751206999994,0.0,0.0,0.0,0.0,0.0,0.0,0.0,0.0,0.0,0.0,0.0,0.0,0.0,6792.0,2.0,7868.0,5757.0,2.0,7880.0
20.42184545600321,0.0,0.0,0.0,0.0,0.0,0.0,0.0,0.0,0.0,0.0,0.0,0.0,0.0,6793.0,2.0,7888.0,5758.0,2.0,7901.0
20.84265397299896,0.0,0.0,0.0,0.0,0.0,0.0,0.0,0.0,0.0,0.0,0.0,0.0,0.0,6794.0,2.0,7908.0,5759.0,2.0,7921.0
20.843219650007086,0.0,0.0,0.0,0.0,0.0,0.0,0.0,0.0,0.0,0.0,0.0,0.0,0.0,6797.0,2.0,7968.0,5762.0,2.0,7981.0
20.843472337001003,0.0,0.0,0.0,0.0,0.0,0.0,0.0,0.0,0.0,0.0,0.0,0.0,0.0,6801.0,2.0,8048.0,5766.0,2.0,8051.0
20.843544889008626,0.0,0.0,0.0,0.0,0.0,0.0,0.0,0.0,0.0,0.0,0.0,0.0,0.0,6802.0,2.0,8068.0,5767.0,2.0,8081.0
20.843601686006878,0.0,0.0,0.0,0.0,0.0,0.0,0.0,0.0,0.0,0.0,0.0,0.0,0.0,6803.0,2.0,8088.0,5768.0,2.0,8101.0
20.84365715101012,0.0,0.0,0.0,0.0,0.0,0.0,0.0,0.0,0.0,0.0,0.0,0.0,0.0,6804.0,2.0,8108.0,5769.0,2.0,8122.0
20.843712446003337,0.0,0.0,0.0,0.0,0.0,0.0,0.0,0.0,0.0,0.0,0.0,0.0,0.0,6805.0,2.0,8128.0,5770.0,2.0,8130.0
20.843767029000446,0.0,0.0,0.0,0.0,0.0,0.0,0.0,0.0,0.0,0.0,0.0,0.0,0.0,6806.0,2.0,8148.0,5771.0,2.0,8151.0
20.843820551002864,0.0,0.0,0.0,0.0,0.0,0.0,0.0,0.0,0.0,0.0,0.0,0.0,0.0,6807.0,2.0,8168.0,5772.0,2.0,8181.0
20.843873382007587,0.0,0.0,0.0,0.0,0.0,0.0,0.0,0.0,0.0,0.0,0.0,0.0,0.0,6808.0,2.0,8188.0,5773.0,2.0,8201.0
20.843928827001946,0.0,0.0,0.0,0.0,0.0,0.0,0.0,0.0,0.0,0.0,0.0,0.0,0.0,6809.0,2.0,8208.0,5774.0,2.0,8220.0
20.843982019010582,0.0,0.0,0.0,0.0,0.0,0.0,0.0,0.0,0.0,0.0,0.0,0.0,0.0,6810.0,2.0,8228.0,5775.0,2.0,8241.0
20.844034740002826,0.0,0.0,0.0,0.0,0.0,0.0,0.0,0.0,0.0,0.0,0.0,0.0,0.0,6811.0,2.0,8248.0,5776.0,2.0,8251.0
20.8440872200008,0.0,0.0,0.0,0.0,0.0,0.0,0.0,0.0,0.0,0.0,0.0,0.0,0.0,6812.0,2.0,8268.0,5777.0,2.0,8281.0
20.844140201006667,0.0,0.0,0.0,0.0,0.0,0.0,0.0,0.0,0.0,0.0,0.0,0.0,0.0,6813.0,2.0,8288.0,5778.0,2.0,8301.0
20.844193112003268,0.0,0.0,0.0,0.0,0.0,0.0,0.0,0.0,0.0,0.0,0.0,0.0,0.0,6814.0,2.0,8308.0,5779.0,2.0,8321.0
20.846871790010482,0.0,0.0,0.0,0.0,0.0,0.0,0.0,0.0,0.0,0.0,0.0,0.0,0.0,6815.0,2.0,8328.0,5780.0,2.0,8341.0
20.85315596500004,0.0,0.0,0.0,0.0,0.0,0.0,0.0,0.0,0.0,0.0,0.0,0.0,0.0,6816.0,2.0,8348.0,5781.0,2.0,8350.0
20.88932919599756,0.0,0.0,0.0,0.0,0.0,0.0,0.0,0.0,0.0,0.0,0.0,0.0,0.0,6817.0,2.0,8368.0,5782.0,2.0,8380.0
20.90353269300249,0.0,0.0,0.0,0.0,0.0,0.0,0.0,0.0,0.0,0.0,0.0,0.0,0.0,6818.0,2.0,8388.0,5783.0,2.0,8401.0
20.926772204009467,0.0,0.0,0.0,0.0,0.0,0.0,0.0,0.0,0.0,0.0,0.0,0.0,0.0,6819.0,2.0,8408.0,5784.0,2.0,8421.0
21.353060508001363,0.0,0.0,0.0,0.0,0.0,0.0,0.0,0.0,0.0,0.0,0.0,0.0,0.0,6831.0,2.0,8648.0,5796.0,2.0,8651.0
21.353260564006632,0.0,0.0,0.0,0.0,0.0,0.0,0.0,0.0,0.0,0.0,0.0,0.0,0.0,6832.0,2.0,8668.0,5797.0,2.0,8681.0
21.353339114997652,0.0,0.0,0.0,0.0,0.0,0.0,0.0,0.0,0.0,0.0,0.0,0.0,0.0,6833.0,2.0,8688.0,5798.0,2.0,8701.0
21.35339972800284,0.0,0.0,0.0,0.0,0.0,0.0,0.0,0.0,0.0,0.0,0.0,0.0,0.0,6834.0,2.0,8708.0,5799.0,2.0,8721.0
21.353455814009067,0.0,0.0,0.0,0.0,0.0,0.0,0.0,0.0,0.0,0.0,0.0,0.0,0.0,6835.0,2.0,8728.0,5800.0,2.0,8741.0
21.353509977008798,0.0,0.0,0.0,0.0,0.0,0.0,0.0,0.0,0.0,0.0,0.0,0.0,0.0,6836.0,2.0,8748.0,5801.0,2.0,8751.0
21.353567675003433,0.0,0.0,0.0,0.0,0.0,0.0,0.0,0.0,0.0,0.0,0.0,0.0,0.0,6837.0,2.0,8768.0,5802.0,2.0,8781.0
21.353621807997115,0.0,0.0,0.0,0.0,0.0,0.0,0.0,0.0,0.0,0.0,0.0,0.0,0.0,6838.0,2.0,8788.0,5803.0,2.0,8801.0
21.35367507999763,0.0,0.0,0.0,0.0,0.0,0.0,0.0,0.0,0.0,0.0,0.0,0.0,0.0,6839.0,2.0,8808.0,5804.0,2.0,8821.0
21.35373044500011,0.0,0.0,0.0,0.0,0.0,0.0,0.0,0.0,0.0,0.0,0.0,0.0,0.0,6840.0,2.0,8828.0,5805.0,2.0,8841.0
21.35781611900893,0.0,0.0,0.0,0.0,0.0,0.0,0.0,0.0,0.0,0.0,0.0,0.0,0.0,6841.0,2.0,8848.0,5806.0,2.0,8851.0
21.38422515000275,0.0,0.0,0.0,0.0,0.0,0.0,0.0,0.0,0.0,0.0,0.0,0.0,0.0,6842.0,2.0,8868.0,5807.0,2.0,8880.0
21.404164191000746,0.0,0.0,0.0,0.0,0.0,0.0,0.0,0.0,0.0,0.0,0.0,0.0,0.0,6843.0,2.0,8888.0,5808.0,2.0,8901.0
21.425011414001347,0.0,0.0,0.0,0.0,0.0,0.0,0.0,0.0,0.0,0.0,0.0,0.0,0.0,6844.0,2.0,8908.0,5809.0,2.0,8921.0
21.456029876004322,0.0,0.0,0.0,0.0,0.0,0.0,0.0,0.0,0.0,0.0,0.0,0.0,0.0,6845.0,2.0,8928.0,5810.0,2.0,8940.0
21.456128457008163,0.0,0.0,0.0,0.0,0.0,0.0,0.0,0.0,0.0,0.0,0.0,0.0,0.0,6846.0,2.0,8948.0,5811.0,2.0,8950.0
21.86261834501056,0.0,0.0,0.0,0.0,0.0,0.0,0.0,0.0,0.0,0.0,0.0,0.0,0.0,6853.0,2.0,9088.0,5818.0,2.0,9101.0
21.862775936999242,0.0,0.0,0.0,0.0,0.0,0.0,0.0,0.0,0.0,0.0,0.0,0.0,0.0,6854.0,2.0,9108.0,5819.0,2.0,9121.0
21.862846625997918,0.0,0.0,0.0,0.0,0.0,0.0,0.0,0.0,0.0,0.0,0.0,0.0,0.0,6855.0,2.0,9128.0,5820.0,2.0,9141.0
21.86290803999873,0.0,0.0,0.0,0.0,0.0,0.0,0.0,0.0,0.0,0.0,0.0,0.0,0.0,6856.0,2.0,9149.0,5821.0,2.0,9150.0
21.862965478008846,0.0,0.0,0.0,0.0,0.0,0.0,0.0,0.0,0.0,0.0,0.0,0.0,0.0,6857.0,2.0,9168.0,5822.0,2.0,9181.0
21.863020352000603,0.0,0.0,0.0,0.0,0.0,0.0,0.0,0.0,0.0,0.0,0.0,0.0,0.0,6858.0,2.0,9188.0,5823.0,2.0,9201.0
21.863074966007844,0.0,0.0,0.0,0.0,0.0,0.0,0.0,0.0,0.0,0.0,0.0,0.0,0.0,6859.0,2.0,9208.0,5824.0,2.0,9221.0
21.863128969009267,0.0,0.0,0.0,0.0,0.0,0.0,0.0,0.0,0.0,0.0,0.0,0.0,0.0,6860.0,2.0,9228.0,5825.0,2.0,9241.0
21.863182480999967,0.0,0.0,0.0,0.0,0.0,0.0,0.0,0.0,0.0,0.0,0.0,0.0,0.0,6861.0,2.0,9248.0,5826.0,2.0,9251.0
21.863236193006742,0.0,0.0,0.0,0.0,0.0,0.0,0.0,0.0,0.0,0.0,0.0,0.0,0.0,6862.0,2.0,9268.0,5827.0,2.0,9281.0
21.87380360699899,0.0,0.0,0.0,0.0,0.0,0.0,0.0,0.0,0.0,0.0,0.0,0.0,0.0,6867.0,2.0,9368.0,5828.0,2.0,9371.0
21.90605324000353,0.0,0.0,0.0,0.0,0.0,0.0,0.0,0.0,0.0,0.0,0.0,0.0,0.0,6868.0,2.0,9388.0,5829.0,2.0,9401.0
21.92969202999666,0.0,0.0,0.0,0.0,0.0,0.0,0.0,0.0,0.0,0.0,0.0,0.0,0.0,6869.0,2.0,9408.0,5830.0,2.0,9420.0
21.9504337249964,0.0,0.0,0.0,0.0,0.0,0.0,0.0,0.0,0.0,0.0,0.0,0.0,0.0,6870.0,2.0,9428.0,5831.0,2.0,9431.0
21.96375242000795,0.0,0.0,0.0,0.0,0.0,0.0,0.0,0.0,0.0,0.0,0.0,0.0,0.0,6871.0,2.0,9448.0,5832.0,2.0,9461.0
22.37288896999962,0.0,0.0,0.0,0.0,0.0,0.0,0.0,0.0,0.0,0.0,0.0,0.0,0.0,6882.0,2.0,9668.0,5843.0,2.0,9681.0
22.373366322004586,0.0,0.0,0.0,0.0,0.0,0.0,0.0,0.0,0.0,0.0,0.0,0.0,0.0,6883.0,2.0,9688.0,5844.0,2.0,9701.0
22.37350164000236,0.0,0.0,0.0,0.0,0.0,0.0,0.0,0.0,0.0,0.0,0.0,0.0,0.0,6884.0,2.0,9708.0,5845.0,2.0,9721.0
22.373562243010383,0.0,0.0,0.0,0.0,0.0,0.0,0.0,0.0,0.0,0.0,0.0,0.0,0.0,6885.0,2.0,9728.0,5846.0,2.0,9731.0
22.37361931000487,0.0,0.0,0.0,0.0,0.0,0.0,0.0,0.0,0.0,0.0,0.0,0.0,0.0,6886.0,2.0,9748.0,5847.0,2.0,9760.0
22.37367352300498,0.0,0.0,0.0,0.0,0.0,0.0,0.0,0.0,0.0,0.0,0.0,0.0,0.0,6887.0,2.0,9768.0,5848.0,2.0,9781.0
22.37372847800725,0.0,0.0,0.0,0.0,0.0,0.0,0.0,0.0,0.0,0.0,0.0,0.0,0.0,6888.0,2.0,9788.0,5849.0,2.0,9801.0
22.37378277099924,0.0,0.0,0.0,0.0,0.0,0.0,0.0,0.0,0.0,0.0,0.0,0.0,0.0,6889.0,2.0,9808.0,5850.0,2.0,9821.0
22.37383611300902,0.0,0.0,0.0,0.0,0.0,0.0,0.0,0.0,0.0,0.0,0.0,0.0,0.0,6890.0,2.0,9828.0,5851.0,2.0,9831.0
22.37388970500615,0.0,0.0,0.0,0.0,0.0,0.0,0.0,0.0,0.0,0.0,0.0,0.0,0.0,6891.0,2.0,9848.0,5852.0,2.0,9861.0
22.383564468997065,0.0,0.0,0.0,0.0,0.0,0.0,0.0,0.0,0.0,0.0,0.0,0.0,0.0,6892.0,2.0,9868.0,5853.0,2.0,9881.0
22.404151808004826,0.0,0.0,0.0,0.0,0.0,0.0,0.0,0.0,0.0,0.0,0.0,0.0,0.0,6893.0,2.0,9888.0,5854.0,2.0,9901.0
22.42346792500757,0.0,0.0,0.0,0.0,0.0,0.0,0.0,0.0,0.0,0.0,0.0,0.0,0.0,6894.0,2.0,9908.0,5855.0,2.0,9921.0
22.432914630000596,0.0,0.0,0.0,0.0,0.0,0.0,0.0,0.0,0.0,0.0,0.0,0.0,0.0,6895.0,2.0,9928.0,5856.0,2.0,9931.0
22.464665649997187,0.0,0.0,0.0,0.0,0.0,0.0,0.0,0.0,0.0,0.0,0.0,0.0,0.0,6896.0,2.0,9948.0,5857.0,2.0,9961.0
22.88185490500473,0.0,0.0,0.0,0.0,0.0,0.0,0.0,0.0,0.0,0.0,0.0,0.0,0.0,6900.0,2.0,10028.0,5861.0,2.0,10031.0
22.882054251007503,0.0,0.0,0.0,0.0,0.0,0.0,0.0,0.0,0.0,0.0,0.0,0.0,0.0,6903.0,2.0,10088.0,5864.0,2.0,10101.0
22.88216622300388,0.0,0.0,0.0,0.0,0.0,0.0,0.0,0.0,0.0,0.0,0.0,0.0,0.0,6904.0,2.0,10108.0,5865.0,2.0,10121.0
22.882240567007102,0.0,0.0,0.0,0.0,0.0,0.0,0.0,0.0,0.0,0.0,0.0,0.0,0.0,6905.0,2.0,10129.0,5866.0,2.0,10131.0
22.88231829700817,0.0,0.0,0.0,0.0,0.0,0.0,0.0,0.0,0.0,0.0,0.0,0.0,0.0,6906.0,2.0,10148.0,5867.0,2.0,10161.0
22.882385149001493,0.0,0.0,0.0,0.0,0.0,0.0,0.0,0.0,0.0,0.0,0.0,0.0,0.0,6907.0,2.0,10168.0,5868.0,2.0,10181.0
22.88244284800021,0.0,0.0,0.0,0.0,0.0,0.0,0.0,0.0,0.0,0.0,0.0,0.0,0.0,6908.0,2.0,10188.0,5869.0,2.0,10201.0
22.882497491998947,0.0,0.0,0.0,0.0,0.0,0.0,0.0,0.0,0.0,0.0,0.0,0.0,0.0,6909.0,2.0,10208.0,5870.0,2.0,10221.0
22.882550934009487,0.0,0.0,0.0,0.0,0.0,0.0,0.0,0.0,0.0,0.0,0.0,0.0,0.0,6910.0,2.0,10228.0,5871.0,2.0,10231.0
22.882603354009916,0.0,0.0,0.0,0.0,0.0,0.0,0.0,0.0,0.0,0.0,0.0,0.0,0.0,6911.0,2.0,10248.0,5872.0,2.0,10261.0
22.882656045010663,0.0,0.0,0.0,0.0,0.0,0.0,0.0,0.0,0.0,0.0,0.0,0.0,0.0,6912.0,2.0,10268.0,5873.0,2.0,10281.0
22.88270927700796,0.0,0.0,0.0,0.0,0.0,0.0,0.0,0.0,0.0,0.0,0.0,0.0,0.0,6913.0,2.0,10288.0,5874.0,2.0,10301.0
22.88276177800435,0.0,0.0,0.0,0.0,0.0,0.0,0.0,0.0,0.0,0.0,0.0,0.0,0.0,6914.0,2.0,10308.0,5875.0,2.0,10321.0
22.882814648997737,0.0,0.0,0.0,0.0,0.0,0.0,0.0,0.0,0.0,0.0,0.0,0.0,0.0,6915.0,2.0,10328.0,5876.0,2.0,10331.0
22.88289326999802,0.0,0.0,0.0,0.0,0.0,0.0,0.0,0.0,0.0,0.0,0.0,0.0,0.0,6916.0,2.0,10348.0,5877.0,2.0,10351.0
22.887200904006022,0.0,0.0,0.0,0.0,0.0,0.0,0.0,0.0,0.0,0.0,0.0,0.0,0.0,6917.0,2.0,10368.0,5878.0,2.0,10381.0
22.902756830008002,0.0,0.0,0.0,0.0,0.0,0.0,0.0,0.0,0.0,0.0,0.0,0.0,0.0,6918.0,2.0,10388.0,5879.0,2.0,10401.0
22.924506736002513,0.0,0.0,0.0,0.0,0.0,0.0,0.0,0.0,0.0,0.0,0.0,0.0,0.0,6919.0,2.0,10408.0,5880.0,2.0,10421.0
22.93367803900037,0.0,0.0,0.0,0.0,0.0,0.0,0.0,0.0,0.0,0.0,0.0,0.0,0.0,6920.0,2.0,10428.0,5881.0,2.0,10431.0
22.962759813002776,0.0,0.0,0.0,0.0,0.0,0.0,0.0,0.0,0.0,0.0,0.0,0.0,0.0,6921.0,2.0,10448.0,5882.0,2.0,10461.0
22.98339060100261,0.0,0.0,0.0,0.0,0.0,0.0,0.0,0.0,0.0,0.0,0.0,0.0,0.0,6922.0,2.0,10468.0,5883.0,2.0,10481.0
23.392817676998675,0.0,0.0,0.0,0.0,0.0,0.0,0.0,0.0,0.0,0.0,0.0,0.0,0.0,6925.0,2.0,10528.0,5886.0,2.0,10530.0
23.393001700009336,0.0,0.0,0.0,0.0,0.0,0.0,0.0,0.0,0.0,0.0,0.0,0.0,0.0,6929.0,2.0,10608.0,5890.0,2.0,10621.0
23.393080000008922,0.0,0.0,0.0,0.0,0.0,0.0,0.0,0.0,0.0,0.0,0.0,0.0,0.0,6930.0,2.0,10628.0,5891.0,2.0,10631.0
23.39314444900083,0.0,0.0,0.0,0.0,0.0,0.0,0.0,0.0,0.0,0.0,0.0,0.0,0.0,6931.0,2.0,10648.0,5892.0,2.0,10661.0
23.393207656001323,0.0,0.0,0.0,0.0,0.0,0.0,0.0,0.0,0.0,0.0,0.0,0.0,0.0,6932.0,2.0,10668.0,5893.0,2.0,10681.0
23.39327870499983,0.0,0.0,0.0,0.0,0.0,0.0,0.0,0.0,0.0,0.0,0.0,0.0,0.0,6933.0,2.0,10688.0,5894.0,2.0,10701.0
23.393341802002396,0.0,0.0,0.0,0.0,0.0,0.0,0.0,0.0,0.0,0.0,0.0,0.0,0.0,6934.0,2.0,10708.0,5895.0,2.0,10721.0
23.393401193010504,0.0,0.0,0.0,0.0,0.0,0.0,0.0,0.0,0.0,0.0,0.0,0.0,0.0,6935.0,2.0,10728.0,5896.0,2.0,10731.0
23.39345951299765,0.0,0.0,0.0,0.0,0.0,0.0,0.0,0.0,0.0,0.0,0.0,0.0,0.0,6936.0,2.0,10748.0,5897.0,2.0,10761.0
23.393518373006373,0.0,0.0,0.0,0.0,0.0,0.0,0.0,0.0,0.0,0.0,0.0,0.0,0.0,6937.0,2.0,10768.0,5898.0,2.0,10780.0
23.393577073002234,0.0,0.0,0.0,0.0,0.0,0.0,0.0,0.0,0.0,0.0,0.0,0.0,0.0,6938.0,2.0,10788.0,5899.0,2.0,10801.0
23.393634991996805,0.0,0.0,0.0,0.0,0.0,0.0,0.0,0.0,0.0,0.0,0.0,0.0,0.0,6939.0,2.0,10808.0,5900.0,2.0,10821.0
23.393692430996452,0.0,0.0,0.0,0.0,0.0,0.0,0.0,0.0,0.0,0.0,0.0,0.0,0.0,6940.0,2.0,10828.0,5901.0,2.0,10831.0
23.39374991900695,0.0,0.0,0.0,0.0,0.0,0.0,0.0,0.0,0.0,0.0,0.0,0.0,0.0,6941.0,2.0,10848.0,5902.0,2.0,10861.0
23.39381350700569,0.0,0.0,0.0,0.0,0.0,0.0,0.0,0.0,0.0,0.0,0.0,0.0,0.0,6942.0,2.0,10868.0,5903.0,2.0,10881.0
23.40448930900311,0.0,0.0,0.0,0.0,0.0,0.0,0.0,0.0,0.0,0.0,0.0,0.0,0.0,6943.0,2.0,10888.0,5904.0,2.0,10901.0
23.423805539001478,0.0,0.0,0.0,0.0,0.0,0.0,0.0,0.0,0.0,0.0,0.0,0.0,0.0,6944.0,2.0,10908.0,5905.0,2.0,10920.0
23.435098868998466,0.0,0.0,0.0,0.0,0.0,0.0,0.0,0.0,0.0,0.0,0.0,0.0,0.0,6945.0,2.0,10928.0,5906.0,2.0,10929.0
23.46755592300906,0.0,0.0,0.0,0.0,0.0,0.0,0.0,0.0,0.0,0.0,0.0,0.0,0.0,6946.0,2.0,10948.0,5907.0,2.0,10961.0
23.48563829800696,0.0,0.0,0.0,0.0,0.0,0.0,0.0,0.0,0.0,0.0,0.0,0.0,0.0,6947.0,2.0,10968.0,5908.0,2.0,10981.0
23.900778583003557,0.0,0.0,0.0,0.0,0.0,0.0,0.0,0.0,0.0,0.0,0.0,0.0,0.0,6948.0,2.0,10988.0,5909.0,2.0,11001.0
23.900968144997023,0.0,0.0,0.0,0.0,0.0,0.0,0.0,0.0,0.0,0.0,0.0,0.0,0.0,6949.0,2.0,11008.0,5910.0,2.0,11021.0
23.901048587998957,0.0,0.0,0.0,0.0,0.0,0.0,0.0,0.0,0.0,0.0,0.0,0.0,0.0,6950.0,2.0,11028.0,5911.0,2.0,11031.0
23.901115540997125,0.0,0.0,0.0,0.0,0.0,0.0,0.0,0.0,0.0,0.0,0.0,0.0,0.0,6951.0,2.0,11048.0,5912.0,2.0,11061.0
23.90117921899946,0.0,0.0,0.0,0.0,0.0,0.0,0.0,0.0,0.0,0.0,0.0,0.0,0.0,6952.0,2.0,11068.0,5913.0,2.0,11081.0
23.901242817009916,0.0,0.0,0.0,0.0,0.0,0.0,0.0,0.0,0.0,0.0,0.0,0.0,0.0,6953.0,2.0,11088.0,5914.0,2.0,11101.0
23.90131708100671,0.0,0.0,0.0,0.0,0.0,0.0,0.0,0.0,0.0,0.0,0.0,0.0,0.0,6954.0,2.0,11108.0,5915.0,2.0,11121.0
23.901379577000625,0.0,0.0,0.0,0.0,0.0,0.0,0.0,0.0,0.0,0.0,0.0,0.0,0.0,6955.0,2.0,11128.0,5916.0,2.0,11132.0
23.901438407003297,0.0,0.0,0.0,0.0,0.0,0.0,0.0,0.0,0.0,0.0,0.0,0.0,0.0,6956.0,2.0,11148.0,5917.0,2.0,11161.0
23.901496737002162,0.0,0.0,0.0,0.0,0.0,0.0,0.0,0.0,0.0,0.0,0.0,0.0,0.0,6957.0,2.0,11168.0,5918.0,2.0,11181.0
23.901560505008092,0.0,0.0,0.0,0.0,0.0,0.0,0.0,0.0,0.0,0.0,0.0,0.0,0.0,6958.0,2.0,11188.0,5919.0,2.0,11201.0
23.901627747996827,0.0,0.0,0.0,0.0,0.0,0.0,0.0,0.0,0.0,0.0,0.0,0.0,0.0,6959.0,2.0,11208.0,5920.0,2.0,11221.0
23.901688120997278,0.0,0.0,0.0,0.0,0.0,0.0,0.0,0.0,0.0,0.0,0.0,0.0,0.0,6960.0,2.0,11228.0,5921.0,2.0,11231.0
23.90177756799676,0.0,0.0,0.0,0.0,0.0,0.0,0.0,0.0,0.0,0.0,0.0,0.0,0.0,6961.0,2.0,11248.0,5922.0,2.0,11251.0
23.901862448998145,0.0,0.0,0.0,0.0,0.0,0.0,0.0,0.0,0.0,0.0,0.0,0.0,0.0,6962.0,2.0,11268.0,5923.0,2.0,11281.0
23.912811453003087,0.0,0.0,0.0,0.0,0.0,0.0,0.0,0.0,0.0,0.0,0.0,0.0,0.0,6969.0,2.0,11408.0,5924.0,2.0,11411.0
23.943461820002995,0.0,0.0,0.0,0.0,0.0,0.0,0.0,0.0,0.0,0.0,0.0,0.0,0.0,6970.0,2.0,11428.0,5925.0,2.0,11441.0
23.952882206009235,0.0,0.0,0.0,0.0,0.0,0.0,0.0,0.0,0.0,0.0,0.0,0.0,0.0,6971.0,2.0,11448.0,5926.0,2.0,11451.0
23.983577032005996,0.0,0.0,0.0,0.0,0.0,0.0,0.0,0.0,0.0,0.0,0.0,0.0,0.0,6972.0,2.0,11468.0,5927.0,2.0,11481.0
24.003195818004315,0.0,0.0,0.0,0.0,0.0,0.0,0.0,0.0,0.0,0.0,0.0,0.0,0.0,6973.0,2.0,11488.0,5928.0,2.0,11501.0
24.411299530998804,0.0,0.0,0.0,0.0,0.0,0.0,0.0,0.0,0.0,0.0,0.0,0.0,0.0,6974.0,2.0,11508.0,5929.0,2.0,11521.0
24.41147281700978,0.0,0.0,0.0,0.0,0.0,0.0,0.0,0.0,0.0,0.0,0.0,0.0,0.0,6975.0,2.0,11528.0,5930.0,2.0,11541.0
24.4115421440074,0.0,0.0,0.0,0.0,0.0,0.0,0.0,0.0,0.0,0.0,0.0,0.0,0.0,6976.0,2.0,11548.0,5931.0,2.0,11551.0
24.41160248599772,0.0,0.0,0.0,0.0,0.0,0.0,0.0,0.0,0.0,0.0,0.0,0.0,0.0,6977.0,2.0,11568.0,5932.0,2.0,11581.0
24.411658131997683,0.0,0.0,0.0,0.0,0.0,0.0,0.0,0.0,0.0,0.0,0.0,0.0,0.0,6978.0,2.0,11588.0,5933.0,2.0,11600.0
24.41171413799748,0.0,0.0,0.0,0.0,0.0,0.0,0.0,0.0,0.0,0.0,0.0,0.0,0.0,6979.0,2.0,11608.0,5934.0,2.0,11621.0
24.411769363010535,0.0,0.0,0.0,0.0,0.0,0.0,0.0,0.0,0.0,0.0,0.0,0.0,0.0,6980.0,2.0,11628.0,5935.0,2.0,11641.0
24.411824598006206,0.0,0.0,0.0,0.0,0.0,0.0,0.0,0.0,0.0,0.0,0.0,0.0,0.0,6981.0,2.0,11648.0,5936.0,2.0,11651.0
24.411877878999803,0.0,0.0,0.0,0.0,0.0,0.0,0.0,0.0,0.0,0.0,0.0,0.0,0.0,6982.0,2.0,11668.0,5937.0,2.0,11681.0
24.41193544800626,0.0,0.0,0.0,0.0,0.0,0.0,0.0,0.0,0.0,0.0,0.0,0.0,0.0,6983.0,2.0,11688.0,5938.0,2.0,11701.0
24.41199079299986,0.0,0.0,0.0,0.0,0.0,0.0,0.0,0.0,0.0,0.0,0.0,0.0,0.0,6984.0,2.0,11708.0,5939.0,2.0,11721.0
24.412070995997055,0.0,0.0,0.0,0.0,0.0,0.0,0.0,0.0,0.0,0.0,0.0,0.0,0.0,6985.0,2.0,11728.0,5940.0,2.0,11741.0
24.41216896699916,0.0,0.0,0.0,0.0,0.0,0.0,0.0,0.0,0.0,0.0,0.0,0.0,0.0,6986.0,2.0,11748.0,5941.0,2.0,11751.0
24.412247487009154,0.0,0.0,0.0,0.0,0.0,0.0,0.0,0.0,0.0,0.0,0.0,0.0,0.0,6987.0,2.0,11768.0,5942.0,2.0,11781.0
24.41233609399933,0.0,0.0,0.0,0.0,0.0,0.0,0.0,0.0,0.0,0.0,0.0,0.0,0.0,6988.0,2.0,11788.0,5943.0,2.0,11801.0
24.4124117300089,0.0,0.0,0.0,0.0,0.0,0.0,0.0,0.0,0.0,0.0,0.0,0.0,0.0,6989.0,2.0,11808.0,5944.0,2.0,11821.0
24.41250135700102,0.0,0.0,0.0,0.0,0.0,0.0,0.0,0.0,0.0,0.0,0.0,0.0,0.0,6990.0,2.0,11828.0,5945.0,2.0,11841.0
24.412756049001473,0.0,0.0,0.0,0.0,0.0,0.0,0.0,0.0,0.0,0.0,0.0,0.0,0.0,6991.0,2.0,11849.0,5946.0,2.0,11850.0
24.412843462996534,0.0,0.0,0.0,0.0,0.0,0.0,0.0,0.0,0.0,0.0,0.0,0.0,0.0,6992.0,2.0,11868.0,5947.0,2.0,11881.0
24.412923035008134,0.0,0.0,0.0,0.0,0.0,0.0,0.0,0.0,0.0,0.0,0.0,0.0,0.0,6993.0,2.0,11888.0,5948.0,2.0,11901.0
24.42353398000705,0.0,0.0,0.0,0.0,0.0,0.0,0.0,0.0,0.0,0.0,0.0,0.0,0.0,6994.0,2.0,11908.0,5949.0,2.0,11921.0
24.44207823299803,0.0,0.0,0.0,0.0,0.0,0.0,0.0,0.0,0.0,0.0,0.0,0.0,0.0,6995.0,2.0,11928.0,5950.0,2.0,11941.0
24.453577886000858,0.0,0.0,0.0,0.0,0.0,0.0,0.0,0.0,0.0,0.0,0.0,0.0,0.0,6996.0,2.0,11948.0,5951.0,2.0,11951.0
24.48244186100783,0.0,0.0,0.0,0.0,0.0,0.0,0.0,0.0,0.0,0.0,0.0,0.0,0.0,6997.0,2.0,11968.0,5952.0,2.0,11981.0
24.5055416719988,0.0,0.0,0.0,0.0,0.0,0.0,0.0,0.0,0.0,0.0,0.0,0.0,0.0,6998.0,2.0,11988.0,5953.0,2.0,12001.0
24.92381000200112,0.0,0.0,0.0,0.0,0.0,0.0,0.0,0.0,0.0,0.0,0.0,0.0,0.0,7009.0,2.0,12208.0,5964.0,2.0,12221.0
24.923985872010235,0.0,0.0,0.0,0.0,0.0,0.0,0.0,0.0,0.0,0.0,0.0,0.0,0.0,7010.0,2.0,12228.0,5965.0,2.0,12241.0
24.924058564007282,0.0,0.0,0.0,0.0,0.0,0.0,0.0,0.0,0.0,0.0,0.0,0.0,0.0,7011.0,2.0,12248.0,5966.0,2.0,12251.0
24.924121300005936,0.0,0.0,0.0,0.0,0.0,0.0,0.0,0.0,0.0,0.0,0.0,0.0,0.0,7012.0,2.0,12268.0,5967.0,2.0,12281.0
24.92417912899691,0.0,0.0,0.0,0.0,0.0,0.0,0.0,0.0,0.0,0.0,0.0,0.0,0.0,7013.0,2.0,12288.0,5968.0,2.0,12301.0
24.924235876009334,0.0,0.0,0.0,0.0,0.0,0.0,0.0,0.0,0.0,0.0,0.0,0.0,0.0,7014.0,2.0,12308.0,5969.0,2.0,12322.0
24.924304492000374,0.0,0.0,0.0,0.0,0.0,0.0,0.0,0.0,0.0,0.0,0.0,0.0,0.0,7015.0,2.0,12328.0,5970.0,2.0,12341.0
24.924361219003913,0.0,0.0,0.0,0.0,0.0,0.0,0.0,0.0,0.0,0.0,0.0,0.0,0.0,7016.0,2.0,12348.0,5971.0,2.0,12351.0
24.924416784997447,0.0,0.0,0.0,0.0,0.0,0.0,0.0,0.0,0.0,0.0,0.0,0.0,0.0,7017.0,2.0,12368.0,5972.0,2.0,12381.0
24.924471609003376,0.0,0.0,0.0,0.0,0.0,0.0,0.0,0.0,0.0,0.0,0.0,0.0,0.0,7018.0,2.0,12388.0,5973.0,2.0,12401.0
24.9250737149996,0.0,0.0,0.0,0.0,0.0,0.0,0.0,0.0,0.0,0.0,0.0,0.0,0.0,7019.0,2.0,12408.0,5974.0,2.0,12421.0
24.942437735997373,0.0,0.0,0.0,0.0,0.0,0.0,0.0,0.0,0.0,0.0,0.0,0.0,0.0,7020.0,2.0,12428.0,5975.0,2.0,12441.0
24.95377692200418,0.0,0.0,0.0,0.0,0.0,0.0,0.0,0.0,0.0,0.0,0.0,0.0,0.0,7021.0,2.0,12448.0,5976.0,2.0,12451.0
24.983072329996503,0.0,0.0,0.0,0.0,0.0,0.0,0.0,0.0,0.0,0.0,0.0,0.0,0.0,7022.0,2.0,12468.0,5977.0,2.0,12481.0
25.00338907200785,0.0,0.0,0.0,0.0,0.0,0.0,0.0,0.0,0.0,0.0,0.0,0.0,0.0,7023.0,2.0,12488.0,5978.0,2.0,12501.0
25.023413314003847,0.0,0.0,0.0,0.0,0.0,0.0,0.0,0.0,0.0,0.0,0.0,0.0,0.0,7024.0,2.0,12508.0,5979.0,2.0,12521.0
25.37902056799794,0.0,0.0,0.0,0.0,0.0,0.0,0.0,0.0,0.0,0.0,0.0,0.0,0.0,7032.0,2.0,12668.0,5987.0,2.0,12681.0
25.379290183002013,0.0,0.0,0.0,0.0,0.0,0.0,0.0,0.0,0.0,0.0,0.0,0.0,0.0,7033.0,2.0,12688.0,5988.0,2.0,12701.0
25.37936467700638,0.0,0.0,0.0,0.0,0.0,0.0,0.0,0.0,0.0,0.0,0.0,0.0,0.0,7034.0,2.0,12708.0,5989.0,2.0,12721.0
25.37942700300482,0.0,0.0,0.0,0.0,0.0,0.0,0.0,0.0,0.0,0.0,0.0,0.0,0.0,7035.0,2.0,12728.0,5990.0,2.0,12741.0
25.37948438100284,0.0,0.0,0.0,0.0,0.0,0.0,0.0,0.0,0.0,0.0,0.0,0.0,0.0,7036.0,2.0,12748.0,5991.0,2.0,12751.0
25.37953956599813,0.0,0.0,0.0,0.0,0.0,0.0,0.0,0.0,0.0,0.0,0.0,0.0,0.0,7037.0,2.0,12768.0,5992.0,2.0,12781.0
25.379593810008373,0.0,0.0,0.0,0.0,0.0,0.0,0.0,0.0,0.0,0.0,0.0,0.0,0.0,7038.0,2.0,12788.0,5993.0,2.0,12801.0
25.379651107999962,0.0,0.0,0.0,0.0,0.0,0.0,0.0,0.0,0.0,0.0,0.0,0.0,0.0,7039.0,2.0,12808.0,5994.0,2.0,12821.0
25.37971391400788,0.0,0.0,0.0,0.0,0.0,0.0,0.0,0.0,0.0,0.0,0.0,0.0,0.0,7040.0,2.0,12828.0,5995.0,2.0,12841.0
25.379769239007146,0.0,0.0,0.0,0.0,0.0,0.0,0.0,0.0,0.0,0.0,0.0,0.0,0.0,7041.0,2.0,12848.0,5996.0,2.0,12851.0
25.382335975999013,0.0,0.0,0.0,0.0,0.0,0.0,0.0,0.0,0.0,0.0,0.0,0.0,0.0,7042.0,2.0,12868.0,5997.0,2.0,12880.0
25.402475014998345,0.0,0.0,0.0,0.0,0.0,0.0,0.0,0.0,0.0,0.0,0.0,0.0,0.0,7043.0,2.0,12888.0,5998.0,2.0,12901.0
25.4222964340006,0.0,0.0,0.0,0.0,0.0,0.0,0.0,0.0,0.0,0.0,0.0,0.0,0.0,7044.0,2.0,12908.0,5999.0,2.0,12921.0
25.442941558998427,0.0,0.0,0.0,0.0,0.0,0.0,0.0,0.0,0.0,0.0,0.0,0.0,0.0,7045.0,2.0,12928.0,6000.0,2.0,12941.0
25.452291036999668,0.0,0.0,0.0,0.0,0.0,0.0,0.0,0.0,0.0,0.0,0.0,0.0,0.0,7046.0,2.0,12948.0,6001.0,2.0,12951.0
25.48250691400608,0.0,0.0,0.0,0.0,0.0,0.0,0.0,0.0,0.0,0.0,0.0,0.0,0.0,7047.0,2.0,12968.0,6002.0,2.0,12981.0
25.50436547100253,0.0,0.0,0.0,0.0,0.0,0.0,0.0,0.0,0.0,0.0,0.0,0.0,0.0,7048.0,2.0,12988.0,6003.0,2.0,13001.0
25.521905241010245,0.0,0.0,0.0,0.0,0.0,0.0,0.0,0.0,0.0,0.0,0.0,0.0,0.0,7049.0,2.0,13008.0,6004.0,2.0,13021.0
25.54210629800218,0.0,0.0,0.0,0.0,0.0,0.0,0.0,0.0,0.0,0.0,0.0,0.0,0.0,7050.0,2.0,13028.0,6005.0,2.0,13041.0
25.552051642007427,0.0,0.0,0.0,0.0,0.0,0.0,0.0,0.0,0.0,0.0,0.0,0.0,0.0,7051.0,2.0,13048.0,6006.0,2.0,13051.0
25.582032467005774,0.0,0.0,0.0,0.0,0.0,0.0,0.0,0.0,0.0,0.0,0.0,0.0,0.0,7052.0,2.0,13068.0,6007.0,2.0,13081.0
25.602268898001057,0.0,0.0,0.0,0.0,0.0,0.0,0.0,0.0,0.0,0.0,0.0,0.0,0.0,7053.0,2.0,13088.0,6008.0,2.0,13101.0
25.623548604009557,0.0,0.0,0.0,0.0,0.0,0.0,0.0,0.0,0.0,0.0,0.0,0.0,0.0,7054.0,2.0,13108.0,6009.0,2.0,13121.0
25.6432681389997,0.0,0.0,0.0,0.0,0.0,0.0,0.0,0.0,0.0,0.0,0.0,0.0,0.0,7055.0,2.0,13128.0,6010.0,2.0,13141.0
25.651899921998847,0.0,0.0,0.0,0.0,0.0,0.0,0.0,0.0,0.0,0.0,0.0,0.0,0.0,7056.0,2.0,13148.0,6011.0,2.0,13151.0
25.68163461900258,0.0,0.0,0.0,0.0,0.0,0.0,0.0,0.0,0.0,0.0,0.0,0.0,0.0,7057.0,2.0,13168.0,6012.0,2.0,13180.0
25.802166727997246,0.0,0.0,0.0,0.0,0.0,0.0,0.0,0.0,0.0,0.0,0.0,0.0,0.0,7058.0,2.0,13188.0,6013.0,2.0,13201.0
25.802569628009223,0.0,0.0,0.0,0.0,0.0,0.0,0.0,0.0,0.0,0.0,0.0,0.0,0.0,7059.0,2.0,13208.0,6014.0,2.0,13221.0
25.802817568997853,0.0,0.0,0.0,0.0,0.0,0.0,0.0,0.0,0.0,0.0,0.0,0.0,0.0,7060.0,2.0,13228.0,6015.0,2.0,13241.0
25.802876029003528,0.0,0.0,0.0,0.0,0.0,0.0,0.0,0.0,0.0,0.0,0.0,0.0,0.0,7061.0,2.0,13248.0,6016.0,2.0,13251.0
25.802933648010367,0.0,0.0,0.0,0.0,0.0,0.0,0.0,0.0,0.0,0.0,0.0,0.0,0.0,7062.0,2.0,13268.0,6017.0,2.0,13281.0
25.8140728490107,0.0,0.0,0.0,0.0,0.0,0.0,0.0,0.0,0.0,0.0,0.0,0.0,0.0,7064.0,2.0,13308.0,6018.0,2.0,13311.0
25.83307680299913,0.0,0.0,0.0,0.0,0.0,0.0,0.0,0.0,0.0,0.0,0.0,0.0,0.0,7065.0,2.0,13328.0,6019.0,2.0,13331.0
25.86205244199664,0.0,0.0,0.0,0.0,0.0,0.0,0.0,0.0,0.0,0.0,0.0,0.0,0.0,7066.0,2.0,13348.0,6020.0,2.0,13361.0
25.87296060800145,0.0,0.0,0.0,0.0,0.0,0.0,0.0,0.0,0.0,0.0,0.0,0.0,0.0,7067.0,2.0,13368.0,6021.0,2.0,13371.0
25.902998762001516,0.0,0.0,0.0,0.0,0.0,0.0,0.0,0.0,0.0,0.0,0.0,0.0,0.0,7068.0,2.0,13388.0,6022.0,2.0,13401.0
26.02184348400624,0.0,0.0,0.0,0.0,0.0,0.0,0.0,0.0,0.0,0.0,0.0,0.0,0.0,7069.0,2.0,13408.0,6023.0,2.0,13421.0
26.022026215010555,0.0,0.0,0.0,0.0,0.0,0.0,0.0,0.0,0.0,0.0,0.0,0.0,0.0,7070.0,2.0,13428.0,6024.0,2.0,13441.0
26.02209690400923,0.0,0.0,0.0,0.0,0.0,0.0,0.0,0.0,0.0,0.0,0.0,0.0,0.0,7071.0,2.0,13448.0,6025.0,2.0,13461.0
26.022156596009154,0.0,0.0,0.0,0.0,0.0,0.0,0.0,0.0,0.0,0.0,0.0,0.0,0.0,7072.0,2.0,13468.0,6026.0,2.0,13471.0
26.02221452500089,0.0,0.0,0.0,0.0,0.0,0.0,0.0,0.0,0.0,0.0,0.0,0.0,0.0,7073.0,2.0,13488.0,6027.0,2.0,13500.0
26.023992540998734,0.0,0.0,0.0,0.0,0.0,0.0,0.0,0.0,0.0,0.0,0.0,0.0,0.0,7074.0,2.0,13508.0,6028.0,2.0,13521.0
26.044756293005776,0.0,0.0,0.0,0.0,0.0,0.0,0.0,0.0,0.0,0.0,0.0,0.0,0.0,7075.0,2.0,13528.0,6029.0,2.0,13541.0
26.06181566500163,0.0,0.0,0.0,0.0,0.0,0.0,0.0,0.0,0.0,0.0,0.0,0.0,0.0,7076.0,2.0,13548.0,6030.0,2.0,13561.0
26.075024000005214,0.0,0.0,0.0,0.0,0.0,0.0,0.0,0.0,0.0,0.0,0.0,0.0,0.0,7077.0,2.0,13568.0,6031.0,2.0,13573.0
26.09940403699875,0.0,0.0,0.0,0.0,0.0,0.0,0.0,0.0,0.0,0.0,0.0,0.0,0.0,7078.0,2.0,13588.0,6032.0,2.0,13591.0
26.124205813001026,0.0,0.0,0.0,0.0,0.0,0.0,0.0,0.0,0.0,0.0,0.0,0.0,0.0,7079.0,2.0,13608.0,6033.0,2.0,13621.0
26.156335674997536,0.0,0.0,0.0,0.0,0.0,0.0,0.0,0.0,0.0,0.0,0.0,0.0,0.0,7080.0,2.0,13628.0,6034.0,2.0,13641.0
26.213786132007954,0.0,0.0,0.0,0.0,0.0,0.0,0.0,0.0,0.0,0.0,0.0,0.0,0.0,7081.0,2.0,13648.0,6035.0,2.0,13661.0
26.214171013998566,0.0,0.0,0.0,0.0,0.0,0.0,0.0,0.0,0.0,0.0,0.0,0.0,0.0,7082.0,2.0,13668.0,6036.0,2.0,13671.0
26.21441131400934,0.0,0.0,0.0,0.0,0.0,0.0,0.0,0.0,0.0,0.0,0.0,0.0,0.0,7083.0,2.0,13688.0,6037.0,2.0,13701.0
26.24018118000822,0.0,0.0,0.0,0.0,0.0,0.0,0.0,0.0,0.0,0.0,0.0,0.0,0.0,7084.0,2.0,13708.0,6038.0,2.0,13721.0
26.241924172005383,0.0,0.0,0.0,0.0,0.0,0.0,0.0,0.0,0.0,0.0,0.0,0.0,0.0,7085.0,2.0,13728.0,6039.0,2.0,13741.0
26.26193551599863,0.0,0.0,0.0,0.0,0.0,0.0,0.0,0.0,0.0,0.0,0.0,0.0,0.0,7086.0,2.0,13748.0,6040.0,2.0,13761.0
26.273550369005534,0.0,0.0,0.0,0.0,0.0,0.0,0.0,0.0,0.0,0.0,0.0,0.0,0.0,7087.0,2.0,13768.0,6041.0,2.0,13771.0
26.301859081999282,0.0,0.0,0.0,0.0,0.0,0.0,0.0,0.0,0.0,0.0,0.0,0.0,0.0,7088.0,2.0,13788.0,6042.0,2.0,13801.0
26.321964981005294,0.0,0.0,0.0,0.0,0.0,0.0,0.0,0.0,0.0,0.0,0.0,0.0,0.0,7089.0,2.0,13808.0,6043.0,2.0,13821.0
26.34361365500081,0.0,0.0,0.0,0.0,0.0,0.0,0.0,0.0,0.0,0.0,0.0,0.0,0.0,7090.0,2.0,13828.0,6044.0,2.0,13841.0
26.432457061004243,0.0,0.0,0.0,0.0,0.0,0.0,0.0,0.0,0.0,0.0,0.0,0.0,0.0,7091.0,2.0,13848.0,6045.0,2.0,13861.0
26.432796221997705,0.0,0.0,0.0,0.0,0.0,0.0,0.0,0.0,0.0,0.0,0.0,0.0,0.0,7092.0,2.0,13868.0,6046.0,2.0,13871.0
26.432864016998792,0.0,0.0,0.0,0.0,0.0,0.0,0.0,0.0,0.0,0.0,0.0,0.0,0.0,7093.0,2.0,13888.0,6047.0,2.0,13901.0
26.43292233599641,0.0,0.0,0.0,0.0,0.0,0.0,0.0,0.0,0.0,0.0,0.0,0.0,0.0,7094.0,2.0,13908.0,6048.0,2.0,13921.0
26.46438528499857,0.0,0.0,0.0,0.0,0.0,0.0,0.0,0.0,0.0,0.0,0.0,0.0,0.0,7095.0,2.0,13928.0,6049.0,2.0,13941.0
26.46748390700668,0.0,0.0,0.0,0.0,0.0,0.0,0.0,0.0,0.0,0.0,0.0,0.0,0.0,7096.0,2.0,13948.0,6050.0,2.0,13961.0
26.470565042007365,0.0,0.0,0.0,0.0,0.0,0.0,0.0,0.0,0.0,0.0,0.0,0.0,0.0,7097.0,2.0,13968.0,6051.0,2.0,13970.0
26.507586863008328,0.0,0.0,0.0,0.0,0.0,0.0,0.0,0.0,0.0,0.0,0.0,0.0,0.0,7098.0,2.0,13988.0,6052.0,2.0,14001.0
26.522435719001805,0.0,0.0,0.0,0.0,0.0,0.0,0.0,0.0,0.0,0.0,0.0,0.0,0.0,7099.0,2.0,14008.0,6053.0,2.0,14021.0
26.541782492000493,0.0,0.0,0.0,0.0,0.0,0.0,0.0,0.0,0.0,0.0,0.0,0.0,0.0,7100.0,2.0,14028.0,6054.0,2.0,14041.0
26.561971682996955,0.0,0.0,0.0,0.0,0.0,0.0,0.0,0.0,0.0,0.0,0.0,0.0,0.0,7101.0,2.0,14048.0,6055.0,2.0,14061.0
26.681816998010618,0.0,0.0,0.0,0.0,0.0,0.0,0.0,0.0,0.0,0.0,0.0,0.0,0.0,7102.0,2.0,14068.0,6056.0,2.0,14073.0
26.682205186007195,0.0,0.0,0.0,0.0,0.0,0.0,0.0,0.0,0.0,0.0,0.0,0.0,0.0,7103.0,2.0,14088.0,6057.0,2.0,14101.0
26.682328255003085,0.0,0.0,0.0,0.0,0.0,0.0,0.0,0.0,0.0,0.0,0.0,0.0,0.0,7104.0,2.0,14108.0,6058.0,2.0,14121.0
26.682390791000216,0.0,0.0,0.0,0.0,0.0,0.0,0.0,0.0,0.0,0.0,0.0,0.0,0.0,7105.0,2.0,14128.0,6059.0,2.0,14141.0
26.682446737002465,0.0,0.0,0.0,0.0,0.0,0.0,0.0,0.0,0.0,0.0,0.0,0.0,0.0,7106.0,2.0,14148.0,6060.0,2.0,14161.0
26.682502604002366,0.0,0.0,0.0,0.0,0.0,0.0,0.0,0.0,0.0,0.0,0.0,0.0,0.0,7107.0,2.0,14168.0,6061.0,2.0,14171.0
26.702949390004505,0.0,0.0,0.0,0.0,0.0,0.0,0.0,0.0,0.0,0.0,0.0,0.0,0.0,7108.0,2.0,14188.0,6062.0,2.0,14201.0
26.723113020998426,0.0,0.0,0.0,0.0,0.0,0.0,0.0,0.0,0.0,0.0,0.0,0.0,0.0,7109.0,2.0,14208.0,6063.0,2.0,14221.0
26.742768459997023,0.0,0.0,0.0,0.0,0.0,0.0,0.0,0.0,0.0,0.0,0.0,0.0,0.0,7110.0,2.0,14228.0,6064.0,2.0,14241.0
26.764062141010072,0.0,0.0,0.0,0.0,0.0,0.0,0.0,0.0,0.0,0.0,0.0,0.0,0.0,7111.0,2.0,14248.0,6065.0,2.0,14261.0
26.772124697003164,0.0,0.0,0.0,0.0,0.0,0.0,0.0,0.0,0.0,0.0,0.0,0.0,0.0,7112.0,2.0,14268.0,6066.0,2.0,14270.0
26.903520369000034,0.0,0.0,0.0,0.0,0.0,0.0,0.0,0.0,0.0,0.0,0.0,0.0,0.0,7113.0,2.0,14288.0,6067.0,2.0,14300.0
26.90363198000705,0.0,0.0,0.0,0.0,0.0,0.0,0.0,0.0,0.0,0.0,0.0,0.0,0.0,7114.0,2.0,14308.0,6068.0,2.0,14320.0
26.903699173999485,0.0,0.0,0.0,0.0,0.0,0.0,0.0,0.0,0.0,0.0,0.0,0.0,0.0,7115.0,2.0,14328.0,6069.0,2.0,14341.0
26.90376472500793,0.0,0.0,0.0,0.0,0.0,0.0,0.0,0.0,0.0,0.0,0.0,0.0,0.0,7116.0,2.0,14348.0,6070.0,2.0,14361.0
26.903821262007114,0.0,0.0,0.0,0.0,0.0,0.0,0.0,0.0,0.0,0.0,0.0,0.0,0.0,7117.0,2.0,14368.0,6071.0,2.0,14371.0
26.911648495006375,0.0,0.0,0.0,0.0,0.0,0.0,0.0,0.0,0.0,0.0,0.0,0.0,0.0,7118.0,2.0,14388.0,6072.0,2.0,14401.0
26.938505723999697,0.0,0.0,0.0,0.0,0.0,0.0,0.0,0.0,0.0,0.0,0.0,0.0,0.0,7119.0,2.0,14408.0,6073.0,2.0,14421.0
26.941966373007745,0.0,0.0,0.0,0.0,0.0,0.0,0.0,0.0,0.0,0.0,0.0,0.0,0.0,7120.0,2.0,14428.0,6074.0,2.0,14441.0
26.962240774999373,0.0,0.0,0.0,0.0,0.0,0.0,0.0,0.0,0.0,0.0,0.0,0.0,0.0,7121.0,2.0,14448.0,6075.0,2.0,14461.0
26.972282818998792,0.0,0.0,0.0,0.0,0.0,0.0,0.0,0.0,0.0,0.0,0.0,0.0,0.0,7122.0,2.0,14468.0,6076.0,2.0,14471.0
27.004398495002533,0.0,0.0,0.0,0.0,0.0,0.0,0.0,0.0,0.0,0.0,0.0,0.0,0.0,7123.0,2.0,14488.0,6077.0,2.0,14501.0
27.045864230007282,0.0,0.0,0.0,0.0,0.0,0.0,0.0,0.0,0.0,0.0,0.0,0.0,0.0,7124.0,2.0,14508.0,6078.0,2.0,14521.0
27.046225986996433,0.0,0.0,0.0,0.0,0.0,0.0,0.0,0.0,0.0,0.0,0.0,0.0,0.0,7125.0,2.0,14528.0,6079.0,2.0,14541.0
27.120286136007053,0.0,0.0,0.0,0.0,0.0,0.0,0.0,0.0,0.0,0.0,0.0,0.0,0.0,7126.0,2.0,14548.0,6080.0,2.0,14561.0
27.12071370400372,0.0,0.0,0.0,0.0,0.0,0.0,0.0,0.0,0.0,0.0,0.0,0.0,0.0,7127.0,2.0,14568.0,6081.0,2.0,14573.0
27.12100570400071,0.0,0.0,0.0,0.0,0.0,0.0,0.0,0.0,0.0,0.0,0.0,0.0,0.0,7128.0,2.0,14588.0,6082.0,2.0,14591.0
27.122312717008754,0.0,0.0,0.0,0.0,0.0,0.0,0.0,0.0,0.0,0.0,0.0,0.0,0.0,7129.0,2.0,14608.0,6083.0,2.0,14621.0
27.141728716000216,0.0,0.0,0.0,0.0,0.0,0.0,0.0,0.0,0.0,0.0,0.0,0.0,0.0,7130.0,2.0,14628.0,6084.0,2.0,14641.0
27.162583751996863,0.0,0.0,0.0,0.0,0.0,0.0,0.0,0.0,0.0,0.0,0.0,0.0,0.0,7131.0,2.0,14648.0,6085.0,2.0,14661.0
27.173133707998204,0.0,0.0,0.0,0.0,0.0,0.0,0.0,0.0,0.0,0.0,0.0,0.0,0.0,7132.0,2.0,14668.0,6086.0,2.0,14671.0
27.191901329002576,0.0,0.0,0.0,0.0,0.0,0.0,0.0,0.0,0.0,0.0,0.0,0.0,0.0,7133.0,2.0,14688.0,6087.0,2.0,14691.0
27.221859273005975,0.0,0.0,0.0,0.0,0.0,0.0,0.0,0.0,0.0,0.0,0.0,0.0,0.0,7134.0,2.0,14708.0,6088.0,2.0,14721.0
27.38131257200439,0.0,0.0,0.0,0.0,0.0,0.0,0.0,0.0,0.0,0.0,0.0,0.0,0.0,7135.0,2.0,14728.0,6089.0,2.0,14741.0
27.381553473009262,0.0,0.0,0.0,0.0,0.0,0.0,0.0,0.0,0.0,0.0,0.0,0.0,0.0,7136.0,2.0,14748.0,6090.0,2.0,14761.0
27.38162777700927,0.0,0.0,0.0,0.0,0.0,0.0,0.0,0.0,0.0,0.0,0.0,0.0,0.0,7137.0,2.0,14768.0,6091.0,2.0,14772.0
27.381688501001918,0.0,0.0,0.0,0.0,0.0,0.0,0.0,0.0,0.0,0.0,0.0,0.0,0.0,7138.0,2.0,14788.0,6092.0,2.0,14791.0
27.381744507001713,0.0,0.0,0.0,0.0,0.0,0.0,0.0,0.0,0.0,0.0,0.0,0.0,0.0,7139.0,2.0,14808.0,6093.0,2.0,14821.0
27.3818003530032,0.0,0.0,0.0,0.0,0.0,0.0,0.0,0.0,0.0,0.0,0.0,0.0,0.0,7140.0,2.0,14828.0,6094.0,2.0,14841.0
27.381856179010356,0.0,0.0,0.0,0.0,0.0,0.0,0.0,0.0,0.0,0.0,0.0,0.0,0.0,7141.0,2.0,14848.0,6095.0,2.0,14861.0
27.38191229599761,0.0,0.0,0.0,0.0,0.0,0.0,0.0,0.0,0.0,0.0,0.0,0.0,0.0,7142.0,2.0,14868.0,6096.0,2.0,14871.0
27.401938955008518,0.0,0.0,0.0,0.0,0.0,0.0,0.0,0.0,0.0,0.0,0.0,0.0,0.0,7143.0,2.0,14888.0,6097.0,2.0,14901.0
27.434141885998542,0.0,0.0,0.0,0.0,0.0,0.0,0.0,0.0,0.0,0.0,0.0,0.0,0.0,7144.0,2.0,14908.0,6098.0,2.0,14920.0
27.563110312010394,0.0,0.0,0.0,0.0,0.0,0.0,0.0,0.0,0.0,0.0,0.0,0.0,0.0,7145.0,2.0,14928.0,6099.0,2.0,14941.0
27.563241074007237,0.0,0.0,0.0,0.0,0.0,0.0,0.0,0.0,0.0,0.0,0.0,0.0,0.0,7146.0,2.0,14948.0,6100.0,2.0,14961.0
27.56332356100029,0.0,0.0,0.0,0.0,0.0,0.0,0.0,0.0,0.0,0.0,0.0,0.0,0.0,7147.0,2.0,14968.0,6101.0,2.0,14972.0
27.563386658002855,0.0,0.0,0.0,0.0,0.0,0.0,0.0,0.0,0.0,0.0,0.0,0.0,0.0,7148.0,2.0,14988.0,6102.0,2.0,14991.0
27.56344423700648,0.0,0.0,0.0,0.0,0.0,0.0,0.0,0.0,0.0,0.0,0.0,0.0,0.0,7149.0,2.0,15008.0,6103.0,2.0,15011.0
27.563499891999527,0.0,0.0,0.0,0.0,0.0,0.0,0.0,0.0,0.0,0.0,0.0,0.0,0.0,7150.0,2.0,15028.0,6104.0,2.0,15041.0
27.564825314999325,0.0,0.0,0.0,0.0,0.0,0.0,0.0,0.0,0.0,0.0,0.0,0.0,0.0,7151.0,2.0,15048.0,6105.0,2.0,15061.0
27.574079085010453,0.0,0.0,0.0,0.0,0.0,0.0,0.0,0.0,0.0,0.0,0.0,0.0,0.0,7152.0,2.0,15068.0,6106.0,2.0,15073.0
27.59292085201014,0.0,0.0,0.0,0.0,0.0,0.0,0.0,0.0,0.0,0.0,0.0,0.0,0.0,7153.0,2.0,15088.0,6107.0,2.0,15091.0
27.61229662100959,0.0,0.0,0.0,0.0,0.0,0.0,0.0,0.0,0.0,0.0,0.0,0.0,0.0,7154.0,2.0,15108.0,6108.0,2.0,15111.0
27.642621623002924,0.0,0.0,0.0,0.0,0.0,0.0,0.0,0.0,0.0,0.0,0.0,0.0,0.0,7155.0,2.0,15128.0,6109.0,2.0,15141.0
27.66348836000543,0.0,0.0,0.0,0.0,0.0,0.0,0.0,0.0,0.0,0.0,0.0,0.0,0.0,7156.0,2.0,15148.0,6110.0,2.0,15161.0
27.781471157009946,0.0,0.0,0.0,0.0,0.0,0.0,0.0,0.0,0.0,0.0,0.0,0.0,0.0,7157.0,2.0,15168.0,6111.0,2.0,15171.0
27.7815823280107,0.0,0.0,0.0,0.0,0.0,0.0,0.0,0.0,0.0,0.0,0.0,0.0,0.0,7158.0,2.0,15188.0,6112.0,2.0,15201.0
27.781654940001317,0.0,0.0,0.0,0.0,0.0,0.0,0.0,0.0,0.0,0.0,0.0,0.0,0.0,7159.0,2.0,15208.0,6113.0,2.0,15221.0
27.781756527008838,0.0,0.0,0.0,0.0,0.0,0.0,0.0,0.0,0.0,0.0,0.0,0.0,0.0,7160.0,2.0,15228.0,6114.0,2.0,15240.0
27.78181987500284,0.0,0.0,0.0,0.0,0.0,0.0,0.0,0.0,0.0,0.0,0.0,0.0,0.0,7161.0,2.0,15248.0,6115.0,2.0,15261.0
27.781907850003336,0.0,0.0,0.0,0.0,0.0,0.0,0.0,0.0,0.0,0.0,0.0,0.0,0.0,7162.0,2.0,15268.0,6116.0,2.0,15271.0
27.802333797008032,0.0,0.0,0.0,0.0,0.0,0.0,0.0,0.0,0.0,0.0,0.0,0.0,0.0,7163.0,2.0,15288.0,6117.0,2.0,15301.0
27.81828214500274,0.0,0.0,0.0,0.0,0.0,0.0,0.0,0.0,0.0,0.0,0.0,0.0,0.0,7164.0,2.0,15308.0,6118.0,2.0,15315.0
27.84473280700331,0.0,0.0,0.0,0.0,0.0,0.0,0.0,0.0,0.0,0.0,0.0,0.0,0.0,7165.0,2.0,15328.0,6119.0,2.0,15341.0
27.86209223800688,0.0,0.0,0.0,0.0,0.0,0.0,0.0,0.0,0.0,0.0,0.0,0.0,0.0,7166.0,2.0,15348.0,6120.0,2.0,15361.0
27.871553147997474,0.0,0.0,0.0,0.0,0.0,0.0,0.0,0.0,0.0,0.0,0.0,0.0,0.0,7167.0,2.0,15368.0,6121.0,2.0,15371.0
28.000949193999986,0.0,0.0,0.0,0.0,0.0,0.0,0.0,0.0,0.0,0.0,0.0,0.0,0.0,7168.0,2.0,15388.0,6122.0,2.0,15401.0
28.00138496499858,0.0,0.0,0.0,0.0,0.0,0.0,0.0,0.0,0.0,0.0,0.0,0.0,0.0,7169.0,2.0,15408.0,6123.0,2.0,15421.0
28.001453541000956,0.0,0.0,0.0,0.0,0.0,0.0,0.0,0.0,0.0,0.0,0.0,0.0,0.0,7170.0,2.0,15428.0,6124.0,2.0,15441.0
28.001516999007436,0.0,0.0,0.0,0.0,0.0,0.0,0.0,0.0,0.0,0.0,0.0,0.0,0.0,7171.0,2.0,15448.0,6125.0,2.0,15461.0
28.00157754200336,0.0,0.0,0.0,0.0,0.0,0.0,0.0,0.0,0.0,0.0,0.0,0.0,0.0,7172.0,2.0,15468.0,6126.0,2.0,15471.0
28.002840689005097,0.0,0.0,0.0,0.0,0.0,0.0,0.0,0.0,0.0,0.0,0.0,0.0,0.0,7173.0,2.0,15488.0,6127.0,2.0,15501.0
28.021274045007885,0.0,0.0,0.0,0.0,0.0,0.0,0.0,0.0,0.0,0.0,0.0,0.0,0.0,7174.0,2.0,15508.0,6128.0,2.0,15521.0
28.043628585000988,0.0,0.0,0.0,0.0,0.0,0.0,0.0,0.0,0.0,0.0,0.0,0.0,0.0,7175.0,2.0,15528.0,6129.0,2.0,15541.0
28.061453835005523,0.0,0.0,0.0,0.0,0.0,0.0,0.0,0.0,0.0,0.0,0.0,0.0,0.0,7176.0,2.0,15548.0,6130.0,2.0,15561.0
28.074686646999908,0.0,0.0,0.0,0.0,0.0,0.0,0.0,0.0,0.0,0.0,0.0,0.0,0.0,7177.0,2.0,15568.0,6131.0,2.0,15573.0
28.094410161997075,0.0,0.0,0.0,0.0,0.0,0.0,0.0,0.0,0.0,0.0,0.0,0.0,0.0,7178.0,2.0,15588.0,6132.0,2.0,15591.0
28.119251023003017,0.0,0.0,0.0,0.0,0.0,0.0,0.0,0.0,0.0,0.0,0.0,0.0,0.0,7179.0,2.0,15608.0,6133.0,2.0,15611.0
28.220937086007325,0.0,0.0,0.0,0.0,0.0,0.0,0.0,0.0,0.0,0.0,0.0,0.0,0.0,7180.0,2.0,15628.0,6134.0,2.0,15641.0
28.22105005000776,0.0,0.0,0.0,0.0,0.0,0.0,0.0,0.0,0.0,0.0,0.0,0.0,0.0,7181.0,2.0,15648.0,6135.0,2.0,15661.0
28.22111510099785,0.0,0.0,0.0,0.0,0.0,0.0,0.0,0.0,0.0,0.0,0.0,0.0,0.0,7182.0,2.0,15668.0,6136.0,2.0,15671.0
28.221173951009405,0.0,0.0,0.0,0.0,0.0,0.0,0.0,0.0,0.0,0.0,0.0,0.0,0.0,7183.0,2.0,15688.0,6137.0,2.0,15701.0
28.221326026003226,0.0,0.0,0.0,0.0,0.0,0.0,0.0,0.0,0.0,0.0,0.0,0.0,0.0,7184.0,2.0,15708.0,6138.0,2.0,15721.0
28.247458427009406,0.0,0.0,0.0,0.0,0.0,0.0,0.0,0.0,0.0,0.0,0.0,0.0,0.0,7185.0,2.0,15728.0,6139.0,2.0,15740.0
28.262001278009848,0.0,0.0,0.0,0.0,0.0,0.0,0.0,0.0,0.0,0.0,0.0,0.0,0.0,7186.0,2.0,15748.0,6140.0,2.0,15761.0
28.27153631200781,0.0,0.0,0.0,0.0,0.0,0.0,0.0,0.0,0.0,0.0,0.0,0.0,0.0,7187.0,2.0,15768.0,6141.0,2.0,15771.0
28.30174856100348,0.0,0.0,0.0,0.0,0.0,0.0,0.0,0.0,0.0,0.0,0.0,0.0,0.0,7188.0,2.0,15788.0,6142.0,2.0,15801.0
28.323044399003265,0.0,0.0,0.0,0.0,0.0,0.0,0.0,0.0,0.0,0.0,0.0,0.0,0.0,7189.0,2.0,15808.0,6143.0,2.0,15821.0
28.395193204007228,0.0,0.0,0.0,0.0,0.0,0.0,0.0,0.0,0.0,0.0,0.0,0.0,0.0,7190.0,2.0,15828.0,6144.0,2.0,15841.0
28.395616206005798,0.0,0.0,0.0,0.0,0.0,0.0,0.0,0.0,0.0,0.0,0.0,0.0,0.0,7191.0,2.0,15848.0,6145.0,2.0,15861.0
28.395722458997625,0.0,0.0,0.0,0.0,0.0,0.0,0.0,0.0,0.0,0.0,0.0,0.0,0.0,7192.0,2.0,15868.0,6146.0,2.0,15871.0
28.4396582210029,0.0,0.0,0.0,0.0,0.0,0.0,0.0,0.0,0.0,0.0,0.0,0.0,0.0,7193.0,2.0,15888.0,6147.0,2.0,15901.0
28.44012934800412,0.0,0.0,0.0,0.0,0.0,0.0,0.0,0.0,0.0,0.0,0.0,0.0,0.0,7194.0,2.0,15908.0,6148.0,2.0,15921.0
28.443553397999494,0.0,0.0,0.0,0.0,0.0,0.0,0.0,0.0,0.0,0.0,0.0,0.0,0.0,7195.0,2.0,15928.0,6149.0,2.0,15941.0
28.46274842999992,0.0,0.0,0.0,0.0,0.0,0.0,0.0,0.0,0.0,0.0,0.0,0.0,0.0,7196.0,2.0,15948.0,6150.0,2.0,15961.0
28.471088842008612,0.0,0.0,0.0,0.0,0.0,0.0,0.0,0.0,0.0,0.0,0.0,0.0,0.0,7197.0,2.0,15968.0,6151.0,2.0,15971.0
28.5046318310051,0.0,0.0,0.0,0.0,0.0,0.0,0.0,0.0,0.0,0.0,0.0,0.0,0.0,7198.0,2.0,15988.0,6152.0,2.0,16001.0
28.522353710010066,0.0,0.0,0.0,0.0,0.0,0.0,0.0,0.0,0.0,0.0,0.0,0.0,0.0,7199.0,2.0,16008.0,6153.0,2.0,16021.0
28.66511504999653,0.0,0.0,0.0,0.0,0.0,0.0,0.0,0.0,0.0,0.0,0.0,0.0,0.0,7200.0,2.0,16028.0,6154.0,2.0,16041.0
28.6654621350026,0.0,0.0,0.0,0.0,0.0,0.0,0.0,0.0,0.0,0.0,0.0,0.0,0.0,7201.0,2.0,16048.0,6155.0,2.0,16061.0
28.66553018000559,0.0,0.0,0.0,0.0,0.0,0.0,0.0,0.0,0.0,0.0,0.0,0.0,0.0,7202.0,2.0,16068.0,6156.0,2.0,16072.0
28.66558998300752,0.0,0.0,0.0,0.0,0.0,0.0,0.0,0.0,0.0,0.0,0.0,0.0,0.0,7203.0,2.0,16088.0,6157.0,2.0,16091.0
28.665644196007634,0.0,0.0,0.0,0.0,0.0,0.0,0.0,0.0,0.0,0.0,0.0,0.0,0.0,7204.0,2.0,16108.0,6158.0,2.0,16121.0
28.665703557999223,0.0,0.0,0.0,0.0,0.0,0.0,0.0,0.0,0.0,0.0,0.0,0.0,0.0,7205.0,2.0,16128.0,6159.0,2.0,16141.0
28.66576000500936,0.0,0.0,0.0,0.0,0.0,0.0,0.0,0.0,0.0,0.0,0.0,0.0,0.0,7206.0,2.0,16148.0,6160.0,2.0,16161.0
28.67100359100732,0.0,0.0,0.0,0.0,0.0,0.0,0.0,0.0,0.0,0.0,0.0,0.0,0.0,7207.0,2.0,16168.0,6161.0,2.0,16170.0
28.70141990800039,0.0,0.0,0.0,0.0,0.0,0.0,0.0,0.0,0.0,0.0,0.0,0.0,0.0,7208.0,2.0,16188.0,6162.0,2.0,16201.0
28.72148384900356,0.0,0.0,0.0,0.0,0.0,0.0,0.0,0.0,0.0,0.0,0.0,0.0,0.0,7209.0,2.0,16208.0,6163.0,2.0,16221.0
28.741138850004063,0.0,0.0,0.0,0.0,0.0,0.0,0.0,0.0,0.0,0.0,0.0,0.0,0.0,7210.0,2.0,16228.0,6164.0,2.0,16241.0
28.764001388000906,0.0,0.0,0.0,0.0,0.0,0.0,0.0,0.0,0.0,0.0,0.0,0.0,0.0,7211.0,2.0,16248.0,6165.0,2.0,16261.0
28.8223186719988,0.0,0.0,0.0,0.0,0.0,0.0,0.0,0.0,0.0,0.0,0.0,0.0,0.0,7212.0,2.0,16268.0,6166.0,2.0,16271.0
28.822420169002726,0.0,0.0,0.0,0.0,0.0,0.0,0.0,0.0,0.0,0.0,0.0,0.0,0.0,7213.0,2.0,16288.0,6167.0,2.0,16301.0
28.822485810000217,0.0,0.0,0.0,0.0,0.0,0.0,0.0,0.0,0.0,0.0,0.0,0.0,0.0,7214.0,2.0,16308.0,6168.0,2.0,16321.0
28.88079031399684,0.0,0.0,0.0,0.0,0.0,0.0,0.0,0.0,0.0,0.0,0.0,0.0,0.0,7215.0,2.0,16328.0,6169.0,2.0,16341.0
28.880878611002117,0.0,0.0,0.0,0.0,0.0,0.0,0.0,0.0,0.0,0.0,0.0,0.0,0.0,7216.0,2.0,16348.0,6170.0,2.0,16361.0
28.8809405159991,0.0,0.0,0.0,0.0,0.0,0.0,0.0,0.0,0.0,0.0,0.0,0.0,0.0,7217.0,2.0,16368.0,6171.0,2.0,16371.0
28.91184198099654,0.0,0.0,0.0,0.0,0.0,0.0,0.0,0.0,0.0,0.0,0.0,0.0,0.0,7218.0,2.0,16388.0,6172.0,2.0,16401.0
28.920784732006723,0.0,0.0,0.0,0.0,0.0,0.0,0.0,0.0,0.0,0.0,0.0,0.0,0.0,7219.0,2.0,16408.0,6173.0,2.0,16421.0
28.94114196600276,0.0,0.0,0.0,0.0,0.0,0.0,0.0,0.0,0.0,0.0,0.0,0.0,0.0,7220.0,2.0,16428.0,6174.0,2.0,16441.0
28.969035782007268,0.0,0.0,0.0,0.0,0.0,0.0,0.0,0.0,0.0,0.0,0.0,0.0,0.0,7221.0,2.0,16448.0,6175.0,2.0,16461.0
28.971663314005127,0.0,0.0,0.0,0.0,0.0,0.0,0.0,0.0,0.0,0.0,0.0,0.0,0.0,7222.0,2.0,16468.0,6176.0,2.0,16471.0
29.100369678999414,0.0,0.0,0.0,0.0,0.0,0.0,0.0,0.0,0.0,0.0,0.0,0.0,0.0,7223.0,2.0,16488.0,6177.0,2.0,16501.0
29.100521212996682,0.0,0.0,0.0,0.0,0.0,0.0,0.0,0.0,0.0,0.0,0.0,0.0,0.0,7224.0,2.0,16508.0,6178.0,2.0,16521.0
29.10059148100845,0.0,0.0,0.0,0.0,0.0,0.0,0.0,0.0,0.0,0.0,0.0,0.0,0.0,7225.0,2.0,16528.0,6179.0,2.0,16541.0
29.10065133300668,0.0,0.0,0.0,0.0,0.0,0.0,0.0,0.0,0.0,0.0,0.0,0.0,0.0,7226.0,2.0,16548.0,6180.0,2.0,16561.0
29.10070670901041,0.0,0.0,0.0,0.0,0.0,0.0,0.0,0.0,0.0,0.0,0.0,0.0,0.0,7227.0,2.0,16568.0,6181.0,2.0,16573.0
29.10076723199745,0.0,0.0,0.0,0.0,0.0,0.0,0.0,0.0,0.0,0.0,0.0,0.0,0.0,7228.0,2.0,16588.0,6182.0,2.0,16591.0
29.141901267008507,0.0,0.0,0.0,0.0,0.0,0.0,0.0,0.0,0.0,0.0,0.0,0.0,0.0,7229.0,2.0,16608.0,6183.0,2.0,16621.0
29.14234017400304,0.0,0.0,0.0,0.0,0.0,0.0,0.0,0.0,0.0,0.0,0.0,0.0,0.0,7230.0,2.0,16628.0,6184.0,2.0,16641.0
29.161952469003154,0.0,0.0,0.0,0.0,0.0,0.0,0.0,0.0,0.0,0.0,0.0,0.0,0.0,7231.0,2.0,16648.0,6185.0,2.0,16661.0
29.17335104799713,0.0,0.0,0.0,0.0,0.0,0.0,0.0,0.0,0.0,0.0,0.0,0.0,0.0,7232.0,2.0,16668.0,6186.0,2.0,16670.0
29.20103902700066,0.0,0.0,0.0,0.0,0.0,0.0,0.0,0.0,0.0,0.0,0.0,0.0,0.0,7233.0,2.0,16688.0,6187.0,2.0,16701.0
29.3248631220049,0.0,0.0,0.0,0.0,0.0,0.0,0.0,0.0,0.0,0.0,0.0,0.0,0.0,7234.0,2.0,16708.0,6188.0,2.0,16721.0
29.32498599200335,0.0,0.0,0.0,0.0,0.0,0.0,0.0,0.0,0.0,0.0,0.0,0.0,0.0,7235.0,2.0,16728.0,6189.0,2.0,16741.0
29.325052504005725,0.0,0.0,0.0,0.0,0.0,0.0,0.0,0.0,0.0,0.0,0.0,0.0,0.0,7236.0,2.0,16748.0,6190.0,2.0,16761.0
29.325111716010724,0.0,0.0,0.0,0.0,0.0,0.0,0.0,0.0,0.0,0.0,0.0,0.0,0.0,7237.0,2.0,16768.0,6191.0,2.0,16771.0
29.325167962000705,0.0,0.0,0.0,0.0,0.0,0.0,0.0,0.0,0.0,0.0,0.0,0.0,0.0,7238.0,2.0,16788.0,6192.0,2.0,16801.0
29.325227553999866,0.0,0.0,0.0,0.0,0.0,0.0,0.0,0.0,0.0,0.0,0.0,0.0,0.0,7239.0,2.0,16808.0,6193.0,2.0,16821.0
29.34172323301027,0.0,0.0,0.0,0.0,0.0,0.0,0.0,0.0,0.0,0.0,0.0,0.0,0.0,7240.0,2.0,16828.0,6194.0,2.0,16841.0
29.361855349998223,0.0,0.0,0.0,0.0,0.0,0.0,0.0,0.0,0.0,0.0,0.0,0.0,0.0,7241.0,2.0,16848.0,6195.0,2.0,16861.0
29.371324633000768,0.0,0.0,0.0,0.0,0.0,0.0,0.0,0.0,0.0,0.0,0.0,0.0,0.0,7242.0,2.0,16868.0,6196.0,2.0,16870.0
29.40107048599748,0.0,0.0,0.0,0.0,0.0,0.0,0.0,0.0,0.0,0.0,0.0,0.0,0.0,7243.0,2.0,16888.0,6197.0,2.0,16901.0
29.422751271005836,0.0,0.0,0.0,0.0,0.0,0.0,0.0,0.0,0.0,0.0,0.0,0.0,0.0,7244.0,2.0,16908.0,6198.0,2.0,16921.0
29.499090737997903,0.0,0.0,0.0,0.0,0.0,0.0,0.0,0.0,0.0,0.0,0.0,0.0,0.0,7245.0,2.0,16928.0,6199.0,2.0,16941.0
29.49918833799893,0.0,0.0,0.0,0.0,0.0,0.0,0.0,0.0,0.0,0.0,0.0,0.0,0.0,7246.0,2.0,16948.0,6200.0,2.0,16961.0
29.49925914799678,0.0,0.0,0.0,0.0,0.0,0.0,0.0,0.0,0.0,0.0,0.0,0.0,0.0,7247.0,2.0,16968.0,6201.0,2.0,16970.0
29.538470519997645,0.0,0.0,0.0,0.0,0.0,0.0,0.0,0.0,0.0,0.0,0.0,0.0,0.0,7248.0,2.0,16988.0,6202.0,2.0,17000.0
29.538567390001845,0.0,0.0,0.0,0.0,0.0,0.0,0.0,0.0,0.0,0.0,0.0,0.0,0.0,7249.0,2.0,17008.0,6203.0,2.0,17021.0
29.54252020000422,0.0,0.0,0.0,0.0,0.0,0.0,0.0,0.0,0.0,0.0,0.0,0.0,0.0,7250.0,2.0,17028.0,6204.0,2.0,17041.0
29.563654145007604,0.0,0.0,0.0,0.0,0.0,0.0,0.0,0.0,0.0,0.0,0.0,0.0,0.0,7251.0,2.0,17048.0,6205.0,2.0,17061.0
29.57294007600285,0.0,0.0,0.0,0.0,0.0,0.0,0.0,0.0,0.0,0.0,0.0,0.0,0.0,7252.0,2.0,17068.0,6206.0,2.0,17073.0
29.60076783099794,0.0,0.0,0.0,0.0,0.0,0.0,0.0,0.0,0.0,0.0,0.0,0.0,0.0,7253.0,2.0,17088.0,6207.0,2.0,17101.0
29.620746722997865,0.0,0.0,0.0,0.0,0.0,0.0,0.0,0.0,0.0,0.0,0.0,0.0,0.0,7254.0,2.0,17108.0,6208.0,2.0,17121.0
29.64179324300494,0.0,0.0,0.0,0.0,0.0,0.0,0.0,0.0,0.0,0.0,0.0,0.0,0.0,7255.0,2.0,17128.0,6209.0,2.0,17141.0
29.759067425999092,0.0,0.0,0.0,0.0,0.0,0.0,0.0,0.0,0.0,0.0,0.0,0.0,0.0,7256.0,2.0,17148.0,6210.0,2.0,17161.0
29.75917146699794,0.0,0.0,0.0,0.0,0.0,0.0,0.0,0.0,0.0,0.0,0.0,0.0,0.0,7257.0,2.0,17168.0,6211.0,2.0,17171.0
29.759241876003216,0.0,0.0,0.0,0.0,0.0,0.0,0.0,0.0,0.0,0.0,0.0,0.0,0.0,7258.0,2.0,17188.0,6212.0,2.0,17201.0
29.759317623000243,0.0,0.0,0.0,0.0,0.0,0.0,0.0,0.0,0.0,0.0,0.0,0.0,0.0,7259.0,2.0,17208.0,6213.0,2.0,17221.0
29.759380880001117,0.0,0.0,0.0,0.0,0.0,0.0,0.0,0.0,0.0,0.0,0.0,0.0,0.0,7260.0,2.0,17228.0,6214.0,2.0,17241.0
29.761534744000528,0.0,0.0,0.0,0.0,0.0,0.0,0.0,0.0,0.0,0.0,0.0,0.0,0.0,7261.0,2.0,17248.0,6215.0,2.0,17261.0
29.774460892003844,0.0,0.0,0.0,0.0,0.0,0.0,0.0,0.0,0.0,0.0,0.0,0.0,0.0,7262.0,2.0,17268.0,6216.0,2.0,17271.0
29.802537370997015,0.0,0.0,0.0,0.0,0.0,0.0,0.0,0.0,0.0,0.0,0.0,0.0,0.0,7263.0,2.0,17288.0,6217.0,2.0,17301.0
29.815196037001442,0.0,0.0,0.0,0.0,0.0,0.0,0.0,0.0,0.0,0.0,0.0,0.0,0.0,7264.0,2.0,17308.0,6218.0,2.0,17315.0
29.841086332002305,0.0,0.0,0.0,0.0,0.0,0.0,0.0,0.0,0.0,0.0,0.0,0.0,0.0,7265.0,2.0,17328.0,6219.0,2.0,17341.0
29.861345197001356,0.0,0.0,0.0,0.0,0.0,0.0,0.0,0.0,0.0,0.0,0.0,0.0,0.0,7266.0,2.0,17348.0,6220.0,2.0,17361.0
29.981937511009164,0.0,0.0,0.0,0.0,0.0,0.0,0.0,0.0,0.0,0.0,0.0,0.0,0.0,7267.0,2.0,17368.0,6221.0,2.0,17371.0
29.98210258501058,0.0,0.0,0.0,0.0,0.0,0.0,0.0,0.0,0.0,0.0,0.0,0.0,0.0,7268.0,2.0,17388.0,6222.0,2.0,17401.0
29.982172203002847,0.0,0.0,0.0,0.0,0.0,0.0,0.0,0.0,0.0,0.0,0.0,0.0,0.0,7269.0,2.0,17408.0,6223.0,2.0,17421.0
29.982231935005984,0.0,0.0,0.0,0.0,0.0,0.0,0.0,0.0,0.0,0.0,0.0,0.0,0.0,7270.0,2.0,17428.0,6224.0,2.0,17441.0
29.98229696499766,0.0,0.0,0.0,0.0,0.0,0.0,0.0,0.0,0.0,0.0,0.0,0.0,0.0,7271.0,2.0,17448.0,6225.0,2.0,17461.0
29.982355946005555,0.0,0.0,0.0,0.0,0.0,0.0,0.0,0.0,0.0,0.0,0.0,0.0,0.0,7272.0,2.0,17468.0,6226.0,2.0,17471.0
30.000417971008574,0.0,0.0,0.0,0.0,0.0,0.0,0.0,0.0,0.0,0.0,0.0,0.0,0.0,7273.0,2.0,17488.0,6227.0,2.0,17501.0
30.02308924800309,0.0,0.0,0.0,0.0,0.0,0.0,0.0,0.0,0.0,0.0,0.0,0.0,0.0,7274.0,2.0,17508.0,6228.0,2.0,17521.0
30.041065650002565,0.0,0.0,0.0,0.0,0.0,0.0,0.0,0.0,0.0,0.0,0.0,0.0,0.0,7275.0,2.0,17528.0,6229.0,2.0,17541.0
30.061504281999078,0.0,0.0,0.0,0.0,0.0,0.0,0.0,0.0,0.0,0.0,0.0,0.0,0.0,7276.0,2.0,17548.0,6230.0,2.0,17561.0
30.075399906010716,0.0,0.0,0.0,0.0,0.0,0.0,0.0,0.0,0.0,0.0,0.0,0.0,0.0,7277.0,2.0,17568.0,6231.0,2.0,17573.0
30.200159911997616,0.0,0.0,0.0,0.0,0.0,0.0,0.0,0.0,0.0,0.0,0.0,0.0,0.0,7278.0,2.0,17588.0,6232.0,2.0,17591.0
30.200591007000185,0.0,0.0,0.0,0.0,0.0,0.0,0.0,0.0,0.0,0.0,0.0,0.0,0.0,7279.0,2.0,17608.0,6233.0,2.0,17621.0
30.200839751007152,0.0,0.0,0.0,0.0,0.0,0.0,0.0,0.0,0.0,0.0,0.0,0.0,0.0,7280.0,2.0,17628.0,6234.0,2.0,17641.0
30.200904872006504,0.0,0.0,0.0,0.0,0.0,0.0,0.0,0.0,0.0,0.0,0.0,0.0,0.0,7281.0,2.0,17648.0,6235.0,2.0,17661.0
30.2009689109982,0.0,0.0,0.0,0.0,0.0,0.0,0.0,0.0,0.0,0.0,0.0,0.0,0.0,7282.0,2.0,17668.0,6236.0,2.0,17671.0
30.20204550201015,0.0,0.0,0.0,0.0,0.0,0.0,0.0,0.0,0.0,0.0,0.0,0.0,0.0,7283.0,2.0,17688.0,6237.0,2.0,17700.0
30.22002101301041,0.0,0.0,0.0,0.0,0.0,0.0,0.0,0.0,0.0,0.0,0.0,0.0,0.0,7284.0,2.0,17708.0,6238.0,2.0,17721.0
30.244397331000073,0.0,0.0,0.0,0.0,0.0,0.0,0.0,0.0,0.0,0.0,0.0,0.0,0.0,7285.0,2.0,17728.0,6239.0,2.0,17741.0
30.28023352600576,0.0,0.0,0.0,0.0,0.0,0.0,0.0,0.0,0.0,0.0,0.0,0.0,0.0,7287.0,2.0,17768.0,6240.0,2.0,17780.0
30.289046096004313,0.0,0.0,0.0,0.0,0.0,0.0,0.0,0.0,0.0,0.0,0.0,0.0,0.0,7288.0,2.0,17788.0,6241.0,2.0,17790.0
30.4204682730051,0.0,0.0,0.0,0.0,0.0,0.0,0.0,0.0,0.0,0.0,0.0,0.0,0.0,7289.0,2.0,17808.0,6242.0,2.0,17821.0
30.420948193001095,0.0,0.0,0.0,0.0,0.0,0.0,0.0,0.0,0.0,0.0,0.0,0.0,0.0,7290.0,2.0,17828.0,6243.0,2.0,17841.0
30.42113789600262,0.0,0.0,0.0,0.0,0.0,0.0,0.0,0.0,0.0,0.0,0.0,0.0,0.0,7291.0,2.0,17848.0,6244.0,2.0,17861.0
30.421204629004933,0.0,0.0,0.0,0.0,0.0,0.0,0.0,0.0,0.0,0.0,0.0,0.0,0.0,7292.0,2.0,17868.0,6245.0,2.0,17881.0
30.4212703610101,0.0,0.0,0.0,0.0,0.0,0.0,0.0,0.0,0.0,0.0,0.0,0.0,0.0,7293.0,2.0,17888.0,6246.0,2.0,17890.0
30.421337324005435,0.0,0.0,0.0,0.0,0.0,0.0,0.0,0.0,0.0,0.0,0.0,0.0,0.0,7294.0,2.0,17908.0,6247.0,2.0,17921.0
30.441786960000172,0.0,0.0,0.0,0.0,0.0,0.0,0.0,0.0,0.0,0.0,0.0,0.0,0.0,7295.0,2.0,17928.0,6248.0,2.0,17941.0
30.460622658996726,0.0,0.0,0.0,0.0,0.0,0.0,0.0,0.0,0.0,0.0,0.0,0.0,0.0,7296.0,2.0,17948.0,6249.0,2.0,17961.0
30.484898388996953,0.0,0.0,0.0,0.0,0.0,0.0,0.0,0.0,0.0,0.0,0.0,0.0,0.0,7297.0,2.0,17968.0,6250.0,2.0,17981.0
30.494563134998316,0.0,0.0,0.0,0.0,0.0,0.0,0.0,0.0,0.0,0.0,0.0,0.0,0.0,7298.0,2.0,17988.0,6251.0,2.0,17991.0
30.519980106997536,0.0,0.0,0.0,0.0,0.0,0.0,0.0,0.0,0.0,0.0,0.0,0.0,0.0,7299.0,2.0,18008.0,6252.0,2.0,18021.0
30.614908078001463,0.0,0.0,0.0,0.0,0.0,0.0,0.0,0.0,0.0,0.0,0.0,0.0,0.0,7300.0,2.0,18028.0,6253.0,2.0,18041.0
30.615342700009933,0.0,0.0,0.0,0.0,0.0,0.0,0.0,0.0,0.0,0.0,0.0,0.0,0.0,7301.0,2.0,18048.0,6254.0,2.0,18061.0
30.615606225997908,0.0,0.0,0.0,0.0,0.0,0.0,0.0,0.0,0.0,0.0,0.0,0.0,0.0,7302.0,2.0,18068.0,6255.0,2.0,18081.0
30.61566973500885,0.0,0.0,0.0,0.0,0.0,0.0,0.0,0.0,0.0,0.0,0.0,0.0,0.0,7303.0,2.0,18088.0,6256.0,2.0,18091.0
30.64000192200183,0.0,0.0,0.0,0.0,0.0,0.0,0.0,0.0,0.0,0.0,0.0,0.0,0.0,7304.0,2.0,18108.0,6257.0,2.0,18121.0
30.641091384008178,0.0,0.0,0.0,0.0,0.0,0.0,0.0,0.0,0.0,0.0,0.0,0.0,0.0,7305.0,2.0,18128.0,6258.0,2.0,18141.0
30.66043775199796,0.0,0.0,0.0,0.0,0.0,0.0,0.0,0.0,0.0,0.0,0.0,0.0,0.0,7306.0,2.0,18148.0,6259.0,2.0,18161.0
30.680531764010084,0.0,0.0,0.0,0.0,0.0,0.0,0.0,0.0,0.0,0.0,0.0,0.0,0.0,7307.0,2.0,18168.0,6260.0,2.0,18181.0
30.69213562400546,0.0,0.0,0.0,0.0,0.0,0.0,0.0,0.0,0.0,0.0,0.0,0.0,0.0,7308.0,2.0,18188.0,6261.0,2.0,18191.0
30.721521516010398,0.0,0.0,0.0,0.0,0.0,0.0,0.0,0.0,0.0,0.0,0.0,0.0,0.0,7309.0,2.0,18208.0,6262.0,2.0,18221.0
30.74036173200875,0.0,0.0,0.0,0.0,0.0,0.0,0.0,0.0,0.0,0.0,0.0,0.0,0.0,7310.0,2.0,18228.0,6263.0,2.0,18241.0
30.785322216004715,0.0,0.0,0.0,0.0,0.0,0.0,0.0,0.0,0.0,0.0,0.0,0.0,0.0,7311.0,2.0,18248.0,6264.0,2.0,18261.0
30.785424112997134,0.0,0.0,0.0,0.0,0.0,0.0,0.0,0.0,0.0,0.0,0.0,0.0,0.0,7312.0,2.0,18268.0,6265.0,2.0,18281.0
30.860166301004938,0.0,0.0,0.0,0.0,0.0,0.0,0.0,0.0,0.0,0.0,0.0,0.0,0.0,7313.0,2.0,18288.0,6266.0,2.0,18291.0
30.860588142008055,0.0,0.0,0.0,0.0,0.0,0.0,0.0,0.0,0.0,0.0,0.0,0.0,0.0,7314.0,2.0,18308.0,6267.0,2.0,18321.0
30.860845920004067,0.0,0.0,0.0,0.0,0.0,0.0,0.0,0.0,0.0,0.0,0.0,0.0,0.0,7315.0,2.0,18328.0,6268.0,2.0,18341.0
30.86180176700873,0.0,0.0,0.0,0.0,0.0,0.0,0.0,0.0,0.0,0.0,0.0,0.0,0.0,7316.0,2.0,18348.0,6269.0,2.0,18361.0
30.881346420006594,0.0,0.0,0.0,0.0,0.0,0.0,0.0,0.0,0.0,0.0,0.0,0.0,0.0,7317.0,2.0,18368.0,6270.0,2.0,18381.0
30.89004004599701,0.0,0.0,0.0,0.0,0.0,0.0,0.0,0.0,0.0,0.0,0.0,0.0,0.0,7318.0,2.0,18388.0,6271.0,2.0,18391.0
30.921027671996853,0.0,0.0,0.0,0.0,0.0,0.0,0.0,0.0,0.0,0.0,0.0,0.0,0.0,7319.0,2.0,18408.0,6272.0,2.0,18421.0
30.940288597004837,0.0,0.0,0.0,0.0,0.0,0.0,0.0,0.0,0.0,0.0,0.0,0.0,0.0,7320.0,2.0,18428.0,6273.0,2.0,18441.0
30.9605247490108,0.0,0.0,0.0,0.0,0.0,0.0,0.0,0.0,0.0,0.0,0.0,0.0,0.0,7321.0,2.0,18448.0,6274.0,2.0,18460.0
30.999140264000744,0.0,0.0,0.0,0.0,0.0,0.0,0.0,0.0,0.0,0.0,0.0,0.0,0.0,7322.0,2.0,18468.0,6275.0,2.0,18481.0
30.999320122005884,0.0,0.0,0.0,0.0,0.0,0.0,0.0,0.0,0.0,0.0,0.0,0.0,0.0,7323.0,2.0,18488.0,6276.0,2.0,18491.0
31.02027591499791,0.0,0.0,0.0,0.0,0.0,0.0,0.0,0.0,0.0,0.0,0.0,0.0,0.0,7324.0,2.0,18508.0,6277.0,2.0,18521.0
31.040963994004414,0.0,0.0,0.0,0.0,0.0,0.0,0.0,0.0,0.0,0.0,0.0,0.0,0.0,7325.0,2.0,18528.0,6278.0,2.0,18541.0
31.062471579003613,0.0,0.0,0.0,0.0,0.0,0.0,0.0,0.0,0.0,0.0,0.0,0.0,0.0,7326.0,2.0,18548.0,6279.0,2.0,18561.0
31.08022230300412,0.0,0.0,0.0,0.0,0.0,0.0,0.0,0.0,0.0,0.0,0.0,0.0,0.0,7327.0,2.0,18568.0,6280.0,2.0,18581.0
31.091001249005785,0.0,0.0,0.0,0.0,0.0,0.0,0.0,0.0,0.0,0.0,0.0,0.0,0.0,7328.0,2.0,18588.0,6281.0,2.0,18591.0
31.591969496003003,0.0,0.0,0.0,0.0,0.0,0.0,0.0,0.0,0.0,0.0,0.0,0.0,0.0,7329.0,2.0,18608.0,6282.0,2.0,18621.0
31.592146969996975,0.0,0.0,0.0,0.0,0.0,0.0,0.0,0.0,0.0,0.0,0.0,0.0,0.0,7330.0,2.0,18628.0,6283.0,2.0,18641.0
31.592217990008066,0.0,0.0,0.0,0.0,0.0,0.0,0.0,0.0,0.0,0.0,0.0,0.0,0.0,7331.0,2.0,18648.0,6284.0,2.0,18661.0
31.592288389001624,0.0,0.0,0.0,0.0,0.0,0.0,0.0,0.0,0.0,0.0,0.0,0.0,0.0,7332.0,2.0,18668.0,6285.0,2.0,18681.0
31.592347871002858,0.0,0.0,0.0,0.0,0.0,0.0,0.0,0.0,0.0,0.0,0.0,0.0,0.0,7333.0,2.0,18688.0,6286.0,2.0,18691.0
31.592402886002674,0.0,0.0,0.0,0.0,0.0,0.0,0.0,0.0,0.0,0.0,0.0,0.0,0.0,7334.0,2.0,18708.0,6287.0,2.0,18721.0
31.592456919010147,0.0,0.0,0.0,0.0,0.0,0.0,0.0,0.0,0.0,0.0,0.0,0.0,0.0,7335.0,2.0,18728.0,6288.0,2.0,18741.0
31.592509470006917,0.0,0.0,0.0,0.0,0.0,0.0,0.0,0.0,0.0,0.0,0.0,0.0,0.0,7336.0,2.0,18748.0,6289.0,2.0,18761.0
31.592562142002862,0.0,0.0,0.0,0.0,0.0,0.0,0.0,0.0,0.0,0.0,0.0,0.0,0.0,7337.0,2.0,18768.0,6290.0,2.0,18781.0
31.592620422001346,0.0,0.0,0.0,0.0,0.0,0.0,0.0,0.0,0.0,0.0,0.0,0.0,0.0,7338.0,2.0,18788.0,6291.0,2.0,18791.0
31.592676629006746,0.0,0.0,0.0,0.0,0.0,0.0,0.0,0.0,0.0,0.0,0.0,0.0,0.0,7339.0,2.0,18808.0,6292.0,2.0,18821.0
31.592732345001423,0.0,0.0,0.0,0.0,0.0,0.0,0.0,0.0,0.0,0.0,0.0,0.0,0.0,7340.0,2.0,18828.0,6293.0,2.0,18841.0
31.59279345899995,0.0,0.0,0.0,0.0,0.0,0.0,0.0,0.0,0.0,0.0,0.0,0.0,0.0,7341.0,2.0,18848.0,6294.0,2.0,18861.0
31.592878441006178,0.0,0.0,0.0,0.0,0.0,0.0,0.0,0.0,0.0,0.0,0.0,0.0,0.0,7342.0,2.0,18868.0,6295.0,2.0,18881.0
31.592960937996395,0.0,0.0,0.0,0.0,0.0,0.0,0.0,0.0,0.0,0.0,0.0,0.0,0.0,7343.0,2.0,18888.0,6296.0,2.0,18891.0
31.593044627006748,0.0,0.0,0.0,0.0,0.0,0.0,0.0,0.0,0.0,0.0,0.0,0.0,0.0,7344.0,2.0,18908.0,6297.0,2.0,18921.0
31.59312459100329,0.0,0.0,0.0,0.0,0.0,0.0,0.0,0.0,0.0,0.0,0.0,0.0,0.0,7345.0,2.0,18928.0,6298.0,2.0,18941.0
31.593203212003573,0.0,0.0,0.0,0.0,0.0,0.0,0.0,0.0,0.0,0.0,0.0,0.0,0.0,7346.0,2.0,18948.0,6299.0,2.0,18961.0
31.59343886699935,0.0,0.0,0.0,0.0,0.0,0.0,0.0,0.0,0.0,0.0,0.0,0.0,0.0,7347.0,2.0,18968.0,6300.0,2.0,18981.0
31.593542105998495,0.0,0.0,0.0,0.0,0.0,0.0,0.0,0.0,0.0,0.0,0.0,0.0,0.0,7348.0,2.0,18988.0,6301.0,2.0,18991.0
31.593629370996496,0.0,0.0,0.0,0.0,0.0,0.0,0.0,0.0,0.0,0.0,0.0,0.0,0.0,7349.0,2.0,19008.0,6302.0,2.0,19021.0
31.593708572996547,0.0,0.0,0.0,0.0,0.0,0.0,0.0,0.0,0.0,0.0,0.0,0.0,0.0,7350.0,2.0,19028.0,6303.0,2.0,19041.0
31.593794707005145,0.0,0.0,0.0,0.0,0.0,0.0,0.0,0.0,0.0,0.0,0.0,0.0,0.0,7351.0,2.0,19048.0,6304.0,2.0,19061.0
31.593872676996398,0.0,0.0,0.0,0.0,0.0,0.0,0.0,0.0,0.0,0.0,0.0,0.0,0.0,7352.0,2.0,19068.0,6305.0,2.0,19081.0
31.59397717899992,0.0,0.0,0.0,0.0,0.0,0.0,0.0,0.0,0.0,0.0,0.0,0.0,0.0,7353.0,2.0,19088.0,6306.0,2.0,19091.0
31.621041764999973,0.0,0.0,0.0,0.0,0.0,0.0,0.0,0.0,0.0,0.0,0.0,0.0,0.0,7354.0,2.0,19108.0,6307.0,2.0,19121.0
31.640291514006094,0.0,0.0,0.0,0.0,0.0,0.0,0.0,0.0,0.0,0.0,0.0,0.0,0.0,7355.0,2.0,19128.0,6308.0,2.0,19141.0
31.66166696800792,0.0,0.0,0.0,0.0,0.0,0.0,0.0,0.0,0.0,0.0,0.0,0.0,0.0,7356.0,2.0,19148.0,6309.0,2.0,19161.0
31.680819818007876,0.0,0.0,0.0,0.0,0.0,0.0,0.0,0.0,0.0,0.0,0.0,0.0,0.0,7357.0,2.0,19168.0,6310.0,2.0,19181.0
31.689979193004547,0.0,0.0,0.0,0.0,0.0,0.0,0.0,0.0,0.0,0.0,0.0,0.0,0.0,7358.0,2.0,19188.0,6311.0,2.0,19191.0
32.100336652001715,0.0,0.0,0.0,0.0,0.0,0.0,0.0,0.0,0.0,0.0,0.0,0.0,0.0,7359.0,2.0,19208.0,6312.0,2.0,19221.0
32.10052014500252,0.0,0.0,0.0,0.0,0.0,0.0,0.0,0.0,0.0,0.0,0.0,0.0,0.0,7360.0,2.0,19228.0,6313.0,2.0,19241.0
32.100595302006695,0.0,0.0,0.0,0.0,0.0,0.0,0.0,0.0,0.0,0.0,0.0,0.0,0.0,7361.0,2.0,19248.0,6314.0,2.0,19261.0
32.10066029200971,0.0,0.0,0.0,0.0,0.0,0.0,0.0,0.0,0.0,0.0,0.0,0.0,0.0,7362.0,2.0,19268.0,6315.0,2.0,19280.0
32.100720415008254,0.0,0.0,0.0,0.0,0.0,0.0,0.0,0.0,0.0,0.0,0.0,0.0,0.0,7363.0,2.0,19288.0,6316.0,2.0,19290.0
32.10078011700534,0.0,0.0,0.0,0.0,0.0,0.0,0.0,0.0,0.0,0.0,0.0,0.0,0.0,7364.0,2.0,19308.0,6317.0,2.0,19321.0
32.10083490199759,0.0,0.0,0.0,0.0,0.0,0.0,0.0,0.0,0.0,0.0,0.0,0.0,0.0,7375.0,2.0,19528.0,6318.0,2.0,19533.0
32.1008887450007,0.0,0.0,0.0,0.0,0.0,0.0,0.0,0.0,0.0,0.0,0.0,0.0,0.0,7376.0,2.0,19548.0,6319.0,2.0,19551.0
32.10094156699779,0.0,0.0,0.0,0.0,0.0,0.0,0.0,0.0,0.0,0.0,0.0,0.0,0.0,7377.0,2.0,19568.0,6320.0,2.0,19581.0
32.100993928004755,0.0,0.0,0.0,0.0,0.0,0.0,0.0,0.0,0.0,0.0,0.0,0.0,0.0,7378.0,2.0,19588.0,6321.0,2.0,19592.0
32.10956436301058,0.0,0.0,0.0,0.0,0.0,0.0,0.0,0.0,0.0,0.0,0.0,0.0,0.0,7379.0,2.0,19608.0,6322.0,2.0,19611.0
32.14266107100411,0.0,0.0,0.0,0.0,0.0,0.0,0.0,0.0,0.0,0.0,0.0,0.0,0.0,7380.0,2.0,19628.0,6323.0,2.0,19641.0
32.159732594009256,0.0,0.0,0.0,0.0,0.0,0.0,0.0,0.0,0.0,0.0,0.0,0.0,0.0,7381.0,2.0,19648.0,6324.0,2.0,19661.0
32.18004303300404,0.0,0.0,0.0,0.0,0.0,0.0,0.0,0.0,0.0,0.0,0.0,0.0,0.0,7382.0,2.0,19668.0,6325.0,2.0,19681.0
32.190279663002,0.0,0.0,0.0,0.0,0.0,0.0,0.0,0.0,0.0,0.0,0.0,0.0,0.0,7383.0,2.0,19688.0,6326.0,2.0,19691.0
32.61182721600926,0.0,0.0,0.0,0.0,0.0,0.0,0.0,0.0,0.0,0.0,0.0,0.0,0.0,7384.0,2.0,19708.0,6327.0,2.0,19721.0
32.61201651900774,0.0,0.0,0.0,0.0,0.0,0.0,0.0,0.0,0.0,0.0,0.0,0.0,0.0,7385.0,2.0,19728.0,6328.0,2.0,19741.0
32.61210055901029,0.0,0.0,0.0,0.0,0.0,0.0,0.0,0.0,0.0,0.0,0.0,0.0,0.0,7386.0,2.0,19748.0,6329.0,2.0,19761.0
32.61217595600465,0.0,0.0,0.0,0.0,0.0,0.0,0.0,0.0,0.0,0.0,0.0,0.0,0.0,7387.0,2.0,19768.0,6330.0,2.0,19781.0
32.61224546300946,0.0,0.0,0.0,0.0,0.0,0.0,0.0,0.0,0.0,0.0,0.0,0.0,0.0,7388.0,2.0,19788.0,6331.0,2.0,19791.0
32.612315421007224,0.0,0.0,0.0,0.0,0.0,0.0,0.0,0.0,0.0,0.0,0.0,0.0,0.0,7389.0,2.0,19808.0,6332.0,2.0,19821.0
32.612378559002536,0.0,0.0,0.0,0.0,0.0,0.0,0.0,0.0,0.0,0.0,0.0,0.0,0.0,7390.0,2.0,19828.0,6333.0,2.0,19841.0
32.61244343900762,0.0,0.0,0.0,0.0,0.0,0.0,0.0,0.0,0.0,0.0,0.0,0.0,0.0,7391.0,2.0,19848.0,6334.0,2.0,19861.0
32.61250352200295,0.0,0.0,0.0,0.0,0.0,0.0,0.0,0.0,0.0,0.0,0.0,0.0,0.0,7392.0,2.0,19868.0,6335.0,2.0,19881.0
32.61256164200313,0.0,0.0,0.0,0.0,0.0,0.0,0.0,0.0,0.0,0.0,0.0,0.0,0.0,7393.0,2.0,19888.0,6336.0,2.0,19891.0
32.612626112008,0.0,0.0,0.0,0.0,0.0,0.0,0.0,0.0,0.0,0.0,0.0,0.0,0.0,7394.0,2.0,19908.0,6337.0,2.0,19921.0
32.61268441200082,0.0,0.0,0.0,0.0,0.0,0.0,0.0,0.0,0.0,0.0,0.0,0.0,0.0,7395.0,2.0,19928.0,6338.0,2.0,19941.0
32.612742191005964,0.0,0.0,0.0,0.0,0.0,0.0,0.0,0.0,0.0,0.0,0.0,0.0,0.0,7396.0,2.0,19948.0,6339.0,2.0,19961.0
32.61280244399677,0.0,0.0,0.0,0.0,0.0,0.0,0.0,0.0,0.0,0.0,0.0,0.0,0.0,7397.0,2.0,19968.0,6340.0,2.0,19981.0
32.61286358900543,0.0,0.0,0.0,0.0,0.0,0.0,0.0,0.0,0.0,0.0,0.0,0.0,0.0,7398.0,2.0,19988.0,6341.0,2.0,19991.0
32.612920457002474,0.0,0.0,0.0,0.0,0.0,0.0,0.0,0.0,0.0,0.0,0.0,0.0,0.0,7399.0,2.0,20008.0,6342.0,2.0,20021.0
32.61297990899766,0.0,0.0,0.0,0.0,0.0,0.0,0.0,0.0,0.0,0.0,0.0,0.0,0.0,7400.0,2.0,20028.0,6343.0,2.0,20041.0
32.613038890005555,0.0,0.0,0.0,0.0,0.0,0.0,0.0,0.0,0.0,0.0,0.0,0.0,0.0,7401.0,2.0,20048.0,6344.0,2.0,20061.0
32.61321424100606,0.0,0.0,0.0,0.0,0.0,0.0,0.0,0.0,0.0,0.0,0.0,0.0,0.0,7402.0,2.0,20068.0,6345.0,2.0,20081.0
32.613311912005884,0.0,0.0,0.0,0.0,0.0,0.0,0.0,0.0,0.0,0.0,0.0,0.0,0.0,7403.0,2.0,20088.0,6346.0,2.0,20091.0
32.61952641300741,0.0,0.0,0.0,0.0,0.0,0.0,0.0,0.0,0.0,0.0,0.0,0.0,0.0,7404.0,2.0,20108.0,6347.0,2.0,20121.0
32.642918279001606,0.0,0.0,0.0,0.0,0.0,0.0,0.0,0.0,0.0,0.0,0.0,0.0,0.0,7405.0,2.0,20128.0,6348.0,2.0,20141.0
32.66061704000458,0.0,0.0,0.0,0.0,0.0,0.0,0.0,0.0,0.0,0.0,0.0,0.0,0.0,7406.0,2.0,20148.0,6349.0,2.0,20161.0
32.68089465000958,0.0,0.0,0.0,0.0,0.0,0.0,0.0,0.0,0.0,0.0,0.0,0.0,0.0,7407.0,2.0,20168.0,6350.0,2.0,20181.0
32.68970820000686,0.0,0.0,0.0,0.0,0.0,0.0,0.0,0.0,0.0,0.0,0.0,0.0,0.0,7408.0,2.0,20188.0,6351.0,2.0,20191.0
33.13336680500652,0.0,0.0,0.0,0.0,0.0,0.0,0.0,0.0,0.0,0.0,0.0,0.0,0.0,7409.0,2.0,20208.0,6352.0,2.0,20221.0
33.13357544800965,0.0,0.0,0.0,0.0,0.0,0.0,0.0,0.0,0.0,0.0,0.0,0.0,0.0,7410.0,2.0,20228.0,6353.0,2.0,20241.0
33.13364732899936,0.0,0.0,0.0,0.0,0.0,0.0,0.0,0.0,0.0,0.0,0.0,0.0,0.0,7411.0,2.0,20248.0,6354.0,2.0,20261.0
33.1337084530096,0.0,0.0,0.0,0.0,0.0,0.0,0.0,0.0,0.0,0.0,0.0,0.0,0.0,7412.0,2.0,20268.0,6355.0,2.0,20281.0
33.133764290003455,0.0,0.0,0.0,0.0,0.0,0.0,0.0,0.0,0.0,0.0,0.0,0.0,0.0,7413.0,2.0,20288.0,6356.0,2.0,20291.0
33.13381854399631,0.0,0.0,0.0,0.0,0.0,0.0,0.0,0.0,0.0,0.0,0.0,0.0,0.0,7414.0,2.0,20308.0,6357.0,2.0,20321.0
33.13387266700738,0.0,0.0,0.0,0.0,0.0,0.0,0.0,0.0,0.0,0.0,0.0,0.0,0.0,7415.0,2.0,20328.0,6358.0,2.0,20341.0
33.133927482005674,0.0,0.0,0.0,0.0,0.0,0.0,0.0,0.0,0.0,0.0,0.0,0.0,0.0,7416.0,2.0,20348.0,6359.0,2.0,20361.0
33.13398179601063,0.0,0.0,0.0,0.0,0.0,0.0,0.0,0.0,0.0,0.0,0.0,0.0,0.0,7417.0,2.0,20368.0,6360.0,2.0,20381.0
33.134035950002726,0.0,0.0,0.0,0.0,0.0,0.0,0.0,0.0,0.0,0.0,0.0,0.0,0.0,7418.0,2.0,20388.0,6361.0,2.0,20391.0
33.13408952300961,0.0,0.0,0.0,0.0,0.0,0.0,0.0,0.0,0.0,0.0,0.0,0.0,0.0,7419.0,2.0,20408.0,6362.0,2.0,20421.0
33.134147192002274,0.0,0.0,0.0,0.0,0.0,0.0,0.0,0.0,0.0,0.0,0.0,0.0,0.0,7420.0,2.0,20428.0,6363.0,2.0,20441.0
33.134201416003634,0.0,0.0,0.0,0.0,0.0,0.0,0.0,0.0,0.0,0.0,0.0,0.0,0.0,7421.0,2.0,20448.0,6364.0,2.0,20461.0
33.13425692199962,0.0,0.0,0.0,0.0,0.0,0.0,0.0,0.0,0.0,0.0,0.0,0.0,0.0,7422.0,2.0,20468.0,6365.0,2.0,20481.0
33.13431374001084,0.0,0.0,0.0,0.0,0.0,0.0,0.0,0.0,0.0,0.0,0.0,0.0,0.0,7423.0,2.0,20488.0,6366.0,2.0,20491.0
33.134370137006044,0.0,0.0,0.0,0.0,0.0,0.0,0.0,0.0,0.0,0.0,0.0,0.0,0.0,7424.0,2.0,20508.0,6367.0,2.0,20521.0
33.13442380000197,0.0,0.0,0.0,0.0,0.0,0.0,0.0,0.0,0.0,0.0,0.0,0.0,0.0,7425.0,2.0,20528.0,6368.0,2.0,20541.0
33.134481319008046,0.0,0.0,0.0,0.0,0.0,0.0,0.0,0.0,0.0,0.0,0.0,0.0,0.0,7426.0,2.0,20548.0,6369.0,2.0,20561.0
33.134677923007985,0.0,0.0,0.0,0.0,0.0,0.0,0.0,0.0,0.0,0.0,0.0,0.0,0.0,7427.0,2.0,20568.0,6370.0,2.0,20581.0
33.13477901900478,0.0,0.0,0.0,0.0,0.0,0.0,0.0,0.0,0.0,0.0,0.0,0.0,0.0,7428.0,2.0,20588.0,6371.0,2.0,20591.0
33.134856128002866,0.0,0.0,0.0,0.0,0.0,0.0,0.0,0.0,0.0,0.0,0.0,0.0,0.0,7429.0,2.0,20608.0,6372.0,2.0,20621.0
33.15267523600778,0.0,0.0,0.0,0.0,0.0,0.0,0.0,0.0,0.0,0.0,0.0,0.0,0.0,7430.0,2.0,20628.0,6373.0,2.0,20640.0
33.16111672100669,0.0,0.0,0.0,0.0,0.0,0.0,0.0,0.0,0.0,0.0,0.0,0.0,0.0,7431.0,2.0,20648.0,6374.0,2.0,20661.0
33.18152398100938,0.0,0.0,0.0,0.0,0.0,0.0,0.0,0.0,0.0,0.0,0.0,0.0,0.0,7432.0,2.0,20668.0,6375.0,2.0,20681.0
33.188421198006836,0.0,0.0,0.0,0.0,0.0,0.0,0.0,0.0,0.0,0.0,0.0,0.0,0.0,7433.0,2.0,20688.0,6376.0,2.0,20691.0
33.2213638240064,0.0,0.0,0.0,0.0,0.0,0.0,0.0,0.0,0.0,0.0,0.0,0.0,0.0,7434.0,2.0,20708.0,6377.0,2.0,20721.0
33.630465066002216,0.0,0.0,0.0,0.0,0.0,0.0,0.0,0.0,0.0,0.0,0.0,0.0,0.0,7435.0,2.0,20728.0,6378.0,2.0,20741.0
33.63066273200093,0.0,0.0,0.0,0.0,0.0,0.0,0.0,0.0,0.0,0.0,0.0,0.0,0.0,7436.0,2.0,20748.0,6379.0,2.0,20761.0
33.63075781900261,0.0,0.0,0.0,0.0,0.0,0.0,0.0,0.0,0.0,0.0,0.0,0.0,0.0,7437.0,2.0,20768.0,6380.0,2.0,20781.0
33.6308408670011,0.0,0.0,0.0,0.0,0.0,0.0,0.0,0.0,0.0,0.0,0.0,0.0,0.0,7438.0,2.0,20788.0,6381.0,2.0,20791.0
33.630924176002736,0.0,0.0,0.0,0.0,0.0,0.0,0.0,0.0,0.0,0.0,0.0,0.0,0.0,7439.0,2.0,20808.0,6382.0,2.0,20821.0
33.631006784009514,0.0,0.0,0.0,0.0,0.0,0.0,0.0,0.0,0.0,0.0,0.0,0.0,0.0,7440.0,2.0,20828.0,6383.0,2.0,20841.0
33.63108615700912,0.0,0.0,0.0,0.0,0.0,0.0,0.0,0.0,0.0,0.0,0.0,0.0,0.0,7441.0,2.0,20848.0,6384.0,2.0,20861.0
33.63116283599811,0.0,0.0,0.0,0.0,0.0,0.0,0.0,0.0,0.0,0.0,0.0,0.0,0.0,7442.0,2.0,20868.0,6385.0,2.0,20881.0
33.63123862299835,0.0,0.0,0.0,0.0,0.0,0.0,0.0,0.0,0.0,0.0,0.0,0.0,0.0,7443.0,2.0,20888.0,6386.0,2.0,20891.0
33.63131812600477,0.0,0.0,0.0,0.0,0.0,0.0,0.0,0.0,0.0,0.0,0.0,0.0,0.0,7444.0,2.0,20908.0,6387.0,2.0,20921.0
33.631401445003576,0.0,0.0,0.0,0.0,0.0,0.0,0.0,0.0,0.0,0.0,0.0,0.0,0.0,7445.0,2.0,20928.0,6388.0,2.0,20941.0
33.63148012700549,0.0,0.0,0.0,0.0,0.0,0.0,0.0,0.0,0.0,0.0,0.0,0.0,0.0,7446.0,2.0,20948.0,6389.0,2.0,20961.0
33.631543745010276,0.0,0.0,0.0,0.0,0.0,0.0,0.0,0.0,0.0,0.0,0.0,0.0,0.0,7447.0,2.0,20968.0,6390.0,2.0,20981.0
33.63159971199639,0.0,0.0,0.0,0.0,0.0,0.0,0.0,0.0,0.0,0.0,0.0,0.0,0.0,7448.0,2.0,20988.0,6391.0,2.0,20991.0
33.63165332500648,0.0,0.0,0.0,0.0,0.0,0.0,0.0,0.0,0.0,0.0,0.0,0.0,0.0,7449.0,2.0,21008.0,6392.0,2.0,21020.0
33.6317068280041,0.0,0.0,0.0,0.0,0.0,0.0,0.0,0.0,0.0,0.0,0.0,0.0,0.0,7450.0,2.0,21028.0,6393.0,2.0,21041.0
33.63175935900654,0.0,0.0,0.0,0.0,0.0,0.0,0.0,0.0,0.0,0.0,0.0,0.0,0.0,7451.0,2.0,21048.0,6394.0,2.0,21061.0
33.63181240099948,0.0,0.0,0.0,0.0,0.0,0.0,0.0,0.0,0.0,0.0,0.0,0.0,0.0,7452.0,2.0,21068.0,6395.0,2.0,21081.0
33.631931876007,0.0,0.0,0.0,0.0,0.0,0.0,0.0,0.0,0.0,0.0,0.0,0.0,0.0,7453.0,2.0,21088.0,6396.0,2.0,21091.0
33.632011549008894,0.0,0.0,0.0,0.0,0.0,0.0,0.0,0.0,0.0,0.0,0.0,0.0,0.0,7454.0,2.0,21108.0,6397.0,2.0,21121.0
33.639118908002274,0.0,0.0,0.0,0.0,0.0,0.0,0.0,0.0,0.0,0.0,0.0,0.0,0.0,7455.0,2.0,21128.0,6398.0,2.0,21141.0
33.6605545420025,0.0,0.0,0.0,0.0,0.0,0.0,0.0,0.0,0.0,0.0,0.0,0.0,0.0,7456.0,2.0,21148.0,6399.0,2.0,21161.0
33.68054793399642,0.0,0.0,0.0,0.0,0.0,0.0,0.0,0.0,0.0,0.0,0.0,0.0,0.0,7457.0,2.0,21168.0,6400.0,2.0,21180.0
33.68930281299981,0.0,0.0,0.0,0.0,0.0,0.0,0.0,0.0,0.0,0.0,0.0,0.0,0.0,7458.0,2.0,21188.0,6401.0,2.0,21190.0
33.719660754999495,0.0,0.0,0.0,0.0,0.0,0.0,0.0,0.0,0.0,0.0,0.0,0.0,0.0,7459.0,2.0,21208.0,6402.0,2.0,21221.0
34.1397618510091,0.0,0.0,0.0,0.0,0.0,0.0,0.0,0.0,0.0,0.0,0.0,0.0,0.0,7460.0,2.0,21228.0,6403.0,2.0,21241.0
34.139911432997906,0.0,0.0,0.0,0.0,0.0,0.0,0.0,0.0,0.0,0.0,0.0,0.0,0.0,7461.0,2.0,21248.0,6404.0,2.0,21261.0
34.13997880699753,0.0,0.0,0.0,0.0,0.0,0.0,0.0,0.0,0.0,0.0,0.0,0.0,0.0,7462.0,2.0,21268.0,6405.0,2.0,21281.0
34.14004367700545,0.0,0.0,0.0,0.0,0.0,0.0,0.0,0.0,0.0,0.0,0.0,0.0,0.0,7463.0,2.0,21288.0,6406.0,2.0,21291.0
34.14010029500059,0.0,0.0,0.0,0.0,0.0,0.0,0.0,0.0,0.0,0.0,0.0,0.0,0.0,7464.0,2.0,21308.0,6407.0,2.0,21321.0
34.14015682200261,0.0,0.0,0.0,0.0,0.0,0.0,0.0,0.0,0.0,0.0,0.0,0.0,0.0,7475.0,2.0,21528.0,6408.0,2.0,21532.0
34.14021305899951,0.0,0.0,0.0,0.0,0.0,0.0,0.0,0.0,0.0,0.0,0.0,0.0,0.0,7476.0,2.0,21548.0,6409.0,2.0,21551.0
34.1402726219967,0.0,0.0,0.0,0.0,0.0,0.0,0.0,0.0,0.0,0.0,0.0,0.0,0.0,7477.0,2.0,21568.0,6410.0,2.0,21581.0
34.14035426800547,0.0,0.0,0.0,0.0,0.0,0.0,0.0,0.0,0.0,0.0,0.0,0.0,0.0,7478.0,2.0,21588.0,6411.0,2.0,21590.0
34.14043207799841,0.0,0.0,0.0,0.0,0.0,0.0,0.0,0.0,0.0,0.0,0.0,0.0,0.0,7479.0,2.0,21608.0,6412.0,2.0,21621.0
34.140509118005866,0.0,0.0,0.0,0.0,0.0,0.0,0.0,0.0,0.0,0.0,0.0,0.0,0.0,7480.0,2.0,21628.0,6413.0,2.0,21641.0
34.15047468000557,0.0,0.0,0.0,0.0,0.0,0.0,0.0,0.0,0.0,0.0,0.0,0.0,0.0,7481.0,2.0,21648.0,6414.0,2.0,21652.0
34.17041250600596,0.0,0.0,0.0,0.0,0.0,0.0,0.0,0.0,0.0,0.0,0.0,0.0,0.0,7482.0,2.0,21668.0,6415.0,2.0,21671.0
34.1996435940091,0.0,0.0,0.0,0.0,0.0,0.0,0.0,0.0,0.0,0.0,0.0,0.0,0.0,7483.0,2.0,21688.0,6416.0,2.0,21701.0
34.21887171099661,0.0,0.0,0.0,0.0,0.0,0.0,0.0,0.0,0.0,0.0,0.0,0.0,0.0,7484.0,2.0,21708.0,6417.0,2.0,21721.0
34.240630425003474,0.0,0.0,0.0,0.0,0.0,0.0,0.0,0.0,0.0,0.0,0.0,0.0,0.0,7485.0,2.0,21728.0,6418.0,2.0,21741.0
34.65036592099932,0.0,0.0,0.0,0.0,0.0,0.0,0.0,0.0,0.0,0.0,0.0,0.0,0.0,7486.0,2.0,21748.0,6419.0,2.0,21761.0
34.650604449998355,0.0,0.0,0.0,0.0,0.0,0.0,0.0,0.0,0.0,0.0,0.0,0.0,0.0,7487.0,2.0,21768.0,6420.0,2.0,21781.0
34.65067203500075,0.0,0.0,0.0,0.0,0.0,0.0,0.0,0.0,0.0,0.0,0.0,0.0,0.0,7488.0,2.0,21788.0,6421.0,2.0,21791.0
34.650731547008036,0.0,0.0,0.0,0.0,0.0,0.0,0.0,0.0,0.0,0.0,0.0,0.0,0.0,7489.0,2.0,21808.0,6422.0,2.0,21821.0
34.65078698300931,0.0,0.0,0.0,0.0,0.0,0.0,0.0,0.0,0.0,0.0,0.0,0.0,0.0,7490.0,2.0,21828.0,6423.0,2.0,21840.0
34.650840987000265,0.0,0.0,0.0,0.0,0.0,0.0,0.0,0.0,0.0,0.0,0.0,0.0,0.0,7491.0,2.0,21848.0,6424.0,2.0,21861.0
34.650894089005305,0.0,0.0,0.0,0.0,0.0,0.0,0.0,0.0,0.0,0.0,0.0,0.0,0.0,7492.0,2.0,21868.0,6425.0,2.0,21881.0
34.650947111003916,0.0,0.0,0.0,0.0,0.0,0.0,0.0,0.0,0.0,0.0,0.0,0.0,0.0,7493.0,2.0,21888.0,6426.0,2.0,21891.0
34.651000783997006,0.0,0.0,0.0,0.0,0.0,0.0,0.0,0.0,0.0,0.0,0.0,0.0,0.0,7494.0,2.0,21908.0,6427.0,2.0,21921.0
34.65105344601034,0.0,0.0,0.0,0.0,0.0,0.0,0.0,0.0,0.0,0.0,0.0,0.0,0.0,7495.0,2.0,21928.0,6428.0,2.0,21941.0
34.651107309007784,0.0,0.0,0.0,0.0,0.0,0.0,0.0,0.0,0.0,0.0,0.0,0.0,0.0,7496.0,2.0,21948.0,6429.0,2.0,21961.0
34.65116039100394,0.0,0.0,0.0,0.0,0.0,0.0,0.0,0.0,0.0,0.0,0.0,0.0,0.0,7497.0,2.0,21968.0,6430.0,2.0,21981.0
34.651218812010484,0.0,0.0,0.0,0.0,0.0,0.0,0.0,0.0,0.0,0.0,0.0,0.0,0.0,7498.0,2.0,21988.0,6431.0,2.0,21991.0
34.65127540900721,0.0,0.0,0.0,0.0,0.0,0.0,0.0,0.0,0.0,0.0,0.0,0.0,0.0,7499.0,2.0,22008.0,6432.0,2.0,22021.0
34.65133253800741,0.0,0.0,0.0,0.0,0.0,0.0,0.0,0.0,0.0,0.0,0.0,0.0,0.0,7500.0,2.0,22028.0,6433.0,2.0,22041.0
34.65138631100126,0.0,0.0,0.0,0.0,0.0,0.0,0.0,0.0,0.0,0.0,0.0,0.0,0.0,7501.0,2.0,22048.0,6434.0,2.0,22061.0
34.65151712400257,0.0,0.0,0.0,0.0,0.0,0.0,0.0,0.0,0.0,0.0,0.0,0.0,0.0,7502.0,2.0,22068.0,6435.0,2.0,22081.0
34.65162694400351,0.0,0.0,0.0,0.0,0.0,0.0,0.0,0.0,0.0,0.0,0.0,0.0,0.0,7503.0,2.0,22088.0,6436.0,2.0,22091.0
34.651692686005845,0.0,0.0,0.0,0.0,0.0,0.0,0.0,0.0,0.0,0.0,0.0,0.0,0.0,7504.0,2.0,22108.0,6437.0,2.0,22121.0
34.65178236400243,0.0,0.0,0.0,0.0,0.0,0.0,0.0,0.0,0.0,0.0,0.0,0.0,0.0,7505.0,2.0,22128.0,6438.0,2.0,22141.0
34.66043424300733,0.0,0.0,0.0,0.0,0.0,0.0,0.0,0.0,0.0,0.0,0.0,0.0,0.0,7506.0,2.0,22148.0,6439.0,2.0,22161.0
34.68173631301033,0.0,0.0,0.0,0.0,0.0,0.0,0.0,0.0,0.0,0.0,0.0,0.0,0.0,7507.0,2.0,22168.0,6440.0,2.0,22181.0
34.69139015401015,0.0,0.0,0.0,0.0,0.0,0.0,0.0,0.0,0.0,0.0,0.0,0.0,0.0,7508.0,2.0,22188.0,6441.0,2.0,22191.0
34.718941352010006,0.0,0.0,0.0,0.0,0.0,0.0,0.0,0.0,0.0,0.0,0.0,0.0,0.0,7509.0,2.0,22208.0,6442.0,2.0,22221.0
34.7388867510017,0.0,0.0,0.0,0.0,0.0,0.0,0.0,0.0,0.0,0.0,0.0,0.0,0.0,7510.0,2.0,22228.0,6443.0,2.0,22241.0
35.16089512199687,0.0,0.0,0.0,0.0,0.0,0.0,0.0,0.0,0.0,0.0,0.0,0.0,0.0,7522.0,2.0,22468.0,6455.0,2.0,22481.0
35.161068219997105,0.0,0.0,0.0,0.0,0.0,0.0,0.0,0.0,0.0,0.0,0.0,0.0,0.0,7523.0,2.0,22488.0,6456.0,2.0,22491.0
35.16113636600494,0.0,0.0,0.0,0.0,0.0,0.0,0.0,0.0,0.0,0.0,0.0,0.0,0.0,7524.0,2.0,22508.0,6457.0,2.0,22521.0
35.16119697999966,0.0,0.0,0.0,0.0,0.0,0.0,0.0,0.0,0.0,0.0,0.0,0.0,0.0,7525.0,2.0,22528.0,6458.0,2.0,22541.0
35.161262741996325,0.0,0.0,0.0,0.0,0.0,0.0,0.0,0.0,0.0,0.0,0.0,0.0,0.0,7526.0,2.0,22548.0,6459.0,2.0,22561.0
35.16132293500414,0.0,0.0,0.0,0.0,0.0,0.0,0.0,0.0,0.0,0.0,0.0,0.0,0.0,7527.0,2.0,22568.0,6460.0,2.0,22581.0
35.16137814000831,0.0,0.0,0.0,0.0,0.0,0.0,0.0,0.0,0.0,0.0,0.0,0.0,0.0,7528.0,2.0,22588.0,6461.0,2.0,22591.0
35.161432715001865,0.0,0.0,0.0,0.0,0.0,0.0,0.0,0.0,0.0,0.0,0.0,0.0,0.0,7529.0,2.0,22608.0,6462.0,2.0,22621.0
35.16148603800684,0.0,0.0,0.0,0.0,0.0,0.0,0.0,0.0,0.0,0.0,0.0,0.0,0.0,7530.0,2.0,22628.0,6463.0,2.0,22641.0
35.161540692002745,0.0,0.0,0.0,0.0,0.0,0.0,0.0,0.0,0.0,0.0,0.0,0.0,0.0,7531.0,2.0,22648.0,6464.0,2.0,22661.0
35.1800487050059,0.0,0.0,0.0,0.0,0.0,0.0,0.0,0.0,0.0,0.0,0.0,0.0,0.0,7532.0,2.0,22668.0,6465.0,2.0,22681.0
35.18832120600564,0.0,0.0,0.0,0.0,0.0,0.0,0.0,0.0,0.0,0.0,0.0,0.0,0.0,7533.0,2.0,22688.0,6466.0,2.0,22691.0
35.219644145006896,0.0,0.0,0.0,0.0,0.0,0.0,0.0,0.0,0.0,0.0,0.0,0.0,0.0,7534.0,2.0,22708.0,6467.0,2.0,22721.0
35.23956879200705,0.0,0.0,0.0,0.0,0.0,0.0,0.0,0.0,0.0,0.0,0.0,0.0,0.0,7535.0,2.0,22728.0,6468.0,2.0,22741.0
35.25959729900933,0.0,0.0,0.0,0.0,0.0,0.0,0.0,0.0,0.0,0.0,0.0,0.0,0.0,7536.0,2.0,22748.0,6469.0,2.0,22761.0
35.67310118601017,0.0,0.0,0.0,0.0,0.0,0.0,0.0,0.0,0.0,0.0,0.0,0.0,0.0,7537.0,2.0,22768.0,6470.0,2.0,22781.0
35.673298431996955,0.0,0.0,0.0,0.0,0.0,0.0,0.0,0.0,0.0,0.0,0.0,0.0,0.0,7538.0,2.0,22788.0,6471.0,2.0,22791.0
35.67337082400627,0.0,0.0,0.0,0.0,0.0,0.0,0.0,0.0,0.0,0.0,0.0,0.0,0.0,7539.0,2.0,22808.0,6472.0,2.0,22821.0
35.67343054599769,0.0,0.0,0.0,0.0,0.0,0.0,0.0,0.0,0.0,0.0,0.0,0.0,0.0,7540.0,2.0,22828.0,6473.0,2.0,22841.0
35.673486813000636,0.0,0.0,0.0,0.0,0.0,0.0,0.0,0.0,0.0,0.0,0.0,0.0,0.0,7541.0,2.0,22848.0,6474.0,2.0,22862.0
35.673542158998316,0.0,0.0,0.0,0.0,0.0,0.0,0.0,0.0,0.0,0.0,0.0,0.0,0.0,7542.0,2.0,22868.0,6475.0,2.0,22881.0
35.67360084000393,0.0,0.0,0.0,0.0,0.0,0.0,0.0,0.0,0.0,0.0,0.0,0.0,0.0,7543.0,2.0,22888.0,6476.0,2.0,22891.0
35.673654603000614,0.0,0.0,0.0,0.0,0.0,0.0,0.0,0.0,0.0,0.0,0.0,0.0,0.0,7544.0,2.0,22908.0,6477.0,2.0,22921.0
35.67370920800022,0.0,0.0,0.0,0.0,0.0,0.0,0.0,0.0,0.0,0.0,0.0,0.0,0.0,7545.0,2.0,22928.0,6478.0,2.0,22941.0
35.67376277100993,0.0,0.0,0.0,0.0,0.0,0.0,0.0,0.0,0.0,0.0,0.0,0.0,0.0,7546.0,2.0,22948.0,6479.0,2.0,22961.0
35.67381572299928,0.0,0.0,0.0,0.0,0.0,0.0,0.0,0.0,0.0,0.0,0.0,0.0,0.0,7547.0,2.0,22968.0,6480.0,2.0,22981.0
35.67386864499713,0.0,0.0,0.0,0.0,0.0,0.0,0.0,0.0,0.0,0.0,0.0,0.0,0.0,7548.0,2.0,22988.0,6481.0,2.0,22991.0
35.67392057600955,0.0,0.0,0.0,0.0,0.0,0.0,0.0,0.0,0.0,0.0,0.0,0.0,0.0,7549.0,2.0,23008.0,6482.0,2.0,23021.0
35.6739720350015,0.0,0.0,0.0,0.0,0.0,0.0,0.0,0.0,0.0,0.0,0.0,0.0,0.0,7550.0,2.0,23028.0,6483.0,2.0,23041.0
35.67402421600127,0.0,0.0,0.0,0.0,0.0,0.0,0.0,0.0,0.0,0.0,0.0,0.0,0.0,7551.0,2.0,23048.0,6484.0,2.0,23061.0
35.67407629700028,0.0,0.0,0.0,0.0,0.0,0.0,0.0,0.0,0.0,0.0,0.0,0.0,0.0,7552.0,2.0,23068.0,6485.0,2.0,23081.0
35.67441737600893,0.0,0.0,0.0,0.0,0.0,0.0,0.0,0.0,0.0,0.0,0.0,0.0,0.0,7553.0,2.0,23088.0,6486.0,2.0,23091.0
35.67447465400619,0.0,0.0,0.0,0.0,0.0,0.0,0.0,0.0,0.0,0.0,0.0,0.0,0.0,7554.0,2.0,23108.0,6487.0,2.0,23121.0
35.67452677500842,0.0,0.0,0.0,0.0,0.0,0.0,0.0,0.0,0.0,0.0,0.0,0.0,0.0,7555.0,2.0,23128.0,6488.0,2.0,23141.0
35.67460281300009,0.0,0.0,0.0,0.0,0.0,0.0,0.0,0.0,0.0,0.0,0.0,0.0,0.0,7556.0,2.0,23148.0,6489.0,2.0,23161.0
35.67981004300236,0.0,0.0,0.0,0.0,0.0,0.0,0.0,0.0,0.0,0.0,0.0,0.0,0.0,7557.0,2.0,23168.0,6490.0,2.0,23181.0
35.68737580800371,0.0,0.0,0.0,0.0,0.0,0.0,0.0,0.0,0.0,0.0,0.0,0.0,0.0,7558.0,2.0,23189.0,6491.0,2.0,23190.0
35.719958412999404,0.0,0.0,0.0,0.0,0.0,0.0,0.0,0.0,0.0,0.0,0.0,0.0,0.0,7559.0,2.0,23208.0,6492.0,2.0,23221.0
35.739564055998926,0.0,0.0,0.0,0.0,0.0,0.0,0.0,0.0,0.0,0.0,0.0,0.0,0.0,7560.0,2.0,23228.0,6493.0,2.0,23241.0
35.758012727004825,0.0,0.0,0.0,0.0,0.0,0.0,0.0,0.0,0.0,0.0,0.0,0.0,0.0,7561.0,2.0,23248.0,6494.0,2.0,23261.0
36.18552720399748,0.0,0.0,0.0,0.0,0.0,0.0,0.0,0.0,0.0,0.0,0.0,0.0,0.0,7562.0,2.0,23268.0,6495.0,2.0,23281.0
36.18600379300187,0.0,0.0,0.0,0.0,0.0,0.0,0.0,0.0,0.0,0.0,0.0,0.0,0.0,7563.0,2.0,23288.0,6496.0,2.0,23291.0
36.18628214400087,0.0,0.0,0.0,0.0,0.0,0.0,0.0,0.0,0.0,0.0,0.0,0.0,0.0,7564.0,2.0,23308.0,6497.0,2.0,23321.0
36.186454141003196,0.0,0.0,0.0,0.0,0.0,0.0,0.0,0.0,0.0,0.0,0.0,0.0,0.0,7575.0,2.0,23528.0,6498.0,2.0,23532.0
36.18651131899969,0.0,0.0,0.0,0.0,0.0,0.0,0.0,0.0,0.0,0.0,0.0,0.0,0.0,7576.0,2.0,23548.0,6499.0,2.0,23551.0
36.1865668350074,0.0,0.0,0.0,0.0,0.0,0.0,0.0,0.0,0.0,0.0,0.0,0.0,0.0,7577.0,2.0,23568.0,6500.0,2.0,23580.0
36.18661974700808,0.0,0.0,0.0,0.0,0.0,0.0,0.0,0.0,0.0,0.0,0.0,0.0,0.0,7578.0,2.0,23589.0,6501.0,2.0,23590.0
36.18667317999643,0.0,0.0,0.0,0.0,0.0,0.0,0.0,0.0,0.0,0.0,0.0,0.0,0.0,7579.0,2.0,23608.0,6502.0,2.0,23621.0
36.18672572200012,0.0,0.0,0.0,0.0,0.0,0.0,0.0,0.0,0.0,0.0,0.0,0.0,0.0,7580.0,2.0,23628.0,6503.0,2.0,23641.0
36.18678059701051,0.0,0.0,0.0,0.0,0.0,0.0,0.0,0.0,0.0,0.0,0.0,0.0,0.0,7581.0,2.0,23648.0,6504.0,2.0,23661.0
36.18683327799954,0.0,0.0,0.0,0.0,0.0,0.0,0.0,0.0,0.0,0.0,0.0,0.0,0.0,7582.0,2.0,23668.0,6505.0,2.0,23681.0
36.192987265007105,0.0,0.0,0.0,0.0,0.0,0.0,0.0,0.0,0.0,0.0,0.0,0.0,0.0,7583.0,2.0,23688.0,6506.0,2.0,23691.0
36.210398238006746,0.0,0.0,0.0,0.0,0.0,0.0,0.0,0.0,0.0,0.0,0.0,0.0,0.0,7584.0,2.0,23708.0,6507.0,2.0,23711.0
36.239894129001186,0.0,0.0,0.0,0.0,0.0,0.0,0.0,0.0,0.0,0.0,0.0,0.0,0.0,7585.0,2.0,23728.0,6508.0,2.0,23740.0
36.25855347600009,0.0,0.0,0.0,0.0,0.0,0.0,0.0,0.0,0.0,0.0,0.0,0.0,0.0,7586.0,2.0,23748.0,6509.0,2.0,23761.0
36.28149138399749,0.0,0.0,0.0,0.0,0.0,0.0,0.0,0.0,0.0,0.0,0.0,0.0,0.0,7587.0,2.0,23768.0,6510.0,2.0,23781.0
36.28925548600091,0.0,0.0,0.0,0.0,0.0,0.0,0.0,0.0,0.0,0.0,0.0,0.0,0.0,7588.0,2.0,23788.0,6511.0,2.0,23792.0
36.32156834300258,0.0,0.0,0.0,0.0,0.0,0.0,0.0,0.0,0.0,0.0,0.0,0.0,0.0,7589.0,2.0,23808.0,6512.0,2.0,23821.0
36.34761395699752,0.0,0.0,0.0,0.0,0.0,0.0,0.0,0.0,0.0,0.0,0.0,0.0,0.0,7590.0,2.0,23828.0,6513.0,2.0,23840.0
36.35894154199923,0.0,0.0,0.0,0.0,0.0,0.0,0.0,0.0,0.0,0.0,0.0,0.0,0.0,7591.0,2.0,23848.0,6514.0,2.0,23861.0
36.37918190899654,0.0,0.0,0.0,0.0,0.0,0.0,0.0,0.0,0.0,0.0,0.0,0.0,0.0,7592.0,2.0,23868.0,6515.0,2.0,23881.0
36.388729876009165,0.0,0.0,0.0,0.0,0.0,0.0,0.0,0.0,0.0,0.0,0.0,0.0,0.0,7593.0,2.0,23888.0,6516.0,2.0,23891.0
36.41910752300464,0.0,0.0,0.0,0.0,0.0,0.0,0.0,0.0,0.0,0.0,0.0,0.0,0.0,7594.0,2.0,23908.0,6517.0,2.0,23921.0
36.55719740700442,0.0,0.0,0.0,0.0,0.0,0.0,0.0,0.0,0.0,0.0,0.0,0.0,0.0,7595.0,2.0,23928.0,6518.0,2.0,23941.0
36.557335171004524,0.0,0.0,0.0,0.0,0.0,0.0,0.0,0.0,0.0,0.0,0.0,0.0,0.0,7596.0,2.0,23948.0,6519.0,2.0,23961.0
36.55741256100009,0.0,0.0,0.0,0.0,0.0,0.0,0.0,0.0,0.0,0.0,0.0,0.0,0.0,7597.0,2.0,23968.0,6520.0,2.0,23981.0
36.55747537800926,0.0,0.0,0.0,0.0,0.0,0.0,0.0,0.0,0.0,0.0,0.0,0.0,0.0,7598.0,2.0,23988.0,6521.0,2.0,23991.0
36.55753319800715,0.0,0.0,0.0,0.0,0.0,0.0,0.0,0.0,0.0,0.0,0.0,0.0,0.0,7599.0,2.0,24008.0,6522.0,2.0,24021.0
36.55758827300451,0.0,0.0,0.0,0.0,0.0,0.0,0.0,0.0,0.0,0.0,0.0,0.0,0.0,7600.0,2.0,24028.0,6523.0,2.0,24041.0
36.56736101899878,0.0,0.0,0.0,0.0,0.0,0.0,0.0,0.0,0.0,0.0,0.0,0.0,0.0,7601.0,2.0,24048.0,6524.0,2.0,24061.0
36.57912941000541,0.0,0.0,0.0,0.0,0.0,0.0,0.0,0.0,0.0,0.0,0.0,0.0,0.0,7602.0,2.0,24068.0,6525.0,2.0,24081.0
36.59059060399886,0.0,0.0,0.0,0.0,0.0,0.0,0.0,0.0,0.0,0.0,0.0,0.0,0.0,7603.0,2.0,24088.0,6526.0,2.0,24091.0
36.61897872800182,0.0,0.0,0.0,0.0,0.0,0.0,0.0,0.0,0.0,0.0,0.0,0.0,0.0,7604.0,2.0,24108.0,6527.0,2.0,24121.0
36.639685269998154,0.0,0.0,0.0,0.0,0.0,0.0,0.0,0.0,0.0,0.0,0.0,0.0,0.0,7605.0,2.0,24128.0,6528.0,2.0,24141.0
36.770841368008405,0.0,0.0,0.0,0.0,0.0,0.0,0.0,0.0,0.0,0.0,0.0,0.0,0.0,7606.0,2.0,24148.0,6529.0,2.0,24161.0
36.77124804900086,0.0,0.0,0.0,0.0,0.0,0.0,0.0,0.0,0.0,0.0,0.0,0.0,0.0,7607.0,2.0,24168.0,6530.0,2.0,24181.0
36.77133117800986,0.0,0.0,0.0,0.0,0.0,0.0,0.0,0.0,0.0,0.0,0.0,0.0,0.0,7608.0,2.0,24188.0,6531.0,2.0,24191.0
36.77139299400733,0.0,0.0,0.0,0.0,0.0,0.0,0.0,0.0,0.0,0.0,0.0,0.0,0.0,7609.0,2.0,24208.0,6532.0,2.0,24221.0
36.77144922100706,0.0,0.0,0.0,0.0,0.0,0.0,0.0,0.0,0.0,0.0,0.0,0.0,0.0,7610.0,2.0,24228.0,6533.0,2.0,24241.0
36.77150477700343,0.0,0.0,0.0,0.0,0.0,0.0,0.0,0.0,0.0,0.0,0.0,0.0,0.0,7611.0,2.0,24248.0,6534.0,2.0,24261.0
36.779263429009006,0.0,0.0,0.0,0.0,0.0,0.0,0.0,0.0,0.0,0.0,0.0,0.0,0.0,7612.0,2.0,24268.0,6535.0,2.0,24281.0
36.79333227800089,0.0,0.0,0.0,0.0,0.0,0.0,0.0,0.0,0.0,0.0,0.0,0.0,0.0,7613.0,2.0,24288.0,6536.0,2.0,24291.0
36.80962578600156,0.0,0.0,0.0,0.0,0.0,0.0,0.0,0.0,0.0,0.0,0.0,0.0,0.0,7614.0,2.0,24308.0,6537.0,2.0,24311.0
36.840382944006706,0.0,0.0,0.0,0.0,0.0,0.0,0.0,0.0,0.0,0.0,0.0,0.0,0.0,7615.0,2.0,24328.0,6538.0,2.0,24341.0
36.8583169659978,0.0,0.0,0.0,0.0,0.0,0.0,0.0,0.0,0.0,0.0,0.0,0.0,0.0,7616.0,2.0,24348.0,6539.0,2.0,24361.0
36.99178665300133,0.0,0.0,0.0,0.0,0.0,0.0,0.0,0.0,0.0,0.0,0.0,0.0,0.0,7617.0,2.0,24368.0,6540.0,2.0,24381.0
36.991955354009406,0.0,0.0,0.0,0.0,0.0,0.0,0.0,0.0,0.0,0.0,0.0,0.0,0.0,7618.0,2.0,24388.0,6541.0,2.0,24391.0
36.99202135700034,0.0,0.0,0.0,0.0,0.0,0.0,0.0,0.0,0.0,0.0,0.0,0.0,0.0,7619.0,2.0,24408.0,6542.0,2.0,24421.0
36.99207814500551,0.0,0.0,0.0,0.0,0.0,0.0,0.0,0.0,0.0,0.0,0.0,0.0,0.0,7620.0,2.0,24428.0,6543.0,2.0,24441.0
36.99213548400439,0.0,0.0,0.0,0.0,0.0,0.0,0.0,0.0,0.0,0.0,0.0,0.0,0.0,7621.0,2.0,24448.0,6544.0,2.0,24461.0
36.99220464100654,0.0,0.0,0.0,0.0,0.0,0.0,0.0,0.0,0.0,0.0,0.0,0.0,0.0,7622.0,2.0,24468.0,6545.0,2.0,24481.0
36.992275290002,0.0,0.0,0.0,0.0,0.0,0.0,0.0,0.0,0.0,0.0,0.0,0.0,0.0,7623.0,2.0,24488.0,6546.0,2.0,24491.0
37.01972354699683,0.0,0.0,0.0,0.0,0.0,0.0,0.0,0.0,0.0,0.0,0.0,0.0,0.0,7624.0,2.0,24508.0,6547.0,2.0,24521.0
37.039214924996486,0.0,0.0,0.0,0.0,0.0,0.0,0.0,0.0,0.0,0.0,0.0,0.0,0.0,7625.0,2.0,24528.0,6548.0,2.0,24540.0
37.058994189006626,0.0,0.0,0.0,0.0,0.0,0.0,0.0,0.0,0.0,0.0,0.0,0.0,0.0,7626.0,2.0,24548.0,6549.0,2.0,24560.0
37.07832936399791,0.0,0.0,0.0,0.0,0.0,0.0,0.0,0.0,0.0,0.0,0.0,0.0,0.0,7627.0,2.0,24568.0,6550.0,2.0,24581.0
37.087807963005616,0.0,0.0,0.0,0.0,0.0,0.0,0.0,0.0,0.0,0.0,0.0,0.0,0.0,7628.0,2.0,24588.0,6551.0,2.0,24591.0
37.12486232799711,0.0,0.0,0.0,0.0,0.0,0.0,0.0,0.0,0.0,0.0,0.0,0.0,0.0,7629.0,2.0,24608.0,6552.0,2.0,24621.0
37.41502415300056,0.0,0.0,0.0,0.0,0.0,0.0,0.0,0.0,0.0,0.0,0.0,0.0,0.0,7630.0,2.0,24628.0,6553.0,2.0,24641.0
37.41518473200267,0.0,0.0,0.0,0.0,0.0,0.0,0.0,0.0,0.0,0.0,0.0,0.0,0.0,7631.0,2.0,24648.0,6554.0,2.0,24661.0
37.415262082009576,0.0,0.0,0.0,0.0,0.0,0.0,0.0,0.0,0.0,0.0,0.0,0.0,0.0,7632.0,2.0,24668.0,6555.0,2.0,24681.0
37.41533812000125,0.0,0.0,0.0,0.0,0.0,0.0,0.0,0.0,0.0,0.0,0.0,0.0,0.0,7633.0,2.0,24688.0,6556.0,2.0,24691.0
37.41540116800752,0.0,0.0,0.0,0.0,0.0,0.0,0.0,0.0,0.0,0.0,0.0,0.0,0.0,7634.0,2.0,24708.0,6557.0,2.0,24721.0
37.41545949901047,0.0,0.0,0.0,0.0,0.0,0.0,0.0,0.0,0.0,0.0,0.0,0.0,0.0,7635.0,2.0,24728.0,6558.0,2.0,24741.0
37.41551918099867,0.0,0.0,0.0,0.0,0.0,0.0,0.0,0.0,0.0,0.0,0.0,0.0,0.0,7636.0,2.0,24748.0,6559.0,2.0,24761.0
37.41557575900515,0.0,0.0,0.0,0.0,0.0,0.0,0.0,0.0,0.0,0.0,0.0,0.0,0.0,7637.0,2.0,24768.0,6560.0,2.0,24781.0
37.415633338008774,0.0,0.0,0.0,0.0,0.0,0.0,0.0,0.0,0.0,0.0,0.0,0.0,0.0,7638.0,2.0,24788.0,6561.0,2.0,24791.0
37.415695645002415,0.0,0.0,0.0,0.0,0.0,0.0,0.0,0.0,0.0,0.0,0.0,0.0,0.0,7639.0,2.0,24808.0,6562.0,2.0,24821.0
37.415754927002126,0.0,0.0,0.0,0.0,0.0,0.0,0.0,0.0,0.0,0.0,0.0,0.0,0.0,7640.0,2.0,24828.0,6563.0,2.0,24841.0
37.41581221600063,0.0,0.0,0.0,0.0,0.0,0.0,0.0,0.0,0.0,0.0,0.0,0.0,0.0,7641.0,2.0,24848.0,6564.0,2.0,24861.0
37.4158710269985,0.0,0.0,0.0,0.0,0.0,0.0,0.0,0.0,0.0,0.0,0.0,0.0,0.0,7642.0,2.0,24868.0,6565.0,2.0,24881.0
37.415924248998635,0.0,0.0,0.0,0.0,0.0,0.0,0.0,0.0,0.0,0.0,0.0,0.0,0.0,7643.0,2.0,24888.0,6566.0,2.0,24891.0
37.430542239002534,0.0,0.0,0.0,0.0,0.0,0.0,0.0,0.0,0.0,0.0,0.0,0.0,0.0,7644.0,2.0,24908.0,6567.0,2.0,24920.0
37.438590334000764,0.0,0.0,0.0,0.0,0.0,0.0,0.0,0.0,0.0,0.0,0.0,0.0,0.0,7645.0,2.0,24928.0,6568.0,2.0,24941.0
37.46416040499753,0.0,0.0,0.0,0.0,0.0,0.0,0.0,0.0,0.0,0.0,0.0,0.0,0.0,7646.0,2.0,24948.0,6569.0,2.0,24961.0
37.48071026901016,0.0,0.0,0.0,0.0,0.0,0.0,0.0,0.0,0.0,0.0,0.0,0.0,0.0,7647.0,2.0,24968.0,6570.0,2.0,24981.0
37.488542463004705,0.0,0.0,0.0,0.0,0.0,0.0,0.0,0.0,0.0,0.0,0.0,0.0,0.0,7648.0,2.0,24988.0,6571.0,2.0,24991.0
37.519362742008525,0.0,0.0,0.0,0.0,0.0,0.0,0.0,0.0,0.0,0.0,0.0,0.0,0.0,7649.0,2.0,25008.0,6572.0,2.0,25021.0
37.63871975900838,0.0,0.0,0.0,0.0,0.0,0.0,0.0,0.0,0.0,0.0,0.0,0.0,0.0,7650.0,2.0,25028.0,6573.0,2.0,25041.0
37.63884394199704,0.0,0.0,0.0,0.0,0.0,0.0,0.0,0.0,0.0,0.0,0.0,0.0,0.0,7651.0,2.0,25048.0,6574.0,2.0,25061.0
37.63891722600965,0.0,0.0,0.0,0.0,0.0,0.0,0.0,0.0,0.0,0.0,0.0,0.0,0.0,7652.0,2.0,25068.0,6575.0,2.0,25081.0
37.63898314800463,0.0,0.0,0.0,0.0,0.0,0.0,0.0,0.0,0.0,0.0,0.0,0.0,0.0,7653.0,2.0,25088.0,6576.0,2.0,25091.0
37.63904696700047,0.0,0.0,0.0,0.0,0.0,0.0,0.0,0.0,0.0,0.0,0.0,0.0,0.0,7654.0,2.0,25108.0,6577.0,2.0,25121.0
37.639113299999735,0.0,0.0,0.0,0.0,0.0,0.0,0.0,0.0,0.0,0.0,0.0,0.0,0.0,7655.0,2.0,25128.0,6578.0,2.0,25141.0
37.66139223400387,0.0,0.0,0.0,0.0,0.0,0.0,0.0,0.0,0.0,0.0,0.0,0.0,0.0,7656.0,2.0,25148.0,6579.0,2.0,25161.0
37.67884922500525,0.0,0.0,0.0,0.0,0.0,0.0,0.0,0.0,0.0,0.0,0.0,0.0,0.0,7657.0,2.0,25168.0,6580.0,2.0,25181.0
37.68938899200293,0.0,0.0,0.0,0.0,0.0,0.0,0.0,0.0,0.0,0.0,0.0,0.0,0.0,7658.0,2.0,25188.0,6581.0,2.0,25191.0
37.71920967900951,0.0,0.0,0.0,0.0,0.0,0.0,0.0,0.0,0.0,0.0,0.0,0.0,0.0,7659.0,2.0,25208.0,6582.0,2.0,25221.0
37.73844199501036,0.0,0.0,0.0,0.0,0.0,0.0,0.0,0.0,0.0,0.0,0.0,0.0,0.0,7660.0,2.0,25228.0,6583.0,2.0,25241.0
37.86366106000787,0.0,0.0,0.0,0.0,0.0,0.0,0.0,0.0,0.0,0.0,0.0,0.0,0.0,7661.0,2.0,25248.0,6584.0,2.0,25261.0
37.86378199700266,0.0,0.0,0.0,0.0,0.0,0.0,0.0,0.0,0.0,0.0,0.0,0.0,0.0,7662.0,2.0,25268.0,6585.0,2.0,25281.0
37.86384952200751,0.0,0.0,0.0,0.0,0.0,0.0,0.0,0.0,0.0,0.0,0.0,0.0,0.0,7663.0,2.0,25288.0,6586.0,2.0,25291.0
37.86390800299705,0.0,0.0,0.0,0.0,0.0,0.0,0.0,0.0,0.0,0.0,0.0,0.0,0.0,7664.0,2.0,25308.0,6587.0,2.0,25321.0
37.87701295000443,0.0,0.0,0.0,0.0,0.0,0.0,0.0,0.0,0.0,0.0,0.0,0.0,0.0,7667.0,2.0,25368.0,6588.0,2.0,25380.0
37.89924238700769,0.0,0.0,0.0,0.0,0.0,0.0,0.0,0.0,0.0,0.0,0.0,0.0,0.0,7668.0,2.0,25388.0,6589.0,2.0,25401.0
37.922066718005226,0.0,0.0,0.0,0.0,0.0,0.0,0.0,0.0,0.0,0.0,0.0,0.0,0.0,7669.0,2.0,25408.0,6590.0,2.0,25421.0
37.92828968500544,0.0,0.0,0.0,0.0,0.0,0.0,0.0,0.0,0.0,0.0,0.0,0.0,0.0,7670.0,2.0,25428.0,6591.0,2.0,25431.0
37.96093629799725,0.0,0.0,0.0,0.0,0.0,0.0,0.0,0.0,0.0,0.0,0.0,0.0,0.0,7671.0,2.0,25448.0,6592.0,2.0,25461.0
38.08657633600524,0.0,0.0,0.0,0.0,0.0,0.0,0.0,0.0,0.0,0.0,0.0,0.0,0.0,7672.0,2.0,25468.0,6593.0,2.0,25481.0
38.0870193830051,0.0,0.0,0.0,0.0,0.0,0.0,0.0,0.0,0.0,0.0,0.0,0.0,0.0,7673.0,2.0,25488.0,6594.0,2.0,25501.0
38.08732017999864,0.0,0.0,0.0,0.0,0.0,0.0,0.0,0.0,0.0,0.0,0.0,0.0,0.0,7674.0,2.0,25508.0,6595.0,2.0,25521.0
38.0873959580058,0.0,0.0,0.0,0.0,0.0,0.0,0.0,0.0,0.0,0.0,0.0,0.0,0.0,7675.0,2.0,25528.0,6596.0,2.0,25531.0
38.08745211501082,0.0,0.0,0.0,0.0,0.0,0.0,0.0,0.0,0.0,0.0,0.0,0.0,0.0,7676.0,2.0,25548.0,6597.0,2.0,25551.0
38.092457563005155,0.0,0.0,0.0,0.0,0.0,0.0,0.0,0.0,0.0,0.0,0.0,0.0,0.0,7677.0,2.0,25568.0,6598.0,2.0,25581.0
38.09950466900773,0.0,0.0,0.0,0.0,0.0,0.0,0.0,0.0,0.0,0.0,0.0,0.0,0.0,7678.0,2.0,25588.0,6599.0,2.0,25601.0
38.11831226600043,0.0,0.0,0.0,0.0,0.0,0.0,0.0,0.0,0.0,0.0,0.0,0.0,0.0,7679.0,2.0,25608.0,6600.0,2.0,25621.0
38.12797456100816,0.0,0.0,0.0,0.0,0.0,0.0,0.0,0.0,0.0,0.0,0.0,0.0,0.0,7680.0,2.0,25628.0,6601.0,2.0,25631.0
38.159265289999894,0.0,0.0,0.0,0.0,0.0,0.0,0.0,0.0,0.0,0.0,0.0,0.0,0.0,7681.0,2.0,25648.0,6602.0,2.0,25661.0
38.177579681010684,0.0,0.0,0.0,0.0,0.0,0.0,0.0,0.0,0.0,0.0,0.0,0.0,0.0,7682.0,2.0,25668.0,6603.0,2.0,25681.0
38.31274669400591,0.0,0.0,0.0,0.0,0.0,0.0,0.0,0.0,0.0,0.0,0.0,0.0,0.0,7683.0,2.0,25688.0,6604.0,2.0,25701.0
38.31291193999641,0.0,0.0,0.0,0.0,0.0,0.0,0.0,0.0,0.0,0.0,0.0,0.0,0.0,7684.0,2.0,25708.0,6605.0,2.0,25721.0
38.31298212900583,0.0,0.0,0.0,0.0,0.0,0.0,0.0,0.0,0.0,0.0,0.0,0.0,0.0,7685.0,2.0,25728.0,6606.0,2.0,25731.0
38.31304345400713,0.0,0.0,0.0,0.0,0.0,0.0,0.0,0.0,0.0,0.0,0.0,0.0,0.0,7686.0,2.0,25748.0,6607.0,2.0,25761.0
38.313099571008934,0.0,0.0,0.0,0.0,0.0,0.0,0.0,0.0,0.0,0.0,0.0,0.0,0.0,7687.0,2.0,25768.0,6608.0,2.0,25781.0
38.313154917006614,0.0,0.0,0.0,0.0,0.0,0.0,0.0,0.0,0.0,0.0,0.0,0.0,0.0,7688.0,2.0,25788.0,6609.0,2.0,25801.0
38.318658176998724,0.0,0.0,0.0,0.0,0.0,0.0,0.0,0.0,0.0,0.0,0.0,0.0,0.0,7689.0,2.0,25808.0,6610.0,2.0,25821.0
38.33060426599695,0.0,0.0,0.0,0.0,0.0,0.0,0.0,0.0,0.0,0.0,0.0,0.0,0.0,7690.0,2.0,25828.0,6611.0,2.0,25831.0
38.359117195010185,0.0,0.0,0.0,0.0,0.0,0.0,0.0,0.0,0.0,0.0,0.0,0.0,0.0,7691.0,2.0,25848.0,6612.0,2.0,25861.0
38.37763906799955,0.0,0.0,0.0,0.0,0.0,0.0,0.0,0.0,0.0,0.0,0.0,0.0,0.0,7692.0,2.0,25868.0,6613.0,2.0,25881.0
38.3987437600008,0.0,0.0,0.0,0.0,0.0,0.0,0.0,0.0,0.0,0.0,0.0,0.0,0.0,7693.0,2.0,25888.0,6614.0,2.0,25901.0
38.53108439799689,0.0,0.0,0.0,0.0,0.0,0.0,0.0,0.0,0.0,0.0,0.0,0.0,0.0,7694.0,2.0,25908.0,6615.0,2.0,25921.0
38.5312316060008,0.0,0.0,0.0,0.0,0.0,0.0,0.0,0.0,0.0,0.0,0.0,0.0,0.0,7695.0,2.0,25928.0,6616.0,2.0,25931.0
38.53131277200009,0.0,0.0,0.0,0.0,0.0,0.0,0.0,0.0,0.0,0.0,0.0,0.0,0.0,7696.0,2.0,25948.0,6617.0,2.0,25961.0
38.53145450200827,0.0,0.0,0.0,0.0,0.0,0.0,0.0,0.0,0.0,0.0,0.0,0.0,0.0,7697.0,2.0,25968.0,6618.0,2.0,25980.0
38.53153820200532,0.0,0.0,0.0,0.0,0.0,0.0,0.0,0.0,0.0,0.0,0.0,0.0,0.0,7698.0,2.0,25988.0,6619.0,2.0,26001.0
38.5316008390073,0.0,0.0,0.0,0.0,0.0,0.0,0.0,0.0,0.0,0.0,0.0,0.0,0.0,7699.0,2.0,26008.0,6620.0,2.0,26021.0
38.5316581280058,0.0,0.0,0.0,0.0,0.0,0.0,0.0,0.0,0.0,0.0,0.0,0.0,0.0,7700.0,2.0,26028.0,6621.0,2.0,26031.0
38.55980480799917,0.0,0.0,0.0,0.0,0.0,0.0,0.0,0.0,0.0,0.0,0.0,0.0,0.0,7701.0,2.0,26048.0,6622.0,2.0,26061.0
38.58086129800358,0.0,0.0,0.0,0.0,0.0,0.0,0.0,0.0,0.0,0.0,0.0,0.0,0.0,7702.0,2.0,26068.0,6623.0,2.0,26081.0
38.601099987005,0.0,0.0,0.0,0.0,0.0,0.0,0.0,0.0,0.0,0.0,0.0,0.0,0.0,7703.0,2.0,26088.0,6624.0,2.0,26101.0
38.61853240799974,0.0,0.0,0.0,0.0,0.0,0.0,0.0,0.0,0.0,0.0,0.0,0.0,0.0,7704.0,2.0,26108.0,6625.0,2.0,26121.0
38.6279663190071,0.0,0.0,0.0,0.0,0.0,0.0,0.0,0.0,0.0,0.0,0.0,0.0,0.0,7705.0,2.0,26128.0,6626.0,2.0,26131.0
38.70329361699987,0.0,0.0,0.0,0.0,0.0,0.0,0.0,0.0,0.0,0.0,0.0,0.0,0.0,7706.0,2.0,26148.0,6627.0,2.0,26161.0
38.703410829009954,0.0,0.0,0.0,0.0,0.0,0.0,0.0,0.0,0.0,0.0,0.0,0.0,0.0,7707.0,2.0,26168.0,6628.0,2.0,26181.0
38.70347633100755,0.0,0.0,0.0,0.0,0.0,0.0,0.0,0.0,0.0,0.0,0.0,0.0,0.0,7708.0,2.0,26188.0,6629.0,2.0,26201.0
38.74914700399677,0.0,0.0,0.0,0.0,0.0,0.0,0.0,0.0,0.0,0.0,0.0,0.0,0.0,7709.0,2.0,26208.0,6630.0,2.0,26221.0
38.74942599699716,0.0,0.0,0.0,0.0,0.0,0.0,0.0,0.0,0.0,0.0,0.0,0.0,0.0,7710.0,2.0,26228.0,6631.0,2.0,26231.0
38.75871122699755,0.0,0.0,0.0,0.0,0.0,0.0,0.0,0.0,0.0,0.0,0.0,0.0,0.0,7711.0,2.0,26248.0,6632.0,2.0,26261.0
38.78422029101057,0.0,0.0,0.0,0.0,0.0,0.0,0.0,0.0,0.0,0.0,0.0,0.0,0.0,7712.0,2.0,26268.0,6633.0,2.0,26281.0
38.80141990999982,0.0,0.0,0.0,0.0,0.0,0.0,0.0,0.0,0.0,0.0,0.0,0.0,0.0,7713.0,2.0,26288.0,6634.0,2.0,26300.0
38.81781489100831,0.0,0.0,0.0,0.0,0.0,0.0,0.0,0.0,0.0,0.0,0.0,0.0,0.0,7714.0,2.0,26308.0,6635.0,2.0,26321.0
38.829199821004295,0.0,0.0,0.0,0.0,0.0,0.0,0.0,0.0,0.0,0.0,0.0,0.0,0.0,7715.0,2.0,26328.0,6636.0,2.0,26331.0
38.9283765660075,0.0,0.0,0.0,0.0,0.0,0.0,0.0,0.0,0.0,0.0,0.0,0.0,0.0,7716.0,2.0,26348.0,6637.0,2.0,26361.0
38.92848110799969,0.0,0.0,0.0,0.0,0.0,0.0,0.0,0.0,0.0,0.0,0.0,0.0,0.0,7717.0,2.0,26368.0,6638.0,2.0,26381.0
38.928548693002085,0.0,0.0,0.0,0.0,0.0,0.0,0.0,0.0,0.0,0.0,0.0,0.0,0.0,7718.0,2.0,26388.0,6639.0,2.0,26401.0
38.92860596200626,0.0,0.0,0.0,0.0,0.0,0.0,0.0,0.0,0.0,0.0,0.0,0.0,0.0,7719.0,2.0,26408.0,6640.0,2.0,26421.0
38.97013776800304,0.0,0.0,0.0,0.0,0.0,0.0,0.0,0.0,0.0,0.0,0.0,0.0,0.0,7720.0,2.0,26428.0,6641.0,2.0,26431.0
38.970222368996474,0.0,0.0,0.0,0.0,0.0,0.0,0.0,0.0,0.0,0.0,0.0,0.0,0.0,7721.0,2.0,26448.0,6642.0,2.0,26461.0
38.97715401400637,0.0,0.0,0.0,0.0,0.0,0.0,0.0,0.0,0.0,0.0,0.0,0.0,0.0,7722.0,2.0,26468.0,6643.0,2.0,26481.0
39.00074816400593,0.0,0.0,0.0,0.0,0.0,0.0,0.0,0.0,0.0,0.0,0.0,0.0,0.0,7723.0,2.0,26488.0,6644.0,2.0,26501.0
39.018202778999694,0.0,0.0,0.0,0.0,0.0,0.0,0.0,0.0,0.0,0.0,0.0,0.0,0.0,7724.0,2.0,26508.0,6645.0,2.0,26521.0
39.02707179301069,0.0,0.0,0.0,0.0,0.0,0.0,0.0,0.0,0.0,0.0,0.0,0.0,0.0,7725.0,2.0,26528.0,6646.0,2.0,26531.0
39.05884836900805,0.0,0.0,0.0,0.0,0.0,0.0,0.0,0.0,0.0,0.0,0.0,0.0,0.0,7726.0,2.0,26548.0,6647.0,2.0,26561.0
39.19467548999819,0.0,0.0,0.0,0.0,0.0,0.0,0.0,0.0,0.0,0.0,0.0,0.0,0.0,7727.0,2.0,26568.0,6648.0,2.0,26581.0
39.19474714100943,0.0,0.0,0.0,0.0,0.0,0.0,0.0,0.0,0.0,0.0,0.0,0.0,0.0,7728.0,2.0,26588.0,6649.0,2.0,26601.0
39.19480429000396,0.0,0.0,0.0,0.0,0.0,0.0,0.0,0.0,0.0,0.0,0.0,0.0,0.0,7729.0,2.0,26608.0,6650.0,2.0,26621.0
39.19491144600033,0.0,0.0,0.0,0.0,0.0,0.0,0.0,0.0,0.0,0.0,0.0,0.0,0.0,7730.0,2.0,26628.0,6651.0,2.0,26631.0
39.19498939800542,0.0,0.0,0.0,0.0,0.0,0.0,0.0,0.0,0.0,0.0,0.0,0.0,0.0,7731.0,2.0,26648.0,6652.0,2.0,26661.0
39.195065795996925,0.0,0.0,0.0,0.0,0.0,0.0,0.0,0.0,0.0,0.0,0.0,0.0,0.0,7732.0,2.0,26668.0,6653.0,2.0,26681.0
39.19682768199709,0.0,0.0,0.0,0.0,0.0,0.0,0.0,0.0,0.0,0.0,0.0,0.0,0.0,7733.0,2.0,26688.0,6654.0,2.0,26701.0
39.217637719004415,0.0,0.0,0.0,0.0,0.0,0.0,0.0,0.0,0.0,0.0,0.0,0.0,0.0,7734.0,2.0,26708.0,6655.0,2.0,26721.0
39.2282057400007,0.0,0.0,0.0,0.0,0.0,0.0,0.0,0.0,0.0,0.0,0.0,0.0,0.0,7735.0,2.0,26728.0,6656.0,2.0,26731.0
39.25846153500606,0.0,0.0,0.0,0.0,0.0,0.0,0.0,0.0,0.0,0.0,0.0,0.0,0.0,7736.0,2.0,26748.0,6657.0,2.0,26761.0
39.2781848750019,0.0,0.0,0.0,0.0,0.0,0.0,0.0,0.0,0.0,0.0,0.0,0.0,0.0,7737.0,2.0,26768.0,6658.0,2.0,26781.0
39.41303026000969,0.0,0.0,0.0,0.0,0.0,0.0,0.0,0.0,0.0,0.0,0.0,0.0,0.0,7738.0,2.0,26788.0,6659.0,2.0,26801.0
39.41341087099863,0.0,0.0,0.0,0.0,0.0,0.0,0.0,0.0,0.0,0.0,0.0,0.0,0.0,7739.0,2.0,26808.0,6660.0,2.0,26821.0
39.41347842600953,0.0,0.0,0.0,0.0,0.0,0.0,0.0,0.0,0.0,0.0,0.0,0.0,0.0,7740.0,2.0,26828.0,6661.0,2.0,26831.0
39.41353795900068,0.0,0.0,0.0,0.0,0.0,0.0,0.0,0.0,0.0,0.0,0.0,0.0,0.0,7741.0,2.0,26848.0,6662.0,2.0,26861.0
39.413597090009716,0.0,0.0,0.0,0.0,0.0,0.0,0.0,0.0,0.0,0.0,0.0,0.0,0.0,7742.0,2.0,26868.0,6663.0,2.0,26881.0
39.41365299699828,0.0,0.0,0.0,0.0,0.0,0.0,0.0,0.0,0.0,0.0,0.0,0.0,0.0,7743.0,2.0,26888.0,6664.0,2.0,26901.0
39.41775375499856,0.0,0.0,0.0,0.0,0.0,0.0,0.0,0.0,0.0,0.0,0.0,0.0,0.0,7744.0,2.0,26908.0,6665.0,2.0,26921.0
39.4267791910097,0.0,0.0,0.0,0.0,0.0,0.0,0.0,0.0,0.0,0.0,0.0,0.0,0.0,7745.0,2.0,26928.0,6666.0,2.0,26931.0
39.45694657199783,0.0,0.0,0.0,0.0,0.0,0.0,0.0,0.0,0.0,0.0,0.0,0.0,0.0,7746.0,2.0,26948.0,6667.0,2.0,26960.0
39.47799420999945,0.0,0.0,0.0,0.0,0.0,0.0,0.0,0.0,0.0,0.0,0.0,0.0,0.0,7747.0,2.0,26968.0,6668.0,2.0,26981.0
39.499547233004705,0.0,0.0,0.0,0.0,0.0,0.0,0.0,0.0,0.0,0.0,0.0,0.0,0.0,7748.0,2.0,26988.0,6669.0,2.0,27001.0
39.55843590499717,0.0,0.0,0.0,0.0,0.0,0.0,0.0,0.0,0.0,0.0,0.0,0.0,0.0,7749.0,2.0,27008.0,6670.0,2.0,27020.0
39.55872323201038,0.0,0.0,0.0,0.0,0.0,0.0,0.0,0.0,0.0,0.0,0.0,0.0,0.0,7750.0,2.0,27028.0,6671.0,2.0,27030.0
39.628744683999685,0.0,0.0,0.0,0.0,0.0,0.0,0.0,0.0,0.0,0.0,0.0,0.0,0.0,7751.0,2.0,27048.0,6672.0,2.0,27061.0
39.62909245499759,0.0,0.0,0.0,0.0,0.0,0.0,0.0,0.0,0.0,0.0,0.0,0.0,0.0,7752.0,2.0,27068.0,6673.0,2.0,27081.0
39.62935481200111,0.0,0.0,0.0,0.0,0.0,0.0,0.0,0.0,0.0,0.0,0.0,0.0,0.0,7753.0,2.0,27088.0,6674.0,2.0,27100.0
39.62957994200406,0.0,0.0,0.0,0.0,0.0,0.0,0.0,0.0,0.0,0.0,0.0,0.0,0.0,7754.0,2.0,27108.0,6675.0,2.0,27120.0
39.62974156301061,0.0,0.0,0.0,0.0,0.0,0.0,0.0,0.0,0.0,0.0,0.0,0.0,0.0,7755.0,2.0,27129.0,6676.0,2.0,27130.0
39.65956556001038,0.0,0.0,0.0,0.0,0.0,0.0,0.0,0.0,0.0,0.0,0.0,0.0,0.0,7756.0,2.0,27148.0,6677.0,2.0,27161.0
39.67750526800228,0.0,0.0,0.0,0.0,0.0,0.0,0.0,0.0,0.0,0.0,0.0,0.0,0.0,7757.0,2.0,27168.0,6678.0,2.0,27181.0
39.70007941800577,0.0,0.0,0.0,0.0,0.0,0.0,0.0,0.0,0.0,0.0,0.0,0.0,0.0,7758.0,2.0,27188.0,6679.0,2.0,27201.0
39.71915151500434,0.0,0.0,0.0,0.0,0.0,0.0,0.0,0.0,0.0,0.0,0.0,0.0,0.0,7759.0,2.0,27208.0,6680.0,2.0,27221.0
39.72631936401012,0.0,0.0,0.0,0.0,0.0,0.0,0.0,0.0,0.0,0.0,0.0,0.0,0.0,7760.0,2.0,27228.0,6681.0,2.0,27230.0
39.84935189499811,0.0,0.0,0.0,0.0,0.0,0.0,0.0,0.0,0.0,0.0,0.0,0.0,0.0,7761.0,2.0,27248.0,6682.0,2.0,27261.0
39.84949801200128,0.0,0.0,0.0,0.0,0.0,0.0,0.0,0.0,0.0,0.0,0.0,0.0,0.0,7762.0,2.0,27268.0,6683.0,2.0,27281.0
39.84957651401055,0.0,0.0,0.0,0.0,0.0,0.0,0.0,0.0,0.0,0.0,0.0,0.0,0.0,7763.0,2.0,27288.0,6684.0,2.0,27301.0
39.84964160500385,0.0,0.0,0.0,0.0,0.0,0.0,0.0,0.0,0.0,0.0,0.0,0.0,0.0,7764.0,2.0,27308.0,6685.0,2.0,27321.0
39.85918671800755,0.0,0.0,0.0,0.0,0.0,0.0,0.0,0.0,0.0,0.0,0.0,0.0,0.0,7766.0,2.0,27348.0,6686.0,2.0,27363.0
39.86610921600368,0.0,0.0,0.0,0.0,0.0,0.0,0.0,0.0,0.0,0.0,0.0,0.0,0.0,7767.0,2.0,27368.0,6687.0,2.0,27370.0
39.89716918200429,0.0,0.0,0.0,0.0,0.0,0.0,0.0,0.0,0.0,0.0,0.0,0.0,0.0,7768.0,2.0,27388.0,6688.0,2.0,27401.0
39.91735430000699,0.0,0.0,0.0,0.0,0.0,0.0,0.0,0.0,0.0,0.0,0.0,0.0,0.0,7769.0,2.0,27408.0,6689.0,2.0,27421.0
39.93705373301054,0.0,0.0,0.0,0.0,0.0,0.0,0.0,0.0,0.0,0.0,0.0,0.0,0.0,7770.0,2.0,27428.0,6690.0,2.0,27441.0
39.94760181399761,0.0,0.0,0.0,0.0,0.0,0.0,0.0,0.0,0.0,0.0,0.0,0.0,0.0,7771.0,2.0,27448.0,6691.0,2.0,27451.0
40.07363901400822,0.0,0.0,0.0,0.0,0.0,0.0,0.0,0.0,0.0,0.0,0.0,0.0,0.0,7772.0,2.0,27468.0,6692.0,2.0,27481.0
40.07393698699889,0.0,0.0,0.0,0.0,0.0,0.0,0.0,0.0,0.0,0.0,0.0,0.0,0.0,7773.0,2.0,27488.0,6693.0,2.0,27501.0
40.07416327900137,0.0,0.0,0.0,0.0,0.0,0.0,0.0,0.0,0.0,0.0,0.0,0.0,0.0,7774.0,2.0,27508.0,6694.0,2.0,27521.0
40.07439485900977,0.0,0.0,0.0,0.0,0.0,0.0,0.0,0.0,0.0,0.0,0.0,0.0,0.0,7775.0,2.0,27528.0,6695.0,2.0,27541.0
40.074528677010676,0.0,0.0,0.0,0.0,0.0,0.0,0.0,0.0,0.0,0.0,0.0,0.0,0.0,7776.0,2.0,27548.0,6696.0,2.0,27551.0
40.0771081050043,0.0,0.0,0.0,0.0,0.0,0.0,0.0,0.0,0.0,0.0,0.0,0.0,0.0,7777.0,2.0,27568.0,6697.0,2.0,27581.0
40.09758610800782,0.0,0.0,0.0,0.0,0.0,0.0,0.0,0.0,0.0,0.0,0.0,0.0,0.0,7778.0,2.0,27588.0,6698.0,2.0,27601.0
40.116994188007084,0.0,0.0,0.0,0.0,0.0,0.0,0.0,0.0,0.0,0.0,0.0,0.0,0.0,7779.0,2.0,27608.0,6699.0,2.0,27621.0
40.1369380899996,0.0,0.0,0.0,0.0,0.0,0.0,0.0,0.0,0.0,0.0,0.0,0.0,0.0,7780.0,2.0,27628.0,6700.0,2.0,27641.0
40.147143780006445,0.0,0.0,0.0,0.0,0.0,0.0,0.0,0.0,0.0,0.0,0.0,0.0,0.0,7781.0,2.0,27648.0,6701.0,2.0,27651.0
40.243379068007926,0.0,0.0,0.0,0.0,0.0,0.0,0.0,0.0,0.0,0.0,0.0,0.0,0.0,7782.0,2.0,27668.0,6702.0,2.0,27681.0
40.243674477009336,0.0,0.0,0.0,0.0,0.0,0.0,0.0,0.0,0.0,0.0,0.0,0.0,0.0,7783.0,2.0,27688.0,6703.0,2.0,27701.0
40.243807164006284,0.0,0.0,0.0,0.0,0.0,0.0,0.0,0.0,0.0,0.0,0.0,0.0,0.0,7784.0,2.0,27708.0,6704.0,2.0,27721.0
40.24386137801048,0.0,0.0,0.0,0.0,0.0,0.0,0.0,0.0,0.0,0.0,0.0,0.0,0.0,7785.0,2.0,27728.0,6705.0,2.0,27741.0
40.28879051700642,0.0,0.0,0.0,0.0,0.0,0.0,0.0,0.0,0.0,0.0,0.0,0.0,0.0,7786.0,2.0,27748.0,6706.0,2.0,27751.0
40.28889115300262,0.0,0.0,0.0,0.0,0.0,0.0,0.0,0.0,0.0,0.0,0.0,0.0,0.0,7787.0,2.0,27768.0,6707.0,2.0,27781.0
40.31526325500454,0.0,0.0,0.0,0.0,0.0,0.0,0.0,0.0,0.0,0.0,0.0,0.0,0.0,7789.0,2.0,27808.0,6708.0,2.0,27820.0
40.336927270996966,0.0,0.0,0.0,0.0,0.0,0.0,0.0,0.0,0.0,0.0,0.0,0.0,0.0,7790.0,2.0,27828.0,6709.0,2.0,27841.0
40.35840831200767,0.0,0.0,0.0,0.0,0.0,0.0,0.0,0.0,0.0,0.0,0.0,0.0,0.0,7791.0,2.0,27848.0,6710.0,2.0,27861.0
40.367339440999785,0.0,0.0,0.0,0.0,0.0,0.0,0.0,0.0,0.0,0.0,0.0,0.0,0.0,7792.0,2.0,27868.0,6711.0,2.0,27871.0
40.40840189199662,0.0,0.0,0.0,0.0,0.0,0.0,0.0,0.0,0.0,0.0,0.0,0.0,0.0,7793.0,2.0,27888.0,6712.0,2.0,27901.0
40.508679318998475,0.0,0.0,0.0,0.0,0.0,0.0,0.0,0.0,0.0,0.0,0.0,0.0,0.0,7794.0,2.0,27908.0,6713.0,2.0,27920.0
40.508809992010356,0.0,0.0,0.0,0.0,0.0,0.0,0.0,0.0,0.0,0.0,0.0,0.0,0.0,7795.0,2.0,27928.0,6714.0,2.0,27941.0
40.508888263997505,0.0,0.0,0.0,0.0,0.0,0.0,0.0,0.0,0.0,0.0,0.0,0.0,0.0,7796.0,2.0,27948.0,6715.0,2.0,27961.0
40.50894748599967,0.0,0.0,0.0,0.0,0.0,0.0,0.0,0.0,0.0,0.0,0.0,0.0,0.0,7797.0,2.0,27968.0,6716.0,2.0,27971.0
40.50900283199735,0.0,0.0,0.0,0.0,0.0,0.0,0.0,0.0,0.0,0.0,0.0,0.0,0.0,7798.0,2.0,27988.0,6717.0,2.0,28001.0
40.51836225599982,0.0,0.0,0.0,0.0,0.0,0.0,0.0,0.0,0.0,0.0,0.0,0.0,0.0,7799.0,2.0,28008.0,6718.0,2.0,28021.0
40.539630829007365,0.0,0.0,0.0,0.0,0.0,0.0,0.0,0.0,0.0,0.0,0.0,0.0,0.0,7800.0,2.0,28028.0,6719.0,2.0,28041.0
40.55722930601041,0.0,0.0,0.0,0.0,0.0,0.0,0.0,0.0,0.0,0.0,0.0,0.0,0.0,7801.0,2.0,28048.0,6720.0,2.0,28061.0
40.57072946900735,0.0,0.0,0.0,0.0,0.0,0.0,0.0,0.0,0.0,0.0,0.0,0.0,0.0,7802.0,2.0,28068.0,6721.0,2.0,28073.0
40.58784461399773,0.0,0.0,0.0,0.0,0.0,0.0,0.0,0.0,0.0,0.0,0.0,0.0,0.0,7803.0,2.0,28088.0,6722.0,2.0,28091.0
40.730757158002234,0.0,0.0,0.0,0.0,0.0,0.0,0.0,0.0,0.0,0.0,0.0,0.0,0.0,7804.0,2.0,28108.0,6723.0,2.0,28121.0
40.730874371001846,0.0,0.0,0.0,0.0,0.0,0.0,0.0,0.0,0.0,0.0,0.0,0.0,0.0,7805.0,2.0,28128.0,6724.0,2.0,28141.0
40.73094484000467,0.0,0.0,0.0,0.0,0.0,0.0,0.0,0.0,0.0,0.0,0.0,0.0,0.0,7806.0,2.0,28148.0,6725.0,2.0,28161.0
40.73102186000324,0.0,0.0,0.0,0.0,0.0,0.0,0.0,0.0,0.0,0.0,0.0,0.0,0.0,7807.0,2.0,28168.0,6726.0,2.0,28171.0
40.73108135200164,0.0,0.0,0.0,0.0,0.0,0.0,0.0,0.0,0.0,0.0,0.0,0.0,0.0,7808.0,2.0,28188.0,6727.0,2.0,28201.0
40.73113793000812,0.0,0.0,0.0,0.0,0.0,0.0,0.0,0.0,0.0,0.0,0.0,0.0,0.0,7809.0,2.0,28208.0,6728.0,2.0,28221.0
40.74104002901004,0.0,0.0,0.0,0.0,0.0,0.0,0.0,0.0,0.0,0.0,0.0,0.0,0.0,7810.0,2.0,28228.0,6729.0,2.0,28241.0
40.75996730099723,0.0,0.0,0.0,0.0,0.0,0.0,0.0,0.0,0.0,0.0,0.0,0.0,0.0,7811.0,2.0,28248.0,6730.0,2.0,28261.0
40.766516244999366,0.0,0.0,0.0,0.0,0.0,0.0,0.0,0.0,0.0,0.0,0.0,0.0,0.0,7812.0,2.0,28268.0,6731.0,2.0,28271.0
40.797204246002366,0.0,0.0,0.0,0.0,0.0,0.0,0.0,0.0,0.0,0.0,0.0,0.0,0.0,7813.0,2.0,28288.0,6732.0,2.0,28301.0
40.8236897020106,0.0,0.0,0.0,0.0,0.0,0.0,0.0,0.0,0.0,0.0,0.0,0.0,0.0,7814.0,2.0,28308.0,6733.0,2.0,28321.0
40.94884049599932,0.0,0.0,0.0,0.0,0.0,0.0,0.0,0.0,0.0,0.0,0.0,0.0,0.0,7815.0,2.0,28328.0,6734.0,2.0,28341.0
40.94895396300126,0.0,0.0,0.0,0.0,0.0,0.0,0.0,0.0,0.0,0.0,0.0,0.0,0.0,7816.0,2.0,28348.0,6735.0,2.0,28361.0
40.94902446201013,0.0,0.0,0.0,0.0,0.0,0.0,0.0,0.0,0.0,0.0,0.0,0.0,0.0,7817.0,2.0,28368.0,6736.0,2.0,28371.0
40.94908795099764,0.0,0.0,0.0,0.0,0.0,0.0,0.0,0.0,0.0,0.0,0.0,0.0,0.0,7818.0,2.0,28388.0,6737.0,2.0,28401.0
40.949148055005935,0.0,0.0,0.0,0.0,0.0,0.0,0.0,0.0,0.0,0.0,0.0,0.0,0.0,7819.0,2.0,28408.0,6738.0,2.0,28421.0
40.949206996010616,0.0,0.0,0.0,0.0,0.0,0.0,0.0,0.0,0.0,0.0,0.0,0.0,0.0,7820.0,2.0,28428.0,6739.0,2.0,28441.0
40.95913079800084,0.0,0.0,0.0,0.0,0.0,0.0,0.0,0.0,0.0,0.0,0.0,0.0,0.0,7821.0,2.0,28448.0,6740.0,2.0,28461.0
40.968257140004425,0.0,0.0,0.0,0.0,0.0,0.0,0.0,0.0,0.0,0.0,0.0,0.0,0.0,7822.0,2.0,28468.0,6741.0,2.0,28471.0
40.99764956600848,0.0,0.0,0.0,0.0,0.0,0.0,0.0,0.0,0.0,0.0,0.0,0.0,0.0,7823.0,2.0,28488.0,6742.0,2.0,28501.0
41.01683997800865,0.0,0.0,0.0,0.0,0.0,0.0,0.0,0.0,0.0,0.0,0.0,0.0,0.0,7824.0,2.0,28508.0,6743.0,2.0,28521.0
41.03818447999947,0.0,0.0,0.0,0.0,0.0,0.0,0.0,0.0,0.0,0.0,0.0,0.0,0.0,7825.0,2.0,28528.0,6744.0,2.0,28540.0
41.16833304600732,0.0,0.0,0.0,0.0,0.0,0.0,0.0,0.0,0.0,0.0,0.0,0.0,0.0,7826.0,2.0,28548.0,6745.0,2.0,28561.0
41.16845245100558,0.0,0.0,0.0,0.0,0.0,0.0,0.0,0.0,0.0,0.0,0.0,0.0,0.0,7827.0,2.0,28568.0,6746.0,2.0,28573.0
41.16852900000231,0.0,0.0,0.0,0.0,0.0,0.0,0.0,0.0,0.0,0.0,0.0,0.0,0.0,7828.0,2.0,28588.0,6747.0,2.0,28591.0
41.168596225004876,0.0,0.0,0.0,0.0,0.0,0.0,0.0,0.0,0.0,0.0,0.0,0.0,0.0,7829.0,2.0,28608.0,6748.0,2.0,28621.0
41.168655537010636,0.0,0.0,0.0,0.0,0.0,0.0,0.0,0.0,0.0,0.0,0.0,0.0,0.0,7830.0,2.0,28628.0,6749.0,2.0,28641.0
41.16871166400961,0.0,0.0,0.0,0.0,0.0,0.0,0.0,0.0,0.0,0.0,0.0,0.0,0.0,7831.0,2.0,28648.0,6750.0,2.0,28661.0
41.16876682000293,0.0,0.0,0.0,0.0,0.0,0.0,0.0,0.0,0.0,0.0,0.0,0.0,0.0,7832.0,2.0,28668.0,6751.0,2.0,28671.0
41.19676304500899,0.0,0.0,0.0,0.0,0.0,0.0,0.0,0.0,0.0,0.0,0.0,0.0,0.0,7833.0,2.0,28688.0,6752.0,2.0,28700.0
41.21727675500733,0.0,0.0,0.0,0.0,0.0,0.0,0.0,0.0,0.0,0.0,0.0,0.0,0.0,7834.0,2.0,28708.0,6753.0,2.0,28721.0
41.246664744001464,0.0,0.0,0.0,0.0,0.0,0.0,0.0,0.0,0.0,0.0,0.0,0.0,0.0,7835.0,2.0,28728.0,6754.0,2.0,28741.0
41.25680431199726,0.0,0.0,0.0,0.0,0.0,0.0,0.0,0.0,0.0,0.0,0.0,0.0,0.0,7836.0,2.0,28748.0,6755.0,2.0,28761.0
41.27445823400922,0.0,0.0,0.0,0.0,0.0,0.0,0.0,0.0,0.0,0.0,0.0,0.0,0.0,7837.0,2.0,28768.0,6756.0,2.0,28771.0
41.38983437900606,0.0,0.0,0.0,0.0,0.0,0.0,0.0,0.0,0.0,0.0,0.0,0.0,0.0,7838.0,2.0,28788.0,6757.0,2.0,28801.0
41.39001622100477,0.0,0.0,0.0,0.0,0.0,0.0,0.0,0.0,0.0,0.0,0.0,0.0,0.0,7839.0,2.0,28808.0,6758.0,2.0,28821.0
41.39008492800349,0.0,0.0,0.0,0.0,0.0,0.0,0.0,0.0,0.0,0.0,0.0,0.0,0.0,7840.0,2.0,28828.0,6759.0,2.0,28841.0
41.390146493999055,0.0,0.0,0.0,0.0,0.0,0.0,0.0,0.0,0.0,0.0,0.0,0.0,0.0,7841.0,2.0,28848.0,6760.0,2.0,28860.0
41.39020616700873,0.0,0.0,0.0,0.0,0.0,0.0,0.0,0.0,0.0,0.0,0.0,0.0,0.0,7842.0,2.0,28868.0,6761.0,2.0,28871.0
41.3995409229974,0.0,0.0,0.0,0.0,0.0,0.0,0.0,0.0,0.0,0.0,0.0,0.0,0.0,7843.0,2.0,28888.0,6762.0,2.0,28901.0
41.417729086009786,0.0,0.0,0.0,0.0,0.0,0.0,0.0,0.0,0.0,0.0,0.0,0.0,0.0,7844.0,2.0,28908.0,6763.0,2.0,28921.0
41.438549205005984,0.0,0.0,0.0,0.0,0.0,0.0,0.0,0.0,0.0,0.0,0.0,0.0,0.0,7845.0,2.0,28928.0,6764.0,2.0,28940.0
41.46019989599881,0.0,0.0,0.0,0.0,0.0,0.0,0.0,0.0,0.0,0.0,0.0,0.0,0.0,7846.0,2.0,28948.0,6765.0,2.0,28961.0
41.46663242499926,0.0,0.0,0.0,0.0,0.0,0.0,0.0,0.0,0.0,0.0,0.0,0.0,0.0,7847.0,2.0,28968.0,6766.0,2.0,28971.0
41.609722225010046,0.0,0.0,0.0,0.0,0.0,0.0,0.0,0.0,0.0,0.0,0.0,0.0,0.0,7848.0,2.0,28988.0,6767.0,2.0,29001.0
41.60983903700253,0.0,0.0,0.0,0.0,0.0,0.0,0.0,0.0,0.0,0.0,0.0,0.0,0.0,7849.0,2.0,29008.0,6768.0,2.0,29021.0
41.60990540000785,0.0,0.0,0.0,0.0,0.0,0.0,0.0,0.0,0.0,0.0,0.0,0.0,0.0,7850.0,2.0,29028.0,6769.0,2.0,29041.0
41.60996576400066,0.0,0.0,0.0,0.0,0.0,0.0,0.0,0.0,0.0,0.0,0.0,0.0,0.0,7851.0,2.0,29048.0,6770.0,2.0,29061.0
41.61002064900822,0.0,0.0,0.0,0.0,0.0,0.0,0.0,0.0,0.0,0.0,0.0,0.0,0.0,7852.0,2.0,29068.0,6771.0,2.0,29072.0
41.610075775010046,0.0,0.0,0.0,0.0,0.0,0.0,0.0,0.0,0.0,0.0,0.0,0.0,0.0,7853.0,2.0,29088.0,6772.0,2.0,29091.0
41.61692949999997,0.0,0.0,0.0,0.0,0.0,0.0,0.0,0.0,0.0,0.0,0.0,0.0,0.0,7854.0,2.0,29108.0,6773.0,2.0,29121.0
41.63739434500167,0.0,0.0,0.0,0.0,0.0,0.0,0.0,0.0,0.0,0.0,0.0,0.0,0.0,7855.0,2.0,29128.0,6774.0,2.0,29141.0
41.65746865300753,0.0,0.0,0.0,0.0,0.0,0.0,0.0,0.0,0.0,0.0,0.0,0.0,0.0,7856.0,2.0,29148.0,6775.0,2.0,29161.0
41.66664624400437,0.0,0.0,0.0,0.0,0.0,0.0,0.0,0.0,0.0,0.0,0.0,0.0,0.0,7857.0,2.0,29168.0,6776.0,2.0,29171.0
41.69732876800117,0.0,0.0,0.0,0.0,0.0,0.0,0.0,0.0,0.0,0.0,0.0,0.0,0.0,7858.0,2.0,29188.0,6777.0,2.0,29201.0
41.79511925899715,0.0,0.0,0.0,0.0,0.0,0.0,0.0,0.0,0.0,0.0,0.0,0.0,0.0,7859.0,2.0,29208.0,6778.0,2.0,29221.0
41.82822543500515,0.0,0.0,0.0,0.0,0.0,0.0,0.0,0.0,0.0,0.0,0.0,0.0,0.0,7860.0,2.0,29228.0,6779.0,2.0,29241.0
41.82833196100546,0.0,0.0,0.0,0.0,0.0,0.0,0.0,0.0,0.0,0.0,0.0,0.0,0.0,7861.0,2.0,29248.0,6780.0,2.0,29261.0
41.8284863709996,0.0,0.0,0.0,0.0,0.0,0.0,0.0,0.0,0.0,0.0,0.0,0.0,0.0,7862.0,2.0,29268.0,6781.0,2.0,29270.0
41.82865224900888,0.0,0.0,0.0,0.0,0.0,0.0,0.0,0.0,0.0,0.0,0.0,0.0,0.0,7863.0,2.0,29288.0,6782.0,2.0,29301.0
41.828827671997715,0.0,0.0,0.0,0.0,0.0,0.0,0.0,0.0,0.0,0.0,0.0,0.0,0.0,7864.0,2.0,29308.0,6783.0,2.0,29321.0
41.839531368008466,0.0,0.0,0.0,0.0,0.0,0.0,0.0,0.0,0.0,0.0,0.0,0.0,0.0,7865.0,2.0,29328.0,6784.0,2.0,29343.0
41.84958434100554,0.0,0.0,0.0,0.0,0.0,0.0,0.0,0.0,0.0,0.0,0.0,0.0,0.0,7866.0,2.0,29349.0,6785.0,2.0,29350.0
41.869580016005784,0.0,0.0,0.0,0.0,0.0,0.0,0.0,0.0,0.0,0.0,0.0,0.0,0.0,7867.0,2.0,29368.0,6786.0,2.0,29371.0
41.89679365300981,0.0,0.0,0.0,0.0,0.0,0.0,0.0,0.0,0.0,0.0,0.0,0.0,0.0,7868.0,2.0,29388.0,6787.0,2.0,29401.0
41.91654158200254,0.0,0.0,0.0,0.0,0.0,0.0,0.0,0.0,0.0,0.0,0.0,0.0,0.0,7869.0,2.0,29408.0,6788.0,2.0,29421.0
42.34380900600809,0.0,0.0,0.0,0.0,0.0,0.0,0.0,0.0,0.0,0.0,0.0,0.0,0.0,7870.0,2.0,29428.0,6789.0,2.0,29441.0
42.34397542499937,0.0,0.0,0.0,0.0,0.0,0.0,0.0,0.0,0.0,0.0,0.0,0.0,0.0,7871.0,2.0,29448.0,6790.0,2.0,29461.0
42.34404932000325,0.0,0.0,0.0,0.0,0.0,0.0,0.0,0.0,0.0,0.0,0.0,0.0,0.0,7872.0,2.0,29468.0,6791.0,2.0,29471.0
42.344112799008144,0.0,0.0,0.0,0.0,0.0,0.0,0.0,0.0,0.0,0.0,0.0,0.0,0.0,7873.0,2.0,29488.0,6792.0,2.0,29501.0
42.34420449200843,0.0,0.0,0.0,0.0,0.0,0.0,0.0,0.0,0.0,0.0,0.0,0.0,0.0,7874.0,2.0,29508.0,6793.0,2.0,29520.0
42.34429344000819,0.0,0.0,0.0,0.0,0.0,0.0,0.0,0.0,0.0,0.0,0.0,0.0,0.0,7875.0,2.0,29528.0,6794.0,2.0,29541.0
42.344374016000074,0.0,0.0,0.0,0.0,0.0,0.0,0.0,0.0,0.0,0.0,0.0,0.0,0.0,7876.0,2.0,29548.0,6795.0,2.0,29561.0
42.34445175700239,0.0,0.0,0.0,0.0,0.0,0.0,0.0,0.0,0.0,0.0,0.0,0.0,0.0,7877.0,2.0,29568.0,6796.0,2.0,29572.0
42.344533534007496,0.0,0.0,0.0,0.0,0.0,0.0,0.0,0.0,0.0,0.0,0.0,0.0,0.0,7878.0,2.0,29588.0,6797.0,2.0,29591.0
42.34461740400002,0.0,0.0,0.0,0.0,0.0,0.0,0.0,0.0,0.0,0.0,0.0,0.0,0.0,7879.0,2.0,29608.0,6798.0,2.0,29611.0
42.34470310799952,0.0,0.0,0.0,0.0,0.0,0.0,0.0,0.0,0.0,0.0,0.0,0.0,0.0,7880.0,2.0,29628.0,6799.0,2.0,29641.0
42.3447847750067,0.0,0.0,0.0,0.0,0.0,0.0,0.0,0.0,0.0,0.0,0.0,0.0,0.0,7881.0,2.0,29648.0,6800.0,2.0,29661.0
42.34487029800948,0.0,0.0,0.0,0.0,0.0,0.0,0.0,0.0,0.0,0.0,0.0,0.0,0.0,7882.0,2.0,29668.0,6801.0,2.0,29671.0
42.344957453009556,0.0,0.0,0.0,0.0,0.0,0.0,0.0,0.0,0.0,0.0,0.0,0.0,0.0,7883.0,2.0,29688.0,6802.0,2.0,29701.0
42.34504808399652,0.0,0.0,0.0,0.0,0.0,0.0,0.0,0.0,0.0,0.0,0.0,0.0,0.0,7884.0,2.0,29708.0,6803.0,2.0,29721.0
42.345134789007716,0.0,0.0,0.0,0.0,0.0,0.0,0.0,0.0,0.0,0.0,0.0,0.0,0.0,7885.0,2.0,29728.0,6804.0,2.0,29741.0
42.345218198999646,0.0,0.0,0.0,0.0,0.0,0.0,0.0,0.0,0.0,0.0,0.0,0.0,0.0,7886.0,2.0,29748.0,6805.0,2.0,29761.0
42.345345667999936,0.0,0.0,0.0,0.0,0.0,0.0,0.0,0.0,0.0,0.0,0.0,0.0,0.0,7887.0,2.0,29768.0,6806.0,2.0,29770.0
42.34543342400866,0.0,0.0,0.0,0.0,0.0,0.0,0.0,0.0,0.0,0.0,0.0,0.0,0.0,7888.0,2.0,29788.0,6807.0,2.0,29801.0
42.34551686400664,0.0,0.0,0.0,0.0,0.0,0.0,0.0,0.0,0.0,0.0,0.0,0.0,0.0,7889.0,2.0,29808.0,6808.0,2.0,29821.0
42.34559822099982,0.0,0.0,0.0,0.0,0.0,0.0,0.0,0.0,0.0,0.0,0.0,0.0,0.0,7890.0,2.0,29828.0,6809.0,2.0,29841.0
42.356431318010436,0.0,0.0,0.0,0.0,0.0,0.0,0.0,0.0,0.0,0.0,0.0,0.0,0.0,7891.0,2.0,29848.0,6810.0,2.0,29861.0
42.36926778200723,0.0,0.0,0.0,0.0,0.0,0.0,0.0,0.0,0.0,0.0,0.0,0.0,0.0,7892.0,2.0,29868.0,6811.0,2.0,29871.0
42.39636773199891,0.0,0.0,0.0,0.0,0.0,0.0,0.0,0.0,0.0,0.0,0.0,0.0,0.0,7893.0,2.0,29888.0,6812.0,2.0,29901.0
42.41709402400011,0.0,0.0,0.0,0.0,0.0,0.0,0.0,0.0,0.0,0.0,0.0,0.0,0.0,7894.0,2.0,29908.0,6813.0,2.0,29921.0
42.43633819100796,0.0,0.0,0.0,0.0,0.0,0.0,0.0,0.0,0.0,0.0,0.0,0.0,0.0,7895.0,2.0,29928.0,6814.0,2.0,29941.0
42.85058095000568,0.0,0.0,0.0,0.0,0.0,0.0,0.0,0.0,0.0,0.0,0.0,0.0,0.0,7896.0,2.0,29948.0,6815.0,2.0,29961.0
42.851074789010454,0.0,0.0,0.0,0.0,0.0,0.0,0.0,0.0,0.0,0.0,0.0,0.0,0.0,7899.0,2.0,30008.0,6818.0,2.0,30021.0
42.851157306999085,0.0,0.0,0.0,0.0,0.0,0.0,0.0,0.0,0.0,0.0,0.0,0.0,0.0,7900.0,2.0,30028.0,6819.0,2.0,30041.0
42.85122358999797,0.0,0.0,0.0,0.0,0.0,0.0,0.0,0.0,0.0,0.0,0.0,0.0,0.0,7901.0,2.0,30048.0,6820.0,2.0,30061.0
42.85129032400437,0.0,0.0,0.0,0.0,0.0,0.0,0.0,0.0,0.0,0.0,0.0,0.0,0.0,7902.0,2.0,30068.0,6821.0,2.0,30072.0
42.85135530499974,0.0,0.0,0.0,0.0,0.0,0.0,0.0,0.0,0.0,0.0,0.0,0.0,0.0,7903.0,2.0,30088.0,6822.0,2.0,30091.0
42.851416019999306,0.0,0.0,0.0,0.0,0.0,0.0,0.0,0.0,0.0,0.0,0.0,0.0,0.0,7904.0,2.0,30108.0,6823.0,2.0,30121.0
42.85147548301029,0.0,0.0,0.0,0.0,0.0,0.0,0.0,0.0,0.0,0.0,0.0,0.0,0.0,7905.0,2.0,30128.0,6824.0,2.0,30141.0
42.8515353660041,0.0,0.0,0.0,0.0,0.0,0.0,0.0,0.0,0.0,0.0,0.0,0.0,0.0,7906.0,2.0,30148.0,6825.0,2.0,30161.0
42.85159243500675,0.0,0.0,0.0,0.0,0.0,0.0,0.0,0.0,0.0,0.0,0.0,0.0,0.0,7907.0,2.0,30168.0,6826.0,2.0,30171.0
42.85164956400695,0.0,0.0,0.0,0.0,0.0,0.0,0.0,0.0,0.0,0.0,0.0,0.0,0.0,7908.0,2.0,30188.0,6827.0,2.0,30201.0
42.85170823500084,0.0,0.0,0.0,0.0,0.0,0.0,0.0,0.0,0.0,0.0,0.0,0.0,0.0,7909.0,2.0,30208.0,6828.0,2.0,30221.0
42.8517643219966,0.0,0.0,0.0,0.0,0.0,0.0,0.0,0.0,0.0,0.0,0.0,0.0,0.0,7910.0,2.0,30228.0,6829.0,2.0,30241.0
42.85182159100077,0.0,0.0,0.0,0.0,0.0,0.0,0.0,0.0,0.0,0.0,0.0,0.0,0.0,7911.0,2.0,30248.0,6830.0,2.0,30261.0
42.851878419998684,0.0,0.0,0.0,0.0,0.0,0.0,0.0,0.0,0.0,0.0,0.0,0.0,0.0,7912.0,2.0,30268.0,6831.0,2.0,30271.0
42.85194295999827,0.0,0.0,0.0,0.0,0.0,0.0,0.0,0.0,0.0,0.0,0.0,0.0,0.0,7913.0,2.0,30288.0,6832.0,2.0,30301.0
42.85200032001012,0.0,0.0,0.0,0.0,0.0,0.0,0.0,0.0,0.0,0.0,0.0,0.0,0.0,7914.0,2.0,30308.0,6833.0,2.0,30321.0
42.852057058000355,0.0,0.0,0.0,0.0,0.0,0.0,0.0,0.0,0.0,0.0,0.0,0.0,0.0,7915.0,2.0,30328.0,6834.0,2.0,30341.0
42.85652182000922,0.0,0.0,0.0,0.0,0.0,0.0,0.0,0.0,0.0,0.0,0.0,0.0,0.0,7916.0,2.0,30348.0,6835.0,2.0,30361.0
42.86612142800004,0.0,0.0,0.0,0.0,0.0,0.0,0.0,0.0,0.0,0.0,0.0,0.0,0.0,7917.0,2.0,30368.0,6836.0,2.0,30371.0
42.897757009006455,0.0,0.0,0.0,0.0,0.0,0.0,0.0,0.0,0.0,0.0,0.0,0.0,0.0,7918.0,2.0,30388.0,6837.0,2.0,30401.0
42.9169015790103,0.0,0.0,0.0,0.0,0.0,0.0,0.0,0.0,0.0,0.0,0.0,0.0,0.0,7919.0,2.0,30408.0,6838.0,2.0,30421.0
42.937070475003566,0.0,0.0,0.0,0.0,0.0,0.0,0.0,0.0,0.0,0.0,0.0,0.0,0.0,7920.0,2.0,30428.0,6839.0,2.0,30441.0
43.361295237002196,0.0,0.0,0.0,0.0,0.0,0.0,0.0,0.0,0.0,0.0,0.0,0.0,0.0,7921.0,2.0,30448.0,6840.0,2.0,30461.0
43.36170890100766,0.0,0.0,0.0,0.0,0.0,0.0,0.0,0.0,0.0,0.0,0.0,0.0,0.0,7922.0,2.0,30468.0,6841.0,2.0,30471.0
43.36178036199999,0.0,0.0,0.0,0.0,0.0,0.0,0.0,0.0,0.0,0.0,0.0,0.0,0.0,7923.0,2.0,30488.0,6842.0,2.0,30491.0
43.36184103699634,0.0,0.0,0.0,0.0,0.0,0.0,0.0,0.0,0.0,0.0,0.0,0.0,0.0,7924.0,2.0,30508.0,6843.0,2.0,30521.0
43.361901381009375,0.0,0.0,0.0,0.0,0.0,0.0,0.0,0.0,0.0,0.0,0.0,0.0,0.0,7925.0,2.0,30528.0,6844.0,2.0,30541.0
43.361959151006886,0.0,0.0,0.0,0.0,0.0,0.0,0.0,0.0,0.0,0.0,0.0,0.0,0.0,7926.0,2.0,30548.0,6845.0,2.0,30561.0
43.36201585900562,0.0,0.0,0.0,0.0,0.0,0.0,0.0,0.0,0.0,0.0,0.0,0.0,0.0,7927.0,2.0,30568.0,6846.0,2.0,30573.0
43.36207445000764,0.0,0.0,0.0,0.0,0.0,0.0,0.0,0.0,0.0,0.0,0.0,0.0,0.0,7928.0,2.0,30588.0,6847.0,2.0,30591.0
43.36213269100699,0.0,0.0,0.0,0.0,0.0,0.0,0.0,0.0,0.0,0.0,0.0,0.0,0.0,7929.0,2.0,30608.0,6848.0,2.0,30621.0
43.36219059099676,0.0,0.0,0.0,0.0,0.0,0.0,0.0,0.0,0.0,0.0,0.0,0.0,0.0,7930.0,2.0,30628.0,6849.0,2.0,30641.0
43.36224848100392,0.0,0.0,0.0,0.0,0.0,0.0,0.0,0.0,0.0,0.0,0.0,0.0,0.0,7931.0,2.0,30648.0,6850.0,2.0,30661.0
43.362417504002224,0.0,0.0,0.0,0.0,0.0,0.0,0.0,0.0,0.0,0.0,0.0,0.0,0.0,7932.0,2.0,30668.0,6851.0,2.0,30671.0
43.362576272003935,0.0,0.0,0.0,0.0,0.0,0.0,0.0,0.0,0.0,0.0,0.0,0.0,0.0,7933.0,2.0,30688.0,6852.0,2.0,30701.0
43.36352159400121,0.0,0.0,0.0,0.0,0.0,0.0,0.0,0.0,0.0,0.0,0.0,0.0,0.0,7934.0,2.0,30708.0,6853.0,2.0,30721.0
43.363613346999045,0.0,0.0,0.0,0.0,0.0,0.0,0.0,0.0,0.0,0.0,0.0,0.0,0.0,7935.0,2.0,30728.0,6854.0,2.0,30741.0
43.363704458010034,0.0,0.0,0.0,0.0,0.0,0.0,0.0,0.0,0.0,0.0,0.0,0.0,0.0,7936.0,2.0,30748.0,6855.0,2.0,30761.0
43.36379721300909,0.0,0.0,0.0,0.0,0.0,0.0,0.0,0.0,0.0,0.0,0.0,0.0,0.0,7937.0,2.0,30768.0,6856.0,2.0,30771.0
43.36388305600849,0.0,0.0,0.0,0.0,0.0,0.0,0.0,0.0,0.0,0.0,0.0,0.0,0.0,7938.0,2.0,30788.0,6857.0,2.0,30801.0
43.363967869008775,0.0,0.0,0.0,0.0,0.0,0.0,0.0,0.0,0.0,0.0,0.0,0.0,0.0,7939.0,2.0,30808.0,6858.0,2.0,30821.0
43.36405229000957,0.0,0.0,0.0,0.0,0.0,0.0,0.0,0.0,0.0,0.0,0.0,0.0,0.0,7940.0,2.0,30828.0,6859.0,2.0,30841.0
43.36414724800852,0.0,0.0,0.0,0.0,0.0,0.0,0.0,0.0,0.0,0.0,0.0,0.0,0.0,7941.0,2.0,30848.0,6860.0,2.0,30861.0
43.36958974300069,0.0,0.0,0.0,0.0,0.0,0.0,0.0,0.0,0.0,0.0,0.0,0.0,0.0,7942.0,2.0,30868.0,6861.0,2.0,30870.0
43.39631442600512,0.0,0.0,0.0,0.0,0.0,0.0,0.0,0.0,0.0,0.0,0.0,0.0,0.0,7943.0,2.0,30888.0,6862.0,2.0,30901.0
43.415741607008385,0.0,0.0,0.0,0.0,0.0,0.0,0.0,0.0,0.0,0.0,0.0,0.0,0.0,7944.0,2.0,30908.0,6863.0,2.0,30921.0
43.43628185200214,0.0,0.0,0.0,0.0,0.0,0.0,0.0,0.0,0.0,0.0,0.0,0.0,0.0,7945.0,2.0,30928.0,6864.0,2.0,30941.0
43.45694798300974,0.0,0.0,0.0,0.0,0.0,0.0,0.0,0.0,0.0,0.0,0.0,0.0,0.0,7946.0,2.0,30948.0,6865.0,2.0,30961.0
43.869516694001504,0.0,0.0,0.0,0.0,0.0,0.0,0.0,0.0,0.0,0.0,0.0,0.0,0.0,7947.0,2.0,30968.0,6866.0,2.0,30971.0
43.869661039003404,0.0,0.0,0.0,0.0,0.0,0.0,0.0,0.0,0.0,0.0,0.0,0.0,0.0,7948.0,2.0,30988.0,6867.0,2.0,31001.0
43.86972885399882,0.0,0.0,0.0,0.0,0.0,0.0,0.0,0.0,0.0,0.0,0.0,0.0,0.0,7949.0,2.0,31008.0,6868.0,2.0,31021.0
43.86980013499851,0.0,0.0,0.0,0.0,0.0,0.0,0.0,0.0,0.0,0.0,0.0,0.0,0.0,7950.0,2.0,31028.0,6869.0,2.0,31041.0
43.869857675003004,0.0,0.0,0.0,0.0,0.0,0.0,0.0,0.0,0.0,0.0,0.0,0.0,0.0,7951.0,2.0,31048.0,6870.0,2.0,31061.0
43.86993725900538,0.0,0.0,0.0,0.0,0.0,0.0,0.0,0.0,0.0,0.0,0.0,0.0,0.0,7952.0,2.0,31068.0,6871.0,2.0,31072.0
43.86999186400499,0.0,0.0,0.0,0.0,0.0,0.0,0.0,0.0,0.0,0.0,0.0,0.0,0.0,7953.0,2.0,31088.0,6872.0,2.0,31091.0
43.870068894000724,0.0,0.0,0.0,0.0,0.0,0.0,0.0,0.0,0.0,0.0,0.0,0.0,0.0,7954.0,2.0,31108.0,6873.0,2.0,31121.0
43.87014515300689,0.0,0.0,0.0,0.0,0.0,0.0,0.0,0.0,0.0,0.0,0.0,0.0,0.0,7955.0,2.0,31128.0,6874.0,2.0,31141.0
43.870232718996704,0.0,0.0,0.0,0.0,0.0,0.0,0.0,0.0,0.0,0.0,0.0,0.0,0.0,7956.0,2.0,31148.0,6875.0,2.0,31161.0
43.870324973002425,0.0,0.0,0.0,0.0,0.0,0.0,0.0,0.0,0.0,0.0,0.0,0.0,0.0,7957.0,2.0,31168.0,6876.0,2.0,31171.0
43.87041023600614,0.0,0.0,0.0,0.0,0.0,0.0,0.0,0.0,0.0,0.0,0.0,0.0,0.0,7958.0,2.0,31188.0,6877.0,2.0,31201.0
43.870490211003926,0.0,0.0,0.0,0.0,0.0,0.0,0.0,0.0,0.0,0.0,0.0,0.0,0.0,7959.0,2.0,31208.0,6878.0,2.0,31221.0
43.870574482003576,0.0,0.0,0.0,0.0,0.0,0.0,0.0,0.0,0.0,0.0,0.0,0.0,0.0,7960.0,2.0,31228.0,6879.0,2.0,31241.0
43.8708080159995,0.0,0.0,0.0,0.0,0.0,0.0,0.0,0.0,0.0,0.0,0.0,0.0,0.0,7961.0,2.0,31248.0,6880.0,2.0,31261.0
43.87090745099704,0.0,0.0,0.0,0.0,0.0,0.0,0.0,0.0,0.0,0.0,0.0,0.0,0.0,7962.0,2.0,31268.0,6881.0,2.0,31271.0
43.87099287399906,0.0,0.0,0.0,0.0,0.0,0.0,0.0,0.0,0.0,0.0,0.0,0.0,0.0,7963.0,2.0,31288.0,6882.0,2.0,31301.0
43.87107664400537,0.0,0.0,0.0,0.0,0.0,0.0,0.0,0.0,0.0,0.0,0.0,0.0,0.0,7964.0,2.0,31308.0,6883.0,2.0,31321.0
43.88152627700765,0.0,0.0,0.0,0.0,0.0,0.0,0.0,0.0,0.0,0.0,0.0,0.0,0.0,7967.0,2.0,31368.0,6884.0,2.0,31387.0
43.88937125999655,0.0,0.0,0.0,0.0,0.0,0.0,0.0,0.0,0.0,0.0,0.0,0.0,0.0,7968.0,2.0,31388.0,6885.0,2.0,31394.0
43.91747067400138,0.0,0.0,0.0,0.0,0.0,0.0,0.0,0.0,0.0,0.0,0.0,0.0,0.0,7969.0,2.0,31408.0,6886.0,2.0,31420.0
43.93759809600306,0.0,0.0,0.0,0.0,0.0,0.0,0.0,0.0,0.0,0.0,0.0,0.0,0.0,7970.0,2.0,31428.0,6887.0,2.0,31441.0
43.95875046499714,0.0,0.0,0.0,0.0,0.0,0.0,0.0,0.0,0.0,0.0,0.0,0.0,0.0,7971.0,2.0,31448.0,6888.0,2.0,31461.0
44.379839632005314,0.0,0.0,0.0,0.0,0.0,0.0,0.0,0.0,0.0,0.0,0.0,0.0,0.0,7972.0,2.0,31468.0,6889.0,2.0,31481.0
44.38024403199961,0.0,0.0,0.0,0.0,0.0,0.0,0.0,0.0,0.0,0.0,0.0,0.0,0.0,7976.0,2.0,31548.0,6893.0,2.0,31561.0
44.38038837700151,0.0,0.0,0.0,0.0,0.0,0.0,0.0,0.0,0.0,0.0,0.0,0.0,0.0,7978.0,2.0,31588.0,6895.0,2.0,31601.0
44.38044880100642,0.0,0.0,0.0,0.0,0.0,0.0,0.0,0.0,0.0,0.0,0.0,0.0,0.0,7979.0,2.0,31608.0,6896.0,2.0,31611.0
44.380505449007615,0.0,0.0,0.0,0.0,0.0,0.0,0.0,0.0,0.0,0.0,0.0,0.0,0.0,7980.0,2.0,31628.0,6897.0,2.0,31641.0
44.380561445999774,0.0,0.0,0.0,0.0,0.0,0.0,0.0,0.0,0.0,0.0,0.0,0.0,0.0,7981.0,2.0,31648.0,6898.0,2.0,31661.0
44.38061616200139,0.0,0.0,0.0,0.0,0.0,0.0,0.0,0.0,0.0,0.0,0.0,0.0,0.0,7982.0,2.0,31668.0,6899.0,2.0,31681.0
44.38067029599915,0.0,0.0,0.0,0.0,0.0,0.0,0.0,0.0,0.0,0.0,0.0,0.0,0.0,7983.0,2.0,31688.0,6900.0,2.0,31701.0
44.380724230009946,0.0,0.0,0.0,0.0,0.0,0.0,0.0,0.0,0.0,0.0,0.0,0.0,0.0,7984.0,2.0,31708.0,6901.0,2.0,31711.0
44.38077815400902,0.0,0.0,0.0,0.0,0.0,0.0,0.0,0.0,0.0,0.0,0.0,0.0,0.0,7985.0,2.0,31728.0,6902.0,2.0,31741.0
44.3808311370085,0.0,0.0,0.0,0.0,0.0,0.0,0.0,0.0,0.0,0.0,0.0,0.0,0.0,7986.0,2.0,31748.0,6903.0,2.0,31761.0
44.38088449000497,0.0,0.0,0.0,0.0,0.0,0.0,0.0,0.0,0.0,0.0,0.0,0.0,0.0,7987.0,2.0,31768.0,6904.0,2.0,31781.0
44.38093585999741,0.0,0.0,0.0,0.0,0.0,0.0,0.0,0.0,0.0,0.0,0.0,0.0,0.0,7988.0,2.0,31788.0,6905.0,2.0,31801.0
44.38098734000232,0.0,0.0,0.0,0.0,0.0,0.0,0.0,0.0,0.0,0.0,0.0,0.0,0.0,7989.0,2.0,31808.0,6906.0,2.0,31810.0
44.3810388300044,0.0,0.0,0.0,0.0,0.0,0.0,0.0,0.0,0.0,0.0,0.0,0.0,0.0,7990.0,2.0,31828.0,6907.0,2.0,31841.0
44.38109032000648,0.0,0.0,0.0,0.0,0.0,0.0,0.0,0.0,0.0,0.0,0.0,0.0,0.0,7991.0,2.0,31848.0,6908.0,2.0,31861.0
44.3811422209983,0.0,0.0,0.0,0.0,0.0,0.0,0.0,0.0,0.0,0.0,0.0,0.0,0.0,7992.0,2.0,31868.0,6909.0,2.0,31881.0
44.395662476003054,0.0,0.0,0.0,0.0,0.0,0.0,0.0,0.0,0.0,0.0,0.0,0.0,0.0,7993.0,2.0,31888.0,6910.0,2.0,31901.0
44.40675819500757,0.0,0.0,0.0,0.0,0.0,0.0,0.0,0.0,0.0,0.0,0.0,0.0,0.0,7994.0,2.0,31908.0,6911.0,2.0,31911.0
44.43640454999695,0.0,0.0,0.0,0.0,0.0,0.0,0.0,0.0,0.0,0.0,0.0,0.0,0.0,7995.0,2.0,31928.0,6912.0,2.0,31940.0
44.45531771000242,0.0,0.0,0.0,0.0,0.0,0.0,0.0,0.0,0.0,0.0,0.0,0.0,0.0,7996.0,2.0,31948.0,6913.0,2.0,31961.0
44.476173638002365,0.0,0.0,0.0,0.0,0.0,0.0,0.0,0.0,0.0,0.0,0.0,0.0,0.0,7997.0,2.0,31968.0,6914.0,2.0,31982.0
44.88855516399781,0.0,0.0,0.0,0.0,0.0,0.0,0.0,0.0,0.0,0.0,0.0,0.0,0.0,7998.0,2.0,31988.0,6915.0,2.0,32001.0
44.88868841200019,0.0,0.0,0.0,0.0,0.0,0.0,0.0,0.0,0.0,0.0,0.0,0.0,0.0,7999.0,2.0,32008.0,6916.0,2.0,32011.0
44.88875502599694,0.0,0.0,0.0,0.0,0.0,0.0,0.0,0.0,0.0,0.0,0.0,0.0,0.0,8000.0,2.0,32028.0,6917.0,2.0,32041.0
44.88881309599674,0.0,0.0,0.0,0.0,0.0,0.0,0.0,0.0,0.0,0.0,0.0,0.0,0.0,8001.0,2.0,32048.0,6918.0,2.0,32061.0
44.88886792201083,0.0,0.0,0.0,0.0,0.0,0.0,0.0,0.0,0.0,0.0,0.0,0.0,0.0,8002.0,2.0,32068.0,6919.0,2.0,32081.0
44.88892289700743,0.0,0.0,0.0,0.0,0.0,0.0,0.0,0.0,0.0,0.0,0.0,0.0,0.0,8003.0,2.0,32088.0,6920.0,2.0,32101.0
44.888977092006826,0.0,0.0,0.0,0.0,0.0,0.0,0.0,0.0,0.0,0.0,0.0,0.0,0.0,8004.0,2.0,32108.0,6921.0,2.0,32111.0
44.889030695005204,0.0,0.0,0.0,0.0,0.0,0.0,0.0,0.0,0.0,0.0,0.0,0.0,0.0,8005.0,2.0,32128.0,6922.0,2.0,32141.0
44.88908331800485,0.0,0.0,0.0,0.0,0.0,0.0,0.0,0.0,0.0,0.0,0.0,0.0,0.0,8006.0,2.0,32148.0,6923.0,2.0,32161.0
44.889136350000626,0.0,0.0,0.0,0.0,0.0,0.0,0.0,0.0,0.0,0.0,0.0,0.0,0.0,8007.0,2.0,32168.0,6924.0,2.0,32181.0
44.88918853200448,0.0,0.0,0.0,0.0,0.0,0.0,0.0,0.0,0.0,0.0,0.0,0.0,0.0,8008.0,2.0,32188.0,6925.0,2.0,32201.0
44.88927125099872,0.0,0.0,0.0,0.0,0.0,0.0,0.0,0.0,0.0,0.0,0.0,0.0,0.0,8009.0,2.0,32208.0,6926.0,2.0,32211.0
44.88935087500431,0.0,0.0,0.0,0.0,0.0,0.0,0.0,0.0,0.0,0.0,0.0,0.0,0.0,8010.0,2.0,32228.0,6927.0,2.0,32240.0
44.88943361400743,0.0,0.0,0.0,0.0,0.0,0.0,0.0,0.0,0.0,0.0,0.0,0.0,0.0,8011.0,2.0,32248.0,6928.0,2.0,32261.0
44.88951211600215,0.0,0.0,0.0,0.0,0.0,0.0,0.0,0.0,0.0,0.0,0.0,0.0,0.0,8012.0,2.0,32268.0,6929.0,2.0,32281.0
44.88960487100121,0.0,0.0,0.0,0.0,0.0,0.0,0.0,0.0,0.0,0.0,0.0,0.0,0.0,8013.0,2.0,32288.0,6930.0,2.0,32301.0
44.88970538700232,0.0,0.0,0.0,0.0,0.0,0.0,0.0,0.0,0.0,0.0,0.0,0.0,0.0,8014.0,2.0,32308.0,6931.0,2.0,32311.0
44.88978309900267,0.0,0.0,0.0,0.0,0.0,0.0,0.0,0.0,0.0,0.0,0.0,0.0,0.0,8015.0,2.0,32328.0,6932.0,2.0,32341.0
44.89001765400462,0.0,0.0,0.0,0.0,0.0,0.0,0.0,0.0,0.0,0.0,0.0,0.0,0.0,8016.0,2.0,32348.0,6933.0,2.0,32361.0
44.890095095004654,0.0,0.0,0.0,0.0,0.0,0.0,0.0,0.0,0.0,0.0,0.0,0.0,0.0,8017.0,2.0,32368.0,6934.0,2.0,32381.0
44.897759686005884,0.0,0.0,0.0,0.0,0.0,0.0,0.0,0.0,0.0,0.0,0.0,0.0,0.0,8018.0,2.0,32388.0,6935.0,2.0,32401.0
44.906126631001825,0.0,0.0,0.0,0.0,0.0,0.0,0.0,0.0,0.0,0.0,0.0,0.0,0.0,8019.0,2.0,32408.0,6936.0,2.0,32411.0
44.93796860901057,0.0,0.0,0.0,0.0,0.0,0.0,0.0,0.0,0.0,0.0,0.0,0.0,0.0,8020.0,2.0,32428.0,6937.0,2.0,32441.0
44.966574140999,0.0,0.0,0.0,0.0,0.0,0.0,0.0,0.0,0.0,0.0,0.0,0.0,0.0,8021.0,2.0,32448.0,6938.0,2.0,32461.0
44.97528865899949,0.0,0.0,0.0,0.0,0.0,0.0,0.0,0.0,0.0,0.0,0.0,0.0,0.0,8022.0,2.0,32468.0,6939.0,2.0,32481.0
45.40061350600445,0.0,0.0,0.0,0.0,0.0,0.0,0.0,0.0,0.0,0.0,0.0,0.0,0.0,8034.0,2.0,32708.0,6951.0,2.0,32711.0
45.40074270700279,0.0,0.0,0.0,0.0,0.0,0.0,0.0,0.0,0.0,0.0,0.0,0.0,0.0,8035.0,2.0,32728.0,6952.0,2.0,32741.0
45.40080980199855,0.0,0.0,0.0,0.0,0.0,0.0,0.0,0.0,0.0,0.0,0.0,0.0,0.0,8036.0,2.0,32748.0,6953.0,2.0,32761.0
45.40086890400562,0.0,0.0,0.0,0.0,0.0,0.0,0.0,0.0,0.0,0.0,0.0,0.0,0.0,8037.0,2.0,32768.0,6954.0,2.0,32781.0
45.40092498200829,0.0,0.0,0.0,0.0,0.0,0.0,0.0,0.0,0.0,0.0,0.0,0.0,0.0,8038.0,2.0,32788.0,6955.0,2.0,32801.0
45.40098272199975,0.0,0.0,0.0,0.0,0.0,0.0,0.0,0.0,0.0,0.0,0.0,0.0,0.0,8039.0,2.0,32808.0,6956.0,2.0,32811.0
45.401056326008984,0.0,0.0,0.0,0.0,0.0,0.0,0.0,0.0,0.0,0.0,0.0,0.0,0.0,8040.0,2.0,32828.0,6957.0,2.0,32841.0
45.40111433700076,0.0,0.0,0.0,0.0,0.0,0.0,0.0,0.0,0.0,0.0,0.0,0.0,0.0,8041.0,2.0,32848.0,6958.0,2.0,32861.0
45.40116944300826,0.0,0.0,0.0,0.0,0.0,0.0,0.0,0.0,0.0,0.0,0.0,0.0,0.0,8042.0,2.0,32868.0,6959.0,2.0,32881.0
45.40123099900666,0.0,0.0,0.0,0.0,0.0,0.0,0.0,0.0,0.0,0.0,0.0,0.0,0.0,8043.0,2.0,32888.0,6960.0,2.0,32901.0
45.405506584997056,0.0,0.0,0.0,0.0,0.0,0.0,0.0,0.0,0.0,0.0,0.0,0.0,0.0,8044.0,2.0,32908.0,6961.0,2.0,32910.0
45.44993873900967,0.0,0.0,0.0,0.0,0.0,0.0,0.0,0.0,0.0,0.0,0.0,0.0,0.0,8045.0,2.0,32928.0,6962.0,2.0,32941.0
45.45509743801085,0.0,0.0,0.0,0.0,0.0,0.0,0.0,0.0,0.0,0.0,0.0,0.0,0.0,8046.0,2.0,32948.0,6963.0,2.0,32961.0
45.476667852999526,0.0,0.0,0.0,0.0,0.0,0.0,0.0,0.0,0.0,0.0,0.0,0.0,0.0,8047.0,2.0,32968.0,6964.0,2.0,32981.0
45.49610672199924,0.0,0.0,0.0,0.0,0.0,0.0,0.0,0.0,0.0,0.0,0.0,0.0,0.0,8048.0,2.0,32988.0,6965.0,2.0,33001.0
45.90731760600465,0.0,0.0,0.0,0.0,0.0,0.0,0.0,0.0,0.0,0.0,0.0,0.0,0.0,8049.0,2.0,33009.0,6966.0,2.0,33010.0
45.90747675400053,0.0,0.0,0.0,0.0,0.0,0.0,0.0,0.0,0.0,0.0,0.0,0.0,0.0,8050.0,2.0,33028.0,6967.0,2.0,33040.0
45.90759427699959,0.0,0.0,0.0,0.0,0.0,0.0,0.0,0.0,0.0,0.0,0.0,0.0,0.0,8051.0,2.0,33048.0,6968.0,2.0,33061.0
45.90772970899707,0.0,0.0,0.0,0.0,0.0,0.0,0.0,0.0,0.0,0.0,0.0,0.0,0.0,8052.0,2.0,33068.0,6969.0,2.0,33081.0
45.90780500600522,0.0,0.0,0.0,0.0,0.0,0.0,0.0,0.0,0.0,0.0,0.0,0.0,0.0,8053.0,2.0,33088.0,6970.0,2.0,33102.0
45.90801716700662,0.0,0.0,0.0,0.0,0.0,0.0,0.0,0.0,0.0,0.0,0.0,0.0,0.0,8054.0,2.0,33109.0,6971.0,2.0,33112.0
45.90810973099724,0.0,0.0,0.0,0.0,0.0,0.0,0.0,0.0,0.0,0.0,0.0,0.0,0.0,8055.0,2.0,33128.0,6972.0,2.0,33131.0
45.90819962200476,0.0,0.0,0.0,0.0,0.0,0.0,0.0,0.0,0.0,0.0,0.0,0.0,0.0,8056.0,2.0,33148.0,6973.0,2.0,33161.0
45.90831680499832,0.0,0.0,0.0,0.0,0.0,0.0,0.0,0.0,0.0,0.0,0.0,0.0,0.0,8057.0,2.0,33168.0,6974.0,2.0,33181.0
45.908468391004135,0.0,0.0,0.0,0.0,0.0,0.0,0.0,0.0,0.0,0.0,0.0,0.0,0.0,8058.0,2.0,33188.0,6975.0,2.0,33201.0
45.90854085399769,0.0,0.0,0.0,0.0,0.0,0.0,0.0,0.0,0.0,0.0,0.0,0.0,0.0,8059.0,2.0,33208.0,6976.0,2.0,33211.0
45.90860183900804,0.0,0.0,0.0,0.0,0.0,0.0,0.0,0.0,0.0,0.0,0.0,0.0,0.0,8060.0,2.0,33228.0,6977.0,2.0,33241.0
45.90865773700352,0.0,0.0,0.0,0.0,0.0,0.0,0.0,0.0,0.0,0.0,0.0,0.0,0.0,8061.0,2.0,33248.0,6978.0,2.0,33261.0
45.908855335001135,0.0,0.0,0.0,0.0,0.0,0.0,0.0,0.0,0.0,0.0,0.0,0.0,0.0,8062.0,2.0,33268.0,6979.0,2.0,33281.0
45.90893553000933,0.0,0.0,0.0,0.0,0.0,0.0,0.0,0.0,0.0,0.0,0.0,0.0,0.0,8063.0,2.0,33288.0,6980.0,2.0,33301.0
45.90903518500272,0.0,0.0,0.0,0.0,0.0,0.0,0.0,0.0,0.0,0.0,0.0,0.0,0.0,8064.0,2.0,33308.0,6981.0,2.0,33312.0
45.90912147999916,0.0,0.0,0.0,0.0,0.0,0.0,0.0,0.0,0.0,0.0,0.0,0.0,0.0,8065.0,2.0,33328.0,6982.0,2.0,33331.0
45.919739447010215,0.0,0.0,0.0,0.0,0.0,0.0,0.0,0.0,0.0,0.0,0.0,0.0,0.0,8069.0,2.0,33408.0,6983.0,2.0,33425.0
45.92766131600365,0.0,0.0,0.0,0.0,0.0,0.0,0.0,0.0,0.0,0.0,0.0,0.0,0.0,8070.0,2.0,33428.0,6984.0,2.0,33432.0
45.94587170900195,0.0,0.0,0.0,0.0,0.0,0.0,0.0,0.0,0.0,0.0,0.0,0.0,0.0,8071.0,2.0,33448.0,6985.0,2.0,33451.0
45.97569872600434,0.0,0.0,0.0,0.0,0.0,0.0,0.0,0.0,0.0,0.0,0.0,0.0,0.0,8072.0,2.0,33468.0,6986.0,2.0,33481.0
45.9955141130049,0.0,0.0,0.0,0.0,0.0,0.0,0.0,0.0,0.0,0.0,0.0,0.0,0.0,8073.0,2.0,33488.0,6987.0,2.0,33501.0
46.42306660300528,0.0,0.0,0.0,0.0,0.0,0.0,0.0,0.0,0.0,0.0,0.0,0.0,0.0,8085.0,2.0,33728.0,6999.0,2.0,33741.0
46.42353459300648,0.0,0.0,0.0,0.0,0.0,0.0,0.0,0.0,0.0,0.0,0.0,0.0,0.0,8086.0,2.0,33748.0,7000.0,2.0,33761.0
46.42368965499918,0.0,0.0,0.0,0.0,0.0,0.0,0.0,0.0,0.0,0.0,0.0,0.0,0.0,8087.0,2.0,33768.0,7001.0,2.0,33771.0
46.42374831699999,0.0,0.0,0.0,0.0,0.0,0.0,0.0,0.0,0.0,0.0,0.0,0.0,0.0,8088.0,2.0,33788.0,7002.0,2.0,33801.0
46.423805276004714,0.0,0.0,0.0,0.0,0.0,0.0,0.0,0.0,0.0,0.0,0.0,0.0,0.0,8089.0,2.0,33808.0,7003.0,2.0,33820.0
46.42386108300707,0.0,0.0,0.0,0.0,0.0,0.0,0.0,0.0,0.0,0.0,0.0,0.0,0.0,8090.0,2.0,33828.0,7004.0,2.0,33841.0
46.423914616010734,0.0,0.0,0.0,0.0,0.0,0.0,0.0,0.0,0.0,0.0,0.0,0.0,0.0,8091.0,2.0,33848.0,7005.0,2.0,33861.0
46.42396754900983,0.0,0.0,0.0,0.0,0.0,0.0,0.0,0.0,0.0,0.0,0.0,0.0,0.0,8092.0,2.0,33868.0,7006.0,2.0,33871.0
46.42401990100916,0.0,0.0,0.0,0.0,0.0,0.0,0.0,0.0,0.0,0.0,0.0,0.0,0.0,8093.0,2.0,33888.0,7007.0,2.0,33901.0
46.424079924006946,0.0,0.0,0.0,0.0,0.0,0.0,0.0,0.0,0.0,0.0,0.0,0.0,0.0,8094.0,2.0,33908.0,7008.0,2.0,33921.0
46.424755006999476,0.0,0.0,0.0,0.0,0.0,0.0,0.0,0.0,0.0,0.0,0.0,0.0,0.0,8095.0,2.0,33928.0,7009.0,2.0,33931.0
46.46065697900485,0.0,0.0,0.0,0.0,0.0,0.0,0.0,0.0,0.0,0.0,0.0,0.0,0.0,8096.0,2.0,33948.0,7010.0,2.0,33961.0
46.46421243000077,0.0,0.0,0.0,0.0,0.0,0.0,0.0,0.0,0.0,0.0,0.0,0.0,0.0,8097.0,2.0,33969.0,7011.0,2.0,33970.0
46.49537693599996,0.0,0.0,0.0,0.0,0.0,0.0,0.0,0.0,0.0,0.0,0.0,0.0,0.0,8098.0,2.0,33988.0,7012.0,2.0,34001.0
46.51799623000261,0.0,0.0,0.0,0.0,0.0,0.0,0.0,0.0,0.0,0.0,0.0,0.0,0.0,8099.0,2.0,34008.0,7013.0,2.0,34021.0
46.93377813301049,0.0,0.0,0.0,0.0,0.0,0.0,0.0,0.0,0.0,0.0,0.0,0.0,0.0,8100.0,2.0,34028.0,7014.0,2.0,34041.0
46.933942810006556,0.0,0.0,0.0,0.0,0.0,0.0,0.0,0.0,0.0,0.0,0.0,0.0,0.0,8101.0,2.0,34048.0,7015.0,2.0,34061.0
46.93401327000174,0.0,0.0,0.0,0.0,0.0,0.0,0.0,0.0,0.0,0.0,0.0,0.0,0.0,8102.0,2.0,34068.0,7016.0,2.0,34074.0
46.93407548700634,0.0,0.0,0.0,0.0,0.0,0.0,0.0,0.0,0.0,0.0,0.0,0.0,0.0,8103.0,2.0,34088.0,7017.0,2.0,34091.0
46.93413218599744,0.0,0.0,0.0,0.0,0.0,0.0,0.0,0.0,0.0,0.0,0.0,0.0,0.0,8104.0,2.0,34108.0,7018.0,2.0,34121.0
46.93418864400883,0.0,0.0,0.0,0.0,0.0,0.0,0.0,0.0,0.0,0.0,0.0,0.0,0.0,8105.0,2.0,34128.0,7019.0,2.0,34141.0
46.93424480200338,0.0,0.0,0.0,0.0,0.0,0.0,0.0,0.0,0.0,0.0,0.0,0.0,0.0,8106.0,2.0,34148.0,7020.0,2.0,34161.0
46.93431653401058,0.0,0.0,0.0,0.0,0.0,0.0,0.0,0.0,0.0,0.0,0.0,0.0,0.0,8107.0,2.0,34168.0,7021.0,2.0,34171.0
46.93437335200724,0.0,0.0,0.0,0.0,0.0,0.0,0.0,0.0,0.0,0.0,0.0,0.0,0.0,8108.0,2.0,34188.0,7022.0,2.0,34201.0
46.93442576400412,0.0,0.0,0.0,0.0,0.0,0.0,0.0,0.0,0.0,0.0,0.0,0.0,0.0,8109.0,2.0,34208.0,7023.0,2.0,34221.0
46.934482633005246,0.0,0.0,0.0,0.0,0.0,0.0,0.0,0.0,0.0,0.0,0.0,0.0,0.0,8110.0,2.0,34228.0,7024.0,2.0,34241.0
46.93453713800409,0.0,0.0,0.0,0.0,0.0,0.0,0.0,0.0,0.0,0.0,0.0,0.0,0.0,8111.0,2.0,34248.0,7025.0,2.0,34261.0
46.934590832010144,0.0,0.0,0.0,0.0,0.0,0.0,0.0,0.0,0.0,0.0,0.0,0.0,0.0,8112.0,2.0,34268.0,7026.0,2.0,34271.0
46.93467031599721,0.0,0.0,0.0,0.0,0.0,0.0,0.0,0.0,0.0,0.0,0.0,0.0,0.0,8113.0,2.0,34288.0,7027.0,2.0,34301.0
46.934753666006145,0.0,0.0,0.0,0.0,0.0,0.0,0.0,0.0,0.0,0.0,0.0,0.0,0.0,8114.0,2.0,34308.0,7028.0,2.0,34321.0
46.934831448001205,0.0,0.0,0.0,0.0,0.0,0.0,0.0,0.0,0.0,0.0,0.0,0.0,0.0,8115.0,2.0,34328.0,7029.0,2.0,34341.0
46.934908777999226,0.0,0.0,0.0,0.0,0.0,0.0,0.0,0.0,0.0,0.0,0.0,0.0,0.0,8116.0,2.0,34348.0,7030.0,2.0,34361.0
46.93501187900256,0.0,0.0,0.0,0.0,0.0,0.0,0.0,0.0,0.0,0.0,0.0,0.0,0.0,8117.0,2.0,34368.0,7031.0,2.0,34371.0
46.935244533000514,0.0,0.0,0.0,0.0,0.0,0.0,0.0,0.0,0.0,0.0,0.0,0.0,0.0,8118.0,2.0,34388.0,7032.0,2.0,34401.0
46.93533236000803,0.0,0.0,0.0,0.0,0.0,0.0,0.0,0.0,0.0,0.0,0.0,0.0,0.0,8119.0,2.0,34408.0,7033.0,2.0,34421.0
46.93705348701042,0.0,0.0,0.0,0.0,0.0,0.0,0.0,0.0,0.0,0.0,0.0,0.0,0.0,8120.0,2.0,34428.0,7034.0,2.0,34441.0
46.956298283010256,0.0,0.0,0.0,0.0,0.0,0.0,0.0,0.0,0.0,0.0,0.0,0.0,0.0,8121.0,2.0,34448.0,7035.0,2.0,34461.0
46.96785678900778,0.0,0.0,0.0,0.0,0.0,0.0,0.0,0.0,0.0,0.0,0.0,0.0,0.0,8122.0,2.0,34468.0,7036.0,2.0,34471.0
46.995210214008694,0.0,0.0,0.0,0.0,0.0,0.0,0.0,0.0,0.0,0.0,0.0,0.0,0.0,8123.0,2.0,34488.0,7037.0,2.0,34501.0
47.015356497999164,0.0,0.0,0.0,0.0,0.0,0.0,0.0,0.0,0.0,0.0,0.0,0.0,0.0,8124.0,2.0,34508.0,7038.0,2.0,34521.0
47.035966905998066,0.0,0.0,0.0,0.0,0.0,0.0,0.0,0.0,0.0,0.0,0.0,0.0,0.0,8125.0,2.0,34528.0,7039.0,2.0,34541.0
47.05501707800431,0.0,0.0,0.0,0.0,0.0,0.0,0.0,0.0,0.0,0.0,0.0,0.0,0.0,8126.0,2.0,34548.0,7040.0,2.0,34561.0
47.070829425007105,0.0,0.0,0.0,0.0,0.0,0.0,0.0,0.0,0.0,0.0,0.0,0.0,0.0,8127.0,2.0,34568.0,7041.0,2.0,34573.0
47.08769360500446,0.0,0.0,0.0,0.0,0.0,0.0,0.0,0.0,0.0,0.0,0.0,0.0,0.0,8128.0,2.0,34588.0,7042.0,2.0,34591.0
47.115431120008,0.0,0.0,0.0,0.0,0.0,0.0,0.0,0.0,0.0,0.0,0.0,0.0,0.0,8129.0,2.0,34608.0,7043.0,2.0,34621.0
47.13627739599906,0.0,0.0,0.0,0.0,0.0,0.0,0.0,0.0,0.0,0.0,0.0,0.0,0.0,8130.0,2.0,34628.0,7044.0,2.0,34641.0
47.15490528900409,0.0,0.0,0.0,0.0,0.0,0.0,0.0,0.0,0.0,0.0,0.0,0.0,0.0,8131.0,2.0,34648.0,7045.0,2.0,34661.0
47.164574175010785,0.0,0.0,0.0,0.0,0.0,0.0,0.0,0.0,0.0,0.0,0.0,0.0,0.0,8132.0,2.0,34668.0,7046.0,2.0,34671.0
47.29830806799873,0.0,0.0,0.0,0.0,0.0,0.0,0.0,0.0,0.0,0.0,0.0,0.0,0.0,8133.0,2.0,34688.0,7047.0,2.0,34701.0
47.29847577000328,0.0,0.0,0.0,0.0,0.0,0.0,0.0,0.0,0.0,0.0,0.0,0.0,0.0,8134.0,2.0,34708.0,7048.0,2.0,34721.0
47.298542003001785,0.0,0.0,0.0,0.0,0.0,0.0,0.0,0.0,0.0,0.0,0.0,0.0,0.0,8135.0,2.0,34728.0,7049.0,2.0,34741.0
47.29860210701008,0.0,0.0,0.0,0.0,0.0,0.0,0.0,0.0,0.0,0.0,0.0,0.0,0.0,8136.0,2.0,34748.0,7050.0,2.0,34761.0
47.298658786006854,0.0,0.0,0.0,0.0,0.0,0.0,0.0,0.0,0.0,0.0,0.0,0.0,0.0,8137.0,2.0,34768.0,7051.0,2.0,34771.0
47.29871476300468,0.0,0.0,0.0,0.0,0.0,0.0,0.0,0.0,0.0,0.0,0.0,0.0,0.0,8138.0,2.0,34788.0,7052.0,2.0,34801.0
47.3153031719994,0.0,0.0,0.0,0.0,0.0,0.0,0.0,0.0,0.0,0.0,0.0,0.0,0.0,8139.0,2.0,34808.0,7053.0,2.0,34821.0
47.33693116900395,0.0,0.0,0.0,0.0,0.0,0.0,0.0,0.0,0.0,0.0,0.0,0.0,0.0,8140.0,2.0,34828.0,7054.0,2.0,34841.0
47.354753043007804,0.0,0.0,0.0,0.0,0.0,0.0,0.0,0.0,0.0,0.0,0.0,0.0,0.0,8141.0,2.0,34848.0,7055.0,2.0,34861.0
47.36634957800561,0.0,0.0,0.0,0.0,0.0,0.0,0.0,0.0,0.0,0.0,0.0,0.0,0.0,8142.0,2.0,34868.0,7056.0,2.0,34872.0
47.38561627900344,0.0,0.0,0.0,0.0,0.0,0.0,0.0,0.0,0.0,0.0,0.0,0.0,0.0,8143.0,2.0,34888.0,7057.0,2.0,34891.0
47.52167972699681,0.0,0.0,0.0,0.0,0.0,0.0,0.0,0.0,0.0,0.0,0.0,0.0,0.0,8144.0,2.0,34908.0,7058.0,2.0,34921.0
47.521928656002274,0.0,0.0,0.0,0.0,0.0,0.0,0.0,0.0,0.0,0.0,0.0,0.0,0.0,8145.0,2.0,34928.0,7059.0,2.0,34941.0
47.52201079399674,0.0,0.0,0.0,0.0,0.0,0.0,0.0,0.0,0.0,0.0,0.0,0.0,0.0,8146.0,2.0,34948.0,7060.0,2.0,34961.0
47.522071558996686,0.0,0.0,0.0,0.0,0.0,0.0,0.0,0.0,0.0,0.0,0.0,0.0,0.0,8147.0,2.0,34968.0,7061.0,2.0,34971.0
47.52212593400327,0.0,0.0,0.0,0.0,0.0,0.0,0.0,0.0,0.0,0.0,0.0,0.0,0.0,8148.0,2.0,34988.0,7062.0,2.0,35001.0
47.52218107000226,0.0,0.0,0.0,0.0,0.0,0.0,0.0,0.0,0.0,0.0,0.0,0.0,0.0,8149.0,2.0,35008.0,7063.0,2.0,35021.0
47.536860334002995,0.0,0.0,0.0,0.0,0.0,0.0,0.0,0.0,0.0,0.0,0.0,0.0,0.0,8150.0,2.0,35028.0,7064.0,2.0,35041.0
47.55584028600424,0.0,0.0,0.0,0.0,0.0,0.0,0.0,0.0,0.0,0.0,0.0,0.0,0.0,8151.0,2.0,35048.0,7065.0,2.0,35061.0
47.56810780100932,0.0,0.0,0.0,0.0,0.0,0.0,0.0,0.0,0.0,0.0,0.0,0.0,0.0,8152.0,2.0,35068.0,7066.0,2.0,35073.0
47.5878110229969,0.0,0.0,0.0,0.0,0.0,0.0,0.0,0.0,0.0,0.0,0.0,0.0,0.0,8153.0,2.0,35088.0,7067.0,2.0,35091.0
47.6152394439996,0.0,0.0,0.0,0.0,0.0,0.0,0.0,0.0,0.0,0.0,0.0,0.0,0.0,8154.0,2.0,35108.0,7068.0,2.0,35121.0
47.73964840499684,0.0,0.0,0.0,0.0,0.0,0.0,0.0,0.0,0.0,0.0,0.0,0.0,0.0,8155.0,2.0,35128.0,7069.0,2.0,35141.0
47.739794494002126,0.0,0.0,0.0,0.0,0.0,0.0,0.0,0.0,0.0,0.0,0.0,0.0,0.0,8156.0,2.0,35148.0,7070.0,2.0,35161.0
47.739862991002155,0.0,0.0,0.0,0.0,0.0,0.0,0.0,0.0,0.0,0.0,0.0,0.0,0.0,8157.0,2.0,35168.0,7071.0,2.0,35171.0
47.739922464010306,0.0,0.0,0.0,0.0,0.0,0.0,0.0,0.0,0.0,0.0,0.0,0.0,0.0,8158.0,2.0,35188.0,7072.0,2.0,35201.0
47.739982607003185,0.0,0.0,0.0,0.0,0.0,0.0,0.0,0.0,0.0,0.0,0.0,0.0,0.0,8159.0,2.0,35208.0,7073.0,2.0,35221.0
47.74003870500019,0.0,0.0,0.0,0.0,0.0,0.0,0.0,0.0,0.0,0.0,0.0,0.0,0.0,8160.0,2.0,35228.0,7074.0,2.0,35241.0
47.7550664730079,0.0,0.0,0.0,0.0,0.0,0.0,0.0,0.0,0.0,0.0,0.0,0.0,0.0,8161.0,2.0,35248.0,7075.0,2.0,35261.0
47.76440753600036,0.0,0.0,0.0,0.0,0.0,0.0,0.0,0.0,0.0,0.0,0.0,0.0,0.0,8162.0,2.0,35268.0,7076.0,2.0,35271.0
47.79462727801001,0.0,0.0,0.0,0.0,0.0,0.0,0.0,0.0,0.0,0.0,0.0,0.0,0.0,8163.0,2.0,35288.0,7077.0,2.0,35301.0
47.81482985999901,0.0,0.0,0.0,0.0,0.0,0.0,0.0,0.0,0.0,0.0,0.0,0.0,0.0,8164.0,2.0,35308.0,7078.0,2.0,35321.0
47.83456357900286,0.0,0.0,0.0,0.0,0.0,0.0,0.0,0.0,0.0,0.0,0.0,0.0,0.0,8165.0,2.0,35328.0,7079.0,2.0,35341.0
47.91340371000115,0.0,0.0,0.0,0.0,0.0,0.0,0.0,0.0,0.0,0.0,0.0,0.0,0.0,8166.0,2.0,35348.0,7080.0,2.0,35354.0
47.913822023008834,0.0,0.0,0.0,0.0,0.0,0.0,0.0,0.0,0.0,0.0,0.0,0.0,0.0,8167.0,2.0,35368.0,7081.0,2.0,35381.0
47.91405148200283,0.0,0.0,0.0,0.0,0.0,0.0,0.0,0.0,0.0,0.0,0.0,0.0,0.0,8168.0,2.0,35388.0,7082.0,2.0,35401.0
47.95753473500372,0.0,0.0,0.0,0.0,0.0,0.0,0.0,0.0,0.0,0.0,0.0,0.0,0.0,8169.0,2.0,35408.0,7083.0,2.0,35421.0
47.95769456400012,0.0,0.0,0.0,0.0,0.0,0.0,0.0,0.0,0.0,0.0,0.0,0.0,0.0,8170.0,2.0,35428.0,7084.0,2.0,35441.0
47.95775534900895,0.0,0.0,0.0,0.0,0.0,0.0,0.0,0.0,0.0,0.0,0.0,0.0,0.0,8171.0,2.0,35448.0,7085.0,2.0,35461.0
47.9655744650081,0.0,0.0,0.0,0.0,0.0,0.0,0.0,0.0,0.0,0.0,0.0,0.0,0.0,8172.0,2.0,35468.0,7086.0,2.0,35471.0
47.99832122500811,0.0,0.0,0.0,0.0,0.0,0.0,0.0,0.0,0.0,0.0,0.0,0.0,0.0,8173.0,2.0,35488.0,7087.0,2.0,35501.0
48.01518321799813,0.0,0.0,0.0,0.0,0.0,0.0,0.0,0.0,0.0,0.0,0.0,0.0,0.0,8174.0,2.0,35508.0,7088.0,2.0,35521.0
48.034313615004066,0.0,0.0,0.0,0.0,0.0,0.0,0.0,0.0,0.0,0.0,0.0,0.0,0.0,8175.0,2.0,35528.0,7089.0,2.0,35541.0
48.05515946200467,0.0,0.0,0.0,0.0,0.0,0.0,0.0,0.0,0.0,0.0,0.0,0.0,0.0,8176.0,2.0,35548.0,7090.0,2.0,35561.0
48.09526859399921,0.0,0.0,0.0,0.0,0.0,0.0,0.0,0.0,0.0,0.0,0.0,0.0,0.0,8177.0,2.0,35569.0,7091.0,2.0,35572.0
48.09535515900643,0.0,0.0,0.0,0.0,0.0,0.0,0.0,0.0,0.0,0.0,0.0,0.0,0.0,8178.0,2.0,35588.0,7092.0,2.0,35591.0
48.13811215700116,0.0,0.0,0.0,0.0,0.0,0.0,0.0,0.0,0.0,0.0,0.0,0.0,0.0,8179.0,2.0,35608.0,7093.0,2.0,35621.0
48.138773701008176,0.0,0.0,0.0,0.0,0.0,0.0,0.0,0.0,0.0,0.0,0.0,0.0,0.0,8180.0,2.0,35628.0,7094.0,2.0,35641.0
48.17765588600014,0.0,0.0,0.0,0.0,0.0,0.0,0.0,0.0,0.0,0.0,0.0,0.0,0.0,8181.0,2.0,35648.0,7095.0,2.0,35661.0
48.177776324009756,0.0,0.0,0.0,0.0,0.0,0.0,0.0,0.0,0.0,0.0,0.0,0.0,0.0,8182.0,2.0,35668.0,7096.0,2.0,35671.0
48.19695398501062,0.0,0.0,0.0,0.0,0.0,0.0,0.0,0.0,0.0,0.0,0.0,0.0,0.0,8183.0,2.0,35688.0,7097.0,2.0,35701.0
48.21700499999861,0.0,0.0,0.0,0.0,0.0,0.0,0.0,0.0,0.0,0.0,0.0,0.0,0.0,8184.0,2.0,35708.0,7098.0,2.0,35720.0
48.23506079800427,0.0,0.0,0.0,0.0,0.0,0.0,0.0,0.0,0.0,0.0,0.0,0.0,0.0,8185.0,2.0,35728.0,7099.0,2.0,35741.0
48.2584117790102,0.0,0.0,0.0,0.0,0.0,0.0,0.0,0.0,0.0,0.0,0.0,0.0,0.0,8186.0,2.0,35748.0,7100.0,2.0,35761.0
48.26498227400589,0.0,0.0,0.0,0.0,0.0,0.0,0.0,0.0,0.0,0.0,0.0,0.0,0.0,8187.0,2.0,35768.0,7101.0,2.0,35771.0
48.358521258007386,0.0,0.0,0.0,0.0,0.0,0.0,0.0,0.0,0.0,0.0,0.0,0.0,0.0,8188.0,2.0,35788.0,7102.0,2.0,35801.0
48.35863340299693,0.0,0.0,0.0,0.0,0.0,0.0,0.0,0.0,0.0,0.0,0.0,0.0,0.0,8189.0,2.0,35808.0,7103.0,2.0,35821.0
48.358707810009946,0.0,0.0,0.0,0.0,0.0,0.0,0.0,0.0,0.0,0.0,0.0,0.0,0.0,8190.0,2.0,35828.0,7104.0,2.0,35841.0
48.358776897002826,0.0,0.0,0.0,0.0,0.0,0.0,0.0,0.0,0.0,0.0,0.0,0.0,0.0,8191.0,2.0,35848.0,7105.0,2.0,35861.0
48.39943401500932,0.0,0.0,0.0,0.0,0.0,0.0,0.0,0.0,0.0,0.0,0.0,0.0,0.0,8192.0,2.0,35868.0,7106.0,2.0,35872.0
48.399748126001214,0.0,0.0,0.0,0.0,0.0,0.0,0.0,0.0,0.0,0.0,0.0,0.0,0.0,8193.0,2.0,35888.0,7107.0,2.0,35891.0
48.41537580100703,0.0,0.0,0.0,0.0,0.0,0.0,0.0,0.0,0.0,0.0,0.0,0.0,0.0,8194.0,2.0,35908.0,7108.0,2.0,35921.0
48.434440315002576,0.0,0.0,0.0,0.0,0.0,0.0,0.0,0.0,0.0,0.0,0.0,0.0,0.0,8195.0,2.0,35928.0,7109.0,2.0,35941.0
48.455857345004915,0.0,0.0,0.0,0.0,0.0,0.0,0.0,0.0,0.0,0.0,0.0,0.0,0.0,8196.0,2.0,35948.0,7110.0,2.0,35961.0
48.46515909700247,0.0,0.0,0.0,0.0,0.0,0.0,0.0,0.0,0.0,0.0,0.0,0.0,0.0,8197.0,2.0,35968.0,7111.0,2.0,35971.0
48.49536857299972,0.0,0.0,0.0,0.0,0.0,0.0,0.0,0.0,0.0,0.0,0.0,0.0,0.0,8198.0,2.0,35988.0,7112.0,2.0,36001.0
48.62608283900772,0.0,0.0,0.0,0.0,0.0,0.0,0.0,0.0,0.0,0.0,0.0,0.0,0.0,8199.0,2.0,36008.0,7113.0,2.0,36021.0
48.626202215004014,0.0,0.0,0.0,0.0,0.0,0.0,0.0,0.0,0.0,0.0,0.0,0.0,0.0,8200.0,2.0,36028.0,7114.0,2.0,36041.0
48.62628551499802,0.0,0.0,0.0,0.0,0.0,0.0,0.0,0.0,0.0,0.0,0.0,0.0,0.0,8201.0,2.0,36048.0,7115.0,2.0,36061.0
48.626350917998934,0.0,0.0,0.0,0.0,0.0,0.0,0.0,0.0,0.0,0.0,0.0,0.0,0.0,8202.0,2.0,36068.0,7116.0,2.0,36074.0
48.626408327007084,0.0,0.0,0.0,0.0,0.0,0.0,0.0,0.0,0.0,0.0,0.0,0.0,0.0,8203.0,2.0,36088.0,7117.0,2.0,36101.0
48.62646682900959,0.0,0.0,0.0,0.0,0.0,0.0,0.0,0.0,0.0,0.0,0.0,0.0,0.0,8204.0,2.0,36108.0,7118.0,2.0,36121.0
48.63438463700004,0.0,0.0,0.0,0.0,0.0,0.0,0.0,0.0,0.0,0.0,0.0,0.0,0.0,8205.0,2.0,36128.0,7119.0,2.0,36141.0
48.65417138900375,0.0,0.0,0.0,0.0,0.0,0.0,0.0,0.0,0.0,0.0,0.0,0.0,0.0,8206.0,2.0,36148.0,7120.0,2.0,36161.0
48.667620704,0.0,0.0,0.0,0.0,0.0,0.0,0.0,0.0,0.0,0.0,0.0,0.0,0.0,8207.0,2.0,36168.0,7121.0,2.0,36171.0
48.6865133990068,0.0,0.0,0.0,0.0,0.0,0.0,0.0,0.0,0.0,0.0,0.0,0.0,0.0,8208.0,2.0,36188.0,7122.0,2.0,36191.0
48.716190714010736,0.0,0.0,0.0,0.0,0.0,0.0,0.0,0.0,0.0,0.0,0.0,0.0,0.0,8209.0,2.0,36208.0,7123.0,2.0,36221.0
48.840355160005856,0.0,0.0,0.0,0.0,0.0,0.0,0.0,0.0,0.0,0.0,0.0,0.0,0.0,8210.0,2.0,36228.0,7124.0,2.0,36241.0
48.84047960500175,0.0,0.0,0.0,0.0,0.0,0.0,0.0,0.0,0.0,0.0,0.0,0.0,0.0,8211.0,2.0,36248.0,7125.0,2.0,36261.0
48.840564978003385,0.0,0.0,0.0,0.0,0.0,0.0,0.0,0.0,0.0,0.0,0.0,0.0,0.0,8212.0,2.0,36268.0,7126.0,2.0,36271.0
48.8406266039965,0.0,0.0,0.0,0.0,0.0,0.0,0.0,0.0,0.0,0.0,0.0,0.0,0.0,8213.0,2.0,36288.0,7127.0,2.0,36301.0
48.84068876200763,0.0,0.0,0.0,0.0,0.0,0.0,0.0,0.0,0.0,0.0,0.0,0.0,0.0,8214.0,2.0,36308.0,7128.0,2.0,36321.0
48.8407449189981,0.0,0.0,0.0,0.0,0.0,0.0,0.0,0.0,0.0,0.0,0.0,0.0,0.0,8215.0,2.0,36328.0,7129.0,2.0,36341.0
48.854180713999085,0.0,0.0,0.0,0.0,0.0,0.0,0.0,0.0,0.0,0.0,0.0,0.0,0.0,8216.0,2.0,36348.0,7130.0,2.0,36361.0
48.86685961400508,0.0,0.0,0.0,0.0,0.0,0.0,0.0,0.0,0.0,0.0,0.0,0.0,0.0,8217.0,2.0,36368.0,7131.0,2.0,36371.0
48.904550446008216,0.0,0.0,0.0,0.0,0.0,0.0,0.0,0.0,0.0,0.0,0.0,0.0,0.0,8218.0,2.0,36388.0,7132.0,2.0,36401.0
48.91719317100069,0.0,0.0,0.0,0.0,0.0,0.0,0.0,0.0,0.0,0.0,0.0,0.0,0.0,8219.0,2.0,36408.0,7133.0,2.0,36421.0
48.93568540000706,0.0,0.0,0.0,0.0,0.0,0.0,0.0,0.0,0.0,0.0,0.0,0.0,0.0,8220.0,2.0,36428.0,7134.0,2.0,36442.0
48.943040678001125,0.0,0.0,0.0,0.0,0.0,0.0,0.0,0.0,0.0,0.0,0.0,0.0,0.0,8221.0,2.0,36449.0,7135.0,2.0,36450.0
49.058189791001496,0.0,0.0,0.0,0.0,0.0,0.0,0.0,0.0,0.0,0.0,0.0,0.0,0.0,8222.0,2.0,36468.0,7136.0,2.0,36471.0
49.05831953299639,0.0,0.0,0.0,0.0,0.0,0.0,0.0,0.0,0.0,0.0,0.0,0.0,0.0,8223.0,2.0,36488.0,7137.0,2.0,36501.0
49.05839476099936,0.0,0.0,0.0,0.0,0.0,0.0,0.0,0.0,0.0,0.0,0.0,0.0,0.0,8224.0,2.0,36508.0,7138.0,2.0,36521.0
49.05845375300851,0.0,0.0,0.0,0.0,0.0,0.0,0.0,0.0,0.0,0.0,0.0,0.0,0.0,8225.0,2.0,36528.0,7139.0,2.0,36540.0
49.058511373004876,0.0,0.0,0.0,0.0,0.0,0.0,0.0,0.0,0.0,0.0,0.0,0.0,0.0,8226.0,2.0,36548.0,7140.0,2.0,36561.0
49.06783909500518,0.0,0.0,0.0,0.0,0.0,0.0,0.0,0.0,0.0,0.0,0.0,0.0,0.0,8227.0,2.0,36568.0,7141.0,2.0,36572.0
49.085544454006595,0.0,0.0,0.0,0.0,0.0,0.0,0.0,0.0,0.0,0.0,0.0,0.0,0.0,8228.0,2.0,36588.0,7142.0,2.0,36591.0
49.117562628001906,0.0,0.0,0.0,0.0,0.0,0.0,0.0,0.0,0.0,0.0,0.0,0.0,0.0,8229.0,2.0,36608.0,7143.0,2.0,36621.0
49.137090636009816,0.0,0.0,0.0,0.0,0.0,0.0,0.0,0.0,0.0,0.0,0.0,0.0,0.0,8230.0,2.0,36628.0,7144.0,2.0,36641.0
49.15499628800899,0.0,0.0,0.0,0.0,0.0,0.0,0.0,0.0,0.0,0.0,0.0,0.0,0.0,8231.0,2.0,36648.0,7145.0,2.0,36661.0
49.28712873000768,0.0,0.0,0.0,0.0,0.0,0.0,0.0,0.0,0.0,0.0,0.0,0.0,0.0,8232.0,2.0,36668.0,7146.0,2.0,36671.0
49.287449943003594,0.0,0.0,0.0,0.0,0.0,0.0,0.0,0.0,0.0,0.0,0.0,0.0,0.0,8233.0,2.0,36688.0,7147.0,2.0,36701.0
49.28772675500659,0.0,0.0,0.0,0.0,0.0,0.0,0.0,0.0,0.0,0.0,0.0,0.0,0.0,8234.0,2.0,36708.0,7148.0,2.0,36721.0
49.287957526001264,0.0,0.0,0.0,0.0,0.0,0.0,0.0,0.0,0.0,0.0,0.0,0.0,0.0,8235.0,2.0,36728.0,7149.0,2.0,36741.0
49.288174886009074,0.0,0.0,0.0,0.0,0.0,0.0,0.0,0.0,0.0,0.0,0.0,0.0,0.0,8236.0,2.0,36748.0,7150.0,2.0,36761.0
49.288304699002765,0.0,0.0,0.0,0.0,0.0,0.0,0.0,0.0,0.0,0.0,0.0,0.0,0.0,8237.0,2.0,36768.0,7151.0,2.0,36771.0
49.294742683006916,0.0,0.0,0.0,0.0,0.0,0.0,0.0,0.0,0.0,0.0,0.0,0.0,0.0,8238.0,2.0,36788.0,7152.0,2.0,36801.0
49.313921114997356,0.0,0.0,0.0,0.0,0.0,0.0,0.0,0.0,0.0,0.0,0.0,0.0,0.0,8239.0,2.0,36808.0,7153.0,2.0,36821.0
49.333867768000346,0.0,0.0,0.0,0.0,0.0,0.0,0.0,0.0,0.0,0.0,0.0,0.0,0.0,8240.0,2.0,36828.0,7154.0,2.0,36841.0
49.35489481900004,0.0,0.0,0.0,0.0,0.0,0.0,0.0,0.0,0.0,0.0,0.0,0.0,0.0,8241.0,2.0,36848.0,7155.0,2.0,36861.0
49.364572007005336,0.0,0.0,0.0,0.0,0.0,0.0,0.0,0.0,0.0,0.0,0.0,0.0,0.0,8242.0,2.0,36868.0,7156.0,2.0,36871.0
49.497354478997295,0.0,0.0,0.0,0.0,0.0,0.0,0.0,0.0,0.0,0.0,0.0,0.0,0.0,8243.0,2.0,36888.0,7157.0,2.0,36901.0
49.49752321300912,0.0,0.0,0.0,0.0,0.0,0.0,0.0,0.0,0.0,0.0,0.0,0.0,0.0,8244.0,2.0,36908.0,7158.0,2.0,36921.0
49.4975949350046,0.0,0.0,0.0,0.0,0.0,0.0,0.0,0.0,0.0,0.0,0.0,0.0,0.0,8245.0,2.0,36928.0,7159.0,2.0,36941.0
49.49765708199993,0.0,0.0,0.0,0.0,0.0,0.0,0.0,0.0,0.0,0.0,0.0,0.0,0.0,8246.0,2.0,36948.0,7160.0,2.0,36961.0
49.49771356100973,0.0,0.0,0.0,0.0,0.0,0.0,0.0,0.0,0.0,0.0,0.0,0.0,0.0,8247.0,2.0,36968.0,7161.0,2.0,36971.0
49.497769578010775,0.0,0.0,0.0,0.0,0.0,0.0,0.0,0.0,0.0,0.0,0.0,0.0,0.0,8248.0,2.0,36988.0,7162.0,2.0,37001.0
49.51455416499812,0.0,0.0,0.0,0.0,0.0,0.0,0.0,0.0,0.0,0.0,0.0,0.0,0.0,8249.0,2.0,37008.0,7163.0,2.0,37021.0
49.5334778969991,0.0,0.0,0.0,0.0,0.0,0.0,0.0,0.0,0.0,0.0,0.0,0.0,0.0,8250.0,2.0,37028.0,7164.0,2.0,37040.0
49.555135586997494,0.0,0.0,0.0,0.0,0.0,0.0,0.0,0.0,0.0,0.0,0.0,0.0,0.0,8251.0,2.0,37048.0,7165.0,2.0,37061.0
49.567241014010506,0.0,0.0,0.0,0.0,0.0,0.0,0.0,0.0,0.0,0.0,0.0,0.0,0.0,8252.0,2.0,37068.0,7166.0,2.0,37073.0
49.583678556999075,0.0,0.0,0.0,0.0,0.0,0.0,0.0,0.0,0.0,0.0,0.0,0.0,0.0,8253.0,2.0,37088.0,7167.0,2.0,37091.0
49.715213008006685,0.0,0.0,0.0,0.0,0.0,0.0,0.0,0.0,0.0,0.0,0.0,0.0,0.0,8254.0,2.0,37108.0,7168.0,2.0,37111.0
49.715327516998514,0.0,0.0,0.0,0.0,0.0,0.0,0.0,0.0,0.0,0.0,0.0,0.0,0.0,8255.0,2.0,37128.0,7169.0,2.0,37141.0
49.715407102004974,0.0,0.0,0.0,0.0,0.0,0.0,0.0,0.0,0.0,0.0,0.0,0.0,0.0,8256.0,2.0,37148.0,7170.0,2.0,37161.0
49.715474466996966,0.0,0.0,0.0,0.0,0.0,0.0,0.0,0.0,0.0,0.0,0.0,0.0,0.0,8257.0,2.0,37168.0,7171.0,2.0,37171.0
49.71553223700903,0.0,0.0,0.0,0.0,0.0,0.0,0.0,0.0,0.0,0.0,0.0,0.0,0.0,8258.0,2.0,37188.0,7172.0,2.0,37200.0
49.7155880049977,0.0,0.0,0.0,0.0,0.0,0.0,0.0,0.0,0.0,0.0,0.0,0.0,0.0,8259.0,2.0,37208.0,7173.0,2.0,37221.0
49.93722697701014,0.0,0.0,0.0,0.0,0.0,0.0,0.0,0.0,0.0,0.0,0.0,0.0,0.0,8260.0,2.0,37228.0,7174.0,2.0,37241.0
49.93747510500543,0.0,0.0,0.0,0.0,0.0,0.0,0.0,0.0,0.0,0.0,0.0,0.0,0.0,8261.0,2.0,37248.0,7175.0,2.0,37261.0
49.93754563599941,0.0,0.0,0.0,0.0,0.0,0.0,0.0,0.0,0.0,0.0,0.0,0.0,0.0,8262.0,2.0,37268.0,7176.0,2.0,37271.0
49.937607893007225,0.0,0.0,0.0,0.0,0.0,0.0,0.0,0.0,0.0,0.0,0.0,0.0,0.0,8263.0,2.0,37288.0,7177.0,2.0,37301.0
49.93766601399693,0.0,0.0,0.0,0.0,0.0,0.0,0.0,0.0,0.0,0.0,0.0,0.0,0.0,8264.0,2.0,37308.0,7178.0,2.0,37321.0
49.93772319400159,0.0,0.0,0.0,0.0,0.0,0.0,0.0,0.0,0.0,0.0,0.0,0.0,0.0,8265.0,2.0,37328.0,7179.0,2.0,37340.0
49.94890754899825,0.0,0.0,0.0,0.0,0.0,0.0,0.0,0.0,0.0,0.0,0.0,0.0,0.0,8271.0,2.0,37448.0,7180.0,2.0,37456.0
49.97391673200764,0.0,0.0,0.0,0.0,0.0,0.0,0.0,0.0,0.0,0.0,0.0,0.0,0.0,8272.0,2.0,37468.0,7181.0,2.0,37481.0
49.99360399899888,0.0,0.0,0.0,0.0,0.0,0.0,0.0,0.0,0.0,0.0,0.0,0.0,0.0,8273.0,2.0,37488.0,7182.0,2.0,37501.0
50.013994054999785,0.0,0.0,0.0,0.0,0.0,0.0,0.0,0.0,0.0,0.0,0.0,0.0,0.0,8274.0,2.0,37508.0,7183.0,2.0,37521.0
50.03373770001053,0.0,0.0,0.0,0.0,0.0,0.0,0.0,0.0,0.0,0.0,0.0,0.0,0.0,8275.0,2.0,37528.0,7184.0,2.0,37541.0
50.15922636400501,0.0,0.0,0.0,0.0,0.0,0.0,0.0,0.0,0.0,0.0,0.0,0.0,0.0,8276.0,2.0,37548.0,7185.0,2.0,37561.0
50.1593457209965,0.0,0.0,0.0,0.0,0.0,0.0,0.0,0.0,0.0,0.0,0.0,0.0,0.0,8277.0,2.0,37568.0,7186.0,2.0,37572.0
50.15943332800816,0.0,0.0,0.0,0.0,0.0,0.0,0.0,0.0,0.0,0.0,0.0,0.0,0.0,8278.0,2.0,37588.0,7187.0,2.0,37591.0
50.15949725800601,0.0,0.0,0.0,0.0,0.0,0.0,0.0,0.0,0.0,0.0,0.0,0.0,0.0,8279.0,2.0,37608.0,7188.0,2.0,37621.0
50.159556280006655,0.0,0.0,0.0,0.0,0.0,0.0,0.0,0.0,0.0,0.0,0.0,0.0,0.0,8280.0,2.0,37628.0,7189.0,2.0,37641.0
50.15961288800463,0.0,0.0,0.0,0.0,0.0,0.0,0.0,0.0,0.0,0.0,0.0,0.0,0.0,8281.0,2.0,37648.0,7190.0,2.0,37661.0
50.165295097001945,0.0,0.0,0.0,0.0,0.0,0.0,0.0,0.0,0.0,0.0,0.0,0.0,0.0,8282.0,2.0,37668.0,7191.0,2.0,37672.0
50.19447923000553,0.0,0.0,0.0,0.0,0.0,0.0,0.0,0.0,0.0,0.0,0.0,0.0,0.0,8283.0,2.0,37688.0,7192.0,2.0,37701.0
50.2135061739973,0.0,0.0,0.0,0.0,0.0,0.0,0.0,0.0,0.0,0.0,0.0,0.0,0.0,8284.0,2.0,37708.0,7193.0,2.0,37721.0
50.2348023079976,0.0,0.0,0.0,0.0,0.0,0.0,0.0,0.0,0.0,0.0,0.0,0.0,0.0,8285.0,2.0,37728.0,7194.0,2.0,37741.0
50.25355599500472,0.0,0.0,0.0,0.0,0.0,0.0,0.0,0.0,0.0,0.0,0.0,0.0,0.0,8286.0,2.0,37748.0,7195.0,2.0,37761.0
50.376880602998426,0.0,0.0,0.0,0.0,0.0,0.0,0.0,0.0,0.0,0.0,0.0,0.0,0.0,8287.0,2.0,37768.0,7196.0,2.0,37770.0
50.37702498900762,0.0,0.0,0.0,0.0,0.0,0.0,0.0,0.0,0.0,0.0,0.0,0.0,0.0,8288.0,2.0,37788.0,7197.0,2.0,37801.0
50.377090941998176,0.0,0.0,0.0,0.0,0.0,0.0,0.0,0.0,0.0,0.0,0.0,0.0,0.0,8289.0,2.0,37808.0,7198.0,2.0,37821.0
50.37714991500252,0.0,0.0,0.0,0.0,0.0,0.0,0.0,0.0,0.0,0.0,0.0,0.0,0.0,8291.0,2.0,37848.0,7199.0,2.0,37859.0
50.377207044002716,0.0,0.0,0.0,0.0,0.0,0.0,0.0,0.0,0.0,0.0,0.0,0.0,0.0,8292.0,2.0,37868.0,7200.0,2.0,37881.0
50.38449757899798,0.0,0.0,0.0,0.0,0.0,0.0,0.0,0.0,0.0,0.0,0.0,0.0,0.0,8293.0,2.0,37888.0,7201.0,2.0,37891.0
50.41515443600656,0.0,0.0,0.0,0.0,0.0,0.0,0.0,0.0,0.0,0.0,0.0,0.0,0.0,8294.0,2.0,37908.0,7202.0,2.0,37922.0
50.43824951699935,0.0,0.0,0.0,0.0,0.0,0.0,0.0,0.0,0.0,0.0,0.0,0.0,0.0,8295.0,2.0,37928.0,7203.0,2.0,37941.0
50.45494996799971,0.0,0.0,0.0,0.0,0.0,0.0,0.0,0.0,0.0,0.0,0.0,0.0,0.0,8296.0,2.0,37948.0,7204.0,2.0,37961.0
50.473741613008315,0.0,0.0,0.0,0.0,0.0,0.0,0.0,0.0,0.0,0.0,0.0,0.0,0.0,8297.0,2.0,37968.0,7205.0,2.0,37981.0
50.597470879001776,0.0,0.0,0.0,0.0,0.0,0.0,0.0,0.0,0.0,0.0,0.0,0.0,0.0,8298.0,2.0,37988.0,7206.0,2.0,37991.0
50.5975711360079,0.0,0.0,0.0,0.0,0.0,0.0,0.0,0.0,0.0,0.0,0.0,0.0,0.0,8299.0,2.0,38008.0,7207.0,2.0,38021.0
50.597632001998136,0.0,0.0,0.0,0.0,0.0,0.0,0.0,0.0,0.0,0.0,0.0,0.0,0.0,8300.0,2.0,38028.0,7208.0,2.0,38041.0
50.59769411900197,0.0,0.0,0.0,0.0,0.0,0.0,0.0,0.0,0.0,0.0,0.0,0.0,0.0,8301.0,2.0,38048.0,7209.0,2.0,38061.0
50.59774783300236,0.0,0.0,0.0,0.0,0.0,0.0,0.0,0.0,0.0,0.0,0.0,0.0,0.0,8302.0,2.0,38068.0,7210.0,2.0,38081.0
50.597801367010106,0.0,0.0,0.0,0.0,0.0,0.0,0.0,0.0,0.0,0.0,0.0,0.0,0.0,8303.0,2.0,38088.0,7211.0,2.0,38091.0
50.61474801400618,0.0,0.0,0.0,0.0,0.0,0.0,0.0,0.0,0.0,0.0,0.0,0.0,0.0,8304.0,2.0,38108.0,7212.0,2.0,38121.0
50.63330707499699,0.0,0.0,0.0,0.0,0.0,0.0,0.0,0.0,0.0,0.0,0.0,0.0,0.0,8305.0,2.0,38128.0,7213.0,2.0,38141.0
50.652856776010594,0.0,0.0,0.0,0.0,0.0,0.0,0.0,0.0,0.0,0.0,0.0,0.0,0.0,8306.0,2.0,38148.0,7214.0,2.0,38160.0
50.67430051299743,0.0,0.0,0.0,0.0,0.0,0.0,0.0,0.0,0.0,0.0,0.0,0.0,0.0,8307.0,2.0,38168.0,7215.0,2.0,38181.0
50.683273347996874,0.0,0.0,0.0,0.0,0.0,0.0,0.0,0.0,0.0,0.0,0.0,0.0,0.0,8308.0,2.0,38188.0,7216.0,2.0,38191.0
50.816894529009005,0.0,0.0,0.0,0.0,0.0,0.0,0.0,0.0,0.0,0.0,0.0,0.0,0.0,8309.0,2.0,38208.0,7217.0,2.0,38221.0
50.81700883700978,0.0,0.0,0.0,0.0,0.0,0.0,0.0,0.0,0.0,0.0,0.0,0.0,0.0,8310.0,2.0,38228.0,7218.0,2.0,38241.0
50.817074630002026,0.0,0.0,0.0,0.0,0.0,0.0,0.0,0.0,0.0,0.0,0.0,0.0,0.0,8311.0,2.0,38248.0,7219.0,2.0,38261.0
50.81713312200736,0.0,0.0,0.0,0.0,0.0,0.0,0.0,0.0,0.0,0.0,0.0,0.0,0.0,8312.0,2.0,38268.0,7220.0,2.0,38281.0
50.81719036200957,0.0,0.0,0.0,0.0,0.0,0.0,0.0,0.0,0.0,0.0,0.0,0.0,0.0,8313.0,2.0,38288.0,7221.0,2.0,38290.0
50.81724655001017,0.0,0.0,0.0,0.0,0.0,0.0,0.0,0.0,0.0,0.0,0.0,0.0,0.0,8314.0,2.0,38308.0,7222.0,2.0,38321.0
50.83440961501037,0.0,0.0,0.0,0.0,0.0,0.0,0.0,0.0,0.0,0.0,0.0,0.0,0.0,8315.0,2.0,38328.0,7223.0,2.0,38341.0
50.85583604499698,0.0,0.0,0.0,0.0,0.0,0.0,0.0,0.0,0.0,0.0,0.0,0.0,0.0,8316.0,2.0,38348.0,7224.0,2.0,38361.0
50.877410576009424,0.0,0.0,0.0,0.0,0.0,0.0,0.0,0.0,0.0,0.0,0.0,0.0,0.0,8317.0,2.0,38368.0,7225.0,2.0,38381.0
50.88291866800864,0.0,0.0,0.0,0.0,0.0,0.0,0.0,0.0,0.0,0.0,0.0,0.0,0.0,8318.0,2.0,38388.0,7226.0,2.0,38390.0
50.913523032999365,0.0,0.0,0.0,0.0,0.0,0.0,0.0,0.0,0.0,0.0,0.0,0.0,0.0,8319.0,2.0,38408.0,7227.0,2.0,38421.0
51.028600165998796,0.0,0.0,0.0,0.0,0.0,0.0,0.0,0.0,0.0,0.0,0.0,0.0,0.0,8320.0,2.0,38428.0,7228.0,2.0,38441.0
51.02870946700568,0.0,0.0,0.0,0.0,0.0,0.0,0.0,0.0,0.0,0.0,0.0,0.0,0.0,8321.0,2.0,38448.0,7229.0,2.0,38461.0
51.02878151000186,0.0,0.0,0.0,0.0,0.0,0.0,0.0,0.0,0.0,0.0,0.0,0.0,0.0,8322.0,2.0,38468.0,7230.0,2.0,38481.0
51.028841132996604,0.0,0.0,0.0,0.0,0.0,0.0,0.0,0.0,0.0,0.0,0.0,0.0,0.0,8323.0,2.0,38488.0,7231.0,2.0,38491.0
51.028898553006,0.0,0.0,0.0,0.0,0.0,0.0,0.0,0.0,0.0,0.0,0.0,0.0,0.0,8324.0,2.0,38508.0,7232.0,2.0,38521.0
51.036824009002885,0.0,0.0,0.0,0.0,0.0,0.0,0.0,0.0,0.0,0.0,0.0,0.0,0.0,8325.0,2.0,38528.0,7233.0,2.0,38541.0
51.053641603997676,0.0,0.0,0.0,0.0,0.0,0.0,0.0,0.0,0.0,0.0,0.0,0.0,0.0,8326.0,2.0,38548.0,7234.0,2.0,38561.0
51.07396972400602,0.0,0.0,0.0,0.0,0.0,0.0,0.0,0.0,0.0,0.0,0.0,0.0,0.0,8327.0,2.0,38568.0,7235.0,2.0,38581.0
51.083821656007785,0.0,0.0,0.0,0.0,0.0,0.0,0.0,0.0,0.0,0.0,0.0,0.0,0.0,8328.0,2.0,38588.0,7236.0,2.0,38591.0
51.11562404700089,0.0,0.0,0.0,0.0,0.0,0.0,0.0,0.0,0.0,0.0,0.0,0.0,0.0,8329.0,2.0,38608.0,7237.0,2.0,38621.0
51.13371502500377,0.0,0.0,0.0,0.0,0.0,0.0,0.0,0.0,0.0,0.0,0.0,0.0,0.0,8330.0,2.0,38628.0,7238.0,2.0,38641.0
51.26017578699975,0.0,0.0,0.0,0.0,0.0,0.0,0.0,0.0,0.0,0.0,0.0,0.0,0.0,8331.0,2.0,38648.0,7239.0,2.0,38661.0
51.26032303800457,0.0,0.0,0.0,0.0,0.0,0.0,0.0,0.0,0.0,0.0,0.0,0.0,0.0,8332.0,2.0,38668.0,7240.0,2.0,38681.0
51.260414481002954,0.0,0.0,0.0,0.0,0.0,0.0,0.0,0.0,0.0,0.0,0.0,0.0,0.0,8333.0,2.0,38688.0,7241.0,2.0,38690.0
51.26048559200717,0.0,0.0,0.0,0.0,0.0,0.0,0.0,0.0,0.0,0.0,0.0,0.0,0.0,8334.0,2.0,38708.0,7242.0,2.0,38721.0
51.26054447400384,0.0,0.0,0.0,0.0,0.0,0.0,0.0,0.0,0.0,0.0,0.0,0.0,0.0,8335.0,2.0,38728.0,7243.0,2.0,38741.0
51.26059854900814,0.0,0.0,0.0,0.0,0.0,0.0,0.0,0.0,0.0,0.0,0.0,0.0,0.0,8336.0,2.0,38748.0,7244.0,2.0,38761.0
51.27351811200788,0.0,0.0,0.0,0.0,0.0,0.0,0.0,0.0,0.0,0.0,0.0,0.0,0.0,8337.0,2.0,38768.0,7245.0,2.0,38780.0
51.28512046400283,0.0,0.0,0.0,0.0,0.0,0.0,0.0,0.0,0.0,0.0,0.0,0.0,0.0,8338.0,2.0,38788.0,7246.0,2.0,38790.0
51.31400093100092,0.0,0.0,0.0,0.0,0.0,0.0,0.0,0.0,0.0,0.0,0.0,0.0,0.0,8339.0,2.0,38808.0,7247.0,2.0,38821.0
51.3344341750053,0.0,0.0,0.0,0.0,0.0,0.0,0.0,0.0,0.0,0.0,0.0,0.0,0.0,8340.0,2.0,38828.0,7248.0,2.0,38841.0
51.35372736600402,0.0,0.0,0.0,0.0,0.0,0.0,0.0,0.0,0.0,0.0,0.0,0.0,0.0,8341.0,2.0,38848.0,7249.0,2.0,38861.0
51.48174103500787,0.0,0.0,0.0,0.0,0.0,0.0,0.0,0.0,0.0,0.0,0.0,0.0,0.0,8342.0,2.0,38868.0,7250.0,2.0,38881.0
51.48192581400508,0.0,0.0,0.0,0.0,0.0,0.0,0.0,0.0,0.0,0.0,0.0,0.0,0.0,8343.0,2.0,38888.0,7251.0,2.0,38891.0
51.4820028450049,0.0,0.0,0.0,0.0,0.0,0.0,0.0,0.0,0.0,0.0,0.0,0.0,0.0,8344.0,2.0,38908.0,7252.0,2.0,38921.0
51.482063710005605,0.0,0.0,0.0,0.0,0.0,0.0,0.0,0.0,0.0,0.0,0.0,0.0,0.0,8345.0,2.0,38928.0,7253.0,2.0,38940.0
51.48212113000045,0.0,0.0,0.0,0.0,0.0,0.0,0.0,0.0,0.0,0.0,0.0,0.0,0.0,8346.0,2.0,38948.0,7254.0,2.0,38961.0
51.482177017009235,0.0,0.0,0.0,0.0,0.0,0.0,0.0,0.0,0.0,0.0,0.0,0.0,0.0,8347.0,2.0,38968.0,7255.0,2.0,38981.0
51.483916691999184,0.0,0.0,0.0,0.0,0.0,0.0,0.0,0.0,0.0,0.0,0.0,0.0,0.0,8348.0,2.0,38988.0,7256.0,2.0,38991.0
51.516911833998165,0.0,0.0,0.0,0.0,0.0,0.0,0.0,0.0,0.0,0.0,0.0,0.0,0.0,8349.0,2.0,39008.0,7257.0,2.0,39020.0
51.53580563800642,0.0,0.0,0.0,0.0,0.0,0.0,0.0,0.0,0.0,0.0,0.0,0.0,0.0,8350.0,2.0,39028.0,7258.0,2.0,39041.0
51.542272517006495,0.0,0.0,0.0,0.0,0.0,0.0,0.0,0.0,0.0,0.0,0.0,0.0,0.0,8351.0,2.0,39048.0,7259.0,2.0,39050.0
51.57883024800685,0.0,0.0,0.0,0.0,0.0,0.0,0.0,0.0,0.0,0.0,0.0,0.0,0.0,8352.0,2.0,39068.0,7260.0,2.0,39080.0
51.58403200600878,0.0,0.0,0.0,0.0,0.0,0.0,0.0,0.0,0.0,0.0,0.0,0.0,0.0,8353.0,2.0,39088.0,7261.0,2.0,39090.0
51.64185106000514,0.0,0.0,0.0,0.0,0.0,0.0,0.0,0.0,0.0,0.0,0.0,0.0,0.0,8354.0,2.0,39108.0,7262.0,2.0,39121.0
51.64201895300357,0.0,0.0,0.0,0.0,0.0,0.0,0.0,0.0,0.0,0.0,0.0,0.0,0.0,8355.0,2.0,39128.0,7263.0,2.0,39141.0
51.661592431002646,0.0,0.0,0.0,0.0,0.0,0.0,0.0,0.0,0.0,0.0,0.0,0.0,0.0,8356.0,2.0,39148.0,7264.0,2.0,39161.0
51.699655080010416,0.0,0.0,0.0,0.0,0.0,0.0,0.0,0.0,0.0,0.0,0.0,0.0,0.0,8357.0,2.0,39168.0,7265.0,2.0,39181.0
51.6997763899999,0.0,0.0,0.0,0.0,0.0,0.0,0.0,0.0,0.0,0.0,0.0,0.0,0.0,8358.0,2.0,39188.0,7266.0,2.0,39190.0
51.71327472300618,0.0,0.0,0.0,0.0,0.0,0.0,0.0,0.0,0.0,0.0,0.0,0.0,0.0,8359.0,2.0,39208.0,7267.0,2.0,39221.0
51.734551329005626,0.0,0.0,0.0,0.0,0.0,0.0,0.0,0.0,0.0,0.0,0.0,0.0,0.0,8360.0,2.0,39228.0,7268.0,2.0,39241.0
51.75375961599639,0.0,0.0,0.0,0.0,0.0,0.0,0.0,0.0,0.0,0.0,0.0,0.0,0.0,8361.0,2.0,39248.0,7269.0,2.0,39261.0
51.773707631000434,0.0,0.0,0.0,0.0,0.0,0.0,0.0,0.0,0.0,0.0,0.0,0.0,0.0,8362.0,2.0,39268.0,7270.0,2.0,39281.0
51.78544529600185,0.0,0.0,0.0,0.0,0.0,0.0,0.0,0.0,0.0,0.0,0.0,0.0,0.0,8363.0,2.0,39288.0,7271.0,2.0,39291.0
51.91841575100261,0.0,0.0,0.0,0.0,0.0,0.0,0.0,0.0,0.0,0.0,0.0,0.0,0.0,8364.0,2.0,39308.0,7272.0,2.0,39321.0
51.918551805007155,0.0,0.0,0.0,0.0,0.0,0.0,0.0,0.0,0.0,0.0,0.0,0.0,0.0,8365.0,2.0,39328.0,7273.0,2.0,39341.0
51.92927337800211,0.0,0.0,0.0,0.0,0.0,0.0,0.0,0.0,0.0,0.0,0.0,0.0,0.0,8370.0,2.0,39428.0,7274.0,2.0,39437.0
51.95406547099992,0.0,0.0,0.0,0.0,0.0,0.0,0.0,0.0,0.0,0.0,0.0,0.0,0.0,8371.0,2.0,39448.0,7275.0,2.0,39461.0
51.963384197006235,0.0,0.0,0.0,0.0,0.0,0.0,0.0,0.0,0.0,0.0,0.0,0.0,0.0,8372.0,2.0,39468.0,7276.0,2.0,39471.0
51.99416335699789,0.0,0.0,0.0,0.0,0.0,0.0,0.0,0.0,0.0,0.0,0.0,0.0,0.0,8373.0,2.0,39488.0,7277.0,2.0,39501.0
52.013796229002764,0.0,0.0,0.0,0.0,0.0,0.0,0.0,0.0,0.0,0.0,0.0,0.0,0.0,8374.0,2.0,39508.0,7278.0,2.0,39521.0
52.14072933800344,0.0,0.0,0.0,0.0,0.0,0.0,0.0,0.0,0.0,0.0,0.0,0.0,0.0,8375.0,2.0,39528.0,7279.0,2.0,39541.0
52.14090085700445,0.0,0.0,0.0,0.0,0.0,0.0,0.0,0.0,0.0,0.0,0.0,0.0,0.0,8376.0,2.0,39548.0,7280.0,2.0,39561.0
52.14099558501039,0.0,0.0,0.0,0.0,0.0,0.0,0.0,0.0,0.0,0.0,0.0,0.0,0.0,8377.0,2.0,39568.0,7281.0,2.0,39572.0
52.14108410400513,0.0,0.0,0.0,0.0,0.0,0.0,0.0,0.0,0.0,0.0,0.0,0.0,0.0,8378.0,2.0,39588.0,7282.0,2.0,39591.0
52.14114660100313,0.0,0.0,0.0,0.0,0.0,0.0,0.0,0.0,0.0,0.0,0.0,0.0,0.0,8379.0,2.0,39608.0,7283.0,2.0,39621.0
52.14120202799677,0.0,0.0,0.0,0.0,0.0,0.0,0.0,0.0,0.0,0.0,0.0,0.0,0.0,8380.0,2.0,39628.0,7284.0,2.0,39641.0
52.15432017600688,0.0,0.0,0.0,0.0,0.0,0.0,0.0,0.0,0.0,0.0,0.0,0.0,0.0,8381.0,2.0,39648.0,7285.0,2.0,39661.0
52.164322602999164,0.0,0.0,0.0,0.0,0.0,0.0,0.0,0.0,0.0,0.0,0.0,0.0,0.0,8382.0,2.0,39668.0,7286.0,2.0,39671.0
52.194927250006,0.0,0.0,0.0,0.0,0.0,0.0,0.0,0.0,0.0,0.0,0.0,0.0,0.0,8383.0,2.0,39688.0,7287.0,2.0,39701.0
52.21295633900445,0.0,0.0,0.0,0.0,0.0,0.0,0.0,0.0,0.0,0.0,0.0,0.0,0.0,8384.0,2.0,39708.0,7288.0,2.0,39721.0
52.23576586600393,0.0,0.0,0.0,0.0,0.0,0.0,0.0,0.0,0.0,0.0,0.0,0.0,0.0,8385.0,2.0,39728.0,7289.0,2.0,39741.0
52.30285924700729,0.0,0.0,0.0,0.0,0.0,0.0,0.0,0.0,0.0,0.0,0.0,0.0,0.0,8386.0,2.0,39748.0,7290.0,2.0,39760.0
52.30297416700341,0.0,0.0,0.0,0.0,0.0,0.0,0.0,0.0,0.0,0.0,0.0,0.0,0.0,8387.0,2.0,39768.0,7291.0,2.0,39771.0
52.30304222300765,0.0,0.0,0.0,0.0,0.0,0.0,0.0,0.0,0.0,0.0,0.0,0.0,0.0,8388.0,2.0,39788.0,7292.0,2.0,39801.0
52.35765361299855,0.0,0.0,0.0,0.0,0.0,0.0,0.0,0.0,0.0,0.0,0.0,0.0,0.0,8389.0,2.0,39808.0,7293.0,2.0,39821.0
52.35778097200091,0.0,0.0,0.0,0.0,0.0,0.0,0.0,0.0,0.0,0.0,0.0,0.0,0.0,8390.0,2.0,39828.0,7294.0,2.0,39841.0
52.35787526999775,0.0,0.0,0.0,0.0,0.0,0.0,0.0,0.0,0.0,0.0,0.0,0.0,0.0,8391.0,2.0,39848.0,7295.0,2.0,39861.0
52.36507332400652,0.0,0.0,0.0,0.0,0.0,0.0,0.0,0.0,0.0,0.0,0.0,0.0,0.0,8392.0,2.0,39868.0,7296.0,2.0,39870.0
52.40146913200442,0.0,0.0,0.0,0.0,0.0,0.0,0.0,0.0,0.0,0.0,0.0,0.0,0.0,8393.0,2.0,39888.0,7297.0,2.0,39900.0
52.41440964100184,0.0,0.0,0.0,0.0,0.0,0.0,0.0,0.0,0.0,0.0,0.0,0.0,0.0,8394.0,2.0,39908.0,7298.0,2.0,39920.0
52.43307418600307,0.0,0.0,0.0,0.0,0.0,0.0,0.0,0.0,0.0,0.0,0.0,0.0,0.0,8395.0,2.0,39928.0,7299.0,2.0,39941.0
52.4554083289986,0.0,0.0,0.0,0.0,0.0,0.0,0.0,0.0,0.0,0.0,0.0,0.0,0.0,8396.0,2.0,39948.0,7300.0,2.0,39961.0
52.666210436000256,0.0,0.0,0.0,0.0,0.0,0.0,0.0,0.0,0.0,0.0,0.0,0.0,0.0,8397.0,2.0,39968.0,7301.0,2.0,39971.0
52.666397149005206,0.0,0.0,0.0,0.0,0.0,0.0,0.0,0.0,0.0,0.0,0.0,0.0,0.0,8398.0,2.0,39988.0,7302.0,2.0,40001.0
52.66647521100822,0.0,0.0,0.0,0.0,0.0,0.0,0.0,0.0,0.0,0.0,0.0,0.0,0.0,8399.0,2.0,40008.0,7303.0,2.0,40021.0
52.666535786003806,0.0,0.0,0.0,0.0,0.0,0.0,0.0,0.0,0.0,0.0,0.0,0.0,0.0,8400.0,2.0,40028.0,7304.0,2.0,40041.0
52.66659295599675,0.0,0.0,0.0,0.0,0.0,0.0,0.0,0.0,0.0,0.0,0.0,0.0,0.0,8401.0,2.0,40048.0,7305.0,2.0,40061.0
52.66664928400132,0.0,0.0,0.0,0.0,0.0,0.0,0.0,0.0,0.0,0.0,0.0,0.0,0.0,8402.0,2.0,40068.0,7306.0,2.0,40074.0
52.6667043500056,0.0,0.0,0.0,0.0,0.0,0.0,0.0,0.0,0.0,0.0,0.0,0.0,0.0,8403.0,2.0,40088.0,7307.0,2.0,40101.0
52.666767679998884,0.0,0.0,0.0,0.0,0.0,0.0,0.0,0.0,0.0,0.0,0.0,0.0,0.0,8404.0,2.0,40108.0,7308.0,2.0,40121.0
52.66682225500699,0.0,0.0,0.0,0.0,0.0,0.0,0.0,0.0,0.0,0.0,0.0,0.0,0.0,8405.0,2.0,40128.0,7309.0,2.0,40141.0
52.6668746570067,0.0,0.0,0.0,0.0,0.0,0.0,0.0,0.0,0.0,0.0,0.0,0.0,0.0,8406.0,2.0,40148.0,7310.0,2.0,40161.0
52.66692811100802,0.0,0.0,0.0,0.0,0.0,0.0,0.0,0.0,0.0,0.0,0.0,0.0,0.0,8407.0,2.0,40168.0,7311.0,2.0,40172.0
53.088853328008554,0.0,0.0,0.0,0.0,0.0,0.0,0.0,0.0,0.0,0.0,0.0,0.0,0.0,8408.0,2.0,40188.0,7312.0,2.0,40191.0
53.089043656000285,0.0,0.0,0.0,0.0,0.0,0.0,0.0,0.0,0.0,0.0,0.0,0.0,0.0,8409.0,2.0,40208.0,7313.0,2.0,40221.0
53.08911386699765,0.0,0.0,0.0,0.0,0.0,0.0,0.0,0.0,0.0,0.0,0.0,0.0,0.0,8410.0,2.0,40228.0,7314.0,2.0,40241.0
53.08917513300548,0.0,0.0,0.0,0.0,0.0,0.0,0.0,0.0,0.0,0.0,0.0,0.0,0.0,8411.0,2.0,40248.0,7315.0,2.0,40261.0
53.08981913200114,0.0,0.0,0.0,0.0,0.0,0.0,0.0,0.0,0.0,0.0,0.0,0.0,0.0,8412.0,2.0,40268.0,7316.0,2.0,40271.0
53.089881690000766,0.0,0.0,0.0,0.0,0.0,0.0,0.0,0.0,0.0,0.0,0.0,0.0,0.0,8413.0,2.0,40288.0,7317.0,2.0,40301.0
53.089938268996775,0.0,0.0,0.0,0.0,0.0,0.0,0.0,0.0,0.0,0.0,0.0,0.0,0.0,8414.0,2.0,40308.0,7318.0,2.0,40321.0
53.089992392997374,0.0,0.0,0.0,0.0,0.0,0.0,0.0,0.0,0.0,0.0,0.0,0.0,0.0,8415.0,2.0,40328.0,7319.0,2.0,40341.0
53.090046388009796,0.0,0.0,0.0,0.0,0.0,0.0,0.0,0.0,0.0,0.0,0.0,0.0,0.0,8418.0,2.0,40388.0,7322.0,2.0,40401.0
53.09010016200773,0.0,0.0,0.0,0.0,0.0,0.0,0.0,0.0,0.0,0.0,0.0,0.0,0.0,8419.0,2.0,40408.0,7323.0,2.0,40421.0
53.0901562700019,0.0,0.0,0.0,0.0,0.0,0.0,0.0,0.0,0.0,0.0,0.0,0.0,0.0,8420.0,2.0,40428.0,7324.0,2.0,40441.0
53.090210355003364,0.0,0.0,0.0,0.0,0.0,0.0,0.0,0.0,0.0,0.0,0.0,0.0,0.0,8421.0,2.0,40448.0,7325.0,2.0,40461.0
53.09027395500743,0.0,0.0,0.0,0.0,0.0,0.0,0.0,0.0,0.0,0.0,0.0,0.0,0.0,8422.0,2.0,40468.0,7326.0,2.0,40471.0
53.09033277700655,0.0,0.0,0.0,0.0,0.0,0.0,0.0,0.0,0.0,0.0,0.0,0.0,0.0,8423.0,2.0,40488.0,7327.0,2.0,40491.0
53.0903866209992,0.0,0.0,0.0,0.0,0.0,0.0,0.0,0.0,0.0,0.0,0.0,0.0,0.0,8424.0,2.0,40508.0,7328.0,2.0,40521.0
53.090438872997765,0.0,0.0,0.0,0.0,0.0,0.0,0.0,0.0,0.0,0.0,0.0,0.0,0.0,8425.0,2.0,40528.0,7329.0,2.0,40541.0
53.090491745999316,0.0,0.0,0.0,0.0,0.0,0.0,0.0,0.0,0.0,0.0,0.0,0.0,0.0,8426.0,2.0,40548.0,7330.0,2.0,40561.0
53.090544828999555,0.0,0.0,0.0,0.0,0.0,0.0,0.0,0.0,0.0,0.0,0.0,0.0,0.0,8427.0,2.0,40568.0,7331.0,2.0,40573.0
53.090597572008846,0.0,0.0,0.0,0.0,0.0,0.0,0.0,0.0,0.0,0.0,0.0,0.0,0.0,8428.0,2.0,40588.0,7332.0,2.0,40591.0
53.11423891600862,0.0,0.0,0.0,0.0,0.0,0.0,0.0,0.0,0.0,0.0,0.0,0.0,0.0,8429.0,2.0,40608.0,7333.0,2.0,40621.0
53.14357351300714,0.0,0.0,0.0,0.0,0.0,0.0,0.0,0.0,0.0,0.0,0.0,0.0,0.0,8430.0,2.0,40628.0,7334.0,2.0,40641.0
53.1534910370101,0.0,0.0,0.0,0.0,0.0,0.0,0.0,0.0,0.0,0.0,0.0,0.0,0.0,8431.0,2.0,40648.0,7335.0,2.0,40661.0
53.16296613799932,0.0,0.0,0.0,0.0,0.0,0.0,0.0,0.0,0.0,0.0,0.0,0.0,0.0,8432.0,2.0,40668.0,7336.0,2.0,40671.0
53.60010756801057,0.0,0.0,0.0,0.0,0.0,0.0,0.0,0.0,0.0,0.0,0.0,0.0,0.0,8437.0,2.0,40768.0,7341.0,2.0,40771.0
53.60034562200599,0.0,0.0,0.0,0.0,0.0,0.0,0.0,0.0,0.0,0.0,0.0,0.0,0.0,8443.0,2.0,40888.0,7347.0,2.0,40901.0
53.60044395600562,0.0,0.0,0.0,0.0,0.0,0.0,0.0,0.0,0.0,0.0,0.0,0.0,0.0,8444.0,2.0,40908.0,7348.0,2.0,40921.0
53.600538915008656,0.0,0.0,0.0,0.0,0.0,0.0,0.0,0.0,0.0,0.0,0.0,0.0,0.0,8445.0,2.0,40928.0,7349.0,2.0,40941.0
53.60060373600572,0.0,0.0,0.0,0.0,0.0,0.0,0.0,0.0,0.0,0.0,0.0,0.0,0.0,8446.0,2.0,40948.0,7350.0,2.0,40961.0
53.60066086601,0.0,0.0,0.0,0.0,0.0,0.0,0.0,0.0,0.0,0.0,0.0,0.0,0.0,8447.0,2.0,40968.0,7351.0,2.0,40971.0
53.60071617300855,0.0,0.0,0.0,0.0,0.0,0.0,0.0,0.0,0.0,0.0,0.0,0.0,0.0,8448.0,2.0,40988.0,7352.0,2.0,41001.0
53.60076967701025,0.0,0.0,0.0,0.0,0.0,0.0,0.0,0.0,0.0,0.0,0.0,0.0,0.0,8449.0,2.0,41008.0,7353.0,2.0,41021.0
53.600821116997395,0.0,0.0,0.0,0.0,0.0,0.0,0.0,0.0,0.0,0.0,0.0,0.0,0.0,8450.0,2.0,41028.0,7354.0,2.0,41041.0
53.60087322900654,0.0,0.0,0.0,0.0,0.0,0.0,0.0,0.0,0.0,0.0,0.0,0.0,0.0,8451.0,2.0,41048.0,7355.0,2.0,41061.0
53.600931200009654,0.0,0.0,0.0,0.0,0.0,0.0,0.0,0.0,0.0,0.0,0.0,0.0,0.0,8452.0,2.0,41068.0,7356.0,2.0,41073.0
53.60098512499826,0.0,0.0,0.0,0.0,0.0,0.0,0.0,0.0,0.0,0.0,0.0,0.0,0.0,8453.0,2.0,41088.0,7357.0,2.0,41091.0
53.61974794100388,0.0,0.0,0.0,0.0,0.0,0.0,0.0,0.0,0.0,0.0,0.0,0.0,0.0,8454.0,2.0,41108.0,7358.0,2.0,41121.0
53.6349560420058,0.0,0.0,0.0,0.0,0.0,0.0,0.0,0.0,0.0,0.0,0.0,0.0,0.0,8455.0,2.0,41128.0,7359.0,2.0,41141.0
53.65274741500616,0.0,0.0,0.0,0.0,0.0,0.0,0.0,0.0,0.0,0.0,0.0,0.0,0.0,8456.0,2.0,41148.0,7360.0,2.0,41161.0
53.663378488010494,0.0,0.0,0.0,0.0,0.0,0.0,0.0,0.0,0.0,0.0,0.0,0.0,0.0,8457.0,2.0,41168.0,7361.0,2.0,41171.0
53.692613988998346,0.0,0.0,0.0,0.0,0.0,0.0,0.0,0.0,0.0,0.0,0.0,0.0,0.0,8458.0,2.0,41188.0,7362.0,2.0,41201.0
54.10864147800021,0.0,0.0,0.0,0.0,0.0,0.0,0.0,0.0,0.0,0.0,0.0,0.0,0.0,8459.0,2.0,41208.0,7363.0,2.0,41221.0
54.10882515599951,0.0,0.0,0.0,0.0,0.0,0.0,0.0,0.0,0.0,0.0,0.0,0.0,0.0,8460.0,2.0,41228.0,7364.0,2.0,41241.0
54.108895445999224,0.0,0.0,0.0,0.0,0.0,0.0,0.0,0.0,0.0,0.0,0.0,0.0,0.0,8461.0,2.0,41248.0,7365.0,2.0,41261.0
54.108956822004984,0.0,0.0,0.0,0.0,0.0,0.0,0.0,0.0,0.0,0.0,0.0,0.0,0.0,8462.0,2.0,41268.0,7366.0,2.0,41271.0
54.10901266000292,0.0,0.0,0.0,0.0,0.0,0.0,0.0,0.0,0.0,0.0,0.0,0.0,0.0,8463.0,2.0,41288.0,7367.0,2.0,41301.0
54.109066974997404,0.0,0.0,0.0,0.0,0.0,0.0,0.0,0.0,0.0,0.0,0.0,0.0,0.0,8464.0,2.0,41308.0,7368.0,2.0,41321.0
54.10912079901027,0.0,0.0,0.0,0.0,0.0,0.0,0.0,0.0,0.0,0.0,0.0,0.0,0.0,8465.0,2.0,41328.0,7369.0,2.0,41340.0
54.10917506500846,0.0,0.0,0.0,0.0,0.0,0.0,0.0,0.0,0.0,0.0,0.0,0.0,0.0,8476.0,2.0,41548.0,7370.0,2.0,41553.0
54.109227856999496,0.0,0.0,0.0,0.0,0.0,0.0,0.0,0.0,0.0,0.0,0.0,0.0,0.0,8477.0,2.0,41568.0,7371.0,2.0,41581.0
54.10929442199995,0.0,0.0,0.0,0.0,0.0,0.0,0.0,0.0,0.0,0.0,0.0,0.0,0.0,8478.0,2.0,41588.0,7372.0,2.0,41601.0
54.112407824999536,0.0,0.0,0.0,0.0,0.0,0.0,0.0,0.0,0.0,0.0,0.0,0.0,0.0,8479.0,2.0,41608.0,7373.0,2.0,41621.0
54.122570692998124,0.0,0.0,0.0,0.0,0.0,0.0,0.0,0.0,0.0,0.0,0.0,0.0,0.0,8480.0,2.0,41628.0,7374.0,2.0,41631.0
54.15432463400066,0.0,0.0,0.0,0.0,0.0,0.0,0.0,0.0,0.0,0.0,0.0,0.0,0.0,8481.0,2.0,41648.0,7375.0,2.0,41660.0
54.16440006600169,0.0,0.0,0.0,0.0,0.0,0.0,0.0,0.0,0.0,0.0,0.0,0.0,0.0,8482.0,2.0,41669.0,7376.0,2.0,41670.0
54.19582446900313,0.0,0.0,0.0,0.0,0.0,0.0,0.0,0.0,0.0,0.0,0.0,0.0,0.0,8483.0,2.0,41688.0,7377.0,2.0,41701.0
54.63225081600831,0.0,0.0,0.0,0.0,0.0,0.0,0.0,0.0,0.0,0.0,0.0,0.0,0.0,8484.0,2.0,41708.0,7378.0,2.0,41721.0
54.63246798700129,0.0,0.0,0.0,0.0,0.0,0.0,0.0,0.0,0.0,0.0,0.0,0.0,0.0,8485.0,2.0,41728.0,7379.0,2.0,41741.0
54.632538036006736,0.0,0.0,0.0,0.0,0.0,0.0,0.0,0.0,0.0,0.0,0.0,0.0,0.0,8486.0,2.0,41748.0,7380.0,2.0,41761.0
54.63259888200264,0.0,0.0,0.0,0.0,0.0,0.0,0.0,0.0,0.0,0.0,0.0,0.0,0.0,8487.0,2.0,41768.0,7381.0,2.0,41771.0
54.6326545089978,0.0,0.0,0.0,0.0,0.0,0.0,0.0,0.0,0.0,0.0,0.0,0.0,0.0,8488.0,2.0,41788.0,7382.0,2.0,41801.0
54.63270996599749,0.0,0.0,0.0,0.0,0.0,0.0,0.0,0.0,0.0,0.0,0.0,0.0,0.0,8489.0,2.0,41808.0,7383.0,2.0,41821.0
54.632764291003696,0.0,0.0,0.0,0.0,0.0,0.0,0.0,0.0,0.0,0.0,0.0,0.0,0.0,8490.0,2.0,41828.0,7384.0,2.0,41841.0
54.632818676996976,0.0,0.0,0.0,0.0,0.0,0.0,0.0,0.0,0.0,0.0,0.0,0.0,0.0,8491.0,2.0,41848.0,7385.0,2.0,41861.0
54.632872621004935,0.0,0.0,0.0,0.0,0.0,0.0,0.0,0.0,0.0,0.0,0.0,0.0,0.0,8492.0,2.0,41868.0,7386.0,2.0,41871.0
54.63292805801029,0.0,0.0,0.0,0.0,0.0,0.0,0.0,0.0,0.0,0.0,0.0,0.0,0.0,8493.0,2.0,41888.0,7387.0,2.0,41901.0
54.632982463997905,0.0,0.0,0.0,0.0,0.0,0.0,0.0,0.0,0.0,0.0,0.0,0.0,0.0,8494.0,2.0,41908.0,7388.0,2.0,41921.0
54.633037140010856,0.0,0.0,0.0,0.0,0.0,0.0,0.0,0.0,0.0,0.0,0.0,0.0,0.0,8495.0,2.0,41928.0,7389.0,2.0,41941.0
54.63311528200575,0.0,0.0,0.0,0.0,0.0,0.0,0.0,0.0,0.0,0.0,0.0,0.0,0.0,8496.0,2.0,41948.0,7390.0,2.0,41961.0
54.63322863999929,0.0,0.0,0.0,0.0,0.0,0.0,0.0,0.0,0.0,0.0,0.0,0.0,0.0,8497.0,2.0,41968.0,7391.0,2.0,41971.0
54.63332383999659,0.0,0.0,0.0,0.0,0.0,0.0,0.0,0.0,0.0,0.0,0.0,0.0,0.0,8498.0,2.0,41988.0,7392.0,2.0,41991.0
54.63340217299992,0.0,0.0,0.0,0.0,0.0,0.0,0.0,0.0,0.0,0.0,0.0,0.0,0.0,8499.0,2.0,42008.0,7393.0,2.0,42021.0
54.63348338000651,0.0,0.0,0.0,0.0,0.0,0.0,0.0,0.0,0.0,0.0,0.0,0.0,0.0,8500.0,2.0,42028.0,7394.0,2.0,42041.0
54.63356096200005,0.0,0.0,0.0,0.0,0.0,0.0,0.0,0.0,0.0,0.0,0.0,0.0,0.0,8501.0,2.0,42048.0,7395.0,2.0,42061.0
54.63383740599966,0.0,0.0,0.0,0.0,0.0,0.0,0.0,0.0,0.0,0.0,0.0,0.0,0.0,8502.0,2.0,42068.0,7396.0,2.0,42072.0
54.633911702010664,0.0,0.0,0.0,0.0,0.0,0.0,0.0,0.0,0.0,0.0,0.0,0.0,0.0,8503.0,2.0,42088.0,7397.0,2.0,42091.0
54.63396943300904,0.0,0.0,0.0,0.0,0.0,0.0,0.0,0.0,0.0,0.0,0.0,0.0,0.0,8504.0,2.0,42108.0,7398.0,2.0,42121.0
54.63932310399832,0.0,0.0,0.0,0.0,0.0,0.0,0.0,0.0,0.0,0.0,0.0,0.0,0.0,8505.0,2.0,42128.0,7399.0,2.0,42141.0
54.654503628000384,0.0,0.0,0.0,0.0,0.0,0.0,0.0,0.0,0.0,0.0,0.0,0.0,0.0,8506.0,2.0,42148.0,7400.0,2.0,42161.0
54.66377864300739,0.0,0.0,0.0,0.0,0.0,0.0,0.0,0.0,0.0,0.0,0.0,0.0,0.0,8507.0,2.0,42168.0,7401.0,2.0,42171.0
54.69299907999812,0.0,0.0,0.0,0.0,0.0,0.0,0.0,0.0,0.0,0.0,0.0,0.0,0.0,8508.0,2.0,42188.0,7402.0,2.0,42201.0
54.71851084601076,0.0,0.0,0.0,0.0,0.0,0.0,0.0,0.0,0.0,0.0,0.0,0.0,0.0,8509.0,2.0,42208.0,7403.0,2.0,42221.0
55.64107201900333,0.0,0.0,0.0,0.0,0.0,0.0,0.0,0.0,0.0,0.0,0.0,0.0,0.0,8510.0,2.0,42228.0,7404.0,2.0,42241.0
55.641241395002,0.0,0.0,0.0,0.0,0.0,0.0,0.0,0.0,0.0,0.0,0.0,0.0,0.0,8511.0,2.0,42248.0,7405.0,2.0,42261.0
55.641330145008396,0.0,0.0,0.0,0.0,0.0,0.0,0.0,0.0,0.0,0.0,0.0,0.0,0.0,8512.0,2.0,42268.0,7406.0,2.0,42270.0
55.64139532700938,0.0,0.0,0.0,0.0,0.0,0.0,0.0,0.0,0.0,0.0,0.0,0.0,0.0,8513.0,2.0,42288.0,7407.0,2.0,42301.0
55.64145417899999,0.0,0.0,0.0,0.0,0.0,0.0,0.0,0.0,0.0,0.0,0.0,0.0,0.0,8514.0,2.0,42308.0,7408.0,2.0,42321.0
55.641547746010474,0.0,0.0,0.0,0.0,0.0,0.0,0.0,0.0,0.0,0.0,0.0,0.0,0.0,8515.0,2.0,42328.0,7409.0,2.0,42340.0
55.64162822300568,0.0,0.0,0.0,0.0,0.0,0.0,0.0,0.0,0.0,0.0,0.0,0.0,0.0,8516.0,2.0,42348.0,7410.0,2.0,42361.0
55.641726818008465,0.0,0.0,0.0,0.0,0.0,0.0,0.0,0.0,0.0,0.0,0.0,0.0,0.0,8517.0,2.0,42368.0,7411.0,2.0,42371.0
55.641815025999676,0.0,0.0,0.0,0.0,0.0,0.0,0.0,0.0,0.0,0.0,0.0,0.0,0.0,8518.0,2.0,42388.0,7412.0,2.0,42401.0
55.64189156600332,0.0,0.0,0.0,0.0,0.0,0.0,0.0,0.0,0.0,0.0,0.0,0.0,0.0,8519.0,2.0,42408.0,7413.0,2.0,42421.0
55.64198231900809,0.0,0.0,0.0,0.0,0.0,0.0,0.0,0.0,0.0,0.0,0.0,0.0,0.0,8520.0,2.0,42428.0,7414.0,2.0,42441.0
55.642059370002244,0.0,0.0,0.0,0.0,0.0,0.0,0.0,0.0,0.0,0.0,0.0,0.0,0.0,8521.0,2.0,42448.0,7415.0,2.0,42461.0
55.642169883009046,0.0,0.0,0.0,0.0,0.0,0.0,0.0,0.0,0.0,0.0,0.0,0.0,0.0,8522.0,2.0,42468.0,7416.0,2.0,42469.0
55.642246133007575,0.0,0.0,0.0,0.0,0.0,0.0,0.0,0.0,0.0,0.0,0.0,0.0,0.0,8523.0,2.0,42488.0,7417.0,2.0,42500.0
55.64233707600215,0.0,0.0,0.0,0.0,0.0,0.0,0.0,0.0,0.0,0.0,0.0,0.0,0.0,8524.0,2.0,42508.0,7418.0,2.0,42521.0
55.642415809998056,0.0,0.0,0.0,0.0,0.0,0.0,0.0,0.0,0.0,0.0,0.0,0.0,0.0,8525.0,2.0,42528.0,7419.0,2.0,42541.0
55.64263810899865,0.0,0.0,0.0,0.0,0.0,0.0,0.0,0.0,0.0,0.0,0.0,0.0,0.0,8526.0,2.0,42548.0,7420.0,2.0,42561.0
55.642741871997714,0.0,0.0,0.0,0.0,0.0,0.0,0.0,0.0,0.0,0.0,0.0,0.0,0.0,8527.0,2.0,42568.0,7421.0,2.0,42573.0
55.64283021001029,0.0,0.0,0.0,0.0,0.0,0.0,0.0,0.0,0.0,0.0,0.0,0.0,0.0,8528.0,2.0,42588.0,7422.0,2.0,42591.0
55.642909465008415,0.0,0.0,0.0,0.0,0.0,0.0,0.0,0.0,0.0,0.0,0.0,0.0,0.0,8529.0,2.0,42608.0,7423.0,2.0,42621.0
55.64299582999956,0.0,0.0,0.0,0.0,0.0,0.0,0.0,0.0,0.0,0.0,0.0,0.0,0.0,8530.0,2.0,42628.0,7424.0,2.0,42640.0
55.64307706800173,0.0,0.0,0.0,0.0,0.0,0.0,0.0,0.0,0.0,0.0,0.0,0.0,0.0,8531.0,2.0,42648.0,7425.0,2.0,42660.0
55.64442446400062,0.0,0.0,0.0,0.0,0.0,0.0,0.0,0.0,0.0,0.0,0.0,0.0,0.0,8532.0,2.0,42668.0,7426.0,2.0,42669.0
55.64450451900484,0.0,0.0,0.0,0.0,0.0,0.0,0.0,0.0,0.0,0.0,0.0,0.0,0.0,8533.0,2.0,42688.0,7427.0,2.0,42701.0
55.64455729200563,0.0,0.0,0.0,0.0,0.0,0.0,0.0,0.0,0.0,0.0,0.0,0.0,0.0,8534.0,2.0,42708.0,7428.0,2.0,42721.0
55.644609604001744,0.0,0.0,0.0,0.0,0.0,0.0,0.0,0.0,0.0,0.0,0.0,0.0,0.0,8535.0,2.0,42728.0,7429.0,2.0,42741.0
55.64466277800966,0.0,0.0,0.0,0.0,0.0,0.0,0.0,0.0,0.0,0.0,0.0,0.0,0.0,8536.0,2.0,42748.0,7430.0,2.0,42761.0
55.644720488999155,0.0,0.0,0.0,0.0,0.0,0.0,0.0,0.0,0.0,0.0,0.0,0.0,0.0,8537.0,2.0,42768.0,7431.0,2.0,42770.0
55.64477273100056,0.0,0.0,0.0,0.0,0.0,0.0,0.0,0.0,0.0,0.0,0.0,0.0,0.0,8538.0,2.0,42788.0,7432.0,2.0,42801.0
55.644825032999506,0.0,0.0,0.0,0.0,0.0,0.0,0.0,0.0,0.0,0.0,0.0,0.0,0.0,8539.0,2.0,42808.0,7433.0,2.0,42821.0
55.64487726500374,0.0,0.0,0.0,0.0,0.0,0.0,0.0,0.0,0.0,0.0,0.0,0.0,0.0,8540.0,2.0,42828.0,7434.0,2.0,42841.0
55.64492946700193,0.0,0.0,0.0,0.0,0.0,0.0,0.0,0.0,0.0,0.0,0.0,0.0,0.0,8541.0,2.0,42848.0,7435.0,2.0,42861.0
55.64498090700363,0.0,0.0,0.0,0.0,0.0,0.0,0.0,0.0,0.0,0.0,0.0,0.0,0.0,8542.0,2.0,42868.0,7436.0,2.0,42871.0
55.64503184700152,0.0,0.0,0.0,0.0,0.0,0.0,0.0,0.0,0.0,0.0,0.0,0.0,0.0,8543.0,2.0,42888.0,7437.0,2.0,42901.0
55.64508346900402,0.0,0.0,0.0,0.0,0.0,0.0,0.0,0.0,0.0,0.0,0.0,0.0,0.0,8544.0,2.0,42908.0,7438.0,2.0,42921.0
55.64513443900796,0.0,0.0,0.0,0.0,0.0,0.0,0.0,0.0,0.0,0.0,0.0,0.0,0.0,8545.0,2.0,42928.0,7439.0,2.0,42941.0
55.64518519800913,0.0,0.0,0.0,0.0,0.0,0.0,0.0,0.0,0.0,0.0,0.0,0.0,0.0,8546.0,2.0,42948.0,7440.0,2.0,42961.0
55.645236048003426,0.0,0.0,0.0,0.0,0.0,0.0,0.0,0.0,0.0,0.0,0.0,0.0,0.0,8547.0,2.0,42968.0,7441.0,2.0,42969.0
55.64529809600208,0.0,0.0,0.0,0.0,0.0,0.0,0.0,0.0,0.0,0.0,0.0,0.0,0.0,8548.0,2.0,42988.0,7442.0,2.0,43001.0
55.645351760002086,0.0,0.0,0.0,0.0,0.0,0.0,0.0,0.0,0.0,0.0,0.0,0.0,0.0,8549.0,2.0,43008.0,7443.0,2.0,43021.0
55.64540352100448,0.0,0.0,0.0,0.0,0.0,0.0,0.0,0.0,0.0,0.0,0.0,0.0,0.0,8550.0,2.0,43028.0,7444.0,2.0,43041.0
55.645454530997085,0.0,0.0,0.0,0.0,0.0,0.0,0.0,0.0,0.0,0.0,0.0,0.0,0.0,8551.0,2.0,43048.0,7445.0,2.0,43061.0
55.64550619199872,0.0,0.0,0.0,0.0,0.0,0.0,0.0,0.0,0.0,0.0,0.0,0.0,0.0,8552.0,2.0,43068.0,7446.0,2.0,43073.0
55.6455824720033,0.0,0.0,0.0,0.0,0.0,0.0,0.0,0.0,0.0,0.0,0.0,0.0,0.0,8553.0,2.0,43088.0,7447.0,2.0,43091.0
55.645657679997385,0.0,0.0,0.0,0.0,0.0,0.0,0.0,0.0,0.0,0.0,0.0,0.0,0.0,8554.0,2.0,43108.0,7448.0,2.0,43121.0
55.6457321170019,0.0,0.0,0.0,0.0,0.0,0.0,0.0,0.0,0.0,0.0,0.0,0.0,0.0,8555.0,2.0,43128.0,7449.0,2.0,43141.0
55.6530344440107,0.0,0.0,0.0,0.0,0.0,0.0,0.0,0.0,0.0,0.0,0.0,0.0,0.0,8556.0,2.0,43148.0,7450.0,2.0,43161.0
55.662837668001885,0.0,0.0,0.0,0.0,0.0,0.0,0.0,0.0,0.0,0.0,0.0,0.0,0.0,8557.0,2.0,43168.0,7451.0,2.0,43171.0
55.69294253300177,0.0,0.0,0.0,0.0,0.0,0.0,0.0,0.0,0.0,0.0,0.0,0.0,0.0,8558.0,2.0,43188.0,7452.0,2.0,43201.0
56.18777639900509,0.0,0.0,0.0,0.0,0.0,0.0,0.0,0.0,0.0,0.0,0.0,0.0,0.0,8559.0,2.0,43208.0,7453.0,2.0,43220.0
56.18804078400717,0.0,0.0,0.0,0.0,0.0,0.0,0.0,0.0,0.0,0.0,0.0,0.0,0.0,8560.0,2.0,43228.0,7454.0,2.0,43241.0
56.188110734001384,0.0,0.0,0.0,0.0,0.0,0.0,0.0,0.0,0.0,0.0,0.0,0.0,0.0,8561.0,2.0,43248.0,7455.0,2.0,43260.0
56.18866344100388,0.0,0.0,0.0,0.0,0.0,0.0,0.0,0.0,0.0,0.0,0.0,0.0,0.0,8562.0,2.0,43268.0,7456.0,2.0,43281.0
56.188726200009114,0.0,0.0,0.0,0.0,0.0,0.0,0.0,0.0,0.0,0.0,0.0,0.0,0.0,8563.0,2.0,43288.0,7457.0,2.0,43301.0
56.188783158999286,0.0,0.0,0.0,0.0,0.0,0.0,0.0,0.0,0.0,0.0,0.0,0.0,0.0,8564.0,2.0,43308.0,7458.0,2.0,43321.0
56.18883632301004,0.0,0.0,0.0,0.0,0.0,0.0,0.0,0.0,0.0,0.0,0.0,0.0,0.0,8565.0,2.0,43328.0,7459.0,2.0,43341.0
56.18888897600118,0.0,0.0,0.0,0.0,0.0,0.0,0.0,0.0,0.0,0.0,0.0,0.0,0.0,8576.0,2.0,43548.0,7460.0,2.0,43552.0
56.188941398009774,0.0,0.0,0.0,0.0,0.0,0.0,0.0,0.0,0.0,0.0,0.0,0.0,0.0,8577.0,2.0,43568.0,7461.0,2.0,43581.0
56.18899395001063,0.0,0.0,0.0,0.0,0.0,0.0,0.0,0.0,0.0,0.0,0.0,0.0,0.0,8578.0,2.0,43588.0,7462.0,2.0,43601.0
56.18904637300875,0.0,0.0,0.0,0.0,0.0,0.0,0.0,0.0,0.0,0.0,0.0,0.0,0.0,8579.0,2.0,43608.0,7463.0,2.0,43621.0
56.18909930600785,0.0,0.0,0.0,0.0,0.0,0.0,0.0,0.0,0.0,0.0,0.0,0.0,0.0,8580.0,2.0,43628.0,7464.0,2.0,43641.0
56.18915143799677,0.0,0.0,0.0,0.0,0.0,0.0,0.0,0.0,0.0,0.0,0.0,0.0,0.0,8581.0,2.0,43648.0,7465.0,2.0,43660.0
56.18920336900919,0.0,0.0,0.0,0.0,0.0,0.0,0.0,0.0,0.0,0.0,0.0,0.0,0.0,8582.0,2.0,43668.0,7466.0,2.0,43680.0
56.192619684006786,0.0,0.0,0.0,0.0,0.0,0.0,0.0,0.0,0.0,0.0,0.0,0.0,0.0,8583.0,2.0,43688.0,7467.0,2.0,43700.0
56.20057877199724,0.0,0.0,0.0,0.0,0.0,0.0,0.0,0.0,0.0,0.0,0.0,0.0,0.0,8584.0,2.0,43708.0,7468.0,2.0,43709.0
56.23258485199767,0.0,0.0,0.0,0.0,0.0,0.0,0.0,0.0,0.0,0.0,0.0,0.0,0.0,8585.0,2.0,43728.0,7469.0,2.0,43741.0
56.682725058999495,0.0,0.0,0.0,0.0,0.0,0.0,0.0,0.0,0.0,0.0,0.0,0.0,0.0,8586.0,2.0,43748.0,7470.0,2.0,43761.0
56.68311369000003,0.0,0.0,0.0,0.0,0.0,0.0,0.0,0.0,0.0,0.0,0.0,0.0,0.0,8587.0,2.0,43768.0,7471.0,2.0,43771.0
56.6831826580019,0.0,0.0,0.0,0.0,0.0,0.0,0.0,0.0,0.0,0.0,0.0,0.0,0.0,8588.0,2.0,43788.0,7472.0,2.0,43801.0
56.683242191997124,0.0,0.0,0.0,0.0,0.0,0.0,0.0,0.0,0.0,0.0,0.0,0.0,0.0,8589.0,2.0,43808.0,7473.0,2.0,43821.0
56.683310188003816,0.0,0.0,0.0,0.0,0.0,0.0,0.0,0.0,0.0,0.0,0.0,0.0,0.0,8590.0,2.0,43828.0,7474.0,2.0,43841.0
56.68336932100647,0.0,0.0,0.0,0.0,0.0,0.0,0.0,0.0,0.0,0.0,0.0,0.0,0.0,8591.0,2.0,43848.0,7475.0,2.0,43861.0
56.68342448800104,0.0,0.0,0.0,0.0,0.0,0.0,0.0,0.0,0.0,0.0,0.0,0.0,0.0,8592.0,2.0,43868.0,7476.0,2.0,43871.0
56.683478592996835,0.0,0.0,0.0,0.0,0.0,0.0,0.0,0.0,0.0,0.0,0.0,0.0,0.0,8593.0,2.0,43888.0,7477.0,2.0,43891.0
56.68353190700873,0.0,0.0,0.0,0.0,0.0,0.0,0.0,0.0,0.0,0.0,0.0,0.0,0.0,8594.0,2.0,43908.0,7478.0,2.0,43920.0
56.68358395900577,0.0,0.0,0.0,0.0,0.0,0.0,0.0,0.0,0.0,0.0,0.0,0.0,0.0,8595.0,2.0,43928.0,7479.0,2.0,43940.0
56.68363697199675,0.0,0.0,0.0,0.0,0.0,0.0,0.0,0.0,0.0,0.0,0.0,0.0,0.0,8596.0,2.0,43948.0,7480.0,2.0,43960.0
56.683689544006484,0.0,0.0,0.0,0.0,0.0,0.0,0.0,0.0,0.0,0.0,0.0,0.0,0.0,8597.0,2.0,43968.0,7481.0,2.0,43971.0
56.683741526008816,0.0,0.0,0.0,0.0,0.0,0.0,0.0,0.0,0.0,0.0,0.0,0.0,0.0,8598.0,2.0,43988.0,7482.0,2.0,44001.0
56.68379366800946,0.0,0.0,0.0,0.0,0.0,0.0,0.0,0.0,0.0,0.0,0.0,0.0,0.0,8599.0,2.0,44008.0,7483.0,2.0,44021.0
56.683845970008406,0.0,0.0,0.0,0.0,0.0,0.0,0.0,0.0,0.0,0.0,0.0,0.0,0.0,8600.0,2.0,44028.0,7484.0,2.0,44041.0
56.68389823200414,0.0,0.0,0.0,0.0,0.0,0.0,0.0,0.0,0.0,0.0,0.0,0.0,0.0,8601.0,2.0,44048.0,7485.0,2.0,44061.0
56.68654968900955,0.0,0.0,0.0,0.0,0.0,0.0,0.0,0.0,0.0,0.0,0.0,0.0,0.0,8602.0,2.0,44068.0,7486.0,2.0,44071.0
56.686654624005314,0.0,0.0,0.0,0.0,0.0,0.0,0.0,0.0,0.0,0.0,0.0,0.0,0.0,8603.0,2.0,44088.0,7487.0,2.0,44101.0
56.68671805300983,0.0,0.0,0.0,0.0,0.0,0.0,0.0,0.0,0.0,0.0,0.0,0.0,0.0,8604.0,2.0,44108.0,7488.0,2.0,44121.0
56.68677504301013,0.0,0.0,0.0,0.0,0.0,0.0,0.0,0.0,0.0,0.0,0.0,0.0,0.0,8605.0,2.0,44128.0,7489.0,2.0,44141.0
56.68682989900117,0.0,0.0,0.0,0.0,0.0,0.0,0.0,0.0,0.0,0.0,0.0,0.0,0.0,8606.0,2.0,44148.0,7490.0,2.0,44161.0
56.68692930499674,0.0,0.0,0.0,0.0,0.0,0.0,0.0,0.0,0.0,0.0,0.0,0.0,0.0,8607.0,2.0,44168.0,7491.0,2.0,44171.0
56.68701068300288,0.0,0.0,0.0,0.0,0.0,0.0,0.0,0.0,0.0,0.0,0.0,0.0,0.0,8608.0,2.0,44188.0,7492.0,2.0,44192.0
56.71261549599876,0.0,0.0,0.0,0.0,0.0,0.0,0.0,0.0,0.0,0.0,0.0,0.0,0.0,8609.0,2.0,44208.0,7493.0,2.0,44221.0
56.738408164004795,0.0,0.0,0.0,0.0,0.0,0.0,0.0,0.0,0.0,0.0,0.0,0.0,0.0,8610.0,2.0,44228.0,7494.0,2.0,44241.0
56.76418932400702,0.0,0.0,0.0,0.0,0.0,0.0,0.0,0.0,0.0,0.0,0.0,0.0,0.0,8611.0,2.0,44248.0,7495.0,2.0,44261.0
57.170911458000774,0.0,0.0,0.0,0.0,0.0,0.0,0.0,0.0,0.0,0.0,0.0,0.0,0.0,8612.0,2.0,44268.0,7496.0,2.0,44273.0
57.17109304299811,0.0,0.0,0.0,0.0,0.0,0.0,0.0,0.0,0.0,0.0,0.0,0.0,0.0,8613.0,2.0,44288.0,7497.0,2.0,44291.0
57.17117210800643,0.0,0.0,0.0,0.0,0.0,0.0,0.0,0.0,0.0,0.0,0.0,0.0,0.0,8614.0,2.0,44308.0,7498.0,2.0,44321.0
57.171236078007496,0.0,0.0,0.0,0.0,0.0,0.0,0.0,0.0,0.0,0.0,0.0,0.0,0.0,8615.0,2.0,44328.0,7499.0,2.0,44341.0
57.17130062999786,0.0,0.0,0.0,0.0,0.0,0.0,0.0,0.0,0.0,0.0,0.0,0.0,0.0,8616.0,2.0,44348.0,7500.0,2.0,44361.0
57.17136232700432,0.0,0.0,0.0,0.0,0.0,0.0,0.0,0.0,0.0,0.0,0.0,0.0,0.0,8617.0,2.0,44368.0,7501.0,2.0,44371.0
57.17141770399758,0.0,0.0,0.0,0.0,0.0,0.0,0.0,0.0,0.0,0.0,0.0,0.0,0.0,8618.0,2.0,44388.0,7502.0,2.0,44401.0
57.17147139800363,0.0,0.0,0.0,0.0,0.0,0.0,0.0,0.0,0.0,0.0,0.0,0.0,0.0,8619.0,2.0,44408.0,7503.0,2.0,44421.0
57.17152425101085,0.0,0.0,0.0,0.0,0.0,0.0,0.0,0.0,0.0,0.0,0.0,0.0,0.0,8620.0,2.0,44428.0,7504.0,2.0,44441.0
57.171579197005485,0.0,0.0,0.0,0.0,0.0,0.0,0.0,0.0,0.0,0.0,0.0,0.0,0.0,8621.0,2.0,44448.0,7505.0,2.0,44461.0
57.1716494380089,0.0,0.0,0.0,0.0,0.0,0.0,0.0,0.0,0.0,0.0,0.0,0.0,0.0,8622.0,2.0,44468.0,7506.0,2.0,44471.0
57.17170235099911,0.0,0.0,0.0,0.0,0.0,0.0,0.0,0.0,0.0,0.0,0.0,0.0,0.0,8623.0,2.0,44488.0,7507.0,2.0,44501.0
57.17175668600248,0.0,0.0,0.0,0.0,0.0,0.0,0.0,0.0,0.0,0.0,0.0,0.0,0.0,8624.0,2.0,44508.0,7508.0,2.0,44521.0
57.17180922901025,0.0,0.0,0.0,0.0,0.0,0.0,0.0,0.0,0.0,0.0,0.0,0.0,0.0,8625.0,2.0,44528.0,7509.0,2.0,44541.0
57.17188664000423,0.0,0.0,0.0,0.0,0.0,0.0,0.0,0.0,0.0,0.0,0.0,0.0,0.0,8626.0,2.0,44548.0,7510.0,2.0,44561.0
57.1719788449991,0.0,0.0,0.0,0.0,0.0,0.0,0.0,0.0,0.0,0.0,0.0,0.0,0.0,8627.0,2.0,44568.0,7511.0,2.0,44573.0
57.17205915199884,0.0,0.0,0.0,0.0,0.0,0.0,0.0,0.0,0.0,0.0,0.0,0.0,0.0,8628.0,2.0,44588.0,7512.0,2.0,44591.0
57.17213520100631,0.0,0.0,0.0,0.0,0.0,0.0,0.0,0.0,0.0,0.0,0.0,0.0,0.0,8629.0,2.0,44608.0,7513.0,2.0,44611.0
57.172413207998034,0.0,0.0,0.0,0.0,0.0,0.0,0.0,0.0,0.0,0.0,0.0,0.0,0.0,8630.0,2.0,44628.0,7514.0,2.0,44641.0
57.172516140009975,0.0,0.0,0.0,0.0,0.0,0.0,0.0,0.0,0.0,0.0,0.0,0.0,0.0,8631.0,2.0,44648.0,7515.0,2.0,44661.0
57.17258212300658,0.0,0.0,0.0,0.0,0.0,0.0,0.0,0.0,0.0,0.0,0.0,0.0,0.0,8632.0,2.0,44668.0,7516.0,2.0,44671.0
57.1924660270015,0.0,0.0,0.0,0.0,0.0,0.0,0.0,0.0,0.0,0.0,0.0,0.0,0.0,8633.0,2.0,44688.0,7517.0,2.0,44691.0
57.21408307400998,0.0,0.0,0.0,0.0,0.0,0.0,0.0,0.0,0.0,0.0,0.0,0.0,0.0,8634.0,2.0,44708.0,7518.0,2.0,44721.0
57.2341522390052,0.0,0.0,0.0,0.0,0.0,0.0,0.0,0.0,0.0,0.0,0.0,0.0,0.0,8635.0,2.0,44728.0,7519.0,2.0,44741.0
57.25388430400926,0.0,0.0,0.0,0.0,0.0,0.0,0.0,0.0,0.0,0.0,0.0,0.0,0.0,8636.0,2.0,44748.0,7520.0,2.0,44761.0
57.26293134900334,0.0,0.0,0.0,0.0,0.0,0.0,0.0,0.0,0.0,0.0,0.0,0.0,0.0,8637.0,2.0,44768.0,7521.0,2.0,44771.0
57.715841905999696,0.0,0.0,0.0,0.0,0.0,0.0,0.0,0.0,0.0,0.0,0.0,0.0,0.0,8638.0,2.0,44788.0,7522.0,2.0,44801.0
57.71602015600365,0.0,0.0,0.0,0.0,0.0,0.0,0.0,0.0,0.0,0.0,0.0,0.0,0.0,8639.0,2.0,44808.0,7523.0,2.0,44821.0
57.71608912400552,0.0,0.0,0.0,0.0,0.0,0.0,0.0,0.0,0.0,0.0,0.0,0.0,0.0,8640.0,2.0,44828.0,7524.0,2.0,44841.0
57.71614787699946,0.0,0.0,0.0,0.0,0.0,0.0,0.0,0.0,0.0,0.0,0.0,0.0,0.0,8641.0,2.0,44848.0,7525.0,2.0,44861.0
57.71620310400613,0.0,0.0,0.0,0.0,0.0,0.0,0.0,0.0,0.0,0.0,0.0,0.0,0.0,8642.0,2.0,44868.0,7526.0,2.0,44871.0
57.71625948199653,0.0,0.0,0.0,0.0,0.0,0.0,0.0,0.0,0.0,0.0,0.0,0.0,0.0,8643.0,2.0,44888.0,7527.0,2.0,44901.0
57.716320538005675,0.0,0.0,0.0,0.0,0.0,0.0,0.0,0.0,0.0,0.0,0.0,0.0,0.0,8644.0,2.0,44908.0,7528.0,2.0,44921.0
57.7163763060089,0.0,0.0,0.0,0.0,0.0,0.0,0.0,0.0,0.0,0.0,0.0,0.0,0.0,8645.0,2.0,44928.0,7529.0,2.0,44941.0
57.71642936900025,0.0,0.0,0.0,0.0,0.0,0.0,0.0,0.0,0.0,0.0,0.0,0.0,0.0,8646.0,2.0,44948.0,7530.0,2.0,44961.0
57.716483304000576,0.0,0.0,0.0,0.0,0.0,0.0,0.0,0.0,0.0,0.0,0.0,0.0,0.0,8647.0,2.0,44968.0,7531.0,2.0,44971.0
57.716537298998446,0.0,0.0,0.0,0.0,0.0,0.0,0.0,0.0,0.0,0.0,0.0,0.0,0.0,8648.0,2.0,44988.0,7532.0,2.0,45001.0
57.71661620300438,0.0,0.0,0.0,0.0,0.0,0.0,0.0,0.0,0.0,0.0,0.0,0.0,0.0,8649.0,2.0,45008.0,7533.0,2.0,45021.0
57.71670368099876,0.0,0.0,0.0,0.0,0.0,0.0,0.0,0.0,0.0,0.0,0.0,0.0,0.0,8650.0,2.0,45028.0,7534.0,2.0,45041.0
57.71678135301045,0.0,0.0,0.0,0.0,0.0,0.0,0.0,0.0,0.0,0.0,0.0,0.0,0.0,8651.0,2.0,45048.0,7535.0,2.0,45061.0
57.7168873490009,0.0,0.0,0.0,0.0,0.0,0.0,0.0,0.0,0.0,0.0,0.0,0.0,0.0,8652.0,2.0,45068.0,7536.0,2.0,45072.0
57.717133266007295,0.0,0.0,0.0,0.0,0.0,0.0,0.0,0.0,0.0,0.0,0.0,0.0,0.0,8653.0,2.0,45088.0,7537.0,2.0,45091.0
57.71721206000075,0.0,0.0,0.0,0.0,0.0,0.0,0.0,0.0,0.0,0.0,0.0,0.0,0.0,8654.0,2.0,45108.0,7538.0,2.0,45121.0
57.71731346900924,0.0,0.0,0.0,0.0,0.0,0.0,0.0,0.0,0.0,0.0,0.0,0.0,0.0,8655.0,2.0,45128.0,7539.0,2.0,45141.0
57.71739498700481,0.0,0.0,0.0,0.0,0.0,0.0,0.0,0.0,0.0,0.0,0.0,0.0,0.0,8656.0,2.0,45148.0,7540.0,2.0,45161.0
57.717496726996615,0.0,0.0,0.0,0.0,0.0,0.0,0.0,0.0,0.0,0.0,0.0,0.0,0.0,8657.0,2.0,45168.0,7541.0,2.0,45171.0
57.717574850001256,0.0,0.0,0.0,0.0,0.0,0.0,0.0,0.0,0.0,0.0,0.0,0.0,0.0,8658.0,2.0,45188.0,7542.0,2.0,45201.0
57.717650368998875,0.0,0.0,0.0,0.0,0.0,0.0,0.0,0.0,0.0,0.0,0.0,0.0,0.0,8659.0,2.0,45208.0,7543.0,2.0,45221.0
57.734248526001466,0.0,0.0,0.0,0.0,0.0,0.0,0.0,0.0,0.0,0.0,0.0,0.0,0.0,8660.0,2.0,45228.0,7544.0,2.0,45241.0
57.75188519600488,0.0,0.0,0.0,0.0,0.0,0.0,0.0,0.0,0.0,0.0,0.0,0.0,0.0,8661.0,2.0,45248.0,7545.0,2.0,45261.0
57.76328639200074,0.0,0.0,0.0,0.0,0.0,0.0,0.0,0.0,0.0,0.0,0.0,0.0,0.0,8662.0,2.0,45268.0,7546.0,2.0,45271.0
57.792252113998984,0.0,0.0,0.0,0.0,0.0,0.0,0.0,0.0,0.0,0.0,0.0,0.0,0.0,8663.0,2.0,45288.0,7547.0,2.0,45301.0
57.813299276996986,0.0,0.0,0.0,0.0,0.0,0.0,0.0,0.0,0.0,0.0,0.0,0.0,0.0,8664.0,2.0,45308.0,7548.0,2.0,45321.0
57.833163258008426,0.0,0.0,0.0,0.0,0.0,0.0,0.0,0.0,0.0,0.0,0.0,0.0,0.0,8665.0,2.0,45328.0,7549.0,2.0,45341.0
57.855823938007234,0.0,0.0,0.0,0.0,0.0,0.0,0.0,0.0,0.0,0.0,0.0,0.0,0.0,8666.0,2.0,45348.0,7550.0,2.0,45365.0
57.87578071600001,0.0,0.0,0.0,0.0,0.0,0.0,0.0,0.0,0.0,0.0,0.0,0.0,0.0,8667.0,2.0,45368.0,7551.0,2.0,45376.0
57.89160635799635,0.0,0.0,0.0,0.0,0.0,0.0,0.0,0.0,0.0,0.0,0.0,0.0,0.0,8668.0,2.0,45388.0,7552.0,2.0,45401.0
57.91203858300287,0.0,0.0,0.0,0.0,0.0,0.0,0.0,0.0,0.0,0.0,0.0,0.0,0.0,8669.0,2.0,45408.0,7553.0,2.0,45421.0
57.94233215400891,0.0,0.0,0.0,0.0,0.0,0.0,0.0,0.0,0.0,0.0,0.0,0.0,0.0,8670.0,2.0,45428.0,7554.0,2.0,45441.0
58.04990013100905,0.0,0.0,0.0,0.0,0.0,0.0,0.0,0.0,0.0,0.0,0.0,0.0,0.0,8671.0,2.0,45448.0,7555.0,2.0,45461.0
58.05006724401028,0.0,0.0,0.0,0.0,0.0,0.0,0.0,0.0,0.0,0.0,0.0,0.0,0.0,8672.0,2.0,45468.0,7556.0,2.0,45471.0
58.050139087004936,0.0,0.0,0.0,0.0,0.0,0.0,0.0,0.0,0.0,0.0,0.0,0.0,0.0,8673.0,2.0,45488.0,7557.0,2.0,45501.0
58.05019884101057,0.0,0.0,0.0,0.0,0.0,0.0,0.0,0.0,0.0,0.0,0.0,0.0,0.0,8674.0,2.0,45508.0,7558.0,2.0,45521.0
58.050256311005796,0.0,0.0,0.0,0.0,0.0,0.0,0.0,0.0,0.0,0.0,0.0,0.0,0.0,8675.0,2.0,45528.0,7559.0,2.0,45541.0
58.05251497300924,0.0,0.0,0.0,0.0,0.0,0.0,0.0,0.0,0.0,0.0,0.0,0.0,0.0,8676.0,2.0,45548.0,7560.0,2.0,45561.0
58.062154529005056,0.0,0.0,0.0,0.0,0.0,0.0,0.0,0.0,0.0,0.0,0.0,0.0,0.0,8677.0,2.0,45569.0,7561.0,2.0,45572.0
58.082650625001406,0.0,0.0,0.0,0.0,0.0,0.0,0.0,0.0,0.0,0.0,0.0,0.0,0.0,8678.0,2.0,45588.0,7562.0,2.0,45591.0
58.11135665900656,0.0,0.0,0.0,0.0,0.0,0.0,0.0,0.0,0.0,0.0,0.0,0.0,0.0,8679.0,2.0,45608.0,7563.0,2.0,45621.0
58.143606865007314,0.0,0.0,0.0,0.0,0.0,0.0,0.0,0.0,0.0,0.0,0.0,0.0,0.0,8680.0,2.0,45628.0,7564.0,2.0,45641.0
58.15185777800798,0.0,0.0,0.0,0.0,0.0,0.0,0.0,0.0,0.0,0.0,0.0,0.0,0.0,8681.0,2.0,45648.0,7565.0,2.0,45661.0
58.21384180500172,0.0,0.0,0.0,0.0,0.0,0.0,0.0,0.0,0.0,0.0,0.0,0.0,0.0,8682.0,2.0,45668.0,7566.0,2.0,45671.0
58.21396616000857,0.0,0.0,0.0,0.0,0.0,0.0,0.0,0.0,0.0,0.0,0.0,0.0,0.0,8683.0,2.0,45688.0,7567.0,2.0,45700.0
58.21403112199914,0.0,0.0,0.0,0.0,0.0,0.0,0.0,0.0,0.0,0.0,0.0,0.0,0.0,8684.0,2.0,45708.0,7568.0,2.0,45721.0
58.266683006004314,0.0,0.0,0.0,0.0,0.0,0.0,0.0,0.0,0.0,0.0,0.0,0.0,0.0,8685.0,2.0,45728.0,7569.0,2.0,45741.0
58.26706385500438,0.0,0.0,0.0,0.0,0.0,0.0,0.0,0.0,0.0,0.0,0.0,0.0,0.0,8686.0,2.0,45748.0,7570.0,2.0,45761.0
58.26733016400249,0.0,0.0,0.0,0.0,0.0,0.0,0.0,0.0,0.0,0.0,0.0,0.0,0.0,8687.0,2.0,45768.0,7571.0,2.0,45771.0
58.29408996801067,0.0,0.0,0.0,0.0,0.0,0.0,0.0,0.0,0.0,0.0,0.0,0.0,0.0,8688.0,2.0,45788.0,7572.0,2.0,45801.0
58.31218485800491,0.0,0.0,0.0,0.0,0.0,0.0,0.0,0.0,0.0,0.0,0.0,0.0,0.0,8689.0,2.0,45808.0,7573.0,2.0,45821.0
58.33180613799777,0.0,0.0,0.0,0.0,0.0,0.0,0.0,0.0,0.0,0.0,0.0,0.0,0.0,8690.0,2.0,45828.0,7574.0,2.0,45841.0
58.36025985601009,0.0,0.0,0.0,0.0,0.0,0.0,0.0,0.0,0.0,0.0,0.0,0.0,0.0,8691.0,2.0,45848.0,7575.0,2.0,45861.0
58.36201951300609,0.0,0.0,0.0,0.0,0.0,0.0,0.0,0.0,0.0,0.0,0.0,0.0,0.0,8692.0,2.0,45868.0,7576.0,2.0,45870.0
58.48774621200573,0.0,0.0,0.0,0.0,0.0,0.0,0.0,0.0,0.0,0.0,0.0,0.0,0.0,8693.0,2.0,45888.0,7577.0,2.0,45901.0
58.48786931599898,0.0,0.0,0.0,0.0,0.0,0.0,0.0,0.0,0.0,0.0,0.0,0.0,0.0,8694.0,2.0,45908.0,7578.0,2.0,45921.0
58.48794007700053,0.0,0.0,0.0,0.0,0.0,0.0,0.0,0.0,0.0,0.0,0.0,0.0,0.0,8695.0,2.0,45928.0,7579.0,2.0,45941.0
58.487999281001976,0.0,0.0,0.0,0.0,0.0,0.0,0.0,0.0,0.0,0.0,0.0,0.0,0.0,8696.0,2.0,45948.0,7580.0,2.0,45961.0
58.488062720003654,0.0,0.0,0.0,0.0,0.0,0.0,0.0,0.0,0.0,0.0,0.0,0.0,0.0,8697.0,2.0,45968.0,7581.0,2.0,45971.0
58.49110575800296,0.0,0.0,0.0,0.0,0.0,0.0,0.0,0.0,0.0,0.0,0.0,0.0,0.0,8698.0,2.0,45988.0,7582.0,2.0,46000.0
58.51146151300054,0.0,0.0,0.0,0.0,0.0,0.0,0.0,0.0,0.0,0.0,0.0,0.0,0.0,8699.0,2.0,46008.0,7583.0,2.0,46021.0
58.53373740900133,0.0,0.0,0.0,0.0,0.0,0.0,0.0,0.0,0.0,0.0,0.0,0.0,0.0,8700.0,2.0,46028.0,7584.0,2.0,46041.0
58.55352391800261,0.0,0.0,0.0,0.0,0.0,0.0,0.0,0.0,0.0,0.0,0.0,0.0,0.0,8701.0,2.0,46048.0,7585.0,2.0,46061.0
58.56445066900051,0.0,0.0,0.0,0.0,0.0,0.0,0.0,0.0,0.0,0.0,0.0,0.0,0.0,8702.0,2.0,46068.0,7586.0,2.0,46073.0
58.58147289000044,0.0,0.0,0.0,0.0,0.0,0.0,0.0,0.0,0.0,0.0,0.0,0.0,0.0,8703.0,2.0,46088.0,7587.0,2.0,46091.0
58.70849121300853,0.0,0.0,0.0,0.0,0.0,0.0,0.0,0.0,0.0,0.0,0.0,0.0,0.0,8704.0,2.0,46108.0,7588.0,2.0,46121.0
58.70861294500355,0.0,0.0,0.0,0.0,0.0,0.0,0.0,0.0,0.0,0.0,0.0,0.0,0.0,8705.0,2.0,46128.0,7589.0,2.0,46141.0
58.708680620999075,0.0,0.0,0.0,0.0,0.0,0.0,0.0,0.0,0.0,0.0,0.0,0.0,0.0,8706.0,2.0,46148.0,7590.0,2.0,46161.0
58.70874065600219,0.0,0.0,0.0,0.0,0.0,0.0,0.0,0.0,0.0,0.0,0.0,0.0,0.0,8707.0,2.0,46168.0,7591.0,2.0,46171.0
58.708798817009665,0.0,0.0,0.0,0.0,0.0,0.0,0.0,0.0,0.0,0.0,0.0,0.0,0.0,8708.0,2.0,46188.0,7592.0,2.0,46201.0
58.71136894100346,0.0,0.0,0.0,0.0,0.0,0.0,0.0,0.0,0.0,0.0,0.0,0.0,0.0,8709.0,2.0,46208.0,7593.0,2.0,46221.0
58.730872765008826,0.0,0.0,0.0,0.0,0.0,0.0,0.0,0.0,0.0,0.0,0.0,0.0,0.0,8710.0,2.0,46228.0,7594.0,2.0,46241.0
58.75350307900226,0.0,0.0,0.0,0.0,0.0,0.0,0.0,0.0,0.0,0.0,0.0,0.0,0.0,8711.0,2.0,46248.0,7595.0,2.0,46261.0
58.7633128620073,0.0,0.0,0.0,0.0,0.0,0.0,0.0,0.0,0.0,0.0,0.0,0.0,0.0,8712.0,2.0,46268.0,7596.0,2.0,46271.0
58.791074078006204,0.0,0.0,0.0,0.0,0.0,0.0,0.0,0.0,0.0,0.0,0.0,0.0,0.0,8713.0,2.0,46288.0,7597.0,2.0,46301.0
58.822502313007135,0.0,0.0,0.0,0.0,0.0,0.0,0.0,0.0,0.0,0.0,0.0,0.0,0.0,8714.0,2.0,46308.0,7598.0,2.0,46321.0
58.926337363009225,0.0,0.0,0.0,0.0,0.0,0.0,0.0,0.0,0.0,0.0,0.0,0.0,0.0,8715.0,2.0,46328.0,7599.0,2.0,46341.0
58.92645781300962,0.0,0.0,0.0,0.0,0.0,0.0,0.0,0.0,0.0,0.0,0.0,0.0,0.0,8716.0,2.0,46348.0,7600.0,2.0,46361.0
58.92652421700768,0.0,0.0,0.0,0.0,0.0,0.0,0.0,0.0,0.0,0.0,0.0,0.0,0.0,8717.0,2.0,46368.0,7601.0,2.0,46370.0
58.926583389998996,0.0,0.0,0.0,0.0,0.0,0.0,0.0,0.0,0.0,0.0,0.0,0.0,0.0,8718.0,2.0,46388.0,7602.0,2.0,46401.0
58.92663982900558,0.0,0.0,0.0,0.0,0.0,0.0,0.0,0.0,0.0,0.0,0.0,0.0,0.0,8719.0,2.0,46408.0,7603.0,2.0,46421.0
58.93164946101024,0.0,0.0,0.0,0.0,0.0,0.0,0.0,0.0,0.0,0.0,0.0,0.0,0.0,8720.0,2.0,46428.0,7604.0,2.0,46441.0
58.959682504006196,0.0,0.0,0.0,0.0,0.0,0.0,0.0,0.0,0.0,0.0,0.0,0.0,0.0,8721.0,2.0,46448.0,7605.0,2.0,46460.0
58.96287618900533,0.0,0.0,0.0,0.0,0.0,0.0,0.0,0.0,0.0,0.0,0.0,0.0,0.0,8722.0,2.0,46469.0,7606.0,2.0,46471.0
58.99195390600653,0.0,0.0,0.0,0.0,0.0,0.0,0.0,0.0,0.0,0.0,0.0,0.0,0.0,8723.0,2.0,46488.0,7607.0,2.0,46501.0
59.02191498200409,0.0,0.0,0.0,0.0,0.0,0.0,0.0,0.0,0.0,0.0,0.0,0.0,0.0,8724.0,2.0,46508.0,7608.0,2.0,46520.0
59.031584085008944,0.0,0.0,0.0,0.0,0.0,0.0,0.0,0.0,0.0,0.0,0.0,0.0,0.0,8725.0,2.0,46528.0,7609.0,2.0,46541.0
59.06721239699982,0.0,0.0,0.0,0.0,0.0,0.0,0.0,0.0,0.0,0.0,0.0,0.0,0.0,8726.0,2.0,46548.0,7610.0,2.0,46561.0
59.06759526999667,0.0,0.0,0.0,0.0,0.0,0.0,0.0,0.0,0.0,0.0,0.0,0.0,0.0,8727.0,2.0,46568.0,7611.0,2.0,46573.0
59.12315940699773,0.0,0.0,0.0,0.0,0.0,0.0,0.0,0.0,0.0,0.0,0.0,0.0,0.0,8728.0,2.0,46588.0,7612.0,2.0,46591.0
59.12329938700714,0.0,0.0,0.0,0.0,0.0,0.0,0.0,0.0,0.0,0.0,0.0,0.0,0.0,8729.0,2.0,46608.0,7613.0,2.0,46621.0
59.14309329800017,0.0,0.0,0.0,0.0,0.0,0.0,0.0,0.0,0.0,0.0,0.0,0.0,0.0,8730.0,2.0,46628.0,7614.0,2.0,46641.0
59.25267280600383,0.0,0.0,0.0,0.0,0.0,0.0,0.0,0.0,0.0,0.0,0.0,0.0,0.0,8731.0,2.0,46648.0,7615.0,2.0,46661.0
59.25279172300361,0.0,0.0,0.0,0.0,0.0,0.0,0.0,0.0,0.0,0.0,0.0,0.0,0.0,8732.0,2.0,46668.0,7616.0,2.0,46671.0
59.252857967003365,0.0,0.0,0.0,0.0,0.0,0.0,0.0,0.0,0.0,0.0,0.0,0.0,0.0,8733.0,2.0,46688.0,7617.0,2.0,46701.0
59.25291712000035,0.0,0.0,0.0,0.0,0.0,0.0,0.0,0.0,0.0,0.0,0.0,0.0,0.0,8734.0,2.0,46708.0,7618.0,2.0,46721.0
59.25297919800505,0.0,0.0,0.0,0.0,0.0,0.0,0.0,0.0,0.0,0.0,0.0,0.0,0.0,8735.0,2.0,46728.0,7619.0,2.0,46741.0
59.36655916000018,0.0,0.0,0.0,0.0,0.0,0.0,0.0,0.0,0.0,0.0,0.0,0.0,0.0,8736.0,2.0,46748.0,7620.0,2.0,46761.0
59.36700379900867,0.0,0.0,0.0,0.0,0.0,0.0,0.0,0.0,0.0,0.0,0.0,0.0,0.0,8737.0,2.0,46768.0,7621.0,2.0,46771.0
59.36727292300202,0.0,0.0,0.0,0.0,0.0,0.0,0.0,0.0,0.0,0.0,0.0,0.0,0.0,8738.0,2.0,46788.0,7622.0,2.0,46801.0
59.36750366599881,0.0,0.0,0.0,0.0,0.0,0.0,0.0,0.0,0.0,0.0,0.0,0.0,0.0,8739.0,2.0,46808.0,7623.0,2.0,46821.0
59.367676287001814,0.0,0.0,0.0,0.0,0.0,0.0,0.0,0.0,0.0,0.0,0.0,0.0,0.0,8740.0,2.0,46828.0,7624.0,2.0,46841.0
59.36773071299831,0.0,0.0,0.0,0.0,0.0,0.0,0.0,0.0,0.0,0.0,0.0,0.0,0.0,8741.0,2.0,46848.0,7625.0,2.0,46861.0
59.36778598000819,0.0,0.0,0.0,0.0,0.0,0.0,0.0,0.0,0.0,0.0,0.0,0.0,0.0,8742.0,2.0,46868.0,7626.0,2.0,46870.0
59.39174009600538,0.0,0.0,0.0,0.0,0.0,0.0,0.0,0.0,0.0,0.0,0.0,0.0,0.0,8743.0,2.0,46888.0,7627.0,2.0,46901.0
59.41306630799954,0.0,0.0,0.0,0.0,0.0,0.0,0.0,0.0,0.0,0.0,0.0,0.0,0.0,8744.0,2.0,46908.0,7628.0,2.0,46921.0
59.43149947799975,0.0,0.0,0.0,0.0,0.0,0.0,0.0,0.0,0.0,0.0,0.0,0.0,0.0,8745.0,2.0,46928.0,7629.0,2.0,46941.0
59.451298603002215,0.0,0.0,0.0,0.0,0.0,0.0,0.0,0.0,0.0,0.0,0.0,0.0,0.0,8746.0,2.0,46948.0,7630.0,2.0,46961.0
59.463250618005986,0.0,0.0,0.0,0.0,0.0,0.0,0.0,0.0,0.0,0.0,0.0,0.0,0.0,8747.0,2.0,46968.0,7631.0,2.0,46971.0
59.5862846240052,0.0,0.0,0.0,0.0,0.0,0.0,0.0,0.0,0.0,0.0,0.0,0.0,0.0,8748.0,2.0,46988.0,7632.0,2.0,47001.0
59.58643658300571,0.0,0.0,0.0,0.0,0.0,0.0,0.0,0.0,0.0,0.0,0.0,0.0,0.0,8749.0,2.0,47008.0,7633.0,2.0,47021.0
59.58650410900009,0.0,0.0,0.0,0.0,0.0,0.0,0.0,0.0,0.0,0.0,0.0,0.0,0.0,8750.0,2.0,47028.0,7634.0,2.0,47041.0
59.586564504003036,0.0,0.0,0.0,0.0,0.0,0.0,0.0,0.0,0.0,0.0,0.0,0.0,0.0,8751.0,2.0,47048.0,7635.0,2.0,47061.0
59.58662092300074,0.0,0.0,0.0,0.0,0.0,0.0,0.0,0.0,0.0,0.0,0.0,0.0,0.0,8752.0,2.0,47068.0,7636.0,2.0,47073.0
59.58667621000495,0.0,0.0,0.0,0.0,0.0,0.0,0.0,0.0,0.0,0.0,0.0,0.0,0.0,8753.0,2.0,47088.0,7637.0,2.0,47091.0
59.6248344600026,0.0,0.0,0.0,0.0,0.0,0.0,0.0,0.0,0.0,0.0,0.0,0.0,0.0,8754.0,2.0,47108.0,7638.0,2.0,47121.0
59.631457317009335,0.0,0.0,0.0,0.0,0.0,0.0,0.0,0.0,0.0,0.0,0.0,0.0,0.0,8755.0,2.0,47128.0,7639.0,2.0,47141.0
59.65182695300609,0.0,0.0,0.0,0.0,0.0,0.0,0.0,0.0,0.0,0.0,0.0,0.0,0.0,8756.0,2.0,47148.0,7640.0,2.0,47161.0
59.672904564999044,0.0,0.0,0.0,0.0,0.0,0.0,0.0,0.0,0.0,0.0,0.0,0.0,0.0,8757.0,2.0,47168.0,7641.0,2.0,47170.0
59.69085565400019,0.0,0.0,0.0,0.0,0.0,0.0,0.0,0.0,0.0,0.0,0.0,0.0,0.0,8758.0,2.0,47188.0,7642.0,2.0,47201.0
59.78907984199759,0.0,0.0,0.0,0.0,0.0,0.0,0.0,0.0,0.0,0.0,0.0,0.0,0.0,8759.0,2.0,47208.0,7643.0,2.0,47221.0
59.78920380800264,0.0,0.0,0.0,0.0,0.0,0.0,0.0,0.0,0.0,0.0,0.0,0.0,0.0,8760.0,2.0,47228.0,7644.0,2.0,47241.0
59.789280477998545,0.0,0.0,0.0,0.0,0.0,0.0,0.0,0.0,0.0,0.0,0.0,0.0,0.0,8761.0,2.0,47248.0,7645.0,2.0,47261.0
59.78934436899726,0.0,0.0,0.0,0.0,0.0,0.0,0.0,0.0,0.0,0.0,0.0,0.0,0.0,8762.0,2.0,47268.0,7646.0,2.0,47271.0
59.79228508799861,0.0,0.0,0.0,0.0,0.0,0.0,0.0,0.0,0.0,0.0,0.0,0.0,0.0,8763.0,2.0,47288.0,7647.0,2.0,47301.0
59.81204897099815,0.0,0.0,0.0,0.0,0.0,0.0,0.0,0.0,0.0,0.0,0.0,0.0,0.0,8764.0,2.0,47308.0,7648.0,2.0,47321.0
59.83358045700879,0.0,0.0,0.0,0.0,0.0,0.0,0.0,0.0,0.0,0.0,0.0,0.0,0.0,8765.0,2.0,47328.0,7649.0,2.0,47341.0
59.84501508800895,0.0,0.0,0.0,0.0,0.0,0.0,0.0,0.0,0.0,0.0,0.0,0.0,0.0,8766.0,2.0,47348.0,7650.0,2.0,47354.0
59.87252079900645,0.0,0.0,0.0,0.0,0.0,0.0,0.0,0.0,0.0,0.0,0.0,0.0,0.0,8767.0,2.0,47368.0,7651.0,2.0,47381.0
59.89157018699916,0.0,0.0,0.0,0.0,0.0,0.0,0.0,0.0,0.0,0.0,0.0,0.0,0.0,8768.0,2.0,47388.0,7652.0,2.0,47401.0
