time_s,left_target_rpm,left_actual_rpm,left_raw_pwm,left_final_pwm,right_target_rpm,right_actual_rpm,right_raw_pwm,right_final_pwm,sync_error_rpm,sync_correction_pwm,sync_active,startup_active,startup_fault,control_seq_mod65536,control_time_ms_hi16,control_time_ms_lo16,publish_seq_mod65536,publish_time_ms_hi16,publish_time_ms_lo16
0.2949154319940135,0.0,0.0,0.0,0.0,0.0,0.0,0.0,0.0,0.0,0.0,0.0,0.0,0.0,55835.0,17.0,5688.0,47136.0,17.0,5701.0
0.3038860249944264,0.0,0.0,0.0,0.0,0.0,0.0,0.0,0.0,0.0,0.0,0.0,0.0,0.0,55836.0,17.0,5708.0,47137.0,17.0,5721.0
0.3171309629979078,0.0,0.0,0.0,0.0,0.0,0.0,0.0,0.0,0.0,0.0,0.0,0.0,0.0,55837.0,17.0,5728.0,47138.0,17.0,5740.0
0.344033297005808,0.0,0.0,0.0,0.0,0.0,0.0,0.0,0.0,0.0,0.0,0.0,0.0,0.0,55839.0,17.0,5768.0,47139.0,17.0,5771.0
0.3520411039935425,0.0,0.0,0.0,0.0,0.0,0.0,0.0,0.0,0.0,0.0,0.0,0.0,0.0,55839.0,17.0,5768.0,47140.0,17.0,5778.0
0.37811897200299427,0.0,0.0,0.0,0.0,0.0,0.0,0.0,0.0,0.0,0.0,0.0,0.0,0.0,55840.0,17.0,5788.0,47141.0,17.0,5801.0
0.7977873420022661,0.0,0.0,0.0,0.0,0.0,0.0,0.0,0.0,0.0,0.0,0.0,0.0,0.0,55860.0,17.0,6188.0,47161.0,17.0,6203.0
0.7980144510074751,0.0,0.0,0.0,0.0,0.0,0.0,0.0,0.0,0.0,0.0,0.0,0.0,0.0,55861.0,17.0,6208.0,47162.0,17.0,6221.0
0.8274101580027491,0.0,0.0,0.0,0.0,0.0,0.0,0.0,0.0,0.0,0.0,0.0,0.0,0.0,55863.0,17.0,6248.0,47163.0,17.0,6251.0
0.8306268870073836,0.0,0.0,0.0,0.0,0.0,0.0,0.0,0.0,0.0,0.0,0.0,0.0,0.0,55863.0,17.0,6248.0,47164.0,17.0,6258.0
0.8652162429934833,0.0,0.0,0.0,0.0,0.0,0.0,0.0,0.0,0.0,0.0,0.0,0.0,0.0,55865.0,17.0,6288.0,47165.0,17.0,6291.0
0.8777975980046904,0.0,0.0,0.0,0.0,0.0,0.0,0.0,0.0,0.0,0.0,0.0,0.0,0.0,55865.0,17.0,6288.0,47166.0,17.0,6303.0
0.8957738220051397,0.0,0.0,0.0,0.0,0.0,0.0,0.0,0.0,0.0,0.0,0.0,0.0,0.0,55866.0,17.0,6308.0,47167.0,17.0,6321.0
1.8143514580006013,0.0,0.0,0.0,0.0,0.0,0.0,0.0,0.0,0.0,0.0,0.0,0.0,0.0,55890.0,17.0,6787.0,47191.0,17.0,6803.0
1.8145472070027608,0.0,0.0,0.0,0.0,0.0,0.0,0.0,0.0,0.0,0.0,0.0,0.0,0.0,55891.0,17.0,6808.0,47192.0,17.0,6821.0
1.814626616993337,0.0,0.0,0.0,0.0,0.0,0.0,0.0,0.0,0.0,0.0,0.0,0.0,0.0,55910.0,17.0,7188.0,47201.0,17.0,7202.0
1.8146905269968556,0.0,0.0,0.0,0.0,0.0,0.0,0.0,0.0,0.0,0.0,0.0,0.0,0.0,55911.0,17.0,7208.0,47202.0,17.0,7221.0
1.8182909799943445,0.0,0.0,0.0,0.0,0.0,0.0,0.0,0.0,0.0,0.0,0.0,0.0,0.0,55912.0,17.0,7228.0,47203.0,17.0,7241.0
1.8453291299956618,0.0,0.0,0.0,0.0,0.0,0.0,0.0,0.0,0.0,0.0,0.0,0.0,0.0,55914.0,17.0,7268.0,47204.0,17.0,7271.0
1.852452239007107,0.0,0.0,0.0,0.0,0.0,0.0,0.0,0.0,0.0,0.0,0.0,0.0,0.0,55914.0,17.0,7268.0,47205.0,17.0,7278.0
1.8740814839984523,0.0,0.0,0.0,0.0,0.0,0.0,0.0,0.0,0.0,0.0,0.0,0.0,0.0,55915.0,17.0,7288.0,47206.0,17.0,7301.0
1.8952569539978867,0.0,0.0,0.0,0.0,0.0,0.0,0.0,0.0,0.0,0.0,0.0,0.0,0.0,55916.0,17.0,7308.0,47207.0,17.0,7321.0
1.9165811840066453,0.0,0.0,0.0,0.0,0.0,0.0,0.0,0.0,0.0,0.0,0.0,0.0,0.0,55917.0,17.0,7328.0,47208.0,17.0,7340.0
2.328286060001119,0.0,0.0,0.0,0.0,0.0,0.0,0.0,0.0,0.0,0.0,0.0,0.0,0.0,55936.0,17.0,7708.0,47226.0,17.0,7711.0
2.328472351000528,0.0,0.0,0.0,0.0,0.0,0.0,0.0,0.0,0.0,0.0,0.0,0.0,0.0,55936.0,17.0,7708.0,47227.0,17.0,7718.0
2.328550638994784,0.0,0.0,0.0,0.0,0.0,0.0,0.0,0.0,0.0,0.0,0.0,0.0,0.0,55938.0,17.0,7748.0,47228.0,17.0,7750.0
2.330592059995979,0.0,0.0,0.0,0.0,0.0,0.0,0.0,0.0,0.0,0.0,0.0,0.0,0.0,55938.0,17.0,7748.0,47229.0,17.0,7757.0
2.3640928130043903,0.0,0.0,0.0,0.0,0.0,0.0,0.0,0.0,0.0,0.0,0.0,0.0,0.0,55940.0,17.0,7787.0,47230.0,17.0,7791.0
2.377075707001495,0.0,0.0,0.0,0.0,0.0,0.0,0.0,0.0,0.0,0.0,0.0,0.0,0.0,55940.0,17.0,7787.0,47231.0,17.0,7803.0
2.3968614150071517,0.0,0.0,0.0,0.0,0.0,0.0,0.0,0.0,0.0,0.0,0.0,0.0,0.0,55941.0,17.0,7808.0,47232.0,17.0,7822.0
2.4149936839967268,0.0,0.0,0.0,0.0,0.0,0.0,0.0,0.0,0.0,0.0,0.0,0.0,0.0,55942.0,17.0,7828.0,47233.0,17.0,7841.0
2.8376674159953836,0.0,0.0,0.0,0.0,0.0,0.0,0.0,0.0,0.0,0.0,0.0,0.0,0.0,55960.0,17.0,8187.0,47251.0,17.0,8203.0
2.8378320670017274,0.0,0.0,0.0,0.0,0.0,0.0,0.0,0.0,0.0,0.0,0.0,0.0,0.0,55961.0,17.0,8208.0,47252.0,17.0,8221.0
2.837900205006008,0.0,0.0,0.0,0.0,0.0,0.0,0.0,0.0,0.0,0.0,0.0,0.0,0.0,55962.0,17.0,8228.0,47253.0,17.0,8241.0
2.8409338079945883,0.0,0.0,0.0,0.0,0.0,0.0,0.0,0.0,0.0,0.0,0.0,0.0,0.0,55963.0,17.0,8248.0,47254.0,17.0,8261.0
2.855987349001225,0.0,0.0,0.0,0.0,0.0,0.0,0.0,0.0,0.0,0.0,0.0,0.0,0.0,55964.0,17.0,8268.0,47255.0,17.0,8281.0
2.884626719998778,0.0,0.0,0.0,0.0,0.0,0.0,0.0,0.0,0.0,0.0,0.0,0.0,0.0,55966.0,17.0,8308.0,47256.0,17.0,8311.0
2.893016597998212,0.0,0.0,0.0,0.0,0.0,0.0,0.0,0.0,0.0,0.0,0.0,0.0,0.0,55966.0,17.0,8308.0,47257.0,17.0,8318.0
2.9248273330013035,0.0,0.0,0.0,0.0,0.0,0.0,0.0,0.0,0.0,0.0,0.0,0.0,0.0,55968.0,17.0,8347.0,47258.0,17.0,8351.0
2.9313108649948845,0.0,0.0,0.0,0.0,0.0,0.0,0.0,0.0,0.0,0.0,0.0,0.0,0.0,55968.0,17.0,8347.0,47259.0,17.0,8358.0
3.313657628998044,0.0,0.0,0.0,0.0,0.0,0.0,0.0,0.0,0.0,0.0,0.0,0.0,0.0,55986.0,17.0,8708.0,47276.0,17.0,8711.0
3.313840043003438,0.0,0.0,0.0,0.0,0.0,0.0,0.0,0.0,0.0,0.0,0.0,0.0,0.0,55986.0,17.0,8708.0,47277.0,17.0,8718.0
3.323831022004015,0.0,0.0,0.0,0.0,0.0,0.0,0.0,0.0,0.0,0.0,0.0,0.0,0.0,55988.0,17.0,8747.0,47278.0,17.0,8751.0
3.3327001849975204,0.0,0.0,0.0,0.0,0.0,0.0,0.0,0.0,0.0,0.0,0.0,0.0,0.0,55988.0,17.0,8747.0,47279.0,17.0,8758.0
3.3678616219985997,0.0,0.0,0.0,0.0,0.0,0.0,0.0,0.0,0.0,0.0,0.0,0.0,0.0,55990.0,17.0,8788.0,47280.0,17.0,8791.0
3.3777776899951277,0.0,0.0,0.0,0.0,0.0,0.0,0.0,0.0,0.0,0.0,0.0,0.0,0.0,55990.0,17.0,8788.0,47281.0,17.0,8803.0
3.3947704290039837,0.0,0.0,0.0,0.0,0.0,0.0,0.0,0.0,0.0,0.0,0.0,0.0,0.0,55991.0,17.0,8808.0,47282.0,17.0,8821.0
3.414440809006919,0.0,0.0,0.0,0.0,0.0,0.0,0.0,0.0,0.0,0.0,0.0,0.0,0.0,55992.0,17.0,8828.0,47283.0,17.0,8841.0
3.4338686720002443,0.0,0.0,0.0,0.0,0.0,0.0,0.0,0.0,0.0,0.0,0.0,0.0,0.0,55993.0,17.0,8848.0,47284.0,17.0,8861.0
3.4551834559970303,0.0,0.0,0.0,0.0,0.0,0.0,0.0,0.0,0.0,0.0,0.0,0.0,0.0,55994.0,17.0,8868.0,47285.0,17.0,8881.0
3.4854853540018667,0.0,0.0,0.0,0.0,0.0,0.0,0.0,0.0,0.0,0.0,0.0,0.0,0.0,55996.0,17.0,8908.0,47286.0,17.0,8911.0
3.491189876003773,0.0,0.0,0.0,0.0,0.0,0.0,0.0,0.0,0.0,0.0,0.0,0.0,0.0,55996.0,17.0,8908.0,47287.0,17.0,8918.0
3.5249430560070323,0.0,0.0,0.0,0.0,0.0,0.0,0.0,0.0,0.0,0.0,0.0,0.0,0.0,55998.0,17.0,8948.0,47288.0,17.0,8951.0
3.5353422350017354,0.0,0.0,0.0,0.0,0.0,0.0,0.0,0.0,0.0,0.0,0.0,0.0,0.0,55998.0,17.0,8948.0,47289.0,17.0,8958.0
3.565820246003568,0.0,0.0,0.0,0.0,0.0,0.0,0.0,0.0,0.0,0.0,0.0,0.0,0.0,56000.0,17.0,8988.0,47290.0,17.0,8991.0
3.593382997001754,0.0,0.0,0.0,0.0,0.0,0.0,0.0,0.0,0.0,0.0,0.0,0.0,0.0,56001.0,17.0,9008.0,47291.0,17.0,9016.0
3.657082153004012,0.0,0.0,0.0,0.0,0.0,0.0,0.0,0.0,0.0,0.0,0.0,0.0,0.0,56001.0,17.0,9008.0,47292.0,17.0,9022.0
3.713953789003426,0.0,0.0,0.0,0.0,0.0,0.0,0.0,0.0,0.0,0.0,0.0,0.0,0.0,56006.0,17.0,9108.0,47296.0,17.0,9113.0
3.7140607309993356,0.0,0.0,0.0,0.0,0.0,0.0,0.0,0.0,0.0,0.0,0.0,0.0,0.0,56006.0,17.0,9108.0,47297.0,17.0,9120.0
3.7287055000051623,0.0,0.0,0.0,0.0,0.0,0.0,0.0,0.0,0.0,0.0,0.0,0.0,0.0,56008.0,17.0,9147.0,47298.0,17.0,9151.0
3.736814157993649,0.0,0.0,0.0,0.0,0.0,0.0,0.0,0.0,0.0,0.0,0.0,0.0,0.0,56008.0,17.0,9147.0,47299.0,17.0,9158.0
3.7651839909958653,0.0,0.0,0.0,0.0,0.0,0.0,0.0,0.0,0.0,0.0,0.0,0.0,0.0,56010.0,17.0,9188.0,47300.0,17.0,9191.0
3.7789019320043735,0.0,0.0,0.0,0.0,0.0,0.0,0.0,0.0,0.0,0.0,0.0,0.0,0.0,56010.0,17.0,9188.0,47301.0,17.0,9203.0
3.796875211002771,0.0,0.0,0.0,0.0,0.0,0.0,0.0,0.0,0.0,0.0,0.0,0.0,0.0,56011.0,17.0,9208.0,47302.0,17.0,9221.0
3.8152904529997613,0.0,0.0,0.0,0.0,0.0,0.0,0.0,0.0,0.0,0.0,0.0,0.0,0.0,56012.0,17.0,9228.0,47303.0,17.0,9241.0
3.9342703739966964,0.0,0.0,0.0,0.0,0.0,0.0,0.0,0.0,0.0,0.0,0.0,0.0,0.0,56016.0,17.0,9308.0,47306.0,17.0,9311.0
3.9344934149994515,0.0,0.0,0.0,0.0,0.0,0.0,0.0,0.0,0.0,0.0,0.0,0.0,0.0,56016.0,17.0,9308.0,47307.0,17.0,9318.0
3.9345691280032042,0.0,0.0,0.0,0.0,0.0,0.0,0.0,0.0,0.0,0.0,0.0,0.0,0.0,56018.0,17.0,9348.0,47308.0,17.0,9351.0
3.934633919998305,0.0,0.0,0.0,0.0,0.0,0.0,0.0,0.0,0.0,0.0,0.0,0.0,0.0,56018.0,17.0,9348.0,47309.0,17.0,9358.0
3.9651955379958963,0.0,0.0,0.0,0.0,0.0,0.0,0.0,0.0,0.0,0.0,0.0,0.0,0.0,56020.0,17.0,9388.0,47310.0,17.0,9391.0
3.982110190001549,0.0,0.0,0.0,0.0,0.0,0.0,0.0,0.0,0.0,0.0,0.0,0.0,0.0,56020.0,17.0,9388.0,47311.0,17.0,9403.0
3.994085914004245,0.0,0.0,0.0,0.0,0.0,0.0,0.0,0.0,0.0,0.0,0.0,0.0,0.0,56021.0,17.0,9408.0,47312.0,17.0,9421.0
4.015151365994825,0.0,0.0,0.0,0.0,0.0,0.0,0.0,0.0,0.0,0.0,0.0,0.0,0.0,56022.0,17.0,9428.0,47313.0,17.0,9441.0
4.036741518997587,0.0,0.0,0.0,0.0,0.0,0.0,0.0,0.0,0.0,0.0,0.0,0.0,0.0,56023.0,17.0,9448.0,47314.0,17.0,9461.0
4.1550166310044006,0.0,0.0,0.0,0.0,0.0,0.0,0.0,0.0,0.0,0.0,0.0,0.0,0.0,56026.0,17.0,9508.0,47316.0,17.0,9511.0
4.155382020006073,0.0,0.0,0.0,0.0,0.0,0.0,0.0,0.0,0.0,0.0,0.0,0.0,0.0,56026.0,17.0,9508.0,47317.0,17.0,9518.0
4.155683499004226,0.0,0.0,0.0,0.0,0.0,0.0,0.0,0.0,0.0,0.0,0.0,0.0,0.0,56028.0,17.0,9547.0,47318.0,17.0,9551.0
4.155945503996918,0.0,0.0,0.0,0.0,0.0,0.0,0.0,0.0,0.0,0.0,0.0,0.0,0.0,56028.0,17.0,9547.0,47319.0,17.0,9558.0
4.176291730007506,0.0,0.0,0.0,0.0,0.0,0.0,0.0,0.0,0.0,0.0,0.0,0.0,0.0,56030.0,17.0,9587.0,47321.0,17.0,9602.0
4.206566016000579,0.0,0.0,0.0,0.0,0.0,0.0,0.0,0.0,0.0,0.0,0.0,0.0,0.0,56031.0,17.0,9608.0,47322.0,17.0,9621.0
4.214646641994477,0.0,0.0,0.0,0.0,0.0,0.0,0.0,0.0,0.0,0.0,0.0,0.0,0.0,56032.0,17.0,9628.0,47323.0,17.0,9641.0
4.243984882006771,0.0,0.0,0.0,0.0,0.0,0.0,0.0,0.0,0.0,0.0,0.0,0.0,0.0,56033.0,17.0,9648.0,47324.0,17.0,9661.0
4.25537222600542,0.0,0.0,0.0,0.0,0.0,0.0,0.0,0.0,0.0,0.0,0.0,0.0,0.0,56034.0,17.0,9668.0,47325.0,17.0,9681.0
4.3763399390009,0.0,0.0,0.0,0.0,0.0,0.0,0.0,0.0,0.0,0.0,0.0,0.0,0.0,56040.0,17.0,9787.0,47331.0,17.0,9803.0
4.39817342099559,0.0,0.0,0.0,0.0,0.0,0.0,0.0,0.0,0.0,0.0,0.0,0.0,0.0,56041.0,17.0,9808.0,47332.0,17.0,9821.0
4.4153539139952045,0.0,0.0,0.0,0.0,0.0,0.0,0.0,0.0,0.0,0.0,0.0,0.0,0.0,56042.0,17.0,9828.0,47333.0,17.0,9841.0
4.444857466995018,0.0,0.0,0.0,0.0,0.0,0.0,0.0,0.0,0.0,0.0,0.0,0.0,0.0,56044.0,17.0,9868.0,47334.0,17.0,9871.0
4.452590757005964,0.0,0.0,0.0,0.0,0.0,0.0,0.0,0.0,0.0,0.0,0.0,0.0,0.0,56044.0,17.0,9868.0,47335.0,17.0,9878.0
4.4733217189932475,0.0,0.0,0.0,0.0,0.0,0.0,0.0,0.0,0.0,0.0,0.0,0.0,0.0,56045.0,17.0,9888.0,47336.0,17.0,9900.0
4.594300431999727,0.0,0.0,0.0,0.0,0.0,0.0,0.0,0.0,0.0,0.0,0.0,0.0,0.0,56050.0,17.0,9988.0,47341.0,17.0,10001.0
4.594496011006413,0.0,0.0,0.0,0.0,0.0,0.0,0.0,0.0,0.0,0.0,0.0,0.0,0.0,56051.0,17.0,10008.0,47342.0,17.0,10021.0
4.619041298996308,0.0,0.0,0.0,0.0,0.0,0.0,0.0,0.0,0.0,0.0,0.0,0.0,0.0,56052.0,17.0,10028.0,47343.0,17.0,10041.0
4.634733384998981,0.0,0.0,0.0,0.0,0.0,0.0,0.0,0.0,0.0,0.0,0.0,0.0,0.0,56053.0,17.0,10048.0,47344.0,17.0,10061.0
4.654212003995781,0.0,0.0,0.0,0.0,0.0,0.0,0.0,0.0,0.0,0.0,0.0,0.0,0.0,56054.0,17.0,10068.0,47345.0,17.0,10081.0
4.689881129001151,0.0,0.0,0.0,0.0,0.0,0.0,0.0,0.0,0.0,0.0,0.0,0.0,0.0,56056.0,17.0,10108.0,47346.0,17.0,10113.0
4.693801525005256,0.0,0.0,0.0,0.0,0.0,0.0,0.0,0.0,0.0,0.0,0.0,0.0,0.0,56056.0,17.0,10108.0,47347.0,17.0,10120.0
4.813199757001712,0.0,0.0,0.0,0.0,0.0,0.0,0.0,0.0,0.0,0.0,0.0,0.0,0.0,56060.0,17.0,10188.0,47351.0,17.0,10203.0
4.813788247003686,0.0,0.0,0.0,0.0,0.0,0.0,0.0,0.0,0.0,0.0,0.0,0.0,0.0,56061.0,17.0,10208.0,47352.0,17.0,10221.0
4.814329247994465,0.0,0.0,0.0,0.0,0.0,0.0,0.0,0.0,0.0,0.0,0.0,0.0,0.0,56062.0,17.0,10228.0,47353.0,17.0,10241.0
4.8359439769992605,0.0,0.0,0.0,0.0,0.0,0.0,0.0,0.0,0.0,0.0,0.0,0.0,0.0,56063.0,17.0,10248.0,47354.0,17.0,10261.0
4.870164830004796,0.0,0.0,0.0,0.0,0.0,0.0,0.0,0.0,0.0,0.0,0.0,0.0,0.0,56064.0,17.0,10268.0,47355.0,17.0,10281.0
4.887297802997637,0.0,0.0,0.0,0.0,0.0,0.0,0.0,0.0,0.0,0.0,0.0,0.0,0.0,56066.0,17.0,10308.0,47356.0,17.0,10311.0
4.903715467997245,0.0,0.0,0.0,0.0,0.0,0.0,0.0,0.0,0.0,0.0,0.0,0.0,0.0,56066.0,17.0,10308.0,47357.0,17.0,10318.0
5.034546748996945,0.0,0.0,0.0,0.0,0.0,0.0,0.0,0.0,0.0,0.0,0.0,0.0,0.0,56068.0,17.0,10348.0,47358.0,17.0,10351.0
5.034660713994526,0.0,0.0,0.0,0.0,0.0,0.0,0.0,0.0,0.0,0.0,0.0,0.0,0.0,56068.0,17.0,10348.0,47359.0,17.0,10358.0
5.034929671994178,0.0,0.0,0.0,0.0,0.0,0.0,0.0,0.0,0.0,0.0,0.0,0.0,0.0,56070.0,17.0,10388.0,47361.0,17.0,10403.0
5.034998101007659,0.0,0.0,0.0,0.0,0.0,0.0,0.0,0.0,0.0,0.0,0.0,0.0,0.0,56071.0,17.0,10408.0,47362.0,17.0,10421.0
5.0350679630064406,0.0,0.0,0.0,0.0,0.0,0.0,0.0,0.0,0.0,0.0,0.0,0.0,0.0,56072.0,17.0,10428.0,47363.0,17.0,10441.0
5.045368566003162,0.0,0.0,0.0,0.0,0.0,0.0,0.0,0.0,0.0,0.0,0.0,0.0,0.0,56073.0,17.0,10448.0,47364.0,17.0,10461.0
5.0539419910055585,0.0,0.0,0.0,0.0,0.0,0.0,0.0,0.0,0.0,0.0,0.0,0.0,0.0,56074.0,17.0,10468.0,47365.0,17.0,10481.0
5.087837921004393,0.0,0.0,0.0,0.0,0.0,0.0,0.0,0.0,0.0,0.0,0.0,0.0,0.0,56076.0,17.0,10508.0,47366.0,17.0,10512.0
5.09177132199693,0.0,0.0,0.0,0.0,0.0,0.0,0.0,0.0,0.0,0.0,0.0,0.0,0.0,56076.0,17.0,10508.0,47367.0,17.0,10519.0
5.12547360600729,0.0,0.0,0.0,0.0,0.0,0.0,0.0,0.0,0.0,0.0,0.0,0.0,0.0,56078.0,17.0,10547.0,47368.0,17.0,10551.0
5.130954627005849,0.0,0.0,0.0,0.0,0.0,0.0,0.0,0.0,0.0,0.0,0.0,0.0,0.0,56078.0,17.0,10547.0,47369.0,17.0,10558.0
5.207450047993916,0.0,0.0,0.0,0.0,0.0,0.0,0.0,0.0,0.0,0.0,0.0,0.0,0.0,56080.0,17.0,10588.0,47371.0,17.0,10603.0
5.207864228999824,0.0,0.0,0.0,0.0,0.0,0.0,0.0,0.0,0.0,0.0,0.0,0.0,0.0,56081.0,17.0,10608.0,47372.0,17.0,10621.0
5.298517010000069,0.0,0.0,0.0,0.0,0.0,0.0,0.0,0.0,0.0,0.0,0.0,0.0,0.0,56082.0,17.0,10628.0,47373.0,17.0,10641.0
5.298961809006869,0.0,0.0,0.0,0.0,0.0,0.0,0.0,0.0,0.0,0.0,0.0,0.0,0.0,56083.0,17.0,10648.0,47374.0,17.0,10661.0
5.29914777999511,0.0,0.0,0.0,0.0,0.0,0.0,0.0,0.0,0.0,0.0,0.0,0.0,0.0,56084.0,17.0,10668.0,47375.0,17.0,10681.0
5.29930548700213,0.0,0.0,0.0,0.0,0.0,0.0,0.0,0.0,0.0,0.0,0.0,0.0,0.0,56086.0,17.0,10708.0,47376.0,17.0,10711.0
5.299934174006921,0.0,0.0,0.0,0.0,0.0,0.0,0.0,0.0,0.0,0.0,0.0,0.0,0.0,56086.0,17.0,10708.0,47377.0,17.0,10718.0
5.3268662150076125,0.0,0.0,0.0,0.0,0.0,0.0,0.0,0.0,0.0,0.0,0.0,0.0,0.0,56088.0,17.0,10748.0,47378.0,17.0,10751.0
5.342072954998002,0.0,0.0,0.0,0.0,0.0,0.0,0.0,0.0,0.0,0.0,0.0,0.0,0.0,56088.0,17.0,10748.0,47379.0,17.0,10758.0
5.483867903007194,0.0,0.0,0.0,0.0,0.0,0.0,0.0,0.0,0.0,0.0,0.0,0.0,0.0,56095.0,17.0,10888.0,47386.0,17.0,10902.0
5.497438175007119,0.0,0.0,0.0,0.0,0.0,0.0,0.0,0.0,0.0,0.0,0.0,0.0,0.0,56096.0,17.0,10908.0,47387.0,17.0,10921.0
5.518303371005459,0.0,0.0,0.0,0.0,0.0,0.0,0.0,0.0,0.0,0.0,0.0,0.0,0.0,56097.0,17.0,10928.0,47388.0,17.0,10941.0
5.537681531000999,0.0,0.0,0.0,0.0,0.0,0.0,0.0,0.0,0.0,0.0,0.0,0.0,0.0,56098.0,17.0,10948.0,47389.0,17.0,10961.0
5.554469694005093,0.0,0.0,0.0,0.0,0.0,0.0,0.0,0.0,0.0,0.0,0.0,0.0,0.0,56099.0,17.0,10968.0,47390.0,17.0,10981.0
5.711219067001366,0.0,0.0,0.0,0.0,0.0,0.0,0.0,0.0,0.0,0.0,0.0,0.0,0.0,56101.0,17.0,11008.0,47391.0,17.0,11011.0
5.732370030993479,0.0,0.0,0.0,0.0,0.0,0.0,0.0,0.0,0.0,0.0,0.0,0.0,0.0,56107.0,17.0,11128.0,47392.0,17.0,11147.0
5.745560227005626,0.0,0.0,0.0,0.0,0.0,0.0,0.0,0.0,0.0,0.0,0.0,0.0,0.0,56109.0,17.0,11168.0,47393.0,17.0,11171.0
5.752025665002293,0.0,0.0,0.0,0.0,0.0,0.0,0.0,0.0,0.0,0.0,0.0,0.0,0.0,56109.0,17.0,11168.0,47394.0,17.0,11178.0
5.784148790000472,0.0,0.0,0.0,0.0,0.0,0.0,0.0,0.0,0.0,0.0,0.0,0.0,0.0,56111.0,17.0,11207.0,47395.0,17.0,11211.0
5.796854921994964,0.0,0.0,0.0,0.0,0.0,0.0,0.0,0.0,0.0,0.0,0.0,0.0,0.0,56111.0,17.0,11207.0,47396.0,17.0,11223.0
5.912943992007058,0.0,0.0,0.0,0.0,0.0,0.0,0.0,0.0,0.0,0.0,0.0,0.0,0.0,56117.0,17.0,11328.0,47401.0,17.0,11331.0
5.920704793999903,0.0,0.0,0.0,0.0,0.0,0.0,0.0,0.0,0.0,0.0,0.0,0.0,0.0,56117.0,17.0,11328.0,47402.0,17.0,11339.0
5.947332772004302,0.0,0.0,0.0,0.0,0.0,0.0,0.0,0.0,0.0,0.0,0.0,0.0,0.0,56119.0,17.0,11368.0,47403.0,17.0,11371.0
5.950589084997773,0.0,0.0,0.0,0.0,0.0,0.0,0.0,0.0,0.0,0.0,0.0,0.0,0.0,56119.0,17.0,11368.0,47404.0,17.0,11378.0
5.984645067001111,0.0,0.0,0.0,0.0,0.0,0.0,0.0,0.0,0.0,0.0,0.0,0.0,0.0,56121.0,17.0,11408.0,47405.0,17.0,11411.0
6.0000941939943,0.0,0.0,0.0,0.0,0.0,0.0,0.0,0.0,0.0,0.0,0.0,0.0,0.0,56121.0,17.0,11408.0,47406.0,17.0,11423.0
6.015069528002641,0.0,0.0,0.0,0.0,0.0,0.0,0.0,0.0,0.0,0.0,0.0,0.0,0.0,56122.0,17.0,11428.0,47407.0,17.0,11441.0
6.135640534004779,0.0,0.0,0.0,0.0,0.0,0.0,0.0,0.0,0.0,0.0,0.0,0.0,0.0,56127.0,17.0,11528.0,47411.0,17.0,11531.0
6.135755691997474,0.0,0.0,0.0,0.0,0.0,0.0,0.0,0.0,0.0,0.0,0.0,0.0,0.0,56127.0,17.0,11528.0,47412.0,17.0,11538.0
6.145121581997955,0.0,0.0,0.0,0.0,0.0,0.0,0.0,0.0,0.0,0.0,0.0,0.0,0.0,56129.0,17.0,11568.0,47413.0,17.0,11571.0
6.152164750004886,0.0,0.0,0.0,0.0,0.0,0.0,0.0,0.0,0.0,0.0,0.0,0.0,0.0,56129.0,17.0,11568.0,47414.0,17.0,11578.0
6.187507109003491,0.0,0.0,0.0,0.0,0.0,0.0,0.0,0.0,0.0,0.0,0.0,0.0,0.0,56131.0,17.0,11608.0,47415.0,17.0,11612.0
6.1988122680049855,0.0,0.0,0.0,0.0,0.0,0.0,0.0,0.0,0.0,0.0,0.0,0.0,0.0,56131.0,17.0,11608.0,47416.0,17.0,11625.0
6.224543445001473,0.0,0.0,0.0,0.0,0.0,0.0,0.0,0.0,0.0,0.0,0.0,0.0,0.0,56133.0,17.0,11648.0,47417.0,17.0,11651.0
6.23091926399502,0.0,0.0,0.0,0.0,0.0,0.0,0.0,0.0,0.0,0.0,0.0,0.0,0.0,56133.0,17.0,11648.0,47418.0,17.0,11658.0
6.3573477220052155,0.0,0.0,0.0,0.0,0.0,0.0,0.0,0.0,0.0,0.0,0.0,0.0,0.0,56136.0,17.0,11708.0,47421.0,17.0,11721.0
6.3577733949932735,0.0,0.0,0.0,0.0,0.0,0.0,0.0,0.0,0.0,0.0,0.0,0.0,0.0,56137.0,17.0,11728.0,47422.0,17.0,11741.0
6.358054234995507,0.0,0.0,0.0,0.0,0.0,0.0,0.0,0.0,0.0,0.0,0.0,0.0,0.0,56138.0,17.0,11748.0,47423.0,17.0,11761.0
6.35815560699848,0.0,0.0,0.0,0.0,0.0,0.0,0.0,0.0,0.0,0.0,0.0,0.0,0.0,56139.0,17.0,11768.0,47424.0,17.0,11781.0
6.405271198003902,0.0,0.0,0.0,0.0,0.0,0.0,0.0,0.0,0.0,0.0,0.0,0.0,0.0,56142.0,17.0,11828.0,47426.0,17.0,11831.0
6.412290139996912,0.0,0.0,0.0,0.0,0.0,0.0,0.0,0.0,0.0,0.0,0.0,0.0,0.0,56142.0,17.0,11828.0,47427.0,17.0,11838.0
6.446109505995992,0.0,0.0,0.0,0.0,0.0,0.0,0.0,0.0,0.0,0.0,0.0,0.0,0.0,56144.0,17.0,11868.0,47428.0,17.0,11871.0
6.451467295002658,0.0,0.0,0.0,0.0,0.0,0.0,0.0,0.0,0.0,0.0,0.0,0.0,0.0,56144.0,17.0,11868.0,47429.0,17.0,11878.0
6.516122688000905,0.0,0.0,0.0,0.0,0.0,0.0,0.0,0.0,0.0,0.0,0.0,0.0,0.0,56146.0,17.0,11908.0,47431.0,17.0,11923.0
6.577038044997607,0.0,0.0,0.0,0.0,0.0,0.0,0.0,0.0,0.0,0.0,0.0,0.0,0.0,56147.0,17.0,11928.0,47432.0,17.0,11941.0
6.577139967994299,0.0,0.0,0.0,0.0,0.0,0.0,0.0,0.0,0.0,0.0,0.0,0.0,0.0,56148.0,17.0,11948.0,47433.0,17.0,11961.0
6.577206183006638,0.0,0.0,0.0,0.0,0.0,0.0,0.0,0.0,0.0,0.0,0.0,0.0,0.0,56149.0,17.0,11968.0,47434.0,17.0,11981.0
6.577264973995625,0.0,0.0,0.0,0.0,0.0,0.0,0.0,0.0,0.0,0.0,0.0,0.0,0.0,56150.0,17.0,11988.0,47435.0,17.0,12001.0
6.6044553730025655,0.0,0.0,0.0,0.0,0.0,0.0,0.0,0.0,0.0,0.0,0.0,0.0,0.0,56152.0,17.0,12028.0,47436.0,17.0,12032.0
6.610998638003366,0.0,0.0,0.0,0.0,0.0,0.0,0.0,0.0,0.0,0.0,0.0,0.0,0.0,56152.0,17.0,12028.0,47437.0,17.0,12039.0
6.64480618199741,0.0,0.0,0.0,0.0,0.0,0.0,0.0,0.0,0.0,0.0,0.0,0.0,0.0,56154.0,17.0,12068.0,47438.0,17.0,12071.0
6.650889488999383,0.0,0.0,0.0,0.0,0.0,0.0,0.0,0.0,0.0,0.0,0.0,0.0,0.0,56154.0,17.0,12068.0,47439.0,17.0,12078.0
6.703964002997964,0.0,0.0,0.0,0.0,0.0,0.0,0.0,0.0,0.0,0.0,0.0,0.0,0.0,56156.0,17.0,12107.0,47441.0,17.0,12124.0
6.794924335001269,0.0,0.0,0.0,0.0,0.0,0.0,0.0,0.0,0.0,0.0,0.0,0.0,0.0,56158.0,17.0,12148.0,47442.0,17.0,12151.0
6.795037137999316,0.0,0.0,0.0,0.0,0.0,0.0,0.0,0.0,0.0,0.0,0.0,0.0,0.0,56158.0,17.0,12148.0,47443.0,17.0,12158.0
6.795106609002687,0.0,0.0,0.0,0.0,0.0,0.0,0.0,0.0,0.0,0.0,0.0,0.0,0.0,56160.0,17.0,12188.0,47444.0,17.0,12191.0
6.795293331000721,0.0,0.0,0.0,0.0,0.0,0.0,0.0,0.0,0.0,0.0,0.0,0.0,0.0,56161.0,17.0,12208.0,47446.0,17.0,12221.0
6.813697203004267,0.0,0.0,0.0,0.0,0.0,0.0,0.0,0.0,0.0,0.0,0.0,0.0,0.0,56162.0,17.0,12228.0,47447.0,17.0,12241.0
6.835155827997369,0.0,0.0,0.0,0.0,0.0,0.0,0.0,0.0,0.0,0.0,0.0,0.0,0.0,56163.0,17.0,12248.0,47448.0,17.0,12261.0
6.863202723994618,0.0,0.0,0.0,0.0,0.0,0.0,0.0,0.0,0.0,0.0,0.0,0.0,0.0,56164.0,17.0,12268.0,47449.0,17.0,12281.0
6.874559649993898,0.0,0.0,0.0,0.0,0.0,0.0,0.0,0.0,0.0,0.0,0.0,0.0,0.0,56165.0,17.0,12288.0,47450.0,17.0,12301.0
7.237288221003837,0.0,0.0,0.0,0.0,0.0,0.0,0.0,0.0,0.0,0.0,0.0,0.0,0.0,56176.0,17.0,12508.0,47461.0,17.0,12521.0
7.237773065993679,0.0,0.0,0.0,0.0,0.0,0.0,0.0,0.0,0.0,0.0,0.0,0.0,0.0,56177.0,17.0,12528.0,47462.0,17.0,12541.0
7.237920744999428,0.0,0.0,0.0,0.0,0.0,0.0,0.0,0.0,0.0,0.0,0.0,0.0,0.0,56178.0,17.0,12548.0,47463.0,17.0,12561.0
7.237980377001804,0.0,0.0,0.0,0.0,0.0,0.0,0.0,0.0,0.0,0.0,0.0,0.0,0.0,56179.0,17.0,12568.0,47464.0,17.0,12581.0
7.238037825998617,0.0,0.0,0.0,0.0,0.0,0.0,0.0,0.0,0.0,0.0,0.0,0.0,0.0,56183.0,17.0,12648.0,47466.0,17.0,12651.0
7.238103700001375,0.0,0.0,0.0,0.0,0.0,0.0,0.0,0.0,0.0,0.0,0.0,0.0,0.0,56183.0,17.0,12648.0,47467.0,17.0,12658.0
7.265423464006744,0.0,0.0,0.0,0.0,0.0,0.0,0.0,0.0,0.0,0.0,0.0,0.0,0.0,56185.0,17.0,12688.0,47468.0,17.0,12691.0
7.2709440589969745,0.0,0.0,0.0,0.0,0.0,0.0,0.0,0.0,0.0,0.0,0.0,0.0,0.0,56185.0,17.0,12688.0,47469.0,17.0,12698.0
7.304105995004647,0.0,0.0,0.0,0.0,0.0,0.0,0.0,0.0,0.0,0.0,0.0,0.0,0.0,56187.0,17.0,12728.0,47470.0,17.0,12731.0
7.317437607998727,0.0,0.0,0.0,0.0,0.0,0.0,0.0,0.0,0.0,0.0,0.0,0.0,0.0,56187.0,17.0,12728.0,47471.0,17.0,12743.0
7.334754248993704,0.0,0.0,0.0,0.0,0.0,0.0,0.0,0.0,0.0,0.0,0.0,0.0,0.0,56188.0,17.0,12748.0,47472.0,17.0,12761.0
7.444580876996042,0.0,0.0,0.0,0.0,0.0,0.0,0.0,0.0,0.0,0.0,0.0,0.0,0.0,56193.0,17.0,12848.0,47476.0,17.0,12851.0
7.444730458999402,0.0,0.0,0.0,0.0,0.0,0.0,0.0,0.0,0.0,0.0,0.0,0.0,0.0,56193.0,17.0,12848.0,47477.0,17.0,12858.0
7.466780941002071,0.0,0.0,0.0,0.0,0.0,0.0,0.0,0.0,0.0,0.0,0.0,0.0,0.0,56195.0,17.0,12888.0,47478.0,17.0,12891.0
7.471642884003813,0.0,0.0,0.0,0.0,0.0,0.0,0.0,0.0,0.0,0.0,0.0,0.0,0.0,56195.0,17.0,12888.0,47479.0,17.0,12898.0
7.504622306005331,0.0,0.0,0.0,0.0,0.0,0.0,0.0,0.0,0.0,0.0,0.0,0.0,0.0,56197.0,17.0,12927.0,47480.0,17.0,12931.0
7.516871786996489,0.0,0.0,0.0,0.0,0.0,0.0,0.0,0.0,0.0,0.0,0.0,0.0,0.0,56197.0,17.0,12927.0,47481.0,17.0,12943.0
7.543306891995599,0.0,0.0,0.0,0.0,0.0,0.0,0.0,0.0,0.0,0.0,0.0,0.0,0.0,56198.0,17.0,12948.0,47482.0,17.0,12961.0
7.553439669005456,0.0,0.0,0.0,0.0,0.0,0.0,0.0,0.0,0.0,0.0,0.0,0.0,0.0,56199.0,17.0,12968.0,47483.0,17.0,12981.0
7.692443855994497,0.0,0.0,0.0,0.0,0.0,0.0,0.0,0.0,0.0,0.0,0.0,0.0,0.0,56206.0,17.0,13107.0,47486.0,17.0,13116.0
7.696030473001883,0.0,0.0,0.0,0.0,0.0,0.0,0.0,0.0,0.0,0.0,0.0,0.0,0.0,56206.0,17.0,13107.0,47487.0,17.0,13123.0
7.71397836500546,0.0,0.0,0.0,0.0,0.0,0.0,0.0,0.0,0.0,0.0,0.0,0.0,0.0,56207.0,17.0,13128.0,47488.0,17.0,13141.0
7.7342475559999,0.0,0.0,0.0,0.0,0.0,0.0,0.0,0.0,0.0,0.0,0.0,0.0,0.0,56208.0,17.0,13148.0,47489.0,17.0,13161.0
7.753621459007263,0.0,0.0,0.0,0.0,0.0,0.0,0.0,0.0,0.0,0.0,0.0,0.0,0.0,56209.0,17.0,13168.0,47490.0,17.0,13181.0
7.897226846995181,0.0,0.0,0.0,0.0,0.0,0.0,0.0,0.0,0.0,0.0,0.0,0.0,0.0,56215.0,17.0,13288.0,47496.0,17.0,13303.0
7.89941259000625,0.0,0.0,0.0,0.0,0.0,0.0,0.0,0.0,0.0,0.0,0.0,0.0,0.0,56216.0,17.0,13308.0,47497.0,17.0,13321.0
7.913849778997246,0.0,0.0,0.0,0.0,0.0,0.0,0.0,0.0,0.0,0.0,0.0,0.0,0.0,56217.0,17.0,13328.0,47498.0,17.0,13341.0
7.935071597996284,0.0,0.0,0.0,0.0,0.0,0.0,0.0,0.0,0.0,0.0,0.0,0.0,0.0,56218.0,17.0,13348.0,47499.0,17.0,13361.0
7.954407719007577,0.0,0.0,0.0,0.0,0.0,0.0,0.0,0.0,0.0,0.0,0.0,0.0,0.0,56219.0,17.0,13368.0,47500.0,17.0,13381.0
7.984557742005563,0.0,0.0,0.0,0.0,0.0,0.0,0.0,0.0,0.0,0.0,0.0,0.0,0.0,56221.0,17.0,13408.0,47501.0,17.0,13411.0
7.991110646005836,0.0,0.0,0.0,0.0,0.0,0.0,0.0,0.0,0.0,0.0,0.0,0.0,0.0,56221.0,17.0,13408.0,47502.0,17.0,13418.0
8.130735644997912,0.0,0.0,0.0,0.0,0.0,0.0,0.0,0.0,0.0,0.0,0.0,0.0,0.0,56225.0,17.0,13488.0,47506.0,17.0,13503.0
8.130844629995408,0.0,0.0,0.0,0.0,0.0,0.0,0.0,0.0,0.0,0.0,0.0,0.0,0.0,56226.0,17.0,13508.0,47507.0,17.0,13521.0
8.130909022002015,0.0,0.0,0.0,0.0,0.0,0.0,0.0,0.0,0.0,0.0,0.0,0.0,0.0,56227.0,17.0,13528.0,47508.0,17.0,13541.0
8.135109447001014,0.0,0.0,0.0,0.0,0.0,0.0,0.0,0.0,0.0,0.0,0.0,0.0,0.0,56228.0,17.0,13548.0,47509.0,17.0,13561.0
8.154046245006612,0.0,0.0,0.0,0.0,0.0,0.0,0.0,0.0,0.0,0.0,0.0,0.0,0.0,56229.0,17.0,13568.0,47510.0,17.0,13581.0
8.18676059700374,0.0,0.0,0.0,0.0,0.0,0.0,0.0,0.0,0.0,0.0,0.0,0.0,0.0,56231.0,17.0,13608.0,47511.0,17.0,13612.0
8.192375319995335,0.0,0.0,0.0,0.0,0.0,0.0,0.0,0.0,0.0,0.0,0.0,0.0,0.0,56231.0,17.0,13608.0,47512.0,17.0,13620.0
8.335977975002606,0.0,0.0,0.0,0.0,0.0,0.0,0.0,0.0,0.0,0.0,0.0,0.0,0.0,56235.0,17.0,13688.0,47516.0,17.0,13703.0
8.336126253998373,0.0,0.0,0.0,0.0,0.0,0.0,0.0,0.0,0.0,0.0,0.0,0.0,0.0,56236.0,17.0,13708.0,47517.0,17.0,13721.0
8.336192408998613,0.0,0.0,0.0,0.0,0.0,0.0,0.0,0.0,0.0,0.0,0.0,0.0,0.0,56237.0,17.0,13728.0,47518.0,17.0,13741.0
8.337863302003825,0.0,0.0,0.0,0.0,0.0,0.0,0.0,0.0,0.0,0.0,0.0,0.0,0.0,56238.0,17.0,13748.0,47519.0,17.0,13761.0
8.35387977999926,0.0,0.0,0.0,0.0,0.0,0.0,0.0,0.0,0.0,0.0,0.0,0.0,0.0,56239.0,17.0,13768.0,47520.0,17.0,13781.0
8.38565178400313,0.0,0.0,0.0,0.0,0.0,0.0,0.0,0.0,0.0,0.0,0.0,0.0,0.0,56241.0,17.0,13808.0,47521.0,17.0,13811.0
8.3939551700023,0.0,0.0,0.0,0.0,0.0,0.0,0.0,0.0,0.0,0.0,0.0,0.0,0.0,56241.0,17.0,13808.0,47522.0,17.0,13818.0
8.424662314995658,0.0,0.0,0.0,0.0,0.0,0.0,0.0,0.0,0.0,0.0,0.0,0.0,0.0,56243.0,17.0,13848.0,47523.0,17.0,13851.0
8.431035248999251,0.0,0.0,0.0,0.0,0.0,0.0,0.0,0.0,0.0,0.0,0.0,0.0,0.0,56243.0,17.0,13848.0,47524.0,17.0,13858.0
8.555225218005944,0.0,0.0,0.0,0.0,0.0,0.0,0.0,0.0,0.0,0.0,0.0,0.0,0.0,56245.0,17.0,13887.0,47526.0,17.0,13903.0
8.555418051997549,0.0,0.0,0.0,0.0,0.0,0.0,0.0,0.0,0.0,0.0,0.0,0.0,0.0,56246.0,17.0,13908.0,47527.0,17.0,13921.0
8.555487092002295,0.0,0.0,0.0,0.0,0.0,0.0,0.0,0.0,0.0,0.0,0.0,0.0,0.0,56247.0,17.0,13928.0,47528.0,17.0,13941.0
8.555554289006977,0.0,0.0,0.0,0.0,0.0,0.0,0.0,0.0,0.0,0.0,0.0,0.0,0.0,56248.0,17.0,13948.0,47529.0,17.0,13961.0
8.555613279997488,0.0,0.0,0.0,0.0,0.0,0.0,0.0,0.0,0.0,0.0,0.0,0.0,0.0,56249.0,17.0,13968.0,47530.0,17.0,13981.0
8.584651436001877,0.0,0.0,0.0,0.0,0.0,0.0,0.0,0.0,0.0,0.0,0.0,0.0,0.0,56251.0,17.0,14008.0,47531.0,17.0,14011.0
8.593557298998348,0.0,0.0,0.0,0.0,0.0,0.0,0.0,0.0,0.0,0.0,0.0,0.0,0.0,56251.0,17.0,14008.0,47532.0,17.0,14018.0
8.625093417998869,0.0,0.0,0.0,0.0,0.0,0.0,0.0,0.0,0.0,0.0,0.0,0.0,0.0,56253.0,17.0,14048.0,47533.0,17.0,14051.0
8.6420827020047,0.0,0.0,0.0,0.0,0.0,0.0,0.0,0.0,0.0,0.0,0.0,0.0,0.0,56253.0,17.0,14048.0,47534.0,17.0,14058.0
8.777318931999616,0.0,0.0,0.0,0.0,0.0,0.0,0.0,0.0,0.0,0.0,0.0,0.0,0.0,56260.0,17.0,14187.0,47541.0,17.0,14203.0
8.797060348006198,0.0,0.0,0.0,0.0,0.0,0.0,0.0,0.0,0.0,0.0,0.0,0.0,0.0,56261.0,17.0,14208.0,47542.0,17.0,14221.0
8.814763918999233,0.0,0.0,0.0,0.0,0.0,0.0,0.0,0.0,0.0,0.0,0.0,0.0,0.0,56262.0,17.0,14228.0,47543.0,17.0,14241.0
8.835092773006181,0.0,0.0,0.0,0.0,0.0,0.0,0.0,0.0,0.0,0.0,0.0,0.0,0.0,56263.0,17.0,14248.0,47544.0,17.0,14261.0
8.854360384997563,0.0,0.0,0.0,0.0,0.0,0.0,0.0,0.0,0.0,0.0,0.0,0.0,0.0,56264.0,17.0,14268.0,47545.0,17.0,14281.0
9.09232095599873,0.0,0.0,0.0,0.0,0.0,0.0,0.0,0.0,0.0,0.0,0.0,0.0,0.0,56276.0,17.0,14508.0,47556.0,17.0,14511.0
9.093972432005103,0.0,0.0,0.0,0.0,0.0,0.0,0.0,0.0,0.0,0.0,0.0,0.0,0.0,56276.0,17.0,14508.0,47557.0,17.0,14518.0
9.51722850400256,0.0,0.0,0.0,0.0,0.0,0.0,0.0,0.0,0.0,0.0,0.0,0.0,0.0,56296.0,17.0,14908.0,47576.0,17.0,14911.0
9.517409766005585,0.0,0.0,0.0,0.0,0.0,0.0,0.0,0.0,0.0,0.0,0.0,0.0,0.0,56296.0,17.0,14908.0,47577.0,17.0,14918.0
9.525449705004576,0.0,0.0,0.0,0.0,0.0,0.0,0.0,0.0,0.0,0.0,0.0,0.0,0.0,56298.0,17.0,14948.0,47578.0,17.0,14950.0
9.531421781997778,0.0,0.0,0.0,0.0,0.0,0.0,0.0,0.0,0.0,0.0,0.0,0.0,0.0,56298.0,17.0,14948.0,47579.0,17.0,14958.0
9.564851183997234,0.0,0.0,0.0,0.0,0.0,0.0,0.0,0.0,0.0,0.0,0.0,0.0,0.0,56300.0,17.0,14988.0,47580.0,17.0,14991.0
9.576998172007734,0.0,0.0,0.0,0.0,0.0,0.0,0.0,0.0,0.0,0.0,0.0,0.0,0.0,56300.0,17.0,14988.0,47581.0,17.0,15003.0
9.595021436005482,0.0,0.0,0.0,0.0,0.0,0.0,0.0,0.0,0.0,0.0,0.0,0.0,0.0,56301.0,17.0,15008.0,47582.0,17.0,15020.0
10.029383040993707,0.0,0.0,0.0,0.0,0.0,0.0,0.0,0.0,0.0,0.0,0.0,0.0,0.0,56320.0,17.0,15388.0,47591.0,17.0,15403.0
10.029574772997876,0.0,0.0,0.0,0.0,0.0,0.0,0.0,0.0,0.0,0.0,0.0,0.0,0.0,56321.0,17.0,15408.0,47592.0,17.0,15421.0
10.029650967000634,0.0,0.0,0.0,0.0,0.0,0.0,0.0,0.0,0.0,0.0,0.0,0.0,0.0,56322.0,17.0,15428.0,47593.0,17.0,15441.0
10.035873686996638,0.0,0.0,0.0,0.0,0.0,0.0,0.0,0.0,0.0,0.0,0.0,0.0,0.0,56323.0,17.0,15448.0,47594.0,17.0,15461.0
10.054461506995722,0.0,0.0,0.0,0.0,0.0,0.0,0.0,0.0,0.0,0.0,0.0,0.0,0.0,56324.0,17.0,15468.0,47595.0,17.0,15481.0
10.08396278800501,0.0,0.0,0.0,0.0,0.0,0.0,0.0,0.0,0.0,0.0,0.0,0.0,0.0,56326.0,17.0,15508.0,47596.0,17.0,15511.0
10.090711311000632,0.0,0.0,0.0,0.0,0.0,0.0,0.0,0.0,0.0,0.0,0.0,0.0,0.0,56326.0,17.0,15508.0,47597.0,17.0,15518.0
10.526845815998968,0.0,0.0,0.0,0.0,0.0,0.0,0.0,0.0,0.0,0.0,0.0,0.0,0.0,56345.0,17.0,15888.0,47616.0,17.0,15903.0
10.527035655002692,0.0,0.0,0.0,0.0,0.0,0.0,0.0,0.0,0.0,0.0,0.0,0.0,0.0,56346.0,17.0,15908.0,47617.0,17.0,15921.0
10.527109282993479,0.0,0.0,0.0,0.0,0.0,0.0,0.0,0.0,0.0,0.0,0.0,0.0,0.0,56347.0,17.0,15928.0,47618.0,17.0,15941.0
10.5356121060031,0.0,0.0,0.0,0.0,0.0,0.0,0.0,0.0,0.0,0.0,0.0,0.0,0.0,56348.0,17.0,15948.0,47619.0,17.0,15961.0
10.559765437006718,0.0,0.0,0.0,0.0,0.0,0.0,0.0,0.0,0.0,0.0,0.0,0.0,0.0,56349.0,17.0,15968.0,47620.0,17.0,15981.0
10.585812410005019,0.0,0.0,0.0,0.0,0.0,0.0,0.0,0.0,0.0,0.0,0.0,0.0,0.0,56351.0,17.0,16008.0,47621.0,17.0,16011.0
10.59099569999671,0.0,0.0,0.0,0.0,0.0,0.0,0.0,0.0,0.0,0.0,0.0,0.0,0.0,56351.0,17.0,16008.0,47622.0,17.0,16018.0
10.624165913002798,0.0,0.0,0.0,0.0,0.0,0.0,0.0,0.0,0.0,0.0,0.0,0.0,0.0,56353.0,17.0,16048.0,47623.0,17.0,16051.0
11.036808546006796,0.0,0.0,0.0,0.0,0.0,0.0,0.0,0.0,0.0,0.0,0.0,0.0,0.0,56371.0,17.0,16408.0,47641.0,17.0,16411.0
11.036972265006625,0.0,0.0,0.0,0.0,0.0,0.0,0.0,0.0,0.0,0.0,0.0,0.0,0.0,56371.0,17.0,16408.0,47642.0,17.0,16418.0
11.037044320997666,0.0,0.0,0.0,0.0,0.0,0.0,0.0,0.0,0.0,0.0,0.0,0.0,0.0,56373.0,17.0,16447.0,47643.0,17.0,16451.0
11.037108311997144,0.0,0.0,0.0,0.0,0.0,0.0,0.0,0.0,0.0,0.0,0.0,0.0,0.0,56373.0,17.0,16447.0,47644.0,17.0,16457.0
11.067483521997929,0.0,0.0,0.0,0.0,0.0,0.0,0.0,0.0,0.0,0.0,0.0,0.0,0.0,56375.0,17.0,16487.0,47645.0,17.0,16491.0
11.076307490002364,0.0,0.0,0.0,0.0,0.0,0.0,0.0,0.0,0.0,0.0,0.0,0.0,0.0,56375.0,17.0,16487.0,47646.0,17.0,16503.0
11.094107765005901,0.0,0.0,0.0,0.0,0.0,0.0,0.0,0.0,0.0,0.0,0.0,0.0,0.0,56376.0,17.0,16508.0,47647.0,17.0,16521.0
11.124490920003154,0.0,0.0,0.0,0.0,0.0,0.0,0.0,0.0,0.0,0.0,0.0,0.0,0.0,56377.0,17.0,16528.0,47648.0,17.0,16541.0
11.134653304005042,0.0,0.0,0.0,0.0,0.0,0.0,0.0,0.0,0.0,0.0,0.0,0.0,0.0,56378.0,17.0,16548.0,47649.0,17.0,16561.0
11.550797459000023,0.0,0.0,0.0,0.0,0.0,0.0,0.0,0.0,0.0,0.0,0.0,0.0,0.0,56396.0,17.0,16908.0,47666.0,17.0,16911.0
11.550966348004295,0.0,0.0,0.0,0.0,0.0,0.0,0.0,0.0,0.0,0.0,0.0,0.0,0.0,56396.0,17.0,16908.0,47667.0,17.0,16918.0
11.551036699995166,0.0,0.0,0.0,0.0,0.0,0.0,0.0,0.0,0.0,0.0,0.0,0.0,0.0,56398.0,17.0,16947.0,47668.0,17.0,16951.0
11.551098476993502,0.0,0.0,0.0,0.0,0.0,0.0,0.0,0.0,0.0,0.0,0.0,0.0,0.0,56398.0,17.0,16947.0,47669.0,17.0,16958.0
11.566102134995162,0.0,0.0,0.0,0.0,0.0,0.0,0.0,0.0,0.0,0.0,0.0,0.0,0.0,56400.0,17.0,16988.0,47670.0,17.0,16991.0
11.579701914000907,0.0,0.0,0.0,0.0,0.0,0.0,0.0,0.0,0.0,0.0,0.0,0.0,0.0,56400.0,17.0,16988.0,47671.0,17.0,17003.0
11.594186222006101,0.0,0.0,0.0,0.0,0.0,0.0,0.0,0.0,0.0,0.0,0.0,0.0,0.0,56401.0,17.0,17008.0,47672.0,17.0,17021.0
11.614557558001252,0.0,0.0,0.0,0.0,0.0,0.0,0.0,0.0,0.0,0.0,0.0,0.0,0.0,56402.0,17.0,17028.0,47673.0,17.0,17041.0
11.633255957000074,0.0,0.0,0.0,0.0,0.0,0.0,0.0,0.0,0.0,0.0,0.0,0.0,0.0,56403.0,17.0,17048.0,47674.0,17.0,17061.0
12.05592134600738,0.0,0.0,0.0,0.0,0.0,0.0,0.0,0.0,0.0,0.0,0.0,0.0,0.0,56421.0,17.0,17408.0,47691.0,17.0,17411.0
12.056106816002284,0.0,0.0,0.0,0.0,0.0,0.0,0.0,0.0,0.0,0.0,0.0,0.0,0.0,56421.0,17.0,17408.0,47692.0,17.0,17418.0
12.056179142004112,0.0,0.0,0.0,0.0,0.0,0.0,0.0,0.0,0.0,0.0,0.0,0.0,0.0,56423.0,17.0,17447.0,47693.0,17.0,17451.0
12.056241129001137,0.0,0.0,0.0,0.0,0.0,0.0,0.0,0.0,0.0,0.0,0.0,0.0,0.0,56423.0,17.0,17447.0,47694.0,17.0,17458.0
12.064152545994148,0.0,0.0,0.0,0.0,0.0,0.0,0.0,0.0,0.0,0.0,0.0,0.0,0.0,56425.0,17.0,17488.0,47695.0,17.0,17491.0
12.078111523005646,0.0,0.0,0.0,0.0,0.0,0.0,0.0,0.0,0.0,0.0,0.0,0.0,0.0,56425.0,17.0,17488.0,47696.0,17.0,17503.0
12.099104021006497,0.0,0.0,0.0,0.0,0.0,0.0,0.0,0.0,0.0,0.0,0.0,0.0,0.0,56426.0,17.0,17508.0,47697.0,17.0,17521.0
12.125077677002992,0.0,0.0,0.0,0.0,0.0,0.0,0.0,0.0,0.0,0.0,0.0,0.0,0.0,56428.0,17.0,17547.0,47698.0,17.0,17551.0
12.131078478996642,0.0,0.0,0.0,0.0,0.0,0.0,0.0,0.0,0.0,0.0,0.0,0.0,0.0,56428.0,17.0,17547.0,47699.0,17.0,17558.0
12.570273500998155,0.0,0.0,0.0,0.0,0.0,0.0,0.0,0.0,0.0,0.0,0.0,0.0,0.0,56446.0,17.0,17908.0,47716.0,17.0,17911.0
12.57047400000738,0.0,0.0,0.0,0.0,0.0,0.0,0.0,0.0,0.0,0.0,0.0,0.0,0.0,56446.0,17.0,17908.0,47717.0,17.0,17918.0
12.570550484000705,0.0,0.0,0.0,0.0,0.0,0.0,0.0,0.0,0.0,0.0,0.0,0.0,0.0,56448.0,17.0,17947.0,47718.0,17.0,17951.0
12.570614885000396,0.0,0.0,0.0,0.0,0.0,0.0,0.0,0.0,0.0,0.0,0.0,0.0,0.0,56448.0,17.0,17947.0,47719.0,17.0,17958.0
12.570673897003871,0.0,0.0,0.0,0.0,0.0,0.0,0.0,0.0,0.0,0.0,0.0,0.0,0.0,56450.0,17.0,17988.0,47720.0,17.0,17991.0
12.57507275599346,0.0,0.0,0.0,0.0,0.0,0.0,0.0,0.0,0.0,0.0,0.0,0.0,0.0,56450.0,17.0,17988.0,47721.0,17.0,18002.0
12.594771793999826,0.0,0.0,0.0,0.0,0.0,0.0,0.0,0.0,0.0,0.0,0.0,0.0,0.0,56451.0,17.0,18008.0,47722.0,17.0,18021.0
12.613961809998727,0.0,0.0,0.0,0.0,0.0,0.0,0.0,0.0,0.0,0.0,0.0,0.0,0.0,56452.0,17.0,18028.0,47723.0,17.0,18041.0
12.633803507007542,0.0,0.0,0.0,0.0,0.0,0.0,0.0,0.0,0.0,0.0,0.0,0.0,0.0,56453.0,17.0,18048.0,47724.0,17.0,18061.0
12.65396046800015,0.0,0.0,0.0,0.0,0.0,0.0,0.0,0.0,0.0,0.0,0.0,0.0,0.0,56454.0,17.0,18068.0,47725.0,17.0,18081.0
13.078084134001983,0.0,0.0,0.0,0.0,0.0,0.0,0.0,0.0,0.0,0.0,0.0,0.0,0.0,56475.0,17.0,18488.0,47746.0,17.0,18501.0
13.095811431994662,0.0,0.0,0.0,0.0,0.0,0.0,0.0,0.0,0.0,0.0,0.0,0.0,0.0,56476.0,17.0,18508.0,47747.0,17.0,18521.0
13.115906637001899,0.0,0.0,0.0,0.0,0.0,0.0,0.0,0.0,0.0,0.0,0.0,0.0,0.0,56477.0,17.0,18528.0,47748.0,17.0,18541.0
13.1442301269999,0.0,0.0,0.0,0.0,0.0,0.0,0.0,0.0,0.0,0.0,0.0,0.0,0.0,56479.0,17.0,18568.0,47749.0,17.0,18571.0
13.151163016998908,0.0,0.0,0.0,0.0,0.0,0.0,0.0,0.0,0.0,0.0,0.0,0.0,0.0,56479.0,17.0,18568.0,47750.0,17.0,18578.0
13.176743150994298,0.0,0.0,0.0,0.0,0.0,0.0,0.0,0.0,0.0,0.0,0.0,0.0,0.0,56480.0,17.0,18588.0,47751.0,17.0,18601.0
13.589470550999977,0.0,0.0,0.0,0.0,0.0,0.0,0.0,0.0,0.0,0.0,0.0,0.0,0.0,56500.0,17.0,18987.0,47771.0,17.0,19003.0
13.593803687006584,0.0,0.0,0.0,0.0,0.0,0.0,0.0,0.0,0.0,0.0,0.0,0.0,0.0,56501.0,17.0,19008.0,47772.0,17.0,19021.0
13.615807923997636,0.0,0.0,0.0,0.0,0.0,0.0,0.0,0.0,0.0,0.0,0.0,0.0,0.0,56502.0,17.0,19028.0,47773.0,17.0,19041.0
13.644441918993834,0.0,0.0,0.0,0.0,0.0,0.0,0.0,0.0,0.0,0.0,0.0,0.0,0.0,56504.0,17.0,19068.0,47774.0,17.0,19071.0
13.65748332500516,0.0,0.0,0.0,0.0,0.0,0.0,0.0,0.0,0.0,0.0,0.0,0.0,0.0,56504.0,17.0,19068.0,47775.0,17.0,19084.0
13.68870553499437,0.0,0.0,0.0,0.0,0.0,0.0,0.0,0.0,0.0,0.0,0.0,0.0,0.0,56506.0,17.0,19108.0,47776.0,17.0,19113.0
14.129140703997109,0.0,0.0,0.0,0.0,0.0,0.0,0.0,0.0,0.0,0.0,0.0,0.0,0.0,56526.0,17.0,19508.0,47796.0,17.0,19511.0
14.129325141999288,0.0,0.0,0.0,0.0,0.0,0.0,0.0,0.0,0.0,0.0,0.0,0.0,0.0,56526.0,17.0,19508.0,47797.0,17.0,19518.0
14.129400795005495,0.0,0.0,0.0,0.0,0.0,0.0,0.0,0.0,0.0,0.0,0.0,0.0,0.0,56528.0,17.0,19548.0,47798.0,17.0,19551.0
14.131240596005227,0.0,0.0,0.0,0.0,0.0,0.0,0.0,0.0,0.0,0.0,0.0,0.0,0.0,56528.0,17.0,19548.0,47799.0,17.0,19558.0
14.165683932995307,0.0,0.0,0.0,0.0,0.0,0.0,0.0,0.0,0.0,0.0,0.0,0.0,0.0,56530.0,17.0,19588.0,47800.0,17.0,19591.0
14.183102437993512,0.0,0.0,0.0,0.0,0.0,0.0,0.0,0.0,0.0,0.0,0.0,0.0,0.0,56530.0,17.0,19588.0,47801.0,17.0,19603.0
14.193780114001129,0.0,0.0,0.0,0.0,0.0,0.0,0.0,0.0,0.0,0.0,0.0,0.0,0.0,56531.0,17.0,19608.0,47802.0,17.0,19621.0
14.214221842994448,0.0,0.0,0.0,0.0,0.0,0.0,0.0,0.0,0.0,0.0,0.0,0.0,0.0,56532.0,17.0,19628.0,47803.0,17.0,19641.0
14.233685176004656,0.0,0.0,0.0,0.0,0.0,0.0,0.0,0.0,0.0,0.0,0.0,0.0,0.0,56533.0,17.0,19648.0,47804.0,17.0,19661.0
14.254661735001719,0.0,0.0,0.0,0.0,0.0,0.0,0.0,0.0,0.0,0.0,0.0,0.0,0.0,56534.0,17.0,19668.0,47805.0,17.0,19681.0
14.284525060007581,0.0,0.0,0.0,0.0,0.0,0.0,0.0,0.0,0.0,0.0,0.0,0.0,0.0,56536.0,17.0,19708.0,47806.0,17.0,19711.0
14.291493217999232,0.0,0.0,0.0,0.0,0.0,0.0,0.0,0.0,0.0,0.0,0.0,0.0,0.0,56536.0,17.0,19708.0,47807.0,17.0,19718.0
14.32505882800615,0.0,0.0,0.0,0.0,0.0,0.0,0.0,0.0,0.0,0.0,0.0,0.0,0.0,56538.0,17.0,19748.0,47808.0,17.0,19751.0
14.331088395003462,0.0,0.0,0.0,0.0,0.0,0.0,0.0,0.0,0.0,0.0,0.0,0.0,0.0,56538.0,17.0,19748.0,47809.0,17.0,19758.0
14.484640053007752,0.0,0.0,0.0,0.0,0.0,0.0,0.0,0.0,0.0,0.0,0.0,0.0,0.0,56546.0,17.0,19908.0,47816.0,17.0,19911.0
14.49180012299621,0.0,0.0,0.0,0.0,0.0,0.0,0.0,0.0,0.0,0.0,0.0,0.0,0.0,56546.0,17.0,19908.0,47817.0,17.0,19918.0
14.52521711299778,0.0,0.0,0.0,0.0,0.0,0.0,0.0,0.0,0.0,0.0,0.0,0.0,0.0,56548.0,17.0,19948.0,47818.0,17.0,19951.0
14.53589760500472,0.0,0.0,0.0,0.0,0.0,0.0,0.0,0.0,0.0,0.0,0.0,0.0,0.0,56548.0,17.0,19948.0,47819.0,17.0,19958.0
14.564304312007152,0.0,0.0,0.0,0.0,0.0,0.0,0.0,0.0,0.0,0.0,0.0,0.0,0.0,56550.0,17.0,19987.0,47820.0,17.0,19991.0
14.657205566996709,0.0,0.0,0.0,0.0,0.0,0.0,0.0,0.0,0.0,0.0,0.0,0.0,0.0,56550.0,17.0,19987.0,47821.0,17.0,20003.0
14.657620048994431,0.0,0.0,0.0,0.0,0.0,0.0,0.0,0.0,0.0,0.0,0.0,0.0,0.0,56551.0,17.0,20008.0,47822.0,17.0,20021.0
14.657884959000512,0.0,0.0,0.0,0.0,0.0,0.0,0.0,0.0,0.0,0.0,0.0,0.0,0.0,56552.0,17.0,20028.0,47823.0,17.0,20041.0
14.658035863001714,0.0,0.0,0.0,0.0,0.0,0.0,0.0,0.0,0.0,0.0,0.0,0.0,0.0,56553.0,17.0,20048.0,47824.0,17.0,20061.0
14.687105140998028,0.0,0.0,0.0,0.0,0.0,0.0,0.0,0.0,0.0,0.0,0.0,0.0,0.0,56556.0,17.0,20108.0,47826.0,17.0,20112.0
14.702879603995825,0.0,0.0,0.0,0.0,0.0,0.0,0.0,0.0,0.0,0.0,0.0,0.0,0.0,56556.0,17.0,20108.0,47827.0,17.0,20120.0
14.742208038005629,0.0,0.0,0.0,0.0,0.0,0.0,0.0,0.0,0.0,0.0,0.0,0.0,0.0,56558.0,17.0,20148.0,47828.0,17.0,20151.0
14.74252433500078,0.0,0.0,0.0,0.0,0.0,0.0,0.0,0.0,0.0,0.0,0.0,0.0,0.0,56558.0,17.0,20148.0,47829.0,17.0,20158.0
14.763786320996587,0.0,0.0,0.0,0.0,0.0,0.0,0.0,0.0,0.0,0.0,0.0,0.0,0.0,56560.0,17.0,20187.0,47830.0,17.0,20191.0
14.77689279000333,0.0,0.0,0.0,0.0,0.0,0.0,0.0,0.0,0.0,0.0,0.0,0.0,0.0,56560.0,17.0,20187.0,47831.0,17.0,20203.0
14.846181864006212,0.0,0.0,0.0,0.0,0.0,0.0,0.0,0.0,0.0,0.0,0.0,0.0,0.0,56561.0,17.0,20208.0,47832.0,17.0,20221.0
14.846501345993602,0.0,0.0,0.0,0.0,0.0,0.0,0.0,0.0,0.0,0.0,0.0,0.0,0.0,56562.0,17.0,20228.0,47833.0,17.0,20241.0
14.846581377001712,0.0,0.0,0.0,0.0,0.0,0.0,0.0,0.0,0.0,0.0,0.0,0.0,0.0,56563.0,17.0,20248.0,47834.0,17.0,20261.0
14.888249184994493,0.0,0.0,0.0,0.0,0.0,0.0,0.0,0.0,0.0,0.0,0.0,0.0,0.0,56566.0,17.0,20308.0,47836.0,17.0,20311.0
14.904688883994822,0.0,0.0,0.0,0.0,0.0,0.0,0.0,0.0,0.0,0.0,0.0,0.0,0.0,56566.0,17.0,20308.0,47837.0,17.0,20318.0
14.92432755700429,0.0,0.0,0.0,0.0,0.0,0.0,0.0,0.0,0.0,0.0,0.0,0.0,0.0,56568.0,17.0,20348.0,47838.0,17.0,20351.0
14.931380915993941,0.0,0.0,0.0,0.0,0.0,0.0,0.0,0.0,0.0,0.0,0.0,0.0,0.0,56568.0,17.0,20348.0,47839.0,17.0,20358.0
14.966283700006898,0.0,0.0,0.0,0.0,0.0,0.0,0.0,0.0,0.0,0.0,0.0,0.0,0.0,56570.0,17.0,20387.0,47840.0,17.0,20391.0
14.976090954005485,0.0,0.0,0.0,0.0,0.0,0.0,0.0,0.0,0.0,0.0,0.0,0.0,0.0,56570.0,17.0,20387.0,47841.0,17.0,20403.0
14.994004552994738,0.0,0.0,0.0,0.0,0.0,0.0,0.0,0.0,0.0,0.0,0.0,0.0,0.0,56571.0,17.0,20408.0,47842.0,17.0,20421.0
15.018697353007155,0.0,0.0,0.0,0.0,0.0,0.0,0.0,0.0,0.0,0.0,0.0,0.0,0.0,56572.0,17.0,20428.0,47843.0,17.0,20441.0
15.127090477006277,0.0,0.0,0.0,0.0,0.0,0.0,0.0,0.0,0.0,0.0,0.0,0.0,0.0,56576.0,17.0,20508.0,47846.0,17.0,20511.0
15.127274735001265,0.0,0.0,0.0,0.0,0.0,0.0,0.0,0.0,0.0,0.0,0.0,0.0,0.0,56576.0,17.0,20508.0,47847.0,17.0,20518.0
15.127344356005779,0.0,0.0,0.0,0.0,0.0,0.0,0.0,0.0,0.0,0.0,0.0,0.0,0.0,56578.0,17.0,20548.0,47848.0,17.0,20551.0
15.130984424002236,0.0,0.0,0.0,0.0,0.0,0.0,0.0,0.0,0.0,0.0,0.0,0.0,0.0,56578.0,17.0,20548.0,47849.0,17.0,20558.0
15.164063598000212,0.0,0.0,0.0,0.0,0.0,0.0,0.0,0.0,0.0,0.0,0.0,0.0,0.0,56580.0,17.0,20588.0,47850.0,17.0,20591.0
15.176423619006528,0.0,0.0,0.0,0.0,0.0,0.0,0.0,0.0,0.0,0.0,0.0,0.0,0.0,56580.0,17.0,20588.0,47851.0,17.0,20603.0
15.19429030000174,0.0,0.0,0.0,0.0,0.0,0.0,0.0,0.0,0.0,0.0,0.0,0.0,0.0,56581.0,17.0,20608.0,47852.0,17.0,20621.0
15.213897965004435,0.0,0.0,0.0,0.0,0.0,0.0,0.0,0.0,0.0,0.0,0.0,0.0,0.0,56582.0,17.0,20628.0,47853.0,17.0,20641.0
15.239078867001808,0.0,0.0,0.0,0.0,0.0,0.0,0.0,0.0,0.0,0.0,0.0,0.0,0.0,56583.0,17.0,20648.0,47854.0,17.0,20661.0
15.355210662994068,0.0,0.0,0.0,0.0,0.0,0.0,0.0,0.0,0.0,0.0,0.0,0.0,0.0,56586.0,17.0,20708.0,47856.0,17.0,20711.0
15.35532758399495,0.0,0.0,0.0,0.0,0.0,0.0,0.0,0.0,0.0,0.0,0.0,0.0,0.0,56586.0,17.0,20708.0,47857.0,17.0,20718.0
15.355404549001832,0.0,0.0,0.0,0.0,0.0,0.0,0.0,0.0,0.0,0.0,0.0,0.0,0.0,56588.0,17.0,20747.0,47858.0,17.0,20751.0
15.355462559004081,0.0,0.0,0.0,0.0,0.0,0.0,0.0,0.0,0.0,0.0,0.0,0.0,0.0,56588.0,17.0,20747.0,47859.0,17.0,20759.0
15.36856041100691,0.0,0.0,0.0,0.0,0.0,0.0,0.0,0.0,0.0,0.0,0.0,0.0,0.0,56590.0,17.0,20788.0,47860.0,17.0,20791.0
15.383906286006095,0.0,0.0,0.0,0.0,0.0,0.0,0.0,0.0,0.0,0.0,0.0,0.0,0.0,56590.0,17.0,20788.0,47861.0,17.0,20803.0
15.394663533006678,0.0,0.0,0.0,0.0,0.0,0.0,0.0,0.0,0.0,0.0,0.0,0.0,0.0,56591.0,17.0,20808.0,47862.0,17.0,20821.0
15.414889834995847,0.0,0.0,0.0,0.0,0.0,0.0,0.0,0.0,0.0,0.0,0.0,0.0,0.0,56592.0,17.0,20828.0,47863.0,17.0,20841.0
15.434829798003193,0.0,0.0,0.0,0.0,0.0,0.0,0.0,0.0,0.0,0.0,0.0,0.0,0.0,56593.0,17.0,20848.0,47864.0,17.0,20861.0
15.565791807006462,0.0,0.0,0.0,0.0,0.0,0.0,0.0,0.0,0.0,0.0,0.0,0.0,0.0,56596.0,17.0,20908.0,47866.0,17.0,20911.0
15.565925989998505,0.0,0.0,0.0,0.0,0.0,0.0,0.0,0.0,0.0,0.0,0.0,0.0,0.0,56596.0,17.0,20908.0,47867.0,17.0,20918.0
15.56599124299828,0.0,0.0,0.0,0.0,0.0,0.0,0.0,0.0,0.0,0.0,0.0,0.0,0.0,56598.0,17.0,20948.0,47868.0,17.0,20951.0
15.566049964007107,0.0,0.0,0.0,0.0,0.0,0.0,0.0,0.0,0.0,0.0,0.0,0.0,0.0,56598.0,17.0,20948.0,47869.0,17.0,20958.0
15.566106900994782,0.0,0.0,0.0,0.0,0.0,0.0,0.0,0.0,0.0,0.0,0.0,0.0,0.0,56600.0,17.0,20988.0,47870.0,17.0,20991.0
15.576838099004817,0.0,0.0,0.0,0.0,0.0,0.0,0.0,0.0,0.0,0.0,0.0,0.0,0.0,56600.0,17.0,20988.0,47871.0,17.0,21002.0
15.593981494996115,0.0,0.0,0.0,0.0,0.0,0.0,0.0,0.0,0.0,0.0,0.0,0.0,0.0,56601.0,17.0,21008.0,47872.0,17.0,21021.0
15.615631192995352,0.0,0.0,0.0,0.0,0.0,0.0,0.0,0.0,0.0,0.0,0.0,0.0,0.0,56602.0,17.0,21028.0,47873.0,17.0,21041.0
15.63510656899598,0.0,0.0,0.0,0.0,0.0,0.0,0.0,0.0,0.0,0.0,0.0,0.0,0.0,56603.0,17.0,21048.0,47874.0,17.0,21061.0
15.656087847004528,0.0,0.0,0.0,0.0,0.0,0.0,0.0,0.0,0.0,0.0,0.0,0.0,0.0,56604.0,17.0,21068.0,47875.0,17.0,21081.0
15.785395173006691,0.0,0.0,0.0,0.0,0.0,0.0,0.0,0.0,0.0,0.0,0.0,0.0,0.0,56610.0,17.0,21188.0,47881.0,17.0,21201.0
15.795205664006062,0.0,0.0,0.0,0.0,0.0,0.0,0.0,0.0,0.0,0.0,0.0,0.0,0.0,56611.0,17.0,21208.0,47882.0,17.0,21221.0
15.814866600005189,0.0,0.0,0.0,0.0,0.0,0.0,0.0,0.0,0.0,0.0,0.0,0.0,0.0,56612.0,17.0,21228.0,47883.0,17.0,21241.0
15.834332418002305,0.0,0.0,0.0,0.0,0.0,0.0,0.0,0.0,0.0,0.0,0.0,0.0,0.0,56613.0,17.0,21248.0,47884.0,17.0,21261.0
15.854826064998633,0.0,0.0,0.0,0.0,0.0,0.0,0.0,0.0,0.0,0.0,0.0,0.0,0.0,56614.0,17.0,21268.0,47885.0,17.0,21281.0
15.88512652600184,0.0,0.0,0.0,0.0,0.0,0.0,0.0,0.0,0.0,0.0,0.0,0.0,0.0,56616.0,17.0,21308.0,47886.0,17.0,21311.0
15.901407725003082,0.0,0.0,0.0,0.0,0.0,0.0,0.0,0.0,0.0,0.0,0.0,0.0,0.0,56616.0,17.0,21308.0,47887.0,17.0,21318.0
15.965764373002457,0.0,0.0,0.0,0.0,0.0,0.0,0.0,0.0,0.0,0.0,0.0,0.0,0.0,56618.0,17.0,21348.0,47888.0,17.0,21351.0
15.966229580997606,0.0,0.0,0.0,0.0,0.0,0.0,0.0,0.0,0.0,0.0,0.0,0.0,0.0,56618.0,17.0,21348.0,47889.0,17.0,21358.0
16.00512149199494,0.0,0.0,0.0,0.0,0.0,0.0,0.0,0.0,0.0,0.0,0.0,0.0,0.0,56620.0,17.0,21388.0,47891.0,17.0,21403.0
16.005226640001638,0.0,0.0,0.0,0.0,0.0,0.0,0.0,0.0,0.0,0.0,0.0,0.0,0.0,56621.0,17.0,21408.0,47892.0,17.0,21421.0
16.01408573500521,0.0,0.0,0.0,0.0,0.0,0.0,0.0,0.0,0.0,0.0,0.0,0.0,0.0,56622.0,17.0,21428.0,47893.0,17.0,21441.0
16.034160041002906,0.0,0.0,0.0,0.0,0.0,0.0,0.0,0.0,0.0,0.0,0.0,0.0,0.0,56623.0,17.0,21448.0,47894.0,17.0,21461.0
16.055113405993325,0.0,0.0,0.0,0.0,0.0,0.0,0.0,0.0,0.0,0.0,0.0,0.0,0.0,56624.0,17.0,21468.0,47895.0,17.0,21481.0
16.084953368001152,0.0,0.0,0.0,0.0,0.0,0.0,0.0,0.0,0.0,0.0,0.0,0.0,0.0,56626.0,17.0,21508.0,47896.0,17.0,21511.0
16.091284232999897,0.0,0.0,0.0,0.0,0.0,0.0,0.0,0.0,0.0,0.0,0.0,0.0,0.0,56626.0,17.0,21508.0,47897.0,17.0,21518.0
16.205993366995244,0.0,0.0,0.0,0.0,0.0,0.0,0.0,0.0,0.0,0.0,0.0,0.0,0.0,56630.0,17.0,21588.0,47901.0,17.0,21603.0
16.206113292995724,0.0,0.0,0.0,0.0,0.0,0.0,0.0,0.0,0.0,0.0,0.0,0.0,0.0,56631.0,17.0,21608.0,47902.0,17.0,21621.0
16.224821472002077,0.0,0.0,0.0,0.0,0.0,0.0,0.0,0.0,0.0,0.0,0.0,0.0,0.0,56632.0,17.0,21628.0,47903.0,17.0,21641.0
16.234993995996774,0.0,0.0,0.0,0.0,0.0,0.0,0.0,0.0,0.0,0.0,0.0,0.0,0.0,56633.0,17.0,21648.0,47904.0,17.0,21661.0
16.25411278899992,0.0,0.0,0.0,0.0,0.0,0.0,0.0,0.0,0.0,0.0,0.0,0.0,0.0,56634.0,17.0,21668.0,47905.0,17.0,21681.0
16.284406427002978,0.0,0.0,0.0,0.0,0.0,0.0,0.0,0.0,0.0,0.0,0.0,0.0,0.0,56636.0,17.0,21708.0,47906.0,17.0,21711.0
16.292440035002073,0.0,0.0,0.0,0.0,0.0,0.0,0.0,0.0,0.0,0.0,0.0,0.0,0.0,56636.0,17.0,21708.0,47907.0,17.0,21718.0
16.32482326599711,0.0,0.0,0.0,0.0,0.0,0.0,0.0,0.0,0.0,0.0,0.0,0.0,0.0,56638.0,17.0,21747.0,47908.0,17.0,21751.0
16.33122137800092,0.0,0.0,0.0,0.0,0.0,0.0,0.0,0.0,0.0,0.0,0.0,0.0,0.0,56638.0,17.0,21747.0,47909.0,17.0,21758.0
16.44828100700397,0.0,0.0,0.0,0.0,0.0,0.0,0.0,0.0,0.0,0.0,0.0,0.0,0.0,56640.0,17.0,21788.0,47911.0,17.0,21803.0
16.448388279997744,0.0,0.0,0.0,0.0,0.0,0.0,0.0,0.0,0.0,0.0,0.0,0.0,0.0,56641.0,17.0,21808.0,47912.0,17.0,21821.0
16.448456337995594,0.0,0.0,0.0,0.0,0.0,0.0,0.0,0.0,0.0,0.0,0.0,0.0,0.0,56642.0,17.0,21828.0,47913.0,17.0,21841.0
16.448521811995306,0.0,0.0,0.0,0.0,0.0,0.0,0.0,0.0,0.0,0.0,0.0,0.0,0.0,56643.0,17.0,21848.0,47914.0,17.0,21861.0
16.454042206998565,0.0,0.0,0.0,0.0,0.0,0.0,0.0,0.0,0.0,0.0,0.0,0.0,0.0,56644.0,17.0,21868.0,47915.0,17.0,21880.0
16.484794762000092,0.0,0.0,0.0,0.0,0.0,0.0,0.0,0.0,0.0,0.0,0.0,0.0,0.0,56646.0,17.0,21908.0,47916.0,17.0,21911.0
16.50100354400638,0.0,0.0,0.0,0.0,0.0,0.0,0.0,0.0,0.0,0.0,0.0,0.0,0.0,56646.0,17.0,21908.0,47917.0,17.0,21918.0
16.527355825994164,0.0,0.0,0.0,0.0,0.0,0.0,0.0,0.0,0.0,0.0,0.0,0.0,0.0,56648.0,17.0,21947.0,47918.0,17.0,21951.0
16.54133218700008,0.0,0.0,0.0,0.0,0.0,0.0,0.0,0.0,0.0,0.0,0.0,0.0,0.0,56648.0,17.0,21947.0,47919.0,17.0,21958.0
16.686220874005812,0.0,0.0,0.0,0.0,0.0,0.0,0.0,0.0,0.0,0.0,0.0,0.0,0.0,56656.0,17.0,22108.0,47926.0,17.0,22113.0
16.69278293500247,0.0,0.0,0.0,0.0,0.0,0.0,0.0,0.0,0.0,0.0,0.0,0.0,0.0,56656.0,17.0,22108.0,47927.0,17.0,22120.0
16.724304500996368,0.0,0.0,0.0,0.0,0.0,0.0,0.0,0.0,0.0,0.0,0.0,0.0,0.0,56658.0,17.0,22147.0,47928.0,17.0,22151.0
16.731335005999426,0.0,0.0,0.0,0.0,0.0,0.0,0.0,0.0,0.0,0.0,0.0,0.0,0.0,56658.0,17.0,22147.0,47929.0,17.0,22158.0
16.764914383995347,0.0,0.0,0.0,0.0,0.0,0.0,0.0,0.0,0.0,0.0,0.0,0.0,0.0,56660.0,17.0,22188.0,47930.0,17.0,22191.0
16.888124848002917,0.0,0.0,0.0,0.0,0.0,0.0,0.0,0.0,0.0,0.0,0.0,0.0,0.0,56666.0,17.0,22308.0,47936.0,17.0,22311.0
16.892992812994635,0.0,0.0,0.0,0.0,0.0,0.0,0.0,0.0,0.0,0.0,0.0,0.0,0.0,56666.0,17.0,22308.0,47937.0,17.0,22318.0
16.92406453899457,0.0,0.0,0.0,0.0,0.0,0.0,0.0,0.0,0.0,0.0,0.0,0.0,0.0,56668.0,17.0,22348.0,47938.0,17.0,22351.0
16.931394819999696,0.0,0.0,0.0,0.0,0.0,0.0,0.0,0.0,0.0,0.0,0.0,0.0,0.0,56668.0,17.0,22348.0,47939.0,17.0,22358.0
16.9772883419937,0.0,0.0,0.0,0.0,0.0,0.0,0.0,0.0,0.0,0.0,0.0,0.0,0.0,56670.0,17.0,22388.0,47941.0,17.0,22402.0
17.105431785006658,0.0,0.0,0.0,0.0,0.0,0.0,0.0,0.0,0.0,0.0,0.0,0.0,0.0,56676.0,17.0,22508.0,47946.0,17.0,22511.0
17.105633023995324,0.0,0.0,0.0,0.0,0.0,0.0,0.0,0.0,0.0,0.0,0.0,0.0,0.0,56676.0,17.0,22508.0,47947.0,17.0,22517.0
17.127382402002695,0.0,0.0,0.0,0.0,0.0,0.0,0.0,0.0,0.0,0.0,0.0,0.0,0.0,56678.0,17.0,22548.0,47948.0,17.0,22551.0
17.131274055005633,0.0,0.0,0.0,0.0,0.0,0.0,0.0,0.0,0.0,0.0,0.0,0.0,0.0,56678.0,17.0,22548.0,47949.0,17.0,22558.0
17.16452673599997,0.0,0.0,0.0,0.0,0.0,0.0,0.0,0.0,0.0,0.0,0.0,0.0,0.0,56680.0,17.0,22588.0,47950.0,17.0,22591.0
17.17711769300513,0.0,0.0,0.0,0.0,0.0,0.0,0.0,0.0,0.0,0.0,0.0,0.0,0.0,56680.0,17.0,22588.0,47951.0,17.0,22603.0
17.201353051001206,0.0,0.0,0.0,0.0,0.0,0.0,0.0,0.0,0.0,0.0,0.0,0.0,0.0,56681.0,17.0,22608.0,47952.0,17.0,22621.0
17.324385592000908,0.0,0.0,0.0,0.0,0.0,0.0,0.0,0.0,0.0,0.0,0.0,0.0,0.0,56686.0,17.0,22708.0,47956.0,17.0,22721.0
17.550632037993637,0.0,0.0,0.0,0.0,0.0,0.0,0.0,0.0,0.0,0.0,0.0,0.0,0.0,56697.0,17.0,22928.0,47966.0,17.0,22931.0
17.55081186699681,0.0,0.0,0.0,0.0,0.0,0.0,0.0,0.0,0.0,0.0,0.0,0.0,0.0,56697.0,17.0,22928.0,47967.0,17.0,22938.0
17.55088302200602,0.0,0.0,0.0,0.0,0.0,0.0,0.0,0.0,0.0,0.0,0.0,0.0,0.0,56699.0,17.0,22968.0,47968.0,17.0,22971.0
17.555369416993926,0.0,0.0,0.0,0.0,0.0,0.0,0.0,0.0,0.0,0.0,0.0,0.0,0.0,56699.0,17.0,22968.0,47969.0,17.0,22978.0
17.5845596230065,0.0,0.0,0.0,0.0,0.0,0.0,0.0,0.0,0.0,0.0,0.0,0.0,0.0,56701.0,17.0,23008.0,47970.0,17.0,23011.0
17.596773589000804,0.0,0.0,0.0,0.0,0.0,0.0,0.0,0.0,0.0,0.0,0.0,0.0,0.0,56701.0,17.0,23008.0,47971.0,17.0,23023.0
17.614856006999617,0.0,0.0,0.0,0.0,0.0,0.0,0.0,0.0,0.0,0.0,0.0,0.0,0.0,56702.0,17.0,23028.0,47972.0,17.0,23041.0
17.63531991900527,0.0,0.0,0.0,0.0,0.0,0.0,0.0,0.0,0.0,0.0,0.0,0.0,0.0,56703.0,17.0,23048.0,47973.0,17.0,23061.0
17.671674183002324,0.0,0.0,0.0,0.0,0.0,0.0,0.0,0.0,0.0,0.0,0.0,0.0,0.0,56704.0,17.0,23068.0,47974.0,17.0,23081.0
17.780886456996086,0.0,0.0,0.0,0.0,0.0,0.0,0.0,0.0,0.0,0.0,0.0,0.0,0.0,56710.0,17.0,23188.0,47976.0,17.0,23202.0
17.79694142000517,0.0,0.0,0.0,0.0,0.0,0.0,0.0,0.0,0.0,0.0,0.0,0.0,0.0,56711.0,17.0,23208.0,47977.0,17.0,23221.0
17.826264096001978,0.0,0.0,0.0,0.0,0.0,0.0,0.0,0.0,0.0,0.0,0.0,0.0,0.0,56712.0,17.0,23228.0,47978.0,17.0,23240.0
17.84463509899797,0.0,0.0,0.0,0.0,0.0,0.0,0.0,0.0,0.0,0.0,0.0,0.0,0.0,56714.0,17.0,23268.0,47979.0,17.0,23271.0
17.851145983993774,0.0,0.0,0.0,0.0,0.0,0.0,0.0,0.0,0.0,0.0,0.0,0.0,0.0,56714.0,17.0,23268.0,47980.0,17.0,23278.0
17.984818730998086,0.0,0.0,0.0,0.0,0.0,0.0,0.0,0.0,0.0,0.0,0.0,0.0,0.0,56721.0,17.0,23408.0,47986.0,17.0,23411.0
17.9923829830077,0.0,0.0,0.0,0.0,0.0,0.0,0.0,0.0,0.0,0.0,0.0,0.0,0.0,56721.0,17.0,23408.0,47987.0,17.0,23418.0
18.024718323998968,0.0,0.0,0.0,0.0,0.0,0.0,0.0,0.0,0.0,0.0,0.0,0.0,0.0,56723.0,17.0,23448.0,47988.0,17.0,23451.0
18.032882297993638,0.0,0.0,0.0,0.0,0.0,0.0,0.0,0.0,0.0,0.0,0.0,0.0,0.0,56723.0,17.0,23448.0,47989.0,17.0,23458.0
18.064621615005308,0.0,0.0,0.0,0.0,0.0,0.0,0.0,0.0,0.0,0.0,0.0,0.0,0.0,56725.0,17.0,23488.0,47990.0,17.0,23491.0
18.076880584994797,0.0,0.0,0.0,0.0,0.0,0.0,0.0,0.0,0.0,0.0,0.0,0.0,0.0,56725.0,17.0,23488.0,47991.0,17.0,23503.0
18.164931381994393,0.0,0.0,0.0,0.0,0.0,0.0,0.0,0.0,0.0,0.0,0.0,0.0,0.0,56726.0,17.0,23508.0,47992.0,17.0,23521.0
18.165312972007087,0.0,0.0,0.0,0.0,0.0,0.0,0.0,0.0,0.0,0.0,0.0,0.0,0.0,56727.0,17.0,23528.0,47993.0,17.0,23541.0
18.165596017002827,0.0,0.0,0.0,0.0,0.0,0.0,0.0,0.0,0.0,0.0,0.0,0.0,0.0,56728.0,17.0,23548.0,47994.0,17.0,23561.0
18.181931037994218,0.0,0.0,0.0,0.0,0.0,0.0,0.0,0.0,0.0,0.0,0.0,0.0,0.0,56730.0,17.0,23588.0,47995.0,17.0,23591.0
18.182308860996272,0.0,0.0,0.0,0.0,0.0,0.0,0.0,0.0,0.0,0.0,0.0,0.0,0.0,56730.0,17.0,23588.0,47996.0,17.0,23603.0
18.204580865000025,0.0,0.0,0.0,0.0,0.0,0.0,0.0,0.0,0.0,0.0,0.0,0.0,0.0,56731.0,17.0,23608.0,47997.0,17.0,23621.0
18.215973651007516,0.0,0.0,0.0,0.0,0.0,0.0,0.0,0.0,0.0,0.0,0.0,0.0,0.0,56732.0,17.0,23628.0,47998.0,17.0,23641.0
18.237224316995707,0.0,0.0,0.0,0.0,0.0,0.0,0.0,0.0,0.0,0.0,0.0,0.0,0.0,56733.0,17.0,23648.0,47999.0,17.0,23661.0
18.254057168000145,0.0,0.0,0.0,0.0,0.0,0.0,0.0,0.0,0.0,0.0,0.0,0.0,0.0,56734.0,17.0,23668.0,48000.0,17.0,23681.0
18.287345807999372,0.0,0.0,0.0,0.0,0.0,0.0,0.0,0.0,0.0,0.0,0.0,0.0,0.0,56736.0,17.0,23708.0,48001.0,17.0,23711.0
18.298871295002755,0.0,0.0,0.0,0.0,0.0,0.0,0.0,0.0,0.0,0.0,0.0,0.0,0.0,56736.0,17.0,23708.0,48002.0,17.0,23718.0
18.431922090006992,0.0,0.0,0.0,0.0,0.0,0.0,0.0,0.0,0.0,0.0,0.0,0.0,0.0,56740.0,17.0,23788.0,48006.0,17.0,23803.0
18.43204186600633,0.0,0.0,0.0,0.0,0.0,0.0,0.0,0.0,0.0,0.0,0.0,0.0,0.0,56741.0,17.0,23808.0,48007.0,17.0,23821.0
18.432110324996756,0.0,0.0,0.0,0.0,0.0,0.0,0.0,0.0,0.0,0.0,0.0,0.0,0.0,56742.0,17.0,23828.0,48008.0,17.0,23841.0
18.453106461005518,0.0,0.0,0.0,0.0,0.0,0.0,0.0,0.0,0.0,0.0,0.0,0.0,0.0,56743.0,17.0,23848.0,48009.0,17.0,23861.0
18.455108167996514,0.0,0.0,0.0,0.0,0.0,0.0,0.0,0.0,0.0,0.0,0.0,0.0,0.0,56744.0,17.0,23868.0,48010.0,17.0,23881.0
18.485491607003496,0.0,0.0,0.0,0.0,0.0,0.0,0.0,0.0,0.0,0.0,0.0,0.0,0.0,56746.0,17.0,23908.0,48011.0,17.0,23911.0
18.491719808007474,0.0,0.0,0.0,0.0,0.0,0.0,0.0,0.0,0.0,0.0,0.0,0.0,0.0,56746.0,17.0,23908.0,48012.0,17.0,23918.0
18.524219359998824,0.0,0.0,0.0,0.0,0.0,0.0,0.0,0.0,0.0,0.0,0.0,0.0,0.0,56748.0,17.0,23948.0,48013.0,17.0,23951.0
18.647909592997166,0.0,0.0,0.0,0.0,0.0,0.0,0.0,0.0,0.0,0.0,0.0,0.0,0.0,56750.0,17.0,23988.0,48016.0,17.0,24003.0
18.64803438799572,0.0,0.0,0.0,0.0,0.0,0.0,0.0,0.0,0.0,0.0,0.0,0.0,0.0,56751.0,17.0,24008.0,48017.0,17.0,24021.0
18.648103518993594,0.0,0.0,0.0,0.0,0.0,0.0,0.0,0.0,0.0,0.0,0.0,0.0,0.0,56752.0,17.0,24028.0,48018.0,17.0,24041.0
18.64816454400716,0.0,0.0,0.0,0.0,0.0,0.0,0.0,0.0,0.0,0.0,0.0,0.0,0.0,56753.0,17.0,24048.0,48019.0,17.0,24061.0
18.654010573998676,0.0,0.0,0.0,0.0,0.0,0.0,0.0,0.0,0.0,0.0,0.0,0.0,0.0,56754.0,17.0,24068.0,48020.0,17.0,24081.0
18.68657916599477,0.0,0.0,0.0,0.0,0.0,0.0,0.0,0.0,0.0,0.0,0.0,0.0,0.0,56756.0,17.0,24108.0,48021.0,17.0,24113.0
18.694441090003238,0.0,0.0,0.0,0.0,0.0,0.0,0.0,0.0,0.0,0.0,0.0,0.0,0.0,56756.0,17.0,24108.0,48022.0,17.0,24120.0
18.72421690200281,0.0,0.0,0.0,0.0,0.0,0.0,0.0,0.0,0.0,0.0,0.0,0.0,0.0,56758.0,17.0,24148.0,48023.0,17.0,24151.0
18.734051628998714,0.0,0.0,0.0,0.0,0.0,0.0,0.0,0.0,0.0,0.0,0.0,0.0,0.0,56758.0,17.0,24148.0,48024.0,17.0,24158.0
18.83103596199362,0.0,0.0,0.0,0.0,0.0,0.0,0.0,0.0,0.0,0.0,0.0,0.0,0.0,56760.0,17.0,24188.0,48026.0,17.0,24203.0
18.831220470005064,0.0,0.0,0.0,0.0,0.0,0.0,0.0,0.0,0.0,0.0,0.0,0.0,0.0,56761.0,17.0,24208.0,48027.0,17.0,24221.0
18.831288529006997,0.0,0.0,0.0,0.0,0.0,0.0,0.0,0.0,0.0,0.0,0.0,0.0,0.0,56762.0,17.0,24228.0,48028.0,17.0,24241.0
18.887431801995263,0.0,0.0,0.0,0.0,0.0,0.0,0.0,0.0,0.0,0.0,0.0,0.0,0.0,56766.0,17.0,24308.0,48031.0,17.0,24311.0
18.901548837995506,0.0,0.0,0.0,0.0,0.0,0.0,0.0,0.0,0.0,0.0,0.0,0.0,0.0,56766.0,17.0,24308.0,48032.0,17.0,24318.0
18.92505203500332,0.0,0.0,0.0,0.0,0.0,0.0,0.0,0.0,0.0,0.0,0.0,0.0,0.0,56768.0,17.0,24348.0,48033.0,17.0,24351.0
18.935076109002694,0.0,0.0,0.0,0.0,0.0,0.0,0.0,0.0,0.0,0.0,0.0,0.0,0.0,56768.0,17.0,24348.0,48034.0,17.0,24358.0
18.964396480994765,0.0,0.0,0.0,0.0,0.0,0.0,0.0,0.0,0.0,0.0,0.0,0.0,0.0,56770.0,17.0,24388.0,48035.0,17.0,24391.0
19.087218326007132,0.0,0.0,0.0,0.0,0.0,0.0,0.0,0.0,0.0,0.0,0.0,0.0,0.0,56775.0,17.0,24488.0,48041.0,17.0,24501.0
19.09413982600381,0.0,0.0,0.0,0.0,0.0,0.0,0.0,0.0,0.0,0.0,0.0,0.0,0.0,56776.0,17.0,24508.0,48042.0,17.0,24521.0
19.116320397006348,0.0,0.0,0.0,0.0,0.0,0.0,0.0,0.0,0.0,0.0,0.0,0.0,0.0,56777.0,17.0,24528.0,48043.0,17.0,24541.0
19.13739747699583,0.0,0.0,0.0,0.0,0.0,0.0,0.0,0.0,0.0,0.0,0.0,0.0,0.0,56778.0,17.0,24548.0,48044.0,17.0,24561.0
19.15793649099942,0.0,0.0,0.0,0.0,0.0,0.0,0.0,0.0,0.0,0.0,0.0,0.0,0.0,56779.0,17.0,24568.0,48045.0,17.0,24581.0
19.188209971995093,0.0,0.0,0.0,0.0,0.0,0.0,0.0,0.0,0.0,0.0,0.0,0.0,0.0,56781.0,17.0,24608.0,48046.0,17.0,24612.0
19.307116501004202,0.0,0.0,0.0,0.0,0.0,0.0,0.0,0.0,0.0,0.0,0.0,0.0,0.0,56781.0,17.0,24608.0,48047.0,17.0,24620.0
19.30726848800259,0.0,0.0,0.0,0.0,0.0,0.0,0.0,0.0,0.0,0.0,0.0,0.0,0.0,56785.0,17.0,24688.0,48051.0,17.0,24703.0
19.307338129001437,0.0,0.0,0.0,0.0,0.0,0.0,0.0,0.0,0.0,0.0,0.0,0.0,0.0,56786.0,17.0,24708.0,48052.0,17.0,24721.0
19.31446393400256,0.0,0.0,0.0,0.0,0.0,0.0,0.0,0.0,0.0,0.0,0.0,0.0,0.0,56787.0,17.0,24728.0,48053.0,17.0,24741.0
19.33546383799694,0.0,0.0,0.0,0.0,0.0,0.0,0.0,0.0,0.0,0.0,0.0,0.0,0.0,56788.0,17.0,24748.0,48054.0,17.0,24761.0
19.355375428000116,0.0,0.0,0.0,0.0,0.0,0.0,0.0,0.0,0.0,0.0,0.0,0.0,0.0,56789.0,17.0,24768.0,48055.0,17.0,24781.0
19.385049489006633,0.0,0.0,0.0,0.0,0.0,0.0,0.0,0.0,0.0,0.0,0.0,0.0,0.0,56791.0,17.0,24808.0,48056.0,17.0,24811.0
19.390779359993758,0.0,0.0,0.0,0.0,0.0,0.0,0.0,0.0,0.0,0.0,0.0,0.0,0.0,56791.0,17.0,24808.0,48057.0,17.0,24818.0
19.474473288006266,0.0,0.0,0.0,0.0,0.0,0.0,0.0,0.0,0.0,0.0,0.0,0.0,0.0,56793.0,17.0,24848.0,48058.0,17.0,24850.0
19.475910159002524,0.0,0.0,0.0,0.0,0.0,0.0,0.0,0.0,0.0,0.0,0.0,0.0,0.0,56795.0,17.0,24888.0,48061.0,17.0,24902.0
19.525903058005497,0.0,0.0,0.0,0.0,0.0,0.0,0.0,0.0,0.0,0.0,0.0,0.0,0.0,56796.0,17.0,24908.0,48062.0,17.0,24921.0
19.52606444200501,0.0,0.0,0.0,0.0,0.0,0.0,0.0,0.0,0.0,0.0,0.0,0.0,0.0,56797.0,17.0,24928.0,48063.0,17.0,24941.0
19.535494444993674,0.0,0.0,0.0,0.0,0.0,0.0,0.0,0.0,0.0,0.0,0.0,0.0,0.0,56798.0,17.0,24948.0,48064.0,17.0,24961.0
19.555190158003825,0.0,0.0,0.0,0.0,0.0,0.0,0.0,0.0,0.0,0.0,0.0,0.0,0.0,56799.0,17.0,24968.0,48065.0,17.0,24981.0
19.585068023006897,0.0,0.0,0.0,0.0,0.0,0.0,0.0,0.0,0.0,0.0,0.0,0.0,0.0,56801.0,17.0,25008.0,48066.0,17.0,25011.0
19.591677343996707,0.0,0.0,0.0,0.0,0.0,0.0,0.0,0.0,0.0,0.0,0.0,0.0,0.0,56801.0,17.0,25008.0,48067.0,17.0,25018.0
19.626380083005643,0.0,0.0,0.0,0.0,0.0,0.0,0.0,0.0,0.0,0.0,0.0,0.0,0.0,56803.0,17.0,25048.0,48068.0,17.0,25051.0
19.837169029997312,0.0,0.0,0.0,0.0,0.0,0.0,0.0,0.0,0.0,0.0,0.0,0.0,0.0,56803.0,17.0,25048.0,48069.0,17.0,25058.0
19.83733575399674,0.0,0.0,0.0,0.0,0.0,0.0,0.0,0.0,0.0,0.0,0.0,0.0,0.0,56805.0,17.0,25088.0,48070.0,17.0,25091.0
19.837403943005484,0.0,0.0,0.0,0.0,0.0,0.0,0.0,0.0,0.0,0.0,0.0,0.0,0.0,56805.0,17.0,25088.0,48071.0,17.0,25103.0
19.83747023799515,0.0,0.0,0.0,0.0,0.0,0.0,0.0,0.0,0.0,0.0,0.0,0.0,0.0,56806.0,17.0,25108.0,48072.0,17.0,25121.0
19.84880195900041,0.0,0.0,0.0,0.0,0.0,0.0,0.0,0.0,0.0,0.0,0.0,0.0,0.0,56814.0,17.0,25268.0,48073.0,17.0,25275.0
20.258929750998504,0.0,0.0,0.0,0.0,0.0,0.0,0.0,0.0,0.0,0.0,0.0,0.0,0.0,56832.0,17.0,25628.0,48091.0,17.0,25631.0
20.259172678997857,0.0,0.0,0.0,0.0,0.0,0.0,0.0,0.0,0.0,0.0,0.0,0.0,0.0,56832.0,17.0,25628.0,48092.0,17.0,25638.0
20.259238133003237,0.0,0.0,0.0,0.0,0.0,0.0,0.0,0.0,0.0,0.0,0.0,0.0,0.0,56834.0,17.0,25668.0,48093.0,17.0,25671.0
20.259296824006015,0.0,0.0,0.0,0.0,0.0,0.0,0.0,0.0,0.0,0.0,0.0,0.0,0.0,56834.0,17.0,25668.0,48094.0,17.0,25678.0
20.285593923006672,0.0,0.0,0.0,0.0,0.0,0.0,0.0,0.0,0.0,0.0,0.0,0.0,0.0,56836.0,17.0,25708.0,48095.0,17.0,25711.0
20.296512745000655,0.0,0.0,0.0,0.0,0.0,0.0,0.0,0.0,0.0,0.0,0.0,0.0,0.0,56836.0,17.0,25708.0,48096.0,17.0,25722.0
20.314130216997,0.0,0.0,0.0,0.0,0.0,0.0,0.0,0.0,0.0,0.0,0.0,0.0,0.0,56837.0,17.0,25728.0,48097.0,17.0,25741.0
20.334194805996958,0.0,0.0,0.0,0.0,0.0,0.0,0.0,0.0,0.0,0.0,0.0,0.0,0.0,56838.0,17.0,25748.0,48098.0,17.0,25761.0
20.354409838997526,0.0,0.0,0.0,0.0,0.0,0.0,0.0,0.0,0.0,0.0,0.0,0.0,0.0,56839.0,17.0,25768.0,48099.0,17.0,25781.0
20.76807889599877,0.0,0.0,0.0,0.0,0.0,0.0,0.0,0.0,0.0,0.0,0.0,0.0,0.0,56856.0,17.0,26108.0,48116.0,17.0,26124.0
20.768201155995484,0.0,0.0,0.0,0.0,0.0,0.0,0.0,0.0,0.0,0.0,0.0,0.0,0.0,56858.0,17.0,26148.0,48117.0,17.0,26151.0
20.768275405993336,0.0,0.0,0.0,0.0,0.0,0.0,0.0,0.0,0.0,0.0,0.0,0.0,0.0,56858.0,17.0,26148.0,48118.0,17.0,26158.0
20.768339747999562,0.0,0.0,0.0,0.0,0.0,0.0,0.0,0.0,0.0,0.0,0.0,0.0,0.0,56860.0,17.0,26188.0,48119.0,17.0,26191.0
20.771087361994432,0.0,0.0,0.0,0.0,0.0,0.0,0.0,0.0,0.0,0.0,0.0,0.0,0.0,56860.0,17.0,26188.0,48120.0,17.0,26197.0
20.796941045002313,0.0,0.0,0.0,0.0,0.0,0.0,0.0,0.0,0.0,0.0,0.0,0.0,0.0,56861.0,17.0,26208.0,48121.0,17.0,26221.0
20.814164442999754,0.0,0.0,0.0,0.0,0.0,0.0,0.0,0.0,0.0,0.0,0.0,0.0,0.0,56862.0,17.0,26228.0,48122.0,17.0,26241.0
20.835003453001264,0.0,0.0,0.0,0.0,0.0,0.0,0.0,0.0,0.0,0.0,0.0,0.0,0.0,56863.0,17.0,26248.0,48123.0,17.0,26261.0
20.857298550996347,0.0,0.0,0.0,0.0,0.0,0.0,0.0,0.0,0.0,0.0,0.0,0.0,0.0,56864.0,17.0,26268.0,48124.0,17.0,26281.0
21.29827392399602,0.0,0.0,0.0,0.0,0.0,0.0,0.0,0.0,0.0,0.0,0.0,0.0,0.0,56886.0,17.0,26708.0,48146.0,17.0,26721.0
21.314343224003096,0.0,0.0,0.0,0.0,0.0,0.0,0.0,0.0,0.0,0.0,0.0,0.0,0.0,56887.0,17.0,26728.0,48147.0,17.0,26741.0
21.344147712006816,0.0,0.0,0.0,0.0,0.0,0.0,0.0,0.0,0.0,0.0,0.0,0.0,0.0,56888.0,17.0,26748.0,48148.0,17.0,26761.0
21.35415626699978,0.0,0.0,0.0,0.0,0.0,0.0,0.0,0.0,0.0,0.0,0.0,0.0,0.0,56889.0,17.0,26768.0,48149.0,17.0,26781.0
21.37530160600727,0.0,0.0,0.0,0.0,0.0,0.0,0.0,0.0,0.0,0.0,0.0,0.0,0.0,56890.0,17.0,26788.0,48150.0,17.0,26801.0
21.789248542001587,0.0,0.0,0.0,0.0,0.0,0.0,0.0,0.0,0.0,0.0,0.0,0.0,0.0,56892.0,17.0,26828.0,48151.0,17.0,26831.0
21.78938652299985,0.0,0.0,0.0,0.0,0.0,0.0,0.0,0.0,0.0,0.0,0.0,0.0,0.0,56892.0,17.0,26828.0,48152.0,17.0,26838.0
21.78946064200136,0.0,0.0,0.0,0.0,0.0,0.0,0.0,0.0,0.0,0.0,0.0,0.0,0.0,56907.0,17.0,27128.0,48166.0,17.0,27131.0
21.80213698100124,0.0,0.0,0.0,0.0,0.0,0.0,0.0,0.0,0.0,0.0,0.0,0.0,0.0,56911.0,17.0,27208.0,48167.0,17.0,27227.0
21.82780763799383,0.0,0.0,0.0,0.0,0.0,0.0,0.0,0.0,0.0,0.0,0.0,0.0,0.0,56913.0,17.0,27248.0,48168.0,17.0,27251.0
21.831277496006805,0.0,0.0,0.0,0.0,0.0,0.0,0.0,0.0,0.0,0.0,0.0,0.0,0.0,56913.0,17.0,27248.0,48169.0,17.0,27258.0
21.864206358004594,0.0,0.0,0.0,0.0,0.0,0.0,0.0,0.0,0.0,0.0,0.0,0.0,0.0,56915.0,17.0,27287.0,48170.0,17.0,27291.0
21.88808105699718,0.0,0.0,0.0,0.0,0.0,0.0,0.0,0.0,0.0,0.0,0.0,0.0,0.0,56915.0,17.0,27287.0,48171.0,17.0,27303.0
22.298323477007216,0.0,0.0,0.0,0.0,0.0,0.0,0.0,0.0,0.0,0.0,0.0,0.0,0.0,56935.0,17.0,27688.0,48191.0,17.0,27703.0
22.298770280001918,0.0,0.0,0.0,0.0,0.0,0.0,0.0,0.0,0.0,0.0,0.0,0.0,0.0,56936.0,17.0,27708.0,48192.0,17.0,27721.0
22.315755689007347,0.0,0.0,0.0,0.0,0.0,0.0,0.0,0.0,0.0,0.0,0.0,0.0,0.0,56937.0,17.0,27728.0,48193.0,17.0,27741.0
22.334243574005086,0.0,0.0,0.0,0.0,0.0,0.0,0.0,0.0,0.0,0.0,0.0,0.0,0.0,56938.0,17.0,27748.0,48194.0,17.0,27760.0
22.36485549500503,0.0,0.0,0.0,0.0,0.0,0.0,0.0,0.0,0.0,0.0,0.0,0.0,0.0,56940.0,17.0,27788.0,48195.0,17.0,27791.0
22.37645117500506,0.0,0.0,0.0,0.0,0.0,0.0,0.0,0.0,0.0,0.0,0.0,0.0,0.0,56940.0,17.0,27788.0,48196.0,17.0,27803.0
22.80581553799857,0.0,0.0,0.0,0.0,0.0,0.0,0.0,0.0,0.0,0.0,0.0,0.0,0.0,56941.0,17.0,27808.0,48197.0,17.0,27822.0
22.807684604995302,0.0,0.0,0.0,0.0,0.0,0.0,0.0,0.0,0.0,0.0,0.0,0.0,0.0,56960.0,17.0,28187.0,48216.0,17.0,28203.0
22.807756220005103,0.0,0.0,0.0,0.0,0.0,0.0,0.0,0.0,0.0,0.0,0.0,0.0,0.0,56961.0,17.0,28208.0,48217.0,17.0,28221.0
22.81432440399658,0.0,0.0,0.0,0.0,0.0,0.0,0.0,0.0,0.0,0.0,0.0,0.0,0.0,56962.0,17.0,28228.0,48218.0,17.0,28241.0
22.834031178004807,0.0,0.0,0.0,0.0,0.0,0.0,0.0,0.0,0.0,0.0,0.0,0.0,0.0,56963.0,17.0,28248.0,48219.0,17.0,28261.0
22.855503945000237,0.0,0.0,0.0,0.0,0.0,0.0,0.0,0.0,0.0,0.0,0.0,0.0,0.0,56964.0,17.0,28268.0,48220.0,17.0,28281.0
22.88446177500009,0.0,0.0,0.0,0.0,0.0,0.0,0.0,0.0,0.0,0.0,0.0,0.0,0.0,56966.0,17.0,28308.0,48221.0,17.0,28311.0
22.892910085996846,0.0,0.0,0.0,0.0,0.0,0.0,0.0,0.0,0.0,0.0,0.0,0.0,0.0,56966.0,17.0,28308.0,48222.0,17.0,28318.0
23.320372133006458,0.0,0.0,0.0,0.0,0.0,0.0,0.0,0.0,0.0,0.0,0.0,0.0,0.0,56985.0,17.0,28688.0,48241.0,17.0,28701.0
23.320529710996198,0.0,0.0,0.0,0.0,0.0,0.0,0.0,0.0,0.0,0.0,0.0,0.0,0.0,56986.0,17.0,28708.0,48242.0,17.0,28721.0
23.320603810003377,0.0,0.0,0.0,0.0,0.0,0.0,0.0,0.0,0.0,0.0,0.0,0.0,0.0,56987.0,17.0,28728.0,48243.0,17.0,28741.0
23.335889221998514,0.0,0.0,0.0,0.0,0.0,0.0,0.0,0.0,0.0,0.0,0.0,0.0,0.0,56988.0,17.0,28748.0,48244.0,17.0,28761.0
23.357539243996143,0.0,0.0,0.0,0.0,0.0,0.0,0.0,0.0,0.0,0.0,0.0,0.0,0.0,56989.0,17.0,28768.0,48245.0,17.0,28781.0
23.385143199993763,0.0,0.0,0.0,0.0,0.0,0.0,0.0,0.0,0.0,0.0,0.0,0.0,0.0,56991.0,17.0,28808.0,48246.0,17.0,28811.0
23.395119884997257,0.0,0.0,0.0,0.0,0.0,0.0,0.0,0.0,0.0,0.0,0.0,0.0,0.0,56991.0,17.0,28808.0,48247.0,17.0,28818.0
23.831006901993533,0.0,0.0,0.0,0.0,0.0,0.0,0.0,0.0,0.0,0.0,0.0,0.0,0.0,57005.0,17.0,29088.0,48261.0,17.0,29101.0
23.83120248100022,0.0,0.0,0.0,0.0,0.0,0.0,0.0,0.0,0.0,0.0,0.0,0.0,0.0,57006.0,17.0,29108.0,48262.0,17.0,29121.0
23.831278964993544,0.0,0.0,0.0,0.0,0.0,0.0,0.0,0.0,0.0,0.0,0.0,0.0,0.0,57007.0,17.0,29128.0,48263.0,17.0,29141.0
23.842322073003743,0.0,0.0,0.0,0.0,0.0,0.0,0.0,0.0,0.0,0.0,0.0,0.0,0.0,57014.0,17.0,29268.0,48264.0,17.0,29269.0
23.867531961004715,0.0,0.0,0.0,0.0,0.0,0.0,0.0,0.0,0.0,0.0,0.0,0.0,0.0,57015.0,17.0,29288.0,48265.0,17.0,29291.0
23.875403152997023,0.0,0.0,0.0,0.0,0.0,0.0,0.0,0.0,0.0,0.0,0.0,0.0,0.0,57015.0,17.0,29288.0,48266.0,17.0,29302.0
23.895595423993655,0.0,0.0,0.0,0.0,0.0,0.0,0.0,0.0,0.0,0.0,0.0,0.0,0.0,57016.0,17.0,29308.0,48267.0,17.0,29321.0
23.914800903003197,0.0,0.0,0.0,0.0,0.0,0.0,0.0,0.0,0.0,0.0,0.0,0.0,0.0,57017.0,17.0,29328.0,48268.0,17.0,29341.0
24.34158781199949,0.0,0.0,0.0,0.0,0.0,0.0,0.0,0.0,0.0,0.0,0.0,0.0,0.0,57036.0,17.0,29708.0,48286.0,17.0,29711.0
24.341770257000462,0.0,0.0,0.0,0.0,0.0,0.0,0.0,0.0,0.0,0.0,0.0,0.0,0.0,57036.0,17.0,29708.0,48287.0,17.0,29718.0
24.341842813999392,0.0,0.0,0.0,0.0,0.0,0.0,0.0,0.0,0.0,0.0,0.0,0.0,0.0,57038.0,17.0,29748.0,48288.0,17.0,29751.0
24.341904079003143,0.0,0.0,0.0,0.0,0.0,0.0,0.0,0.0,0.0,0.0,0.0,0.0,0.0,57038.0,17.0,29748.0,48289.0,17.0,29758.0
24.368068740004674,0.0,0.0,0.0,0.0,0.0,0.0,0.0,0.0,0.0,0.0,0.0,0.0,0.0,57040.0,17.0,29788.0,48290.0,17.0,29791.0
24.376238576005562,0.0,0.0,0.0,0.0,0.0,0.0,0.0,0.0,0.0,0.0,0.0,0.0,0.0,57040.0,17.0,29788.0,48291.0,17.0,29803.0
24.394362142993486,0.0,0.0,0.0,0.0,0.0,0.0,0.0,0.0,0.0,0.0,0.0,0.0,0.0,57041.0,17.0,29808.0,48292.0,17.0,29821.0
24.414959178000572,0.0,0.0,0.0,0.0,0.0,0.0,0.0,0.0,0.0,0.0,0.0,0.0,0.0,57042.0,17.0,29828.0,48293.0,17.0,29841.0
24.43475305699394,0.0,0.0,0.0,0.0,0.0,0.0,0.0,0.0,0.0,0.0,0.0,0.0,0.0,57043.0,17.0,29848.0,48294.0,17.0,29861.0
24.875873704993865,0.0,0.0,0.0,0.0,0.0,0.0,0.0,0.0,0.0,0.0,0.0,0.0,0.0,57060.0,17.0,30188.0,48311.0,17.0,30203.0
24.87603808499989,0.0,0.0,0.0,0.0,0.0,0.0,0.0,0.0,0.0,0.0,0.0,0.0,0.0,57061.0,17.0,30208.0,48312.0,17.0,30221.0
24.876106775001972,0.0,0.0,0.0,0.0,0.0,0.0,0.0,0.0,0.0,0.0,0.0,0.0,0.0,57062.0,17.0,30228.0,48313.0,17.0,30241.0
24.876166057001683,0.0,0.0,0.0,0.0,0.0,0.0,0.0,0.0,0.0,0.0,0.0,0.0,0.0,57063.0,17.0,30248.0,48314.0,17.0,30261.0
24.87622463700245,0.0,0.0,0.0,0.0,0.0,0.0,0.0,0.0,0.0,0.0,0.0,0.0,0.0,57064.0,17.0,30268.0,48315.0,17.0,30281.0
24.88422890100628,0.0,0.0,0.0,0.0,0.0,0.0,0.0,0.0,0.0,0.0,0.0,0.0,0.0,57066.0,17.0,30308.0,48316.0,17.0,30311.0
24.896467223996297,0.0,0.0,0.0,0.0,0.0,0.0,0.0,0.0,0.0,0.0,0.0,0.0,0.0,57066.0,17.0,30308.0,48317.0,17.0,30318.0
24.927644362003775,0.0,0.0,0.0,0.0,0.0,0.0,0.0,0.0,0.0,0.0,0.0,0.0,0.0,57068.0,17.0,30347.0,48318.0,17.0,30351.0
24.941161106995423,0.0,0.0,0.0,0.0,0.0,0.0,0.0,0.0,0.0,0.0,0.0,0.0,0.0,57068.0,17.0,30347.0,48319.0,17.0,30358.0
24.9647930390056,0.0,0.0,0.0,0.0,0.0,0.0,0.0,0.0,0.0,0.0,0.0,0.0,0.0,57070.0,17.0,30388.0,48320.0,17.0,30391.0
24.976679056999274,0.0,0.0,0.0,0.0,0.0,0.0,0.0,0.0,0.0,0.0,0.0,0.0,0.0,57070.0,17.0,30388.0,48321.0,17.0,30403.0
24.996424334007315,0.0,0.0,0.0,0.0,0.0,0.0,0.0,0.0,0.0,0.0,0.0,0.0,0.0,57071.0,17.0,30408.0,48322.0,17.0,30421.0
25.024338085000636,0.0,0.0,0.0,0.0,0.0,0.0,0.0,0.0,0.0,0.0,0.0,0.0,0.0,57073.0,17.0,30447.0,48323.0,17.0,30451.0
25.0366075369966,0.0,0.0,0.0,0.0,0.0,0.0,0.0,0.0,0.0,0.0,0.0,0.0,0.0,57073.0,17.0,30447.0,48324.0,17.0,30458.0
25.065101382002467,0.0,0.0,0.0,0.0,0.0,0.0,0.0,0.0,0.0,0.0,0.0,0.0,0.0,57075.0,17.0,30488.0,48325.0,17.0,30491.0
25.079006550004124,0.0,0.0,0.0,0.0,0.0,0.0,0.0,0.0,0.0,0.0,0.0,0.0,0.0,57075.0,17.0,30488.0,48326.0,17.0,30503.0
25.09643943500123,0.0,0.0,0.0,0.0,0.0,0.0,0.0,0.0,0.0,0.0,0.0,0.0,0.0,57076.0,17.0,30508.0,48327.0,17.0,30521.0
25.219302929006517,0.0,0.0,0.0,0.0,0.0,0.0,0.0,0.0,0.0,0.0,0.0,0.0,0.0,57081.0,17.0,30608.0,48331.0,17.0,30612.0
25.219482127999072,0.0,0.0,0.0,0.0,0.0,0.0,0.0,0.0,0.0,0.0,0.0,0.0,0.0,57081.0,17.0,30608.0,48332.0,17.0,30620.0
25.230932332997327,0.0,0.0,0.0,0.0,0.0,0.0,0.0,0.0,0.0,0.0,0.0,0.0,0.0,57083.0,17.0,30648.0,48333.0,17.0,30651.0
25.234970203004195,0.0,0.0,0.0,0.0,0.0,0.0,0.0,0.0,0.0,0.0,0.0,0.0,0.0,57083.0,17.0,30648.0,48334.0,17.0,30657.0
25.26427312499436,0.0,0.0,0.0,0.0,0.0,0.0,0.0,0.0,0.0,0.0,0.0,0.0,0.0,57085.0,17.0,30688.0,48335.0,17.0,30691.0
25.276719350003987,0.0,0.0,0.0,0.0,0.0,0.0,0.0,0.0,0.0,0.0,0.0,0.0,0.0,57085.0,17.0,30688.0,48336.0,17.0,30703.0
25.294917820006958,0.0,0.0,0.0,0.0,0.0,0.0,0.0,0.0,0.0,0.0,0.0,0.0,0.0,57086.0,17.0,30708.0,48337.0,17.0,30721.0
25.31453264100128,0.0,0.0,0.0,0.0,0.0,0.0,0.0,0.0,0.0,0.0,0.0,0.0,0.0,57087.0,17.0,30728.0,48338.0,17.0,30741.0
25.342144502996234,0.0,0.0,0.0,0.0,0.0,0.0,0.0,0.0,0.0,0.0,0.0,0.0,0.0,57088.0,17.0,30748.0,48339.0,17.0,30761.0
25.437912399997003,0.0,0.0,0.0,0.0,0.0,0.0,0.0,0.0,0.0,0.0,0.0,0.0,0.0,57091.0,17.0,30808.0,48341.0,17.0,30811.0
25.43811500299489,0.0,0.0,0.0,0.0,0.0,0.0,0.0,0.0,0.0,0.0,0.0,0.0,0.0,57091.0,17.0,30808.0,48342.0,17.0,30818.0
25.438224279001588,0.0,0.0,0.0,0.0,0.0,0.0,0.0,0.0,0.0,0.0,0.0,0.0,0.0,57093.0,17.0,30847.0,48343.0,17.0,30851.0
25.438322574002086,0.0,0.0,0.0,0.0,0.0,0.0,0.0,0.0,0.0,0.0,0.0,0.0,0.0,57093.0,17.0,30847.0,48344.0,17.0,30858.0
25.465393405000214,0.0,0.0,0.0,0.0,0.0,0.0,0.0,0.0,0.0,0.0,0.0,0.0,0.0,57095.0,17.0,30888.0,48345.0,17.0,30891.0
25.47682163900754,0.0,0.0,0.0,0.0,0.0,0.0,0.0,0.0,0.0,0.0,0.0,0.0,0.0,57095.0,17.0,30888.0,48346.0,17.0,30902.0
25.502557550993515,0.0,0.0,0.0,0.0,0.0,0.0,0.0,0.0,0.0,0.0,0.0,0.0,0.0,57096.0,17.0,30908.0,48347.0,17.0,30921.0
25.524761017994024,0.0,0.0,0.0,0.0,0.0,0.0,0.0,0.0,0.0,0.0,0.0,0.0,0.0,57098.0,17.0,30948.0,48348.0,17.0,30951.0
25.532134270004462,0.0,0.0,0.0,0.0,0.0,0.0,0.0,0.0,0.0,0.0,0.0,0.0,0.0,57098.0,17.0,30948.0,48349.0,17.0,30958.0
25.658808685999247,0.0,0.0,0.0,0.0,0.0,0.0,0.0,0.0,0.0,0.0,0.0,0.0,0.0,57100.0,17.0,30987.0,48351.0,17.0,31003.0
25.658943800997804,0.0,0.0,0.0,0.0,0.0,0.0,0.0,0.0,0.0,0.0,0.0,0.0,0.0,57101.0,17.0,31008.0,48352.0,17.0,31021.0
25.659013803000562,0.0,0.0,0.0,0.0,0.0,0.0,0.0,0.0,0.0,0.0,0.0,0.0,0.0,57102.0,17.0,31028.0,48353.0,17.0,31041.0
25.659072523994837,0.0,0.0,0.0,0.0,0.0,0.0,0.0,0.0,0.0,0.0,0.0,0.0,0.0,57103.0,17.0,31048.0,48354.0,17.0,31061.0
25.659130193002056,0.0,0.0,0.0,0.0,0.0,0.0,0.0,0.0,0.0,0.0,0.0,0.0,0.0,57104.0,17.0,31068.0,48355.0,17.0,31081.0
25.686349373994744,0.0,0.0,0.0,0.0,0.0,0.0,0.0,0.0,0.0,0.0,0.0,0.0,0.0,57106.0,17.0,31108.0,48356.0,17.0,31112.0
25.69265332899522,0.0,0.0,0.0,0.0,0.0,0.0,0.0,0.0,0.0,0.0,0.0,0.0,0.0,57106.0,17.0,31108.0,48357.0,17.0,31119.0
25.724711970993667,0.0,0.0,0.0,0.0,0.0,0.0,0.0,0.0,0.0,0.0,0.0,0.0,0.0,57108.0,17.0,31147.0,48358.0,17.0,31151.0
25.74043378699571,0.0,0.0,0.0,0.0,0.0,0.0,0.0,0.0,0.0,0.0,0.0,0.0,0.0,57108.0,17.0,31147.0,48359.0,17.0,31166.0
25.878721957007656,0.0,0.0,0.0,0.0,0.0,0.0,0.0,0.0,0.0,0.0,0.0,0.0,0.0,57110.0,17.0,31188.0,48360.0,17.0,31191.0
25.87882334800088,0.0,0.0,0.0,0.0,0.0,0.0,0.0,0.0,0.0,0.0,0.0,0.0,0.0,57115.0,17.0,31287.0,48366.0,17.0,31303.0
25.896124574996065,0.0,0.0,0.0,0.0,0.0,0.0,0.0,0.0,0.0,0.0,0.0,0.0,0.0,57116.0,17.0,31308.0,48367.0,17.0,31321.0
25.915674553994904,0.0,0.0,0.0,0.0,0.0,0.0,0.0,0.0,0.0,0.0,0.0,0.0,0.0,57117.0,17.0,31328.0,48368.0,17.0,31341.0
25.934973759998684,0.0,0.0,0.0,0.0,0.0,0.0,0.0,0.0,0.0,0.0,0.0,0.0,0.0,57118.0,17.0,31348.0,48369.0,17.0,31361.0
25.95438537899463,0.0,0.0,0.0,0.0,0.0,0.0,0.0,0.0,0.0,0.0,0.0,0.0,0.0,57119.0,17.0,31368.0,48370.0,17.0,31381.0
26.097599254004308,0.0,0.0,0.0,0.0,0.0,0.0,0.0,0.0,0.0,0.0,0.0,0.0,0.0,57125.0,17.0,31487.0,48376.0,17.0,31503.0
26.097974350996083,0.0,0.0,0.0,0.0,0.0,0.0,0.0,0.0,0.0,0.0,0.0,0.0,0.0,57126.0,17.0,31508.0,48377.0,17.0,31521.0
26.114429991997895,0.0,0.0,0.0,0.0,0.0,0.0,0.0,0.0,0.0,0.0,0.0,0.0,0.0,57127.0,17.0,31528.0,48378.0,17.0,31541.0
26.134595042996807,0.0,0.0,0.0,0.0,0.0,0.0,0.0,0.0,0.0,0.0,0.0,0.0,0.0,57128.0,17.0,31548.0,48379.0,17.0,31561.0
26.15457604599942,0.0,0.0,0.0,0.0,0.0,0.0,0.0,0.0,0.0,0.0,0.0,0.0,0.0,57129.0,17.0,31568.0,48380.0,17.0,31581.0
26.187799175997498,0.0,0.0,0.0,0.0,0.0,0.0,0.0,0.0,0.0,0.0,0.0,0.0,0.0,57131.0,17.0,31608.0,48381.0,17.0,31613.0
26.193954269998358,0.0,0.0,0.0,0.0,0.0,0.0,0.0,0.0,0.0,0.0,0.0,0.0,0.0,57131.0,17.0,31608.0,48382.0,17.0,31620.0
26.28814983200573,0.0,0.0,0.0,0.0,0.0,0.0,0.0,0.0,0.0,0.0,0.0,0.0,0.0,57133.0,17.0,31648.0,48383.0,17.0,31651.0
26.28826199300238,0.0,0.0,0.0,0.0,0.0,0.0,0.0,0.0,0.0,0.0,0.0,0.0,0.0,57135.0,17.0,31687.0,48386.0,17.0,31703.0
26.317303072006325,0.0,0.0,0.0,0.0,0.0,0.0,0.0,0.0,0.0,0.0,0.0,0.0,0.0,57136.0,17.0,31708.0,48387.0,17.0,31721.0
26.317770363995805,0.0,0.0,0.0,0.0,0.0,0.0,0.0,0.0,0.0,0.0,0.0,0.0,0.0,57137.0,17.0,31728.0,48388.0,17.0,31741.0
26.334804926998913,0.0,0.0,0.0,0.0,0.0,0.0,0.0,0.0,0.0,0.0,0.0,0.0,0.0,57138.0,17.0,31748.0,48389.0,17.0,31761.0
26.355366365998634,0.0,0.0,0.0,0.0,0.0,0.0,0.0,0.0,0.0,0.0,0.0,0.0,0.0,57139.0,17.0,31768.0,48390.0,17.0,31781.0
26.39574385600281,0.0,0.0,0.0,0.0,0.0,0.0,0.0,0.0,0.0,0.0,0.0,0.0,0.0,57141.0,17.0,31808.0,48391.0,17.0,31811.0
26.396065081993584,0.0,0.0,0.0,0.0,0.0,0.0,0.0,0.0,0.0,0.0,0.0,0.0,0.0,57141.0,17.0,31808.0,48392.0,17.0,31818.0
26.53793670599407,0.0,0.0,0.0,0.0,0.0,0.0,0.0,0.0,0.0,0.0,0.0,0.0,0.0,57145.0,17.0,31887.0,48396.0,17.0,31903.0
26.538178873001016,0.0,0.0,0.0,0.0,0.0,0.0,0.0,0.0,0.0,0.0,0.0,0.0,0.0,57146.0,17.0,31908.0,48397.0,17.0,31921.0
26.53825369400147,0.0,0.0,0.0,0.0,0.0,0.0,0.0,0.0,0.0,0.0,0.0,0.0,0.0,57147.0,17.0,31928.0,48398.0,17.0,31941.0
26.538312495002174,0.0,0.0,0.0,0.0,0.0,0.0,0.0,0.0,0.0,0.0,0.0,0.0,0.0,57148.0,17.0,31948.0,48399.0,17.0,31961.0
26.554427923998446,0.0,0.0,0.0,0.0,0.0,0.0,0.0,0.0,0.0,0.0,0.0,0.0,0.0,57149.0,17.0,31968.0,48400.0,17.0,31981.0
26.585407439997653,0.0,0.0,0.0,0.0,0.0,0.0,0.0,0.0,0.0,0.0,0.0,0.0,0.0,57151.0,17.0,32008.0,48401.0,17.0,32011.0
26.59222854100517,0.0,0.0,0.0,0.0,0.0,0.0,0.0,0.0,0.0,0.0,0.0,0.0,0.0,57151.0,17.0,32008.0,48402.0,17.0,32018.0
26.624069654004415,0.0,0.0,0.0,0.0,0.0,0.0,0.0,0.0,0.0,0.0,0.0,0.0,0.0,57153.0,17.0,32048.0,48403.0,17.0,32051.0
26.632648782004253,0.0,0.0,0.0,0.0,0.0,0.0,0.0,0.0,0.0,0.0,0.0,0.0,0.0,57153.0,17.0,32048.0,48404.0,17.0,32058.0
26.977250345997163,0.0,0.0,0.0,0.0,0.0,0.0,0.0,0.0,0.0,0.0,0.0,0.0,0.0,57165.0,17.0,32288.0,48416.0,17.0,32303.0
26.97765112199704,0.0,0.0,0.0,0.0,0.0,0.0,0.0,0.0,0.0,0.0,0.0,0.0,0.0,57166.0,17.0,32308.0,48417.0,17.0,32321.0
26.97785523699713,0.0,0.0,0.0,0.0,0.0,0.0,0.0,0.0,0.0,0.0,0.0,0.0,0.0,57167.0,17.0,32328.0,48418.0,17.0,32341.0
26.984815289994003,0.0,0.0,0.0,0.0,0.0,0.0,0.0,0.0,0.0,0.0,0.0,0.0,0.0,57171.0,17.0,32408.0,48421.0,17.0,32411.0
26.991259721005918,0.0,0.0,0.0,0.0,0.0,0.0,0.0,0.0,0.0,0.0,0.0,0.0,0.0,57171.0,17.0,32408.0,48422.0,17.0,32418.0
27.026115701999515,0.0,0.0,0.0,0.0,0.0,0.0,0.0,0.0,0.0,0.0,0.0,0.0,0.0,57173.0,17.0,32448.0,48423.0,17.0,32451.0
27.03079364899895,0.0,0.0,0.0,0.0,0.0,0.0,0.0,0.0,0.0,0.0,0.0,0.0,0.0,57173.0,17.0,32448.0,48424.0,17.0,32458.0
27.06505596000352,0.0,0.0,0.0,0.0,0.0,0.0,0.0,0.0,0.0,0.0,0.0,0.0,0.0,57175.0,17.0,32488.0,48425.0,17.0,32491.0
27.076720551005565,0.0,0.0,0.0,0.0,0.0,0.0,0.0,0.0,0.0,0.0,0.0,0.0,0.0,57175.0,17.0,32488.0,48426.0,17.0,32503.0
27.198107392003294,0.0,0.0,0.0,0.0,0.0,0.0,0.0,0.0,0.0,0.0,0.0,0.0,0.0,57180.0,17.0,32588.0,48431.0,17.0,32603.0
27.19827367599646,0.0,0.0,0.0,0.0,0.0,0.0,0.0,0.0,0.0,0.0,0.0,0.0,0.0,57181.0,17.0,32608.0,48432.0,17.0,32621.0
27.215057016001083,0.0,0.0,0.0,0.0,0.0,0.0,0.0,0.0,0.0,0.0,0.0,0.0,0.0,57182.0,17.0,32628.0,48433.0,17.0,32641.0
27.23726954999438,0.0,0.0,0.0,0.0,0.0,0.0,0.0,0.0,0.0,0.0,0.0,0.0,0.0,57183.0,17.0,32648.0,48434.0,17.0,32661.0
27.27366843300115,0.0,0.0,0.0,0.0,0.0,0.0,0.0,0.0,0.0,0.0,0.0,0.0,0.0,57185.0,17.0,32688.0,48435.0,17.0,32700.0
27.417738907999592,0.0,0.0,0.0,0.0,0.0,0.0,0.0,0.0,0.0,0.0,0.0,0.0,0.0,57191.0,17.0,32807.0,48441.0,17.0,32823.0
27.418165281997062,0.0,0.0,0.0,0.0,0.0,0.0,0.0,0.0,0.0,0.0,0.0,0.0,0.0,57192.0,17.0,32828.0,48442.0,17.0,32841.0
27.435221235995414,0.0,0.0,0.0,0.0,0.0,0.0,0.0,0.0,0.0,0.0,0.0,0.0,0.0,57193.0,17.0,32848.0,48443.0,17.0,32861.0
27.464828804004355,0.0,0.0,0.0,0.0,0.0,0.0,0.0,0.0,0.0,0.0,0.0,0.0,0.0,57195.0,17.0,32888.0,48444.0,17.0,32891.0
27.471759873005794,0.0,0.0,0.0,0.0,0.0,0.0,0.0,0.0,0.0,0.0,0.0,0.0,0.0,57195.0,17.0,32888.0,48445.0,17.0,32898.0
27.495752004993847,0.0,0.0,0.0,0.0,0.0,0.0,0.0,0.0,0.0,0.0,0.0,0.0,0.0,57196.0,17.0,32908.0,48446.0,17.0,32921.0
27.51667663900298,0.0,0.0,0.0,0.0,0.0,0.0,0.0,0.0,0.0,0.0,0.0,0.0,0.0,57197.0,17.0,32928.0,48447.0,17.0,32940.0
27.638914676994318,0.0,0.0,0.0,0.0,0.0,0.0,0.0,0.0,0.0,0.0,0.0,0.0,0.0,57201.0,17.0,33007.0,48451.0,17.0,33023.0
27.639254327994422,0.0,0.0,0.0,0.0,0.0,0.0,0.0,0.0,0.0,0.0,0.0,0.0,0.0,57202.0,17.0,33028.0,48452.0,17.0,33041.0
27.63949998099997,0.0,0.0,0.0,0.0,0.0,0.0,0.0,0.0,0.0,0.0,0.0,0.0,0.0,57203.0,17.0,33048.0,48453.0,17.0,33061.0
27.656498967000516,0.0,0.0,0.0,0.0,0.0,0.0,0.0,0.0,0.0,0.0,0.0,0.0,0.0,57204.0,17.0,33068.0,48454.0,17.0,33081.0
27.67554893399938,0.0,0.0,0.0,0.0,0.0,0.0,0.0,0.0,0.0,0.0,0.0,0.0,0.0,57205.0,17.0,33088.0,48455.0,17.0,33101.0
27.705355868005427,0.0,0.0,0.0,0.0,0.0,0.0,0.0,0.0,0.0,0.0,0.0,0.0,0.0,57207.0,17.0,33128.0,48456.0,17.0,33131.0
27.711527374005527,0.0,0.0,0.0,0.0,0.0,0.0,0.0,0.0,0.0,0.0,0.0,0.0,0.0,57207.0,17.0,33128.0,48457.0,17.0,33138.0
27.8128097190056,0.0,0.0,0.0,0.0,0.0,0.0,0.0,0.0,0.0,0.0,0.0,0.0,0.0,57209.0,17.0,33167.0,48458.0,17.0,33171.0
27.868366002003313,0.0,0.0,0.0,0.0,0.0,0.0,0.0,0.0,0.0,0.0,0.0,0.0,0.0,57213.0,17.0,33249.0,48459.0,17.0,33250.0
27.868575426997268,0.0,0.0,0.0,0.0,0.0,0.0,0.0,0.0,0.0,0.0,0.0,0.0,0.0,57214.0,17.0,33268.0,48460.0,17.0,33271.0
27.868635389997507,0.0,0.0,0.0,0.0,0.0,0.0,0.0,0.0,0.0,0.0,0.0,0.0,0.0,57214.0,17.0,33268.0,48461.0,17.0,33282.0
27.87563905600109,0.0,0.0,0.0,0.0,0.0,0.0,0.0,0.0,0.0,0.0,0.0,0.0,0.0,57215.0,17.0,33288.0,48462.0,17.0,33301.0
27.90419083100278,0.0,0.0,0.0,0.0,0.0,0.0,0.0,0.0,0.0,0.0,0.0,0.0,0.0,57216.0,17.0,33308.0,48463.0,17.0,33321.0
27.915345931003685,0.0,0.0,0.0,0.0,0.0,0.0,0.0,0.0,0.0,0.0,0.0,0.0,0.0,57217.0,17.0,33328.0,48464.0,17.0,33341.0
27.93452054199588,0.0,0.0,0.0,0.0,0.0,0.0,0.0,0.0,0.0,0.0,0.0,0.0,0.0,57218.0,17.0,33348.0,48465.0,17.0,33361.0
28.047437771994737,0.0,0.0,0.0,0.0,0.0,0.0,0.0,0.0,0.0,0.0,0.0,0.0,0.0,57220.0,17.0,33388.0,48466.0,17.0,33391.0
28.047754950996023,0.0,0.0,0.0,0.0,0.0,0.0,0.0,0.0,0.0,0.0,0.0,0.0,0.0,57220.0,17.0,33388.0,48467.0,17.0,33399.0
28.04788366399589,0.0,0.0,0.0,0.0,0.0,0.0,0.0,0.0,0.0,0.0,0.0,0.0,0.0,57222.0,17.0,33428.0,48468.0,17.0,33431.0
28.047937736002496,0.0,0.0,0.0,0.0,0.0,0.0,0.0,0.0,0.0,0.0,0.0,0.0,0.0,57222.0,17.0,33428.0,48469.0,17.0,33438.0
28.04799104599806,0.0,0.0,0.0,0.0,0.0,0.0,0.0,0.0,0.0,0.0,0.0,0.0,0.0,57224.0,17.0,33468.0,48470.0,17.0,33471.0
28.078844135001418,0.0,0.0,0.0,0.0,0.0,0.0,0.0,0.0,0.0,0.0,0.0,0.0,0.0,57224.0,17.0,33468.0,48471.0,17.0,33482.0
28.079139531997498,0.0,0.0,0.0,0.0,0.0,0.0,0.0,0.0,0.0,0.0,0.0,0.0,0.0,57225.0,17.0,33488.0,48472.0,17.0,33501.0
28.094575869996333,0.0,0.0,0.0,0.0,0.0,0.0,0.0,0.0,0.0,0.0,0.0,0.0,0.0,57226.0,17.0,33508.0,48473.0,17.0,33521.0
28.11383072299941,0.0,0.0,0.0,0.0,0.0,0.0,0.0,0.0,0.0,0.0,0.0,0.0,0.0,57227.0,17.0,33528.0,48474.0,17.0,33541.0
28.13417496200418,0.0,0.0,0.0,0.0,0.0,0.0,0.0,0.0,0.0,0.0,0.0,0.0,0.0,57228.0,17.0,33548.0,48475.0,17.0,33561.0
28.164869853004348,0.0,0.0,0.0,0.0,0.0,0.0,0.0,0.0,0.0,0.0,0.0,0.0,0.0,57230.0,17.0,33588.0,48476.0,17.0,33591.0
28.171915888000512,0.0,0.0,0.0,0.0,0.0,0.0,0.0,0.0,0.0,0.0,0.0,0.0,0.0,57230.0,17.0,33588.0,48477.0,17.0,33598.0
28.29859886500344,0.0,0.0,0.0,0.0,0.0,0.0,0.0,0.0,0.0,0.0,0.0,0.0,0.0,57234.0,17.0,33668.0,48481.0,17.0,33683.0
28.2987007979973,0.0,0.0,0.0,0.0,0.0,0.0,0.0,0.0,0.0,0.0,0.0,0.0,0.0,57235.0,17.0,33688.0,48482.0,17.0,33701.0
28.298772062000353,0.0,0.0,0.0,0.0,0.0,0.0,0.0,0.0,0.0,0.0,0.0,0.0,0.0,57236.0,17.0,33708.0,48483.0,17.0,33721.0
28.313530311002978,0.0,0.0,0.0,0.0,0.0,0.0,0.0,0.0,0.0,0.0,0.0,0.0,0.0,57237.0,17.0,33728.0,48484.0,17.0,33741.0
28.335102326003835,0.0,0.0,0.0,0.0,0.0,0.0,0.0,0.0,0.0,0.0,0.0,0.0,0.0,57238.0,17.0,33748.0,48485.0,17.0,33761.0
28.365146848998847,0.0,0.0,0.0,0.0,0.0,0.0,0.0,0.0,0.0,0.0,0.0,0.0,0.0,57240.0,17.0,33788.0,48486.0,17.0,33791.0
28.373364405997563,0.0,0.0,0.0,0.0,0.0,0.0,0.0,0.0,0.0,0.0,0.0,0.0,0.0,57240.0,17.0,33788.0,48487.0,17.0,33798.0
28.518565776001196,0.0,0.0,0.0,0.0,0.0,0.0,0.0,0.0,0.0,0.0,0.0,0.0,0.0,57244.0,17.0,33868.0,48491.0,17.0,33883.0
28.51883995400567,0.0,0.0,0.0,0.0,0.0,0.0,0.0,0.0,0.0,0.0,0.0,0.0,0.0,57245.0,17.0,33888.0,48492.0,17.0,33901.0
28.51890684000682,0.0,0.0,0.0,0.0,0.0,0.0,0.0,0.0,0.0,0.0,0.0,0.0,0.0,57246.0,17.0,33908.0,48493.0,17.0,33921.0
28.518965921000927,0.0,0.0,0.0,0.0,0.0,0.0,0.0,0.0,0.0,0.0,0.0,0.0,0.0,57247.0,17.0,33928.0,48494.0,17.0,33941.0
28.549874976000865,0.0,0.0,0.0,0.0,0.0,0.0,0.0,0.0,0.0,0.0,0.0,0.0,0.0,57248.0,17.0,33948.0,48495.0,17.0,33961.0
28.572629834001418,0.0,0.0,0.0,0.0,0.0,0.0,0.0,0.0,0.0,0.0,0.0,0.0,0.0,57250.0,17.0,33988.0,48496.0,17.0,33991.0
28.572990695000044,0.0,0.0,0.0,0.0,0.0,0.0,0.0,0.0,0.0,0.0,0.0,0.0,0.0,57250.0,17.0,33988.0,48497.0,17.0,33998.0
28.60630188199866,0.0,0.0,0.0,0.0,0.0,0.0,0.0,0.0,0.0,0.0,0.0,0.0,0.0,57252.0,17.0,34028.0,48498.0,17.0,34031.0
28.611628924001707,0.0,0.0,0.0,0.0,0.0,0.0,0.0,0.0,0.0,0.0,0.0,0.0,0.0,57252.0,17.0,34028.0,48499.0,17.0,34038.0
28.765323421001085,0.0,0.0,0.0,0.0,0.0,0.0,0.0,0.0,0.0,0.0,0.0,0.0,0.0,57260.0,17.0,34188.0,48506.0,17.0,34191.0
28.773524656993686,0.0,0.0,0.0,0.0,0.0,0.0,0.0,0.0,0.0,0.0,0.0,0.0,0.0,57260.0,17.0,34188.0,48507.0,17.0,34198.0
28.8045794859936,0.0,0.0,0.0,0.0,0.0,0.0,0.0,0.0,0.0,0.0,0.0,0.0,0.0,57262.0,17.0,34228.0,48508.0,17.0,34231.0
28.812384543998633,0.0,0.0,0.0,0.0,0.0,0.0,0.0,0.0,0.0,0.0,0.0,0.0,0.0,57262.0,17.0,34228.0,48509.0,17.0,34238.0
28.968230099999346,0.0,0.0,0.0,0.0,0.0,0.0,0.0,0.0,0.0,0.0,0.0,0.0,0.0,57270.0,17.0,34388.0,48516.0,17.0,34392.0
28.97536191699328,0.0,0.0,0.0,0.0,0.0,0.0,0.0,0.0,0.0,0.0,0.0,0.0,0.0,57270.0,17.0,34388.0,48517.0,17.0,34398.0
29.004509288002737,0.0,0.0,0.0,0.0,0.0,0.0,0.0,0.0,0.0,0.0,0.0,0.0,0.0,57272.0,17.0,34428.0,48518.0,17.0,34431.0
29.01115891500376,0.0,0.0,0.0,0.0,0.0,0.0,0.0,0.0,0.0,0.0,0.0,0.0,0.0,57272.0,17.0,34428.0,48519.0,17.0,34438.0
29.04714145300386,0.0,0.0,0.0,0.0,0.0,0.0,0.0,0.0,0.0,0.0,0.0,0.0,0.0,57274.0,17.0,34468.0,48520.0,17.0,34471.0
29.0569695890008,0.0,0.0,0.0,0.0,0.0,0.0,0.0,0.0,0.0,0.0,0.0,0.0,0.0,57274.0,17.0,34468.0,48521.0,17.0,34484.0
29.10913978300232,0.0,0.0,0.0,0.0,0.0,0.0,0.0,0.0,0.0,0.0,0.0,0.0,0.0,57275.0,17.0,34488.0,48522.0,17.0,34501.0
29.109219582998776,0.0,0.0,0.0,0.0,0.0,0.0,0.0,0.0,0.0,0.0,0.0,0.0,0.0,57276.0,17.0,34508.0,48523.0,17.0,34521.0
29.17647710700112,0.0,0.0,0.0,0.0,0.0,0.0,0.0,0.0,0.0,0.0,0.0,0.0,0.0,57280.0,17.0,34588.0,48526.0,17.0,34591.0
29.176562417997047,0.0,0.0,0.0,0.0,0.0,0.0,0.0,0.0,0.0,0.0,0.0,0.0,0.0,57280.0,17.0,34588.0,48527.0,17.0,34598.0
29.205742179998197,0.0,0.0,0.0,0.0,0.0,0.0,0.0,0.0,0.0,0.0,0.0,0.0,0.0,57282.0,17.0,34628.0,48528.0,17.0,34631.0
29.2117118150054,0.0,0.0,0.0,0.0,0.0,0.0,0.0,0.0,0.0,0.0,0.0,0.0,0.0,57282.0,17.0,34628.0,48529.0,17.0,34638.0
29.24458400400181,0.0,0.0,0.0,0.0,0.0,0.0,0.0,0.0,0.0,0.0,0.0,0.0,0.0,57284.0,17.0,34668.0,48530.0,17.0,34671.0
29.25771102399449,0.0,0.0,0.0,0.0,0.0,0.0,0.0,0.0,0.0,0.0,0.0,0.0,0.0,57284.0,17.0,34668.0,48531.0,17.0,34683.0
29.276816336001502,0.0,0.0,0.0,0.0,0.0,0.0,0.0,0.0,0.0,0.0,0.0,0.0,0.0,57285.0,17.0,34688.0,48532.0,17.0,34701.0
29.399081298004603,0.0,0.0,0.0,0.0,0.0,0.0,0.0,0.0,0.0,0.0,0.0,0.0,0.0,57290.0,17.0,34788.0,48536.0,17.0,34791.0
29.399171608005418,0.0,0.0,0.0,0.0,0.0,0.0,0.0,0.0,0.0,0.0,0.0,0.0,0.0,57290.0,17.0,34788.0,48537.0,17.0,34798.0
29.40886532999866,0.0,0.0,0.0,0.0,0.0,0.0,0.0,0.0,0.0,0.0,0.0,0.0,0.0,57292.0,17.0,34828.0,48538.0,17.0,34831.0
29.412363520998042,0.0,0.0,0.0,0.0,0.0,0.0,0.0,0.0,0.0,0.0,0.0,0.0,0.0,57292.0,17.0,34828.0,48539.0,17.0,34839.0
29.445150810002815,0.0,0.0,0.0,0.0,0.0,0.0,0.0,0.0,0.0,0.0,0.0,0.0,0.0,57294.0,17.0,34868.0,48540.0,17.0,34871.0
29.459259662995464,0.0,0.0,0.0,0.0,0.0,0.0,0.0,0.0,0.0,0.0,0.0,0.0,0.0,57294.0,17.0,34868.0,48541.0,17.0,34883.0
29.47440362999623,0.0,0.0,0.0,0.0,0.0,0.0,0.0,0.0,0.0,0.0,0.0,0.0,0.0,57295.0,17.0,34888.0,48542.0,17.0,34901.0
29.494759812005213,0.0,0.0,0.0,0.0,0.0,0.0,0.0,0.0,0.0,0.0,0.0,0.0,0.0,57296.0,17.0,34908.0,48543.0,17.0,34921.0
29.618348271003924,0.0,0.0,0.0,0.0,0.0,0.0,0.0,0.0,0.0,0.0,0.0,0.0,0.0,57300.0,17.0,34988.0,48546.0,17.0,34991.0
29.618798511000932,0.0,0.0,0.0,0.0,0.0,0.0,0.0,0.0,0.0,0.0,0.0,0.0,0.0,57300.0,17.0,34988.0,48547.0,17.0,34998.0
29.618898549000733,0.0,0.0,0.0,0.0,0.0,0.0,0.0,0.0,0.0,0.0,0.0,0.0,0.0,57302.0,17.0,35028.0,48548.0,17.0,35031.0
29.61895977500535,0.0,0.0,0.0,0.0,0.0,0.0,0.0,0.0,0.0,0.0,0.0,0.0,0.0,57302.0,17.0,35028.0,48549.0,17.0,35038.0
29.645859063995886,0.0,0.0,0.0,0.0,0.0,0.0,0.0,0.0,0.0,0.0,0.0,0.0,0.0,57304.0,17.0,35068.0,48550.0,17.0,35071.0
29.656801021003048,0.0,0.0,0.0,0.0,0.0,0.0,0.0,0.0,0.0,0.0,0.0,0.0,0.0,57304.0,17.0,35068.0,48551.0,17.0,35083.0
29.6746766819997,0.0,0.0,0.0,0.0,0.0,0.0,0.0,0.0,0.0,0.0,0.0,0.0,0.0,57305.0,17.0,35088.0,48552.0,17.0,35101.0
29.697611769996,0.0,0.0,0.0,0.0,0.0,0.0,0.0,0.0,0.0,0.0,0.0,0.0,0.0,57306.0,17.0,35108.0,48553.0,17.0,35121.0
29.837454802007414,0.0,0.0,0.0,0.0,0.0,0.0,0.0,0.0,0.0,0.0,0.0,0.0,0.0,57307.0,17.0,35128.0,48554.0,17.0,35141.0
29.848719647998223,0.0,0.0,0.0,0.0,0.0,0.0,0.0,0.0,0.0,0.0,0.0,0.0,0.0,57314.0,17.0,35268.0,48556.0,17.0,35275.0
29.8555050319992,0.0,0.0,0.0,0.0,0.0,0.0,0.0,0.0,0.0,0.0,0.0,0.0,0.0,57314.0,17.0,35268.0,48557.0,17.0,35281.0
29.87428434799949,0.0,0.0,0.0,0.0,0.0,0.0,0.0,0.0,0.0,0.0,0.0,0.0,0.0,57315.0,17.0,35288.0,48558.0,17.0,35301.0
29.89590259200486,0.0,0.0,0.0,0.0,0.0,0.0,0.0,0.0,0.0,0.0,0.0,0.0,0.0,57316.0,17.0,35308.0,48559.0,17.0,35321.0
29.91422524600057,0.0,0.0,0.0,0.0,0.0,0.0,0.0,0.0,0.0,0.0,0.0,0.0,0.0,57317.0,17.0,35328.0,48560.0,17.0,35341.0
29.943800184002612,0.0,0.0,0.0,0.0,0.0,0.0,0.0,0.0,0.0,0.0,0.0,0.0,0.0,57319.0,17.0,35368.0,48561.0,17.0,35371.0
30.05902821700147,0.0,0.0,0.0,0.0,0.0,0.0,0.0,0.0,0.0,0.0,0.0,0.0,0.0,57323.0,17.0,35447.0,48566.0,17.0,35463.0
30.059421609999845,0.0,0.0,0.0,0.0,0.0,0.0,0.0,0.0,0.0,0.0,0.0,0.0,0.0,57324.0,17.0,35468.0,48567.0,17.0,35481.0
30.07392759200593,0.0,0.0,0.0,0.0,0.0,0.0,0.0,0.0,0.0,0.0,0.0,0.0,0.0,57325.0,17.0,35488.0,48568.0,17.0,35501.0
30.10805017099483,0.0,0.0,0.0,0.0,0.0,0.0,0.0,0.0,0.0,0.0,0.0,0.0,0.0,57327.0,17.0,35528.0,48569.0,17.0,35531.0
30.114407016997575,0.0,0.0,0.0,0.0,0.0,0.0,0.0,0.0,0.0,0.0,0.0,0.0,0.0,57327.0,17.0,35528.0,48570.0,17.0,35538.0
30.134558742996887,0.0,0.0,0.0,0.0,0.0,0.0,0.0,0.0,0.0,0.0,0.0,0.0,0.0,57328.0,17.0,35548.0,48571.0,17.0,35561.0
30.154420592007227,0.0,0.0,0.0,0.0,0.0,0.0,0.0,0.0,0.0,0.0,0.0,0.0,0.0,57329.0,17.0,35568.0,48572.0,17.0,35581.0
30.185646184996585,0.0,0.0,0.0,0.0,0.0,0.0,0.0,0.0,0.0,0.0,0.0,0.0,0.0,57330.0,17.0,35588.0,48573.0,17.0,35601.0
30.28003860299941,0.0,0.0,0.0,0.0,0.0,0.0,0.0,0.0,0.0,0.0,0.0,0.0,0.0,57334.0,17.0,35668.0,48576.0,17.0,35671.0
30.28014580499439,0.0,0.0,0.0,0.0,0.0,0.0,0.0,0.0,0.0,0.0,0.0,0.0,0.0,57334.0,17.0,35668.0,48577.0,17.0,35678.0
30.286345493994304,0.0,0.0,0.0,0.0,0.0,0.0,0.0,0.0,0.0,0.0,0.0,0.0,0.0,57336.0,17.0,35708.0,48578.0,17.0,35711.0
30.29117605900683,0.0,0.0,0.0,0.0,0.0,0.0,0.0,0.0,0.0,0.0,0.0,0.0,0.0,57336.0,17.0,35708.0,48579.0,17.0,35718.0
30.32417033899401,0.0,0.0,0.0,0.0,0.0,0.0,0.0,0.0,0.0,0.0,0.0,0.0,0.0,57338.0,17.0,35748.0,48580.0,17.0,35751.0
30.346482402004767,0.0,0.0,0.0,0.0,0.0,0.0,0.0,0.0,0.0,0.0,0.0,0.0,0.0,57338.0,17.0,35748.0,48581.0,17.0,35763.0
30.354121797994594,0.0,0.0,0.0,0.0,0.0,0.0,0.0,0.0,0.0,0.0,0.0,0.0,0.0,57339.0,17.0,35768.0,48582.0,17.0,35781.0
30.374882022006204,0.0,0.0,0.0,0.0,0.0,0.0,0.0,0.0,0.0,0.0,0.0,0.0,0.0,57340.0,17.0,35788.0,48583.0,17.0,35801.0
30.51214728099876,0.0,0.0,0.0,0.0,0.0,0.0,0.0,0.0,0.0,0.0,0.0,0.0,0.0,57344.0,17.0,35868.0,48586.0,17.0,35871.0
30.51225800999964,0.0,0.0,0.0,0.0,0.0,0.0,0.0,0.0,0.0,0.0,0.0,0.0,0.0,57344.0,17.0,35868.0,48587.0,17.0,35878.0
30.51232482600608,0.0,0.0,0.0,0.0,0.0,0.0,0.0,0.0,0.0,0.0,0.0,0.0,0.0,57346.0,17.0,35908.0,48588.0,17.0,35911.0
30.512386082002195,0.0,0.0,0.0,0.0,0.0,0.0,0.0,0.0,0.0,0.0,0.0,0.0,0.0,57346.0,17.0,35908.0,48589.0,17.0,35918.0
30.52536701700592,0.0,0.0,0.0,0.0,0.0,0.0,0.0,0.0,0.0,0.0,0.0,0.0,0.0,57348.0,17.0,35948.0,48590.0,17.0,35951.0
30.53700074000517,0.0,0.0,0.0,0.0,0.0,0.0,0.0,0.0,0.0,0.0,0.0,0.0,0.0,57348.0,17.0,35948.0,48591.0,17.0,35963.0
30.55421316900174,0.0,0.0,0.0,0.0,0.0,0.0,0.0,0.0,0.0,0.0,0.0,0.0,0.0,57349.0,17.0,35968.0,48592.0,17.0,35981.0
30.57430711699999,0.0,0.0,0.0,0.0,0.0,0.0,0.0,0.0,0.0,0.0,0.0,0.0,0.0,57350.0,17.0,35988.0,48593.0,17.0,36001.0
30.59468156300136,0.0,0.0,0.0,0.0,0.0,0.0,0.0,0.0,0.0,0.0,0.0,0.0,0.0,57351.0,17.0,36008.0,48594.0,17.0,36021.0
31.0095871789963,0.0,0.0,0.0,0.0,0.0,0.0,0.0,0.0,0.0,0.0,0.0,0.0,0.0,57368.0,17.0,36348.0,48611.0,17.0,36363.0
31.00973331500427,0.0,0.0,0.0,0.0,0.0,0.0,0.0,0.0,0.0,0.0,0.0,0.0,0.0,57369.0,17.0,36368.0,48612.0,17.0,36381.0
31.009800882005948,0.0,0.0,0.0,0.0,0.0,0.0,0.0,0.0,0.0,0.0,0.0,0.0,0.0,57370.0,17.0,36388.0,48613.0,17.0,36401.0
31.009860824997304,0.0,0.0,0.0,0.0,0.0,0.0,0.0,0.0,0.0,0.0,0.0,0.0,0.0,57371.0,17.0,36408.0,48614.0,17.0,36421.0
31.016405114001827,0.0,0.0,0.0,0.0,0.0,0.0,0.0,0.0,0.0,0.0,0.0,0.0,0.0,57372.0,17.0,36428.0,48615.0,17.0,36441.0
31.04479557700688,0.0,0.0,0.0,0.0,0.0,0.0,0.0,0.0,0.0,0.0,0.0,0.0,0.0,57374.0,17.0,36468.0,48616.0,17.0,36471.0
31.051585799999884,0.0,0.0,0.0,0.0,0.0,0.0,0.0,0.0,0.0,0.0,0.0,0.0,0.0,57374.0,17.0,36468.0,48617.0,17.0,36478.0
31.0842000630073,0.0,0.0,0.0,0.0,0.0,0.0,0.0,0.0,0.0,0.0,0.0,0.0,0.0,57376.0,17.0,36507.0,48618.0,17.0,36511.0
31.09167150199937,0.0,0.0,0.0,0.0,0.0,0.0,0.0,0.0,0.0,0.0,0.0,0.0,0.0,57376.0,17.0,36507.0,48619.0,17.0,36518.0
31.519835743005387,0.0,0.0,0.0,0.0,0.0,0.0,0.0,0.0,0.0,0.0,0.0,0.0,0.0,57394.0,17.0,36868.0,48636.0,17.0,36871.0
31.52001227599976,0.0,0.0,0.0,0.0,0.0,0.0,0.0,0.0,0.0,0.0,0.0,0.0,0.0,57394.0,17.0,36868.0,48637.0,17.0,36878.0
31.520079652997083,0.0,0.0,0.0,0.0,0.0,0.0,0.0,0.0,0.0,0.0,0.0,0.0,0.0,57396.0,17.0,36907.0,48638.0,17.0,36911.0
31.520137651998084,0.0,0.0,0.0,0.0,0.0,0.0,0.0,0.0,0.0,0.0,0.0,0.0,0.0,57396.0,17.0,36907.0,48639.0,17.0,36918.0
31.52859602299577,0.0,0.0,0.0,0.0,0.0,0.0,0.0,0.0,0.0,0.0,0.0,0.0,0.0,57398.0,17.0,36948.0,48640.0,17.0,36951.0
31.536758515998372,0.0,0.0,0.0,0.0,0.0,0.0,0.0,0.0,0.0,0.0,0.0,0.0,0.0,57398.0,17.0,36948.0,48641.0,17.0,36963.0
31.55847925299895,0.0,0.0,0.0,0.0,0.0,0.0,0.0,0.0,0.0,0.0,0.0,0.0,0.0,57399.0,17.0,36968.0,48642.0,17.0,36981.0
31.574083208004595,0.0,0.0,0.0,0.0,0.0,0.0,0.0,0.0,0.0,0.0,0.0,0.0,0.0,57400.0,17.0,36988.0,48643.0,17.0,37001.0
31.60047943799873,0.0,0.0,0.0,0.0,0.0,0.0,0.0,0.0,0.0,0.0,0.0,0.0,0.0,57401.0,17.0,37008.0,48644.0,17.0,37021.0
31.61463960900437,0.0,0.0,0.0,0.0,0.0,0.0,0.0,0.0,0.0,0.0,0.0,0.0,0.0,57402.0,17.0,37028.0,48645.0,17.0,37041.0
32.02895845200692,0.0,0.0,0.0,0.0,0.0,0.0,0.0,0.0,0.0,0.0,0.0,0.0,0.0,57422.0,17.0,37427.0,48656.0,17.0,37443.0
32.034436218993505,0.0,0.0,0.0,0.0,0.0,0.0,0.0,0.0,0.0,0.0,0.0,0.0,0.0,57423.0,17.0,37448.0,48657.0,17.0,37461.0
32.06450258499535,0.0,0.0,0.0,0.0,0.0,0.0,0.0,0.0,0.0,0.0,0.0,0.0,0.0,57424.0,17.0,37468.0,48658.0,17.0,37481.0
32.085142462005024,0.0,0.0,0.0,0.0,0.0,0.0,0.0,0.0,0.0,0.0,0.0,0.0,0.0,57425.0,17.0,37488.0,48659.0,17.0,37501.0
32.09470876399428,0.0,0.0,0.0,0.0,0.0,0.0,0.0,0.0,0.0,0.0,0.0,0.0,0.0,57426.0,17.0,37508.0,48660.0,17.0,37521.0
32.12585585900524,0.0,0.0,0.0,0.0,0.0,0.0,0.0,0.0,0.0,0.0,0.0,0.0,0.0,57428.0,17.0,37548.0,48661.0,17.0,37552.0
32.13187183199625,0.0,0.0,0.0,0.0,0.0,0.0,0.0,0.0,0.0,0.0,0.0,0.0,0.0,57428.0,17.0,37548.0,48662.0,17.0,37559.0
32.54426150099607,0.0,0.0,0.0,0.0,0.0,0.0,0.0,0.0,0.0,0.0,0.0,0.0,0.0,57448.0,17.0,37948.0,48681.0,17.0,37951.0
32.54453313400154,0.0,0.0,0.0,0.0,0.0,0.0,0.0,0.0,0.0,0.0,0.0,0.0,0.0,57448.0,17.0,37948.0,48682.0,17.0,37959.0
32.564810608004336,0.0,0.0,0.0,0.0,0.0,0.0,0.0,0.0,0.0,0.0,0.0,0.0,0.0,57450.0,17.0,37988.0,48683.0,17.0,37991.0
32.572848345007515,0.0,0.0,0.0,0.0,0.0,0.0,0.0,0.0,0.0,0.0,0.0,0.0,0.0,57450.0,17.0,37988.0,48684.0,17.0,37998.0
32.60589552599413,0.0,0.0,0.0,0.0,0.0,0.0,0.0,0.0,0.0,0.0,0.0,0.0,0.0,57452.0,17.0,38028.0,48685.0,17.0,38031.0
32.6173161570041,0.0,0.0,0.0,0.0,0.0,0.0,0.0,0.0,0.0,0.0,0.0,0.0,0.0,57452.0,17.0,38028.0,48686.0,17.0,38043.0
32.64259948699328,0.0,0.0,0.0,0.0,0.0,0.0,0.0,0.0,0.0,0.0,0.0,0.0,0.0,57453.0,17.0,38048.0,48687.0,17.0,38061.0
33.05229281799984,0.0,0.0,0.0,0.0,0.0,0.0,0.0,0.0,0.0,0.0,0.0,0.0,0.0,57473.0,17.0,38448.0,48706.0,17.0,38451.0
33.052577786002075,0.0,0.0,0.0,0.0,0.0,0.0,0.0,0.0,0.0,0.0,0.0,0.0,0.0,57473.0,17.0,38448.0,48707.0,17.0,38458.0
33.065822810007376,0.0,0.0,0.0,0.0,0.0,0.0,0.0,0.0,0.0,0.0,0.0,0.0,0.0,57475.0,17.0,38488.0,48708.0,17.0,38491.0
33.0724123740074,0.0,0.0,0.0,0.0,0.0,0.0,0.0,0.0,0.0,0.0,0.0,0.0,0.0,57475.0,17.0,38488.0,48709.0,17.0,38498.0
33.10532240700559,0.0,0.0,0.0,0.0,0.0,0.0,0.0,0.0,0.0,0.0,0.0,0.0,0.0,57477.0,17.0,38528.0,48710.0,17.0,38531.0
33.11738013000286,0.0,0.0,0.0,0.0,0.0,0.0,0.0,0.0,0.0,0.0,0.0,0.0,0.0,57477.0,17.0,38528.0,48711.0,17.0,38543.0
33.134334693997516,0.0,0.0,0.0,0.0,0.0,0.0,0.0,0.0,0.0,0.0,0.0,0.0,0.0,57478.0,17.0,38548.0,48712.0,17.0,38561.0
33.558364975004224,0.0,0.0,0.0,0.0,0.0,0.0,0.0,0.0,0.0,0.0,0.0,0.0,0.0,57479.0,17.0,38568.0,48713.0,17.0,38581.0
33.55976888400619,0.0,0.0,0.0,0.0,0.0,0.0,0.0,0.0,0.0,0.0,0.0,0.0,0.0,57498.0,17.0,38948.0,48731.0,17.0,38951.0
33.559854125007405,0.0,0.0,0.0,0.0,0.0,0.0,0.0,0.0,0.0,0.0,0.0,0.0,0.0,57498.0,17.0,38948.0,48732.0,17.0,38958.0
33.56509194899991,0.0,0.0,0.0,0.0,0.0,0.0,0.0,0.0,0.0,0.0,0.0,0.0,0.0,57500.0,17.0,38988.0,48733.0,17.0,38991.0
33.571966171002714,0.0,0.0,0.0,0.0,0.0,0.0,0.0,0.0,0.0,0.0,0.0,0.0,0.0,57500.0,17.0,38988.0,48734.0,17.0,38998.0
33.60550173399679,0.0,0.0,0.0,0.0,0.0,0.0,0.0,0.0,0.0,0.0,0.0,0.0,0.0,57502.0,17.0,39028.0,48735.0,17.0,39031.0
33.61782901600236,0.0,0.0,0.0,0.0,0.0,0.0,0.0,0.0,0.0,0.0,0.0,0.0,0.0,57502.0,17.0,39028.0,48736.0,17.0,39043.0
33.63413979500183,0.0,0.0,0.0,0.0,0.0,0.0,0.0,0.0,0.0,0.0,0.0,0.0,0.0,57503.0,17.0,39048.0,48737.0,17.0,39061.0
33.65768173900142,0.0,0.0,0.0,0.0,0.0,0.0,0.0,0.0,0.0,0.0,0.0,0.0,0.0,57504.0,17.0,39068.0,48738.0,17.0,39081.0
34.07016302700504,0.0,0.0,0.0,0.0,0.0,0.0,0.0,0.0,0.0,0.0,0.0,0.0,0.0,57523.0,17.0,39448.0,48746.0,17.0,39451.0
34.0705022070033,0.0,0.0,0.0,0.0,0.0,0.0,0.0,0.0,0.0,0.0,0.0,0.0,0.0,57523.0,17.0,39448.0,48747.0,17.0,39458.0
34.070578069993644,0.0,0.0,0.0,0.0,0.0,0.0,0.0,0.0,0.0,0.0,0.0,0.0,0.0,57525.0,17.0,39488.0,48748.0,17.0,39491.0
34.08233302200097,0.0,0.0,0.0,0.0,0.0,0.0,0.0,0.0,0.0,0.0,0.0,0.0,0.0,57525.0,17.0,39488.0,48749.0,17.0,39498.0
34.094513967997045,0.0,0.0,0.0,0.0,0.0,0.0,0.0,0.0,0.0,0.0,0.0,0.0,0.0,57526.0,17.0,39508.0,48750.0,17.0,39519.0
34.11467171700497,0.0,0.0,0.0,0.0,0.0,0.0,0.0,0.0,0.0,0.0,0.0,0.0,0.0,57527.0,17.0,39528.0,48751.0,17.0,39541.0
34.135760823002784,0.0,0.0,0.0,0.0,0.0,0.0,0.0,0.0,0.0,0.0,0.0,0.0,0.0,57528.0,17.0,39548.0,48752.0,17.0,39561.0
34.15484486600326,0.0,0.0,0.0,0.0,0.0,0.0,0.0,0.0,0.0,0.0,0.0,0.0,0.0,57529.0,17.0,39568.0,48753.0,17.0,39581.0
34.17376341599447,0.0,0.0,0.0,0.0,0.0,0.0,0.0,0.0,0.0,0.0,0.0,0.0,0.0,57530.0,17.0,39588.0,48754.0,17.0,39601.0
34.59842275000119,0.0,0.0,0.0,0.0,0.0,0.0,0.0,0.0,0.0,0.0,0.0,0.0,0.0,57548.0,17.0,39948.0,48771.0,17.0,39951.0
34.598596668001846,0.0,0.0,0.0,0.0,0.0,0.0,0.0,0.0,0.0,0.0,0.0,0.0,0.0,57548.0,17.0,39948.0,48772.0,17.0,39958.0
34.59866678000253,0.0,0.0,0.0,0.0,0.0,0.0,0.0,0.0,0.0,0.0,0.0,0.0,0.0,57550.0,17.0,39987.0,48773.0,17.0,39991.0
34.598726373005775,0.0,0.0,0.0,0.0,0.0,0.0,0.0,0.0,0.0,0.0,0.0,0.0,0.0,57550.0,17.0,39987.0,48774.0,17.0,39998.0
34.60650405999331,0.0,0.0,0.0,0.0,0.0,0.0,0.0,0.0,0.0,0.0,0.0,0.0,0.0,57552.0,17.0,40028.0,48775.0,17.0,40031.0
34.616305385003216,0.0,0.0,0.0,0.0,0.0,0.0,0.0,0.0,0.0,0.0,0.0,0.0,0.0,57552.0,17.0,40028.0,48776.0,17.0,40043.0
34.634768956995686,0.0,0.0,0.0,0.0,0.0,0.0,0.0,0.0,0.0,0.0,0.0,0.0,0.0,57553.0,17.0,40048.0,48777.0,17.0,40061.0
34.65422875799413,0.0,0.0,0.0,0.0,0.0,0.0,0.0,0.0,0.0,0.0,0.0,0.0,0.0,57554.0,17.0,40068.0,48778.0,17.0,40081.0
34.67554243799532,0.0,0.0,0.0,0.0,0.0,0.0,0.0,0.0,0.0,0.0,0.0,0.0,0.0,57555.0,17.0,40088.0,48779.0,17.0,40101.0
35.0916886979976,0.0,0.0,0.0,0.0,0.0,0.0,0.0,0.0,0.0,0.0,0.0,0.0,0.0,57572.0,17.0,40428.0,48796.0,17.0,40443.0
35.09186687400506,0.0,0.0,0.0,0.0,0.0,0.0,0.0,0.0,0.0,0.0,0.0,0.0,0.0,57573.0,17.0,40448.0,48797.0,17.0,40461.0
35.09193435100315,0.0,0.0,0.0,0.0,0.0,0.0,0.0,0.0,0.0,0.0,0.0,0.0,0.0,57574.0,17.0,40468.0,48798.0,17.0,40481.0
35.091992200003006,0.0,0.0,0.0,0.0,0.0,0.0,0.0,0.0,0.0,0.0,0.0,0.0,0.0,57575.0,17.0,40488.0,48799.0,17.0,40501.0
35.09571747999871,0.0,0.0,0.0,0.0,0.0,0.0,0.0,0.0,0.0,0.0,0.0,0.0,0.0,57576.0,17.0,40508.0,48800.0,17.0,40521.0
35.12508546000754,0.0,0.0,0.0,0.0,0.0,0.0,0.0,0.0,0.0,0.0,0.0,0.0,0.0,57578.0,17.0,40548.0,48801.0,17.0,40551.0
35.144157039001584,0.0,0.0,0.0,0.0,0.0,0.0,0.0,0.0,0.0,0.0,0.0,0.0,0.0,57578.0,17.0,40548.0,48802.0,17.0,40558.0
35.164666932003456,0.0,0.0,0.0,0.0,0.0,0.0,0.0,0.0,0.0,0.0,0.0,0.0,0.0,57580.0,17.0,40588.0,48803.0,17.0,40591.0
35.17226641300658,0.0,0.0,0.0,0.0,0.0,0.0,0.0,0.0,0.0,0.0,0.0,0.0,0.0,57580.0,17.0,40588.0,48804.0,17.0,40598.0
35.61312812700635,0.0,0.0,0.0,0.0,0.0,0.0,0.0,0.0,0.0,0.0,0.0,0.0,0.0,57598.0,17.0,40948.0,48821.0,17.0,40951.0
35.613303398000426,0.0,0.0,0.0,0.0,0.0,0.0,0.0,0.0,0.0,0.0,0.0,0.0,0.0,57598.0,17.0,40948.0,48822.0,17.0,40958.0
35.613383689007605,0.0,0.0,0.0,0.0,0.0,0.0,0.0,0.0,0.0,0.0,0.0,0.0,0.0,57600.0,17.0,40987.0,48823.0,17.0,40991.0
35.61344319200725,0.0,0.0,0.0,0.0,0.0,0.0,0.0,0.0,0.0,0.0,0.0,0.0,0.0,57600.0,17.0,40987.0,48824.0,17.0,40998.0
35.613499116996536,0.0,0.0,0.0,0.0,0.0,0.0,0.0,0.0,0.0,0.0,0.0,0.0,0.0,57602.0,17.0,41028.0,48825.0,17.0,41032.0
35.61640466999961,0.0,0.0,0.0,0.0,0.0,0.0,0.0,0.0,0.0,0.0,0.0,0.0,0.0,57602.0,17.0,41028.0,48826.0,17.0,41043.0
35.6339363730076,0.0,0.0,0.0,0.0,0.0,0.0,0.0,0.0,0.0,0.0,0.0,0.0,0.0,57603.0,17.0,41048.0,48827.0,17.0,41061.0
35.65487055800622,0.0,0.0,0.0,0.0,0.0,0.0,0.0,0.0,0.0,0.0,0.0,0.0,0.0,57604.0,17.0,41068.0,48828.0,17.0,41081.0
35.674575141005334,0.0,0.0,0.0,0.0,0.0,0.0,0.0,0.0,0.0,0.0,0.0,0.0,0.0,57605.0,17.0,41088.0,48829.0,17.0,41101.0
35.69443468800455,0.0,0.0,0.0,0.0,0.0,0.0,0.0,0.0,0.0,0.0,0.0,0.0,0.0,57606.0,17.0,41108.0,48830.0,17.0,41121.0
35.72684015899722,0.0,0.0,0.0,0.0,0.0,0.0,0.0,0.0,0.0,0.0,0.0,0.0,0.0,57608.0,17.0,41148.0,48831.0,17.0,41151.0
35.73318316800578,0.0,0.0,0.0,0.0,0.0,0.0,0.0,0.0,0.0,0.0,0.0,0.0,0.0,57608.0,17.0,41148.0,48832.0,17.0,41158.0
35.76443926099455,0.0,0.0,0.0,0.0,0.0,0.0,0.0,0.0,0.0,0.0,0.0,0.0,0.0,57610.0,17.0,41187.0,48833.0,17.0,41191.0
35.78149676900648,0.0,0.0,0.0,0.0,0.0,0.0,0.0,0.0,0.0,0.0,0.0,0.0,0.0,57611.0,17.0,41208.0,48834.0,17.0,41208.0
35.80762047600001,0.0,0.0,0.0,0.0,0.0,0.0,0.0,0.0,0.0,0.0,0.0,0.0,0.0,57612.0,17.0,41228.0,48835.0,17.0,41231.0
35.81641628500074,0.0,0.0,0.0,0.0,0.0,0.0,0.0,0.0,0.0,0.0,0.0,0.0,0.0,57612.0,17.0,41228.0,48836.0,17.0,41243.0
35.83702042599907,0.0,0.0,0.0,0.0,0.0,0.0,0.0,0.0,0.0,0.0,0.0,0.0,0.0,57613.0,17.0,41248.0,48837.0,17.0,41261.0
35.85506646000431,0.0,0.0,0.0,0.0,0.0,0.0,0.0,0.0,0.0,0.0,0.0,0.0,0.0,57614.0,17.0,41268.0,48838.0,17.0,41281.0
35.969550869995146,0.0,0.0,0.0,0.0,0.0,0.0,0.0,0.0,0.0,0.0,0.0,0.0,0.0,57618.0,17.0,41348.0,48841.0,17.0,41351.0
35.96997559099691,0.0,0.0,0.0,0.0,0.0,0.0,0.0,0.0,0.0,0.0,0.0,0.0,0.0,57618.0,17.0,41348.0,48842.0,17.0,41358.0
35.9700677649962,0.0,0.0,0.0,0.0,0.0,0.0,0.0,0.0,0.0,0.0,0.0,0.0,0.0,57620.0,17.0,41387.0,48843.0,17.0,41391.0
35.97114963700005,0.0,0.0,0.0,0.0,0.0,0.0,0.0,0.0,0.0,0.0,0.0,0.0,0.0,57620.0,17.0,41387.0,48844.0,17.0,41398.0
36.00463242099795,0.0,0.0,0.0,0.0,0.0,0.0,0.0,0.0,0.0,0.0,0.0,0.0,0.0,57622.0,17.0,41427.0,48845.0,17.0,41431.0
36.01616913100588,0.0,0.0,0.0,0.0,0.0,0.0,0.0,0.0,0.0,0.0,0.0,0.0,0.0,57622.0,17.0,41427.0,48846.0,17.0,41443.0
36.0399975170003,0.0,0.0,0.0,0.0,0.0,0.0,0.0,0.0,0.0,0.0,0.0,0.0,0.0,57623.0,17.0,41448.0,48847.0,17.0,41461.0
36.06477139699564,0.0,0.0,0.0,0.0,0.0,0.0,0.0,0.0,0.0,0.0,0.0,0.0,0.0,57625.0,17.0,41487.0,48848.0,17.0,41491.0
36.07114199899661,0.0,0.0,0.0,0.0,0.0,0.0,0.0,0.0,0.0,0.0,0.0,0.0,0.0,57625.0,17.0,41487.0,48849.0,17.0,41498.0
36.190139074999024,0.0,0.0,0.0,0.0,0.0,0.0,0.0,0.0,0.0,0.0,0.0,0.0,0.0,57627.0,17.0,41528.0,48851.0,17.0,41543.0
36.190307393000694,0.0,0.0,0.0,0.0,0.0,0.0,0.0,0.0,0.0,0.0,0.0,0.0,0.0,57628.0,17.0,41548.0,48852.0,17.0,41561.0
36.19037912800559,0.0,0.0,0.0,0.0,0.0,0.0,0.0,0.0,0.0,0.0,0.0,0.0,0.0,57629.0,17.0,41568.0,48853.0,17.0,41581.0
36.190442858001916,0.0,0.0,0.0,0.0,0.0,0.0,0.0,0.0,0.0,0.0,0.0,0.0,0.0,57630.0,17.0,41588.0,48854.0,17.0,41601.0
36.19419861599454,0.0,0.0,0.0,0.0,0.0,0.0,0.0,0.0,0.0,0.0,0.0,0.0,0.0,57631.0,17.0,41608.0,48855.0,17.0,41621.0
36.22519747300248,0.0,0.0,0.0,0.0,0.0,0.0,0.0,0.0,0.0,0.0,0.0,0.0,0.0,57633.0,17.0,41648.0,48856.0,17.0,41651.0
36.23148162200232,0.0,0.0,0.0,0.0,0.0,0.0,0.0,0.0,0.0,0.0,0.0,0.0,0.0,57633.0,17.0,41648.0,48857.0,17.0,41658.0
36.26606093600276,0.0,0.0,0.0,0.0,0.0,0.0,0.0,0.0,0.0,0.0,0.0,0.0,0.0,57635.0,17.0,41688.0,48858.0,17.0,41691.0
36.270453283999814,0.0,0.0,0.0,0.0,0.0,0.0,0.0,0.0,0.0,0.0,0.0,0.0,0.0,57635.0,17.0,41688.0,48859.0,17.0,41698.0
36.32182725099847,0.0,0.0,0.0,0.0,0.0,0.0,0.0,0.0,0.0,0.0,0.0,0.0,0.0,57637.0,17.0,41728.0,48861.0,17.0,41743.0
36.42618535300426,0.0,0.0,0.0,0.0,0.0,0.0,0.0,0.0,0.0,0.0,0.0,0.0,0.0,57643.0,17.0,41848.0,48866.0,17.0,41851.0
36.431677547006984,0.0,0.0,0.0,0.0,0.0,0.0,0.0,0.0,0.0,0.0,0.0,0.0,0.0,57643.0,17.0,41848.0,48867.0,17.0,41858.0
36.4677721199987,0.0,0.0,0.0,0.0,0.0,0.0,0.0,0.0,0.0,0.0,0.0,0.0,0.0,57645.0,17.0,41887.0,48868.0,17.0,41891.0
36.47157433499524,0.0,0.0,0.0,0.0,0.0,0.0,0.0,0.0,0.0,0.0,0.0,0.0,0.0,57645.0,17.0,41887.0,48869.0,17.0,41898.0
36.50460896399454,0.0,0.0,0.0,0.0,0.0,0.0,0.0,0.0,0.0,0.0,0.0,0.0,0.0,57647.0,17.0,41927.0,48870.0,17.0,41931.0
36.63066045299638,0.0,0.0,0.0,0.0,0.0,0.0,0.0,0.0,0.0,0.0,0.0,0.0,0.0,57653.0,17.0,42048.0,48876.0,17.0,42051.0
36.63309083899367,0.0,0.0,0.0,0.0,0.0,0.0,0.0,0.0,0.0,0.0,0.0,0.0,0.0,57653.0,17.0,42048.0,48877.0,17.0,42059.0
36.664334428001894,0.0,0.0,0.0,0.0,0.0,0.0,0.0,0.0,0.0,0.0,0.0,0.0,0.0,57655.0,17.0,42087.0,48878.0,17.0,42091.0
36.67200361100549,0.0,0.0,0.0,0.0,0.0,0.0,0.0,0.0,0.0,0.0,0.0,0.0,0.0,57655.0,17.0,42087.0,48879.0,17.0,42098.0
36.70430749100342,0.0,0.0,0.0,0.0,0.0,0.0,0.0,0.0,0.0,0.0,0.0,0.0,0.0,57657.0,17.0,42128.0,48880.0,17.0,42131.0
36.71623438700044,0.0,0.0,0.0,0.0,0.0,0.0,0.0,0.0,0.0,0.0,0.0,0.0,0.0,57657.0,17.0,42128.0,48881.0,17.0,42143.0
36.7533248999971,0.0,0.0,0.0,0.0,0.0,0.0,0.0,0.0,0.0,0.0,0.0,0.0,0.0,57658.0,17.0,42148.0,48882.0,17.0,42161.0
36.757468819996575,0.0,0.0,0.0,0.0,0.0,0.0,0.0,0.0,0.0,0.0,0.0,0.0,0.0,57659.0,17.0,42168.0,48883.0,17.0,42181.0
36.853884944997844,0.0,0.0,0.0,0.0,0.0,0.0,0.0,0.0,0.0,0.0,0.0,0.0,0.0,57663.0,17.0,42248.0,48886.0,17.0,42251.0
36.85548261999793,0.0,0.0,0.0,0.0,0.0,0.0,0.0,0.0,0.0,0.0,0.0,0.0,0.0,57663.0,17.0,42248.0,48887.0,17.0,42258.0
36.864801354997326,0.0,0.0,0.0,0.0,0.0,0.0,0.0,0.0,0.0,0.0,0.0,0.0,0.0,57665.0,17.0,42287.0,48888.0,17.0,42291.0
36.87651901699428,0.0,0.0,0.0,0.0,0.0,0.0,0.0,0.0,0.0,0.0,0.0,0.0,0.0,57665.0,17.0,42287.0,48889.0,17.0,42298.0
36.90580865899392,0.0,0.0,0.0,0.0,0.0,0.0,0.0,0.0,0.0,0.0,0.0,0.0,0.0,57667.0,17.0,42328.0,48890.0,17.0,42331.0
36.91988569300156,0.0,0.0,0.0,0.0,0.0,0.0,0.0,0.0,0.0,0.0,0.0,0.0,0.0,57667.0,17.0,42328.0,48891.0,17.0,42343.0
36.93390947699663,0.0,0.0,0.0,0.0,0.0,0.0,0.0,0.0,0.0,0.0,0.0,0.0,0.0,57668.0,17.0,42348.0,48892.0,17.0,42360.0
37.040210145001765,0.0,0.0,0.0,0.0,0.0,0.0,0.0,0.0,0.0,0.0,0.0,0.0,0.0,57672.0,17.0,42428.0,48896.0,17.0,42443.0
37.04032825799368,0.0,0.0,0.0,0.0,0.0,0.0,0.0,0.0,0.0,0.0,0.0,0.0,0.0,57673.0,17.0,42448.0,48897.0,17.0,42461.0
37.07178790400212,0.0,0.0,0.0,0.0,0.0,0.0,0.0,0.0,0.0,0.0,0.0,0.0,0.0,57674.0,17.0,42468.0,48898.0,17.0,42481.0
37.07363681300194,0.0,0.0,0.0,0.0,0.0,0.0,0.0,0.0,0.0,0.0,0.0,0.0,0.0,57675.0,17.0,42488.0,48899.0,17.0,42500.0
37.10522937099449,0.0,0.0,0.0,0.0,0.0,0.0,0.0,0.0,0.0,0.0,0.0,0.0,0.0,57677.0,17.0,42528.0,48900.0,17.0,42531.0
37.1180543530063,0.0,0.0,0.0,0.0,0.0,0.0,0.0,0.0,0.0,0.0,0.0,0.0,0.0,57677.0,17.0,42528.0,48901.0,17.0,42543.0
37.13685529200302,0.0,0.0,0.0,0.0,0.0,0.0,0.0,0.0,0.0,0.0,0.0,0.0,0.0,57678.0,17.0,42548.0,48902.0,17.0,42561.0
37.1541745949944,0.0,0.0,0.0,0.0,0.0,0.0,0.0,0.0,0.0,0.0,0.0,0.0,0.0,57679.0,17.0,42568.0,48903.0,17.0,42581.0
37.20578161299636,0.0,0.0,0.0,0.0,0.0,0.0,0.0,0.0,0.0,0.0,0.0,0.0,0.0,57680.0,17.0,42588.0,48904.0,17.0,42601.0
37.29089849599404,0.0,0.0,0.0,0.0,0.0,0.0,0.0,0.0,0.0,0.0,0.0,0.0,0.0,57683.0,17.0,42648.0,48906.0,17.0,42651.0
37.29100774199469,0.0,0.0,0.0,0.0,0.0,0.0,0.0,0.0,0.0,0.0,0.0,0.0,0.0,57683.0,17.0,42648.0,48907.0,17.0,42658.0
37.29108063899912,0.0,0.0,0.0,0.0,0.0,0.0,0.0,0.0,0.0,0.0,0.0,0.0,0.0,57685.0,17.0,42688.0,48908.0,17.0,42691.0
37.2911389600049,0.0,0.0,0.0,0.0,0.0,0.0,0.0,0.0,0.0,0.0,0.0,0.0,0.0,57685.0,17.0,42688.0,48909.0,17.0,42698.0
37.31058700999711,0.0,0.0,0.0,0.0,0.0,0.0,0.0,0.0,0.0,0.0,0.0,0.0,0.0,57687.0,17.0,42728.0,48910.0,17.0,42737.0
37.32232920800743,0.0,0.0,0.0,0.0,0.0,0.0,0.0,0.0,0.0,0.0,0.0,0.0,0.0,57688.0,17.0,42748.0,48911.0,17.0,42748.0
37.34468315199774,0.0,0.0,0.0,0.0,0.0,0.0,0.0,0.0,0.0,0.0,0.0,0.0,0.0,57689.0,17.0,42768.0,48912.0,17.0,42771.0
37.35176469599537,0.0,0.0,0.0,0.0,0.0,0.0,0.0,0.0,0.0,0.0,0.0,0.0,0.0,57689.0,17.0,42768.0,48913.0,17.0,42778.0
37.38663222400646,0.0,0.0,0.0,0.0,0.0,0.0,0.0,0.0,0.0,0.0,0.0,0.0,0.0,57691.0,17.0,42808.0,48914.0,17.0,42811.0
37.54158593500324,0.0,0.0,0.0,0.0,0.0,0.0,0.0,0.0,0.0,0.0,0.0,0.0,0.0,57698.0,17.0,42948.0,48921.0,17.0,42951.0
37.54172535799444,0.0,0.0,0.0,0.0,0.0,0.0,0.0,0.0,0.0,0.0,0.0,0.0,0.0,57698.0,17.0,42948.0,48922.0,17.0,42958.0
37.56983007499366,0.0,0.0,0.0,0.0,0.0,0.0,0.0,0.0,0.0,0.0,0.0,0.0,0.0,57700.0,17.0,42988.0,48923.0,17.0,42991.0
37.585427168000024,0.0,0.0,0.0,0.0,0.0,0.0,0.0,0.0,0.0,0.0,0.0,0.0,0.0,57701.0,17.0,43008.0,48924.0,17.0,43011.0
37.59134420400369,0.0,0.0,0.0,0.0,0.0,0.0,0.0,0.0,0.0,0.0,0.0,0.0,0.0,57701.0,17.0,43008.0,48925.0,17.0,43018.0
37.61518365099619,0.0,0.0,0.0,0.0,0.0,0.0,0.0,0.0,0.0,0.0,0.0,0.0,0.0,57702.0,17.0,43028.0,48926.0,17.0,43041.0
37.730366812000284,0.0,0.0,0.0,0.0,0.0,0.0,0.0,0.0,0.0,0.0,0.0,0.0,0.0,57707.0,17.0,43128.0,48931.0,17.0,43143.0
37.73440042400034,0.0,0.0,0.0,0.0,0.0,0.0,0.0,0.0,0.0,0.0,0.0,0.0,0.0,57708.0,17.0,43148.0,48932.0,17.0,43161.0
37.754885750997346,0.0,0.0,0.0,0.0,0.0,0.0,0.0,0.0,0.0,0.0,0.0,0.0,0.0,57709.0,17.0,43168.0,48933.0,17.0,43181.0
37.77668776399514,0.0,0.0,0.0,0.0,0.0,0.0,0.0,0.0,0.0,0.0,0.0,0.0,0.0,57710.0,17.0,43188.0,48934.0,17.0,43201.0
37.804633861000184,0.0,0.0,0.0,0.0,0.0,0.0,0.0,0.0,0.0,0.0,0.0,0.0,0.0,57712.0,17.0,43228.0,48935.0,17.0,43231.0
37.8165614890022,0.0,0.0,0.0,0.0,0.0,0.0,0.0,0.0,0.0,0.0,0.0,0.0,0.0,57712.0,17.0,43228.0,48936.0,17.0,43243.0
37.835452808998525,0.0,0.0,0.0,0.0,0.0,0.0,0.0,0.0,0.0,0.0,0.0,0.0,0.0,57713.0,17.0,43248.0,48937.0,17.0,43261.0
37.95288377199904,0.0,0.0,0.0,0.0,0.0,0.0,0.0,0.0,0.0,0.0,0.0,0.0,0.0,57718.0,17.0,43348.0,48941.0,17.0,43351.0
37.95301601100073,0.0,0.0,0.0,0.0,0.0,0.0,0.0,0.0,0.0,0.0,0.0,0.0,0.0,57718.0,17.0,43348.0,48942.0,17.0,43358.0
37.96476753700699,0.0,0.0,0.0,0.0,0.0,0.0,0.0,0.0,0.0,0.0,0.0,0.0,0.0,57720.0,17.0,43388.0,48943.0,17.0,43391.0
37.97211351999431,0.0,0.0,0.0,0.0,0.0,0.0,0.0,0.0,0.0,0.0,0.0,0.0,0.0,57720.0,17.0,43388.0,48944.0,17.0,43398.0
38.004250234997016,0.0,0.0,0.0,0.0,0.0,0.0,0.0,0.0,0.0,0.0,0.0,0.0,0.0,57722.0,17.0,43427.0,48945.0,17.0,43431.0
38.01609422500769,0.0,0.0,0.0,0.0,0.0,0.0,0.0,0.0,0.0,0.0,0.0,0.0,0.0,57722.0,17.0,43427.0,48946.0,17.0,43443.0
38.034567505994346,0.0,0.0,0.0,0.0,0.0,0.0,0.0,0.0,0.0,0.0,0.0,0.0,0.0,57723.0,17.0,43448.0,48947.0,17.0,43461.0
38.05503820600279,0.0,0.0,0.0,0.0,0.0,0.0,0.0,0.0,0.0,0.0,0.0,0.0,0.0,57724.0,17.0,43468.0,48948.0,17.0,43481.0
38.17035497100733,0.0,0.0,0.0,0.0,0.0,0.0,0.0,0.0,0.0,0.0,0.0,0.0,0.0,57728.0,17.0,43548.0,48951.0,17.0,43551.0
38.17046498799755,0.0,0.0,0.0,0.0,0.0,0.0,0.0,0.0,0.0,0.0,0.0,0.0,0.0,57728.0,17.0,43548.0,48952.0,17.0,43558.0
38.17053805600153,0.0,0.0,0.0,0.0,0.0,0.0,0.0,0.0,0.0,0.0,0.0,0.0,0.0,57730.0,17.0,43588.0,48953.0,17.0,43591.0
38.17239137299475,0.0,0.0,0.0,0.0,0.0,0.0,0.0,0.0,0.0,0.0,0.0,0.0,0.0,57730.0,17.0,43588.0,48954.0,17.0,43598.0
38.20761501400557,0.0,0.0,0.0,0.0,0.0,0.0,0.0,0.0,0.0,0.0,0.0,0.0,0.0,57732.0,17.0,43628.0,48955.0,17.0,43631.0
38.21590482800093,0.0,0.0,0.0,0.0,0.0,0.0,0.0,0.0,0.0,0.0,0.0,0.0,0.0,57732.0,17.0,43628.0,48956.0,17.0,43642.0
38.23449761400116,0.0,0.0,0.0,0.0,0.0,0.0,0.0,0.0,0.0,0.0,0.0,0.0,0.0,57733.0,17.0,43648.0,48957.0,17.0,43661.0
38.253932339997846,0.0,0.0,0.0,0.0,0.0,0.0,0.0,0.0,0.0,0.0,0.0,0.0,0.0,57734.0,17.0,43668.0,48958.0,17.0,43681.0
38.27378959199996,0.0,0.0,0.0,0.0,0.0,0.0,0.0,0.0,0.0,0.0,0.0,0.0,0.0,57735.0,17.0,43688.0,48959.0,17.0,43701.0
38.39205154500087,0.0,0.0,0.0,0.0,0.0,0.0,0.0,0.0,0.0,0.0,0.0,0.0,0.0,57738.0,17.0,43748.0,48961.0,17.0,43751.0
38.39220397299505,0.0,0.0,0.0,0.0,0.0,0.0,0.0,0.0,0.0,0.0,0.0,0.0,0.0,57738.0,17.0,43748.0,48962.0,17.0,43758.0
38.392286016998696,0.0,0.0,0.0,0.0,0.0,0.0,0.0,0.0,0.0,0.0,0.0,0.0,0.0,57740.0,17.0,43788.0,48963.0,17.0,43791.0
38.39234898600262,0.0,0.0,0.0,0.0,0.0,0.0,0.0,0.0,0.0,0.0,0.0,0.0,0.0,57740.0,17.0,43788.0,48964.0,17.0,43798.0
38.40477775099862,0.0,0.0,0.0,0.0,0.0,0.0,0.0,0.0,0.0,0.0,0.0,0.0,0.0,57742.0,17.0,43828.0,48965.0,17.0,43831.0
38.41657100600423,0.0,0.0,0.0,0.0,0.0,0.0,0.0,0.0,0.0,0.0,0.0,0.0,0.0,57742.0,17.0,43828.0,48966.0,17.0,43842.0
38.43457698500424,0.0,0.0,0.0,0.0,0.0,0.0,0.0,0.0,0.0,0.0,0.0,0.0,0.0,57743.0,17.0,43848.0,48967.0,17.0,43861.0
38.45426501799375,0.0,0.0,0.0,0.0,0.0,0.0,0.0,0.0,0.0,0.0,0.0,0.0,0.0,57744.0,17.0,43868.0,48968.0,17.0,43881.0
38.47417668400158,0.0,0.0,0.0,0.0,0.0,0.0,0.0,0.0,0.0,0.0,0.0,0.0,0.0,57745.0,17.0,43888.0,48969.0,17.0,43901.0
38.493436880002264,0.0,0.0,0.0,0.0,0.0,0.0,0.0,0.0,0.0,0.0,0.0,0.0,0.0,57746.0,17.0,43908.0,48970.0,17.0,43920.0
38.61619734100532,0.0,0.0,0.0,0.0,0.0,0.0,0.0,0.0,0.0,0.0,0.0,0.0,0.0,57752.0,17.0,44028.0,48976.0,17.0,44043.0
38.64330150000751,0.0,0.0,0.0,0.0,0.0,0.0,0.0,0.0,0.0,0.0,0.0,0.0,0.0,57753.0,17.0,44048.0,48977.0,17.0,44061.0
38.67322549900564,0.0,0.0,0.0,0.0,0.0,0.0,0.0,0.0,0.0,0.0,0.0,0.0,0.0,57754.0,17.0,44068.0,48978.0,17.0,44081.0
38.67596295500698,0.0,0.0,0.0,0.0,0.0,0.0,0.0,0.0,0.0,0.0,0.0,0.0,0.0,57755.0,17.0,44088.0,48979.0,17.0,44101.0
38.69758938600717,0.0,0.0,0.0,0.0,0.0,0.0,0.0,0.0,0.0,0.0,0.0,0.0,0.0,57756.0,17.0,44108.0,48980.0,17.0,44121.0
38.828960526996525,0.0,0.0,0.0,0.0,0.0,0.0,0.0,0.0,0.0,0.0,0.0,0.0,0.0,57762.0,17.0,44227.0,48986.0,17.0,44243.0
38.835804382004426,0.0,0.0,0.0,0.0,0.0,0.0,0.0,0.0,0.0,0.0,0.0,0.0,0.0,57763.0,17.0,44248.0,48987.0,17.0,44261.0
38.85425757500343,0.0,0.0,0.0,0.0,0.0,0.0,0.0,0.0,0.0,0.0,0.0,0.0,0.0,57764.0,17.0,44268.0,48988.0,17.0,44281.0
38.87476301100105,0.0,0.0,0.0,0.0,0.0,0.0,0.0,0.0,0.0,0.0,0.0,0.0,0.0,57765.0,17.0,44288.0,48989.0,17.0,44301.0
38.89430665200052,0.0,0.0,0.0,0.0,0.0,0.0,0.0,0.0,0.0,0.0,0.0,0.0,0.0,57766.0,17.0,44308.0,48990.0,17.0,44321.0
38.924934449998545,0.0,0.0,0.0,0.0,0.0,0.0,0.0,0.0,0.0,0.0,0.0,0.0,0.0,57768.0,17.0,44348.0,48991.0,17.0,44351.0
38.931479381004465,0.0,0.0,0.0,0.0,0.0,0.0,0.0,0.0,0.0,0.0,0.0,0.0,0.0,57768.0,17.0,44348.0,48992.0,17.0,44358.0
39.04952240000421,0.0,0.0,0.0,0.0,0.0,0.0,0.0,0.0,0.0,0.0,0.0,0.0,0.0,57772.0,17.0,44428.0,48996.0,17.0,44443.0
39.04992389799736,0.0,0.0,0.0,0.0,0.0,0.0,0.0,0.0,0.0,0.0,0.0,0.0,0.0,57773.0,17.0,44448.0,48997.0,17.0,44461.0
39.054633484993246,0.0,0.0,0.0,0.0,0.0,0.0,0.0,0.0,0.0,0.0,0.0,0.0,0.0,57774.0,17.0,44468.0,48998.0,17.0,44481.0
39.07501904500532,0.0,0.0,0.0,0.0,0.0,0.0,0.0,0.0,0.0,0.0,0.0,0.0,0.0,57775.0,17.0,44488.0,48999.0,17.0,44501.0
39.09517426000093,0.0,0.0,0.0,0.0,0.0,0.0,0.0,0.0,0.0,0.0,0.0,0.0,0.0,57776.0,17.0,44508.0,49000.0,17.0,44521.0
39.12779826599581,0.0,0.0,0.0,0.0,0.0,0.0,0.0,0.0,0.0,0.0,0.0,0.0,0.0,57778.0,17.0,44548.0,49001.0,17.0,44551.0
39.13166002300568,0.0,0.0,0.0,0.0,0.0,0.0,0.0,0.0,0.0,0.0,0.0,0.0,0.0,57778.0,17.0,44548.0,49002.0,17.0,44558.0
39.20209305800381,0.0,0.0,0.0,0.0,0.0,0.0,0.0,0.0,0.0,0.0,0.0,0.0,0.0,57780.0,17.0,44587.0,49003.0,17.0,44591.0
39.20242245000554,0.0,0.0,0.0,0.0,0.0,0.0,0.0,0.0,0.0,0.0,0.0,0.0,0.0,57780.0,17.0,44587.0,49004.0,17.0,44598.0
39.26354003600136,0.0,0.0,0.0,0.0,0.0,0.0,0.0,0.0,0.0,0.0,0.0,0.0,0.0,57782.0,17.0,44628.0,49006.0,17.0,44642.0
39.263798243002384,0.0,0.0,0.0,0.0,0.0,0.0,0.0,0.0,0.0,0.0,0.0,0.0,0.0,57783.0,17.0,44648.0,49007.0,17.0,44661.0
39.263881200007745,0.0,0.0,0.0,0.0,0.0,0.0,0.0,0.0,0.0,0.0,0.0,0.0,0.0,57784.0,17.0,44668.0,49008.0,17.0,44681.0
39.27476972799923,0.0,0.0,0.0,0.0,0.0,0.0,0.0,0.0,0.0,0.0,0.0,0.0,0.0,57785.0,17.0,44688.0,49009.0,17.0,44701.0
39.294681654006126,0.0,0.0,0.0,0.0,0.0,0.0,0.0,0.0,0.0,0.0,0.0,0.0,0.0,57786.0,17.0,44708.0,49010.0,17.0,44721.0
39.3249353459978,0.0,0.0,0.0,0.0,0.0,0.0,0.0,0.0,0.0,0.0,0.0,0.0,0.0,57788.0,17.0,44748.0,49011.0,17.0,44751.0
39.344058935006615,0.0,0.0,0.0,0.0,0.0,0.0,0.0,0.0,0.0,0.0,0.0,0.0,0.0,57788.0,17.0,44748.0,49012.0,17.0,44758.0
39.36743903599563,0.0,0.0,0.0,0.0,0.0,0.0,0.0,0.0,0.0,0.0,0.0,0.0,0.0,57790.0,17.0,44788.0,49013.0,17.0,44791.0
39.371251560005476,0.0,0.0,0.0,0.0,0.0,0.0,0.0,0.0,0.0,0.0,0.0,0.0,0.0,57790.0,17.0,44788.0,49014.0,17.0,44798.0
39.495955271006096,0.0,0.0,0.0,0.0,0.0,0.0,0.0,0.0,0.0,0.0,0.0,0.0,0.0,57792.0,17.0,44828.0,49016.0,17.0,44843.0
39.4961013860011,0.0,0.0,0.0,0.0,0.0,0.0,0.0,0.0,0.0,0.0,0.0,0.0,0.0,57793.0,17.0,44848.0,49017.0,17.0,44861.0
39.49618411299889,0.0,0.0,0.0,0.0,0.0,0.0,0.0,0.0,0.0,0.0,0.0,0.0,0.0,57795.0,17.0,44888.0,49018.0,17.0,44891.0
39.4962455490022,0.0,0.0,0.0,0.0,0.0,0.0,0.0,0.0,0.0,0.0,0.0,0.0,0.0,57795.0,17.0,44888.0,49019.0,17.0,44898.0
39.5045103750017,0.0,0.0,0.0,0.0,0.0,0.0,0.0,0.0,0.0,0.0,0.0,0.0,0.0,57797.0,17.0,44928.0,49020.0,17.0,44931.0
39.521893639001064,0.0,0.0,0.0,0.0,0.0,0.0,0.0,0.0,0.0,0.0,0.0,0.0,0.0,57797.0,17.0,44928.0,49021.0,17.0,44943.0
39.5381421619968,0.0,0.0,0.0,0.0,0.0,0.0,0.0,0.0,0.0,0.0,0.0,0.0,0.0,57798.0,17.0,44948.0,49022.0,17.0,44961.0
39.55488828399393,0.0,0.0,0.0,0.0,0.0,0.0,0.0,0.0,0.0,0.0,0.0,0.0,0.0,57799.0,17.0,44968.0,49023.0,17.0,44981.0
39.57481369600282,0.0,0.0,0.0,0.0,0.0,0.0,0.0,0.0,0.0,0.0,0.0,0.0,0.0,57800.0,17.0,44988.0,49024.0,17.0,45001.0
39.726814850000665,0.0,0.0,0.0,0.0,0.0,0.0,0.0,0.0,0.0,0.0,0.0,0.0,0.0,57808.0,17.0,45148.0,49031.0,17.0,45151.0
39.73288059599872,0.0,0.0,0.0,0.0,0.0,0.0,0.0,0.0,0.0,0.0,0.0,0.0,0.0,57808.0,17.0,45148.0,49032.0,17.0,45158.0
39.7644718530064,0.0,0.0,0.0,0.0,0.0,0.0,0.0,0.0,0.0,0.0,0.0,0.0,0.0,57810.0,17.0,45188.0,49033.0,17.0,45191.0
39.772114726001746,0.0,0.0,0.0,0.0,0.0,0.0,0.0,0.0,0.0,0.0,0.0,0.0,0.0,57810.0,17.0,45188.0,49034.0,17.0,45198.0
39.80585134100693,0.0,0.0,0.0,0.0,0.0,0.0,0.0,0.0,0.0,0.0,0.0,0.0,0.0,57812.0,17.0,45228.0,49035.0,17.0,45231.0
39.93305189300736,0.0,0.0,0.0,0.0,0.0,0.0,0.0,0.0,0.0,0.0,0.0,0.0,0.0,57812.0,17.0,45228.0,49036.0,17.0,45243.0
39.933526198001346,0.0,0.0,0.0,0.0,0.0,0.0,0.0,0.0,0.0,0.0,0.0,0.0,0.0,57818.0,17.0,45348.0,49041.0,17.0,45351.0
39.93374028199469,0.0,0.0,0.0,0.0,0.0,0.0,0.0,0.0,0.0,0.0,0.0,0.0,0.0,57818.0,17.0,45348.0,49042.0,17.0,45358.0
39.964888613001676,0.0,0.0,0.0,0.0,0.0,0.0,0.0,0.0,0.0,0.0,0.0,0.0,0.0,57820.0,17.0,45388.0,49043.0,17.0,45391.0
39.971943376003765,0.0,0.0,0.0,0.0,0.0,0.0,0.0,0.0,0.0,0.0,0.0,0.0,0.0,57820.0,17.0,45388.0,49044.0,17.0,45398.0
40.01611538299767,0.0,0.0,0.0,0.0,0.0,0.0,0.0,0.0,0.0,0.0,0.0,0.0,0.0,57822.0,17.0,45428.0,49046.0,17.0,45442.0
40.03564108100545,0.0,0.0,0.0,0.0,0.0,0.0,0.0,0.0,0.0,0.0,0.0,0.0,0.0,57823.0,17.0,45448.0,49047.0,17.0,45461.0
40.07298215800256,0.0,0.0,0.0,0.0,0.0,0.0,0.0,0.0,0.0,0.0,0.0,0.0,0.0,57824.0,17.0,45468.0,49048.0,17.0,45481.0
40.15353811699606,0.0,0.0,0.0,0.0,0.0,0.0,0.0,0.0,0.0,0.0,0.0,0.0,0.0,57825.0,17.0,45488.0,49049.0,17.0,45501.0
40.15364942699671,0.0,0.0,0.0,0.0,0.0,0.0,0.0,0.0,0.0,0.0,0.0,0.0,0.0,57828.0,17.0,45548.0,49051.0,17.0,45551.0
40.153714569998556,0.0,0.0,0.0,0.0,0.0,0.0,0.0,0.0,0.0,0.0,0.0,0.0,0.0,57828.0,17.0,45548.0,49052.0,17.0,45558.0
40.16573537500517,0.0,0.0,0.0,0.0,0.0,0.0,0.0,0.0,0.0,0.0,0.0,0.0,0.0,57830.0,17.0,45587.0,49053.0,17.0,45590.0
40.18713511900569,0.0,0.0,0.0,0.0,0.0,0.0,0.0,0.0,0.0,0.0,0.0,0.0,0.0,57831.0,17.0,45608.0,49054.0,17.0,45613.0
40.19282123999437,0.0,0.0,0.0,0.0,0.0,0.0,0.0,0.0,0.0,0.0,0.0,0.0,0.0,57831.0,17.0,45608.0,49055.0,17.0,45620.0
40.224718042998575,0.0,0.0,0.0,0.0,0.0,0.0,0.0,0.0,0.0,0.0,0.0,0.0,0.0,57833.0,17.0,45648.0,49056.0,17.0,45651.0
40.232426860005944,0.0,0.0,0.0,0.0,0.0,0.0,0.0,0.0,0.0,0.0,0.0,0.0,0.0,57833.0,17.0,45648.0,49057.0,17.0,45658.0
40.36935673499829,0.0,0.0,0.0,0.0,0.0,0.0,0.0,0.0,0.0,0.0,0.0,0.0,0.0,57835.0,17.0,45688.0,49058.0,17.0,45691.0
40.36962121400575,0.0,0.0,0.0,0.0,0.0,0.0,0.0,0.0,0.0,0.0,0.0,0.0,0.0,57837.0,17.0,45727.0,49061.0,17.0,45743.0
40.36968928200076,0.0,0.0,0.0,0.0,0.0,0.0,0.0,0.0,0.0,0.0,0.0,0.0,0.0,57838.0,17.0,45748.0,49062.0,17.0,45761.0
40.36974815299618,0.0,0.0,0.0,0.0,0.0,0.0,0.0,0.0,0.0,0.0,0.0,0.0,0.0,57840.0,17.0,45788.0,49063.0,17.0,45791.0
40.37155990200699,0.0,0.0,0.0,0.0,0.0,0.0,0.0,0.0,0.0,0.0,0.0,0.0,0.0,57840.0,17.0,45788.0,49064.0,17.0,45798.0
40.4052392099984,0.0,0.0,0.0,0.0,0.0,0.0,0.0,0.0,0.0,0.0,0.0,0.0,0.0,57842.0,17.0,45827.0,49065.0,17.0,45831.0
40.41745338900364,0.0,0.0,0.0,0.0,0.0,0.0,0.0,0.0,0.0,0.0,0.0,0.0,0.0,57842.0,17.0,45827.0,49066.0,17.0,45842.0
40.4340640760056,0.0,0.0,0.0,0.0,0.0,0.0,0.0,0.0,0.0,0.0,0.0,0.0,0.0,57843.0,17.0,45848.0,49067.0,17.0,45861.0
40.45670754699677,0.0,0.0,0.0,0.0,0.0,0.0,0.0,0.0,0.0,0.0,0.0,0.0,0.0,57844.0,17.0,45868.0,49068.0,17.0,45881.0
40.52334116300335,0.0,0.0,0.0,0.0,0.0,0.0,0.0,0.0,0.0,0.0,0.0,0.0,0.0,57845.0,17.0,45888.0,49069.0,17.0,45901.0
40.588905861994135,0.0,0.0,0.0,0.0,0.0,0.0,0.0,0.0,0.0,0.0,0.0,0.0,0.0,57848.0,17.0,45948.0,49071.0,17.0,45951.0
40.58909110199602,0.0,0.0,0.0,0.0,0.0,0.0,0.0,0.0,0.0,0.0,0.0,0.0,0.0,57848.0,17.0,45948.0,49072.0,17.0,45958.0
40.589334150005016,0.0,0.0,0.0,0.0,0.0,0.0,0.0,0.0,0.0,0.0,0.0,0.0,0.0,57850.0,17.0,45987.0,49073.0,17.0,45991.0
40.589569905001554,0.0,0.0,0.0,0.0,0.0,0.0,0.0,0.0,0.0,0.0,0.0,0.0,0.0,57850.0,17.0,45987.0,49074.0,17.0,45998.0
40.60597319100634,0.0,0.0,0.0,0.0,0.0,0.0,0.0,0.0,0.0,0.0,0.0,0.0,0.0,57852.0,17.0,46028.0,49075.0,17.0,46031.0
40.618612042002496,0.0,0.0,0.0,0.0,0.0,0.0,0.0,0.0,0.0,0.0,0.0,0.0,0.0,57852.0,17.0,46028.0,49076.0,17.0,46043.0
40.63618807999592,0.0,0.0,0.0,0.0,0.0,0.0,0.0,0.0,0.0,0.0,0.0,0.0,0.0,57853.0,17.0,46048.0,49077.0,17.0,46061.0
40.6548866469966,0.0,0.0,0.0,0.0,0.0,0.0,0.0,0.0,0.0,0.0,0.0,0.0,0.0,57854.0,17.0,46068.0,49078.0,17.0,46081.0
40.67401742900256,0.0,0.0,0.0,0.0,0.0,0.0,0.0,0.0,0.0,0.0,0.0,0.0,0.0,57855.0,17.0,46088.0,49079.0,17.0,46101.0
40.694397908999235,0.0,0.0,0.0,0.0,0.0,0.0,0.0,0.0,0.0,0.0,0.0,0.0,0.0,57856.0,17.0,46108.0,49080.0,17.0,46121.0
40.816653121000854,0.0,0.0,0.0,0.0,0.0,0.0,0.0,0.0,0.0,0.0,0.0,0.0,0.0,57862.0,17.0,46228.0,49086.0,17.0,46242.0
40.83440126400092,0.0,0.0,0.0,0.0,0.0,0.0,0.0,0.0,0.0,0.0,0.0,0.0,0.0,57863.0,17.0,46248.0,49087.0,17.0,46261.0
40.8557924820052,0.0,0.0,0.0,0.0,0.0,0.0,0.0,0.0,0.0,0.0,0.0,0.0,0.0,57864.0,17.0,46268.0,49088.0,17.0,46281.0
40.88506382099877,0.0,0.0,0.0,0.0,0.0,0.0,0.0,0.0,0.0,0.0,0.0,0.0,0.0,57866.0,17.0,46307.0,49089.0,17.0,46311.0
40.89109843899496,0.0,0.0,0.0,0.0,0.0,0.0,0.0,0.0,0.0,0.0,0.0,0.0,0.0,57866.0,17.0,46307.0,49090.0,17.0,46318.0
40.91512858700298,0.0,0.0,0.0,0.0,0.0,0.0,0.0,0.0,0.0,0.0,0.0,0.0,0.0,57867.0,17.0,46328.0,49091.0,17.0,46341.0
41.032818713007146,0.0,0.0,0.0,0.0,0.0,0.0,0.0,0.0,0.0,0.0,0.0,0.0,0.0,57873.0,17.0,46448.0,49096.0,17.0,46451.0
41.03448184199806,0.0,0.0,0.0,0.0,0.0,0.0,0.0,0.0,0.0,0.0,0.0,0.0,0.0,57873.0,17.0,46448.0,49097.0,17.0,46458.0
41.06445421400713,0.0,0.0,0.0,0.0,0.0,0.0,0.0,0.0,0.0,0.0,0.0,0.0,0.0,57875.0,17.0,46488.0,49098.0,17.0,46491.0
41.08168220499647,0.0,0.0,0.0,0.0,0.0,0.0,0.0,0.0,0.0,0.0,0.0,0.0,0.0,57875.0,17.0,46488.0,49099.0,17.0,46498.0
41.104218042994034,0.0,0.0,0.0,0.0,0.0,0.0,0.0,0.0,0.0,0.0,0.0,0.0,0.0,57877.0,17.0,46527.0,49100.0,17.0,46531.0
41.116118250996806,0.0,0.0,0.0,0.0,0.0,0.0,0.0,0.0,0.0,0.0,0.0,0.0,0.0,57877.0,17.0,46527.0,49101.0,17.0,46543.0
41.1351762060076,0.0,0.0,0.0,0.0,0.0,0.0,0.0,0.0,0.0,0.0,0.0,0.0,0.0,57878.0,17.0,46548.0,49102.0,17.0,46561.0
41.220500715004164,0.0,0.0,0.0,0.0,0.0,0.0,0.0,0.0,0.0,0.0,0.0,0.0,0.0,57879.0,17.0,46568.0,49103.0,17.0,46581.0
41.22125052000047,0.0,0.0,0.0,0.0,0.0,0.0,0.0,0.0,0.0,0.0,0.0,0.0,0.0,57880.0,17.0,46588.0,49104.0,17.0,46601.0
41.249646316995495,0.0,0.0,0.0,0.0,0.0,0.0,0.0,0.0,0.0,0.0,0.0,0.0,0.0,57881.0,17.0,46608.0,49105.0,17.0,46621.0
41.249815998002305,0.0,0.0,0.0,0.0,0.0,0.0,0.0,0.0,0.0,0.0,0.0,0.0,0.0,57883.0,17.0,46648.0,49106.0,17.0,46651.0
41.24990520600113,0.0,0.0,0.0,0.0,0.0,0.0,0.0,0.0,0.0,0.0,0.0,0.0,0.0,57884.0,17.0,46668.0,49107.0,17.0,46671.0
41.251618759997655,0.0,0.0,0.0,0.0,0.0,0.0,0.0,0.0,0.0,0.0,0.0,0.0,0.0,57884.0,17.0,46668.0,49108.0,17.0,46677.0
41.28617227700306,0.0,0.0,0.0,0.0,0.0,0.0,0.0,0.0,0.0,0.0,0.0,0.0,0.0,57886.0,17.0,46708.0,49109.0,17.0,46711.0
41.292626737995306,0.0,0.0,0.0,0.0,0.0,0.0,0.0,0.0,0.0,0.0,0.0,0.0,0.0,57886.0,17.0,46708.0,49110.0,17.0,46718.0
41.31564361399796,0.0,0.0,0.0,0.0,0.0,0.0,0.0,0.0,0.0,0.0,0.0,0.0,0.0,57887.0,17.0,46728.0,49111.0,17.0,46741.0
41.3382839190017,0.0,0.0,0.0,0.0,0.0,0.0,0.0,0.0,0.0,0.0,0.0,0.0,0.0,57888.0,17.0,46748.0,49112.0,17.0,46761.0
41.355898820998846,0.0,0.0,0.0,0.0,0.0,0.0,0.0,0.0,0.0,0.0,0.0,0.0,0.0,57889.0,17.0,46768.0,49113.0,17.0,46781.0
41.76314093499968,0.0,0.0,0.0,0.0,0.0,0.0,0.0,0.0,0.0,0.0,0.0,0.0,0.0,57907.0,17.0,47128.0,49131.0,17.0,47143.0
41.7633122279949,0.0,0.0,0.0,0.0,0.0,0.0,0.0,0.0,0.0,0.0,0.0,0.0,0.0,57908.0,17.0,47148.0,49132.0,17.0,47161.0
41.763382189994445,0.0,0.0,0.0,0.0,0.0,0.0,0.0,0.0,0.0,0.0,0.0,0.0,0.0,57909.0,17.0,47168.0,49133.0,17.0,47181.0
41.778019151999615,0.0,0.0,0.0,0.0,0.0,0.0,0.0,0.0,0.0,0.0,0.0,0.0,0.0,57910.0,17.0,47188.0,49134.0,17.0,47201.0
41.79941732400039,0.0,0.0,0.0,0.0,0.0,0.0,0.0,0.0,0.0,0.0,0.0,0.0,0.0,57911.0,17.0,47208.0,49135.0,17.0,47225.0
41.82554127300682,0.0,0.0,0.0,0.0,0.0,0.0,0.0,0.0,0.0,0.0,0.0,0.0,0.0,57913.0,17.0,47248.0,49136.0,17.0,47251.0
41.83199832899845,0.0,0.0,0.0,0.0,0.0,0.0,0.0,0.0,0.0,0.0,0.0,0.0,0.0,57913.0,17.0,47248.0,49137.0,17.0,47258.0
42.28388291200099,0.0,0.0,0.0,0.0,0.0,0.0,0.0,0.0,0.0,0.0,0.0,0.0,0.0,57933.0,17.0,47648.0,49156.0,17.0,47651.0
42.28416264000407,0.0,0.0,0.0,0.0,0.0,0.0,0.0,0.0,0.0,0.0,0.0,0.0,0.0,57933.0,17.0,47648.0,49157.0,17.0,47658.0
42.28423605799617,0.0,0.0,0.0,0.0,0.0,0.0,0.0,0.0,0.0,0.0,0.0,0.0,0.0,57935.0,17.0,47688.0,49158.0,17.0,47691.0
42.28429668300669,0.0,0.0,0.0,0.0,0.0,0.0,0.0,0.0,0.0,0.0,0.0,0.0,0.0,57935.0,17.0,47688.0,49159.0,17.0,47698.0
42.30911408699467,0.0,0.0,0.0,0.0,0.0,0.0,0.0,0.0,0.0,0.0,0.0,0.0,0.0,57937.0,17.0,47728.0,49160.0,17.0,47731.0
42.316022254002746,0.0,0.0,0.0,0.0,0.0,0.0,0.0,0.0,0.0,0.0,0.0,0.0,0.0,57937.0,17.0,47728.0,49161.0,17.0,47743.0
42.34078226999554,0.0,0.0,0.0,0.0,0.0,0.0,0.0,0.0,0.0,0.0,0.0,0.0,0.0,57938.0,17.0,47748.0,49162.0,17.0,47761.0
42.354914259005454,0.0,0.0,0.0,0.0,0.0,0.0,0.0,0.0,0.0,0.0,0.0,0.0,0.0,57939.0,17.0,47768.0,49163.0,17.0,47781.0
42.37508164800238,0.0,0.0,0.0,0.0,0.0,0.0,0.0,0.0,0.0,0.0,0.0,0.0,0.0,57940.0,17.0,47788.0,49164.0,17.0,47801.0
42.782879035003134,0.0,0.0,0.0,0.0,0.0,0.0,0.0,0.0,0.0,0.0,0.0,0.0,0.0,57957.0,17.0,48128.0,49181.0,17.0,48143.0
42.78305981600715,0.0,0.0,0.0,0.0,0.0,0.0,0.0,0.0,0.0,0.0,0.0,0.0,0.0,57958.0,17.0,48148.0,49182.0,17.0,48161.0
42.7831288370071,0.0,0.0,0.0,0.0,0.0,0.0,0.0,0.0,0.0,0.0,0.0,0.0,0.0,57959.0,17.0,48168.0,49183.0,17.0,48181.0
42.783190422996995,0.0,0.0,0.0,0.0,0.0,0.0,0.0,0.0,0.0,0.0,0.0,0.0,0.0,57960.0,17.0,48188.0,49184.0,17.0,48201.0
42.82430846900388,0.0,0.0,0.0,0.0,0.0,0.0,0.0,0.0,0.0,0.0,0.0,0.0,0.0,57963.0,17.0,48248.0,49186.0,17.0,48251.0
42.83239985900582,0.0,0.0,0.0,0.0,0.0,0.0,0.0,0.0,0.0,0.0,0.0,0.0,0.0,57963.0,17.0,48248.0,49187.0,17.0,48258.0
42.8660204159969,0.0,0.0,0.0,0.0,0.0,0.0,0.0,0.0,0.0,0.0,0.0,0.0,0.0,57965.0,17.0,48287.0,49188.0,17.0,48291.0
42.873921496997355,0.0,0.0,0.0,0.0,0.0,0.0,0.0,0.0,0.0,0.0,0.0,0.0,0.0,57965.0,17.0,48287.0,49189.0,17.0,48298.0
43.294021223002346,0.0,0.0,0.0,0.0,0.0,0.0,0.0,0.0,0.0,0.0,0.0,0.0,0.0,57983.0,17.0,48648.0,49206.0,17.0,48651.0
43.294182127006934,0.0,0.0,0.0,0.0,0.0,0.0,0.0,0.0,0.0,0.0,0.0,0.0,0.0,57983.0,17.0,48648.0,49207.0,17.0,48658.0
43.29425055600586,0.0,0.0,0.0,0.0,0.0,0.0,0.0,0.0,0.0,0.0,0.0,0.0,0.0,57985.0,17.0,48688.0,49208.0,17.0,48691.0
43.29431138999644,0.0,0.0,0.0,0.0,0.0,0.0,0.0,0.0,0.0,0.0,0.0,0.0,0.0,57985.0,17.0,48688.0,49209.0,17.0,48698.0
43.30428462200507,0.0,0.0,0.0,0.0,0.0,0.0,0.0,0.0,0.0,0.0,0.0,0.0,0.0,57987.0,17.0,48728.0,49210.0,17.0,48731.0
43.317778135999106,0.0,0.0,0.0,0.0,0.0,0.0,0.0,0.0,0.0,0.0,0.0,0.0,0.0,57987.0,17.0,48728.0,49211.0,17.0,48743.0
43.33482323300268,0.0,0.0,0.0,0.0,0.0,0.0,0.0,0.0,0.0,0.0,0.0,0.0,0.0,57988.0,17.0,48748.0,49212.0,17.0,48761.0
43.35449982600403,0.0,0.0,0.0,0.0,0.0,0.0,0.0,0.0,0.0,0.0,0.0,0.0,0.0,57989.0,17.0,48768.0,49213.0,17.0,48781.0
43.374544022997725,0.0,0.0,0.0,0.0,0.0,0.0,0.0,0.0,0.0,0.0,0.0,0.0,0.0,57990.0,17.0,48788.0,49214.0,17.0,48801.0
43.39489944699744,0.0,0.0,0.0,0.0,0.0,0.0,0.0,0.0,0.0,0.0,0.0,0.0,0.0,57991.0,17.0,48808.0,49215.0,17.0,48821.0
43.80307728800108,0.0,0.0,0.0,0.0,0.0,0.0,0.0,0.0,0.0,0.0,0.0,0.0,0.0,58007.0,17.0,49128.0,49231.0,17.0,49143.0
43.803268517993274,0.0,0.0,0.0,0.0,0.0,0.0,0.0,0.0,0.0,0.0,0.0,0.0,0.0,58008.0,17.0,49148.0,49232.0,17.0,49161.0
43.80334051400132,0.0,0.0,0.0,0.0,0.0,0.0,0.0,0.0,0.0,0.0,0.0,0.0,0.0,58009.0,17.0,49168.0,49233.0,17.0,49181.0
43.80341080699873,0.0,0.0,0.0,0.0,0.0,0.0,0.0,0.0,0.0,0.0,0.0,0.0,0.0,58010.0,17.0,49188.0,49234.0,17.0,49201.0
43.819763327002875,0.0,0.0,0.0,0.0,0.0,0.0,0.0,0.0,0.0,0.0,0.0,0.0,0.0,58012.0,17.0,49228.0,49235.0,17.0,49245.0
43.84471262000443,0.0,0.0,0.0,0.0,0.0,0.0,0.0,0.0,0.0,0.0,0.0,0.0,0.0,58014.0,17.0,49268.0,49236.0,17.0,49271.0
43.85294697000063,0.0,0.0,0.0,0.0,0.0,0.0,0.0,0.0,0.0,0.0,0.0,0.0,0.0,58014.0,17.0,49268.0,49237.0,17.0,49278.0
43.88578592300473,0.0,0.0,0.0,0.0,0.0,0.0,0.0,0.0,0.0,0.0,0.0,0.0,0.0,58016.0,17.0,49308.0,49238.0,17.0,49311.0
43.89194759099337,0.0,0.0,0.0,0.0,0.0,0.0,0.0,0.0,0.0,0.0,0.0,0.0,0.0,58016.0,17.0,49308.0,49239.0,17.0,49318.0
44.31183858899749,0.0,0.0,0.0,0.0,0.0,0.0,0.0,0.0,0.0,0.0,0.0,0.0,0.0,58018.0,17.0,49347.0,49240.0,17.0,49351.0
44.313593290004064,0.0,0.0,0.0,0.0,0.0,0.0,0.0,0.0,0.0,0.0,0.0,0.0,0.0,58034.0,17.0,49668.0,49256.0,17.0,49671.0
44.313682128005894,0.0,0.0,0.0,0.0,0.0,0.0,0.0,0.0,0.0,0.0,0.0,0.0,0.0,58034.0,17.0,49668.0,49257.0,17.0,49679.0
44.31374577799579,0.0,0.0,0.0,0.0,0.0,0.0,0.0,0.0,0.0,0.0,0.0,0.0,0.0,58036.0,17.0,49708.0,49258.0,17.0,49711.0
44.313801473006606,0.0,0.0,0.0,0.0,0.0,0.0,0.0,0.0,0.0,0.0,0.0,0.0,0.0,58036.0,17.0,49708.0,49259.0,17.0,49718.0
44.32445690200257,0.0,0.0,0.0,0.0,0.0,0.0,0.0,0.0,0.0,0.0,0.0,0.0,0.0,58038.0,17.0,49748.0,49260.0,17.0,49751.0
44.337206843003514,0.0,0.0,0.0,0.0,0.0,0.0,0.0,0.0,0.0,0.0,0.0,0.0,0.0,58038.0,17.0,49748.0,49261.0,17.0,49762.0
44.355293896995136,0.0,0.0,0.0,0.0,0.0,0.0,0.0,0.0,0.0,0.0,0.0,0.0,0.0,58039.0,17.0,49768.0,49262.0,17.0,49781.0
44.374555376998615,0.0,0.0,0.0,0.0,0.0,0.0,0.0,0.0,0.0,0.0,0.0,0.0,0.0,58040.0,17.0,49788.0,49263.0,17.0,49801.0
44.396142776007764,0.0,0.0,0.0,0.0,0.0,0.0,0.0,0.0,0.0,0.0,0.0,0.0,0.0,58041.0,17.0,49808.0,49264.0,17.0,49821.0
44.82156327199482,0.0,0.0,0.0,0.0,0.0,0.0,0.0,0.0,0.0,0.0,0.0,0.0,0.0,58059.0,17.0,50168.0,49281.0,17.0,50171.0
44.82177469099406,0.0,0.0,0.0,0.0,0.0,0.0,0.0,0.0,0.0,0.0,0.0,0.0,0.0,58059.0,17.0,50168.0,49282.0,17.0,50179.0
44.830031973993755,0.0,0.0,0.0,0.0,0.0,0.0,0.0,0.0,0.0,0.0,0.0,0.0,0.0,58061.0,17.0,50208.0,49283.0,17.0,50211.0
44.83009461199981,0.0,0.0,0.0,0.0,0.0,0.0,0.0,0.0,0.0,0.0,0.0,0.0,0.0,58061.0,17.0,50208.0,49284.0,17.0,50218.0
44.83015196099586,0.0,0.0,0.0,0.0,0.0,0.0,0.0,0.0,0.0,0.0,0.0,0.0,0.0,58063.0,17.0,50248.0,49285.0,17.0,50251.0
44.83560470100201,0.0,0.0,0.0,0.0,0.0,0.0,0.0,0.0,0.0,0.0,0.0,0.0,0.0,58063.0,17.0,50248.0,49286.0,17.0,50262.0
44.855019751004875,0.0,0.0,0.0,0.0,0.0,0.0,0.0,0.0,0.0,0.0,0.0,0.0,0.0,58064.0,17.0,50268.0,49287.0,17.0,50281.0
44.874792435002746,0.0,0.0,0.0,0.0,0.0,0.0,0.0,0.0,0.0,0.0,0.0,0.0,0.0,58065.0,17.0,50288.0,49288.0,17.0,50301.0
44.89608893600234,0.0,0.0,0.0,0.0,0.0,0.0,0.0,0.0,0.0,0.0,0.0,0.0,0.0,58066.0,17.0,50308.0,49289.0,17.0,50321.0
44.91344515999663,0.0,0.0,0.0,0.0,0.0,0.0,0.0,0.0,0.0,0.0,0.0,0.0,0.0,58067.0,17.0,50328.0,49290.0,17.0,50341.0
45.34518578600546,0.0,0.0,0.0,0.0,0.0,0.0,0.0,0.0,0.0,0.0,0.0,0.0,0.0,58089.0,17.0,50768.0,49311.0,17.0,50771.0
45.35248659399804,0.0,0.0,0.0,0.0,0.0,0.0,0.0,0.0,0.0,0.0,0.0,0.0,0.0,58089.0,17.0,50768.0,49312.0,17.0,50778.0
45.38473924099526,0.0,0.0,0.0,0.0,0.0,0.0,0.0,0.0,0.0,0.0,0.0,0.0,0.0,58091.0,17.0,50807.0,49313.0,17.0,50811.0
45.39206283200474,0.0,0.0,0.0,0.0,0.0,0.0,0.0,0.0,0.0,0.0,0.0,0.0,0.0,58091.0,17.0,50807.0,49314.0,17.0,50818.0
45.42582743300591,0.0,0.0,0.0,0.0,0.0,0.0,0.0,0.0,0.0,0.0,0.0,0.0,0.0,58093.0,17.0,50847.0,49315.0,17.0,50851.0
45.84730875999958,0.0,0.0,0.0,0.0,0.0,0.0,0.0,0.0,0.0,0.0,0.0,0.0,0.0,58109.0,17.0,51168.0,49331.0,17.0,51171.0
45.84747071600577,0.0,0.0,0.0,0.0,0.0,0.0,0.0,0.0,0.0,0.0,0.0,0.0,0.0,58109.0,17.0,51168.0,49332.0,17.0,51178.0
45.847544445001404,0.0,0.0,0.0,0.0,0.0,0.0,0.0,0.0,0.0,0.0,0.0,0.0,0.0,58111.0,17.0,51207.0,49333.0,17.0,51211.0
45.85633935200167,0.0,0.0,0.0,0.0,0.0,0.0,0.0,0.0,0.0,0.0,0.0,0.0,0.0,58114.0,17.0,51268.0,49334.0,17.0,51283.0
45.87478376099898,0.0,0.0,0.0,0.0,0.0,0.0,0.0,0.0,0.0,0.0,0.0,0.0,0.0,58115.0,17.0,51288.0,49335.0,17.0,51301.0
45.903798617000575,0.0,0.0,0.0,0.0,0.0,0.0,0.0,0.0,0.0,0.0,0.0,0.0,0.0,58117.0,17.0,51328.0,49336.0,17.0,51331.0
45.92187204500078,0.0,0.0,0.0,0.0,0.0,0.0,0.0,0.0,0.0,0.0,0.0,0.0,0.0,58117.0,17.0,51328.0,49337.0,17.0,51338.0
45.94616928900359,0.0,0.0,0.0,0.0,0.0,0.0,0.0,0.0,0.0,0.0,0.0,0.0,0.0,58119.0,17.0,51368.0,49338.0,17.0,51371.0
46.36116989000584,0.0,0.0,0.0,0.0,0.0,0.0,0.0,0.0,0.0,0.0,0.0,0.0,0.0,58136.0,17.0,51708.0,49356.0,17.0,51721.0
46.36133832699852,0.0,0.0,0.0,0.0,0.0,0.0,0.0,0.0,0.0,0.0,0.0,0.0,0.0,58137.0,17.0,51728.0,49357.0,17.0,51741.0
46.361414170998614,0.0,0.0,0.0,0.0,0.0,0.0,0.0,0.0,0.0,0.0,0.0,0.0,0.0,58138.0,17.0,51748.0,49358.0,17.0,51761.0
46.361483642001986,0.0,0.0,0.0,0.0,0.0,0.0,0.0,0.0,0.0,0.0,0.0,0.0,0.0,58139.0,17.0,51768.0,49359.0,17.0,51781.0
46.37715807299537,0.0,0.0,0.0,0.0,0.0,0.0,0.0,0.0,0.0,0.0,0.0,0.0,0.0,58140.0,17.0,51788.0,49360.0,17.0,51801.0
46.405724923999514,0.0,0.0,0.0,0.0,0.0,0.0,0.0,0.0,0.0,0.0,0.0,0.0,0.0,58142.0,17.0,51828.0,49361.0,17.0,51831.0
46.412034491993836,0.0,0.0,0.0,0.0,0.0,0.0,0.0,0.0,0.0,0.0,0.0,0.0,0.0,58142.0,17.0,51828.0,49362.0,17.0,51838.0
46.44458749600744,0.0,0.0,0.0,0.0,0.0,0.0,0.0,0.0,0.0,0.0,0.0,0.0,0.0,58144.0,17.0,51868.0,49363.0,17.0,51871.0
46.45218133699382,0.0,0.0,0.0,0.0,0.0,0.0,0.0,0.0,0.0,0.0,0.0,0.0,0.0,58144.0,17.0,51868.0,49364.0,17.0,51878.0
46.48522395499458,0.0,0.0,0.0,0.0,0.0,0.0,0.0,0.0,0.0,0.0,0.0,0.0,0.0,58146.0,17.0,51907.0,49365.0,17.0,51911.0
46.50742282900319,0.0,0.0,0.0,0.0,0.0,0.0,0.0,0.0,0.0,0.0,0.0,0.0,0.0,58146.0,17.0,51907.0,49366.0,17.0,51923.0
46.51454498000385,0.0,0.0,0.0,0.0,0.0,0.0,0.0,0.0,0.0,0.0,0.0,0.0,0.0,58147.0,17.0,51928.0,49367.0,17.0,51941.0
46.5383073349949,0.0,0.0,0.0,0.0,0.0,0.0,0.0,0.0,0.0,0.0,0.0,0.0,0.0,58148.0,17.0,51948.0,49368.0,17.0,51961.0
46.570569789997535,0.0,0.0,0.0,0.0,0.0,0.0,0.0,0.0,0.0,0.0,0.0,0.0,0.0,58149.0,17.0,51968.0,49369.0,17.0,51981.0
46.57448093200219,0.0,0.0,0.0,0.0,0.0,0.0,0.0,0.0,0.0,0.0,0.0,0.0,0.0,58150.0,17.0,51988.0,49370.0,17.0,52001.0
46.60606517799897,0.0,0.0,0.0,0.0,0.0,0.0,0.0,0.0,0.0,0.0,0.0,0.0,0.0,58152.0,17.0,52028.0,49371.0,17.0,52031.0
46.684061373001896,0.0,0.0,0.0,0.0,0.0,0.0,0.0,0.0,0.0,0.0,0.0,0.0,0.0,58152.0,17.0,52028.0,49372.0,17.0,52038.0
46.68443741199735,0.0,0.0,0.0,0.0,0.0,0.0,0.0,0.0,0.0,0.0,0.0,0.0,0.0,58154.0,17.0,52067.0,49373.0,17.0,52071.0
46.6847165490035,0.0,0.0,0.0,0.0,0.0,0.0,0.0,0.0,0.0,0.0,0.0,0.0,0.0,58154.0,17.0,52067.0,49374.0,17.0,52078.0
46.72219990800659,0.0,0.0,0.0,0.0,0.0,0.0,0.0,0.0,0.0,0.0,0.0,0.0,0.0,58156.0,17.0,52108.0,49376.0,17.0,52124.0
46.722300056993845,0.0,0.0,0.0,0.0,0.0,0.0,0.0,0.0,0.0,0.0,0.0,0.0,0.0,58157.0,17.0,52128.0,49377.0,17.0,52141.0
46.73408310400555,0.0,0.0,0.0,0.0,0.0,0.0,0.0,0.0,0.0,0.0,0.0,0.0,0.0,58158.0,17.0,52148.0,49378.0,17.0,52161.0
46.75657622299332,0.0,0.0,0.0,0.0,0.0,0.0,0.0,0.0,0.0,0.0,0.0,0.0,0.0,58159.0,17.0,52168.0,49379.0,17.0,52181.0
46.774900554999476,0.0,0.0,0.0,0.0,0.0,0.0,0.0,0.0,0.0,0.0,0.0,0.0,0.0,58160.0,17.0,52188.0,49380.0,17.0,52201.0
46.80579771399789,0.0,0.0,0.0,0.0,0.0,0.0,0.0,0.0,0.0,0.0,0.0,0.0,0.0,58162.0,17.0,52228.0,49381.0,17.0,52231.0
46.81122175100609,0.0,0.0,0.0,0.0,0.0,0.0,0.0,0.0,0.0,0.0,0.0,0.0,0.0,58162.0,17.0,52228.0,49382.0,17.0,52238.0
46.942222967001726,0.0,0.0,0.0,0.0,0.0,0.0,0.0,0.0,0.0,0.0,0.0,0.0,0.0,58166.0,17.0,52308.0,49386.0,17.0,52323.0
46.94234028899518,0.0,0.0,0.0,0.0,0.0,0.0,0.0,0.0,0.0,0.0,0.0,0.0,0.0,58167.0,17.0,52328.0,49387.0,17.0,52341.0
46.94240739500674,0.0,0.0,0.0,0.0,0.0,0.0,0.0,0.0,0.0,0.0,0.0,0.0,0.0,58168.0,17.0,52348.0,49388.0,17.0,52361.0
46.955352204997325,0.0,0.0,0.0,0.0,0.0,0.0,0.0,0.0,0.0,0.0,0.0,0.0,0.0,58169.0,17.0,52368.0,49389.0,17.0,52381.0
46.97510760699515,0.0,0.0,0.0,0.0,0.0,0.0,0.0,0.0,0.0,0.0,0.0,0.0,0.0,58170.0,17.0,52388.0,49390.0,17.0,52401.0
47.005060675001005,0.0,0.0,0.0,0.0,0.0,0.0,0.0,0.0,0.0,0.0,0.0,0.0,0.0,58172.0,17.0,52428.0,49391.0,17.0,52431.0
47.02323592599714,0.0,0.0,0.0,0.0,0.0,0.0,0.0,0.0,0.0,0.0,0.0,0.0,0.0,58172.0,17.0,52428.0,49392.0,17.0,52438.0
47.04482549900422,0.0,0.0,0.0,0.0,0.0,0.0,0.0,0.0,0.0,0.0,0.0,0.0,0.0,58174.0,17.0,52468.0,49393.0,17.0,52471.0
47.12558187400282,0.0,0.0,0.0,0.0,0.0,0.0,0.0,0.0,0.0,0.0,0.0,0.0,0.0,58176.0,17.0,52508.0,49396.0,17.0,52523.0
47.12595949700335,0.0,0.0,0.0,0.0,0.0,0.0,0.0,0.0,0.0,0.0,0.0,0.0,0.0,58177.0,17.0,52528.0,49397.0,17.0,52541.0
47.16175311700499,0.0,0.0,0.0,0.0,0.0,0.0,0.0,0.0,0.0,0.0,0.0,0.0,0.0,58178.0,17.0,52548.0,49398.0,17.0,52561.0
47.161842415996944,0.0,0.0,0.0,0.0,0.0,0.0,0.0,0.0,0.0,0.0,0.0,0.0,0.0,58179.0,17.0,52568.0,49399.0,17.0,52581.0
47.18770982300339,0.0,0.0,0.0,0.0,0.0,0.0,0.0,0.0,0.0,0.0,0.0,0.0,0.0,58181.0,17.0,52608.0,49400.0,17.0,52613.0
47.20450755399361,0.0,0.0,0.0,0.0,0.0,0.0,0.0,0.0,0.0,0.0,0.0,0.0,0.0,58181.0,17.0,52608.0,49401.0,17.0,52624.0
47.21539248700719,0.0,0.0,0.0,0.0,0.0,0.0,0.0,0.0,0.0,0.0,0.0,0.0,0.0,58182.0,17.0,52628.0,49402.0,17.0,52641.0
47.234826813000836,0.0,0.0,0.0,0.0,0.0,0.0,0.0,0.0,0.0,0.0,0.0,0.0,0.0,58183.0,17.0,52648.0,49403.0,17.0,52661.0
47.255192768003326,0.0,0.0,0.0,0.0,0.0,0.0,0.0,0.0,0.0,0.0,0.0,0.0,0.0,58184.0,17.0,52668.0,49404.0,17.0,52681.0
47.37837987000239,0.0,0.0,0.0,0.0,0.0,0.0,0.0,0.0,0.0,0.0,0.0,0.0,0.0,58187.0,17.0,52728.0,49406.0,17.0,52731.0
47.37850548699498,0.0,0.0,0.0,0.0,0.0,0.0,0.0,0.0,0.0,0.0,0.0,0.0,0.0,58189.0,17.0,52769.0,49407.0,17.0,52771.0
47.378581380005926,0.0,0.0,0.0,0.0,0.0,0.0,0.0,0.0,0.0,0.0,0.0,0.0,0.0,58190.0,17.0,52788.0,49408.0,17.0,52791.0
47.3786407019943,0.0,0.0,0.0,0.0,0.0,0.0,0.0,0.0,0.0,0.0,0.0,0.0,0.0,58190.0,17.0,52788.0,49409.0,17.0,52798.0
47.40664421100519,0.0,0.0,0.0,0.0,0.0,0.0,0.0,0.0,0.0,0.0,0.0,0.0,0.0,58192.0,17.0,52828.0,49410.0,17.0,52831.0
47.41652426699875,0.0,0.0,0.0,0.0,0.0,0.0,0.0,0.0,0.0,0.0,0.0,0.0,0.0,58192.0,17.0,52828.0,49411.0,17.0,52843.0
47.434145562001504,0.0,0.0,0.0,0.0,0.0,0.0,0.0,0.0,0.0,0.0,0.0,0.0,0.0,58193.0,17.0,52848.0,49412.0,17.0,52861.0
47.45452802799991,0.0,0.0,0.0,0.0,0.0,0.0,0.0,0.0,0.0,0.0,0.0,0.0,0.0,58194.0,17.0,52868.0,49413.0,17.0,52881.0
47.47517165700265,0.0,0.0,0.0,0.0,0.0,0.0,0.0,0.0,0.0,0.0,0.0,0.0,0.0,58195.0,17.0,52888.0,49414.0,17.0,52901.0
47.602464607,0.0,0.0,0.0,0.0,0.0,0.0,0.0,0.0,0.0,0.0,0.0,0.0,0.0,58198.0,17.0,52948.0,49416.0,17.0,52951.0
47.60267413199472,0.0,0.0,0.0,0.0,0.0,0.0,0.0,0.0,0.0,0.0,0.0,0.0,0.0,58198.0,17.0,52948.0,49417.0,17.0,52958.0
47.60274138899695,0.0,0.0,0.0,0.0,0.0,0.0,0.0,0.0,0.0,0.0,0.0,0.0,0.0,58200.0,17.0,52988.0,49418.0,17.0,52991.0
47.60279956899467,0.0,0.0,0.0,0.0,0.0,0.0,0.0,0.0,0.0,0.0,0.0,0.0,0.0,58200.0,17.0,52988.0,49419.0,17.0,52998.0
47.60695644399675,0.0,0.0,0.0,0.0,0.0,0.0,0.0,0.0,0.0,0.0,0.0,0.0,0.0,58202.0,17.0,53028.0,49420.0,17.0,53031.0
47.61720228999911,0.0,0.0,0.0,0.0,0.0,0.0,0.0,0.0,0.0,0.0,0.0,0.0,0.0,58202.0,17.0,53028.0,49421.0,17.0,53043.0
47.63544135099801,0.0,0.0,0.0,0.0,0.0,0.0,0.0,0.0,0.0,0.0,0.0,0.0,0.0,58203.0,17.0,53048.0,49422.0,17.0,53061.0
47.65551610699913,0.0,0.0,0.0,0.0,0.0,0.0,0.0,0.0,0.0,0.0,0.0,0.0,0.0,58204.0,17.0,53068.0,49423.0,17.0,53081.0
47.67467947199475,0.0,0.0,0.0,0.0,0.0,0.0,0.0,0.0,0.0,0.0,0.0,0.0,0.0,58205.0,17.0,53088.0,49424.0,17.0,53101.0
47.695545791997574,0.0,0.0,0.0,0.0,0.0,0.0,0.0,0.0,0.0,0.0,0.0,0.0,0.0,58206.0,17.0,53108.0,49425.0,17.0,53121.0
47.85649306399864,0.0,0.0,0.0,0.0,0.0,0.0,0.0,0.0,0.0,0.0,0.0,0.0,0.0,58214.0,17.0,53268.0,49431.0,17.0,53282.0
47.87429458000406,0.0,0.0,0.0,0.0,0.0,0.0,0.0,0.0,0.0,0.0,0.0,0.0,0.0,58215.0,17.0,53288.0,49432.0,17.0,53301.0
47.894953919007094,0.0,0.0,0.0,0.0,0.0,0.0,0.0,0.0,0.0,0.0,0.0,0.0,0.0,58216.0,17.0,53308.0,49433.0,17.0,53321.0
47.914100402005715,0.0,0.0,0.0,0.0,0.0,0.0,0.0,0.0,0.0,0.0,0.0,0.0,0.0,58217.0,17.0,53328.0,49434.0,17.0,53341.0
48.04226376400038,0.0,0.0,0.0,0.0,0.0,0.0,0.0,0.0,0.0,0.0,0.0,0.0,0.0,58220.0,17.0,53388.0,49436.0,17.0,53391.0
48.04251841499354,0.0,0.0,0.0,0.0,0.0,0.0,0.0,0.0,0.0,0.0,0.0,0.0,0.0,58220.0,17.0,53388.0,49437.0,17.0,53398.0
48.04259107199323,0.0,0.0,0.0,0.0,0.0,0.0,0.0,0.0,0.0,0.0,0.0,0.0,0.0,58222.0,17.0,53428.0,49438.0,17.0,53431.0
48.04265816899715,0.0,0.0,0.0,0.0,0.0,0.0,0.0,0.0,0.0,0.0,0.0,0.0,0.0,58222.0,17.0,53428.0,49439.0,17.0,53438.0
48.05663266200281,0.0,0.0,0.0,0.0,0.0,0.0,0.0,0.0,0.0,0.0,0.0,0.0,0.0,58224.0,17.0,53467.0,49441.0,17.0,53482.0
48.074221194998245,0.0,0.0,0.0,0.0,0.0,0.0,0.0,0.0,0.0,0.0,0.0,0.0,0.0,58225.0,17.0,53488.0,49442.0,17.0,53501.0
48.097516940004425,0.0,0.0,0.0,0.0,0.0,0.0,0.0,0.0,0.0,0.0,0.0,0.0,0.0,58226.0,17.0,53508.0,49443.0,17.0,53521.0
48.114219511000556,0.0,0.0,0.0,0.0,0.0,0.0,0.0,0.0,0.0,0.0,0.0,0.0,0.0,58227.0,17.0,53528.0,49444.0,17.0,53541.0
48.136785819006036,0.0,0.0,0.0,0.0,0.0,0.0,0.0,0.0,0.0,0.0,0.0,0.0,0.0,58228.0,17.0,53548.0,49445.0,17.0,53561.0
48.17310914999689,0.0,0.0,0.0,0.0,0.0,0.0,0.0,0.0,0.0,0.0,0.0,0.0,0.0,58230.0,17.0,53588.0,49446.0,17.0,53591.0
48.17346937999537,0.0,0.0,0.0,0.0,0.0,0.0,0.0,0.0,0.0,0.0,0.0,0.0,0.0,58230.0,17.0,53588.0,49447.0,17.0,53598.0
48.26086581700656,0.0,0.0,0.0,0.0,0.0,0.0,0.0,0.0,0.0,0.0,0.0,0.0,0.0,58234.0,17.0,53668.0,49451.0,17.0,53683.0
48.28087178300484,0.0,0.0,0.0,0.0,0.0,0.0,0.0,0.0,0.0,0.0,0.0,0.0,0.0,58235.0,17.0,53688.0,49452.0,17.0,53701.0
48.30760047599324,0.0,0.0,0.0,0.0,0.0,0.0,0.0,0.0,0.0,0.0,0.0,0.0,0.0,58236.0,17.0,53708.0,49453.0,17.0,53721.0
48.31425808099448,0.0,0.0,0.0,0.0,0.0,0.0,0.0,0.0,0.0,0.0,0.0,0.0,0.0,58237.0,17.0,53728.0,49454.0,17.0,53741.0
48.335595580007066,0.0,0.0,0.0,0.0,0.0,0.0,0.0,0.0,0.0,0.0,0.0,0.0,0.0,58238.0,17.0,53748.0,49455.0,17.0,53761.0
48.36791445300332,0.0,0.0,0.0,0.0,0.0,0.0,0.0,0.0,0.0,0.0,0.0,0.0,0.0,58240.0,17.0,53788.0,49456.0,17.0,53791.0
48.40411401000165,0.0,0.0,0.0,0.0,0.0,0.0,0.0,0.0,0.0,0.0,0.0,0.0,0.0,58240.0,17.0,53788.0,49457.0,17.0,53798.0
48.48319822999474,0.0,0.0,0.0,0.0,0.0,0.0,0.0,0.0,0.0,0.0,0.0,0.0,0.0,58242.0,17.0,53828.0,49458.0,17.0,53831.0
48.483372810005676,0.0,0.0,0.0,0.0,0.0,0.0,0.0,0.0,0.0,0.0,0.0,0.0,0.0,58244.0,17.0,53868.0,49461.0,17.0,53883.0
48.48344407399418,0.0,0.0,0.0,0.0,0.0,0.0,0.0,0.0,0.0,0.0,0.0,0.0,0.0,58245.0,17.0,53888.0,49462.0,17.0,53901.0
48.49526945099933,0.0,0.0,0.0,0.0,0.0,0.0,0.0,0.0,0.0,0.0,0.0,0.0,0.0,58246.0,17.0,53908.0,49463.0,17.0,53921.0
48.51507548999507,0.0,0.0,0.0,0.0,0.0,0.0,0.0,0.0,0.0,0.0,0.0,0.0,0.0,58247.0,17.0,53928.0,49464.0,17.0,53940.0
48.546390097995754,0.0,0.0,0.0,0.0,0.0,0.0,0.0,0.0,0.0,0.0,0.0,0.0,0.0,58249.0,17.0,53968.0,49465.0,17.0,53971.0
48.55616986499808,0.0,0.0,0.0,0.0,0.0,0.0,0.0,0.0,0.0,0.0,0.0,0.0,0.0,58249.0,17.0,53968.0,49466.0,17.0,53983.0
48.57633207499748,0.0,0.0,0.0,0.0,0.0,0.0,0.0,0.0,0.0,0.0,0.0,0.0,0.0,58250.0,17.0,53988.0,49467.0,17.0,54001.0
48.68132426000375,0.0,0.0,0.0,0.0,0.0,0.0,0.0,0.0,0.0,0.0,0.0,0.0,0.0,58255.0,17.0,54088.0,49471.0,17.0,54091.0
48.681621080002515,0.0,0.0,0.0,0.0,0.0,0.0,0.0,0.0,0.0,0.0,0.0,0.0,0.0,58255.0,17.0,54088.0,49472.0,17.0,54098.0
48.7048859570059,0.0,0.0,0.0,0.0,0.0,0.0,0.0,0.0,0.0,0.0,0.0,0.0,0.0,58257.0,17.0,54128.0,49473.0,17.0,54131.0
48.712457405999885,0.0,0.0,0.0,0.0,0.0,0.0,0.0,0.0,0.0,0.0,0.0,0.0,0.0,58257.0,17.0,54128.0,49474.0,17.0,54138.0
48.74593296200328,0.0,0.0,0.0,0.0,0.0,0.0,0.0,0.0,0.0,0.0,0.0,0.0,0.0,58259.0,17.0,54168.0,49475.0,17.0,54171.0
48.75631936300488,0.0,0.0,0.0,0.0,0.0,0.0,0.0,0.0,0.0,0.0,0.0,0.0,0.0,58259.0,17.0,54168.0,49476.0,17.0,54183.0
48.77470881899353,0.0,0.0,0.0,0.0,0.0,0.0,0.0,0.0,0.0,0.0,0.0,0.0,0.0,58260.0,17.0,54188.0,49477.0,17.0,54201.0
48.79502573100035,0.0,0.0,0.0,0.0,0.0,0.0,0.0,0.0,0.0,0.0,0.0,0.0,0.0,58261.0,17.0,54208.0,49478.0,17.0,54221.0
48.93687483400572,0.0,0.0,0.0,0.0,0.0,0.0,0.0,0.0,0.0,0.0,0.0,0.0,0.0,58265.0,17.0,54288.0,49481.0,17.0,54291.0
48.93699716399715,0.0,0.0,0.0,0.0,0.0,0.0,0.0,0.0,0.0,0.0,0.0,0.0,0.0,58265.0,17.0,54288.0,49482.0,17.0,54298.0
48.93707026200718,0.0,0.0,0.0,0.0,0.0,0.0,0.0,0.0,0.0,0.0,0.0,0.0,0.0,58267.0,17.0,54327.0,49483.0,17.0,54331.0
48.93713187900721,0.0,0.0,0.0,0.0,0.0,0.0,0.0,0.0,0.0,0.0,0.0,0.0,0.0,58267.0,17.0,54327.0,49484.0,17.0,54338.0
48.95666181600245,0.0,0.0,0.0,0.0,0.0,0.0,0.0,0.0,0.0,0.0,0.0,0.0,0.0,58269.0,17.0,54368.0,49486.0,17.0,54381.0
48.97681300599652,0.0,0.0,0.0,0.0,0.0,0.0,0.0,0.0,0.0,0.0,0.0,0.0,0.0,58270.0,17.0,54388.0,49487.0,17.0,54401.0
48.99486368200451,0.0,0.0,0.0,0.0,0.0,0.0,0.0,0.0,0.0,0.0,0.0,0.0,0.0,58271.0,17.0,54408.0,49488.0,17.0,54421.0
49.01694308100559,0.0,0.0,0.0,0.0,0.0,0.0,0.0,0.0,0.0,0.0,0.0,0.0,0.0,58272.0,17.0,54428.0,49489.0,17.0,54441.0
49.145289471998694,0.0,0.0,0.0,0.0,0.0,0.0,0.0,0.0,0.0,0.0,0.0,0.0,0.0,58275.0,17.0,54488.0,49491.0,17.0,54491.0
49.14542055899801,0.0,0.0,0.0,0.0,0.0,0.0,0.0,0.0,0.0,0.0,0.0,0.0,0.0,58275.0,17.0,54488.0,49492.0,17.0,54498.0
49.145490991999395,0.0,0.0,0.0,0.0,0.0,0.0,0.0,0.0,0.0,0.0,0.0,0.0,0.0,58277.0,17.0,54528.0,49493.0,17.0,54531.0
49.14556217599602,0.0,0.0,0.0,0.0,0.0,0.0,0.0,0.0,0.0,0.0,0.0,0.0,0.0,58277.0,17.0,54528.0,49494.0,17.0,54538.0
49.15577904800011,0.0,0.0,0.0,0.0,0.0,0.0,0.0,0.0,0.0,0.0,0.0,0.0,0.0,58279.0,17.0,54568.0,49496.0,17.0,54582.0
49.1747674740036,0.0,0.0,0.0,0.0,0.0,0.0,0.0,0.0,0.0,0.0,0.0,0.0,0.0,58280.0,17.0,54588.0,49497.0,17.0,54601.0
49.1960026799934,0.0,0.0,0.0,0.0,0.0,0.0,0.0,0.0,0.0,0.0,0.0,0.0,0.0,58281.0,17.0,54608.0,49498.0,17.0,54621.0
49.214525065995986,0.0,0.0,0.0,0.0,0.0,0.0,0.0,0.0,0.0,0.0,0.0,0.0,0.0,58282.0,17.0,54628.0,49499.0,17.0,54641.0
49.235172032000264,0.0,0.0,0.0,0.0,0.0,0.0,0.0,0.0,0.0,0.0,0.0,0.0,0.0,58283.0,17.0,54648.0,49500.0,17.0,54661.0
49.3145762780041,0.0,0.0,0.0,0.0,0.0,0.0,0.0,0.0,0.0,0.0,0.0,0.0,0.0,58285.0,17.0,54688.0,49501.0,17.0,54691.0
49.314746107993415,0.0,0.0,0.0,0.0,0.0,0.0,0.0,0.0,0.0,0.0,0.0,0.0,0.0,58285.0,17.0,54688.0,49502.0,17.0,54699.0
49.314826510002604,0.0,0.0,0.0,0.0,0.0,0.0,0.0,0.0,0.0,0.0,0.0,0.0,0.0,58287.0,17.0,54728.0,49503.0,17.0,54731.0
49.31489100199542,0.0,0.0,0.0,0.0,0.0,0.0,0.0,0.0,0.0,0.0,0.0,0.0,0.0,58287.0,17.0,54728.0,49504.0,17.0,54738.0
49.361188876995584,0.0,0.0,0.0,0.0,0.0,0.0,0.0,0.0,0.0,0.0,0.0,0.0,0.0,58289.0,17.0,54768.0,49506.0,17.0,54783.0
49.37436679699749,0.0,0.0,0.0,0.0,0.0,0.0,0.0,0.0,0.0,0.0,0.0,0.0,0.0,58290.0,17.0,54788.0,49507.0,17.0,54801.0
49.39534867499606,0.0,0.0,0.0,0.0,0.0,0.0,0.0,0.0,0.0,0.0,0.0,0.0,0.0,58291.0,17.0,54808.0,49508.0,17.0,54821.0
49.41482474100485,0.0,0.0,0.0,0.0,0.0,0.0,0.0,0.0,0.0,0.0,0.0,0.0,0.0,58292.0,17.0,54828.0,49509.0,17.0,54841.0
49.43440989300143,0.0,0.0,0.0,0.0,0.0,0.0,0.0,0.0,0.0,0.0,0.0,0.0,0.0,58293.0,17.0,54848.0,49510.0,17.0,54861.0
49.46862112800591,0.0,0.0,0.0,0.0,0.0,0.0,0.0,0.0,0.0,0.0,0.0,0.0,0.0,58295.0,17.0,54888.0,49511.0,17.0,54891.0
49.540218890993856,0.0,0.0,0.0,0.0,0.0,0.0,0.0,0.0,0.0,0.0,0.0,0.0,0.0,58295.0,17.0,54888.0,49512.0,17.0,54898.0
49.54035030900559,0.0,0.0,0.0,0.0,0.0,0.0,0.0,0.0,0.0,0.0,0.0,0.0,0.0,58297.0,17.0,54927.0,49513.0,17.0,54931.0
49.54041778600367,0.0,0.0,0.0,0.0,0.0,0.0,0.0,0.0,0.0,0.0,0.0,0.0,0.0,58297.0,17.0,54927.0,49514.0,17.0,54938.0
49.580834692998906,0.0,0.0,0.0,0.0,0.0,0.0,0.0,0.0,0.0,0.0,0.0,0.0,0.0,58299.0,17.0,54968.0,49516.0,17.0,54983.0
49.580946052999934,0.0,0.0,0.0,0.0,0.0,0.0,0.0,0.0,0.0,0.0,0.0,0.0,0.0,58300.0,17.0,54988.0,49517.0,17.0,55001.0
49.594624548000866,0.0,0.0,0.0,0.0,0.0,0.0,0.0,0.0,0.0,0.0,0.0,0.0,0.0,58301.0,17.0,55008.0,49518.0,17.0,55021.0
49.61470850100159,0.0,0.0,0.0,0.0,0.0,0.0,0.0,0.0,0.0,0.0,0.0,0.0,0.0,58302.0,17.0,55028.0,49519.0,17.0,55041.0
49.63394314100151,0.0,0.0,0.0,0.0,0.0,0.0,0.0,0.0,0.0,0.0,0.0,0.0,0.0,58303.0,17.0,55048.0,49520.0,17.0,55061.0
49.66453098799684,0.0,0.0,0.0,0.0,0.0,0.0,0.0,0.0,0.0,0.0,0.0,0.0,0.0,58305.0,17.0,55088.0,49521.0,17.0,55091.0
49.67299239699787,0.0,0.0,0.0,0.0,0.0,0.0,0.0,0.0,0.0,0.0,0.0,0.0,0.0,58305.0,17.0,55088.0,49522.0,17.0,55098.0
49.801420351999695,0.0,0.0,0.0,0.0,0.0,0.0,0.0,0.0,0.0,0.0,0.0,0.0,0.0,58309.0,17.0,55168.0,49526.0,17.0,55183.0
49.80157987300481,0.0,0.0,0.0,0.0,0.0,0.0,0.0,0.0,0.0,0.0,0.0,0.0,0.0,58310.0,17.0,55188.0,49527.0,17.0,55201.0
49.805522263006424,0.0,0.0,0.0,0.0,0.0,0.0,0.0,0.0,0.0,0.0,0.0,0.0,0.0,58312.0,17.0,55228.0,49528.0,17.0,55231.0
49.81107011399581,0.0,0.0,0.0,0.0,0.0,0.0,0.0,0.0,0.0,0.0,0.0,0.0,0.0,58312.0,17.0,55228.0,49529.0,17.0,55238.0
49.845176369999535,0.0,0.0,0.0,0.0,0.0,0.0,0.0,0.0,0.0,0.0,0.0,0.0,0.0,58314.0,17.0,55268.0,49530.0,17.0,55271.0
49.85795629900531,0.0,0.0,0.0,0.0,0.0,0.0,0.0,0.0,0.0,0.0,0.0,0.0,0.0,58314.0,17.0,55268.0,49531.0,17.0,55283.0
49.87426168199454,0.0,0.0,0.0,0.0,0.0,0.0,0.0,0.0,0.0,0.0,0.0,0.0,0.0,58315.0,17.0,55288.0,49532.0,17.0,55301.0
49.894573305005906,0.0,0.0,0.0,0.0,0.0,0.0,0.0,0.0,0.0,0.0,0.0,0.0,0.0,58316.0,17.0,55308.0,49533.0,17.0,55321.0
50.021867720002774,0.0,0.0,0.0,0.0,0.0,0.0,0.0,0.0,0.0,0.0,0.0,0.0,0.0,58320.0,17.0,55388.0,49536.0,17.0,55391.0
50.02197279900429,0.0,0.0,0.0,0.0,0.0,0.0,0.0,0.0,0.0,0.0,0.0,0.0,0.0,58320.0,17.0,55388.0,49537.0,17.0,55398.0
50.022039124,0.0,0.0,0.0,0.0,0.0,0.0,0.0,0.0,0.0,0.0,0.0,0.0,0.0,58322.0,17.0,55427.0,49538.0,17.0,55431.0
50.02209940800094,0.0,0.0,0.0,0.0,0.0,0.0,0.0,0.0,0.0,0.0,0.0,0.0,0.0,58322.0,17.0,55427.0,49539.0,17.0,55438.0
50.0456999779999,0.0,0.0,0.0,0.0,0.0,0.0,0.0,0.0,0.0,0.0,0.0,0.0,0.0,58324.0,17.0,55468.0,49540.0,17.0,55471.0
50.0636708230013,0.0,0.0,0.0,0.0,0.0,0.0,0.0,0.0,0.0,0.0,0.0,0.0,0.0,58324.0,17.0,55468.0,49541.0,17.0,55483.0
50.07502231599938,0.0,0.0,0.0,0.0,0.0,0.0,0.0,0.0,0.0,0.0,0.0,0.0,0.0,58325.0,17.0,55488.0,49542.0,17.0,55501.0
50.10429838800337,0.0,0.0,0.0,0.0,0.0,0.0,0.0,0.0,0.0,0.0,0.0,0.0,0.0,58326.0,17.0,55508.0,49543.0,17.0,55521.0
50.11447051500727,0.0,0.0,0.0,0.0,0.0,0.0,0.0,0.0,0.0,0.0,0.0,0.0,0.0,58327.0,17.0,55528.0,49544.0,17.0,55541.0
50.2463458179991,0.0,0.0,0.0,0.0,0.0,0.0,0.0,0.0,0.0,0.0,0.0,0.0,0.0,58330.0,17.0,55588.0,49546.0,17.0,55591.0
50.246465543998056,0.0,0.0,0.0,0.0,0.0,0.0,0.0,0.0,0.0,0.0,0.0,0.0,0.0,58330.0,17.0,55588.0,49547.0,17.0,55598.0
50.24654447300418,0.0,0.0,0.0,0.0,0.0,0.0,0.0,0.0,0.0,0.0,0.0,0.0,0.0,58332.0,17.0,55628.0,49548.0,17.0,55631.0
50.2466086439963,0.0,0.0,0.0,0.0,0.0,0.0,0.0,0.0,0.0,0.0,0.0,0.0,0.0,58332.0,17.0,55628.0,49549.0,17.0,55638.0
50.24844001000747,0.0,0.0,0.0,0.0,0.0,0.0,0.0,0.0,0.0,0.0,0.0,0.0,0.0,58334.0,17.0,55668.0,49550.0,17.0,55671.0
50.25515974199516,0.0,0.0,0.0,0.0,0.0,0.0,0.0,0.0,0.0,0.0,0.0,0.0,0.0,58334.0,17.0,55668.0,49551.0,17.0,55682.0
50.27593751500535,0.0,0.0,0.0,0.0,0.0,0.0,0.0,0.0,0.0,0.0,0.0,0.0,0.0,58335.0,17.0,55688.0,49552.0,17.0,55701.0
50.29443818099389,0.0,0.0,0.0,0.0,0.0,0.0,0.0,0.0,0.0,0.0,0.0,0.0,0.0,58336.0,17.0,55708.0,49553.0,17.0,55721.0
50.31427353499748,0.0,0.0,0.0,0.0,0.0,0.0,0.0,0.0,0.0,0.0,0.0,0.0,0.0,58337.0,17.0,55728.0,49554.0,17.0,55741.0
50.33425845199963,0.0,0.0,0.0,0.0,0.0,0.0,0.0,0.0,0.0,0.0,0.0,0.0,0.0,58338.0,17.0,55748.0,49555.0,17.0,55761.0
50.40364751699963,0.0,0.0,0.0,0.0,0.0,0.0,0.0,0.0,0.0,0.0,0.0,0.0,0.0,58340.0,17.0,55788.0,49556.0,17.0,55791.0
50.40375644300366,0.0,0.0,0.0,0.0,0.0,0.0,0.0,0.0,0.0,0.0,0.0,0.0,0.0,58340.0,17.0,55788.0,49557.0,17.0,55798.0
50.46478433799348,0.0,0.0,0.0,0.0,0.0,0.0,0.0,0.0,0.0,0.0,0.0,0.0,0.0,58344.0,17.0,55868.0,49561.0,17.0,55883.0
50.47868682599801,0.0,0.0,0.0,0.0,0.0,0.0,0.0,0.0,0.0,0.0,0.0,0.0,0.0,58345.0,17.0,55888.0,49562.0,17.0,55901.0
50.50489599899447,0.0,0.0,0.0,0.0,0.0,0.0,0.0,0.0,0.0,0.0,0.0,0.0,0.0,58347.0,17.0,55928.0,49563.0,17.0,55931.0
50.51238436199492,0.0,0.0,0.0,0.0,0.0,0.0,0.0,0.0,0.0,0.0,0.0,0.0,0.0,58347.0,17.0,55928.0,49564.0,17.0,55938.0
50.544881431997055,0.0,0.0,0.0,0.0,0.0,0.0,0.0,0.0,0.0,0.0,0.0,0.0,0.0,58349.0,17.0,55968.0,49565.0,17.0,55971.0
50.55809946800582,0.0,0.0,0.0,0.0,0.0,0.0,0.0,0.0,0.0,0.0,0.0,0.0,0.0,58349.0,17.0,55968.0,49566.0,17.0,55983.0
50.619642154997564,0.0,0.0,0.0,0.0,0.0,0.0,0.0,0.0,0.0,0.0,0.0,0.0,0.0,58350.0,17.0,55988.0,49567.0,17.0,56001.0
50.61974379699677,0.0,0.0,0.0,0.0,0.0,0.0,0.0,0.0,0.0,0.0,0.0,0.0,0.0,58351.0,17.0,56008.0,49568.0,17.0,56021.0
50.61981213600666,0.0,0.0,0.0,0.0,0.0,0.0,0.0,0.0,0.0,0.0,0.0,0.0,0.0,58352.0,17.0,56028.0,49569.0,17.0,56041.0
50.683786781999515,0.0,0.0,0.0,0.0,0.0,0.0,0.0,0.0,0.0,0.0,0.0,0.0,0.0,58355.0,17.0,56088.0,49571.0,17.0,56091.0
50.68416416499531,0.0,0.0,0.0,0.0,0.0,0.0,0.0,0.0,0.0,0.0,0.0,0.0,0.0,58355.0,17.0,56088.0,49572.0,17.0,56098.0
50.70561897500011,0.0,0.0,0.0,0.0,0.0,0.0,0.0,0.0,0.0,0.0,0.0,0.0,0.0,58357.0,17.0,56128.0,49573.0,17.0,56131.0
50.72262201500416,0.0,0.0,0.0,0.0,0.0,0.0,0.0,0.0,0.0,0.0,0.0,0.0,0.0,58357.0,17.0,56128.0,49574.0,17.0,56138.0
50.74613423799747,0.0,0.0,0.0,0.0,0.0,0.0,0.0,0.0,0.0,0.0,0.0,0.0,0.0,58359.0,17.0,56168.0,49575.0,17.0,56171.0
50.75891504899482,0.0,0.0,0.0,0.0,0.0,0.0,0.0,0.0,0.0,0.0,0.0,0.0,0.0,58359.0,17.0,56168.0,49576.0,17.0,56183.0
50.77498155100329,0.0,0.0,0.0,0.0,0.0,0.0,0.0,0.0,0.0,0.0,0.0,0.0,0.0,58360.0,17.0,56188.0,49577.0,17.0,56201.0
50.90411626099376,0.0,0.0,0.0,0.0,0.0,0.0,0.0,0.0,0.0,0.0,0.0,0.0,0.0,58365.0,17.0,56288.0,49581.0,17.0,56291.0
50.90419055199891,0.0,0.0,0.0,0.0,0.0,0.0,0.0,0.0,0.0,0.0,0.0,0.0,0.0,58365.0,17.0,56288.0,49582.0,17.0,56298.0
50.90921312100545,0.0,0.0,0.0,0.0,0.0,0.0,0.0,0.0,0.0,0.0,0.0,0.0,0.0,58367.0,17.0,56327.0,49583.0,17.0,56331.0
50.913333065996994,0.0,0.0,0.0,0.0,0.0,0.0,0.0,0.0,0.0,0.0,0.0,0.0,0.0,58367.0,17.0,56327.0,49584.0,17.0,56338.0
50.94485573700513,0.0,0.0,0.0,0.0,0.0,0.0,0.0,0.0,0.0,0.0,0.0,0.0,0.0,58369.0,17.0,56368.0,49585.0,17.0,56371.0
50.95755360199837,0.0,0.0,0.0,0.0,0.0,0.0,0.0,0.0,0.0,0.0,0.0,0.0,0.0,58369.0,17.0,56368.0,49586.0,17.0,56383.0
50.974774151007296,0.0,0.0,0.0,0.0,0.0,0.0,0.0,0.0,0.0,0.0,0.0,0.0,0.0,58370.0,17.0,56388.0,49587.0,17.0,56401.0
50.99435307200474,0.0,0.0,0.0,0.0,0.0,0.0,0.0,0.0,0.0,0.0,0.0,0.0,0.0,58371.0,17.0,56408.0,49588.0,17.0,56421.0
51.173157352997805,0.0,0.0,0.0,0.0,0.0,0.0,0.0,0.0,0.0,0.0,0.0,0.0,0.0,58379.0,17.0,56568.0,49596.0,17.0,56583.0
51.17512703000102,0.0,0.0,0.0,0.0,0.0,0.0,0.0,0.0,0.0,0.0,0.0,0.0,0.0,58380.0,17.0,56588.0,49597.0,17.0,56601.0
51.195551356999204,0.0,0.0,0.0,0.0,0.0,0.0,0.0,0.0,0.0,0.0,0.0,0.0,0.0,58381.0,17.0,56608.0,49598.0,17.0,56621.0
51.214026804998866,0.0,0.0,0.0,0.0,0.0,0.0,0.0,0.0,0.0,0.0,0.0,0.0,0.0,58382.0,17.0,56628.0,49599.0,17.0,56641.0
51.341348435002146,0.0,0.0,0.0,0.0,0.0,0.0,0.0,0.0,0.0,0.0,0.0,0.0,0.0,58385.0,17.0,56688.0,49601.0,17.0,56691.0
51.3414424030052,0.0,0.0,0.0,0.0,0.0,0.0,0.0,0.0,0.0,0.0,0.0,0.0,0.0,58385.0,17.0,56688.0,49602.0,17.0,56699.0
51.34150581200083,0.0,0.0,0.0,0.0,0.0,0.0,0.0,0.0,0.0,0.0,0.0,0.0,0.0,58387.0,17.0,56727.0,49603.0,17.0,56731.0
51.341572457997245,0.0,0.0,0.0,0.0,0.0,0.0,0.0,0.0,0.0,0.0,0.0,0.0,0.0,58387.0,17.0,56727.0,49604.0,17.0,56738.0
51.34561086000758,0.0,0.0,0.0,0.0,0.0,0.0,0.0,0.0,0.0,0.0,0.0,0.0,0.0,58389.0,17.0,56768.0,49605.0,17.0,56771.0
51.35644049799885,0.0,0.0,0.0,0.0,0.0,0.0,0.0,0.0,0.0,0.0,0.0,0.0,0.0,58389.0,17.0,56768.0,49606.0,17.0,56783.0
51.38423175799835,0.0,0.0,0.0,0.0,0.0,0.0,0.0,0.0,0.0,0.0,0.0,0.0,0.0,58390.0,17.0,56788.0,49607.0,17.0,56801.0
51.40028487400559,0.0,0.0,0.0,0.0,0.0,0.0,0.0,0.0,0.0,0.0,0.0,0.0,0.0,58391.0,17.0,56808.0,49608.0,17.0,56821.0
51.41429769000388,0.0,0.0,0.0,0.0,0.0,0.0,0.0,0.0,0.0,0.0,0.0,0.0,0.0,58392.0,17.0,56828.0,49609.0,17.0,56841.0
51.43392702599522,0.0,0.0,0.0,0.0,0.0,0.0,0.0,0.0,0.0,0.0,0.0,0.0,0.0,58393.0,17.0,56848.0,49610.0,17.0,56861.0
51.499281889002305,0.0,0.0,0.0,0.0,0.0,0.0,0.0,0.0,0.0,0.0,0.0,0.0,0.0,58395.0,17.0,56888.0,49611.0,17.0,56891.0
51.49936788099876,0.0,0.0,0.0,0.0,0.0,0.0,0.0,0.0,0.0,0.0,0.0,0.0,0.0,58395.0,17.0,56888.0,49612.0,17.0,56899.0
51.56094348100305,0.0,0.0,0.0,0.0,0.0,0.0,0.0,0.0,0.0,0.0,0.0,0.0,0.0,58399.0,17.0,56968.0,49616.0,17.0,56983.0
51.78621481900336,0.0,0.0,0.0,0.0,0.0,0.0,0.0,0.0,0.0,0.0,0.0,0.0,0.0,58409.0,17.0,57167.0,49626.0,17.0,57183.0
51.7863775260048,0.0,0.0,0.0,0.0,0.0,0.0,0.0,0.0,0.0,0.0,0.0,0.0,0.0,58410.0,17.0,57188.0,49627.0,17.0,57201.0
51.79582233099791,0.0,0.0,0.0,0.0,0.0,0.0,0.0,0.0,0.0,0.0,0.0,0.0,0.0,58411.0,17.0,57208.0,49628.0,17.0,57221.0
51.814902440004516,0.0,0.0,0.0,0.0,0.0,0.0,0.0,0.0,0.0,0.0,0.0,0.0,0.0,58412.0,17.0,57228.0,49629.0,17.0,57241.0
51.84458773500228,0.0,0.0,0.0,0.0,0.0,0.0,0.0,0.0,0.0,0.0,0.0,0.0,0.0,58414.0,17.0,57268.0,49630.0,17.0,57271.0
51.85660865099635,0.0,0.0,0.0,0.0,0.0,0.0,0.0,0.0,0.0,0.0,0.0,0.0,0.0,58414.0,17.0,57268.0,49631.0,17.0,57282.0
51.87441327300621,0.0,0.0,0.0,0.0,0.0,0.0,0.0,0.0,0.0,0.0,0.0,0.0,0.0,58415.0,17.0,57288.0,49632.0,17.0,57301.0
52.091670698006055,0.0,0.0,0.0,0.0,0.0,0.0,0.0,0.0,0.0,0.0,0.0,0.0,0.0,58416.0,17.0,57308.0,49633.0,17.0,57321.0
52.09247216000222,0.0,0.0,0.0,0.0,0.0,0.0,0.0,0.0,0.0,0.0,0.0,0.0,0.0,58424.0,17.0,57468.0,49641.0,17.0,57483.0
52.09256368300703,0.0,0.0,0.0,0.0,0.0,0.0,0.0,0.0,0.0,0.0,0.0,0.0,0.0,58425.0,17.0,57488.0,49642.0,17.0,57501.0
52.09550035500433,0.0,0.0,0.0,0.0,0.0,0.0,0.0,0.0,0.0,0.0,0.0,0.0,0.0,58426.0,17.0,57508.0,49643.0,17.0,57521.0
52.51303366900538,0.0,0.0,0.0,0.0,0.0,0.0,0.0,0.0,0.0,0.0,0.0,0.0,0.0,58445.0,17.0,57888.0,49661.0,17.0,57891.0
52.513134980996256,0.0,0.0,0.0,0.0,0.0,0.0,0.0,0.0,0.0,0.0,0.0,0.0,0.0,58445.0,17.0,57888.0,49662.0,17.0,57898.0
52.51667458099837,0.0,0.0,0.0,0.0,0.0,0.0,0.0,0.0,0.0,0.0,0.0,0.0,0.0,58447.0,17.0,57928.0,49663.0,17.0,57931.0
52.51674491299491,0.0,0.0,0.0,0.0,0.0,0.0,0.0,0.0,0.0,0.0,0.0,0.0,0.0,58447.0,17.0,57928.0,49664.0,17.0,57939.0
52.54458896300639,0.0,0.0,0.0,0.0,0.0,0.0,0.0,0.0,0.0,0.0,0.0,0.0,0.0,58449.0,17.0,57968.0,49665.0,17.0,57971.0
52.55647112800216,0.0,0.0,0.0,0.0,0.0,0.0,0.0,0.0,0.0,0.0,0.0,0.0,0.0,58449.0,17.0,57968.0,49666.0,17.0,57983.0
52.57494769900222,0.0,0.0,0.0,0.0,0.0,0.0,0.0,0.0,0.0,0.0,0.0,0.0,0.0,58450.0,17.0,57988.0,49667.0,17.0,58001.0
52.59471766000206,0.0,0.0,0.0,0.0,0.0,0.0,0.0,0.0,0.0,0.0,0.0,0.0,0.0,58451.0,17.0,58008.0,49668.0,17.0,58021.0
52.614256925997324,0.0,0.0,0.0,0.0,0.0,0.0,0.0,0.0,0.0,0.0,0.0,0.0,0.0,58452.0,17.0,58028.0,49669.0,17.0,58041.0
53.023989288005396,0.0,0.0,0.0,0.0,0.0,0.0,0.0,0.0,0.0,0.0,0.0,0.0,0.0,58469.0,17.0,58368.0,49686.0,17.0,58383.0
53.02412057599577,0.0,0.0,0.0,0.0,0.0,0.0,0.0,0.0,0.0,0.0,0.0,0.0,0.0,58470.0,17.0,58388.0,49687.0,17.0,58401.0
53.024186519993236,0.0,0.0,0.0,0.0,0.0,0.0,0.0,0.0,0.0,0.0,0.0,0.0,0.0,58471.0,17.0,58408.0,49688.0,17.0,58421.0
53.02424600299855,0.0,0.0,0.0,0.0,0.0,0.0,0.0,0.0,0.0,0.0,0.0,0.0,0.0,58472.0,17.0,58428.0,49689.0,17.0,58440.0
53.04446085399832,0.0,0.0,0.0,0.0,0.0,0.0,0.0,0.0,0.0,0.0,0.0,0.0,0.0,58474.0,17.0,58468.0,49690.0,17.0,58471.0
53.056331476997,0.0,0.0,0.0,0.0,0.0,0.0,0.0,0.0,0.0,0.0,0.0,0.0,0.0,58474.0,17.0,58468.0,49691.0,17.0,58483.0
53.07497031400271,0.0,0.0,0.0,0.0,0.0,0.0,0.0,0.0,0.0,0.0,0.0,0.0,0.0,58475.0,17.0,58488.0,49692.0,17.0,58501.0
53.09426729299594,0.0,0.0,0.0,0.0,0.0,0.0,0.0,0.0,0.0,0.0,0.0,0.0,0.0,58476.0,17.0,58508.0,49693.0,17.0,58521.0
53.11439397800132,0.0,0.0,0.0,0.0,0.0,0.0,0.0,0.0,0.0,0.0,0.0,0.0,0.0,58477.0,17.0,58528.0,49694.0,17.0,58541.0
53.56452198300394,0.0,0.0,0.0,0.0,0.0,0.0,0.0,0.0,0.0,0.0,0.0,0.0,0.0,58500.0,17.0,58988.0,49716.0,17.0,58991.0
53.5730613390042,0.0,0.0,0.0,0.0,0.0,0.0,0.0,0.0,0.0,0.0,0.0,0.0,0.0,58500.0,17.0,58988.0,49717.0,17.0,58998.0
53.6049476180051,0.0,0.0,0.0,0.0,0.0,0.0,0.0,0.0,0.0,0.0,0.0,0.0,0.0,58502.0,17.0,59028.0,49718.0,17.0,59031.0
53.61339439000585,0.0,0.0,0.0,0.0,0.0,0.0,0.0,0.0,0.0,0.0,0.0,0.0,0.0,58502.0,17.0,59028.0,49719.0,17.0,59038.0
54.043249584006844,0.0,0.0,0.0,0.0,0.0,0.0,0.0,0.0,0.0,0.0,0.0,0.0,0.0,58523.0,17.0,59447.0,49731.0,17.0,59465.0
54.052081141999224,0.0,0.0,0.0,0.0,0.0,0.0,0.0,0.0,0.0,0.0,0.0,0.0,0.0,58524.0,17.0,59468.0,49732.0,17.0,59479.0
54.084673553996254,0.0,0.0,0.0,0.0,0.0,0.0,0.0,0.0,0.0,0.0,0.0,0.0,0.0,58526.0,17.0,59507.0,49733.0,17.0,59511.0
54.091559380001854,0.0,0.0,0.0,0.0,0.0,0.0,0.0,0.0,0.0,0.0,0.0,0.0,0.0,58526.0,17.0,59507.0,49734.0,17.0,59518.0
54.12428008399729,0.0,0.0,0.0,0.0,0.0,0.0,0.0,0.0,0.0,0.0,0.0,0.0,0.0,58528.0,17.0,59547.0,49735.0,17.0,59551.0
54.138364055004786,0.0,0.0,0.0,0.0,0.0,0.0,0.0,0.0,0.0,0.0,0.0,0.0,0.0,58528.0,17.0,59547.0,49736.0,17.0,59563.0
54.55954482300149,0.0,0.0,0.0,0.0,0.0,0.0,0.0,0.0,0.0,0.0,0.0,0.0,0.0,58548.0,17.0,59948.0,49756.0,17.0,59963.0
54.559759579002275,0.0,0.0,0.0,0.0,0.0,0.0,0.0,0.0,0.0,0.0,0.0,0.0,0.0,58549.0,17.0,59968.0,49757.0,17.0,59981.0
54.576840205001645,0.0,0.0,0.0,0.0,0.0,0.0,0.0,0.0,0.0,0.0,0.0,0.0,0.0,58550.0,17.0,59988.0,49758.0,17.0,60001.0
54.59454138300498,0.0,0.0,0.0,0.0,0.0,0.0,0.0,0.0,0.0,0.0,0.0,0.0,0.0,58551.0,17.0,60008.0,49759.0,17.0,60021.0
54.615465392998885,0.0,0.0,0.0,0.0,0.0,0.0,0.0,0.0,0.0,0.0,0.0,0.0,0.0,58552.0,17.0,60028.0,49760.0,17.0,60041.0
54.647308931002044,0.0,0.0,0.0,0.0,0.0,0.0,0.0,0.0,0.0,0.0,0.0,0.0,0.0,58554.0,17.0,60068.0,49761.0,17.0,60071.0
54.65420836300473,0.0,0.0,0.0,0.0,0.0,0.0,0.0,0.0,0.0,0.0,0.0,0.0,0.0,58554.0,17.0,60068.0,49762.0,17.0,60079.0
55.06409829200129,0.0,0.0,0.0,0.0,0.0,0.0,0.0,0.0,0.0,0.0,0.0,0.0,0.0,58574.0,17.0,60468.0,49781.0,17.0,60471.0
55.06427500600694,0.0,0.0,0.0,0.0,0.0,0.0,0.0,0.0,0.0,0.0,0.0,0.0,0.0,58574.0,17.0,60468.0,49782.0,17.0,60478.0
55.08672597800614,0.0,0.0,0.0,0.0,0.0,0.0,0.0,0.0,0.0,0.0,0.0,0.0,0.0,58576.0,17.0,60507.0,49783.0,17.0,60511.0
55.09109169700241,0.0,0.0,0.0,0.0,0.0,0.0,0.0,0.0,0.0,0.0,0.0,0.0,0.0,58576.0,17.0,60507.0,49784.0,17.0,60518.0
55.138904776002164,0.0,0.0,0.0,0.0,0.0,0.0,0.0,0.0,0.0,0.0,0.0,0.0,0.0,58578.0,17.0,60548.0,49786.0,17.0,60559.0
55.2408735640056,0.0,0.0,0.0,0.0,0.0,0.0,0.0,0.0,0.0,0.0,0.0,0.0,0.0,58580.0,17.0,60588.0,49787.0,17.0,60591.0
55.24136966999504,0.0,0.0,0.0,0.0,0.0,0.0,0.0,0.0,0.0,0.0,0.0,0.0,0.0,58581.0,17.0,60608.0,49788.0,17.0,60612.0
55.29362842900446,0.0,0.0,0.0,0.0,0.0,0.0,0.0,0.0,0.0,0.0,0.0,0.0,0.0,58581.0,17.0,60608.0,49789.0,17.0,60618.0
55.68401070700202,0.0,0.0,0.0,0.0,0.0,0.0,0.0,0.0,0.0,0.0,0.0,0.0,0.0,58591.0,17.0,60808.0,49798.0,17.0,60811.0
55.6841717310017,0.0,0.0,0.0,0.0,0.0,0.0,0.0,0.0,0.0,0.0,0.0,0.0,0.0,58598.0,17.0,60948.0,49806.0,17.0,60964.0
55.68424083100399,0.0,0.0,0.0,0.0,0.0,0.0,0.0,0.0,0.0,0.0,0.0,0.0,0.0,58599.0,17.0,60968.0,49807.0,17.0,60981.0
55.68430215699482,0.0,0.0,0.0,0.0,0.0,0.0,0.0,0.0,0.0,0.0,0.0,0.0,0.0,58600.0,17.0,60988.0,49808.0,17.0,61000.0
55.68436117800593,0.0,0.0,0.0,0.0,0.0,0.0,0.0,0.0,0.0,0.0,0.0,0.0,0.0,58601.0,17.0,61008.0,49809.0,17.0,61021.0
55.68441607200657,0.0,0.0,0.0,0.0,0.0,0.0,0.0,0.0,0.0,0.0,0.0,0.0,0.0,58603.0,17.0,61048.0,49811.0,17.0,61061.0
55.68446915199456,0.0,0.0,0.0,0.0,0.0,0.0,0.0,0.0,0.0,0.0,0.0,0.0,0.0,58604.0,17.0,61068.0,49812.0,17.0,61081.0
55.68453001699527,0.0,0.0,0.0,0.0,0.0,0.0,0.0,0.0,0.0,0.0,0.0,0.0,0.0,58605.0,17.0,61088.0,49813.0,17.0,61101.0
56.12617005499487,0.0,0.0,0.0,0.0,0.0,0.0,0.0,0.0,0.0,0.0,0.0,0.0,0.0,58623.0,17.0,61447.0,49821.0,17.0,61462.0
56.12632410599326,0.0,0.0,0.0,0.0,0.0,0.0,0.0,0.0,0.0,0.0,0.0,0.0,0.0,58624.0,17.0,61468.0,49822.0,17.0,61481.0
56.126405749993864,0.0,0.0,0.0,0.0,0.0,0.0,0.0,0.0,0.0,0.0,0.0,0.0,0.0,58625.0,17.0,61488.0,49823.0,17.0,61500.0
56.12646999099525,0.0,0.0,0.0,0.0,0.0,0.0,0.0,0.0,0.0,0.0,0.0,0.0,0.0,58627.0,17.0,61528.0,49824.0,17.0,61530.0
56.12653664700338,0.0,0.0,0.0,0.0,0.0,0.0,0.0,0.0,0.0,0.0,0.0,0.0,0.0,58628.0,17.0,61548.0,49825.0,17.0,61551.0
56.13723277399549,0.0,0.0,0.0,0.0,0.0,0.0,0.0,0.0,0.0,0.0,0.0,0.0,0.0,58628.0,17.0,61548.0,49826.0,17.0,61563.0
56.15547989199695,0.0,0.0,0.0,0.0,0.0,0.0,0.0,0.0,0.0,0.0,0.0,0.0,0.0,58629.0,17.0,61568.0,49827.0,17.0,61581.0
56.17426701000659,0.0,0.0,0.0,0.0,0.0,0.0,0.0,0.0,0.0,0.0,0.0,0.0,0.0,58630.0,17.0,61588.0,49828.0,17.0,61601.0
56.59882148700126,0.0,0.0,0.0,0.0,0.0,0.0,0.0,0.0,0.0,0.0,0.0,0.0,0.0,58648.0,17.0,61948.0,49846.0,17.0,61961.0
56.59897913399618,0.0,0.0,0.0,0.0,0.0,0.0,0.0,0.0,0.0,0.0,0.0,0.0,0.0,58649.0,17.0,61968.0,49847.0,17.0,61981.0
56.59914918499999,0.0,0.0,0.0,0.0,0.0,0.0,0.0,0.0,0.0,0.0,0.0,0.0,0.0,58650.0,17.0,61988.0,49848.0,17.0,62001.0
56.607568435007124,0.0,0.0,0.0,0.0,0.0,0.0,0.0,0.0,0.0,0.0,0.0,0.0,0.0,58651.0,17.0,62008.0,49849.0,17.0,62021.0
56.61647114700463,0.0,0.0,0.0,0.0,0.0,0.0,0.0,0.0,0.0,0.0,0.0,0.0,0.0,58652.0,17.0,62028.0,49850.0,17.0,62041.0
56.645253519003745,0.0,0.0,0.0,0.0,0.0,0.0,0.0,0.0,0.0,0.0,0.0,0.0,0.0,58654.0,17.0,62068.0,49851.0,17.0,62071.0
56.663743065000745,0.0,0.0,0.0,0.0,0.0,0.0,0.0,0.0,0.0,0.0,0.0,0.0,0.0,58654.0,17.0,62068.0,49852.0,17.0,62078.0
56.69096396000532,0.0,0.0,0.0,0.0,0.0,0.0,0.0,0.0,0.0,0.0,0.0,0.0,0.0,58656.0,17.0,62107.0,49853.0,17.0,62112.0
56.69364898800268,0.0,0.0,0.0,0.0,0.0,0.0,0.0,0.0,0.0,0.0,0.0,0.0,0.0,58656.0,17.0,62107.0,49854.0,17.0,62119.0
57.117887618995155,0.0,0.0,0.0,0.0,0.0,0.0,0.0,0.0,0.0,0.0,0.0,0.0,0.0,58673.0,17.0,62448.0,49871.0,17.0,62461.0
57.11803923500702,0.0,0.0,0.0,0.0,0.0,0.0,0.0,0.0,0.0,0.0,0.0,0.0,0.0,58674.0,17.0,62468.0,49872.0,17.0,62481.0
57.11811146099353,0.0,0.0,0.0,0.0,0.0,0.0,0.0,0.0,0.0,0.0,0.0,0.0,0.0,58675.0,17.0,62489.0,49873.0,17.0,62501.0
57.1181715450075,0.0,0.0,0.0,0.0,0.0,0.0,0.0,0.0,0.0,0.0,0.0,0.0,0.0,58676.0,17.0,62508.0,49874.0,17.0,62521.0
57.121984330995474,0.0,0.0,0.0,0.0,0.0,0.0,0.0,0.0,0.0,0.0,0.0,0.0,0.0,58677.0,17.0,62528.0,49875.0,17.0,62541.0
57.144512660001055,0.0,0.0,0.0,0.0,0.0,0.0,0.0,0.0,0.0,0.0,0.0,0.0,0.0,58679.0,17.0,62568.0,49876.0,17.0,62571.0
57.1518649859936,0.0,0.0,0.0,0.0,0.0,0.0,0.0,0.0,0.0,0.0,0.0,0.0,0.0,58679.0,17.0,62568.0,49877.0,17.0,62578.0
57.188386775000254,0.0,0.0,0.0,0.0,0.0,0.0,0.0,0.0,0.0,0.0,0.0,0.0,0.0,58681.0,17.0,62608.0,49878.0,17.0,62612.0
57.193812605997664,0.0,0.0,0.0,0.0,0.0,0.0,0.0,0.0,0.0,0.0,0.0,0.0,0.0,58681.0,17.0,62608.0,49879.0,17.0,62619.0
57.22513497200271,0.0,0.0,0.0,0.0,0.0,0.0,0.0,0.0,0.0,0.0,0.0,0.0,0.0,58683.0,17.0,62648.0,49880.0,17.0,62651.0
57.237420770004974,0.0,0.0,0.0,0.0,0.0,0.0,0.0,0.0,0.0,0.0,0.0,0.0,0.0,58683.0,17.0,62648.0,49881.0,17.0,62663.0
57.254463845994906,0.0,0.0,0.0,0.0,0.0,0.0,0.0,0.0,0.0,0.0,0.0,0.0,0.0,58684.0,17.0,62668.0,49882.0,17.0,62681.0
57.274642270000186,0.0,0.0,0.0,0.0,0.0,0.0,0.0,0.0,0.0,0.0,0.0,0.0,0.0,58685.0,17.0,62688.0,49883.0,17.0,62701.0
57.294119288999354,0.0,0.0,0.0,0.0,0.0,0.0,0.0,0.0,0.0,0.0,0.0,0.0,0.0,58686.0,17.0,62708.0,49884.0,17.0,62721.0
57.31447664099687,0.0,0.0,0.0,0.0,0.0,0.0,0.0,0.0,0.0,0.0,0.0,0.0,0.0,58687.0,17.0,62728.0,49885.0,17.0,62740.0
57.345635238001705,0.0,0.0,0.0,0.0,0.0,0.0,0.0,0.0,0.0,0.0,0.0,0.0,0.0,58689.0,17.0,62768.0,49886.0,17.0,62771.0
57.47309545999451,0.0,0.0,0.0,0.0,0.0,0.0,0.0,0.0,0.0,0.0,0.0,0.0,0.0,58691.0,17.0,62808.0,49887.0,17.0,62811.0
57.47347841299779,0.0,0.0,0.0,0.0,0.0,0.0,0.0,0.0,0.0,0.0,0.0,0.0,0.0,58694.0,17.0,62868.0,49891.0,17.0,62881.0
57.47516437500599,0.0,0.0,0.0,0.0,0.0,0.0,0.0,0.0,0.0,0.0,0.0,0.0,0.0,58695.0,17.0,62888.0,49892.0,17.0,62901.0
57.49481015300262,0.0,0.0,0.0,0.0,0.0,0.0,0.0,0.0,0.0,0.0,0.0,0.0,0.0,58696.0,17.0,62908.0,49893.0,17.0,62921.0
57.52102847599599,0.0,0.0,0.0,0.0,0.0,0.0,0.0,0.0,0.0,0.0,0.0,0.0,0.0,58697.0,17.0,62928.0,49894.0,17.0,62941.0
57.534315312994295,0.0,0.0,0.0,0.0,0.0,0.0,0.0,0.0,0.0,0.0,0.0,0.0,0.0,58698.0,17.0,62948.0,49895.0,17.0,62961.0
57.56482111799414,0.0,0.0,0.0,0.0,0.0,0.0,0.0,0.0,0.0,0.0,0.0,0.0,0.0,58700.0,17.0,62988.0,49896.0,17.0,62991.0
57.57339738399605,0.0,0.0,0.0,0.0,0.0,0.0,0.0,0.0,0.0,0.0,0.0,0.0,0.0,58700.0,17.0,62988.0,49897.0,17.0,62998.0
57.6929527369939,0.0,0.0,0.0,0.0,0.0,0.0,0.0,0.0,0.0,0.0,0.0,0.0,0.0,58704.0,17.0,63068.0,49901.0,17.0,63083.0
57.69308506700327,0.0,0.0,0.0,0.0,0.0,0.0,0.0,0.0,0.0,0.0,0.0,0.0,0.0,58705.0,17.0,63088.0,49902.0,17.0,63101.0
57.69930747100443,0.0,0.0,0.0,0.0,0.0,0.0,0.0,0.0,0.0,0.0,0.0,0.0,0.0,58706.0,17.0,63108.0,49903.0,17.0,63121.0
57.71438015799504,0.0,0.0,0.0,0.0,0.0,0.0,0.0,0.0,0.0,0.0,0.0,0.0,0.0,58707.0,17.0,63128.0,49904.0,17.0,63141.0
57.73446031600179,0.0,0.0,0.0,0.0,0.0,0.0,0.0,0.0,0.0,0.0,0.0,0.0,0.0,58708.0,17.0,63148.0,49905.0,17.0,63161.0
57.76436095900135,0.0,0.0,0.0,0.0,0.0,0.0,0.0,0.0,0.0,0.0,0.0,0.0,0.0,58710.0,17.0,63188.0,49906.0,17.0,63191.0
57.78493516999879,0.0,0.0,0.0,0.0,0.0,0.0,0.0,0.0,0.0,0.0,0.0,0.0,0.0,58711.0,17.0,63208.0,49907.0,17.0,63211.0
57.79150663300243,0.0,0.0,0.0,0.0,0.0,0.0,0.0,0.0,0.0,0.0,0.0,0.0,0.0,58711.0,17.0,63208.0,49908.0,17.0,63218.0
57.84551814099541,0.0,0.0,0.0,0.0,0.0,0.0,0.0,0.0,0.0,0.0,0.0,0.0,0.0,58713.0,17.0,63247.0,49909.0,17.0,63251.0
57.91318502200011,0.0,0.0,0.0,0.0,0.0,0.0,0.0,0.0,0.0,0.0,0.0,0.0,0.0,58716.0,17.0,63308.0,49911.0,17.0,63311.0
57.91341875299986,0.0,0.0,0.0,0.0,0.0,0.0,0.0,0.0,0.0,0.0,0.0,0.0,0.0,58716.0,17.0,63308.0,49912.0,17.0,63318.0
57.92834772900096,0.0,0.0,0.0,0.0,0.0,0.0,0.0,0.0,0.0,0.0,0.0,0.0,0.0,58718.0,17.0,63348.0,49913.0,17.0,63351.0
57.94209832200431,0.0,0.0,0.0,0.0,0.0,0.0,0.0,0.0,0.0,0.0,0.0,0.0,0.0,58718.0,17.0,63348.0,49914.0,17.0,63358.0
57.96752840699628,0.0,0.0,0.0,0.0,0.0,0.0,0.0,0.0,0.0,0.0,0.0,0.0,0.0,58720.0,17.0,63388.0,49915.0,17.0,63391.0
57.97698679800669,0.0,0.0,0.0,0.0,0.0,0.0,0.0,0.0,0.0,0.0,0.0,0.0,0.0,58720.0,17.0,63388.0,49916.0,17.0,63403.0
58.00458967499435,0.0,0.0,0.0,0.0,0.0,0.0,0.0,0.0,0.0,0.0,0.0,0.0,0.0,58721.0,17.0,63408.0,49917.0,17.0,63421.0
58.01537263600039,0.0,0.0,0.0,0.0,0.0,0.0,0.0,0.0,0.0,0.0,0.0,0.0,0.0,58722.0,17.0,63428.0,49918.0,17.0,63441.0
58.1148880260007,0.0,0.0,0.0,0.0,0.0,0.0,0.0,0.0,0.0,0.0,0.0,0.0,0.0,58726.0,17.0,63508.0,49921.0,17.0,63511.0
58.11501471500378,0.0,0.0,0.0,0.0,0.0,0.0,0.0,0.0,0.0,0.0,0.0,0.0,0.0,58726.0,17.0,63508.0,49922.0,17.0,63518.0
58.133997343000374,0.0,0.0,0.0,0.0,0.0,0.0,0.0,0.0,0.0,0.0,0.0,0.0,0.0,58728.0,17.0,63547.0,49923.0,17.0,63551.0
58.134092100997805,0.0,0.0,0.0,0.0,0.0,0.0,0.0,0.0,0.0,0.0,0.0,0.0,0.0,58728.0,17.0,63547.0,49924.0,17.0,63558.0
58.164833781993366,0.0,0.0,0.0,0.0,0.0,0.0,0.0,0.0,0.0,0.0,0.0,0.0,0.0,58730.0,17.0,63588.0,49925.0,17.0,63591.0
58.178800823006895,0.0,0.0,0.0,0.0,0.0,0.0,0.0,0.0,0.0,0.0,0.0,0.0,0.0,58730.0,17.0,63588.0,49926.0,17.0,63603.0
58.195904703999986,0.0,0.0,0.0,0.0,0.0,0.0,0.0,0.0,0.0,0.0,0.0,0.0,0.0,58731.0,17.0,63608.0,49927.0,17.0,63621.0
58.21503144300368,0.0,0.0,0.0,0.0,0.0,0.0,0.0,0.0,0.0,0.0,0.0,0.0,0.0,58732.0,17.0,63628.0,49928.0,17.0,63641.0
58.237350246999995,0.0,0.0,0.0,0.0,0.0,0.0,0.0,0.0,0.0,0.0,0.0,0.0,0.0,58733.0,17.0,63648.0,49929.0,17.0,63661.0
58.35403996199602,0.0,0.0,0.0,0.0,0.0,0.0,0.0,0.0,0.0,0.0,0.0,0.0,0.0,58735.0,17.0,63688.0,49931.0,17.0,63702.0
58.35435091900581,0.0,0.0,0.0,0.0,0.0,0.0,0.0,0.0,0.0,0.0,0.0,0.0,0.0,58736.0,17.0,63708.0,49932.0,17.0,63721.0
58.3544143790059,0.0,0.0,0.0,0.0,0.0,0.0,0.0,0.0,0.0,0.0,0.0,0.0,0.0,58737.0,17.0,63728.0,49933.0,17.0,63741.0
58.354476256005,0.0,0.0,0.0,0.0,0.0,0.0,0.0,0.0,0.0,0.0,0.0,0.0,0.0,58738.0,17.0,63748.0,49934.0,17.0,63761.0
58.35758975200588,0.0,0.0,0.0,0.0,0.0,0.0,0.0,0.0,0.0,0.0,0.0,0.0,0.0,58739.0,17.0,63768.0,49935.0,17.0,63781.0
58.38616897100292,0.0,0.0,0.0,0.0,0.0,0.0,0.0,0.0,0.0,0.0,0.0,0.0,0.0,58741.0,17.0,63808.0,49936.0,17.0,63811.0
58.39121871200041,0.0,0.0,0.0,0.0,0.0,0.0,0.0,0.0,0.0,0.0,0.0,0.0,0.0,58741.0,17.0,63808.0,49937.0,17.0,63818.0
58.42466615900048,0.0,0.0,0.0,0.0,0.0,0.0,0.0,0.0,0.0,0.0,0.0,0.0,0.0,58743.0,17.0,63848.0,49938.0,17.0,63851.0
58.43196836099378,0.0,0.0,0.0,0.0,0.0,0.0,0.0,0.0,0.0,0.0,0.0,0.0,0.0,58743.0,17.0,63848.0,49939.0,17.0,63858.0
58.576016692997655,0.0,0.0,0.0,0.0,0.0,0.0,0.0,0.0,0.0,0.0,0.0,0.0,0.0,58750.0,17.0,63988.0,49946.0,17.0,64001.0
58.594708440999966,0.0,0.0,0.0,0.0,0.0,0.0,0.0,0.0,0.0,0.0,0.0,0.0,0.0,58751.0,17.0,64008.0,49947.0,17.0,64021.0
58.6147669780039,0.0,0.0,0.0,0.0,0.0,0.0,0.0,0.0,0.0,0.0,0.0,0.0,0.0,58752.0,17.0,64028.0,49948.0,17.0,64041.0
58.63517364299332,0.0,0.0,0.0,0.0,0.0,0.0,0.0,0.0,0.0,0.0,0.0,0.0,0.0,58753.0,17.0,64048.0,49949.0,17.0,64061.0
58.65454528400733,0.0,0.0,0.0,0.0,0.0,0.0,0.0,0.0,0.0,0.0,0.0,0.0,0.0,58754.0,17.0,64068.0,49950.0,17.0,64081.0
58.79322288899857,0.0,0.0,0.0,0.0,0.0,0.0,0.0,0.0,0.0,0.0,0.0,0.0,0.0,58760.0,17.0,64188.0,49956.0,17.0,64202.0
58.794858686000225,0.0,0.0,0.0,0.0,0.0,0.0,0.0,0.0,0.0,0.0,0.0,0.0,0.0,58761.0,17.0,64208.0,49957.0,17.0,64221.0
58.814372155000456,0.0,0.0,0.0,0.0,0.0,0.0,0.0,0.0,0.0,0.0,0.0,0.0,0.0,58762.0,17.0,64228.0,49958.0,17.0,64241.0
58.8348976940033,0.0,0.0,0.0,0.0,0.0,0.0,0.0,0.0,0.0,0.0,0.0,0.0,0.0,58763.0,17.0,64248.0,49959.0,17.0,64261.0
58.85535608700593,0.0,0.0,0.0,0.0,0.0,0.0,0.0,0.0,0.0,0.0,0.0,0.0,0.0,58764.0,17.0,64268.0,49960.0,17.0,64281.0
58.88478920799389,0.0,0.0,0.0,0.0,0.0,0.0,0.0,0.0,0.0,0.0,0.0,0.0,0.0,58766.0,17.0,64308.0,49961.0,17.0,64311.0
58.89212414099893,0.0,0.0,0.0,0.0,0.0,0.0,0.0,0.0,0.0,0.0,0.0,0.0,0.0,58766.0,17.0,64308.0,49962.0,17.0,64318.0
59.01362955599325,0.0,0.0,0.0,0.0,0.0,0.0,0.0,0.0,0.0,0.0,0.0,0.0,0.0,58770.0,17.0,64388.0,49966.0,17.0,64403.0
59.01382228999864,0.0,0.0,0.0,0.0,0.0,0.0,0.0,0.0,0.0,0.0,0.0,0.0,0.0,58771.0,17.0,64408.0,49967.0,17.0,64421.0
59.0252051629941,0.0,0.0,0.0,0.0,0.0,0.0,0.0,0.0,0.0,0.0,0.0,0.0,0.0,58773.0,17.0,64448.0,49968.0,17.0,64451.0
59.04276318200573,0.0,0.0,0.0,0.0,0.0,0.0,0.0,0.0,0.0,0.0,0.0,0.0,0.0,58773.0,17.0,64448.0,49969.0,17.0,64458.0
59.07471945400175,0.0,0.0,0.0,0.0,0.0,0.0,0.0,0.0,0.0,0.0,0.0,0.0,0.0,58775.0,17.0,64488.0,49970.0,17.0,64491.0
59.07632767999894,0.0,0.0,0.0,0.0,0.0,0.0,0.0,0.0,0.0,0.0,0.0,0.0,0.0,58775.0,17.0,64488.0,49971.0,17.0,64503.0
59.10507653999957,0.0,0.0,0.0,0.0,0.0,0.0,0.0,0.0,0.0,0.0,0.0,0.0,0.0,58776.0,17.0,64508.0,49972.0,17.0,64521.0
59.11421846400481,0.0,0.0,0.0,0.0,0.0,0.0,0.0,0.0,0.0,0.0,0.0,0.0,0.0,58777.0,17.0,64528.0,49973.0,17.0,64541.0
59.23300037000445,0.0,0.0,0.0,0.0,0.0,0.0,0.0,0.0,0.0,0.0,0.0,0.0,0.0,58781.0,17.0,64608.0,49976.0,17.0,64612.0
59.23312355199596,0.0,0.0,0.0,0.0,0.0,0.0,0.0,0.0,0.0,0.0,0.0,0.0,0.0,58781.0,17.0,64608.0,49977.0,17.0,64619.0
59.23318697200739,0.0,0.0,0.0,0.0,0.0,0.0,0.0,0.0,0.0,0.0,0.0,0.0,0.0,58783.0,17.0,64647.0,49978.0,17.0,64651.0
59.233244881004794,0.0,0.0,0.0,0.0,0.0,0.0,0.0,0.0,0.0,0.0,0.0,0.0,0.0,58783.0,17.0,64647.0,49979.0,17.0,64658.0
59.264461469007074,0.0,0.0,0.0,0.0,0.0,0.0,0.0,0.0,0.0,0.0,0.0,0.0,0.0,58785.0,17.0,64688.0,49980.0,17.0,64691.0
59.278937149996636,0.0,0.0,0.0,0.0,0.0,0.0,0.0,0.0,0.0,0.0,0.0,0.0,0.0,58785.0,17.0,64688.0,49981.0,17.0,64703.0
59.29466819000663,0.0,0.0,0.0,0.0,0.0,0.0,0.0,0.0,0.0,0.0,0.0,0.0,0.0,58786.0,17.0,64708.0,49982.0,17.0,64721.0
59.31439008300367,0.0,0.0,0.0,0.0,0.0,0.0,0.0,0.0,0.0,0.0,0.0,0.0,0.0,58787.0,17.0,64728.0,49983.0,17.0,64741.0
59.33459625899559,0.0,0.0,0.0,0.0,0.0,0.0,0.0,0.0,0.0,0.0,0.0,0.0,0.0,58788.0,17.0,64748.0,49984.0,17.0,64761.0
59.45625026599737,0.0,0.0,0.0,0.0,0.0,0.0,0.0,0.0,0.0,0.0,0.0,0.0,0.0,58791.0,17.0,64808.0,49986.0,17.0,64811.0
59.45636674499838,0.0,0.0,0.0,0.0,0.0,0.0,0.0,0.0,0.0,0.0,0.0,0.0,0.0,58791.0,17.0,64808.0,49987.0,17.0,64818.0
59.45643272000598,0.0,0.0,0.0,0.0,0.0,0.0,0.0,0.0,0.0,0.0,0.0,0.0,0.0,58793.0,17.0,64847.0,49988.0,17.0,64851.0
59.456491510994965,0.0,0.0,0.0,0.0,0.0,0.0,0.0,0.0,0.0,0.0,0.0,0.0,0.0,58793.0,17.0,64847.0,49989.0,17.0,64857.0
59.464399796997895,0.0,0.0,0.0,0.0,0.0,0.0,0.0,0.0,0.0,0.0,0.0,0.0,0.0,58795.0,17.0,64888.0,49990.0,17.0,64891.0
59.477758709996124,0.0,0.0,0.0,0.0,0.0,0.0,0.0,0.0,0.0,0.0,0.0,0.0,0.0,58795.0,17.0,64888.0,49991.0,17.0,64903.0
59.49441396500333,0.0,0.0,0.0,0.0,0.0,0.0,0.0,0.0,0.0,0.0,0.0,0.0,0.0,58796.0,17.0,64908.0,49992.0,17.0,64921.0
59.514236888004234,0.0,0.0,0.0,0.0,0.0,0.0,0.0,0.0,0.0,0.0,0.0,0.0,0.0,58797.0,17.0,64928.0,49993.0,17.0,64941.0
59.53469378799491,0.0,0.0,0.0,0.0,0.0,0.0,0.0,0.0,0.0,0.0,0.0,0.0,0.0,58798.0,17.0,64948.0,49994.0,17.0,64961.0
59.55618783499813,0.0,0.0,0.0,0.0,0.0,0.0,0.0,0.0,0.0,0.0,0.0,0.0,0.0,58799.0,17.0,64968.0,49995.0,17.0,64981.0
59.59755637300259,0.0,0.0,0.0,0.0,0.0,0.0,0.0,0.0,0.0,0.0,0.0,0.0,0.0,58801.0,17.0,65008.0,49996.0,17.0,65011.0
59.59764125299989,0.0,0.0,0.0,0.0,0.0,0.0,0.0,0.0,0.0,0.0,0.0,0.0,0.0,58801.0,17.0,65008.0,49997.0,17.0,65018.0
59.676790697994875,0.0,0.0,0.0,0.0,0.0,0.0,0.0,0.0,0.0,0.0,0.0,0.0,0.0,58805.0,17.0,65088.0,50001.0,17.0,65102.0
59.69714787900739,0.0,0.0,0.0,0.0,0.0,0.0,0.0,0.0,0.0,0.0,0.0,0.0,0.0,58806.0,17.0,65108.0,50002.0,17.0,65121.0
59.71471929299878,0.0,0.0,0.0,0.0,0.0,0.0,0.0,0.0,0.0,0.0,0.0,0.0,0.0,58807.0,17.0,65128.0,50003.0,17.0,65141.0
59.73542883999471,0.0,0.0,0.0,0.0,0.0,0.0,0.0,0.0,0.0,0.0,0.0,0.0,0.0,58808.0,17.0,65148.0,50004.0,17.0,65161.0
59.75738276500488,0.0,0.0,0.0,0.0,0.0,0.0,0.0,0.0,0.0,0.0,0.0,0.0,0.0,58809.0,17.0,65168.0,50005.0,17.0,65181.0
59.89620168799593,0.0,0.0,0.0,0.0,0.0,0.0,0.0,0.0,0.0,0.0,0.0,0.0,0.0,58811.0,17.0,65208.0,50006.0,17.0,65211.0
59.89631680599996,0.0,0.0,0.0,0.0,0.0,0.0,0.0,0.0,0.0,0.0,0.0,0.0,0.0,58811.0,17.0,65208.0,50007.0,17.0,65218.0
59.89638777000073,0.0,0.0,0.0,0.0,0.0,0.0,0.0,0.0,0.0,0.0,0.0,0.0,0.0,58813.0,17.0,65248.0,50008.0,17.0,65251.0
