time_s,left_target_rpm,left_actual_rpm,left_raw_pwm,left_final_pwm,right_target_rpm,right_actual_rpm,right_raw_pwm,right_final_pwm,sync_error_rpm,sync_correction_pwm,sync_active,startup_active,startup_fault,control_seq_mod65536,control_time_ms_hi16,control_time_ms_lo16,publish_seq_mod65536,publish_time_ms_hi16,publish_time_ms_lo16
0.3919109670096077,0.0,0.0,0.0,0.0,0.0,0.0,0.0,0.0,0.0,0.0,0.0,0.0,0.0,11325.0,3.0,32992.0,10138.0,3.0,33005.0
0.3920628129999386,0.0,0.0,0.0,0.0,0.0,0.0,0.0,0.0,0.0,0.0,0.0,0.0,0.0,11326.0,3.0,33012.0,10139.0,3.0,33025.0
0.39213802499580197,0.0,0.0,0.0,0.0,0.0,0.0,0.0,0.0,0.0,0.0,0.0,0.0,0.0,11327.0,3.0,33032.0,10140.0,3.0,33047.0
0.3922158409986878,0.0,0.0,0.0,0.0,0.0,0.0,0.0,0.0,0.0,0.0,0.0,0.0,0.0,11328.0,3.0,33052.0,10141.0,3.0,33056.0
0.39228128700051457,0.0,0.0,0.0,0.0,0.0,0.0,0.0,0.0,0.0,0.0,0.0,0.0,0.0,11329.0,3.0,33072.0,10142.0,3.0,33075.0
0.3923439380014315,0.0,0.0,0.0,0.0,0.0,0.0,0.0,0.0,0.0,0.0,0.0,0.0,0.0,11330.0,3.0,33092.0,10143.0,3.0,33095.0
0.3924042060098145,0.0,0.0,0.0,0.0,0.0,0.0,0.0,0.0,0.0,0.0,0.0,0.0,0.0,11331.0,3.0,33112.0,10144.0,3.0,33115.0
0.3924645240040263,0.0,0.0,0.0,0.0,0.0,0.0,0.0,0.0,0.0,0.0,0.0,0.0,0.0,11332.0,3.0,33132.0,10145.0,3.0,33135.0
0.3925258530071005,0.0,0.0,0.0,0.0,0.0,0.0,0.0,0.0,0.0,0.0,0.0,0.0,0.0,11333.0,3.0,33152.0,10146.0,3.0,33165.0
0.3925856499990914,0.0,0.0,0.0,0.0,0.0,0.0,0.0,0.0,0.0,0.0,0.0,0.0,0.0,11334.0,3.0,33172.0,10147.0,3.0,33185.0
0.392645927000558,0.0,0.0,0.0,0.0,0.0,0.0,0.0,0.0,0.0,0.0,0.0,0.0,0.0,11335.0,3.0,33192.0,10148.0,3.0,33205.0
0.3927081380097661,0.0,0.0,0.0,0.0,0.0,0.0,0.0,0.0,0.0,0.0,0.0,0.0,0.0,11336.0,3.0,33212.0,10149.0,3.0,33225.0
0.39276958799746353,0.0,0.0,0.0,0.0,0.0,0.0,0.0,0.0,0.0,0.0,0.0,0.0,0.0,11337.0,3.0,33232.0,10150.0,3.0,33244.0
0.3928315380035201,0.0,0.0,0.0,0.0,0.0,0.0,0.0,0.0,0.0,0.0,0.0,0.0,0.0,11338.0,3.0,33252.0,10151.0,3.0,33254.0
0.39292082299652975,0.0,0.0,0.0,0.0,0.0,0.0,0.0,0.0,0.0,0.0,0.0,0.0,0.0,11339.0,3.0,33272.0,10152.0,3.0,33285.0
0.39300915600324515,0.0,0.0,0.0,0.0,0.0,0.0,0.0,0.0,0.0,0.0,0.0,0.0,0.0,11340.0,3.0,33292.0,10153.0,3.0,33305.0
0.39309845100797247,0.0,0.0,0.0,0.0,0.0,0.0,0.0,0.0,0.0,0.0,0.0,0.0,0.0,11341.0,3.0,33312.0,10154.0,3.0,33325.0
0.39316103199962527,0.0,0.0,0.0,0.0,0.0,0.0,0.0,0.0,0.0,0.0,0.0,0.0,0.0,11342.0,3.0,33332.0,10155.0,3.0,33345.0
0.3934193800087087,0.0,0.0,0.0,0.0,0.0,0.0,0.0,0.0,0.0,0.0,0.0,0.0,0.0,11343.0,3.0,33352.0,10156.0,3.0,33355.0
0.39351018800516613,0.0,0.0,0.0,0.0,0.0,0.0,0.0,0.0,0.0,0.0,0.0,0.0,0.0,11344.0,3.0,33372.0,10157.0,3.0,33385.0
0.3935969180020038,0.0,0.0,0.0,0.0,0.0,0.0,0.0,0.0,0.0,0.0,0.0,0.0,0.0,11345.0,3.0,33392.0,10158.0,3.0,33405.0
0.3936562140006572,0.0,0.0,0.0,0.0,0.0,0.0,0.0,0.0,0.0,0.0,0.0,0.0,0.0,11346.0,3.0,33412.0,10159.0,3.0,33425.0
0.41197015400393866,0.0,0.0,0.0,0.0,0.0,0.0,0.0,0.0,0.0,0.0,0.0,0.0,0.0,11347.0,3.0,33432.0,10160.0,3.0,33445.0
0.4197905030014226,0.0,0.0,0.0,0.0,0.0,0.0,0.0,0.0,0.0,0.0,0.0,0.0,0.0,11348.0,3.0,33452.0,10161.0,3.0,33456.0
0.43958958800067194,0.0,0.0,0.0,0.0,0.0,0.0,0.0,0.0,0.0,0.0,0.0,0.0,0.0,11349.0,3.0,33472.0,10162.0,3.0,33475.0
0.4687656650057761,0.0,0.0,0.0,0.0,0.0,0.0,0.0,0.0,0.0,0.0,0.0,0.0,0.0,11350.0,3.0,33492.0,10163.0,3.0,33505.0
0.48900186900573317,0.0,0.0,0.0,0.0,0.0,0.0,0.0,0.0,0.0,0.0,0.0,0.0,0.0,11351.0,3.0,33512.0,10164.0,3.0,33525.0
0.5112788480037125,0.0,0.0,0.0,0.0,0.0,0.0,0.0,0.0,0.0,0.0,0.0,0.0,0.0,11352.0,3.0,33532.0,10165.0,3.0,33547.0
0.5245254390029004,0.0,0.0,0.0,0.0,0.0,0.0,0.0,0.0,0.0,0.0,0.0,0.0,0.0,11353.0,3.0,33552.0,10166.0,3.0,33557.0
0.54105005900783,0.0,0.0,0.0,0.0,0.0,0.0,0.0,0.0,0.0,0.0,0.0,0.0,0.0,11354.0,3.0,33572.0,10167.0,3.0,33575.0
0.5715097860083915,0.0,0.0,0.0,0.0,0.0,0.0,0.0,0.0,0.0,0.0,0.0,0.0,0.0,11355.0,3.0,33592.0,10168.0,3.0,33605.0
0.5886105800018413,0.0,0.0,0.0,0.0,0.0,0.0,0.0,0.0,0.0,0.0,0.0,0.0,0.0,11356.0,3.0,33612.0,10169.0,3.0,33625.0
0.6083847950067138,0.0,0.0,0.0,0.0,0.0,0.0,0.0,0.0,0.0,0.0,0.0,0.0,0.0,11357.0,3.0,33632.0,10170.0,3.0,33645.0
0.6230034879990853,0.0,0.0,0.0,0.0,0.0,0.0,0.0,0.0,0.0,0.0,0.0,0.0,0.0,11358.0,3.0,33652.0,10171.0,3.0,33654.0
0.7512079750013072,0.0,0.0,0.0,0.0,0.0,0.0,0.0,0.0,0.0,0.0,0.0,0.0,0.0,11359.0,3.0,33672.0,10172.0,3.0,33685.0
0.7513315050018718,0.0,0.0,0.0,0.0,0.0,0.0,0.0,0.0,0.0,0.0,0.0,0.0,0.0,11360.0,3.0,33692.0,10173.0,3.0,33705.0
0.7514119359984761,0.0,0.0,0.0,0.0,0.0,0.0,0.0,0.0,0.0,0.0,0.0,0.0,0.0,11361.0,3.0,33712.0,10174.0,3.0,33725.0
0.7514799960044911,0.0,0.0,0.0,0.0,0.0,0.0,0.0,0.0,0.0,0.0,0.0,0.0,0.0,11362.0,3.0,33732.0,10175.0,3.0,33745.0
0.7515452520019608,0.0,0.0,0.0,0.0,0.0,0.0,0.0,0.0,0.0,0.0,0.0,0.0,0.0,11363.0,3.0,33752.0,10176.0,3.0,33755.0
0.7516075730090961,0.0,0.0,0.0,0.0,0.0,0.0,0.0,0.0,0.0,0.0,0.0,0.0,0.0,11364.0,3.0,33772.0,10177.0,3.0,33785.0
0.7742332670022734,0.0,0.0,0.0,0.0,0.0,0.0,0.0,0.0,0.0,0.0,0.0,0.0,0.0,11365.0,3.0,33792.0,10178.0,3.0,33805.0
0.7894565699971281,0.0,0.0,0.0,0.0,0.0,0.0,0.0,0.0,0.0,0.0,0.0,0.0,0.0,11366.0,3.0,33812.0,10179.0,3.0,33825.0
0.8091466589976335,0.0,0.0,0.0,0.0,0.0,0.0,0.0,0.0,0.0,0.0,0.0,0.0,0.0,11367.0,3.0,33832.0,10180.0,3.0,33845.0
0.821469482005341,0.0,0.0,0.0,0.0,0.0,0.0,0.0,0.0,0.0,0.0,0.0,0.0,0.0,11368.0,3.0,33852.0,10181.0,3.0,33855.0
0.8484011530090356,0.0,0.0,0.0,0.0,0.0,0.0,0.0,0.0,0.0,0.0,0.0,0.0,0.0,11369.0,3.0,33872.0,10182.0,3.0,33885.0
0.9758243450050941,0.0,0.0,0.0,0.0,0.0,0.0,0.0,0.0,0.0,0.0,0.0,0.0,0.0,11376.0,3.0,34012.0,10183.0,3.0,34012.0
0.9832757560070604,0.0,0.0,0.0,0.0,0.0,0.0,0.0,0.0,0.0,0.0,0.0,0.0,0.0,11376.0,3.0,34012.0,10184.0,3.0,34019.0
1.0109650140075246,0.0,0.0,0.0,0.0,0.0,0.0,0.0,0.0,0.0,0.0,0.0,0.0,0.0,11377.0,3.0,34032.0,10185.0,3.0,34047.0
1.0208019200072158,0.0,0.0,0.0,0.0,0.0,0.0,0.0,0.0,0.0,0.0,0.0,0.0,0.0,11378.0,3.0,34052.0,10186.0,3.0,34057.0
1.0397272300033364,0.0,0.0,0.0,0.0,0.0,0.0,0.0,0.0,0.0,0.0,0.0,0.0,0.0,11379.0,3.0,34072.0,10187.0,3.0,34075.0
1.0688380310020875,0.0,0.0,0.0,0.0,0.0,0.0,0.0,0.0,0.0,0.0,0.0,0.0,0.0,11380.0,3.0,34092.0,10188.0,3.0,34105.0
1.1355069580022246,0.0,0.0,0.0,0.0,0.0,0.0,0.0,0.0,0.0,0.0,0.0,0.0,0.0,11381.0,3.0,34112.0,10189.0,3.0,34125.0
1.1358018659957452,0.0,0.0,0.0,0.0,0.0,0.0,0.0,0.0,0.0,0.0,0.0,0.0,0.0,11382.0,3.0,34132.0,10190.0,3.0,34145.0
1.1358866329974262,0.0,0.0,0.0,0.0,0.0,0.0,0.0,0.0,0.0,0.0,0.0,0.0,0.0,11383.0,3.0,34152.0,10191.0,3.0,34155.0
1.176778530003503,0.0,0.0,0.0,0.0,0.0,0.0,0.0,0.0,0.0,0.0,0.0,0.0,0.0,11384.0,3.0,34172.0,10192.0,3.0,34185.0
1.176951490007923,0.0,0.0,0.0,0.0,0.0,0.0,0.0,0.0,0.0,0.0,0.0,0.0,0.0,11385.0,3.0,34192.0,10193.0,3.0,34205.0
1.4048059990018373,0.0,0.0,0.0,0.0,0.0,0.0,0.0,0.0,0.0,0.0,0.0,0.0,0.0,11386.0,3.0,34212.0,10194.0,3.0,34225.0
1.4052298960014014,0.0,0.0,0.0,0.0,0.0,0.0,0.0,0.0,0.0,0.0,0.0,0.0,0.0,11387.0,3.0,34232.0,10195.0,3.0,34245.0
1.4053121100005228,0.0,0.0,0.0,0.0,0.0,0.0,0.0,0.0,0.0,0.0,0.0,0.0,0.0,11388.0,3.0,34252.0,10196.0,3.0,34255.0
1.4053830949997064,0.0,0.0,0.0,0.0,0.0,0.0,0.0,0.0,0.0,0.0,0.0,0.0,0.0,11389.0,3.0,34272.0,10197.0,3.0,34285.0
1.4054489209956955,0.0,0.0,0.0,0.0,0.0,0.0,0.0,0.0,0.0,0.0,0.0,0.0,0.0,11390.0,3.0,34292.0,10198.0,3.0,34305.0
1.4055102209968027,0.0,0.0,0.0,0.0,0.0,0.0,0.0,0.0,0.0,0.0,0.0,0.0,0.0,11391.0,3.0,34312.0,10199.0,3.0,34325.0
1.405571700001019,0.0,0.0,0.0,0.0,0.0,0.0,0.0,0.0,0.0,0.0,0.0,0.0,0.0,11392.0,3.0,34332.0,10200.0,3.0,34345.0
1.405632729001809,0.0,0.0,0.0,0.0,0.0,0.0,0.0,0.0,0.0,0.0,0.0,0.0,0.0,11393.0,3.0,34352.0,10201.0,3.0,34355.0
1.4056961120077176,0.0,0.0,0.0,0.0,0.0,0.0,0.0,0.0,0.0,0.0,0.0,0.0,0.0,11394.0,3.0,34372.0,10202.0,3.0,34385.0
1.4057578820065828,0.0,0.0,0.0,0.0,0.0,0.0,0.0,0.0,0.0,0.0,0.0,0.0,0.0,11395.0,3.0,34392.0,10203.0,3.0,34405.0
1.405819692008663,0.0,0.0,0.0,0.0,0.0,0.0,0.0,0.0,0.0,0.0,0.0,0.0,0.0,11396.0,3.0,34412.0,10204.0,3.0,34425.0
1.408698038008879,0.0,0.0,0.0,0.0,0.0,0.0,0.0,0.0,0.0,0.0,0.0,0.0,0.0,11397.0,3.0,34432.0,10205.0,3.0,34445.0
1.4283283050026512,0.0,0.0,0.0,0.0,0.0,0.0,0.0,0.0,0.0,0.0,0.0,0.0,0.0,11398.0,3.0,34452.0,10206.0,3.0,34455.0
1.4494781859975774,0.0,0.0,0.0,0.0,0.0,0.0,0.0,0.0,0.0,0.0,0.0,0.0,0.0,11399.0,3.0,34472.0,10207.0,3.0,34485.0
1.46909666400461,0.0,0.0,0.0,0.0,0.0,0.0,0.0,0.0,0.0,0.0,0.0,0.0,0.0,11400.0,3.0,34492.0,10208.0,3.0,34505.0
1.489191254004254,0.0,0.0,0.0,0.0,0.0,0.0,0.0,0.0,0.0,0.0,0.0,0.0,0.0,11401.0,3.0,34512.0,10209.0,3.0,34525.0
1.623873211996397,0.0,0.0,0.0,0.0,0.0,0.0,0.0,0.0,0.0,0.0,0.0,0.0,0.0,11402.0,3.0,34532.0,10210.0,3.0,34546.0
1.6243911619967548,0.0,0.0,0.0,0.0,0.0,0.0,0.0,0.0,0.0,0.0,0.0,0.0,0.0,11403.0,3.0,34552.0,10211.0,3.0,34556.0
1.624697859006119,0.0,0.0,0.0,0.0,0.0,0.0,0.0,0.0,0.0,0.0,0.0,0.0,0.0,11404.0,3.0,34572.0,10212.0,3.0,34575.0
1.6249639300076524,0.0,0.0,0.0,0.0,0.0,0.0,0.0,0.0,0.0,0.0,0.0,0.0,0.0,11405.0,3.0,34592.0,10213.0,3.0,34605.0
1.625291821997962,0.0,0.0,0.0,0.0,0.0,0.0,0.0,0.0,0.0,0.0,0.0,0.0,0.0,11406.0,3.0,34612.0,10214.0,3.0,34625.0
1.6254344430053607,0.0,0.0,0.0,0.0,0.0,0.0,0.0,0.0,0.0,0.0,0.0,0.0,0.0,11407.0,3.0,34632.0,10215.0,3.0,34646.0
1.6255060690018581,0.0,0.0,0.0,0.0,0.0,0.0,0.0,0.0,0.0,0.0,0.0,0.0,0.0,11408.0,3.0,34652.0,10216.0,3.0,34656.0
1.6405641260062112,0.0,0.0,0.0,0.0,0.0,0.0,0.0,0.0,0.0,0.0,0.0,0.0,0.0,11409.0,3.0,34672.0,10217.0,3.0,34675.0
1.668943363998551,0.0,0.0,0.0,0.0,0.0,0.0,0.0,0.0,0.0,0.0,0.0,0.0,0.0,11410.0,3.0,34692.0,10218.0,3.0,34705.0
1.6894573140016291,0.0,0.0,0.0,0.0,0.0,0.0,0.0,0.0,0.0,0.0,0.0,0.0,0.0,11411.0,3.0,34712.0,10219.0,3.0,34725.0
1.7079127370088827,0.0,0.0,0.0,0.0,0.0,0.0,0.0,0.0,0.0,0.0,0.0,0.0,0.0,11412.0,3.0,34732.0,10220.0,3.0,34744.0
1.7176149930019164,0.0,0.0,0.0,0.0,0.0,0.0,0.0,0.0,0.0,0.0,0.0,0.0,0.0,11413.0,3.0,34753.0,10221.0,3.0,34754.0
1.8173354140017182,0.0,0.0,0.0,0.0,0.0,0.0,0.0,0.0,0.0,0.0,0.0,0.0,0.0,11414.0,3.0,34772.0,10222.0,3.0,34785.0
1.8177604630036512,0.0,0.0,0.0,0.0,0.0,0.0,0.0,0.0,0.0,0.0,0.0,0.0,0.0,11415.0,3.0,34792.0,10223.0,3.0,34805.0
1.8179804789979244,0.0,0.0,0.0,0.0,0.0,0.0,0.0,0.0,0.0,0.0,0.0,0.0,0.0,11416.0,3.0,34812.0,10224.0,3.0,34825.0
1.8180470969964517,0.0,0.0,0.0,0.0,0.0,0.0,0.0,0.0,0.0,0.0,0.0,0.0,0.0,11417.0,3.0,34832.0,10225.0,3.0,34845.0
1.8451581400004216,0.0,0.0,0.0,0.0,0.0,0.0,0.0,0.0,0.0,0.0,0.0,0.0,0.0,11418.0,3.0,34853.0,10226.0,3.0,34854.0
1.848413857005653,0.0,0.0,0.0,0.0,0.0,0.0,0.0,0.0,0.0,0.0,0.0,0.0,0.0,11419.0,3.0,34872.0,10227.0,3.0,34885.0
1.8682179559982615,0.0,0.0,0.0,0.0,0.0,0.0,0.0,0.0,0.0,0.0,0.0,0.0,0.0,11420.0,3.0,34892.0,10228.0,3.0,34905.0
1.8894758820097195,0.0,0.0,0.0,0.0,0.0,0.0,0.0,0.0,0.0,0.0,0.0,0.0,0.0,11421.0,3.0,34912.0,10229.0,3.0,34925.0
1.9106456450099358,0.0,0.0,0.0,0.0,0.0,0.0,0.0,0.0,0.0,0.0,0.0,0.0,0.0,11422.0,3.0,34932.0,10230.0,3.0,34945.0
1.9182824230083497,0.0,0.0,0.0,0.0,0.0,0.0,0.0,0.0,0.0,0.0,0.0,0.0,0.0,11423.0,3.0,34952.0,10231.0,3.0,34955.0
2.035253554000519,0.0,0.0,0.0,0.0,0.0,0.0,0.0,0.0,0.0,0.0,0.0,0.0,0.0,11424.0,3.0,34972.0,10232.0,3.0,34985.0
2.03562483600399,0.0,0.0,0.0,0.0,0.0,0.0,0.0,0.0,0.0,0.0,0.0,0.0,0.0,11425.0,3.0,34992.0,10233.0,3.0,35005.0
2.03575928400096,0.0,0.0,0.0,0.0,0.0,0.0,0.0,0.0,0.0,0.0,0.0,0.0,0.0,11426.0,3.0,35012.0,10234.0,3.0,35025.0
2.035827154002618,0.0,0.0,0.0,0.0,0.0,0.0,0.0,0.0,0.0,0.0,0.0,0.0,0.0,11427.0,3.0,35032.0,10235.0,3.0,35046.0
2.036289573996328,0.0,0.0,0.0,0.0,0.0,0.0,0.0,0.0,0.0,0.0,0.0,0.0,0.0,11428.0,3.0,35052.0,10236.0,3.0,35057.0
2.063295505999122,0.0,0.0,0.0,0.0,0.0,0.0,0.0,0.0,0.0,0.0,0.0,0.0,0.0,11429.0,3.0,35072.0,10237.0,3.0,35075.0
2.0701100709993625,0.0,0.0,0.0,0.0,0.0,0.0,0.0,0.0,0.0,0.0,0.0,0.0,0.0,11430.0,3.0,35092.0,10238.0,3.0,35105.0
2.088418757004547,0.0,0.0,0.0,0.0,0.0,0.0,0.0,0.0,0.0,0.0,0.0,0.0,0.0,11431.0,3.0,35112.0,10239.0,3.0,35125.0
2.108063598003355,0.0,0.0,0.0,0.0,0.0,0.0,0.0,0.0,0.0,0.0,0.0,0.0,0.0,11432.0,3.0,35132.0,10240.0,3.0,35145.0
2.1187613869988127,0.0,0.0,0.0,0.0,0.0,0.0,0.0,0.0,0.0,0.0,0.0,0.0,0.0,11433.0,3.0,35152.0,10241.0,3.0,35155.0
2.1535465990018565,0.0,0.0,0.0,0.0,0.0,0.0,0.0,0.0,0.0,0.0,0.0,0.0,0.0,11434.0,3.0,35172.0,10242.0,3.0,35185.0
2.1723624860023847,0.0,0.0,0.0,0.0,0.0,0.0,0.0,0.0,0.0,0.0,0.0,0.0,0.0,11435.0,3.0,35192.0,10243.0,3.0,35205.0
2.192382916007773,0.0,0.0,0.0,0.0,0.0,0.0,0.0,0.0,0.0,0.0,0.0,0.0,0.0,11436.0,3.0,35212.0,10244.0,3.0,35225.0
2.2099854270054493,0.0,0.0,0.0,0.0,0.0,0.0,0.0,0.0,0.0,0.0,0.0,0.0,0.0,11437.0,3.0,35232.0,10245.0,3.0,35245.0
2.2832001259957906,0.0,0.0,0.0,0.0,0.0,0.0,0.0,0.0,0.0,0.0,0.0,0.0,0.0,11438.0,3.0,35252.0,10246.0,3.0,35255.0
2.283390013995813,0.0,0.0,0.0,0.0,0.0,0.0,0.0,0.0,0.0,0.0,0.0,0.0,0.0,11439.0,3.0,35272.0,10247.0,3.0,35285.0
2.2834702740074135,0.0,0.0,0.0,0.0,0.0,0.0,0.0,0.0,0.0,0.0,0.0,0.0,0.0,11440.0,3.0,35292.0,10248.0,3.0,35305.0
2.288818151995656,0.0,0.0,0.0,0.0,0.0,0.0,0.0,0.0,0.0,0.0,0.0,0.0,0.0,11441.0,3.0,35312.0,10249.0,3.0,35325.0
2.308485820001806,0.0,0.0,0.0,0.0,0.0,0.0,0.0,0.0,0.0,0.0,0.0,0.0,0.0,11442.0,3.0,35332.0,10250.0,3.0,35345.0
2.321817389005446,0.0,0.0,0.0,0.0,0.0,0.0,0.0,0.0,0.0,0.0,0.0,0.0,0.0,11443.0,3.0,35352.0,10251.0,3.0,35355.0
2.349712602008367,0.0,0.0,0.0,0.0,0.0,0.0,0.0,0.0,0.0,0.0,0.0,0.0,0.0,11444.0,3.0,35372.0,10252.0,3.0,35385.0
2.3709747649991186,0.0,0.0,0.0,0.0,0.0,0.0,0.0,0.0,0.0,0.0,0.0,0.0,0.0,11445.0,3.0,35392.0,10253.0,3.0,35405.0
2.3907521340006497,0.0,0.0,0.0,0.0,0.0,0.0,0.0,0.0,0.0,0.0,0.0,0.0,0.0,11446.0,3.0,35412.0,10254.0,3.0,35425.0
2.504715140006738,0.0,0.0,0.0,0.0,0.0,0.0,0.0,0.0,0.0,0.0,0.0,0.0,0.0,11447.0,3.0,35432.0,10255.0,3.0,35445.0
2.505117202003021,0.0,0.0,0.0,0.0,0.0,0.0,0.0,0.0,0.0,0.0,0.0,0.0,0.0,11448.0,3.0,35452.0,10256.0,3.0,35455.0
2.5052290730091045,0.0,0.0,0.0,0.0,0.0,0.0,0.0,0.0,0.0,0.0,0.0,0.0,0.0,11449.0,3.0,35472.0,10257.0,3.0,35485.0
2.5053005490044598,0.0,0.0,0.0,0.0,0.0,0.0,0.0,0.0,0.0,0.0,0.0,0.0,0.0,11450.0,3.0,35492.0,10258.0,3.0,35505.0
2.5053669269982493,0.0,0.0,0.0,0.0,0.0,0.0,0.0,0.0,0.0,0.0,0.0,0.0,0.0,11451.0,3.0,35512.0,10259.0,3.0,35525.0
2.5101330949983094,0.0,0.0,0.0,0.0,0.0,0.0,0.0,0.0,0.0,0.0,0.0,0.0,0.0,11452.0,3.0,35532.0,10260.0,3.0,35546.0
2.5204684659984196,0.0,0.0,0.0,0.0,0.0,0.0,0.0,0.0,0.0,0.0,0.0,0.0,0.0,11453.0,3.0,35552.0,10261.0,3.0,35557.0
2.5460550480056554,0.0,0.0,0.0,0.0,0.0,0.0,0.0,0.0,0.0,0.0,0.0,0.0,0.0,11454.0,3.0,35572.0,10262.0,3.0,35575.0
2.5842169920069864,0.0,0.0,0.0,0.0,0.0,0.0,0.0,0.0,0.0,0.0,0.0,0.0,0.0,11455.0,3.0,35592.0,10263.0,3.0,35605.0
2.597961250008666,0.0,0.0,0.0,0.0,0.0,0.0,0.0,0.0,0.0,0.0,0.0,0.0,0.0,11456.0,3.0,35612.0,10264.0,3.0,35625.0
2.6099338549975073,0.0,0.0,0.0,0.0,0.0,0.0,0.0,0.0,0.0,0.0,0.0,0.0,0.0,11457.0,3.0,35632.0,10265.0,3.0,35645.0
2.726564516997314,0.0,0.0,0.0,0.0,0.0,0.0,0.0,0.0,0.0,0.0,0.0,0.0,0.0,11458.0,3.0,35652.0,10266.0,3.0,35655.0
2.726698373997351,0.0,0.0,0.0,0.0,0.0,0.0,0.0,0.0,0.0,0.0,0.0,0.0,0.0,11459.0,3.0,35672.0,10267.0,3.0,35685.0
2.726766886000405,0.0,0.0,0.0,0.0,0.0,0.0,0.0,0.0,0.0,0.0,0.0,0.0,0.0,11460.0,3.0,35692.0,10268.0,3.0,35705.0
2.726827072998276,0.0,0.0,0.0,0.0,0.0,0.0,0.0,0.0,0.0,0.0,0.0,0.0,0.0,11461.0,3.0,35712.0,10269.0,3.0,35725.0
2.7268842560006306,0.0,0.0,0.0,0.0,0.0,0.0,0.0,0.0,0.0,0.0,0.0,0.0,0.0,11462.0,3.0,35732.0,10270.0,3.0,35745.0
2.726941799002816,0.0,0.0,0.0,0.0,0.0,0.0,0.0,0.0,0.0,0.0,0.0,0.0,0.0,11463.0,3.0,35752.0,10271.0,3.0,35756.0
2.73787053200067,0.0,0.0,0.0,0.0,0.0,0.0,0.0,0.0,0.0,0.0,0.0,0.0,0.0,11464.0,3.0,35772.0,10272.0,3.0,35775.0
2.768860736003262,0.0,0.0,0.0,0.0,0.0,0.0,0.0,0.0,0.0,0.0,0.0,0.0,0.0,11465.0,3.0,35792.0,10273.0,3.0,35804.0
2.788547140007722,0.0,0.0,0.0,0.0,0.0,0.0,0.0,0.0,0.0,0.0,0.0,0.0,0.0,11466.0,3.0,35812.0,10274.0,3.0,35824.0
2.8093860730004963,0.0,0.0,0.0,0.0,0.0,0.0,0.0,0.0,0.0,0.0,0.0,0.0,0.0,11467.0,3.0,35832.0,10275.0,3.0,35845.0
2.8186971719987923,0.0,0.0,0.0,0.0,0.0,0.0,0.0,0.0,0.0,0.0,0.0,0.0,0.0,11468.0,3.0,35852.0,10276.0,3.0,35855.0
2.9445560489984928,0.0,0.0,0.0,0.0,0.0,0.0,0.0,0.0,0.0,0.0,0.0,0.0,0.0,11469.0,3.0,35872.0,10277.0,3.0,35885.0
2.9598278240009677,0.0,0.0,0.0,0.0,0.0,0.0,0.0,0.0,0.0,0.0,0.0,0.0,0.0,11475.0,3.0,35992.0,10278.0,3.0,35995.0
2.9906450279959245,0.0,0.0,0.0,0.0,0.0,0.0,0.0,0.0,0.0,0.0,0.0,0.0,0.0,11476.0,3.0,36012.0,10279.0,3.0,36025.0
3.010311018995708,0.0,0.0,0.0,0.0,0.0,0.0,0.0,0.0,0.0,0.0,0.0,0.0,0.0,11477.0,3.0,36032.0,10280.0,3.0,36046.0
3.0210995039960835,0.0,0.0,0.0,0.0,0.0,0.0,0.0,0.0,0.0,0.0,0.0,0.0,0.0,11478.0,3.0,36052.0,10281.0,3.0,36056.0
3.039591652006493,0.0,0.0,0.0,0.0,0.0,0.0,0.0,0.0,0.0,0.0,0.0,0.0,0.0,11479.0,3.0,36072.0,10282.0,3.0,36075.0
3.1666645070072263,0.0,0.0,0.0,0.0,0.0,0.0,0.0,0.0,0.0,0.0,0.0,0.0,0.0,11480.0,3.0,36092.0,10283.0,3.0,36105.0
3.1778325470077107,0.0,0.0,0.0,0.0,0.0,0.0,0.0,0.0,0.0,0.0,0.0,0.0,0.0,11481.0,3.0,36112.0,10284.0,3.0,36125.0
3.1781912190053845,0.0,0.0,0.0,0.0,0.0,0.0,0.0,0.0,0.0,0.0,0.0,0.0,0.0,11482.0,3.0,36132.0,10285.0,3.0,36145.0
3.178460595998331,0.0,0.0,0.0,0.0,0.0,0.0,0.0,0.0,0.0,0.0,0.0,0.0,0.0,11483.0,3.0,36152.0,10286.0,3.0,36155.0
3.178706785009126,0.0,0.0,0.0,0.0,0.0,0.0,0.0,0.0,0.0,0.0,0.0,0.0,0.0,11484.0,3.0,36172.0,10287.0,3.0,36185.0
3.1789765919966158,0.0,0.0,0.0,0.0,0.0,0.0,0.0,0.0,0.0,0.0,0.0,0.0,0.0,11485.0,3.0,36192.0,10288.0,3.0,36205.0
3.1912279200041667,0.0,0.0,0.0,0.0,0.0,0.0,0.0,0.0,0.0,0.0,0.0,0.0,0.0,11486.0,3.0,36212.0,10289.0,3.0,36225.0
3.208433731007972,0.0,0.0,0.0,0.0,0.0,0.0,0.0,0.0,0.0,0.0,0.0,0.0,0.0,11487.0,3.0,36232.0,10290.0,3.0,36245.0
3.217909397004405,0.0,0.0,0.0,0.0,0.0,0.0,0.0,0.0,0.0,0.0,0.0,0.0,0.0,11488.0,3.0,36252.0,10291.0,3.0,36255.0
3.2486208900081692,0.0,0.0,0.0,0.0,0.0,0.0,0.0,0.0,0.0,0.0,0.0,0.0,0.0,11489.0,3.0,36272.0,10292.0,3.0,36285.0
3.3847562709997874,0.0,0.0,0.0,0.0,0.0,0.0,0.0,0.0,0.0,0.0,0.0,0.0,0.0,11490.0,3.0,36292.0,10293.0,3.0,36305.0
3.385137309000129,0.0,0.0,0.0,0.0,0.0,0.0,0.0,0.0,0.0,0.0,0.0,0.0,0.0,11491.0,3.0,36312.0,10294.0,3.0,36325.0
3.385394605997135,0.0,0.0,0.0,0.0,0.0,0.0,0.0,0.0,0.0,0.0,0.0,0.0,0.0,11492.0,3.0,36332.0,10295.0,3.0,36345.0
3.3856225260096835,0.0,0.0,0.0,0.0,0.0,0.0,0.0,0.0,0.0,0.0,0.0,0.0,0.0,11493.0,3.0,36352.0,10296.0,3.0,36355.0
3.3857648260018323,0.0,0.0,0.0,0.0,0.0,0.0,0.0,0.0,0.0,0.0,0.0,0.0,0.0,11494.0,3.0,36372.0,10297.0,3.0,36385.0
3.3858203160052653,0.0,0.0,0.0,0.0,0.0,0.0,0.0,0.0,0.0,0.0,0.0,0.0,0.0,11495.0,3.0,36392.0,10298.0,3.0,36405.0
3.400548941004672,0.0,0.0,0.0,0.0,0.0,0.0,0.0,0.0,0.0,0.0,0.0,0.0,0.0,11496.0,3.0,36412.0,10299.0,3.0,36425.0
3.4082156399963424,0.0,0.0,0.0,0.0,0.0,0.0,0.0,0.0,0.0,0.0,0.0,0.0,0.0,11497.0,3.0,36432.0,10300.0,3.0,36445.0
3.4179069829988293,0.0,0.0,0.0,0.0,0.0,0.0,0.0,0.0,0.0,0.0,0.0,0.0,0.0,11498.0,3.0,36452.0,10301.0,3.0,36455.0
3.449730724998517,0.0,0.0,0.0,0.0,0.0,0.0,0.0,0.0,0.0,0.0,0.0,0.0,0.0,11499.0,3.0,36472.0,10302.0,3.0,36484.0
3.4690224040095927,0.0,0.0,0.0,0.0,0.0,0.0,0.0,0.0,0.0,0.0,0.0,0.0,0.0,11500.0,3.0,36492.0,10303.0,3.0,36505.0
3.4894923039973946,0.0,0.0,0.0,0.0,0.0,0.0,0.0,0.0,0.0,0.0,0.0,0.0,0.0,11501.0,3.0,36512.0,10304.0,3.0,36525.0
3.605788205008139,0.0,0.0,0.0,0.0,0.0,0.0,0.0,0.0,0.0,0.0,0.0,0.0,0.0,11502.0,3.0,36532.0,10305.0,3.0,36546.0
3.6058927240082994,0.0,0.0,0.0,0.0,0.0,0.0,0.0,0.0,0.0,0.0,0.0,0.0,0.0,11503.0,3.0,36552.0,10306.0,3.0,36556.0
3.605960333996336,0.0,0.0,0.0,0.0,0.0,0.0,0.0,0.0,0.0,0.0,0.0,0.0,0.0,11504.0,3.0,36572.0,10307.0,3.0,36575.0
3.6060200610081665,0.0,0.0,0.0,0.0,0.0,0.0,0.0,0.0,0.0,0.0,0.0,0.0,0.0,11505.0,3.0,36592.0,10308.0,3.0,36605.0
3.606083343998762,0.0,0.0,0.0,0.0,0.0,0.0,0.0,0.0,0.0,0.0,0.0,0.0,0.0,11506.0,3.0,36612.0,10309.0,3.0,36624.0
3.608464086006279,0.0,0.0,0.0,0.0,0.0,0.0,0.0,0.0,0.0,0.0,0.0,0.0,0.0,11507.0,3.0,36632.0,10310.0,3.0,36645.0
3.61740502199973,0.0,0.0,0.0,0.0,0.0,0.0,0.0,0.0,0.0,0.0,0.0,0.0,0.0,11508.0,3.0,36652.0,10311.0,3.0,36655.0
3.650539711001329,0.0,0.0,0.0,0.0,0.0,0.0,0.0,0.0,0.0,0.0,0.0,0.0,0.0,11509.0,3.0,36672.0,10312.0,3.0,36685.0
3.667311281009461,0.0,0.0,0.0,0.0,0.0,0.0,0.0,0.0,0.0,0.0,0.0,0.0,0.0,11510.0,3.0,36692.0,10313.0,3.0,36705.0
3.690346914008842,0.0,0.0,0.0,0.0,0.0,0.0,0.0,0.0,0.0,0.0,0.0,0.0,0.0,11511.0,3.0,36712.0,10314.0,3.0,36725.0
3.7102713900094386,0.0,0.0,0.0,0.0,0.0,0.0,0.0,0.0,0.0,0.0,0.0,0.0,0.0,11512.0,3.0,36732.0,10315.0,3.0,36745.0
3.790849502009223,0.0,0.0,0.0,0.0,0.0,0.0,0.0,0.0,0.0,0.0,0.0,0.0,0.0,11513.0,3.0,36752.0,10316.0,3.0,36754.0
3.7910140480089467,0.0,0.0,0.0,0.0,0.0,0.0,0.0,0.0,0.0,0.0,0.0,0.0,0.0,11514.0,3.0,36772.0,10317.0,3.0,36785.0
3.7910905629978515,0.0,0.0,0.0,0.0,0.0,0.0,0.0,0.0,0.0,0.0,0.0,0.0,0.0,11515.0,3.0,36792.0,10318.0,3.0,36805.0
3.7911689300090075,0.0,0.0,0.0,0.0,0.0,0.0,0.0,0.0,0.0,0.0,0.0,0.0,0.0,11516.0,3.0,36812.0,10319.0,3.0,36825.0
3.8262421330000507,0.0,0.0,0.0,0.0,0.0,0.0,0.0,0.0,0.0,0.0,0.0,0.0,0.0,11517.0,3.0,36832.0,10320.0,3.0,36845.0
3.82631623299676,0.0,0.0,0.0,0.0,0.0,0.0,0.0,0.0,0.0,0.0,0.0,0.0,0.0,11518.0,3.0,36852.0,10321.0,3.0,36855.0
3.8489237720059464,0.0,0.0,0.0,0.0,0.0,0.0,0.0,0.0,0.0,0.0,0.0,0.0,0.0,11519.0,3.0,36872.0,10322.0,3.0,36885.0
3.86801345400454,0.0,0.0,0.0,0.0,0.0,0.0,0.0,0.0,0.0,0.0,0.0,0.0,0.0,11520.0,3.0,36892.0,10323.0,3.0,36905.0
3.8879100240010303,0.0,0.0,0.0,0.0,0.0,0.0,0.0,0.0,0.0,0.0,0.0,0.0,0.0,11521.0,3.0,36912.0,10324.0,3.0,36925.0
3.907352037000237,0.0,0.0,0.0,0.0,0.0,0.0,0.0,0.0,0.0,0.0,0.0,0.0,0.0,11522.0,3.0,36932.0,10325.0,3.0,36945.0
3.9185647490085103,0.0,0.0,0.0,0.0,0.0,0.0,0.0,0.0,0.0,0.0,0.0,0.0,0.0,11523.0,3.0,36952.0,10326.0,3.0,36955.0
4.043627663006191,0.0,0.0,0.0,0.0,0.0,0.0,0.0,0.0,0.0,0.0,0.0,0.0,0.0,11524.0,3.0,36972.0,10327.0,3.0,36985.0
4.043712950995541,0.0,0.0,0.0,0.0,0.0,0.0,0.0,0.0,0.0,0.0,0.0,0.0,0.0,11525.0,3.0,36992.0,10328.0,3.0,37005.0
4.0437808010028675,0.0,0.0,0.0,0.0,0.0,0.0,0.0,0.0,0.0,0.0,0.0,0.0,0.0,11526.0,3.0,37012.0,10329.0,3.0,37025.0
4.0438444550090935,0.0,0.0,0.0,0.0,0.0,0.0,0.0,0.0,0.0,0.0,0.0,0.0,0.0,11527.0,3.0,37032.0,10330.0,3.0,37046.0
4.043932316999417,0.0,0.0,0.0,0.0,0.0,0.0,0.0,0.0,0.0,0.0,0.0,0.0,0.0,11528.0,3.0,37052.0,10331.0,3.0,37057.0
4.043995600004564,0.0,0.0,0.0,0.0,0.0,0.0,0.0,0.0,0.0,0.0,0.0,0.0,0.0,11529.0,3.0,37072.0,10332.0,3.0,37075.0
4.067770121997455,0.0,0.0,0.0,0.0,0.0,0.0,0.0,0.0,0.0,0.0,0.0,0.0,0.0,11530.0,3.0,37092.0,10333.0,3.0,37105.0
4.088081466004951,0.0,0.0,0.0,0.0,0.0,0.0,0.0,0.0,0.0,0.0,0.0,0.0,0.0,11531.0,3.0,37112.0,10334.0,3.0,37125.0
4.112003778005601,0.0,0.0,0.0,0.0,0.0,0.0,0.0,0.0,0.0,0.0,0.0,0.0,0.0,11532.0,3.0,37132.0,10335.0,3.0,37145.0
4.118599819004885,0.0,0.0,0.0,0.0,0.0,0.0,0.0,0.0,0.0,0.0,0.0,0.0,0.0,11533.0,3.0,37152.0,10336.0,3.0,37155.0
4.14785708700947,0.0,0.0,0.0,0.0,0.0,0.0,0.0,0.0,0.0,0.0,0.0,0.0,0.0,11534.0,3.0,37172.0,10337.0,3.0,37185.0
4.23701211300795,0.0,0.0,0.0,0.0,0.0,0.0,0.0,0.0,0.0,0.0,0.0,0.0,0.0,11535.0,3.0,37192.0,10338.0,3.0,37205.0
4.23716216700268,0.0,0.0,0.0,0.0,0.0,0.0,0.0,0.0,0.0,0.0,0.0,0.0,0.0,11536.0,3.0,37212.0,10339.0,3.0,37225.0
4.2372405839996645,0.0,0.0,0.0,0.0,0.0,0.0,0.0,0.0,0.0,0.0,0.0,0.0,0.0,11537.0,3.0,37232.0,10340.0,3.0,37244.0
4.237301543005742,0.0,0.0,0.0,0.0,0.0,0.0,0.0,0.0,0.0,0.0,0.0,0.0,0.0,11538.0,3.0,37253.0,10341.0,3.0,37254.0
4.2677619120077,0.0,0.0,0.0,0.0,0.0,0.0,0.0,0.0,0.0,0.0,0.0,0.0,0.0,11539.0,3.0,37272.0,10342.0,3.0,37285.0
4.268087510004989,0.0,0.0,0.0,0.0,0.0,0.0,0.0,0.0,0.0,0.0,0.0,0.0,0.0,11540.0,3.0,37292.0,10343.0,3.0,37304.0
4.290015727005084,0.0,0.0,0.0,0.0,0.0,0.0,0.0,0.0,0.0,0.0,0.0,0.0,0.0,11541.0,3.0,37312.0,10344.0,3.0,37325.0
4.310480369007564,0.0,0.0,0.0,0.0,0.0,0.0,0.0,0.0,0.0,0.0,0.0,0.0,0.0,11542.0,3.0,37332.0,10345.0,3.0,37345.0
4.321628817007877,0.0,0.0,0.0,0.0,0.0,0.0,0.0,0.0,0.0,0.0,0.0,0.0,0.0,11543.0,3.0,37353.0,10346.0,3.0,37354.0
4.347313086997019,0.0,0.0,0.0,0.0,0.0,0.0,0.0,0.0,0.0,0.0,0.0,0.0,0.0,11544.0,3.0,37372.0,10347.0,3.0,37385.0
4.379580317996442,0.0,0.0,0.0,0.0,0.0,0.0,0.0,0.0,0.0,0.0,0.0,0.0,0.0,11545.0,3.0,37392.0,10348.0,3.0,37405.0
4.4846919200062985,0.0,0.0,0.0,0.0,0.0,0.0,0.0,0.0,0.0,0.0,0.0,0.0,0.0,11546.0,3.0,37412.0,10349.0,3.0,37425.0
4.48502784500306,0.0,0.0,0.0,0.0,0.0,0.0,0.0,0.0,0.0,0.0,0.0,0.0,0.0,11547.0,3.0,37432.0,10350.0,3.0,37445.0
4.485281476008822,0.0,0.0,0.0,0.0,0.0,0.0,0.0,0.0,0.0,0.0,0.0,0.0,0.0,11548.0,3.0,37452.0,10351.0,3.0,37455.0
4.485463282006094,0.0,0.0,0.0,0.0,0.0,0.0,0.0,0.0,0.0,0.0,0.0,0.0,0.0,11549.0,3.0,37472.0,10352.0,3.0,37485.0
4.485520344009274,0.0,0.0,0.0,0.0,0.0,0.0,0.0,0.0,0.0,0.0,0.0,0.0,0.0,11550.0,3.0,37492.0,10353.0,3.0,37505.0
4.4870248560037,0.0,0.0,0.0,0.0,0.0,0.0,0.0,0.0,0.0,0.0,0.0,0.0,0.0,11551.0,3.0,37512.0,10354.0,3.0,37525.0
4.513251618001959,0.0,0.0,0.0,0.0,0.0,0.0,0.0,0.0,0.0,0.0,0.0,0.0,0.0,11552.0,3.0,37532.0,10355.0,3.0,37546.0
4.5179459570063045,0.0,0.0,0.0,0.0,0.0,0.0,0.0,0.0,0.0,0.0,0.0,0.0,0.0,11553.0,3.0,37552.0,10356.0,3.0,37556.0
4.552076357998885,0.0,0.0,0.0,0.0,0.0,0.0,0.0,0.0,0.0,0.0,0.0,0.0,0.0,11554.0,3.0,37572.0,10357.0,3.0,37585.0
4.567566241006716,0.0,0.0,0.0,0.0,0.0,0.0,0.0,0.0,0.0,0.0,0.0,0.0,0.0,11555.0,3.0,37592.0,10358.0,3.0,37605.0
4.586636185005773,0.0,0.0,0.0,0.0,0.0,0.0,0.0,0.0,0.0,0.0,0.0,0.0,0.0,11556.0,3.0,37612.0,10359.0,3.0,37625.0
4.679912502004299,0.0,0.0,0.0,0.0,0.0,0.0,0.0,0.0,0.0,0.0,0.0,0.0,0.0,11557.0,3.0,37632.0,10360.0,3.0,37645.0
4.680225139003596,0.0,0.0,0.0,0.0,0.0,0.0,0.0,0.0,0.0,0.0,0.0,0.0,0.0,11558.0,3.0,37652.0,10361.0,3.0,37654.0
4.680462685006205,0.0,0.0,0.0,0.0,0.0,0.0,0.0,0.0,0.0,0.0,0.0,0.0,0.0,11559.0,3.0,37672.0,10362.0,3.0,37685.0
4.680675440002233,0.0,0.0,0.0,0.0,0.0,0.0,0.0,0.0,0.0,0.0,0.0,0.0,0.0,11560.0,3.0,37692.0,10363.0,3.0,37705.0
4.7042512580082985,0.0,0.0,0.0,0.0,0.0,0.0,0.0,0.0,0.0,0.0,0.0,0.0,0.0,11561.0,3.0,37712.0,10364.0,3.0,37725.0
4.7086783639970236,0.0,0.0,0.0,0.0,0.0,0.0,0.0,0.0,0.0,0.0,0.0,0.0,0.0,11562.0,3.0,37732.0,10365.0,3.0,37745.0
4.720695980999153,0.0,0.0,0.0,0.0,0.0,0.0,0.0,0.0,0.0,0.0,0.0,0.0,0.0,11563.0,3.0,37752.0,10366.0,3.0,37755.0
4.747770818998106,0.0,0.0,0.0,0.0,0.0,0.0,0.0,0.0,0.0,0.0,0.0,0.0,0.0,11564.0,3.0,37772.0,10367.0,3.0,37785.0
4.76673259800009,0.0,0.0,0.0,0.0,0.0,0.0,0.0,0.0,0.0,0.0,0.0,0.0,0.0,11565.0,3.0,37792.0,10368.0,3.0,37805.0
4.788244166004006,0.0,0.0,0.0,0.0,0.0,0.0,0.0,0.0,0.0,0.0,0.0,0.0,0.0,11566.0,3.0,37812.0,10369.0,3.0,37825.0
4.808780018996913,0.0,0.0,0.0,0.0,0.0,0.0,0.0,0.0,0.0,0.0,0.0,0.0,0.0,11567.0,3.0,37832.0,10370.0,3.0,37845.0
4.870353516002069,0.0,0.0,0.0,0.0,0.0,0.0,0.0,0.0,0.0,0.0,0.0,0.0,0.0,11568.0,3.0,37852.0,10371.0,3.0,37855.0
4.870668988005491,0.0,0.0,0.0,0.0,0.0,0.0,0.0,0.0,0.0,0.0,0.0,0.0,0.0,11569.0,3.0,37872.0,10372.0,3.0,37885.0
4.953087369009154,0.0,0.0,0.0,0.0,0.0,0.0,0.0,0.0,0.0,0.0,0.0,0.0,0.0,11574.0,3.0,37972.0,10373.0,3.0,37973.0
4.953287833996001,0.0,0.0,0.0,0.0,0.0,0.0,0.0,0.0,0.0,0.0,0.0,0.0,0.0,11574.0,3.0,37972.0,10374.0,3.0,37980.0
4.970870664998074,0.0,0.0,0.0,0.0,0.0,0.0,0.0,0.0,0.0,0.0,0.0,0.0,0.0,11575.0,3.0,37992.0,10375.0,3.0,38005.0
4.981539262007573,0.0,0.0,0.0,0.0,0.0,0.0,0.0,0.0,0.0,0.0,0.0,0.0,0.0,11576.0,3.0,38012.0,10376.0,3.0,38015.0
5.011766056006309,0.0,0.0,0.0,0.0,0.0,0.0,0.0,0.0,0.0,0.0,0.0,0.0,0.0,11577.0,3.0,38032.0,10377.0,3.0,38046.0
5.01882132900937,0.0,0.0,0.0,0.0,0.0,0.0,0.0,0.0,0.0,0.0,0.0,0.0,0.0,11578.0,3.0,38052.0,10378.0,3.0,38054.0
5.089182809009799,0.0,0.0,0.0,0.0,0.0,0.0,0.0,0.0,0.0,0.0,0.0,0.0,0.0,11579.0,3.0,38072.0,10379.0,3.0,38085.0
5.089366658008657,0.0,0.0,0.0,0.0,0.0,0.0,0.0,0.0,0.0,0.0,0.0,0.0,0.0,11580.0,3.0,38092.0,10380.0,3.0,38105.0
5.089438594004605,0.0,0.0,0.0,0.0,0.0,0.0,0.0,0.0,0.0,0.0,0.0,0.0,0.0,11581.0,3.0,38112.0,10381.0,3.0,38115.0
5.143410161006614,0.0,0.0,0.0,0.0,0.0,0.0,0.0,0.0,0.0,0.0,0.0,0.0,0.0,11582.0,3.0,38132.0,10382.0,3.0,38145.0
5.14359972901002,0.0,0.0,0.0,0.0,0.0,0.0,0.0,0.0,0.0,0.0,0.0,0.0,0.0,11583.0,3.0,38152.0,10383.0,3.0,38165.0
5.14727138899616,0.0,0.0,0.0,0.0,0.0,0.0,0.0,0.0,0.0,0.0,0.0,0.0,0.0,11584.0,3.0,38172.0,10384.0,3.0,38185.0
5.168109082005685,0.0,0.0,0.0,0.0,0.0,0.0,0.0,0.0,0.0,0.0,0.0,0.0,0.0,11585.0,3.0,38192.0,10385.0,3.0,38205.0
5.179576797003392,0.0,0.0,0.0,0.0,0.0,0.0,0.0,0.0,0.0,0.0,0.0,0.0,0.0,11586.0,3.0,38212.0,10386.0,3.0,38215.0
5.198021677002544,0.0,0.0,0.0,0.0,0.0,0.0,0.0,0.0,0.0,0.0,0.0,0.0,0.0,11587.0,3.0,38232.0,10387.0,3.0,38235.0
5.2298520839976845,0.0,0.0,0.0,0.0,0.0,0.0,0.0,0.0,0.0,0.0,0.0,0.0,0.0,11588.0,3.0,38252.0,10388.0,3.0,38265.0
5.247861566997017,0.0,0.0,0.0,0.0,0.0,0.0,0.0,0.0,0.0,0.0,0.0,0.0,0.0,11589.0,3.0,38272.0,10389.0,3.0,38285.0
5.362570672004949,0.0,0.0,0.0,0.0,0.0,0.0,0.0,0.0,0.0,0.0,0.0,0.0,0.0,11590.0,3.0,38292.0,10390.0,3.0,38305.0
5.3629016100021545,0.0,0.0,0.0,0.0,0.0,0.0,0.0,0.0,0.0,0.0,0.0,0.0,0.0,11591.0,3.0,38312.0,10391.0,3.0,38315.0
5.362973385999794,0.0,0.0,0.0,0.0,0.0,0.0,0.0,0.0,0.0,0.0,0.0,0.0,0.0,11592.0,3.0,38332.0,10392.0,3.0,38345.0
5.3630445820017485,0.0,0.0,0.0,0.0,0.0,0.0,0.0,0.0,0.0,0.0,0.0,0.0,0.0,11593.0,3.0,38352.0,10393.0,3.0,38365.0
5.3631049300020095,0.0,0.0,0.0,0.0,0.0,0.0,0.0,0.0,0.0,0.0,0.0,0.0,0.0,11594.0,3.0,38372.0,10394.0,3.0,38384.0
5.367534079006873,0.0,0.0,0.0,0.0,0.0,0.0,0.0,0.0,0.0,0.0,0.0,0.0,0.0,11595.0,3.0,38392.0,10395.0,3.0,38405.0
5.378117849002592,0.0,0.0,0.0,0.0,0.0,0.0,0.0,0.0,0.0,0.0,0.0,0.0,0.0,11596.0,3.0,38412.0,10396.0,3.0,38415.0
5.407856446006917,0.0,0.0,0.0,0.0,0.0,0.0,0.0,0.0,0.0,0.0,0.0,0.0,0.0,11597.0,3.0,38432.0,10397.0,3.0,38445.0
5.430350587004796,0.0,0.0,0.0,0.0,0.0,0.0,0.0,0.0,0.0,0.0,0.0,0.0,0.0,11598.0,3.0,38452.0,10398.0,3.0,38465.0
5.450150862001465,0.0,0.0,0.0,0.0,0.0,0.0,0.0,0.0,0.0,0.0,0.0,0.0,0.0,11599.0,3.0,38472.0,10399.0,3.0,38485.0
5.467366630007746,0.0,0.0,0.0,0.0,0.0,0.0,0.0,0.0,0.0,0.0,0.0,0.0,0.0,11600.0,3.0,38492.0,10400.0,3.0,38505.0
5.5948093040060485,0.0,0.0,0.0,0.0,0.0,0.0,0.0,0.0,0.0,0.0,0.0,0.0,0.0,11601.0,3.0,38512.0,10401.0,3.0,38515.0
5.59519489100785,0.0,0.0,0.0,0.0,0.0,0.0,0.0,0.0,0.0,0.0,0.0,0.0,0.0,11602.0,3.0,38532.0,10402.0,3.0,38547.0
5.5952685000083875,0.0,0.0,0.0,0.0,0.0,0.0,0.0,0.0,0.0,0.0,0.0,0.0,0.0,11603.0,3.0,38552.0,10403.0,3.0,38554.0
5.595332544005942,0.0,0.0,0.0,0.0,0.0,0.0,0.0,0.0,0.0,0.0,0.0,0.0,0.0,11604.0,3.0,38572.0,10404.0,3.0,38585.0
5.5953935730067315,0.0,0.0,0.0,0.0,0.0,0.0,0.0,0.0,0.0,0.0,0.0,0.0,0.0,11605.0,3.0,38592.0,10405.0,3.0,38605.0
5.595454873007839,0.0,0.0,0.0,0.0,0.0,0.0,0.0,0.0,0.0,0.0,0.0,0.0,0.0,11606.0,3.0,38612.0,10406.0,3.0,38615.0
5.6189087009988725,0.0,0.0,0.0,0.0,0.0,0.0,0.0,0.0,0.0,0.0,0.0,0.0,0.0,11607.0,3.0,38632.0,10407.0,3.0,38645.0
5.627784324999084,0.0,0.0,0.0,0.0,0.0,0.0,0.0,0.0,0.0,0.0,0.0,0.0,0.0,11608.0,3.0,38652.0,10408.0,3.0,38665.0
5.6527025120012695,0.0,0.0,0.0,0.0,0.0,0.0,0.0,0.0,0.0,0.0,0.0,0.0,0.0,11609.0,3.0,38672.0,10409.0,3.0,38685.0
5.669122246996267,0.0,0.0,0.0,0.0,0.0,0.0,0.0,0.0,0.0,0.0,0.0,0.0,0.0,11610.0,3.0,38692.0,10410.0,3.0,38705.0
5.6770061800052645,0.0,0.0,0.0,0.0,0.0,0.0,0.0,0.0,0.0,0.0,0.0,0.0,0.0,11611.0,3.0,38712.0,10411.0,3.0,38715.0
5.715600827999879,0.0,0.0,0.0,0.0,0.0,0.0,0.0,0.0,0.0,0.0,0.0,0.0,0.0,11612.0,3.0,38732.0,10412.0,3.0,38745.0
5.802433261997066,0.0,0.0,0.0,0.0,0.0,0.0,0.0,0.0,0.0,0.0,0.0,0.0,0.0,11613.0,3.0,38752.0,10413.0,3.0,38765.0
5.802592891006498,0.0,0.0,0.0,0.0,0.0,0.0,0.0,0.0,0.0,0.0,0.0,0.0,0.0,11614.0,3.0,38772.0,10414.0,3.0,38785.0
5.802662814006908,0.0,0.0,0.0,0.0,0.0,0.0,0.0,0.0,0.0,0.0,0.0,0.0,0.0,11615.0,3.0,38792.0,10415.0,3.0,38805.0
5.8027254860062385,0.0,0.0,0.0,0.0,0.0,0.0,0.0,0.0,0.0,0.0,0.0,0.0,0.0,11616.0,3.0,38812.0,10416.0,3.0,38815.0
5.808227490997524,0.0,0.0,0.0,0.0,0.0,0.0,0.0,0.0,0.0,0.0,0.0,0.0,0.0,11617.0,3.0,38832.0,10417.0,3.0,38845.0
5.8274570500070695,0.0,0.0,0.0,0.0,0.0,0.0,0.0,0.0,0.0,0.0,0.0,0.0,0.0,11618.0,3.0,38852.0,10418.0,3.0,38865.0
5.851314724000986,0.0,0.0,0.0,0.0,0.0,0.0,0.0,0.0,0.0,0.0,0.0,0.0,0.0,11619.0,3.0,38872.0,10419.0,3.0,38885.0
5.867683215998113,0.0,0.0,0.0,0.0,0.0,0.0,0.0,0.0,0.0,0.0,0.0,0.0,0.0,11620.0,3.0,38892.0,10420.0,3.0,38905.0
5.877560987995821,0.0,0.0,0.0,0.0,0.0,0.0,0.0,0.0,0.0,0.0,0.0,0.0,0.0,11621.0,3.0,38912.0,10421.0,3.0,38915.0
5.907073285008664,0.0,0.0,0.0,0.0,0.0,0.0,0.0,0.0,0.0,0.0,0.0,0.0,0.0,11622.0,3.0,38932.0,10422.0,3.0,38945.0
6.536769134007045,0.0,0.0,0.0,0.0,0.0,0.0,0.0,0.0,0.0,0.0,0.0,0.0,0.0,11623.0,3.0,38952.0,10423.0,3.0,38965.0
6.5368908520031255,0.0,0.0,0.0,0.0,0.0,0.0,0.0,0.0,0.0,0.0,0.0,0.0,0.0,11624.0,3.0,38972.0,10424.0,3.0,38985.0
6.536967697000364,0.0,0.0,0.0,0.0,0.0,0.0,0.0,0.0,0.0,0.0,0.0,0.0,0.0,11625.0,3.0,38992.0,10425.0,3.0,39005.0
6.5372097399958875,0.0,0.0,0.0,0.0,0.0,0.0,0.0,0.0,0.0,0.0,0.0,0.0,0.0,11626.0,3.0,39012.0,10426.0,3.0,39015.0
6.537399879001896,0.0,0.0,0.0,0.0,0.0,0.0,0.0,0.0,0.0,0.0,0.0,0.0,0.0,11627.0,3.0,39032.0,10427.0,3.0,39046.0
6.537515257004998,0.0,0.0,0.0,0.0,0.0,0.0,0.0,0.0,0.0,0.0,0.0,0.0,0.0,11628.0,3.0,39052.0,10428.0,3.0,39054.0
6.537597590009682,0.0,0.0,0.0,0.0,0.0,0.0,0.0,0.0,0.0,0.0,0.0,0.0,0.0,11629.0,3.0,39072.0,10429.0,3.0,39085.0
6.537663516995963,0.0,0.0,0.0,0.0,0.0,0.0,0.0,0.0,0.0,0.0,0.0,0.0,0.0,11630.0,3.0,39092.0,10430.0,3.0,39105.0
6.5377253080077935,0.0,0.0,0.0,0.0,0.0,0.0,0.0,0.0,0.0,0.0,0.0,0.0,0.0,11631.0,3.0,39112.0,10431.0,3.0,39115.0
6.537787738998304,0.0,0.0,0.0,0.0,0.0,0.0,0.0,0.0,0.0,0.0,0.0,0.0,0.0,11632.0,3.0,39132.0,10432.0,3.0,39145.0
6.537877415001276,0.0,0.0,0.0,0.0,0.0,0.0,0.0,0.0,0.0,0.0,0.0,0.0,0.0,11633.0,3.0,39152.0,10433.0,3.0,39153.0
6.537966620002408,0.0,0.0,0.0,0.0,0.0,0.0,0.0,0.0,0.0,0.0,0.0,0.0,0.0,11634.0,3.0,39172.0,10434.0,3.0,39185.0
6.538055234006606,0.0,0.0,0.0,0.0,0.0,0.0,0.0,0.0,0.0,0.0,0.0,0.0,0.0,11635.0,3.0,39192.0,10435.0,3.0,39205.0
6.538140613003634,0.0,0.0,0.0,0.0,0.0,0.0,0.0,0.0,0.0,0.0,0.0,0.0,0.0,11636.0,3.0,39212.0,10436.0,3.0,39215.0
6.538378509008908,0.0,0.0,0.0,0.0,0.0,0.0,0.0,0.0,0.0,0.0,0.0,0.0,0.0,11637.0,3.0,39232.0,10437.0,3.0,39245.0
6.5384692270017695,0.0,0.0,0.0,0.0,0.0,0.0,0.0,0.0,0.0,0.0,0.0,0.0,0.0,11638.0,3.0,39252.0,10438.0,3.0,39265.0
6.538554776008823,0.0,0.0,0.0,0.0,0.0,0.0,0.0,0.0,0.0,0.0,0.0,0.0,0.0,11639.0,3.0,39272.0,10439.0,3.0,39285.0
6.538615413999651,0.0,0.0,0.0,0.0,0.0,0.0,0.0,0.0,0.0,0.0,0.0,0.0,0.0,11640.0,3.0,39292.0,10440.0,3.0,39305.0
6.53872357000364,0.0,0.0,0.0,0.0,0.0,0.0,0.0,0.0,0.0,0.0,0.0,0.0,0.0,11641.0,3.0,39313.0,10441.0,3.0,39314.0
6.538809930003481,0.0,0.0,0.0,0.0,0.0,0.0,0.0,0.0,0.0,0.0,0.0,0.0,0.0,11642.0,3.0,39332.0,10442.0,3.0,39345.0
6.5389392799988855,0.0,0.0,0.0,0.0,0.0,0.0,0.0,0.0,0.0,0.0,0.0,0.0,0.0,11643.0,3.0,39352.0,10443.0,3.0,39365.0
6.539047696001944,0.0,0.0,0.0,0.0,0.0,0.0,0.0,0.0,0.0,0.0,0.0,0.0,0.0,11644.0,3.0,39372.0,10444.0,3.0,39385.0
6.539111860998673,0.0,0.0,0.0,0.0,0.0,0.0,0.0,0.0,0.0,0.0,0.0,0.0,0.0,11645.0,3.0,39392.0,10445.0,3.0,39405.0
6.539214267002535,0.0,0.0,0.0,0.0,0.0,0.0,0.0,0.0,0.0,0.0,0.0,0.0,0.0,11646.0,3.0,39412.0,10446.0,3.0,39415.0
6.5393043130025035,0.0,0.0,0.0,0.0,0.0,0.0,0.0,0.0,0.0,0.0,0.0,0.0,0.0,11647.0,3.0,39432.0,10447.0,3.0,39445.0
6.539369820005959,0.0,0.0,0.0,0.0,0.0,0.0,0.0,0.0,0.0,0.0,0.0,0.0,0.0,11648.0,3.0,39452.0,10448.0,3.0,39465.0
6.539458364000893,0.0,0.0,0.0,0.0,0.0,0.0,0.0,0.0,0.0,0.0,0.0,0.0,0.0,11649.0,3.0,39472.0,10449.0,3.0,39485.0
6.539546276006149,0.0,0.0,0.0,0.0,0.0,0.0,0.0,0.0,0.0,0.0,0.0,0.0,0.0,11650.0,3.0,39492.0,10450.0,3.0,39505.0
6.539659190006205,0.0,0.0,0.0,0.0,0.0,0.0,0.0,0.0,0.0,0.0,0.0,0.0,0.0,11651.0,3.0,39512.0,10451.0,3.0,39516.0
6.539747343005729,0.0,0.0,0.0,0.0,0.0,0.0,0.0,0.0,0.0,0.0,0.0,0.0,0.0,11652.0,3.0,39532.0,10452.0,3.0,39536.0
6.539807881999877,0.0,0.0,0.0,0.0,0.0,0.0,0.0,0.0,0.0,0.0,0.0,0.0,0.0,11653.0,3.0,39552.0,10453.0,3.0,39555.0
6.5465308650018414,0.0,0.0,0.0,0.0,0.0,0.0,0.0,0.0,0.0,0.0,0.0,0.0,0.0,11654.0,3.0,39572.0,10454.0,3.0,39585.0
6.568392785004107,0.0,0.0,0.0,0.0,0.0,0.0,0.0,0.0,0.0,0.0,0.0,0.0,0.0,11655.0,3.0,39592.0,10455.0,3.0,39605.0
6.581624503000057,0.0,0.0,0.0,0.0,0.0,0.0,0.0,0.0,0.0,0.0,0.0,0.0,0.0,11656.0,3.0,39612.0,10456.0,3.0,39615.0
6.607792670009076,0.0,0.0,0.0,0.0,0.0,0.0,0.0,0.0,0.0,0.0,0.0,0.0,0.0,11657.0,3.0,39632.0,10457.0,3.0,39645.0
6.627814010003931,0.0,0.0,0.0,0.0,0.0,0.0,0.0,0.0,0.0,0.0,0.0,0.0,0.0,11658.0,3.0,39652.0,10458.0,3.0,39665.0
7.053637520002667,0.0,0.0,0.0,0.0,0.0,0.0,0.0,0.0,0.0,0.0,0.0,0.0,0.0,11659.0,3.0,39672.0,10459.0,3.0,39685.0
7.054075100997579,0.0,0.0,0.0,0.0,0.0,0.0,0.0,0.0,0.0,0.0,0.0,0.0,0.0,11660.0,3.0,39692.0,10460.0,3.0,39705.0
7.054160398998647,0.0,0.0,0.0,0.0,0.0,0.0,0.0,0.0,0.0,0.0,0.0,0.0,0.0,11661.0,3.0,39712.0,10461.0,3.0,39715.0
7.054234430004726,0.0,0.0,0.0,0.0,0.0,0.0,0.0,0.0,0.0,0.0,0.0,0.0,0.0,11662.0,3.0,39732.0,10462.0,3.0,39745.0
7.054305996003677,0.0,0.0,0.0,0.0,0.0,0.0,0.0,0.0,0.0,0.0,0.0,0.0,0.0,11663.0,3.0,39752.0,10463.0,3.0,39765.0
7.054372514001443,0.0,0.0,0.0,0.0,0.0,0.0,0.0,0.0,0.0,0.0,0.0,0.0,0.0,11664.0,3.0,39772.0,10464.0,3.0,39785.0
7.054430607997347,0.0,0.0,0.0,0.0,0.0,0.0,0.0,0.0,0.0,0.0,0.0,0.0,0.0,11665.0,3.0,39792.0,10465.0,3.0,39805.0
7.0545057709969115,0.0,0.0,0.0,0.0,0.0,0.0,0.0,0.0,0.0,0.0,0.0,0.0,0.0,11666.0,3.0,39813.0,10466.0,3.0,39814.0
7.054572980006924,0.0,0.0,0.0,0.0,0.0,0.0,0.0,0.0,0.0,0.0,0.0,0.0,0.0,11667.0,3.0,39832.0,10467.0,3.0,39845.0
7.054629281003145,0.0,0.0,0.0,0.0,0.0,0.0,0.0,0.0,0.0,0.0,0.0,0.0,0.0,11668.0,3.0,39852.0,10468.0,3.0,39865.0
7.0546841800096445,0.0,0.0,0.0,0.0,0.0,0.0,0.0,0.0,0.0,0.0,0.0,0.0,0.0,11669.0,3.0,39872.0,10469.0,3.0,39885.0
7.059025163005572,0.0,0.0,0.0,0.0,0.0,0.0,0.0,0.0,0.0,0.0,0.0,0.0,0.0,11680.0,3.0,40092.0,10470.0,3.0,40097.0
7.088727221998852,0.0,0.0,0.0,0.0,0.0,0.0,0.0,0.0,0.0,0.0,0.0,0.0,0.0,11681.0,3.0,40112.0,10471.0,3.0,40124.0
7.107776111995918,0.0,0.0,0.0,0.0,0.0,0.0,0.0,0.0,0.0,0.0,0.0,0.0,0.0,11682.0,3.0,40132.0,10472.0,3.0,40145.0
7.127678147997358,0.0,0.0,0.0,0.0,0.0,0.0,0.0,0.0,0.0,0.0,0.0,0.0,0.0,11683.0,3.0,40152.0,10473.0,3.0,40165.0
7.147268678003456,0.0,0.0,0.0,0.0,0.0,0.0,0.0,0.0,0.0,0.0,0.0,0.0,0.0,11684.0,3.0,40172.0,10474.0,3.0,40185.0
7.555724029007251,0.0,0.0,0.0,0.0,0.0,0.0,0.0,0.0,0.0,0.0,0.0,0.0,0.0,11685.0,3.0,40192.0,10475.0,3.0,40205.0
7.555910762996064,0.0,0.0,0.0,0.0,0.0,0.0,0.0,0.0,0.0,0.0,0.0,0.0,0.0,11686.0,3.0,40212.0,10476.0,3.0,40215.0
7.5559959710080875,0.0,0.0,0.0,0.0,0.0,0.0,0.0,0.0,0.0,0.0,0.0,0.0,0.0,11687.0,3.0,40232.0,10477.0,3.0,40245.0
7.5560708830016665,0.0,0.0,0.0,0.0,0.0,0.0,0.0,0.0,0.0,0.0,0.0,0.0,0.0,11688.0,3.0,40252.0,10478.0,3.0,40265.0
7.5561424089974025,0.0,0.0,0.0,0.0,0.0,0.0,0.0,0.0,0.0,0.0,0.0,0.0,0.0,11689.0,3.0,40272.0,10479.0,3.0,40285.0
7.556220676997327,0.0,0.0,0.0,0.0,0.0,0.0,0.0,0.0,0.0,0.0,0.0,0.0,0.0,11690.0,3.0,40292.0,10480.0,3.0,40305.0
7.556283729005372,0.0,0.0,0.0,0.0,0.0,0.0,0.0,0.0,0.0,0.0,0.0,0.0,0.0,11691.0,3.0,40312.0,10481.0,3.0,40316.0
7.556349054997554,0.0,0.0,0.0,0.0,0.0,0.0,0.0,0.0,0.0,0.0,0.0,0.0,0.0,11692.0,3.0,40332.0,10482.0,3.0,40335.0
7.556418467996991,0.0,0.0,0.0,0.0,0.0,0.0,0.0,0.0,0.0,0.0,0.0,0.0,0.0,11693.0,3.0,40352.0,10483.0,3.0,40365.0
7.556477574005839,0.0,0.0,0.0,0.0,0.0,0.0,0.0,0.0,0.0,0.0,0.0,0.0,0.0,11694.0,3.0,40372.0,10484.0,3.0,40386.0
7.556537892000051,0.0,0.0,0.0,0.0,0.0,0.0,0.0,0.0,0.0,0.0,0.0,0.0,0.0,11695.0,3.0,40392.0,10485.0,3.0,40405.0
7.556599311996251,0.0,0.0,0.0,0.0,0.0,0.0,0.0,0.0,0.0,0.0,0.0,0.0,0.0,11696.0,3.0,40412.0,10486.0,3.0,40415.0
7.556652579005458,0.0,0.0,0.0,0.0,0.0,0.0,0.0,0.0,0.0,0.0,0.0,0.0,0.0,11697.0,3.0,40432.0,10487.0,3.0,40445.0
7.5569006520090625,0.0,0.0,0.0,0.0,0.0,0.0,0.0,0.0,0.0,0.0,0.0,0.0,0.0,11698.0,3.0,40452.0,10488.0,3.0,40465.0
7.556994054000825,0.0,0.0,0.0,0.0,0.0,0.0,0.0,0.0,0.0,0.0,0.0,0.0,0.0,11699.0,3.0,40472.0,10489.0,3.0,40485.0
7.5570850820076885,0.0,0.0,0.0,0.0,0.0,0.0,0.0,0.0,0.0,0.0,0.0,0.0,0.0,11700.0,3.0,40492.0,10490.0,3.0,40505.0
7.55717723199632,0.0,0.0,0.0,0.0,0.0,0.0,0.0,0.0,0.0,0.0,0.0,0.0,0.0,11701.0,3.0,40512.0,10491.0,3.0,40515.0
7.5572674779978115,0.0,0.0,0.0,0.0,0.0,0.0,0.0,0.0,0.0,0.0,0.0,0.0,0.0,11702.0,3.0,40532.0,10492.0,3.0,40535.0
7.557350914008566,0.0,0.0,0.0,0.0,0.0,0.0,0.0,0.0,0.0,0.0,0.0,0.0,0.0,11703.0,3.0,40552.0,10493.0,3.0,40555.0
7.55743350800185,0.0,0.0,0.0,0.0,0.0,0.0,0.0,0.0,0.0,0.0,0.0,0.0,0.0,11704.0,3.0,40572.0,10494.0,3.0,40585.0
7.566234104000614,0.0,0.0,0.0,0.0,0.0,0.0,0.0,0.0,0.0,0.0,0.0,0.0,0.0,11705.0,3.0,40592.0,10495.0,3.0,40605.0
7.580323607005994,0.0,0.0,0.0,0.0,0.0,0.0,0.0,0.0,0.0,0.0,0.0,0.0,0.0,11706.0,3.0,40612.0,10496.0,3.0,40615.0
7.608385903004091,0.0,0.0,0.0,0.0,0.0,0.0,0.0,0.0,0.0,0.0,0.0,0.0,0.0,11707.0,3.0,40632.0,10497.0,3.0,40645.0
7.627206406003097,0.0,0.0,0.0,0.0,0.0,0.0,0.0,0.0,0.0,0.0,0.0,0.0,0.0,11708.0,3.0,40652.0,10498.0,3.0,40665.0
7.647249205998378,0.0,0.0,0.0,0.0,0.0,0.0,0.0,0.0,0.0,0.0,0.0,0.0,0.0,11709.0,3.0,40672.0,10499.0,3.0,40685.0
8.067424143999233,0.0,0.0,0.0,0.0,0.0,0.0,0.0,0.0,0.0,0.0,0.0,0.0,0.0,11710.0,3.0,40692.0,10500.0,3.0,40705.0
8.067603546005557,0.0,0.0,0.0,0.0,0.0,0.0,0.0,0.0,0.0,0.0,0.0,0.0,0.0,11711.0,3.0,40712.0,10501.0,3.0,40715.0
8.067680720996577,0.0,0.0,0.0,0.0,0.0,0.0,0.0,0.0,0.0,0.0,0.0,0.0,0.0,11712.0,3.0,40732.0,10502.0,3.0,40745.0
8.067755883996142,0.0,0.0,0.0,0.0,0.0,0.0,0.0,0.0,0.0,0.0,0.0,0.0,0.0,11713.0,3.0,40752.0,10503.0,3.0,40765.0
8.067820208001649,0.0,0.0,0.0,0.0,0.0,0.0,0.0,0.0,0.0,0.0,0.0,0.0,0.0,11714.0,3.0,40772.0,10504.0,3.0,40785.0
8.0678858050087,0.0,0.0,0.0,0.0,0.0,0.0,0.0,0.0,0.0,0.0,0.0,0.0,0.0,11715.0,3.0,40792.0,10505.0,3.0,40805.0
8.067948076000903,0.0,0.0,0.0,0.0,0.0,0.0,0.0,0.0,0.0,0.0,0.0,0.0,0.0,11716.0,3.0,40812.0,10506.0,3.0,40815.0
8.068005349006853,0.0,0.0,0.0,0.0,0.0,0.0,0.0,0.0,0.0,0.0,0.0,0.0,0.0,11717.0,3.0,40832.0,10507.0,3.0,40845.0
8.068062762002228,0.0,0.0,0.0,0.0,0.0,0.0,0.0,0.0,0.0,0.0,0.0,0.0,0.0,11718.0,3.0,40852.0,10508.0,3.0,40865.0
8.068123942008242,0.0,0.0,0.0,0.0,0.0,0.0,0.0,0.0,0.0,0.0,0.0,0.0,0.0,11719.0,3.0,40872.0,10509.0,3.0,40885.0
8.068184610005119,0.0,0.0,0.0,0.0,0.0,0.0,0.0,0.0,0.0,0.0,0.0,0.0,0.0,11720.0,3.0,40892.0,10510.0,3.0,40905.0
8.068252170007327,0.0,0.0,0.0,0.0,0.0,0.0,0.0,0.0,0.0,0.0,0.0,0.0,0.0,11721.0,3.0,40912.0,10511.0,3.0,40915.0
8.068312208008138,0.0,0.0,0.0,0.0,0.0,0.0,0.0,0.0,0.0,0.0,0.0,0.0,0.0,11722.0,3.0,40932.0,10512.0,3.0,40945.0
8.068372145004105,0.0,0.0,0.0,0.0,0.0,0.0,0.0,0.0,0.0,0.0,0.0,0.0,0.0,11723.0,3.0,40952.0,10513.0,3.0,40965.0
8.068428687009146,0.0,0.0,0.0,0.0,0.0,0.0,0.0,0.0,0.0,0.0,0.0,0.0,0.0,11724.0,3.0,40972.0,10514.0,3.0,40985.0
8.068482254006085,0.0,0.0,0.0,0.0,0.0,0.0,0.0,0.0,0.0,0.0,0.0,0.0,0.0,11725.0,3.0,40992.0,10515.0,3.0,41005.0
8.068539918007446,0.0,0.0,0.0,0.0,0.0,0.0,0.0,0.0,0.0,0.0,0.0,0.0,0.0,11726.0,3.0,41012.0,10516.0,3.0,41015.0
8.06859702100337,0.0,0.0,0.0,0.0,0.0,0.0,0.0,0.0,0.0,0.0,0.0,0.0,0.0,11727.0,3.0,41032.0,10517.0,3.0,41046.0
8.068653052003356,0.0,0.0,0.0,0.0,0.0,0.0,0.0,0.0,0.0,0.0,0.0,0.0,0.0,11728.0,3.0,41052.0,10518.0,3.0,41054.0
8.06873862100474,0.0,0.0,0.0,0.0,0.0,0.0,0.0,0.0,0.0,0.0,0.0,0.0,0.0,11729.0,3.0,41072.0,10519.0,3.0,41085.0
8.068822788001853,0.0,0.0,0.0,0.0,0.0,0.0,0.0,0.0,0.0,0.0,0.0,0.0,0.0,11730.0,3.0,41092.0,10520.0,3.0,41105.0
8.077081852999981,0.0,0.0,0.0,0.0,0.0,0.0,0.0,0.0,0.0,0.0,0.0,0.0,0.0,11731.0,3.0,41112.0,10521.0,3.0,41114.0
8.106455211003777,0.0,0.0,0.0,0.0,0.0,0.0,0.0,0.0,0.0,0.0,0.0,0.0,0.0,11732.0,3.0,41132.0,10522.0,3.0,41145.0
8.127461206997395,0.0,0.0,0.0,0.0,0.0,0.0,0.0,0.0,0.0,0.0,0.0,0.0,0.0,11733.0,3.0,41152.0,10523.0,3.0,41165.0
8.147861698002089,0.0,0.0,0.0,0.0,0.0,0.0,0.0,0.0,0.0,0.0,0.0,0.0,0.0,11734.0,3.0,41172.0,10524.0,3.0,41185.0
8.167672301002312,0.0,0.0,0.0,0.0,0.0,0.0,0.0,0.0,0.0,0.0,0.0,0.0,0.0,11735.0,3.0,41192.0,10525.0,3.0,41205.0
8.575108386008651,0.0,0.0,0.0,0.0,0.0,0.0,0.0,0.0,0.0,0.0,0.0,0.0,0.0,11737.0,3.0,41232.0,10527.0,3.0,41245.0
8.575427115007187,0.0,0.0,0.0,0.0,0.0,0.0,0.0,0.0,0.0,0.0,0.0,0.0,0.0,11743.0,3.0,41352.0,10533.0,3.0,41365.0
8.575517452001804,0.0,0.0,0.0,0.0,0.0,0.0,0.0,0.0,0.0,0.0,0.0,0.0,0.0,11744.0,3.0,41372.0,10534.0,3.0,41385.0
8.575589779007714,0.0,0.0,0.0,0.0,0.0,0.0,0.0,0.0,0.0,0.0,0.0,0.0,0.0,11745.0,3.0,41392.0,10535.0,3.0,41405.0
8.575658740999643,0.0,0.0,0.0,0.0,0.0,0.0,0.0,0.0,0.0,0.0,0.0,0.0,0.0,11746.0,3.0,41412.0,10536.0,3.0,41415.0
8.575730227996246,0.0,0.0,0.0,0.0,0.0,0.0,0.0,0.0,0.0,0.0,0.0,0.0,0.0,11747.0,3.0,41432.0,10537.0,3.0,41445.0
8.575790935996338,0.0,0.0,0.0,0.0,0.0,0.0,0.0,0.0,0.0,0.0,0.0,0.0,0.0,11748.0,3.0,41452.0,10538.0,3.0,41465.0
8.57585110400396,0.0,0.0,0.0,0.0,0.0,0.0,0.0,0.0,0.0,0.0,0.0,0.0,0.0,11749.0,3.0,41472.0,10539.0,3.0,41485.0
8.575909699997283,0.0,0.0,0.0,0.0,0.0,0.0,0.0,0.0,0.0,0.0,0.0,0.0,0.0,11750.0,3.0,41492.0,10540.0,3.0,41506.0
8.575968635006575,0.0,0.0,0.0,0.0,0.0,0.0,0.0,0.0,0.0,0.0,0.0,0.0,0.0,11751.0,3.0,41512.0,10541.0,3.0,41516.0
8.576026509996154,0.0,0.0,0.0,0.0,0.0,0.0,0.0,0.0,0.0,0.0,0.0,0.0,0.0,11752.0,3.0,41532.0,10542.0,3.0,41535.0
8.576085876004072,0.0,0.0,0.0,0.0,0.0,0.0,0.0,0.0,0.0,0.0,0.0,0.0,0.0,11753.0,3.0,41552.0,10543.0,3.0,41555.0
8.576144510996528,0.0,0.0,0.0,0.0,0.0,0.0,0.0,0.0,0.0,0.0,0.0,0.0,0.0,11754.0,3.0,41572.0,10544.0,3.0,41575.0
8.576209977996768,0.0,0.0,0.0,0.0,0.0,0.0,0.0,0.0,0.0,0.0,0.0,0.0,0.0,11755.0,3.0,41592.0,10545.0,3.0,41604.0
8.585940252,0.0,0.0,0.0,0.0,0.0,0.0,0.0,0.0,0.0,0.0,0.0,0.0,0.0,11756.0,3.0,41612.0,10546.0,3.0,41625.0
8.60839413900976,0.0,0.0,0.0,0.0,0.0,0.0,0.0,0.0,0.0,0.0,0.0,0.0,0.0,11757.0,3.0,41632.0,10547.0,3.0,41645.0
8.627147908002371,0.0,0.0,0.0,0.0,0.0,0.0,0.0,0.0,0.0,0.0,0.0,0.0,0.0,11758.0,3.0,41652.0,10548.0,3.0,41665.0
8.647533672003192,0.0,0.0,0.0,0.0,0.0,0.0,0.0,0.0,0.0,0.0,0.0,0.0,0.0,11759.0,3.0,41672.0,10549.0,3.0,41685.0
8.66903939700569,0.0,0.0,0.0,0.0,0.0,0.0,0.0,0.0,0.0,0.0,0.0,0.0,0.0,11760.0,3.0,41692.0,10550.0,3.0,41705.0
8.677812674999586,0.0,0.0,0.0,0.0,0.0,0.0,0.0,0.0,0.0,0.0,0.0,0.0,0.0,11761.0,3.0,41712.0,10551.0,3.0,41716.0
9.085800786997424,0.0,0.0,0.0,0.0,0.0,0.0,0.0,0.0,0.0,0.0,0.0,0.0,0.0,11762.0,3.0,41732.0,10552.0,3.0,41735.0
9.08599550400686,0.0,0.0,0.0,0.0,0.0,0.0,0.0,0.0,0.0,0.0,0.0,0.0,0.0,11763.0,3.0,41752.0,10553.0,3.0,41765.0
9.086069634999149,0.0,0.0,0.0,0.0,0.0,0.0,0.0,0.0,0.0,0.0,0.0,0.0,0.0,11764.0,3.0,41772.0,10554.0,3.0,41785.0
9.086131375006516,0.0,0.0,0.0,0.0,0.0,0.0,0.0,0.0,0.0,0.0,0.0,0.0,0.0,11765.0,3.0,41792.0,10555.0,3.0,41805.0
9.08620257100847,0.0,0.0,0.0,0.0,0.0,0.0,0.0,0.0,0.0,0.0,0.0,0.0,0.0,11766.0,3.0,41812.0,10556.0,3.0,41816.0
9.086267406004481,0.0,0.0,0.0,0.0,0.0,0.0,0.0,0.0,0.0,0.0,0.0,0.0,0.0,11767.0,3.0,41832.0,10557.0,3.0,41835.0
9.086323998009902,0.0,0.0,0.0,0.0,0.0,0.0,0.0,0.0,0.0,0.0,0.0,0.0,0.0,11768.0,3.0,41852.0,10558.0,3.0,41865.0
9.086380068998551,0.0,0.0,0.0,0.0,0.0,0.0,0.0,0.0,0.0,0.0,0.0,0.0,0.0,11769.0,3.0,41872.0,10559.0,3.0,41885.0
9.086434708005982,0.0,0.0,0.0,0.0,0.0,0.0,0.0,0.0,0.0,0.0,0.0,0.0,0.0,11780.0,3.0,42092.0,10560.0,3.0,42096.0
9.087125051009934,0.0,0.0,0.0,0.0,0.0,0.0,0.0,0.0,0.0,0.0,0.0,0.0,0.0,11781.0,3.0,42112.0,10561.0,3.0,42125.0
9.095698503995663,0.0,0.0,0.0,0.0,0.0,0.0,0.0,0.0,0.0,0.0,0.0,0.0,0.0,11782.0,3.0,42132.0,10562.0,3.0,42135.0
9.12739720600075,0.0,0.0,0.0,0.0,0.0,0.0,0.0,0.0,0.0,0.0,0.0,0.0,0.0,11783.0,3.0,42152.0,10563.0,3.0,42165.0
9.145989843003917,0.0,0.0,0.0,0.0,0.0,0.0,0.0,0.0,0.0,0.0,0.0,0.0,0.0,11784.0,3.0,42172.0,10564.0,3.0,42185.0
9.175688342002104,0.0,0.0,0.0,0.0,0.0,0.0,0.0,0.0,0.0,0.0,0.0,0.0,0.0,11785.0,3.0,42192.0,10565.0,3.0,42205.0
9.19131231099891,0.0,0.0,0.0,0.0,0.0,0.0,0.0,0.0,0.0,0.0,0.0,0.0,0.0,11786.0,3.0,42212.0,10566.0,3.0,42215.0
9.593183243006933,0.0,0.0,0.0,0.0,0.0,0.0,0.0,0.0,0.0,0.0,0.0,0.0,0.0,11787.0,3.0,42232.0,10567.0,3.0,42245.0
9.593401157006156,0.0,0.0,0.0,0.0,0.0,0.0,0.0,0.0,0.0,0.0,0.0,0.0,0.0,11788.0,3.0,42252.0,10568.0,3.0,42265.0
9.593473936009104,0.0,0.0,0.0,0.0,0.0,0.0,0.0,0.0,0.0,0.0,0.0,0.0,0.0,11789.0,3.0,42272.0,10569.0,3.0,42285.0
9.593538571003592,0.0,0.0,0.0,0.0,0.0,0.0,0.0,0.0,0.0,0.0,0.0,0.0,0.0,11790.0,3.0,42292.0,10570.0,3.0,42305.0
9.59359801800747,0.0,0.0,0.0,0.0,0.0,0.0,0.0,0.0,0.0,0.0,0.0,0.0,0.0,11791.0,3.0,42312.0,10571.0,3.0,42315.0
9.593658495999989,0.0,0.0,0.0,0.0,0.0,0.0,0.0,0.0,0.0,0.0,0.0,0.0,0.0,11792.0,3.0,42332.0,10572.0,3.0,42345.0
9.593714818009175,0.0,0.0,0.0,0.0,0.0,0.0,0.0,0.0,0.0,0.0,0.0,0.0,0.0,11793.0,3.0,42352.0,10573.0,3.0,42365.0
9.593769836996216,0.0,0.0,0.0,0.0,0.0,0.0,0.0,0.0,0.0,0.0,0.0,0.0,0.0,11794.0,3.0,42372.0,10574.0,3.0,42385.0
9.593824146009865,0.0,0.0,0.0,0.0,0.0,0.0,0.0,0.0,0.0,0.0,0.0,0.0,0.0,11795.0,3.0,42392.0,10575.0,3.0,42405.0
9.593877653009258,0.0,0.0,0.0,0.0,0.0,0.0,0.0,0.0,0.0,0.0,0.0,0.0,0.0,11796.0,3.0,42412.0,10576.0,3.0,42415.0
9.593931499999599,0.0,0.0,0.0,0.0,0.0,0.0,0.0,0.0,0.0,0.0,0.0,0.0,0.0,11797.0,3.0,42432.0,10577.0,3.0,42445.0
9.593984837003518,0.0,0.0,0.0,0.0,0.0,0.0,0.0,0.0,0.0,0.0,0.0,0.0,0.0,11798.0,3.0,42452.0,10578.0,3.0,42465.0
9.594037353002932,0.0,0.0,0.0,0.0,0.0,0.0,0.0,0.0,0.0,0.0,0.0,0.0,0.0,11799.0,3.0,42472.0,10579.0,3.0,42485.0
9.594089678008459,0.0,0.0,0.0,0.0,0.0,0.0,0.0,0.0,0.0,0.0,0.0,0.0,0.0,11800.0,3.0,42492.0,10580.0,3.0,42505.0
9.594143415000872,0.0,0.0,0.0,0.0,0.0,0.0,0.0,0.0,0.0,0.0,0.0,0.0,0.0,11801.0,3.0,42512.0,10581.0,3.0,42515.0
9.59420087900071,0.0,0.0,0.0,0.0,0.0,0.0,0.0,0.0,0.0,0.0,0.0,0.0,0.0,11802.0,3.0,42532.0,10582.0,3.0,42535.0
9.594260065001436,0.0,0.0,0.0,0.0,0.0,0.0,0.0,0.0,0.0,0.0,0.0,0.0,0.0,11803.0,3.0,42552.0,10583.0,3.0,42555.0
9.594313973007957,0.0,0.0,0.0,0.0,0.0,0.0,0.0,0.0,0.0,0.0,0.0,0.0,0.0,11805.0,3.0,42592.0,10584.0,3.0,42595.0
9.594366888995864,0.0,0.0,0.0,0.0,0.0,0.0,0.0,0.0,0.0,0.0,0.0,0.0,0.0,11806.0,3.0,42612.0,10585.0,3.0,42625.0
9.597623598005157,0.0,0.0,0.0,0.0,0.0,0.0,0.0,0.0,0.0,0.0,0.0,0.0,0.0,11807.0,3.0,42632.0,10586.0,3.0,42635.0
9.628254957002355,0.0,0.0,0.0,0.0,0.0,0.0,0.0,0.0,0.0,0.0,0.0,0.0,0.0,11808.0,3.0,42652.0,10587.0,3.0,42665.0
9.648901360007585,0.0,0.0,0.0,0.0,0.0,0.0,0.0,0.0,0.0,0.0,0.0,0.0,0.0,11809.0,3.0,42672.0,10588.0,3.0,42684.0
9.667389060996356,0.0,0.0,0.0,0.0,0.0,0.0,0.0,0.0,0.0,0.0,0.0,0.0,0.0,11810.0,3.0,42692.0,10589.0,3.0,42705.0
9.6871208960074,0.0,0.0,0.0,0.0,0.0,0.0,0.0,0.0,0.0,0.0,0.0,0.0,0.0,11811.0,3.0,42712.0,10590.0,3.0,42725.0
10.104891688999487,0.0,0.0,0.0,0.0,0.0,0.0,0.0,0.0,0.0,0.0,0.0,0.0,0.0,11818.0,3.0,42852.0,10597.0,3.0,42855.0
10.105391511999187,0.0,0.0,0.0,0.0,0.0,0.0,0.0,0.0,0.0,0.0,0.0,0.0,0.0,11823.0,3.0,42952.0,10602.0,3.0,42965.0
10.105698993007536,0.0,0.0,0.0,0.0,0.0,0.0,0.0,0.0,0.0,0.0,0.0,0.0,0.0,11824.0,3.0,42972.0,10603.0,3.0,42985.0
10.105769778005197,0.0,0.0,0.0,0.0,0.0,0.0,0.0,0.0,0.0,0.0,0.0,0.0,0.0,11825.0,3.0,42992.0,10604.0,3.0,43005.0
10.105827712002792,0.0,0.0,0.0,0.0,0.0,0.0,0.0,0.0,0.0,0.0,0.0,0.0,0.0,11826.0,3.0,43012.0,10605.0,3.0,43025.0
10.105884354008595,0.0,0.0,0.0,0.0,0.0,0.0,0.0,0.0,0.0,0.0,0.0,0.0,0.0,11827.0,3.0,43032.0,10606.0,3.0,43035.0
10.105938823006,0.0,0.0,0.0,0.0,0.0,0.0,0.0,0.0,0.0,0.0,0.0,0.0,0.0,11828.0,3.0,43052.0,10607.0,3.0,43065.0
10.105992741009686,0.0,0.0,0.0,0.0,0.0,0.0,0.0,0.0,0.0,0.0,0.0,0.0,0.0,11829.0,3.0,43072.0,10608.0,3.0,43085.0
10.106047330002184,0.0,0.0,0.0,0.0,0.0,0.0,0.0,0.0,0.0,0.0,0.0,0.0,0.0,11830.0,3.0,43092.0,10609.0,3.0,43105.0
10.10610271000769,0.0,0.0,0.0,0.0,0.0,0.0,0.0,0.0,0.0,0.0,0.0,0.0,0.0,11831.0,3.0,43112.0,10610.0,3.0,43125.0
10.106156656998792,0.0,0.0,0.0,0.0,0.0,0.0,0.0,0.0,0.0,0.0,0.0,0.0,0.0,11832.0,3.0,43132.0,10611.0,3.0,43135.0
10.126948728007847,0.0,0.0,0.0,0.0,0.0,0.0,0.0,0.0,0.0,0.0,0.0,0.0,0.0,11833.0,3.0,43152.0,10612.0,3.0,43165.0
10.150004872004502,0.0,0.0,0.0,0.0,0.0,0.0,0.0,0.0,0.0,0.0,0.0,0.0,0.0,11834.0,3.0,43172.0,10613.0,3.0,43184.0
10.165681648999453,0.0,0.0,0.0,0.0,0.0,0.0,0.0,0.0,0.0,0.0,0.0,0.0,0.0,11835.0,3.0,43192.0,10614.0,3.0,43205.0
10.185931437008549,0.0,0.0,0.0,0.0,0.0,0.0,0.0,0.0,0.0,0.0,0.0,0.0,0.0,11836.0,3.0,43212.0,10615.0,3.0,43225.0
10.195557679006015,0.0,0.0,0.0,0.0,0.0,0.0,0.0,0.0,0.0,0.0,0.0,0.0,0.0,11837.0,3.0,43232.0,10616.0,3.0,43235.0
10.616880877001677,0.0,0.0,0.0,0.0,0.0,0.0,0.0,0.0,0.0,0.0,0.0,0.0,0.0,11845.0,3.0,43392.0,10624.0,3.0,43405.0
10.61709493600938,0.0,0.0,0.0,0.0,0.0,0.0,0.0,0.0,0.0,0.0,0.0,0.0,0.0,11848.0,3.0,43452.0,10627.0,3.0,43465.0
10.61720233100641,0.0,0.0,0.0,0.0,0.0,0.0,0.0,0.0,0.0,0.0,0.0,0.0,0.0,11849.0,3.0,43472.0,10628.0,3.0,43485.0
10.61727074200462,0.0,0.0,0.0,0.0,0.0,0.0,0.0,0.0,0.0,0.0,0.0,0.0,0.0,11850.0,3.0,43492.0,10629.0,3.0,43505.0
10.617330139008118,0.0,0.0,0.0,0.0,0.0,0.0,0.0,0.0,0.0,0.0,0.0,0.0,0.0,11851.0,3.0,43512.0,10630.0,3.0,43525.0
10.617387992999284,0.0,0.0,0.0,0.0,0.0,0.0,0.0,0.0,0.0,0.0,0.0,0.0,0.0,11852.0,3.0,43532.0,10631.0,3.0,43535.0
10.617445647003478,0.0,0.0,0.0,0.0,0.0,0.0,0.0,0.0,0.0,0.0,0.0,0.0,0.0,11853.0,3.0,43552.0,10632.0,3.0,43565.0
10.617501408007229,0.0,0.0,0.0,0.0,0.0,0.0,0.0,0.0,0.0,0.0,0.0,0.0,0.0,11854.0,3.0,43572.0,10633.0,3.0,43585.0
10.617557158009731,0.0,0.0,0.0,0.0,0.0,0.0,0.0,0.0,0.0,0.0,0.0,0.0,0.0,11855.0,3.0,43592.0,10634.0,3.0,43605.0
10.617613370006438,0.0,0.0,0.0,0.0,0.0,0.0,0.0,0.0,0.0,0.0,0.0,0.0,0.0,11856.0,3.0,43612.0,10635.0,3.0,43625.0
10.61766794900177,0.0,0.0,0.0,0.0,0.0,0.0,0.0,0.0,0.0,0.0,0.0,0.0,0.0,11857.0,3.0,43632.0,10636.0,3.0,43635.0
10.625683527003275,0.0,0.0,0.0,0.0,0.0,0.0,0.0,0.0,0.0,0.0,0.0,0.0,0.0,11858.0,3.0,43652.0,10637.0,3.0,43665.0
10.64565256300557,0.0,0.0,0.0,0.0,0.0,0.0,0.0,0.0,0.0,0.0,0.0,0.0,0.0,11859.0,3.0,43672.0,10638.0,3.0,43685.0
10.665679534009541,0.0,0.0,0.0,0.0,0.0,0.0,0.0,0.0,0.0,0.0,0.0,0.0,0.0,11860.0,3.0,43692.0,10639.0,3.0,43705.0
10.686066811002092,0.0,0.0,0.0,0.0,0.0,0.0,0.0,0.0,0.0,0.0,0.0,0.0,0.0,11861.0,3.0,43712.0,10640.0,3.0,43725.0
10.69609358299931,0.0,0.0,0.0,0.0,0.0,0.0,0.0,0.0,0.0,0.0,0.0,0.0,0.0,11862.0,3.0,43732.0,10641.0,3.0,43735.0
11.13335094699869,0.0,0.0,0.0,0.0,0.0,0.0,0.0,0.0,0.0,0.0,0.0,0.0,0.0,11863.0,3.0,43752.0,10642.0,3.0,43765.0
11.133615837999969,0.0,0.0,0.0,0.0,0.0,0.0,0.0,0.0,0.0,0.0,0.0,0.0,0.0,11864.0,3.0,43772.0,10643.0,3.0,43785.0
11.133684088999871,0.0,0.0,0.0,0.0,0.0,0.0,0.0,0.0,0.0,0.0,0.0,0.0,0.0,11865.0,3.0,43792.0,10644.0,3.0,43805.0
11.13374321500305,0.0,0.0,0.0,0.0,0.0,0.0,0.0,0.0,0.0,0.0,0.0,0.0,0.0,11866.0,3.0,43812.0,10645.0,3.0,43825.0
11.133802391996142,0.0,0.0,0.0,0.0,0.0,0.0,0.0,0.0,0.0,0.0,0.0,0.0,0.0,11867.0,3.0,43832.0,10646.0,3.0,43835.0
11.133858804008923,0.0,0.0,0.0,0.0,0.0,0.0,0.0,0.0,0.0,0.0,0.0,0.0,0.0,11868.0,3.0,43852.0,10647.0,3.0,43865.0
11.133914304009522,0.0,0.0,0.0,0.0,0.0,0.0,0.0,0.0,0.0,0.0,0.0,0.0,0.0,11869.0,3.0,43872.0,10648.0,3.0,43885.0
11.133968302005087,0.0,0.0,0.0,0.0,0.0,0.0,0.0,0.0,0.0,0.0,0.0,0.0,0.0,11880.0,3.0,44092.0,10649.0,3.0,44096.0
11.134021709003719,0.0,0.0,0.0,0.0,0.0,0.0,0.0,0.0,0.0,0.0,0.0,0.0,0.0,11881.0,3.0,44112.0,10650.0,3.0,44115.0
11.134075706999283,0.0,0.0,0.0,0.0,0.0,0.0,0.0,0.0,0.0,0.0,0.0,0.0,0.0,11882.0,3.0,44132.0,10651.0,3.0,44145.0
11.134129263999057,0.0,0.0,0.0,0.0,0.0,0.0,0.0,0.0,0.0,0.0,0.0,0.0,0.0,11883.0,3.0,44152.0,10652.0,3.0,44164.0
11.142950303008547,0.0,0.0,0.0,0.0,0.0,0.0,0.0,0.0,0.0,0.0,0.0,0.0,0.0,11884.0,3.0,44172.0,10653.0,3.0,44182.0
11.167695573996753,0.0,0.0,0.0,0.0,0.0,0.0,0.0,0.0,0.0,0.0,0.0,0.0,0.0,11885.0,3.0,44192.0,10654.0,3.0,44205.0
11.185944840995944,0.0,0.0,0.0,0.0,0.0,0.0,0.0,0.0,0.0,0.0,0.0,0.0,0.0,11886.0,3.0,44212.0,10655.0,3.0,44225.0
11.198036635003518,0.0,0.0,0.0,0.0,0.0,0.0,0.0,0.0,0.0,0.0,0.0,0.0,0.0,11887.0,3.0,44232.0,10656.0,3.0,44235.0
11.228585974007729,0.0,0.0,0.0,0.0,0.0,0.0,0.0,0.0,0.0,0.0,0.0,0.0,0.0,11888.0,3.0,44252.0,10657.0,3.0,44265.0
11.24793226699694,0.0,0.0,0.0,0.0,0.0,0.0,0.0,0.0,0.0,0.0,0.0,0.0,0.0,11889.0,3.0,44272.0,10658.0,3.0,44285.0
11.26979726900754,0.0,0.0,0.0,0.0,0.0,0.0,0.0,0.0,0.0,0.0,0.0,0.0,0.0,11890.0,3.0,44292.0,10659.0,3.0,44305.0
11.287486904999241,0.0,0.0,0.0,0.0,0.0,0.0,0.0,0.0,0.0,0.0,0.0,0.0,0.0,11891.0,3.0,44312.0,10660.0,3.0,44325.0
11.296060100998147,0.0,0.0,0.0,0.0,0.0,0.0,0.0,0.0,0.0,0.0,0.0,0.0,0.0,11892.0,3.0,44333.0,10661.0,3.0,44334.0
11.328520020004362,0.0,0.0,0.0,0.0,0.0,0.0,0.0,0.0,0.0,0.0,0.0,0.0,0.0,11893.0,3.0,44352.0,10662.0,3.0,44365.0
11.346376538000186,0.0,0.0,0.0,0.0,0.0,0.0,0.0,0.0,0.0,0.0,0.0,0.0,0.0,11894.0,3.0,44372.0,10663.0,3.0,44385.0
11.368733851995785,0.0,0.0,0.0,0.0,0.0,0.0,0.0,0.0,0.0,0.0,0.0,0.0,0.0,11895.0,3.0,44392.0,10664.0,3.0,44405.0
11.495175379997818,0.0,0.0,0.0,0.0,0.0,0.0,0.0,0.0,0.0,0.0,0.0,0.0,0.0,11896.0,3.0,44412.0,10665.0,3.0,44425.0
11.495372300996678,0.0,0.0,0.0,0.0,0.0,0.0,0.0,0.0,0.0,0.0,0.0,0.0,0.0,11897.0,3.0,44432.0,10666.0,3.0,44435.0
11.495444168001995,0.0,0.0,0.0,0.0,0.0,0.0,0.0,0.0,0.0,0.0,0.0,0.0,0.0,11898.0,3.0,44452.0,10667.0,3.0,44465.0
11.495508142004837,0.0,0.0,0.0,0.0,0.0,0.0,0.0,0.0,0.0,0.0,0.0,0.0,0.0,11899.0,3.0,44472.0,10668.0,3.0,44485.0
11.495565916004125,0.0,0.0,0.0,0.0,0.0,0.0,0.0,0.0,0.0,0.0,0.0,0.0,0.0,11900.0,3.0,44492.0,10669.0,3.0,44505.0
11.495623751005041,0.0,0.0,0.0,0.0,0.0,0.0,0.0,0.0,0.0,0.0,0.0,0.0,0.0,11901.0,3.0,44512.0,10670.0,3.0,44525.0
11.497965564005426,0.0,0.0,0.0,0.0,0.0,0.0,0.0,0.0,0.0,0.0,0.0,0.0,0.0,11902.0,3.0,44532.0,10671.0,3.0,44535.0
11.526156035004533,0.0,0.0,0.0,0.0,0.0,0.0,0.0,0.0,0.0,0.0,0.0,0.0,0.0,11903.0,3.0,44552.0,10672.0,3.0,44565.0
11.548606687996653,0.0,0.0,0.0,0.0,0.0,0.0,0.0,0.0,0.0,0.0,0.0,0.0,0.0,11904.0,3.0,44572.0,10673.0,3.0,44585.0
11.576905476002139,0.0,0.0,0.0,0.0,0.0,0.0,0.0,0.0,0.0,0.0,0.0,0.0,0.0,11905.0,3.0,44592.0,10674.0,3.0,44605.0
11.586313908002921,0.0,0.0,0.0,0.0,0.0,0.0,0.0,0.0,0.0,0.0,0.0,0.0,0.0,11906.0,3.0,44612.0,10675.0,3.0,44625.0
11.608830177996424,0.0,0.0,0.0,0.0,0.0,0.0,0.0,0.0,0.0,0.0,0.0,0.0,0.0,11907.0,3.0,44632.0,10676.0,3.0,44636.0
11.715328721998958,0.0,0.0,0.0,0.0,0.0,0.0,0.0,0.0,0.0,0.0,0.0,0.0,0.0,11908.0,3.0,44652.0,10677.0,3.0,44655.0
11.71548835199792,0.0,0.0,0.0,0.0,0.0,0.0,0.0,0.0,0.0,0.0,0.0,0.0,0.0,11909.0,3.0,44672.0,10678.0,3.0,44685.0
11.715557083996828,0.0,0.0,0.0,0.0,0.0,0.0,0.0,0.0,0.0,0.0,0.0,0.0,0.0,11910.0,3.0,44692.0,10679.0,3.0,44705.0
11.715617102003307,0.0,0.0,0.0,0.0,0.0,0.0,0.0,0.0,0.0,0.0,0.0,0.0,0.0,11911.0,3.0,44712.0,10680.0,3.0,44725.0
11.715676148000057,0.0,0.0,0.0,0.0,0.0,0.0,0.0,0.0,0.0,0.0,0.0,0.0,0.0,11912.0,3.0,44732.0,10681.0,3.0,44735.0
11.72503119299654,0.0,0.0,0.0,0.0,0.0,0.0,0.0,0.0,0.0,0.0,0.0,0.0,0.0,11913.0,3.0,44752.0,10682.0,3.0,44765.0
11.745718555001076,0.0,0.0,0.0,0.0,0.0,0.0,0.0,0.0,0.0,0.0,0.0,0.0,0.0,11914.0,3.0,44772.0,10683.0,3.0,44785.0
11.7687739230023,0.0,0.0,0.0,0.0,0.0,0.0,0.0,0.0,0.0,0.0,0.0,0.0,0.0,11915.0,3.0,44792.0,10684.0,3.0,44805.0
11.785744200009503,0.0,0.0,0.0,0.0,0.0,0.0,0.0,0.0,0.0,0.0,0.0,0.0,0.0,11916.0,3.0,44812.0,10685.0,3.0,44825.0
11.79913311600103,0.0,0.0,0.0,0.0,0.0,0.0,0.0,0.0,0.0,0.0,0.0,0.0,0.0,11917.0,3.0,44832.0,10686.0,3.0,44835.0
11.935575055002118,0.0,0.0,0.0,0.0,0.0,0.0,0.0,0.0,0.0,0.0,0.0,0.0,0.0,11918.0,3.0,44852.0,10687.0,3.0,44865.0
11.935725310002454,0.0,0.0,0.0,0.0,0.0,0.0,0.0,0.0,0.0,0.0,0.0,0.0,0.0,11919.0,3.0,44872.0,10688.0,3.0,44885.0
11.935795864003012,0.0,0.0,0.0,0.0,0.0,0.0,0.0,0.0,0.0,0.0,0.0,0.0,0.0,11920.0,3.0,44892.0,10689.0,3.0,44905.0
11.935855871997774,0.0,0.0,0.0,0.0,0.0,0.0,0.0,0.0,0.0,0.0,0.0,0.0,0.0,11921.0,3.0,44912.0,10690.0,3.0,44925.0
11.935912735003512,0.0,0.0,0.0,0.0,0.0,0.0,0.0,0.0,0.0,0.0,0.0,0.0,0.0,11922.0,3.0,44932.0,10691.0,3.0,44935.0
11.935974195002927,0.0,0.0,0.0,0.0,0.0,0.0,0.0,0.0,0.0,0.0,0.0,0.0,0.0,11923.0,3.0,44952.0,10692.0,3.0,44965.0
11.944748074005474,0.0,0.0,0.0,0.0,0.0,0.0,0.0,0.0,0.0,0.0,0.0,0.0,0.0,11924.0,3.0,44972.0,10693.0,3.0,44984.0
11.96664038799645,0.0,0.0,0.0,0.0,0.0,0.0,0.0,0.0,0.0,0.0,0.0,0.0,0.0,11925.0,3.0,44992.0,10694.0,3.0,45005.0
11.988364478005678,0.0,0.0,0.0,0.0,0.0,0.0,0.0,0.0,0.0,0.0,0.0,0.0,0.0,11926.0,3.0,45012.0,10695.0,3.0,45025.0
12.000183705997188,0.0,0.0,0.0,0.0,0.0,0.0,0.0,0.0,0.0,0.0,0.0,0.0,0.0,11927.0,3.0,45032.0,10696.0,3.0,45034.0
12.025205947997165,0.0,0.0,0.0,0.0,0.0,0.0,0.0,0.0,0.0,0.0,0.0,0.0,0.0,11928.0,3.0,45052.0,10697.0,3.0,45065.0
12.153508080009487,0.0,0.0,0.0,0.0,0.0,0.0,0.0,0.0,0.0,0.0,0.0,0.0,0.0,11929.0,3.0,45072.0,10698.0,3.0,45085.0
12.153638472998864,0.0,0.0,0.0,0.0,0.0,0.0,0.0,0.0,0.0,0.0,0.0,0.0,0.0,11930.0,3.0,45092.0,10699.0,3.0,45105.0
12.153707935998682,0.0,0.0,0.0,0.0,0.0,0.0,0.0,0.0,0.0,0.0,0.0,0.0,0.0,11931.0,3.0,45112.0,10700.0,3.0,45125.0
12.153767623007298,0.0,0.0,0.0,0.0,0.0,0.0,0.0,0.0,0.0,0.0,0.0,0.0,0.0,11932.0,3.0,45132.0,10701.0,3.0,45136.0
12.153823464002926,0.0,0.0,0.0,0.0,0.0,0.0,0.0,0.0,0.0,0.0,0.0,0.0,0.0,11933.0,3.0,45152.0,10702.0,3.0,45155.0
12.153880085999845,0.0,0.0,0.0,0.0,0.0,0.0,0.0,0.0,0.0,0.0,0.0,0.0,0.0,11934.0,3.0,45172.0,10703.0,3.0,45185.0
12.165280763001647,0.0,0.0,0.0,0.0,0.0,0.0,0.0,0.0,0.0,0.0,0.0,0.0,0.0,11935.0,3.0,45192.0,10704.0,3.0,45205.0
12.188567568009603,0.0,0.0,0.0,0.0,0.0,0.0,0.0,0.0,0.0,0.0,0.0,0.0,0.0,11936.0,3.0,45212.0,10705.0,3.0,45225.0
12.194795471004909,0.0,0.0,0.0,0.0,0.0,0.0,0.0,0.0,0.0,0.0,0.0,0.0,0.0,11937.0,3.0,45232.0,10706.0,3.0,45234.0
12.226471899004537,0.0,0.0,0.0,0.0,0.0,0.0,0.0,0.0,0.0,0.0,0.0,0.0,0.0,11938.0,3.0,45252.0,10707.0,3.0,45265.0
12.251063939998858,0.0,0.0,0.0,0.0,0.0,0.0,0.0,0.0,0.0,0.0,0.0,0.0,0.0,11939.0,3.0,45272.0,10708.0,3.0,45285.0
12.373458711997955,0.0,0.0,0.0,0.0,0.0,0.0,0.0,0.0,0.0,0.0,0.0,0.0,0.0,11940.0,3.0,45292.0,10709.0,3.0,45305.0
12.373657906005974,0.0,0.0,0.0,0.0,0.0,0.0,0.0,0.0,0.0,0.0,0.0,0.0,0.0,11941.0,3.0,45312.0,10710.0,3.0,45325.0
12.37372951299767,0.0,0.0,0.0,0.0,0.0,0.0,0.0,0.0,0.0,0.0,0.0,0.0,0.0,11942.0,3.0,45332.0,10711.0,3.0,45335.0
12.373802761998377,0.0,0.0,0.0,0.0,0.0,0.0,0.0,0.0,0.0,0.0,0.0,0.0,0.0,11943.0,3.0,45352.0,10712.0,3.0,45365.0
12.373861207001028,0.0,0.0,0.0,0.0,0.0,0.0,0.0,0.0,0.0,0.0,0.0,0.0,0.0,11944.0,3.0,45372.0,10713.0,3.0,45385.0
12.373918780998792,0.0,0.0,0.0,0.0,0.0,0.0,0.0,0.0,0.0,0.0,0.0,0.0,0.0,11945.0,3.0,45392.0,10714.0,3.0,45405.0
12.386853005999,0.0,0.0,0.0,0.0,0.0,0.0,0.0,0.0,0.0,0.0,0.0,0.0,0.0,11946.0,3.0,45412.0,10715.0,3.0,45425.0
12.397956447006436,0.0,0.0,0.0,0.0,0.0,0.0,0.0,0.0,0.0,0.0,0.0,0.0,0.0,11947.0,3.0,45432.0,10716.0,3.0,45435.0
12.426230915996712,0.0,0.0,0.0,0.0,0.0,0.0,0.0,0.0,0.0,0.0,0.0,0.0,0.0,11948.0,3.0,45452.0,10717.0,3.0,45465.0
12.44563339999877,0.0,0.0,0.0,0.0,0.0,0.0,0.0,0.0,0.0,0.0,0.0,0.0,0.0,11949.0,3.0,45472.0,10718.0,3.0,45485.0
12.465151862008497,0.0,0.0,0.0,0.0,0.0,0.0,0.0,0.0,0.0,0.0,0.0,0.0,0.0,11950.0,3.0,45492.0,10719.0,3.0,45505.0
12.513774225997622,0.0,0.0,0.0,0.0,0.0,0.0,0.0,0.0,0.0,0.0,0.0,0.0,0.0,11951.0,3.0,45512.0,10720.0,3.0,45525.0
12.513890886009904,0.0,0.0,0.0,0.0,0.0,0.0,0.0,0.0,0.0,0.0,0.0,0.0,0.0,11952.0,3.0,45532.0,10721.0,3.0,45535.0
12.59630825300701,0.0,0.0,0.0,0.0,0.0,0.0,0.0,0.0,0.0,0.0,0.0,0.0,0.0,11953.0,3.0,45552.0,10722.0,3.0,45555.0
12.59641564800404,0.0,0.0,0.0,0.0,0.0,0.0,0.0,0.0,0.0,0.0,0.0,0.0,0.0,11954.0,3.0,45572.0,10723.0,3.0,45575.0
12.596484720997978,0.0,0.0,0.0,0.0,0.0,0.0,0.0,0.0,0.0,0.0,0.0,0.0,0.0,11955.0,3.0,45592.0,10724.0,3.0,45605.0
12.596550397996907,0.0,0.0,0.0,0.0,0.0,0.0,0.0,0.0,0.0,0.0,0.0,0.0,0.0,11956.0,3.0,45612.0,10725.0,3.0,45625.0
12.60075185300957,0.0,0.0,0.0,0.0,0.0,0.0,0.0,0.0,0.0,0.0,0.0,0.0,0.0,11957.0,3.0,45632.0,10726.0,3.0,45635.0
12.62830352500896,0.0,0.0,0.0,0.0,0.0,0.0,0.0,0.0,0.0,0.0,0.0,0.0,0.0,11958.0,3.0,45652.0,10727.0,3.0,45665.0
12.646913496995694,0.0,0.0,0.0,0.0,0.0,0.0,0.0,0.0,0.0,0.0,0.0,0.0,0.0,11959.0,3.0,45672.0,10728.0,3.0,45685.0
12.666306334998808,0.0,0.0,0.0,0.0,0.0,0.0,0.0,0.0,0.0,0.0,0.0,0.0,0.0,11960.0,3.0,45692.0,10729.0,3.0,45705.0
12.684989647008479,0.0,0.0,0.0,0.0,0.0,0.0,0.0,0.0,0.0,0.0,0.0,0.0,0.0,11961.0,3.0,45712.0,10730.0,3.0,45725.0
12.696821695004473,0.0,0.0,0.0,0.0,0.0,0.0,0.0,0.0,0.0,0.0,0.0,0.0,0.0,11962.0,3.0,45732.0,10731.0,3.0,45735.0
12.819028294004966,0.0,0.0,0.0,0.0,0.0,0.0,0.0,0.0,0.0,0.0,0.0,0.0,0.0,11963.0,3.0,45752.0,10732.0,3.0,45765.0
12.819159838007181,0.0,0.0,0.0,0.0,0.0,0.0,0.0,0.0,0.0,0.0,0.0,0.0,0.0,11964.0,3.0,45772.0,10733.0,3.0,45785.0
12.819237274001352,0.0,0.0,0.0,0.0,0.0,0.0,0.0,0.0,0.0,0.0,0.0,0.0,0.0,11965.0,3.0,45792.0,10734.0,3.0,45805.0
12.819301519004512,0.0,0.0,0.0,0.0,0.0,0.0,0.0,0.0,0.0,0.0,0.0,0.0,0.0,11966.0,3.0,45812.0,10735.0,3.0,45825.0
12.819361707006465,0.0,0.0,0.0,0.0,0.0,0.0,0.0,0.0,0.0,0.0,0.0,0.0,0.0,11967.0,3.0,45832.0,10736.0,3.0,45835.0
12.826976865006145,0.0,0.0,0.0,0.0,0.0,0.0,0.0,0.0,0.0,0.0,0.0,0.0,0.0,11968.0,3.0,45852.0,10737.0,3.0,45865.0
12.844882600009441,0.0,0.0,0.0,0.0,0.0,0.0,0.0,0.0,0.0,0.0,0.0,0.0,0.0,11969.0,3.0,45872.0,10738.0,3.0,45885.0
12.861537446005968,0.0,0.0,0.0,0.0,0.0,0.0,0.0,0.0,0.0,0.0,0.0,0.0,0.0,11970.0,3.0,45892.0,10739.0,3.0,45899.0
12.885280561997206,0.0,0.0,0.0,0.0,0.0,0.0,0.0,0.0,0.0,0.0,0.0,0.0,0.0,11971.0,3.0,45912.0,10740.0,3.0,45925.0
12.896375409996836,0.0,0.0,0.0,0.0,0.0,0.0,0.0,0.0,0.0,0.0,0.0,0.0,0.0,11972.0,3.0,45932.0,10741.0,3.0,45935.0
13.256469051004387,0.0,0.0,0.0,0.0,0.0,0.0,0.0,0.0,0.0,0.0,0.0,0.0,0.0,11973.0,3.0,45952.0,10742.0,3.0,45965.0
13.256611553995754,0.0,0.0,0.0,0.0,0.0,0.0,0.0,0.0,0.0,0.0,0.0,0.0,0.0,11974.0,3.0,45972.0,10743.0,3.0,45985.0
13.256690952999634,0.0,0.0,0.0,0.0,0.0,0.0,0.0,0.0,0.0,0.0,0.0,0.0,0.0,11975.0,3.0,45992.0,10744.0,3.0,46005.0
13.256758853996871,0.0,0.0,0.0,0.0,0.0,0.0,0.0,0.0,0.0,0.0,0.0,0.0,0.0,11976.0,3.0,46012.0,10745.0,3.0,46025.0
13.256826063006883,0.0,0.0,0.0,0.0,0.0,0.0,0.0,0.0,0.0,0.0,0.0,0.0,0.0,11977.0,3.0,46032.0,10746.0,3.0,46035.0
13.25689010800852,0.0,0.0,0.0,0.0,0.0,0.0,0.0,0.0,0.0,0.0,0.0,0.0,0.0,11978.0,3.0,46052.0,10747.0,3.0,46064.0
13.256952288997127,0.0,0.0,0.0,0.0,0.0,0.0,0.0,0.0,0.0,0.0,0.0,0.0,0.0,11979.0,3.0,46072.0,10748.0,3.0,46085.0
13.257018065996817,0.0,0.0,0.0,0.0,0.0,0.0,0.0,0.0,0.0,0.0,0.0,0.0,0.0,11980.0,3.0,46092.0,10749.0,3.0,46105.0
13.257078403999913,0.0,0.0,0.0,0.0,0.0,0.0,0.0,0.0,0.0,0.0,0.0,0.0,0.0,11981.0,3.0,46112.0,10750.0,3.0,46125.0
13.257138542001485,0.0,0.0,0.0,0.0,0.0,0.0,0.0,0.0,0.0,0.0,0.0,0.0,0.0,11982.0,3.0,46132.0,10751.0,3.0,46135.0
13.257205682006315,0.0,0.0,0.0,0.0,0.0,0.0,0.0,0.0,0.0,0.0,0.0,0.0,0.0,11983.0,3.0,46152.0,10752.0,3.0,46165.0
13.25726787300664,0.0,0.0,0.0,0.0,0.0,0.0,0.0,0.0,0.0,0.0,0.0,0.0,0.0,11984.0,3.0,46172.0,10753.0,3.0,46185.0
13.257354414003203,0.0,0.0,0.0,0.0,0.0,0.0,0.0,0.0,0.0,0.0,0.0,0.0,0.0,11985.0,3.0,46192.0,10754.0,3.0,46205.0
13.257417116008583,0.0,0.0,0.0,0.0,0.0,0.0,0.0,0.0,0.0,0.0,0.0,0.0,0.0,11986.0,3.0,46212.0,10755.0,3.0,46225.0
13.257525032007834,0.0,0.0,0.0,0.0,0.0,0.0,0.0,0.0,0.0,0.0,0.0,0.0,0.0,11987.0,3.0,46232.0,10756.0,3.0,46235.0
13.257608868996613,0.0,0.0,0.0,0.0,0.0,0.0,0.0,0.0,0.0,0.0,0.0,0.0,0.0,11988.0,3.0,46252.0,10757.0,3.0,46265.0
13.257691232996876,0.0,0.0,0.0,0.0,0.0,0.0,0.0,0.0,0.0,0.0,0.0,0.0,0.0,11989.0,3.0,46272.0,10758.0,3.0,46285.0
13.264992109005107,0.0,0.0,0.0,0.0,0.0,0.0,0.0,0.0,0.0,0.0,0.0,0.0,0.0,11990.0,3.0,46292.0,10759.0,3.0,46305.0
13.284914720003144,0.0,0.0,0.0,0.0,0.0,0.0,0.0,0.0,0.0,0.0,0.0,0.0,0.0,11991.0,3.0,46312.0,10760.0,3.0,46325.0
13.294857811008114,0.0,0.0,0.0,0.0,0.0,0.0,0.0,0.0,0.0,0.0,0.0,0.0,0.0,11992.0,3.0,46332.0,10761.0,3.0,46335.0
13.33515633099887,0.0,0.0,0.0,0.0,0.0,0.0,0.0,0.0,0.0,0.0,0.0,0.0,0.0,11993.0,3.0,46352.0,10762.0,3.0,46365.0
13.355019776005065,0.0,0.0,0.0,0.0,0.0,0.0,0.0,0.0,0.0,0.0,0.0,0.0,0.0,11994.0,3.0,46372.0,10763.0,3.0,46385.0
13.384118707996095,0.0,0.0,0.0,0.0,0.0,0.0,0.0,0.0,0.0,0.0,0.0,0.0,0.0,11995.0,3.0,46392.0,10764.0,3.0,46405.0
13.475443957009702,0.0,0.0,0.0,0.0,0.0,0.0,0.0,0.0,0.0,0.0,0.0,0.0,0.0,11996.0,3.0,46412.0,10765.0,3.0,46425.0
13.475551131006796,0.0,0.0,0.0,0.0,0.0,0.0,0.0,0.0,0.0,0.0,0.0,0.0,0.0,11997.0,3.0,46432.0,10766.0,3.0,46435.0
13.475615877003293,0.0,0.0,0.0,0.0,0.0,0.0,0.0,0.0,0.0,0.0,0.0,0.0,0.0,11998.0,3.0,46452.0,10767.0,3.0,46465.0
13.47567373100901,0.0,0.0,0.0,0.0,0.0,0.0,0.0,0.0,0.0,0.0,0.0,0.0,0.0,11999.0,3.0,46472.0,10768.0,3.0,46485.0
13.4757305640087,0.0,0.0,0.0,0.0,0.0,0.0,0.0,0.0,0.0,0.0,0.0,0.0,0.0,12000.0,3.0,46492.0,10769.0,3.0,46505.0
13.485729453008389,0.0,0.0,0.0,0.0,0.0,0.0,0.0,0.0,0.0,0.0,0.0,0.0,0.0,12001.0,3.0,46512.0,10770.0,3.0,46525.0
13.497096913997666,0.0,0.0,0.0,0.0,0.0,0.0,0.0,0.0,0.0,0.0,0.0,0.0,0.0,12002.0,3.0,46532.0,10771.0,3.0,46536.0
13.518153288008762,0.0,0.0,0.0,0.0,0.0,0.0,0.0,0.0,0.0,0.0,0.0,0.0,0.0,12003.0,3.0,46552.0,10772.0,3.0,46555.0
13.545343881996814,0.0,0.0,0.0,0.0,0.0,0.0,0.0,0.0,0.0,0.0,0.0,0.0,0.0,12004.0,3.0,46572.0,10773.0,3.0,46585.0
13.56529215000046,0.0,0.0,0.0,0.0,0.0,0.0,0.0,0.0,0.0,0.0,0.0,0.0,0.0,12005.0,3.0,46592.0,10774.0,3.0,46605.0
13.589500551999663,0.0,0.0,0.0,0.0,0.0,0.0,0.0,0.0,0.0,0.0,0.0,0.0,0.0,12006.0,3.0,46612.0,10775.0,3.0,46625.0
13.692728064997937,0.0,0.0,0.0,0.0,0.0,0.0,0.0,0.0,0.0,0.0,0.0,0.0,0.0,12007.0,3.0,46632.0,10776.0,3.0,46635.0
13.692832654996892,0.0,0.0,0.0,0.0,0.0,0.0,0.0,0.0,0.0,0.0,0.0,0.0,0.0,12008.0,3.0,46652.0,10777.0,3.0,46665.0
13.692908698998508,0.0,0.0,0.0,0.0,0.0,0.0,0.0,0.0,0.0,0.0,0.0,0.0,0.0,12009.0,3.0,46672.0,10778.0,3.0,46685.0
13.69297124100558,0.0,0.0,0.0,0.0,0.0,0.0,0.0,0.0,0.0,0.0,0.0,0.0,0.0,12010.0,3.0,46692.0,10779.0,3.0,46705.0
13.693028244000743,0.0,0.0,0.0,0.0,0.0,0.0,0.0,0.0,0.0,0.0,0.0,0.0,0.0,12011.0,3.0,46712.0,10780.0,3.0,46724.0
13.69482294000045,0.0,0.0,0.0,0.0,0.0,0.0,0.0,0.0,0.0,0.0,0.0,0.0,0.0,12012.0,3.0,46732.0,10781.0,3.0,46734.0
13.727179444002104,0.0,0.0,0.0,0.0,0.0,0.0,0.0,0.0,0.0,0.0,0.0,0.0,0.0,12013.0,3.0,46752.0,10782.0,3.0,46765.0
13.74507987400284,0.0,0.0,0.0,0.0,0.0,0.0,0.0,0.0,0.0,0.0,0.0,0.0,0.0,12014.0,3.0,46772.0,10783.0,3.0,46785.0
13.764923841998097,0.0,0.0,0.0,0.0,0.0,0.0,0.0,0.0,0.0,0.0,0.0,0.0,0.0,12015.0,3.0,46792.0,10784.0,3.0,46805.0
13.787993938996806,0.0,0.0,0.0,0.0,0.0,0.0,0.0,0.0,0.0,0.0,0.0,0.0,0.0,12016.0,3.0,46812.0,10785.0,3.0,46825.0
13.79621024300286,0.0,0.0,0.0,0.0,0.0,0.0,0.0,0.0,0.0,0.0,0.0,0.0,0.0,12017.0,3.0,46832.0,10786.0,3.0,46835.0
13.912740580999525,0.0,0.0,0.0,0.0,0.0,0.0,0.0,0.0,0.0,0.0,0.0,0.0,0.0,12018.0,3.0,46852.0,10787.0,3.0,46864.0
13.913201090996154,0.0,0.0,0.0,0.0,0.0,0.0,0.0,0.0,0.0,0.0,0.0,0.0,0.0,12019.0,3.0,46872.0,10788.0,3.0,46885.0
13.91328695100674,0.0,0.0,0.0,0.0,0.0,0.0,0.0,0.0,0.0,0.0,0.0,0.0,0.0,12020.0,3.0,46892.0,10789.0,3.0,46905.0
13.913348572008545,0.0,0.0,0.0,0.0,0.0,0.0,0.0,0.0,0.0,0.0,0.0,0.0,0.0,12021.0,3.0,46912.0,10790.0,3.0,46925.0
13.913406776002375,0.0,0.0,0.0,0.0,0.0,0.0,0.0,0.0,0.0,0.0,0.0,0.0,0.0,12022.0,3.0,46932.0,10791.0,3.0,46936.0
13.914594982998096,0.0,0.0,0.0,0.0,0.0,0.0,0.0,0.0,0.0,0.0,0.0,0.0,0.0,12023.0,3.0,46952.0,10792.0,3.0,46955.0
13.946991753997281,0.0,0.0,0.0,0.0,0.0,0.0,0.0,0.0,0.0,0.0,0.0,0.0,0.0,12024.0,3.0,46972.0,10793.0,3.0,46985.0
13.965674940001918,0.0,0.0,0.0,0.0,0.0,0.0,0.0,0.0,0.0,0.0,0.0,0.0,0.0,12025.0,3.0,46992.0,10794.0,3.0,47005.0
13.985525577998487,0.0,0.0,0.0,0.0,0.0,0.0,0.0,0.0,0.0,0.0,0.0,0.0,0.0,12026.0,3.0,47012.0,10795.0,3.0,47025.0
13.99562017399876,0.0,0.0,0.0,0.0,0.0,0.0,0.0,0.0,0.0,0.0,0.0,0.0,0.0,12027.0,3.0,47032.0,10796.0,3.0,47036.0
14.029130969996913,0.0,0.0,0.0,0.0,0.0,0.0,0.0,0.0,0.0,0.0,0.0,0.0,0.0,12028.0,3.0,47052.0,10797.0,3.0,47055.0
14.132540039005107,0.0,0.0,0.0,0.0,0.0,0.0,0.0,0.0,0.0,0.0,0.0,0.0,0.0,12029.0,3.0,47072.0,10798.0,3.0,47085.0
14.132651000007172,0.0,0.0,0.0,0.0,0.0,0.0,0.0,0.0,0.0,0.0,0.0,0.0,0.0,12030.0,3.0,47092.0,10799.0,3.0,47105.0
14.13271965199965,0.0,0.0,0.0,0.0,0.0,0.0,0.0,0.0,0.0,0.0,0.0,0.0,0.0,12031.0,3.0,47112.0,10800.0,3.0,47125.0
14.132778327009873,0.0,0.0,0.0,0.0,0.0,0.0,0.0,0.0,0.0,0.0,0.0,0.0,0.0,12032.0,3.0,47132.0,10801.0,3.0,47135.0
14.132833587005734,0.0,0.0,0.0,0.0,0.0,0.0,0.0,0.0,0.0,0.0,0.0,0.0,0.0,12033.0,3.0,47152.0,10802.0,3.0,47165.0
14.151952333006193,0.0,0.0,0.0,0.0,0.0,0.0,0.0,0.0,0.0,0.0,0.0,0.0,0.0,12034.0,3.0,47172.0,10803.0,3.0,47185.0
14.164654619002249,0.0,0.0,0.0,0.0,0.0,0.0,0.0,0.0,0.0,0.0,0.0,0.0,0.0,12035.0,3.0,47192.0,10804.0,3.0,47205.0
14.184599582004012,0.0,0.0,0.0,0.0,0.0,0.0,0.0,0.0,0.0,0.0,0.0,0.0,0.0,12036.0,3.0,47212.0,10805.0,3.0,47225.0
14.19708232000994,0.0,0.0,0.0,0.0,0.0,0.0,0.0,0.0,0.0,0.0,0.0,0.0,0.0,12037.0,3.0,47232.0,10806.0,3.0,47235.0
14.224751945002936,0.0,0.0,0.0,0.0,0.0,0.0,0.0,0.0,0.0,0.0,0.0,0.0,0.0,12038.0,3.0,47252.0,10807.0,3.0,47265.0
14.264491224006633,0.0,0.0,0.0,0.0,0.0,0.0,0.0,0.0,0.0,0.0,0.0,0.0,0.0,12039.0,3.0,47272.0,10808.0,3.0,47285.0
14.264583244003006,0.0,0.0,0.0,0.0,0.0,0.0,0.0,0.0,0.0,0.0,0.0,0.0,0.0,12040.0,3.0,47292.0,10809.0,3.0,47305.0
14.32439979200717,0.0,0.0,0.0,0.0,0.0,0.0,0.0,0.0,0.0,0.0,0.0,0.0,0.0,12041.0,3.0,47312.0,10810.0,3.0,47325.0
14.324490038998192,0.0,0.0,0.0,0.0,0.0,0.0,0.0,0.0,0.0,0.0,0.0,0.0,0.0,12042.0,3.0,47332.0,10811.0,3.0,47335.0
14.324699160002638,0.0,0.0,0.0,0.0,0.0,0.0,0.0,0.0,0.0,0.0,0.0,0.0,0.0,12043.0,3.0,47352.0,10812.0,3.0,47365.0
14.345411543996306,0.0,0.0,0.0,0.0,0.0,0.0,0.0,0.0,0.0,0.0,0.0,0.0,0.0,12044.0,3.0,47372.0,10813.0,3.0,47385.0
14.365715300999,0.0,0.0,0.0,0.0,0.0,0.0,0.0,0.0,0.0,0.0,0.0,0.0,0.0,12045.0,3.0,47392.0,10814.0,3.0,47405.0
14.386208017007448,0.0,0.0,0.0,0.0,0.0,0.0,0.0,0.0,0.0,0.0,0.0,0.0,0.0,12046.0,3.0,47412.0,10815.0,3.0,47425.0
14.396737237009802,0.0,0.0,0.0,0.0,0.0,0.0,0.0,0.0,0.0,0.0,0.0,0.0,0.0,12047.0,3.0,47432.0,10816.0,3.0,47435.0
14.41590069999802,0.0,0.0,0.0,0.0,0.0,0.0,0.0,0.0,0.0,0.0,0.0,0.0,0.0,12048.0,3.0,47452.0,10817.0,3.0,47455.0
14.44594727200456,0.0,0.0,0.0,0.0,0.0,0.0,0.0,0.0,0.0,0.0,0.0,0.0,0.0,12049.0,3.0,47472.0,10818.0,3.0,47485.0
14.572729357008939,0.0,0.0,0.0,0.0,0.0,0.0,0.0,0.0,0.0,0.0,0.0,0.0,0.0,12050.0,3.0,47492.0,10819.0,3.0,47505.0
14.573113582999213,0.0,0.0,0.0,0.0,0.0,0.0,0.0,0.0,0.0,0.0,0.0,0.0,0.0,12051.0,3.0,47512.0,10820.0,3.0,47525.0
14.573317296002642,0.0,0.0,0.0,0.0,0.0,0.0,0.0,0.0,0.0,0.0,0.0,0.0,0.0,12052.0,3.0,47532.0,10821.0,3.0,47536.0
14.573385857001995,0.0,0.0,0.0,0.0,0.0,0.0,0.0,0.0,0.0,0.0,0.0,0.0,0.0,12053.0,3.0,47552.0,10822.0,3.0,47555.0
14.57344403200841,0.0,0.0,0.0,0.0,0.0,0.0,0.0,0.0,0.0,0.0,0.0,0.0,0.0,12054.0,3.0,47572.0,10823.0,3.0,47585.0
14.573498591009411,0.0,0.0,0.0,0.0,0.0,0.0,0.0,0.0,0.0,0.0,0.0,0.0,0.0,12055.0,3.0,47592.0,10824.0,3.0,47605.0
14.587087553009042,0.0,0.0,0.0,0.0,0.0,0.0,0.0,0.0,0.0,0.0,0.0,0.0,0.0,12056.0,3.0,47612.0,10825.0,3.0,47625.0
14.596607187995687,0.0,0.0,0.0,0.0,0.0,0.0,0.0,0.0,0.0,0.0,0.0,0.0,0.0,12057.0,3.0,47632.0,10826.0,3.0,47635.0
14.625133150009788,0.0,0.0,0.0,0.0,0.0,0.0,0.0,0.0,0.0,0.0,0.0,0.0,0.0,12058.0,3.0,47652.0,10827.0,3.0,47665.0
14.644891122996341,0.0,0.0,0.0,0.0,0.0,0.0,0.0,0.0,0.0,0.0,0.0,0.0,0.0,12059.0,3.0,47672.0,10828.0,3.0,47685.0
14.664669288002187,0.0,0.0,0.0,0.0,0.0,0.0,0.0,0.0,0.0,0.0,0.0,0.0,0.0,12060.0,3.0,47692.0,10829.0,3.0,47705.0
14.792399680009112,0.0,0.0,0.0,0.0,0.0,0.0,0.0,0.0,0.0,0.0,0.0,0.0,0.0,12061.0,3.0,47712.0,10830.0,3.0,47725.0
14.792527448007604,0.0,0.0,0.0,0.0,0.0,0.0,0.0,0.0,0.0,0.0,0.0,0.0,0.0,12062.0,3.0,47732.0,10831.0,3.0,47735.0
14.792593406004016,0.0,0.0,0.0,0.0,0.0,0.0,0.0,0.0,0.0,0.0,0.0,0.0,0.0,12063.0,3.0,47752.0,10832.0,3.0,47765.0
14.792652140997234,0.0,0.0,0.0,0.0,0.0,0.0,0.0,0.0,0.0,0.0,0.0,0.0,0.0,12064.0,3.0,47772.0,10833.0,3.0,47785.0
14.7927076019987,0.0,0.0,0.0,0.0,0.0,0.0,0.0,0.0,0.0,0.0,0.0,0.0,0.0,12065.0,3.0,47792.0,10834.0,3.0,47805.0
14.792762020995724,0.0,0.0,0.0,0.0,0.0,0.0,0.0,0.0,0.0,0.0,0.0,0.0,0.0,12066.0,3.0,47812.0,10835.0,3.0,47825.0
14.794591805009986,0.0,0.0,0.0,0.0,0.0,0.0,0.0,0.0,0.0,0.0,0.0,0.0,0.0,12067.0,3.0,47832.0,10836.0,3.0,47835.0
14.824510628008284,0.0,0.0,0.0,0.0,0.0,0.0,0.0,0.0,0.0,0.0,0.0,0.0,0.0,12068.0,3.0,47852.0,10837.0,3.0,47865.0
14.847615378996124,0.0,0.0,0.0,0.0,0.0,0.0,0.0,0.0,0.0,0.0,0.0,0.0,0.0,12069.0,3.0,47872.0,10838.0,3.0,47885.0
14.861375930995564,0.0,0.0,0.0,0.0,0.0,0.0,0.0,0.0,0.0,0.0,0.0,0.0,0.0,12070.0,3.0,47892.0,10839.0,3.0,47901.0
14.886916454008315,0.0,0.0,0.0,0.0,0.0,0.0,0.0,0.0,0.0,0.0,0.0,0.0,0.0,12071.0,3.0,47912.0,10840.0,3.0,47925.0
14.895322423006292,0.0,0.0,0.0,0.0,0.0,0.0,0.0,0.0,0.0,0.0,0.0,0.0,0.0,12072.0,3.0,47932.0,10841.0,3.0,47935.0
15.019207714009099,0.0,0.0,0.0,0.0,0.0,0.0,0.0,0.0,0.0,0.0,0.0,0.0,0.0,12073.0,3.0,47952.0,10842.0,3.0,47965.0
15.019318545004353,0.0,0.0,0.0,0.0,0.0,0.0,0.0,0.0,0.0,0.0,0.0,0.0,0.0,12074.0,3.0,47972.0,10843.0,3.0,47985.0
15.019392294998397,0.0,0.0,0.0,0.0,0.0,0.0,0.0,0.0,0.0,0.0,0.0,0.0,0.0,12075.0,3.0,47992.0,10844.0,3.0,48005.0
15.019448696999461,0.0,0.0,0.0,0.0,0.0,0.0,0.0,0.0,0.0,0.0,0.0,0.0,0.0,12076.0,3.0,48012.0,10845.0,3.0,48025.0
15.019502985000145,0.0,0.0,0.0,0.0,0.0,0.0,0.0,0.0,0.0,0.0,0.0,0.0,0.0,12077.0,3.0,48032.0,10846.0,3.0,48035.0
15.025058565996005,0.0,0.0,0.0,0.0,0.0,0.0,0.0,0.0,0.0,0.0,0.0,0.0,0.0,12078.0,3.0,48052.0,10847.0,3.0,48065.0
15.044283199007623,0.0,0.0,0.0,0.0,0.0,0.0,0.0,0.0,0.0,0.0,0.0,0.0,0.0,12079.0,3.0,48072.0,10848.0,3.0,48085.0
15.065671300006215,0.0,0.0,0.0,0.0,0.0,0.0,0.0,0.0,0.0,0.0,0.0,0.0,0.0,12080.0,3.0,48092.0,10849.0,3.0,48105.0
15.084356563005713,0.0,0.0,0.0,0.0,0.0,0.0,0.0,0.0,0.0,0.0,0.0,0.0,0.0,12081.0,3.0,48112.0,10850.0,3.0,48125.0
15.096018262003781,0.0,0.0,0.0,0.0,0.0,0.0,0.0,0.0,0.0,0.0,0.0,0.0,0.0,12082.0,3.0,48132.0,10851.0,3.0,48135.0
15.237480187002802,0.0,0.0,0.0,0.0,0.0,0.0,0.0,0.0,0.0,0.0,0.0,0.0,0.0,12083.0,3.0,48152.0,10852.0,3.0,48165.0
15.237580902001355,0.0,0.0,0.0,0.0,0.0,0.0,0.0,0.0,0.0,0.0,0.0,0.0,0.0,12084.0,3.0,48172.0,10853.0,3.0,48185.0
15.237645707005868,0.0,0.0,0.0,0.0,0.0,0.0,0.0,0.0,0.0,0.0,0.0,0.0,0.0,12085.0,3.0,48192.0,10854.0,3.0,48205.0
15.237702829996124,0.0,0.0,0.0,0.0,0.0,0.0,0.0,0.0,0.0,0.0,0.0,0.0,0.0,12086.0,3.0,48212.0,10855.0,3.0,48225.0
15.23775996400218,0.0,0.0,0.0,0.0,0.0,0.0,0.0,0.0,0.0,0.0,0.0,0.0,0.0,12087.0,3.0,48232.0,10856.0,3.0,48235.0
15.237815745000262,0.0,0.0,0.0,0.0,0.0,0.0,0.0,0.0,0.0,0.0,0.0,0.0,0.0,12088.0,3.0,48252.0,10857.0,3.0,48265.0
15.244762062997324,0.0,0.0,0.0,0.0,0.0,0.0,0.0,0.0,0.0,0.0,0.0,0.0,0.0,12089.0,3.0,48272.0,10858.0,3.0,48285.0
15.266020262002712,0.0,0.0,0.0,0.0,0.0,0.0,0.0,0.0,0.0,0.0,0.0,0.0,0.0,12090.0,3.0,48292.0,10859.0,3.0,48305.0
15.286004795008921,0.0,0.0,0.0,0.0,0.0,0.0,0.0,0.0,0.0,0.0,0.0,0.0,0.0,12091.0,3.0,48312.0,10860.0,3.0,48325.0
15.29506524100725,0.0,0.0,0.0,0.0,0.0,0.0,0.0,0.0,0.0,0.0,0.0,0.0,0.0,12092.0,3.0,48332.0,10861.0,3.0,48335.0
15.325380902009783,0.0,0.0,0.0,0.0,0.0,0.0,0.0,0.0,0.0,0.0,0.0,0.0,0.0,12093.0,3.0,48352.0,10862.0,3.0,48365.0
15.5315471500071,0.0,0.0,0.0,0.0,0.0,0.0,0.0,0.0,0.0,0.0,0.0,0.0,0.0,12094.0,3.0,48372.0,10863.0,3.0,48385.0
15.531698888007668,0.0,0.0,0.0,0.0,0.0,0.0,0.0,0.0,0.0,0.0,0.0,0.0,0.0,12095.0,3.0,48392.0,10864.0,3.0,48405.0
15.531776164003531,0.0,0.0,0.0,0.0,0.0,0.0,0.0,0.0,0.0,0.0,0.0,0.0,0.0,12096.0,3.0,48412.0,10865.0,3.0,48425.0
15.53183709300356,0.0,0.0,0.0,0.0,0.0,0.0,0.0,0.0,0.0,0.0,0.0,0.0,0.0,12097.0,3.0,48432.0,10866.0,3.0,48435.0
15.531894587009447,0.0,0.0,0.0,0.0,0.0,0.0,0.0,0.0,0.0,0.0,0.0,0.0,0.0,12098.0,3.0,48452.0,10867.0,3.0,48465.0
15.531950218006386,0.0,0.0,0.0,0.0,0.0,0.0,0.0,0.0,0.0,0.0,0.0,0.0,0.0,12099.0,3.0,48472.0,10868.0,3.0,48485.0
15.532005829008995,0.0,0.0,0.0,0.0,0.0,0.0,0.0,0.0,0.0,0.0,0.0,0.0,0.0,12100.0,3.0,48492.0,10869.0,3.0,48505.0
15.532061528996564,0.0,0.0,0.0,0.0,0.0,0.0,0.0,0.0,0.0,0.0,0.0,0.0,0.0,12101.0,3.0,48512.0,10870.0,3.0,48525.0
15.53211698999803,0.0,0.0,0.0,0.0,0.0,0.0,0.0,0.0,0.0,0.0,0.0,0.0,0.0,12102.0,3.0,48532.0,10871.0,3.0,48535.0
15.53217395300453,0.0,0.0,0.0,0.0,0.0,0.0,0.0,0.0,0.0,0.0,0.0,0.0,0.0,12103.0,3.0,48552.0,10872.0,3.0,48565.0
15.544656619997113,0.0,0.0,0.0,0.0,0.0,0.0,0.0,0.0,0.0,0.0,0.0,0.0,0.0,12104.0,3.0,48572.0,10873.0,3.0,48585.0
15.675426155998139,0.0,0.0,0.0,0.0,0.0,0.0,0.0,0.0,0.0,0.0,0.0,0.0,0.0,12105.0,3.0,48592.0,10874.0,3.0,48605.0
15.675536195005407,0.0,0.0,0.0,0.0,0.0,0.0,0.0,0.0,0.0,0.0,0.0,0.0,0.0,12106.0,3.0,48612.0,10875.0,3.0,48625.0
15.675599138005055,0.0,0.0,0.0,0.0,0.0,0.0,0.0,0.0,0.0,0.0,0.0,0.0,0.0,12107.0,3.0,48632.0,10876.0,3.0,48635.0
15.67565528000705,0.0,0.0,0.0,0.0,0.0,0.0,0.0,0.0,0.0,0.0,0.0,0.0,0.0,12108.0,3.0,48652.0,10877.0,3.0,48665.0
15.675714386001346,0.0,0.0,0.0,0.0,0.0,0.0,0.0,0.0,0.0,0.0,0.0,0.0,0.0,12109.0,3.0,48672.0,10878.0,3.0,48685.0
15.675769285997376,0.0,0.0,0.0,0.0,0.0,0.0,0.0,0.0,0.0,0.0,0.0,0.0,0.0,12110.0,3.0,48692.0,10879.0,3.0,48705.0
15.685833456998807,0.0,0.0,0.0,0.0,0.0,0.0,0.0,0.0,0.0,0.0,0.0,0.0,0.0,12111.0,3.0,48712.0,10880.0,3.0,48725.0
15.694501459001913,0.0,0.0,0.0,0.0,0.0,0.0,0.0,0.0,0.0,0.0,0.0,0.0,0.0,12112.0,3.0,48732.0,10881.0,3.0,48735.0
15.724976142999367,0.0,0.0,0.0,0.0,0.0,0.0,0.0,0.0,0.0,0.0,0.0,0.0,0.0,12113.0,3.0,48752.0,10882.0,3.0,48765.0
15.748619129008148,0.0,0.0,0.0,0.0,0.0,0.0,0.0,0.0,0.0,0.0,0.0,0.0,0.0,12114.0,3.0,48772.0,10883.0,3.0,48785.0
15.764563914999599,0.0,0.0,0.0,0.0,0.0,0.0,0.0,0.0,0.0,0.0,0.0,0.0,0.0,12115.0,3.0,48792.0,10884.0,3.0,48805.0
15.898763688004692,0.0,0.0,0.0,0.0,0.0,0.0,0.0,0.0,0.0,0.0,0.0,0.0,0.0,12116.0,3.0,48812.0,10885.0,3.0,48825.0
15.898890775002656,0.0,0.0,0.0,0.0,0.0,0.0,0.0,0.0,0.0,0.0,0.0,0.0,0.0,12117.0,3.0,48832.0,10886.0,3.0,48835.0
15.898960307997186,0.0,0.0,0.0,0.0,0.0,0.0,0.0,0.0,0.0,0.0,0.0,0.0,0.0,12118.0,3.0,48852.0,10887.0,3.0,48865.0
15.899022248995607,0.0,0.0,0.0,0.0,0.0,0.0,0.0,0.0,0.0,0.0,0.0,0.0,0.0,12119.0,3.0,48872.0,10888.0,3.0,48885.0
15.899079271999653,0.0,0.0,0.0,0.0,0.0,0.0,0.0,0.0,0.0,0.0,0.0,0.0,0.0,12120.0,3.0,48892.0,10889.0,3.0,48905.0
15.89913473300112,0.0,0.0,0.0,0.0,0.0,0.0,0.0,0.0,0.0,0.0,0.0,0.0,0.0,12121.0,3.0,48912.0,10890.0,3.0,48925.0
15.899198397004511,0.0,0.0,0.0,0.0,0.0,0.0,0.0,0.0,0.0,0.0,0.0,0.0,0.0,12122.0,3.0,48932.0,10891.0,3.0,48935.0
15.931011363005382,0.0,0.0,0.0,0.0,0.0,0.0,0.0,0.0,0.0,0.0,0.0,0.0,0.0,12123.0,3.0,48952.0,10892.0,3.0,48965.0
15.945197310007643,0.0,0.0,0.0,0.0,0.0,0.0,0.0,0.0,0.0,0.0,0.0,0.0,0.0,12124.0,3.0,48972.0,10893.0,3.0,48985.0
15.965614522996475,0.0,0.0,0.0,0.0,0.0,0.0,0.0,0.0,0.0,0.0,0.0,0.0,0.0,12125.0,3.0,48992.0,10894.0,3.0,49005.0
15.984415398997953,0.0,0.0,0.0,0.0,0.0,0.0,0.0,0.0,0.0,0.0,0.0,0.0,0.0,12126.0,3.0,49012.0,10895.0,3.0,49025.0
15.997214461996919,0.0,0.0,0.0,0.0,0.0,0.0,0.0,0.0,0.0,0.0,0.0,0.0,0.0,12127.0,3.0,49032.0,10896.0,3.0,49035.0
16.112482946002274,0.0,0.0,0.0,0.0,0.0,0.0,0.0,0.0,0.0,0.0,0.0,0.0,0.0,12128.0,3.0,49052.0,10897.0,3.0,49065.0
16.11283434899815,0.0,0.0,0.0,0.0,0.0,0.0,0.0,0.0,0.0,0.0,0.0,0.0,0.0,12129.0,3.0,49072.0,10898.0,3.0,49085.0
16.112900246997015,0.0,0.0,0.0,0.0,0.0,0.0,0.0,0.0,0.0,0.0,0.0,0.0,0.0,12130.0,3.0,49092.0,10899.0,3.0,49105.0
16.112960104001104,0.0,0.0,0.0,0.0,0.0,0.0,0.0,0.0,0.0,0.0,0.0,0.0,0.0,12131.0,3.0,49112.0,10900.0,3.0,49125.0
16.11301829900185,0.0,0.0,0.0,0.0,0.0,0.0,0.0,0.0,0.0,0.0,0.0,0.0,0.0,12132.0,3.0,49133.0,10901.0,3.0,49134.0
16.124971593002556,0.0,0.0,0.0,0.0,0.0,0.0,0.0,0.0,0.0,0.0,0.0,0.0,0.0,12133.0,3.0,49152.0,10902.0,3.0,49165.0
16.145694154009107,0.0,0.0,0.0,0.0,0.0,0.0,0.0,0.0,0.0,0.0,0.0,0.0,0.0,12134.0,3.0,49172.0,10903.0,3.0,49185.0
16.167470344007597,0.0,0.0,0.0,0.0,0.0,0.0,0.0,0.0,0.0,0.0,0.0,0.0,0.0,12135.0,3.0,49192.0,10904.0,3.0,49205.0
16.186075751000317,0.0,0.0,0.0,0.0,0.0,0.0,0.0,0.0,0.0,0.0,0.0,0.0,0.0,12136.0,3.0,49212.0,10905.0,3.0,49226.0
16.197476002009353,0.0,0.0,0.0,0.0,0.0,0.0,0.0,0.0,0.0,0.0,0.0,0.0,0.0,12137.0,3.0,49232.0,10906.0,3.0,49236.0
16.25384545500856,0.0,0.0,0.0,0.0,0.0,0.0,0.0,0.0,0.0,0.0,0.0,0.0,0.0,12138.0,3.0,49252.0,10907.0,3.0,49265.0
16.253947771998355,0.0,0.0,0.0,0.0,0.0,0.0,0.0,0.0,0.0,0.0,0.0,0.0,0.0,12139.0,3.0,49272.0,10908.0,3.0,49284.0
16.340885170997353,0.0,0.0,0.0,0.0,0.0,0.0,0.0,0.0,0.0,0.0,0.0,0.0,0.0,12140.0,3.0,49292.0,10909.0,3.0,49305.0
16.34098916100629,0.0,0.0,0.0,0.0,0.0,0.0,0.0,0.0,0.0,0.0,0.0,0.0,0.0,12141.0,3.0,49312.0,10910.0,3.0,49325.0
16.341054317003,0.0,0.0,0.0,0.0,0.0,0.0,0.0,0.0,0.0,0.0,0.0,0.0,0.0,12142.0,3.0,49332.0,10911.0,3.0,49335.0
16.341115957999136,0.0,0.0,0.0,0.0,0.0,0.0,0.0,0.0,0.0,0.0,0.0,0.0,0.0,12143.0,3.0,49352.0,10912.0,3.0,49365.0
16.347508107006433,0.0,0.0,0.0,0.0,0.0,0.0,0.0,0.0,0.0,0.0,0.0,0.0,0.0,12144.0,3.0,49372.0,10913.0,3.0,49385.0
16.364986375003355,0.0,0.0,0.0,0.0,0.0,0.0,0.0,0.0,0.0,0.0,0.0,0.0,0.0,12145.0,3.0,49392.0,10914.0,3.0,49405.0
16.38857849899796,0.0,0.0,0.0,0.0,0.0,0.0,0.0,0.0,0.0,0.0,0.0,0.0,0.0,12146.0,3.0,49412.0,10915.0,3.0,49425.0
16.395038104004925,0.0,0.0,0.0,0.0,0.0,0.0,0.0,0.0,0.0,0.0,0.0,0.0,0.0,12147.0,3.0,49432.0,10916.0,3.0,49434.0
16.434496875008335,0.0,0.0,0.0,0.0,0.0,0.0,0.0,0.0,0.0,0.0,0.0,0.0,0.0,12148.0,3.0,49452.0,10917.0,3.0,49465.0
16.554640543996356,0.0,0.0,0.0,0.0,0.0,0.0,0.0,0.0,0.0,0.0,0.0,0.0,0.0,12149.0,3.0,49472.0,10918.0,3.0,49485.0
16.554793613002403,0.0,0.0,0.0,0.0,0.0,0.0,0.0,0.0,0.0,0.0,0.0,0.0,0.0,12150.0,3.0,49492.0,10919.0,3.0,49505.0
16.55486443900736,0.0,0.0,0.0,0.0,0.0,0.0,0.0,0.0,0.0,0.0,0.0,0.0,0.0,12151.0,3.0,49512.0,10920.0,3.0,49525.0
16.554923495001276,0.0,0.0,0.0,0.0,0.0,0.0,0.0,0.0,0.0,0.0,0.0,0.0,0.0,12152.0,3.0,49532.0,10921.0,3.0,49535.0
16.554980168002658,0.0,0.0,0.0,0.0,0.0,0.0,0.0,0.0,0.0,0.0,0.0,0.0,0.0,12153.0,3.0,49552.0,10922.0,3.0,49565.0
16.55503691099875,0.0,0.0,0.0,0.0,0.0,0.0,0.0,0.0,0.0,0.0,0.0,0.0,0.0,12154.0,3.0,49572.0,10923.0,3.0,49585.0
16.56482902499556,0.0,0.0,0.0,0.0,0.0,0.0,0.0,0.0,0.0,0.0,0.0,0.0,0.0,12155.0,3.0,49592.0,10924.0,3.0,49605.0
16.587053894007113,0.0,0.0,0.0,0.0,0.0,0.0,0.0,0.0,0.0,0.0,0.0,0.0,0.0,12156.0,3.0,49612.0,10925.0,3.0,49625.0
16.59501495900622,0.0,0.0,0.0,0.0,0.0,0.0,0.0,0.0,0.0,0.0,0.0,0.0,0.0,12157.0,3.0,49632.0,10926.0,3.0,49635.0
16.625142878998304,0.0,0.0,0.0,0.0,0.0,0.0,0.0,0.0,0.0,0.0,0.0,0.0,0.0,12158.0,3.0,49652.0,10927.0,3.0,49665.0
16.645109792007133,0.0,0.0,0.0,0.0,0.0,0.0,0.0,0.0,0.0,0.0,0.0,0.0,0.0,12159.0,3.0,49672.0,10928.0,3.0,49685.0
16.871769474004395,0.0,0.0,0.0,0.0,0.0,0.0,0.0,0.0,0.0,0.0,0.0,0.0,0.0,12160.0,3.0,49692.0,10929.0,3.0,49705.0
16.87198005800019,0.0,0.0,0.0,0.0,0.0,0.0,0.0,0.0,0.0,0.0,0.0,0.0,0.0,12161.0,3.0,49712.0,10930.0,3.0,49725.0
16.87204776800354,0.0,0.0,0.0,0.0,0.0,0.0,0.0,0.0,0.0,0.0,0.0,0.0,0.0,12162.0,3.0,49732.0,10931.0,3.0,49735.0
16.872115960009978,0.0,0.0,0.0,0.0,0.0,0.0,0.0,0.0,0.0,0.0,0.0,0.0,0.0,12163.0,3.0,49752.0,10932.0,3.0,49755.0
16.872181276004994,0.0,0.0,0.0,0.0,0.0,0.0,0.0,0.0,0.0,0.0,0.0,0.0,0.0,12164.0,3.0,49772.0,10933.0,3.0,49785.0
16.87224333800259,0.0,0.0,0.0,0.0,0.0,0.0,0.0,0.0,0.0,0.0,0.0,0.0,0.0,12165.0,3.0,49792.0,10934.0,3.0,49805.0
16.872305158001836,0.0,0.0,0.0,0.0,0.0,0.0,0.0,0.0,0.0,0.0,0.0,0.0,0.0,12166.0,3.0,49812.0,10935.0,3.0,49825.0
16.872359036002308,0.0,0.0,0.0,0.0,0.0,0.0,0.0,0.0,0.0,0.0,0.0,0.0,0.0,12167.0,3.0,49832.0,10936.0,3.0,49835.0
16.872417131002294,0.0,0.0,0.0,0.0,0.0,0.0,0.0,0.0,0.0,0.0,0.0,0.0,0.0,12168.0,3.0,49852.0,10937.0,3.0,49865.0
16.872471480004606,0.0,0.0,0.0,0.0,0.0,0.0,0.0,0.0,0.0,0.0,0.0,0.0,0.0,12169.0,3.0,49872.0,10938.0,3.0,49885.0
17.285158665996278,0.0,0.0,0.0,0.0,0.0,0.0,0.0,0.0,0.0,0.0,0.0,0.0,0.0,12171.0,3.0,49912.0,10939.0,3.0,49923.0
17.28538946300978,0.0,0.0,0.0,0.0,0.0,0.0,0.0,0.0,0.0,0.0,0.0,0.0,0.0,12172.0,3.0,49932.0,10940.0,3.0,49945.0
17.28546085000562,0.0,0.0,0.0,0.0,0.0,0.0,0.0,0.0,0.0,0.0,0.0,0.0,0.0,12173.0,3.0,49952.0,10941.0,3.0,49955.0
17.28552077700442,0.0,0.0,0.0,0.0,0.0,0.0,0.0,0.0,0.0,0.0,0.0,0.0,0.0,12174.0,3.0,49972.0,10942.0,3.0,49985.0
17.285576619004132,0.0,0.0,0.0,0.0,0.0,0.0,0.0,0.0,0.0,0.0,0.0,0.0,0.0,12175.0,3.0,49992.0,10943.0,3.0,50005.0
17.285631328006275,0.0,0.0,0.0,0.0,0.0,0.0,0.0,0.0,0.0,0.0,0.0,0.0,0.0,12176.0,3.0,50012.0,10944.0,3.0,50025.0
17.285686258008354,0.0,0.0,0.0,0.0,0.0,0.0,0.0,0.0,0.0,0.0,0.0,0.0,0.0,12177.0,3.0,50032.0,10945.0,3.0,50046.0
17.28574429200671,0.0,0.0,0.0,0.0,0.0,0.0,0.0,0.0,0.0,0.0,0.0,0.0,0.0,12178.0,3.0,50052.0,10946.0,3.0,50056.0
17.285802678001346,0.0,0.0,0.0,0.0,0.0,0.0,0.0,0.0,0.0,0.0,0.0,0.0,0.0,12179.0,3.0,50072.0,10947.0,3.0,50075.0
17.285857968003256,0.0,0.0,0.0,0.0,0.0,0.0,0.0,0.0,0.0,0.0,0.0,0.0,0.0,12180.0,3.0,50092.0,10948.0,3.0,50104.0
17.285928523007897,0.0,0.0,0.0,0.0,0.0,0.0,0.0,0.0,0.0,0.0,0.0,0.0,0.0,12181.0,3.0,50112.0,10949.0,3.0,50125.0
17.286019962004502,0.0,0.0,0.0,0.0,0.0,0.0,0.0,0.0,0.0,0.0,0.0,0.0,0.0,12182.0,3.0,50132.0,10950.0,3.0,50145.0
17.286115408001933,0.0,0.0,0.0,0.0,0.0,0.0,0.0,0.0,0.0,0.0,0.0,0.0,0.0,12183.0,3.0,50152.0,10951.0,3.0,50155.0
17.28622004900535,0.0,0.0,0.0,0.0,0.0,0.0,0.0,0.0,0.0,0.0,0.0,0.0,0.0,12184.0,3.0,50172.0,10952.0,3.0,50185.0
17.286313471005997,0.0,0.0,0.0,0.0,0.0,0.0,0.0,0.0,0.0,0.0,0.0,0.0,0.0,12185.0,3.0,50192.0,10953.0,3.0,50205.0
17.286378417004016,0.0,0.0,0.0,0.0,0.0,0.0,0.0,0.0,0.0,0.0,0.0,0.0,0.0,12186.0,3.0,50212.0,10954.0,3.0,50213.0
17.28643320700212,0.0,0.0,0.0,0.0,0.0,0.0,0.0,0.0,0.0,0.0,0.0,0.0,0.0,12187.0,3.0,50232.0,10955.0,3.0,50245.0
17.286487606004812,0.0,0.0,0.0,0.0,0.0,0.0,0.0,0.0,0.0,0.0,0.0,0.0,0.0,12188.0,3.0,50252.0,10956.0,3.0,50254.0
17.286555957005476,0.0,0.0,0.0,0.0,0.0,0.0,0.0,0.0,0.0,0.0,0.0,0.0,0.0,12189.0,3.0,50272.0,10957.0,3.0,50285.0
17.286617598001612,0.0,0.0,0.0,0.0,0.0,0.0,0.0,0.0,0.0,0.0,0.0,0.0,0.0,12190.0,3.0,50292.0,10958.0,3.0,50305.0
17.28669024600822,0.0,0.0,0.0,0.0,0.0,0.0,0.0,0.0,0.0,0.0,0.0,0.0,0.0,12191.0,3.0,50312.0,10959.0,3.0,50325.0
17.306811902002664,0.0,0.0,0.0,0.0,0.0,0.0,0.0,0.0,0.0,0.0,0.0,0.0,0.0,12192.0,3.0,50332.0,10960.0,3.0,50345.0
17.314520975996857,0.0,0.0,0.0,0.0,0.0,0.0,0.0,0.0,0.0,0.0,0.0,0.0,0.0,12193.0,3.0,50352.0,10961.0,3.0,50355.0
17.344101112001226,0.0,0.0,0.0,0.0,0.0,0.0,0.0,0.0,0.0,0.0,0.0,0.0,0.0,12194.0,3.0,50372.0,10962.0,3.0,50385.0
17.36387709400151,0.0,0.0,0.0,0.0,0.0,0.0,0.0,0.0,0.0,0.0,0.0,0.0,0.0,12195.0,3.0,50392.0,10963.0,3.0,50405.0
17.391311390005285,0.0,0.0,0.0,0.0,0.0,0.0,0.0,0.0,0.0,0.0,0.0,0.0,0.0,12196.0,3.0,50412.0,10964.0,3.0,50425.0
17.79564316800679,0.0,0.0,0.0,0.0,0.0,0.0,0.0,0.0,0.0,0.0,0.0,0.0,0.0,12204.0,3.0,50572.0,10972.0,3.0,50575.0
17.795820768005797,0.0,0.0,0.0,0.0,0.0,0.0,0.0,0.0,0.0,0.0,0.0,0.0,0.0,12206.0,3.0,50612.0,10974.0,3.0,50625.0
17.79589207500976,0.0,0.0,0.0,0.0,0.0,0.0,0.0,0.0,0.0,0.0,0.0,0.0,0.0,12207.0,3.0,50632.0,10975.0,3.0,50645.0
17.795949799008667,0.0,0.0,0.0,0.0,0.0,0.0,0.0,0.0,0.0,0.0,0.0,0.0,0.0,12208.0,3.0,50652.0,10976.0,3.0,50655.0
17.796016317006433,0.0,0.0,0.0,0.0,0.0,0.0,0.0,0.0,0.0,0.0,0.0,0.0,0.0,12209.0,3.0,50672.0,10977.0,3.0,50685.0
17.796073120000074,0.0,0.0,0.0,0.0,0.0,0.0,0.0,0.0,0.0,0.0,0.0,0.0,0.0,12210.0,3.0,50692.0,10978.0,3.0,50705.0
17.79612755900598,0.0,0.0,0.0,0.0,0.0,0.0,0.0,0.0,0.0,0.0,0.0,0.0,0.0,12211.0,3.0,50712.0,10979.0,3.0,50725.0
17.79619195399573,0.0,0.0,0.0,0.0,0.0,0.0,0.0,0.0,0.0,0.0,0.0,0.0,0.0,12212.0,3.0,50732.0,10980.0,3.0,50745.0
17.79625278399908,0.0,0.0,0.0,0.0,0.0,0.0,0.0,0.0,0.0,0.0,0.0,0.0,0.0,12213.0,3.0,50752.0,10981.0,3.0,50755.0
17.796306340998854,0.0,0.0,0.0,0.0,0.0,0.0,0.0,0.0,0.0,0.0,0.0,0.0,0.0,12214.0,3.0,50772.0,10982.0,3.0,50785.0
17.796357954997802,0.0,0.0,0.0,0.0,0.0,0.0,0.0,0.0,0.0,0.0,0.0,0.0,0.0,12215.0,3.0,50792.0,10983.0,3.0,50805.0
17.796410221009864,0.0,0.0,0.0,0.0,0.0,0.0,0.0,0.0,0.0,0.0,0.0,0.0,0.0,12216.0,3.0,50812.0,10984.0,3.0,50825.0
17.804535670002224,0.0,0.0,0.0,0.0,0.0,0.0,0.0,0.0,0.0,0.0,0.0,0.0,0.0,12217.0,3.0,50832.0,10985.0,3.0,50845.0
17.815873967003427,0.0,0.0,0.0,0.0,0.0,0.0,0.0,0.0,0.0,0.0,0.0,0.0,0.0,12218.0,3.0,50852.0,10986.0,3.0,50855.0
17.84669508099614,0.0,0.0,0.0,0.0,0.0,0.0,0.0,0.0,0.0,0.0,0.0,0.0,0.0,12219.0,3.0,50872.0,10987.0,3.0,50885.0
17.864427370004705,0.0,0.0,0.0,0.0,0.0,0.0,0.0,0.0,0.0,0.0,0.0,0.0,0.0,12220.0,3.0,50892.0,10988.0,3.0,50905.0
17.885046442999737,0.0,0.0,0.0,0.0,0.0,0.0,0.0,0.0,0.0,0.0,0.0,0.0,0.0,12221.0,3.0,50912.0,10989.0,3.0,50925.0
18.305698495008983,0.0,0.0,0.0,0.0,0.0,0.0,0.0,0.0,0.0,0.0,0.0,0.0,0.0,12230.0,3.0,51092.0,10998.0,3.0,51095.0
18.305857284009107,0.0,0.0,0.0,0.0,0.0,0.0,0.0,0.0,0.0,0.0,0.0,0.0,0.0,12233.0,3.0,51152.0,11001.0,3.0,51155.0
18.305925756008946,0.0,0.0,0.0,0.0,0.0,0.0,0.0,0.0,0.0,0.0,0.0,0.0,0.0,12234.0,3.0,51172.0,11002.0,3.0,51185.0
18.30598406100762,0.0,0.0,0.0,0.0,0.0,0.0,0.0,0.0,0.0,0.0,0.0,0.0,0.0,12235.0,3.0,51192.0,11003.0,3.0,51205.0
18.30603912100196,0.0,0.0,0.0,0.0,0.0,0.0,0.0,0.0,0.0,0.0,0.0,0.0,0.0,12236.0,3.0,51212.0,11004.0,3.0,51225.0
18.306103606009856,0.0,0.0,0.0,0.0,0.0,0.0,0.0,0.0,0.0,0.0,0.0,0.0,0.0,12237.0,3.0,51232.0,11005.0,3.0,51245.0
18.306203629996162,0.0,0.0,0.0,0.0,0.0,0.0,0.0,0.0,0.0,0.0,0.0,0.0,0.0,12238.0,3.0,51252.0,11006.0,3.0,51255.0
18.30629464800586,0.0,0.0,0.0,0.0,0.0,0.0,0.0,0.0,0.0,0.0,0.0,0.0,0.0,12239.0,3.0,51272.0,11007.0,3.0,51285.0
18.306360094997217,0.0,0.0,0.0,0.0,0.0,0.0,0.0,0.0,0.0,0.0,0.0,0.0,0.0,12240.0,3.0,51292.0,11008.0,3.0,51305.0
18.306416286999593,0.0,0.0,0.0,0.0,0.0,0.0,0.0,0.0,0.0,0.0,0.0,0.0,0.0,12241.0,3.0,51312.0,11009.0,3.0,51325.0
18.306470536001143,0.0,0.0,0.0,0.0,0.0,0.0,0.0,0.0,0.0,0.0,0.0,0.0,0.0,12242.0,3.0,51332.0,11010.0,3.0,51345.0
18.313627302995883,0.0,0.0,0.0,0.0,0.0,0.0,0.0,0.0,0.0,0.0,0.0,0.0,0.0,12243.0,3.0,51352.0,11011.0,3.0,51355.0
18.347130658003152,0.0,0.0,0.0,0.0,0.0,0.0,0.0,0.0,0.0,0.0,0.0,0.0,0.0,12244.0,3.0,51372.0,11012.0,3.0,51385.0
18.36474974200246,0.0,0.0,0.0,0.0,0.0,0.0,0.0,0.0,0.0,0.0,0.0,0.0,0.0,12245.0,3.0,51392.0,11013.0,3.0,51405.0
18.385101599007612,0.0,0.0,0.0,0.0,0.0,0.0,0.0,0.0,0.0,0.0,0.0,0.0,0.0,12246.0,3.0,51412.0,11014.0,3.0,51425.0
18.403841193998232,0.0,0.0,0.0,0.0,0.0,0.0,0.0,0.0,0.0,0.0,0.0,0.0,0.0,12247.0,3.0,51432.0,11015.0,3.0,51445.0
18.821064395000576,0.0,0.0,0.0,0.0,0.0,0.0,0.0,0.0,0.0,0.0,0.0,0.0,0.0,12248.0,3.0,51452.0,11016.0,3.0,51455.0
18.821300830997643,0.0,0.0,0.0,0.0,0.0,0.0,0.0,0.0,0.0,0.0,0.0,0.0,0.0,12249.0,3.0,51472.0,11017.0,3.0,51475.0
18.821377336003934,0.0,0.0,0.0,0.0,0.0,0.0,0.0,0.0,0.0,0.0,0.0,0.0,0.0,12250.0,3.0,51492.0,11018.0,3.0,51505.0
18.821445648005465,0.0,0.0,0.0,0.0,0.0,0.0,0.0,0.0,0.0,0.0,0.0,0.0,0.0,12251.0,3.0,51512.0,11019.0,3.0,51525.0
18.82151151599828,0.0,0.0,0.0,0.0,0.0,0.0,0.0,0.0,0.0,0.0,0.0,0.0,0.0,12252.0,3.0,51532.0,11020.0,3.0,51547.0
18.821570822998183,0.0,0.0,0.0,0.0,0.0,0.0,0.0,0.0,0.0,0.0,0.0,0.0,0.0,12253.0,3.0,51552.0,11021.0,3.0,51556.0
18.82163558799948,0.0,0.0,0.0,0.0,0.0,0.0,0.0,0.0,0.0,0.0,0.0,0.0,0.0,12254.0,3.0,51572.0,11022.0,3.0,51575.0
18.821787437002058,0.0,0.0,0.0,0.0,0.0,0.0,0.0,0.0,0.0,0.0,0.0,0.0,0.0,12255.0,3.0,51592.0,11023.0,3.0,51605.0
18.821908865007572,0.0,0.0,0.0,0.0,0.0,0.0,0.0,0.0,0.0,0.0,0.0,0.0,0.0,12256.0,3.0,51612.0,11024.0,3.0,51625.0
18.822014347009826,0.0,0.0,0.0,0.0,0.0,0.0,0.0,0.0,0.0,0.0,0.0,0.0,0.0,12257.0,3.0,51632.0,11025.0,3.0,51645.0
18.822090492001735,0.0,0.0,0.0,0.0,0.0,0.0,0.0,0.0,0.0,0.0,0.0,0.0,0.0,12258.0,3.0,51652.0,11026.0,3.0,51655.0
18.82215709000593,0.0,0.0,0.0,0.0,0.0,0.0,0.0,0.0,0.0,0.0,0.0,0.0,0.0,12259.0,3.0,51672.0,11027.0,3.0,51685.0
18.82221953300177,0.0,0.0,0.0,0.0,0.0,0.0,0.0,0.0,0.0,0.0,0.0,0.0,0.0,12260.0,3.0,51692.0,11028.0,3.0,51705.0
18.822316450998187,0.0,0.0,0.0,0.0,0.0,0.0,0.0,0.0,0.0,0.0,0.0,0.0,0.0,12261.0,3.0,51712.0,11029.0,3.0,51725.0
18.822396151008434,0.0,0.0,0.0,0.0,0.0,0.0,0.0,0.0,0.0,0.0,0.0,0.0,0.0,12262.0,3.0,51732.0,11030.0,3.0,51745.0
18.82246278000821,0.0,0.0,0.0,0.0,0.0,0.0,0.0,0.0,0.0,0.0,0.0,0.0,0.0,12263.0,3.0,51752.0,11031.0,3.0,51755.0
18.822526062998804,0.0,0.0,0.0,0.0,0.0,0.0,0.0,0.0,0.0,0.0,0.0,0.0,0.0,12264.0,3.0,51772.0,11032.0,3.0,51785.0
18.822586000998854,0.0,0.0,0.0,0.0,0.0,0.0,0.0,0.0,0.0,0.0,0.0,0.0,0.0,12265.0,3.0,51792.0,11033.0,3.0,51805.0
18.822646619999432,0.0,0.0,0.0,0.0,0.0,0.0,0.0,0.0,0.0,0.0,0.0,0.0,0.0,12266.0,3.0,51812.0,11034.0,3.0,51825.0
18.822704285004875,0.0,0.0,0.0,0.0,0.0,0.0,0.0,0.0,0.0,0.0,0.0,0.0,0.0,12267.0,3.0,51832.0,11035.0,3.0,51844.0
18.826367329005734,0.0,0.0,0.0,0.0,0.0,0.0,0.0,0.0,0.0,0.0,0.0,0.0,0.0,12268.0,3.0,51852.0,11036.0,3.0,51865.0
18.847016818006523,0.0,0.0,0.0,0.0,0.0,0.0,0.0,0.0,0.0,0.0,0.0,0.0,0.0,12269.0,3.0,51872.0,11037.0,3.0,51885.0
18.87088334200962,0.0,0.0,0.0,0.0,0.0,0.0,0.0,0.0,0.0,0.0,0.0,0.0,0.0,12271.0,3.0,51912.0,11038.0,3.0,51912.0
18.8832999389997,0.0,0.0,0.0,0.0,0.0,0.0,0.0,0.0,0.0,0.0,0.0,0.0,0.0,12271.0,3.0,51912.0,11039.0,3.0,51919.0
18.90671065900824,0.0,0.0,0.0,0.0,0.0,0.0,0.0,0.0,0.0,0.0,0.0,0.0,0.0,12272.0,3.0,51932.0,11040.0,3.0,51945.0
18.917560596004478,0.0,0.0,0.0,0.0,0.0,0.0,0.0,0.0,0.0,0.0,0.0,0.0,0.0,12273.0,3.0,51952.0,11041.0,3.0,51956.0
19.32582455899683,0.0,0.0,0.0,0.0,0.0,0.0,0.0,0.0,0.0,0.0,0.0,0.0,0.0,12284.0,3.0,52172.0,11052.0,3.0,52185.0
19.32600426200952,0.0,0.0,0.0,0.0,0.0,0.0,0.0,0.0,0.0,0.0,0.0,0.0,0.0,12285.0,3.0,52192.0,11053.0,3.0,52205.0
19.32607189299597,0.0,0.0,0.0,0.0,0.0,0.0,0.0,0.0,0.0,0.0,0.0,0.0,0.0,12286.0,3.0,52212.0,11054.0,3.0,52225.0
19.326131811001687,0.0,0.0,0.0,0.0,0.0,0.0,0.0,0.0,0.0,0.0,0.0,0.0,0.0,12287.0,3.0,52232.0,11055.0,3.0,52245.0
19.326194854002097,0.0,0.0,0.0,0.0,0.0,0.0,0.0,0.0,0.0,0.0,0.0,0.0,0.0,12288.0,3.0,52252.0,11056.0,3.0,52255.0
19.326252558006672,0.0,0.0,0.0,0.0,0.0,0.0,0.0,0.0,0.0,0.0,0.0,0.0,0.0,12289.0,3.0,52272.0,11057.0,3.0,52285.0
19.32630561500264,0.0,0.0,0.0,0.0,0.0,0.0,0.0,0.0,0.0,0.0,0.0,0.0,0.0,12290.0,3.0,52292.0,11058.0,3.0,52305.0
19.326359162005247,0.0,0.0,0.0,0.0,0.0,0.0,0.0,0.0,0.0,0.0,0.0,0.0,0.0,12291.0,3.0,52312.0,11059.0,3.0,52325.0
19.32641564399819,0.0,0.0,0.0,0.0,0.0,0.0,0.0,0.0,0.0,0.0,0.0,0.0,0.0,12292.0,3.0,52332.0,11060.0,3.0,52345.0
19.326470294006867,0.0,0.0,0.0,0.0,0.0,0.0,0.0,0.0,0.0,0.0,0.0,0.0,0.0,12293.0,3.0,52352.0,11061.0,3.0,52355.0
19.344034391004243,0.0,0.0,0.0,0.0,0.0,0.0,0.0,0.0,0.0,0.0,0.0,0.0,0.0,12294.0,3.0,52372.0,11062.0,3.0,52385.0
19.363676823995775,0.0,0.0,0.0,0.0,0.0,0.0,0.0,0.0,0.0,0.0,0.0,0.0,0.0,12295.0,3.0,52392.0,11063.0,3.0,52405.0
19.383684754007845,0.0,0.0,0.0,0.0,0.0,0.0,0.0,0.0,0.0,0.0,0.0,0.0,0.0,12296.0,3.0,52412.0,11064.0,3.0,52425.0
19.40471071000502,0.0,0.0,0.0,0.0,0.0,0.0,0.0,0.0,0.0,0.0,0.0,0.0,0.0,12297.0,3.0,52432.0,11065.0,3.0,52445.0
19.416109883008176,0.0,0.0,0.0,0.0,0.0,0.0,0.0,0.0,0.0,0.0,0.0,0.0,0.0,12298.0,3.0,52452.0,11066.0,3.0,52455.0
19.832308106997516,0.0,0.0,0.0,0.0,0.0,0.0,0.0,0.0,0.0,0.0,0.0,0.0,0.0,12299.0,3.0,52472.0,11067.0,3.0,52475.0
19.83277962700231,0.0,0.0,0.0,0.0,0.0,0.0,0.0,0.0,0.0,0.0,0.0,0.0,0.0,12300.0,3.0,52492.0,11068.0,3.0,52495.0
19.833042447004118,0.0,0.0,0.0,0.0,0.0,0.0,0.0,0.0,0.0,0.0,0.0,0.0,0.0,12303.0,3.0,52552.0,11071.0,3.0,52557.0
19.833111179003026,0.0,0.0,0.0,0.0,0.0,0.0,0.0,0.0,0.0,0.0,0.0,0.0,0.0,12305.0,3.0,52592.0,11073.0,3.0,52605.0
19.83317382200039,0.0,0.0,0.0,0.0,0.0,0.0,0.0,0.0,0.0,0.0,0.0,0.0,0.0,12307.0,3.0,52632.0,11074.0,3.0,52644.0
19.833244057008415,0.0,0.0,0.0,0.0,0.0,0.0,0.0,0.0,0.0,0.0,0.0,0.0,0.0,12308.0,3.0,52652.0,11075.0,3.0,52664.0
19.833302572005778,0.0,0.0,0.0,0.0,0.0,0.0,0.0,0.0,0.0,0.0,0.0,0.0,0.0,12309.0,3.0,52673.0,11076.0,3.0,52674.0
19.83335710100073,0.0,0.0,0.0,0.0,0.0,0.0,0.0,0.0,0.0,0.0,0.0,0.0,0.0,12310.0,3.0,52692.0,11077.0,3.0,52705.0
19.83341035799822,0.0,0.0,0.0,0.0,0.0,0.0,0.0,0.0,0.0,0.0,0.0,0.0,0.0,12311.0,3.0,52712.0,11078.0,3.0,52725.0
19.833467101008864,0.0,0.0,0.0,0.0,0.0,0.0,0.0,0.0,0.0,0.0,0.0,0.0,0.0,12312.0,3.0,52732.0,11079.0,3.0,52745.0
19.833523242996307,0.0,0.0,0.0,0.0,0.0,0.0,0.0,0.0,0.0,0.0,0.0,0.0,0.0,12313.0,3.0,52752.0,11080.0,3.0,52765.0
19.83357662000344,0.0,0.0,0.0,0.0,0.0,0.0,0.0,0.0,0.0,0.0,0.0,0.0,0.0,12314.0,3.0,52773.0,11081.0,3.0,52774.0
19.83362865500385,0.0,0.0,0.0,0.0,0.0,0.0,0.0,0.0,0.0,0.0,0.0,0.0,0.0,12315.0,3.0,52792.0,11082.0,3.0,52805.0
19.833680670009926,0.0,0.0,0.0,0.0,0.0,0.0,0.0,0.0,0.0,0.0,0.0,0.0,0.0,12316.0,3.0,52812.0,11083.0,3.0,52825.0
19.83373427799961,0.0,0.0,0.0,0.0,0.0,0.0,0.0,0.0,0.0,0.0,0.0,0.0,0.0,12317.0,3.0,52832.0,11084.0,3.0,52845.0
19.83378790599818,0.0,0.0,0.0,0.0,0.0,0.0,0.0,0.0,0.0,0.0,0.0,0.0,0.0,12318.0,3.0,52852.0,11085.0,3.0,52865.0
19.83630384800199,0.0,0.0,0.0,0.0,0.0,0.0,0.0,0.0,0.0,0.0,0.0,0.0,0.0,12319.0,3.0,52872.0,11086.0,3.0,52875.0
19.863504209002713,0.0,0.0,0.0,0.0,0.0,0.0,0.0,0.0,0.0,0.0,0.0,0.0,0.0,12320.0,3.0,52892.0,11087.0,3.0,52905.0
19.892122409000876,0.0,0.0,0.0,0.0,0.0,0.0,0.0,0.0,0.0,0.0,0.0,0.0,0.0,12321.0,3.0,52912.0,11088.0,3.0,52925.0
19.905137552996166,0.0,0.0,0.0,0.0,0.0,0.0,0.0,0.0,0.0,0.0,0.0,0.0,0.0,12322.0,3.0,52932.0,11089.0,3.0,52945.0
19.925657795000006,0.0,0.0,0.0,0.0,0.0,0.0,0.0,0.0,0.0,0.0,0.0,0.0,0.0,12323.0,3.0,52952.0,11090.0,3.0,52965.0
19.933591082997737,0.0,0.0,0.0,0.0,0.0,0.0,0.0,0.0,0.0,0.0,0.0,0.0,0.0,12324.0,3.0,52972.0,11091.0,3.0,52975.0
20.34493004399701,0.0,0.0,0.0,0.0,0.0,0.0,0.0,0.0,0.0,0.0,0.0,0.0,0.0,12335.0,3.0,53192.0,11102.0,3.0,53205.0
20.34510426899942,0.0,0.0,0.0,0.0,0.0,0.0,0.0,0.0,0.0,0.0,0.0,0.0,0.0,12336.0,3.0,53212.0,11103.0,3.0,53225.0
20.345174814006896,0.0,0.0,0.0,0.0,0.0,0.0,0.0,0.0,0.0,0.0,0.0,0.0,0.0,12337.0,3.0,53232.0,11104.0,3.0,53245.0
20.34524527900794,0.0,0.0,0.0,0.0,0.0,0.0,0.0,0.0,0.0,0.0,0.0,0.0,0.0,12338.0,3.0,53252.0,11105.0,3.0,53265.0
20.345307049996336,0.0,0.0,0.0,0.0,0.0,0.0,0.0,0.0,0.0,0.0,0.0,0.0,0.0,12339.0,3.0,53272.0,11106.0,3.0,53276.0
20.345363533007912,0.0,0.0,0.0,0.0,0.0,0.0,0.0,0.0,0.0,0.0,0.0,0.0,0.0,12340.0,3.0,53292.0,11107.0,3.0,53305.0
20.345418272001552,0.0,0.0,0.0,0.0,0.0,0.0,0.0,0.0,0.0,0.0,0.0,0.0,0.0,12341.0,3.0,53312.0,11108.0,3.0,53325.0
20.345472090004478,0.0,0.0,0.0,0.0,0.0,0.0,0.0,0.0,0.0,0.0,0.0,0.0,0.0,12342.0,3.0,53332.0,11109.0,3.0,53345.0
20.345525327007635,0.0,0.0,0.0,0.0,0.0,0.0,0.0,0.0,0.0,0.0,0.0,0.0,0.0,12343.0,3.0,53352.0,11110.0,3.0,53365.0
20.345578865002608,0.0,0.0,0.0,0.0,0.0,0.0,0.0,0.0,0.0,0.0,0.0,0.0,0.0,12344.0,3.0,53372.0,11111.0,3.0,53375.0
20.364234038002905,0.0,0.0,0.0,0.0,0.0,0.0,0.0,0.0,0.0,0.0,0.0,0.0,0.0,12345.0,3.0,53392.0,11112.0,3.0,53405.0
20.394484460004605,0.0,0.0,0.0,0.0,0.0,0.0,0.0,0.0,0.0,0.0,0.0,0.0,0.0,12346.0,3.0,53412.0,11113.0,3.0,53425.0
20.40402255799563,0.0,0.0,0.0,0.0,0.0,0.0,0.0,0.0,0.0,0.0,0.0,0.0,0.0,12347.0,3.0,53432.0,11114.0,3.0,53445.0
20.423917442996753,0.0,0.0,0.0,0.0,0.0,0.0,0.0,0.0,0.0,0.0,0.0,0.0,0.0,12348.0,3.0,53452.0,11115.0,3.0,53465.0
20.43359803399653,0.0,0.0,0.0,0.0,0.0,0.0,0.0,0.0,0.0,0.0,0.0,0.0,0.0,12349.0,3.0,53472.0,11116.0,3.0,53475.0
20.852904978004517,0.0,0.0,0.0,0.0,0.0,0.0,0.0,0.0,0.0,0.0,0.0,0.0,0.0,12350.0,3.0,53492.0,11117.0,3.0,53505.0
20.853096029997687,0.0,0.0,0.0,0.0,0.0,0.0,0.0,0.0,0.0,0.0,0.0,0.0,0.0,12351.0,3.0,53512.0,11118.0,3.0,53525.0
20.853178335004486,0.0,0.0,0.0,0.0,0.0,0.0,0.0,0.0,0.0,0.0,0.0,0.0,0.0,12352.0,3.0,53532.0,11119.0,3.0,53546.0
20.85325385800388,0.0,0.0,0.0,0.0,0.0,0.0,0.0,0.0,0.0,0.0,0.0,0.0,0.0,12353.0,3.0,53552.0,11120.0,3.0,53554.0
20.853315018001013,0.0,0.0,0.0,0.0,0.0,0.0,0.0,0.0,0.0,0.0,0.0,0.0,0.0,12354.0,3.0,53572.0,11121.0,3.0,53575.0
20.85337173100561,0.0,0.0,0.0,0.0,0.0,0.0,0.0,0.0,0.0,0.0,0.0,0.0,0.0,12355.0,3.0,53592.0,11122.0,3.0,53605.0
20.853433441996458,0.0,0.0,0.0,0.0,0.0,0.0,0.0,0.0,0.0,0.0,0.0,0.0,0.0,12356.0,3.0,53612.0,11123.0,3.0,53625.0
20.853491307003424,0.0,0.0,0.0,0.0,0.0,0.0,0.0,0.0,0.0,0.0,0.0,0.0,0.0,12357.0,3.0,53632.0,11124.0,3.0,53645.0
20.853544664001674,0.0,0.0,0.0,0.0,0.0,0.0,0.0,0.0,0.0,0.0,0.0,0.0,0.0,12358.0,3.0,53652.0,11125.0,3.0,53665.0
20.853599373003817,0.0,0.0,0.0,0.0,0.0,0.0,0.0,0.0,0.0,0.0,0.0,0.0,0.0,12359.0,3.0,53672.0,11126.0,3.0,53675.0
20.853652410005452,0.0,0.0,0.0,0.0,0.0,0.0,0.0,0.0,0.0,0.0,0.0,0.0,0.0,12360.0,3.0,53692.0,11127.0,3.0,53705.0
20.85370645900548,0.0,0.0,0.0,0.0,0.0,0.0,0.0,0.0,0.0,0.0,0.0,0.0,0.0,12361.0,3.0,53712.0,11128.0,3.0,53725.0
20.85376245000225,0.0,0.0,0.0,0.0,0.0,0.0,0.0,0.0,0.0,0.0,0.0,0.0,0.0,12362.0,3.0,53732.0,11129.0,3.0,53745.0
20.853815797003335,0.0,0.0,0.0,0.0,0.0,0.0,0.0,0.0,0.0,0.0,0.0,0.0,0.0,12363.0,3.0,53752.0,11130.0,3.0,53765.0
20.85387058700144,0.0,0.0,0.0,0.0,0.0,0.0,0.0,0.0,0.0,0.0,0.0,0.0,0.0,12364.0,3.0,53772.0,11131.0,3.0,53775.0
20.853925046001677,0.0,0.0,0.0,0.0,0.0,0.0,0.0,0.0,0.0,0.0,0.0,0.0,0.0,12365.0,3.0,53792.0,11132.0,3.0,53795.0
20.853978183004074,0.0,0.0,0.0,0.0,0.0,0.0,0.0,0.0,0.0,0.0,0.0,0.0,0.0,12366.0,3.0,53812.0,11133.0,3.0,53825.0
20.85403071899782,0.0,0.0,0.0,0.0,0.0,0.0,0.0,0.0,0.0,0.0,0.0,0.0,0.0,12367.0,3.0,53832.0,11134.0,3.0,53845.0
20.854180713999085,0.0,0.0,0.0,0.0,0.0,0.0,0.0,0.0,0.0,0.0,0.0,0.0,0.0,12368.0,3.0,53852.0,11135.0,3.0,53865.0
20.854271553005674,0.0,0.0,0.0,0.0,0.0,0.0,0.0,0.0,0.0,0.0,0.0,0.0,0.0,12369.0,3.0,53872.0,11136.0,3.0,53875.0
20.863308090003557,0.0,0.0,0.0,0.0,0.0,0.0,0.0,0.0,0.0,0.0,0.0,0.0,0.0,12370.0,3.0,53892.0,11137.0,3.0,53905.0
20.879173095003353,0.0,0.0,0.0,0.0,0.0,0.0,0.0,0.0,0.0,0.0,0.0,0.0,0.0,12371.0,3.0,53912.0,11138.0,3.0,53920.0
20.903420778005966,0.0,0.0,0.0,0.0,0.0,0.0,0.0,0.0,0.0,0.0,0.0,0.0,0.0,12372.0,3.0,53932.0,11139.0,3.0,53945.0
20.924063896003645,0.0,0.0,0.0,0.0,0.0,0.0,0.0,0.0,0.0,0.0,0.0,0.0,0.0,12373.0,3.0,53952.0,11140.0,3.0,53965.0
20.934575356004643,0.0,0.0,0.0,0.0,0.0,0.0,0.0,0.0,0.0,0.0,0.0,0.0,0.0,12374.0,3.0,53972.0,11141.0,3.0,53975.0
21.36584020400187,0.0,0.0,0.0,0.0,0.0,0.0,0.0,0.0,0.0,0.0,0.0,0.0,0.0,12379.0,3.0,54072.0,11146.0,3.0,54075.0
21.366025537005044,0.0,0.0,0.0,0.0,0.0,0.0,0.0,0.0,0.0,0.0,0.0,0.0,0.0,12385.0,3.0,54192.0,11152.0,3.0,54196.0
21.366099769002176,0.0,0.0,0.0,0.0,0.0,0.0,0.0,0.0,0.0,0.0,0.0,0.0,0.0,12386.0,3.0,54212.0,11153.0,3.0,54215.0
21.366159577009967,0.0,0.0,0.0,0.0,0.0,0.0,0.0,0.0,0.0,0.0,0.0,0.0,0.0,12387.0,3.0,54232.0,11154.0,3.0,54235.0
21.366230503001134,0.0,0.0,0.0,0.0,0.0,0.0,0.0,0.0,0.0,0.0,0.0,0.0,0.0,12388.0,3.0,54252.0,11155.0,3.0,54255.0
21.36628893800662,0.0,0.0,0.0,0.0,0.0,0.0,0.0,0.0,0.0,0.0,0.0,0.0,0.0,12389.0,3.0,54272.0,11156.0,3.0,54285.0
21.36634258599952,0.0,0.0,0.0,0.0,0.0,0.0,0.0,0.0,0.0,0.0,0.0,0.0,0.0,12390.0,3.0,54292.0,11157.0,3.0,54305.0
21.366395923003438,0.0,0.0,0.0,0.0,0.0,0.0,0.0,0.0,0.0,0.0,0.0,0.0,0.0,12391.0,3.0,54312.0,11158.0,3.0,54325.0
21.366447877997416,0.0,0.0,0.0,0.0,0.0,0.0,0.0,0.0,0.0,0.0,0.0,0.0,0.0,12392.0,3.0,54332.0,11159.0,3.0,54345.0
21.366501436001272,0.0,0.0,0.0,0.0,0.0,0.0,0.0,0.0,0.0,0.0,0.0,0.0,0.0,12393.0,3.0,54352.0,11160.0,3.0,54365.0
21.366554492007708,0.0,0.0,0.0,0.0,0.0,0.0,0.0,0.0,0.0,0.0,0.0,0.0,0.0,12394.0,3.0,54372.0,11161.0,3.0,54375.0
21.36660758900689,0.0,0.0,0.0,0.0,0.0,0.0,0.0,0.0,0.0,0.0,0.0,0.0,0.0,12395.0,3.0,54392.0,11162.0,3.0,54395.0
21.38294184100232,0.0,0.0,0.0,0.0,0.0,0.0,0.0,0.0,0.0,0.0,0.0,0.0,0.0,12396.0,3.0,54412.0,11163.0,3.0,54425.0
21.404991082003107,0.0,0.0,0.0,0.0,0.0,0.0,0.0,0.0,0.0,0.0,0.0,0.0,0.0,12397.0,3.0,54432.0,11164.0,3.0,54445.0
21.423007919001975,0.0,0.0,0.0,0.0,0.0,0.0,0.0,0.0,0.0,0.0,0.0,0.0,0.0,12398.0,3.0,54452.0,11165.0,3.0,54465.0
21.43367204599781,0.0,0.0,0.0,0.0,0.0,0.0,0.0,0.0,0.0,0.0,0.0,0.0,0.0,12399.0,3.0,54472.0,11166.0,3.0,54475.0
21.466195665998384,0.0,0.0,0.0,0.0,0.0,0.0,0.0,0.0,0.0,0.0,0.0,0.0,0.0,12400.0,3.0,54492.0,11167.0,3.0,54505.0
21.880214044998866,0.0,0.0,0.0,0.0,0.0,0.0,0.0,0.0,0.0,0.0,0.0,0.0,0.0,12401.0,3.0,54512.0,11168.0,3.0,54525.0
21.880484998007887,0.0,0.0,0.0,0.0,0.0,0.0,0.0,0.0,0.0,0.0,0.0,0.0,0.0,12402.0,3.0,54532.0,11169.0,3.0,54546.0
21.88061679400562,0.0,0.0,0.0,0.0,0.0,0.0,0.0,0.0,0.0,0.0,0.0,0.0,0.0,12403.0,3.0,54552.0,11170.0,3.0,54554.0
21.880718230007915,0.0,0.0,0.0,0.0,0.0,0.0,0.0,0.0,0.0,0.0,0.0,0.0,0.0,12404.0,3.0,54572.0,11171.0,3.0,54575.0
21.88081243399938,0.0,0.0,0.0,0.0,0.0,0.0,0.0,0.0,0.0,0.0,0.0,0.0,0.0,12405.0,3.0,54592.0,11172.0,3.0,54605.0
21.880908842009376,0.0,0.0,0.0,0.0,0.0,0.0,0.0,0.0,0.0,0.0,0.0,0.0,0.0,12406.0,3.0,54612.0,11173.0,3.0,54625.0
21.881003326008795,0.0,0.0,0.0,0.0,0.0,0.0,0.0,0.0,0.0,0.0,0.0,0.0,0.0,12408.0,3.0,54652.0,11175.0,3.0,54665.0
21.881101125996793,0.0,0.0,0.0,0.0,0.0,0.0,0.0,0.0,0.0,0.0,0.0,0.0,0.0,12409.0,3.0,54672.0,11176.0,3.0,54675.0
21.88117195200175,0.0,0.0,0.0,0.0,0.0,0.0,0.0,0.0,0.0,0.0,0.0,0.0,0.0,12410.0,3.0,54692.0,11177.0,3.0,54705.0
21.88123933300085,0.0,0.0,0.0,0.0,0.0,0.0,0.0,0.0,0.0,0.0,0.0,0.0,0.0,12411.0,3.0,54712.0,11178.0,3.0,54725.0
21.881295123996097,0.0,0.0,0.0,0.0,0.0,0.0,0.0,0.0,0.0,0.0,0.0,0.0,0.0,12412.0,3.0,54732.0,11179.0,3.0,54745.0
21.881348852009978,0.0,0.0,0.0,0.0,0.0,0.0,0.0,0.0,0.0,0.0,0.0,0.0,0.0,12413.0,3.0,54752.0,11180.0,3.0,54765.0
21.881403150997357,0.0,0.0,0.0,0.0,0.0,0.0,0.0,0.0,0.0,0.0,0.0,0.0,0.0,12414.0,3.0,54772.0,11181.0,3.0,54775.0
21.8814566880028,0.0,0.0,0.0,0.0,0.0,0.0,0.0,0.0,0.0,0.0,0.0,0.0,0.0,12415.0,3.0,54792.0,11182.0,3.0,54795.0
21.88151015600306,0.0,0.0,0.0,0.0,0.0,0.0,0.0,0.0,0.0,0.0,0.0,0.0,0.0,12416.0,3.0,54812.0,11183.0,3.0,54825.0
21.88156857099966,0.0,0.0,0.0,0.0,0.0,0.0,0.0,0.0,0.0,0.0,0.0,0.0,0.0,12417.0,3.0,54832.0,11184.0,3.0,54844.0
21.881622829998378,0.0,0.0,0.0,0.0,0.0,0.0,0.0,0.0,0.0,0.0,0.0,0.0,0.0,12418.0,3.0,54852.0,11185.0,3.0,54865.0
21.88167576699925,0.0,0.0,0.0,0.0,0.0,0.0,0.0,0.0,0.0,0.0,0.0,0.0,0.0,12419.0,3.0,54872.0,11186.0,3.0,54875.0
21.88173017599911,0.0,0.0,0.0,0.0,0.0,0.0,0.0,0.0,0.0,0.0,0.0,0.0,0.0,12420.0,3.0,54892.0,11187.0,3.0,54905.0
21.884406444005435,0.0,0.0,0.0,0.0,0.0,0.0,0.0,0.0,0.0,0.0,0.0,0.0,0.0,12421.0,3.0,54912.0,11188.0,3.0,54924.0
21.90404687699629,0.0,0.0,0.0,0.0,0.0,0.0,0.0,0.0,0.0,0.0,0.0,0.0,0.0,12422.0,3.0,54932.0,11189.0,3.0,54945.0
21.922811687007197,0.0,0.0,0.0,0.0,0.0,0.0,0.0,0.0,0.0,0.0,0.0,0.0,0.0,12423.0,3.0,54952.0,11190.0,3.0,54965.0
21.93428808300814,0.0,0.0,0.0,0.0,0.0,0.0,0.0,0.0,0.0,0.0,0.0,0.0,0.0,12424.0,3.0,54972.0,11191.0,3.0,54975.0
21.96408285900543,0.0,0.0,0.0,0.0,0.0,0.0,0.0,0.0,0.0,0.0,0.0,0.0,0.0,12425.0,3.0,54992.0,11192.0,3.0,55005.0
21.98354897700483,0.0,0.0,0.0,0.0,0.0,0.0,0.0,0.0,0.0,0.0,0.0,0.0,0.0,12426.0,3.0,55012.0,11193.0,3.0,55025.0
22.00513495299674,0.0,0.0,0.0,0.0,0.0,0.0,0.0,0.0,0.0,0.0,0.0,0.0,0.0,12427.0,3.0,55032.0,11194.0,3.0,55046.0
22.02051459500217,0.0,0.0,0.0,0.0,0.0,0.0,0.0,0.0,0.0,0.0,0.0,0.0,0.0,12428.0,3.0,55052.0,11195.0,3.0,55054.0
22.03498862500419,0.0,0.0,0.0,0.0,0.0,0.0,0.0,0.0,0.0,0.0,0.0,0.0,0.0,12429.0,3.0,55072.0,11196.0,3.0,55075.0
22.062890304005123,0.0,0.0,0.0,0.0,0.0,0.0,0.0,0.0,0.0,0.0,0.0,0.0,0.0,12430.0,3.0,55092.0,11197.0,3.0,55105.0
22.0837771660008,0.0,0.0,0.0,0.0,0.0,0.0,0.0,0.0,0.0,0.0,0.0,0.0,0.0,12431.0,3.0,55112.0,11198.0,3.0,55125.0
22.105082713998854,0.0,0.0,0.0,0.0,0.0,0.0,0.0,0.0,0.0,0.0,0.0,0.0,0.0,12432.0,3.0,55132.0,11199.0,3.0,55145.0
22.12366690800991,0.0,0.0,0.0,0.0,0.0,0.0,0.0,0.0,0.0,0.0,0.0,0.0,0.0,12433.0,3.0,55152.0,11200.0,3.0,55165.0
22.248241128996597,0.0,0.0,0.0,0.0,0.0,0.0,0.0,0.0,0.0,0.0,0.0,0.0,0.0,12434.0,3.0,55172.0,11201.0,3.0,55175.0
22.24872540200886,0.0,0.0,0.0,0.0,0.0,0.0,0.0,0.0,0.0,0.0,0.0,0.0,0.0,12435.0,3.0,55192.0,11202.0,3.0,55205.0
22.248815259008552,0.0,0.0,0.0,0.0,0.0,0.0,0.0,0.0,0.0,0.0,0.0,0.0,0.0,12436.0,3.0,55212.0,11203.0,3.0,55225.0
22.248874655997497,0.0,0.0,0.0,0.0,0.0,0.0,0.0,0.0,0.0,0.0,0.0,0.0,0.0,12437.0,3.0,55232.0,11204.0,3.0,55245.0
22.248930467001628,0.0,0.0,0.0,0.0,0.0,0.0,0.0,0.0,0.0,0.0,0.0,0.0,0.0,12438.0,3.0,55252.0,11205.0,3.0,55265.0
22.248986338003306,0.0,0.0,0.0,0.0,0.0,0.0,0.0,0.0,0.0,0.0,0.0,0.0,0.0,12439.0,3.0,55272.0,11206.0,3.0,55275.0
22.26600327900087,0.0,0.0,0.0,0.0,0.0,0.0,0.0,0.0,0.0,0.0,0.0,0.0,0.0,12440.0,3.0,55292.0,11207.0,3.0,55305.0
22.28468872999656,0.0,0.0,0.0,0.0,0.0,0.0,0.0,0.0,0.0,0.0,0.0,0.0,0.0,12441.0,3.0,55312.0,11208.0,3.0,55325.0
22.30321508999623,0.0,0.0,0.0,0.0,0.0,0.0,0.0,0.0,0.0,0.0,0.0,0.0,0.0,12442.0,3.0,55332.0,11209.0,3.0,55345.0
22.32333370500419,0.0,0.0,0.0,0.0,0.0,0.0,0.0,0.0,0.0,0.0,0.0,0.0,0.0,12443.0,3.0,55352.0,11210.0,3.0,55365.0
22.336155652999878,0.0,0.0,0.0,0.0,0.0,0.0,0.0,0.0,0.0,0.0,0.0,0.0,0.0,12444.0,3.0,55373.0,11211.0,3.0,55374.0
22.464345665008295,0.0,0.0,0.0,0.0,0.0,0.0,0.0,0.0,0.0,0.0,0.0,0.0,0.0,12445.0,3.0,55392.0,11212.0,3.0,55405.0
22.464470468999934,0.0,0.0,0.0,0.0,0.0,0.0,0.0,0.0,0.0,0.0,0.0,0.0,0.0,12446.0,3.0,55412.0,11213.0,3.0,55425.0
22.464541605004342,0.0,0.0,0.0,0.0,0.0,0.0,0.0,0.0,0.0,0.0,0.0,0.0,0.0,12447.0,3.0,55432.0,11214.0,3.0,55445.0
22.4646034269972,0.0,0.0,0.0,0.0,0.0,0.0,0.0,0.0,0.0,0.0,0.0,0.0,0.0,12448.0,3.0,55452.0,11215.0,3.0,55465.0
22.464659078003024,0.0,0.0,0.0,0.0,0.0,0.0,0.0,0.0,0.0,0.0,0.0,0.0,0.0,12449.0,3.0,55472.0,11216.0,3.0,55475.0
22.464713797002332,0.0,0.0,0.0,0.0,0.0,0.0,0.0,0.0,0.0,0.0,0.0,0.0,0.0,12450.0,3.0,55492.0,11217.0,3.0,55505.0
22.4836109480093,0.0,0.0,0.0,0.0,0.0,0.0,0.0,0.0,0.0,0.0,0.0,0.0,0.0,12451.0,3.0,55512.0,11218.0,3.0,55525.0
22.505565523009864,0.0,0.0,0.0,0.0,0.0,0.0,0.0,0.0,0.0,0.0,0.0,0.0,0.0,12452.0,3.0,55532.0,11219.0,3.0,55546.0
22.512409114002367,0.0,0.0,0.0,0.0,0.0,0.0,0.0,0.0,0.0,0.0,0.0,0.0,0.0,12453.0,3.0,55552.0,11220.0,3.0,55554.0
22.536584064000635,0.0,0.0,0.0,0.0,0.0,0.0,0.0,0.0,0.0,0.0,0.0,0.0,0.0,12454.0,3.0,55572.0,11221.0,3.0,55575.0
22.562848874003976,0.0,0.0,0.0,0.0,0.0,0.0,0.0,0.0,0.0,0.0,0.0,0.0,0.0,12455.0,3.0,55592.0,11222.0,3.0,55605.0
22.68637910700636,0.0,0.0,0.0,0.0,0.0,0.0,0.0,0.0,0.0,0.0,0.0,0.0,0.0,12456.0,3.0,55612.0,11223.0,3.0,55625.0
22.68677463500353,0.0,0.0,0.0,0.0,0.0,0.0,0.0,0.0,0.0,0.0,0.0,0.0,0.0,12457.0,3.0,55632.0,11224.0,3.0,55645.0
22.686897264997242,0.0,0.0,0.0,0.0,0.0,0.0,0.0,0.0,0.0,0.0,0.0,0.0,0.0,12458.0,3.0,55652.0,11225.0,3.0,55665.0
22.686955170007423,0.0,0.0,0.0,0.0,0.0,0.0,0.0,0.0,0.0,0.0,0.0,0.0,0.0,12459.0,3.0,55672.0,11226.0,3.0,55675.0
22.68700973900559,0.0,0.0,0.0,0.0,0.0,0.0,0.0,0.0,0.0,0.0,0.0,0.0,0.0,12460.0,3.0,55692.0,11227.0,3.0,55705.0
22.687064598998404,0.0,0.0,0.0,0.0,0.0,0.0,0.0,0.0,0.0,0.0,0.0,0.0,0.0,12461.0,3.0,55712.0,11228.0,3.0,55725.0
22.703077298996504,0.0,0.0,0.0,0.0,0.0,0.0,0.0,0.0,0.0,0.0,0.0,0.0,0.0,12462.0,3.0,55732.0,11229.0,3.0,55745.0
22.722763751007733,0.0,0.0,0.0,0.0,0.0,0.0,0.0,0.0,0.0,0.0,0.0,0.0,0.0,12463.0,3.0,55752.0,11230.0,3.0,55765.0
22.73603503299819,0.0,0.0,0.0,0.0,0.0,0.0,0.0,0.0,0.0,0.0,0.0,0.0,0.0,12464.0,3.0,55772.0,11231.0,3.0,55775.0
22.762820294999983,0.0,0.0,0.0,0.0,0.0,0.0,0.0,0.0,0.0,0.0,0.0,0.0,0.0,12465.0,3.0,55792.0,11232.0,3.0,55805.0
22.783506353996927,0.0,0.0,0.0,0.0,0.0,0.0,0.0,0.0,0.0,0.0,0.0,0.0,0.0,12466.0,3.0,55812.0,11233.0,3.0,55825.0
22.905513364006765,0.0,0.0,0.0,0.0,0.0,0.0,0.0,0.0,0.0,0.0,0.0,0.0,0.0,12467.0,3.0,55832.0,11234.0,3.0,55845.0
22.90591088400106,0.0,0.0,0.0,0.0,0.0,0.0,0.0,0.0,0.0,0.0,0.0,0.0,0.0,12468.0,3.0,55852.0,11235.0,3.0,55865.0
22.906184492007014,0.0,0.0,0.0,0.0,0.0,0.0,0.0,0.0,0.0,0.0,0.0,0.0,0.0,12469.0,3.0,55872.0,11236.0,3.0,55875.0
22.906277583999326,0.0,0.0,0.0,0.0,0.0,0.0,0.0,0.0,0.0,0.0,0.0,0.0,0.0,12470.0,3.0,55892.0,11237.0,3.0,55905.0
22.928127849008888,0.0,0.0,0.0,0.0,0.0,0.0,0.0,0.0,0.0,0.0,0.0,0.0,0.0,12473.0,3.0,55952.0,11238.0,3.0,55960.0
22.95931325299898,0.0,0.0,0.0,0.0,0.0,0.0,0.0,0.0,0.0,0.0,0.0,0.0,0.0,12474.0,3.0,55972.0,11239.0,3.0,55984.0
22.96265152700653,0.0,0.0,0.0,0.0,0.0,0.0,0.0,0.0,0.0,0.0,0.0,0.0,0.0,12475.0,3.0,55992.0,11240.0,3.0,56005.0
22.97349872099585,0.0,0.0,0.0,0.0,0.0,0.0,0.0,0.0,0.0,0.0,0.0,0.0,0.0,12476.0,3.0,56012.0,11241.0,3.0,56015.0
23.005677610999555,0.0,0.0,0.0,0.0,0.0,0.0,0.0,0.0,0.0,0.0,0.0,0.0,0.0,12477.0,3.0,56032.0,11242.0,3.0,56047.0
23.122137031008606,0.0,0.0,0.0,0.0,0.0,0.0,0.0,0.0,0.0,0.0,0.0,0.0,0.0,12478.0,3.0,56052.0,11243.0,3.0,56054.0
23.12227223200898,0.0,0.0,0.0,0.0,0.0,0.0,0.0,0.0,0.0,0.0,0.0,0.0,0.0,12479.0,3.0,56072.0,11244.0,3.0,56085.0
23.12234444099886,0.0,0.0,0.0,0.0,0.0,0.0,0.0,0.0,0.0,0.0,0.0,0.0,0.0,12480.0,3.0,56092.0,11245.0,3.0,56105.0
23.12240753399965,0.0,0.0,0.0,0.0,0.0,0.0,0.0,0.0,0.0,0.0,0.0,0.0,0.0,12481.0,3.0,56112.0,11246.0,3.0,56115.0
23.122465578999254,0.0,0.0,0.0,0.0,0.0,0.0,0.0,0.0,0.0,0.0,0.0,0.0,0.0,12482.0,3.0,56132.0,11247.0,3.0,56145.0
23.123940473000403,0.0,0.0,0.0,0.0,0.0,0.0,0.0,0.0,0.0,0.0,0.0,0.0,0.0,12483.0,3.0,56152.0,11248.0,3.0,56165.0
23.1539422400092,0.0,0.0,0.0,0.0,0.0,0.0,0.0,0.0,0.0,0.0,0.0,0.0,0.0,12484.0,3.0,56172.0,11249.0,3.0,56185.0
23.162710211006925,0.0,0.0,0.0,0.0,0.0,0.0,0.0,0.0,0.0,0.0,0.0,0.0,0.0,12485.0,3.0,56192.0,11250.0,3.0,56205.0
23.18070818000706,0.0,0.0,0.0,0.0,0.0,0.0,0.0,0.0,0.0,0.0,0.0,0.0,0.0,12486.0,3.0,56212.0,11251.0,3.0,56215.0
23.314020824007457,0.0,0.0,0.0,0.0,0.0,0.0,0.0,0.0,0.0,0.0,0.0,0.0,0.0,12487.0,3.0,56232.0,11252.0,3.0,56245.0
23.314221873995848,0.0,0.0,0.0,0.0,0.0,0.0,0.0,0.0,0.0,0.0,0.0,0.0,0.0,12488.0,3.0,56252.0,11253.0,3.0,56265.0
23.314293721006834,0.0,0.0,0.0,0.0,0.0,0.0,0.0,0.0,0.0,0.0,0.0,0.0,0.0,12489.0,3.0,56272.0,11254.0,3.0,56285.0
23.31435390000115,0.0,0.0,0.0,0.0,0.0,0.0,0.0,0.0,0.0,0.0,0.0,0.0,0.0,12490.0,3.0,56292.0,11255.0,3.0,56305.0
23.314411814004416,0.0,0.0,0.0,0.0,0.0,0.0,0.0,0.0,0.0,0.0,0.0,0.0,0.0,12491.0,3.0,56312.0,11256.0,3.0,56315.0
23.314469118005945,0.0,0.0,0.0,0.0,0.0,0.0,0.0,0.0,0.0,0.0,0.0,0.0,0.0,12492.0,3.0,56332.0,11257.0,3.0,56345.0
23.34425590300816,0.0,0.0,0.0,0.0,0.0,0.0,0.0,0.0,0.0,0.0,0.0,0.0,0.0,12493.0,3.0,56352.0,11258.0,3.0,56365.0
23.346102636001888,0.0,0.0,0.0,0.0,0.0,0.0,0.0,0.0,0.0,0.0,0.0,0.0,0.0,12494.0,3.0,56372.0,11259.0,3.0,56385.0
23.363569245004328,0.0,0.0,0.0,0.0,0.0,0.0,0.0,0.0,0.0,0.0,0.0,0.0,0.0,12495.0,3.0,56392.0,11260.0,3.0,56405.0
23.372395291007706,0.0,0.0,0.0,0.0,0.0,0.0,0.0,0.0,0.0,0.0,0.0,0.0,0.0,12496.0,3.0,56412.0,11261.0,3.0,56415.0
23.403628765998292,0.0,0.0,0.0,0.0,0.0,0.0,0.0,0.0,0.0,0.0,0.0,0.0,0.0,12497.0,3.0,56432.0,11262.0,3.0,56445.0
23.42340823500126,0.0,0.0,0.0,0.0,0.0,0.0,0.0,0.0,0.0,0.0,0.0,0.0,0.0,12498.0,3.0,56452.0,11263.0,3.0,56465.0
23.446191392999026,0.0,0.0,0.0,0.0,0.0,0.0,0.0,0.0,0.0,0.0,0.0,0.0,0.0,12499.0,3.0,56472.0,11264.0,3.0,56485.0
23.56231753100292,0.0,0.0,0.0,0.0,0.0,0.0,0.0,0.0,0.0,0.0,0.0,0.0,0.0,12500.0,3.0,56492.0,11265.0,3.0,56505.0
23.562494281010004,0.0,0.0,0.0,0.0,0.0,0.0,0.0,0.0,0.0,0.0,0.0,0.0,0.0,12501.0,3.0,56512.0,11266.0,3.0,56515.0
23.56261108200124,0.0,0.0,0.0,0.0,0.0,0.0,0.0,0.0,0.0,0.0,0.0,0.0,0.0,12502.0,3.0,56532.0,11267.0,3.0,56546.0
23.56271081500745,0.0,0.0,0.0,0.0,0.0,0.0,0.0,0.0,0.0,0.0,0.0,0.0,0.0,12503.0,3.0,56552.0,11268.0,3.0,56554.0
23.562806501999148,0.0,0.0,0.0,0.0,0.0,0.0,0.0,0.0,0.0,0.0,0.0,0.0,0.0,12504.0,3.0,56572.0,11269.0,3.0,56585.0
23.564133514999412,0.0,0.0,0.0,0.0,0.0,0.0,0.0,0.0,0.0,0.0,0.0,0.0,0.0,12505.0,3.0,56592.0,11270.0,3.0,56605.0
23.573466829009703,0.0,0.0,0.0,0.0,0.0,0.0,0.0,0.0,0.0,0.0,0.0,0.0,0.0,12506.0,3.0,56612.0,11271.0,3.0,56615.0
23.602675649002776,0.0,0.0,0.0,0.0,0.0,0.0,0.0,0.0,0.0,0.0,0.0,0.0,0.0,12507.0,3.0,56632.0,11272.0,3.0,56645.0
23.622665643008077,0.0,0.0,0.0,0.0,0.0,0.0,0.0,0.0,0.0,0.0,0.0,0.0,0.0,12508.0,3.0,56652.0,11273.0,3.0,56665.0
23.64276128000347,0.0,0.0,0.0,0.0,0.0,0.0,0.0,0.0,0.0,0.0,0.0,0.0,0.0,12509.0,3.0,56672.0,11274.0,3.0,56685.0
23.662747417009086,0.0,0.0,0.0,0.0,0.0,0.0,0.0,0.0,0.0,0.0,0.0,0.0,0.0,12510.0,3.0,56692.0,11275.0,3.0,56705.0
23.78298853400338,0.0,0.0,0.0,0.0,0.0,0.0,0.0,0.0,0.0,0.0,0.0,0.0,0.0,12511.0,3.0,56712.0,11276.0,3.0,56715.0
23.783145941997645,0.0,0.0,0.0,0.0,0.0,0.0,0.0,0.0,0.0,0.0,0.0,0.0,0.0,12512.0,3.0,56732.0,11277.0,3.0,56745.0
23.7832204340084,0.0,0.0,0.0,0.0,0.0,0.0,0.0,0.0,0.0,0.0,0.0,0.0,0.0,12513.0,3.0,56752.0,11278.0,3.0,56765.0
23.78328258500551,0.0,0.0,0.0,0.0,0.0,0.0,0.0,0.0,0.0,0.0,0.0,0.0,0.0,12514.0,3.0,56772.0,11279.0,3.0,56785.0
23.783339108005748,0.0,0.0,0.0,0.0,0.0,0.0,0.0,0.0,0.0,0.0,0.0,0.0,0.0,12515.0,3.0,56792.0,11280.0,3.0,56805.0
23.783394469006453,0.0,0.0,0.0,0.0,0.0,0.0,0.0,0.0,0.0,0.0,0.0,0.0,0.0,12516.0,3.0,56812.0,11281.0,3.0,56815.0
23.802662180009065,0.0,0.0,0.0,0.0,0.0,0.0,0.0,0.0,0.0,0.0,0.0,0.0,0.0,12517.0,3.0,56832.0,11282.0,3.0,56845.0
23.82282231200952,0.0,0.0,0.0,0.0,0.0,0.0,0.0,0.0,0.0,0.0,0.0,0.0,0.0,12518.0,3.0,56852.0,11283.0,3.0,56865.0
23.843144651007606,0.0,0.0,0.0,0.0,0.0,0.0,0.0,0.0,0.0,0.0,0.0,0.0,0.0,12519.0,3.0,56872.0,11284.0,3.0,56885.0
23.864140240999404,0.0,0.0,0.0,0.0,0.0,0.0,0.0,0.0,0.0,0.0,0.0,0.0,0.0,12520.0,3.0,56892.0,11285.0,3.0,56905.0
23.871506454001064,0.0,0.0,0.0,0.0,0.0,0.0,0.0,0.0,0.0,0.0,0.0,0.0,0.0,12521.0,3.0,56912.0,11286.0,3.0,56914.0
23.998035587006598,0.0,0.0,0.0,0.0,0.0,0.0,0.0,0.0,0.0,0.0,0.0,0.0,0.0,12522.0,3.0,56932.0,11287.0,3.0,56945.0
23.99850570700073,0.0,0.0,0.0,0.0,0.0,0.0,0.0,0.0,0.0,0.0,0.0,0.0,0.0,12523.0,3.0,56952.0,11288.0,3.0,56964.0
23.998761074995855,0.0,0.0,0.0,0.0,0.0,0.0,0.0,0.0,0.0,0.0,0.0,0.0,0.0,12524.0,3.0,56972.0,11289.0,3.0,56985.0
23.998986314007198,0.0,0.0,0.0,0.0,0.0,0.0,0.0,0.0,0.0,0.0,0.0,0.0,0.0,12525.0,3.0,56992.0,11290.0,3.0,57005.0
23.999043226998765,0.0,0.0,0.0,0.0,0.0,0.0,0.0,0.0,0.0,0.0,0.0,0.0,0.0,12526.0,3.0,57012.0,11291.0,3.0,57015.0
24.00395061299787,0.0,0.0,0.0,0.0,0.0,0.0,0.0,0.0,0.0,0.0,0.0,0.0,0.0,12527.0,3.0,57032.0,11292.0,3.0,57046.0
24.012218322008266,0.0,0.0,0.0,0.0,0.0,0.0,0.0,0.0,0.0,0.0,0.0,0.0,0.0,12528.0,3.0,57052.0,11293.0,3.0,57054.0
24.043873957998585,0.0,0.0,0.0,0.0,0.0,0.0,0.0,0.0,0.0,0.0,0.0,0.0,0.0,12529.0,3.0,57072.0,11294.0,3.0,57085.0
24.06233247400087,0.0,0.0,0.0,0.0,0.0,0.0,0.0,0.0,0.0,0.0,0.0,0.0,0.0,12530.0,3.0,57092.0,11295.0,3.0,57105.0
24.08000075700693,0.0,0.0,0.0,0.0,0.0,0.0,0.0,0.0,0.0,0.0,0.0,0.0,0.0,12531.0,3.0,57112.0,11296.0,3.0,57115.0
24.105756222008495,0.0,0.0,0.0,0.0,0.0,0.0,0.0,0.0,0.0,0.0,0.0,0.0,0.0,12532.0,3.0,57132.0,11297.0,3.0,57145.0
24.224713927003904,0.0,0.0,0.0,0.0,0.0,0.0,0.0,0.0,0.0,0.0,0.0,0.0,0.0,12533.0,3.0,57152.0,11298.0,3.0,57165.0
24.22513237199746,0.0,0.0,0.0,0.0,0.0,0.0,0.0,0.0,0.0,0.0,0.0,0.0,0.0,12534.0,3.0,57172.0,11299.0,3.0,57185.0
24.22541123900737,0.0,0.0,0.0,0.0,0.0,0.0,0.0,0.0,0.0,0.0,0.0,0.0,0.0,12535.0,3.0,57192.0,11300.0,3.0,57205.0
24.22547668599873,0.0,0.0,0.0,0.0,0.0,0.0,0.0,0.0,0.0,0.0,0.0,0.0,0.0,12536.0,3.0,57212.0,11301.0,3.0,57214.0
24.225532928001485,0.0,0.0,0.0,0.0,0.0,0.0,0.0,0.0,0.0,0.0,0.0,0.0,0.0,12537.0,3.0,57232.0,11302.0,3.0,57245.0
24.225592556002084,0.0,0.0,0.0,0.0,0.0,0.0,0.0,0.0,0.0,0.0,0.0,0.0,0.0,12538.0,3.0,57252.0,11303.0,3.0,57265.0
24.243865869008005,0.0,0.0,0.0,0.0,0.0,0.0,0.0,0.0,0.0,0.0,0.0,0.0,0.0,12539.0,3.0,57272.0,11304.0,3.0,57285.0
24.262744923005812,0.0,0.0,0.0,0.0,0.0,0.0,0.0,0.0,0.0,0.0,0.0,0.0,0.0,12540.0,3.0,57292.0,11305.0,3.0,57305.0
24.275912124998285,0.0,0.0,0.0,0.0,0.0,0.0,0.0,0.0,0.0,0.0,0.0,0.0,0.0,12541.0,3.0,57312.0,11306.0,3.0,57315.0
24.302432812997722,0.0,0.0,0.0,0.0,0.0,0.0,0.0,0.0,0.0,0.0,0.0,0.0,0.0,12542.0,3.0,57332.0,11307.0,3.0,57345.0
24.32274408300873,0.0,0.0,0.0,0.0,0.0,0.0,0.0,0.0,0.0,0.0,0.0,0.0,0.0,12543.0,3.0,57352.0,11308.0,3.0,57365.0
24.442449042006047,0.0,0.0,0.0,0.0,0.0,0.0,0.0,0.0,0.0,0.0,0.0,0.0,0.0,12544.0,3.0,57372.0,11309.0,3.0,57385.0
24.442563079006504,0.0,0.0,0.0,0.0,0.0,0.0,0.0,0.0,0.0,0.0,0.0,0.0,0.0,12545.0,3.0,57392.0,11310.0,3.0,57405.0
24.442629958008183,0.0,0.0,0.0,0.0,0.0,0.0,0.0,0.0,0.0,0.0,0.0,0.0,0.0,12546.0,3.0,57412.0,11311.0,3.0,57415.0
24.442688905008254,0.0,0.0,0.0,0.0,0.0,0.0,0.0,0.0,0.0,0.0,0.0,0.0,0.0,12547.0,3.0,57432.0,11312.0,3.0,57445.0
24.442756486008875,0.0,0.0,0.0,0.0,0.0,0.0,0.0,0.0,0.0,0.0,0.0,0.0,0.0,12548.0,3.0,57452.0,11313.0,3.0,57465.0
24.442812296998454,0.0,0.0,0.0,0.0,0.0,0.0,0.0,0.0,0.0,0.0,0.0,0.0,0.0,12549.0,3.0,57472.0,11314.0,3.0,57485.0
24.463639277004404,0.0,0.0,0.0,0.0,0.0,0.0,0.0,0.0,0.0,0.0,0.0,0.0,0.0,12550.0,3.0,57492.0,11315.0,3.0,57505.0
24.47950580000179,0.0,0.0,0.0,0.0,0.0,0.0,0.0,0.0,0.0,0.0,0.0,0.0,0.0,12551.0,3.0,57512.0,11316.0,3.0,57515.0
24.505288979009492,0.0,0.0,0.0,0.0,0.0,0.0,0.0,0.0,0.0,0.0,0.0,0.0,0.0,12552.0,3.0,57532.0,11317.0,3.0,57547.0
24.511015199997928,0.0,0.0,0.0,0.0,0.0,0.0,0.0,0.0,0.0,0.0,0.0,0.0,0.0,12553.0,3.0,57552.0,11318.0,3.0,57554.0
24.543447292002384,0.0,0.0,0.0,0.0,0.0,0.0,0.0,0.0,0.0,0.0,0.0,0.0,0.0,12554.0,3.0,57572.0,11319.0,3.0,57585.0
24.662075093001476,0.0,0.0,0.0,0.0,0.0,0.0,0.0,0.0,0.0,0.0,0.0,0.0,0.0,12555.0,3.0,57592.0,11320.0,3.0,57605.0
24.66225987499638,0.0,0.0,0.0,0.0,0.0,0.0,0.0,0.0,0.0,0.0,0.0,0.0,0.0,12556.0,3.0,57612.0,11321.0,3.0,57615.0
24.662327115001972,0.0,0.0,0.0,0.0,0.0,0.0,0.0,0.0,0.0,0.0,0.0,0.0,0.0,12557.0,3.0,57632.0,11322.0,3.0,57645.0
24.662385110001196,0.0,0.0,0.0,0.0,0.0,0.0,0.0,0.0,0.0,0.0,0.0,0.0,0.0,12558.0,3.0,57652.0,11323.0,3.0,57665.0
24.662439620005898,0.0,0.0,0.0,0.0,0.0,0.0,0.0,0.0,0.0,0.0,0.0,0.0,0.0,12559.0,3.0,57672.0,11324.0,3.0,57685.0
24.662493737996556,0.0,0.0,0.0,0.0,0.0,0.0,0.0,0.0,0.0,0.0,0.0,0.0,0.0,12560.0,3.0,57692.0,11325.0,3.0,57705.0
24.674908717002836,0.0,0.0,0.0,0.0,0.0,0.0,0.0,0.0,0.0,0.0,0.0,0.0,0.0,12561.0,3.0,57712.0,11326.0,3.0,57715.0
24.702010316002998,0.0,0.0,0.0,0.0,0.0,0.0,0.0,0.0,0.0,0.0,0.0,0.0,0.0,12562.0,3.0,57732.0,11327.0,3.0,57745.0
24.72284764300275,0.0,0.0,0.0,0.0,0.0,0.0,0.0,0.0,0.0,0.0,0.0,0.0,0.0,12563.0,3.0,57752.0,11328.0,3.0,57765.0
24.74178302299697,0.0,0.0,0.0,0.0,0.0,0.0,0.0,0.0,0.0,0.0,0.0,0.0,0.0,12564.0,3.0,57772.0,11329.0,3.0,57784.0
24.76367922499776,0.0,0.0,0.0,0.0,0.0,0.0,0.0,0.0,0.0,0.0,0.0,0.0,0.0,12565.0,3.0,57792.0,11330.0,3.0,57805.0
24.882897162009613,0.0,0.0,0.0,0.0,0.0,0.0,0.0,0.0,0.0,0.0,0.0,0.0,0.0,12566.0,3.0,57812.0,11331.0,3.0,57815.0
24.883031823002966,0.0,0.0,0.0,0.0,0.0,0.0,0.0,0.0,0.0,0.0,0.0,0.0,0.0,12567.0,3.0,57832.0,11332.0,3.0,57845.0
24.883103400003165,0.0,0.0,0.0,0.0,0.0,0.0,0.0,0.0,0.0,0.0,0.0,0.0,0.0,12568.0,3.0,57852.0,11333.0,3.0,57865.0
24.883166523010004,0.0,0.0,0.0,0.0,0.0,0.0,0.0,0.0,0.0,0.0,0.0,0.0,0.0,12569.0,3.0,57872.0,11334.0,3.0,57885.0
24.88323803100502,0.0,0.0,0.0,0.0,0.0,0.0,0.0,0.0,0.0,0.0,0.0,0.0,0.0,12570.0,3.0,57892.0,11335.0,3.0,57905.0
24.89906422799686,0.0,0.0,0.0,0.0,0.0,0.0,0.0,0.0,0.0,0.0,0.0,0.0,0.0,12572.0,3.0,57932.0,11336.0,3.0,57940.0
24.922612755995942,0.0,0.0,0.0,0.0,0.0,0.0,0.0,0.0,0.0,0.0,0.0,0.0,0.0,12573.0,3.0,57952.0,11337.0,3.0,57965.0
24.94444262899924,0.0,0.0,0.0,0.0,0.0,0.0,0.0,0.0,0.0,0.0,0.0,0.0,0.0,12574.0,3.0,57972.0,11338.0,3.0,57985.0
24.962614438001765,0.0,0.0,0.0,0.0,0.0,0.0,0.0,0.0,0.0,0.0,0.0,0.0,0.0,12575.0,3.0,57992.0,11339.0,3.0,58005.0
24.98351422700216,0.0,0.0,0.0,0.0,0.0,0.0,0.0,0.0,0.0,0.0,0.0,0.0,0.0,12576.0,3.0,58012.0,11340.0,3.0,58025.0
25.103836334004882,0.0,0.0,0.0,0.0,0.0,0.0,0.0,0.0,0.0,0.0,0.0,0.0,0.0,12577.0,3.0,58032.0,11341.0,3.0,58034.0
25.10393385399948,0.0,0.0,0.0,0.0,0.0,0.0,0.0,0.0,0.0,0.0,0.0,0.0,0.0,12578.0,3.0,58052.0,11342.0,3.0,58065.0
25.104001735002385,0.0,0.0,0.0,0.0,0.0,0.0,0.0,0.0,0.0,0.0,0.0,0.0,0.0,12579.0,3.0,58072.0,11343.0,3.0,58085.0
25.104066050000256,0.0,0.0,0.0,0.0,0.0,0.0,0.0,0.0,0.0,0.0,0.0,0.0,0.0,12580.0,3.0,58092.0,11344.0,3.0,58105.0
25.10412436600018,0.0,0.0,0.0,0.0,0.0,0.0,0.0,0.0,0.0,0.0,0.0,0.0,0.0,12581.0,3.0,58112.0,11345.0,3.0,58125.0
25.104190523998113,0.0,0.0,0.0,0.0,0.0,0.0,0.0,0.0,0.0,0.0,0.0,0.0,0.0,12582.0,3.0,58132.0,11346.0,3.0,58135.0
25.12195028900169,0.0,0.0,0.0,0.0,0.0,0.0,0.0,0.0,0.0,0.0,0.0,0.0,0.0,12583.0,3.0,58152.0,11347.0,3.0,58165.0
25.1433443279966,0.0,0.0,0.0,0.0,0.0,0.0,0.0,0.0,0.0,0.0,0.0,0.0,0.0,12584.0,3.0,58172.0,11348.0,3.0,58185.0
25.162746993999463,0.0,0.0,0.0,0.0,0.0,0.0,0.0,0.0,0.0,0.0,0.0,0.0,0.0,12585.0,3.0,58192.0,11349.0,3.0,58205.0
25.18181897800241,0.0,0.0,0.0,0.0,0.0,0.0,0.0,0.0,0.0,0.0,0.0,0.0,0.0,12586.0,3.0,58212.0,11350.0,3.0,58224.0
25.194183344006888,0.0,0.0,0.0,0.0,0.0,0.0,0.0,0.0,0.0,0.0,0.0,0.0,0.0,12587.0,3.0,58233.0,11351.0,3.0,58234.0
25.237738819007063,0.0,0.0,0.0,0.0,0.0,0.0,0.0,0.0,0.0,0.0,0.0,0.0,0.0,12588.0,3.0,58252.0,11352.0,3.0,58265.0
25.321599543007324,0.0,0.0,0.0,0.0,0.0,0.0,0.0,0.0,0.0,0.0,0.0,0.0,0.0,12589.0,3.0,58272.0,11353.0,3.0,58285.0
25.321697854000377,0.0,0.0,0.0,0.0,0.0,0.0,0.0,0.0,0.0,0.0,0.0,0.0,0.0,12590.0,3.0,58292.0,11354.0,3.0,58305.0
25.321768730005715,0.0,0.0,0.0,0.0,0.0,0.0,0.0,0.0,0.0,0.0,0.0,0.0,0.0,12591.0,3.0,58312.0,11355.0,3.0,58325.0
25.321829890002846,0.0,0.0,0.0,0.0,0.0,0.0,0.0,0.0,0.0,0.0,0.0,0.0,0.0,12592.0,3.0,58332.0,11356.0,3.0,58335.0
25.32360451700515,0.0,0.0,0.0,0.0,0.0,0.0,0.0,0.0,0.0,0.0,0.0,0.0,0.0,12593.0,3.0,58352.0,11357.0,3.0,58365.0
25.349296626998694,0.0,0.0,0.0,0.0,0.0,0.0,0.0,0.0,0.0,0.0,0.0,0.0,0.0,12594.0,3.0,58372.0,11358.0,3.0,58385.0
25.3628699240071,0.0,0.0,0.0,0.0,0.0,0.0,0.0,0.0,0.0,0.0,0.0,0.0,0.0,12595.0,3.0,58392.0,11359.0,3.0,58405.0
25.382723659000476,0.0,0.0,0.0,0.0,0.0,0.0,0.0,0.0,0.0,0.0,0.0,0.0,0.0,12596.0,3.0,58412.0,11360.0,3.0,58425.0
25.393371136000496,0.0,0.0,0.0,0.0,0.0,0.0,0.0,0.0,0.0,0.0,0.0,0.0,0.0,12597.0,3.0,58432.0,11361.0,3.0,58435.0
25.422382995995576,0.0,0.0,0.0,0.0,0.0,0.0,0.0,0.0,0.0,0.0,0.0,0.0,0.0,12598.0,3.0,58452.0,11362.0,3.0,58465.0
25.49438402299711,0.0,0.0,0.0,0.0,0.0,0.0,0.0,0.0,0.0,0.0,0.0,0.0,0.0,12599.0,3.0,58472.0,11363.0,3.0,58485.0
25.49448983599723,0.0,0.0,0.0,0.0,0.0,0.0,0.0,0.0,0.0,0.0,0.0,0.0,0.0,12600.0,3.0,58492.0,11364.0,3.0,58505.0
25.49455577399931,0.0,0.0,0.0,0.0,0.0,0.0,0.0,0.0,0.0,0.0,0.0,0.0,0.0,12601.0,3.0,58512.0,11365.0,3.0,58525.0
25.494615101997624,0.0,0.0,0.0,0.0,0.0,0.0,0.0,0.0,0.0,0.0,0.0,0.0,0.0,12602.0,3.0,58532.0,11366.0,3.0,58535.0
25.541654868007754,0.0,0.0,0.0,0.0,0.0,0.0,0.0,0.0,0.0,0.0,0.0,0.0,0.0,12603.0,3.0,58552.0,11367.0,3.0,58555.0
25.541753600002266,0.0,0.0,0.0,0.0,0.0,0.0,0.0,0.0,0.0,0.0,0.0,0.0,0.0,12604.0,3.0,58572.0,11368.0,3.0,58575.0
25.562773982004728,0.0,0.0,0.0,0.0,0.0,0.0,0.0,0.0,0.0,0.0,0.0,0.0,0.0,12605.0,3.0,58592.0,11369.0,3.0,58605.0
25.582229467996513,0.0,0.0,0.0,0.0,0.0,0.0,0.0,0.0,0.0,0.0,0.0,0.0,0.0,12606.0,3.0,58612.0,11370.0,3.0,58625.0
25.591905617009616,0.0,0.0,0.0,0.0,0.0,0.0,0.0,0.0,0.0,0.0,0.0,0.0,0.0,12607.0,3.0,58632.0,11371.0,3.0,58635.0
25.622426860005362,0.0,0.0,0.0,0.0,0.0,0.0,0.0,0.0,0.0,0.0,0.0,0.0,0.0,12608.0,3.0,58652.0,11372.0,3.0,58665.0
25.643529877997935,0.0,0.0,0.0,0.0,0.0,0.0,0.0,0.0,0.0,0.0,0.0,0.0,0.0,12609.0,3.0,58672.0,11373.0,3.0,58685.0
25.767934592004167,0.0,0.0,0.0,0.0,0.0,0.0,0.0,0.0,0.0,0.0,0.0,0.0,0.0,12610.0,3.0,58692.0,11374.0,3.0,58705.0
25.7680934730015,0.0,0.0,0.0,0.0,0.0,0.0,0.0,0.0,0.0,0.0,0.0,0.0,0.0,12611.0,3.0,58712.0,11375.0,3.0,58725.0
25.76816045200394,0.0,0.0,0.0,0.0,0.0,0.0,0.0,0.0,0.0,0.0,0.0,0.0,0.0,12612.0,3.0,58732.0,11376.0,3.0,58735.0
25.768229424997116,0.0,0.0,0.0,0.0,0.0,0.0,0.0,0.0,0.0,0.0,0.0,0.0,0.0,12613.0,3.0,58752.0,11377.0,3.0,58765.0
25.768287441009306,0.0,0.0,0.0,0.0,0.0,0.0,0.0,0.0,0.0,0.0,0.0,0.0,0.0,12614.0,3.0,58772.0,11378.0,3.0,58785.0
25.768344844997046,0.0,0.0,0.0,0.0,0.0,0.0,0.0,0.0,0.0,0.0,0.0,0.0,0.0,12615.0,3.0,58792.0,11379.0,3.0,58805.0
25.783522690995596,0.0,0.0,0.0,0.0,0.0,0.0,0.0,0.0,0.0,0.0,0.0,0.0,0.0,12616.0,3.0,58812.0,11380.0,3.0,58825.0
25.792899338004645,0.0,0.0,0.0,0.0,0.0,0.0,0.0,0.0,0.0,0.0,0.0,0.0,0.0,12617.0,3.0,58832.0,11381.0,3.0,58835.0
25.831775355007267,0.0,0.0,0.0,0.0,0.0,0.0,0.0,0.0,0.0,0.0,0.0,0.0,0.0,12618.0,3.0,58852.0,11382.0,3.0,58865.0
25.842148816998815,0.0,0.0,0.0,0.0,0.0,0.0,0.0,0.0,0.0,0.0,0.0,0.0,0.0,12619.0,3.0,58872.0,11383.0,3.0,58885.0
25.866220488998806,0.0,0.0,0.0,0.0,0.0,0.0,0.0,0.0,0.0,0.0,0.0,0.0,0.0,12620.0,3.0,58892.0,11384.0,3.0,58905.0
25.926773783998215,0.0,0.0,0.0,0.0,0.0,0.0,0.0,0.0,0.0,0.0,0.0,0.0,0.0,12621.0,3.0,58912.0,11385.0,3.0,58925.0
25.92686811799649,0.0,0.0,0.0,0.0,0.0,0.0,0.0,0.0,0.0,0.0,0.0,0.0,0.0,12622.0,3.0,58932.0,11386.0,3.0,58935.0
25.926947158004623,0.0,0.0,0.0,0.0,0.0,0.0,0.0,0.0,0.0,0.0,0.0,0.0,0.0,12623.0,3.0,58952.0,11387.0,3.0,58965.0
25.981711084008566,0.0,0.0,0.0,0.0,0.0,0.0,0.0,0.0,0.0,0.0,0.0,0.0,0.0,12624.0,3.0,58972.0,11388.0,3.0,58985.0
25.98212194700318,0.0,0.0,0.0,0.0,0.0,0.0,0.0,0.0,0.0,0.0,0.0,0.0,0.0,12625.0,3.0,58992.0,11389.0,3.0,59005.0
25.983270520009683,0.0,0.0,0.0,0.0,0.0,0.0,0.0,0.0,0.0,0.0,0.0,0.0,0.0,12626.0,3.0,59012.0,11390.0,3.0,59025.0
25.99279650200333,0.0,0.0,0.0,0.0,0.0,0.0,0.0,0.0,0.0,0.0,0.0,0.0,0.0,12627.0,3.0,59032.0,11391.0,3.0,59035.0
26.025123344996246,0.0,0.0,0.0,0.0,0.0,0.0,0.0,0.0,0.0,0.0,0.0,0.0,0.0,12628.0,3.0,59052.0,11392.0,3.0,59065.0
26.042032368000946,0.0,0.0,0.0,0.0,0.0,0.0,0.0,0.0,0.0,0.0,0.0,0.0,0.0,12629.0,3.0,59072.0,11393.0,3.0,59085.0
26.06219711700396,0.0,0.0,0.0,0.0,0.0,0.0,0.0,0.0,0.0,0.0,0.0,0.0,0.0,12630.0,3.0,59092.0,11394.0,3.0,59105.0
26.081944061996182,0.0,0.0,0.0,0.0,0.0,0.0,0.0,0.0,0.0,0.0,0.0,0.0,0.0,12631.0,3.0,59112.0,11395.0,3.0,59125.0
26.2020114580082,0.0,0.0,0.0,0.0,0.0,0.0,0.0,0.0,0.0,0.0,0.0,0.0,0.0,12632.0,3.0,59132.0,11396.0,3.0,59135.0
26.20210917800432,0.0,0.0,0.0,0.0,0.0,0.0,0.0,0.0,0.0,0.0,0.0,0.0,0.0,12633.0,3.0,59152.0,11397.0,3.0,59165.0
26.20218707600725,0.0,0.0,0.0,0.0,0.0,0.0,0.0,0.0,0.0,0.0,0.0,0.0,0.0,12634.0,3.0,59172.0,11398.0,3.0,59185.0
26.202250860005734,0.0,0.0,0.0,0.0,0.0,0.0,0.0,0.0,0.0,0.0,0.0,0.0,0.0,12635.0,3.0,59192.0,11399.0,3.0,59205.0
26.20230981700297,0.0,0.0,0.0,0.0,0.0,0.0,0.0,0.0,0.0,0.0,0.0,0.0,0.0,12636.0,3.0,59212.0,11400.0,3.0,59225.0
26.20239115000004,0.0,0.0,0.0,0.0,0.0,0.0,0.0,0.0,0.0,0.0,0.0,0.0,0.0,12637.0,3.0,59232.0,11401.0,3.0,59235.0
26.221901676995913,0.0,0.0,0.0,0.0,0.0,0.0,0.0,0.0,0.0,0.0,0.0,0.0,0.0,12638.0,3.0,59252.0,11402.0,3.0,59265.0
26.242005036008777,0.0,0.0,0.0,0.0,0.0,0.0,0.0,0.0,0.0,0.0,0.0,0.0,0.0,12639.0,3.0,59272.0,11403.0,3.0,59285.0
26.262299989000894,0.0,0.0,0.0,0.0,0.0,0.0,0.0,0.0,0.0,0.0,0.0,0.0,0.0,12640.0,3.0,59292.0,11404.0,3.0,59305.0
26.28204047199688,0.0,0.0,0.0,0.0,0.0,0.0,0.0,0.0,0.0,0.0,0.0,0.0,0.0,12641.0,3.0,59312.0,11405.0,3.0,59325.0
26.29286533400591,0.0,0.0,0.0,0.0,0.0,0.0,0.0,0.0,0.0,0.0,0.0,0.0,0.0,12642.0,3.0,59332.0,11406.0,3.0,59335.0
26.427511201996822,0.0,0.0,0.0,0.0,0.0,0.0,0.0,0.0,0.0,0.0,0.0,0.0,0.0,12643.0,3.0,59352.0,11407.0,3.0,59365.0
26.42785697900399,0.0,0.0,0.0,0.0,0.0,0.0,0.0,0.0,0.0,0.0,0.0,0.0,0.0,12644.0,3.0,59372.0,11408.0,3.0,59385.0
26.42810554600146,0.0,0.0,0.0,0.0,0.0,0.0,0.0,0.0,0.0,0.0,0.0,0.0,0.0,12645.0,3.0,59392.0,11409.0,3.0,59405.0
26.428227376003633,0.0,0.0,0.0,0.0,0.0,0.0,0.0,0.0,0.0,0.0,0.0,0.0,0.0,12646.0,3.0,59412.0,11410.0,3.0,59426.0
26.42828301699774,0.0,0.0,0.0,0.0,0.0,0.0,0.0,0.0,0.0,0.0,0.0,0.0,0.0,12647.0,3.0,59432.0,11411.0,3.0,59436.0
26.42833690599946,0.0,0.0,0.0,0.0,0.0,0.0,0.0,0.0,0.0,0.0,0.0,0.0,0.0,12648.0,3.0,59452.0,11412.0,3.0,59455.0
26.442010255996138,0.0,0.0,0.0,0.0,0.0,0.0,0.0,0.0,0.0,0.0,0.0,0.0,0.0,12649.0,3.0,59472.0,11413.0,3.0,59485.0
26.46202191899647,0.0,0.0,0.0,0.0,0.0,0.0,0.0,0.0,0.0,0.0,0.0,0.0,0.0,12650.0,3.0,59492.0,11414.0,3.0,59505.0
26.48286162900331,0.0,0.0,0.0,0.0,0.0,0.0,0.0,0.0,0.0,0.0,0.0,0.0,0.0,12651.0,3.0,59512.0,11415.0,3.0,59524.0
26.49232272199879,0.0,0.0,0.0,0.0,0.0,0.0,0.0,0.0,0.0,0.0,0.0,0.0,0.0,12652.0,3.0,59532.0,11416.0,3.0,59534.0
26.52374058800342,0.0,0.0,0.0,0.0,0.0,0.0,0.0,0.0,0.0,0.0,0.0,0.0,0.0,12653.0,3.0,59552.0,11417.0,3.0,59565.0
26.641798605007352,0.0,0.0,0.0,0.0,0.0,0.0,0.0,0.0,0.0,0.0,0.0,0.0,0.0,12654.0,3.0,59572.0,11418.0,3.0,59585.0
26.641946126997937,0.0,0.0,0.0,0.0,0.0,0.0,0.0,0.0,0.0,0.0,0.0,0.0,0.0,12655.0,3.0,59592.0,11419.0,3.0,59605.0
26.642017924998072,0.0,0.0,0.0,0.0,0.0,0.0,0.0,0.0,0.0,0.0,0.0,0.0,0.0,12656.0,3.0,59612.0,11420.0,3.0,59625.0
26.642077783006243,0.0,0.0,0.0,0.0,0.0,0.0,0.0,0.0,0.0,0.0,0.0,0.0,0.0,12657.0,3.0,59632.0,11421.0,3.0,59635.0
26.642134656009148,0.0,0.0,0.0,0.0,0.0,0.0,0.0,0.0,0.0,0.0,0.0,0.0,0.0,12658.0,3.0,59652.0,11422.0,3.0,59665.0
26.64439964000485,0.0,0.0,0.0,0.0,0.0,0.0,0.0,0.0,0.0,0.0,0.0,0.0,0.0,12659.0,3.0,59672.0,11423.0,3.0,59685.0
26.662757099999,0.0,0.0,0.0,0.0,0.0,0.0,0.0,0.0,0.0,0.0,0.0,0.0,0.0,12660.0,3.0,59692.0,11424.0,3.0,59705.0
26.684934905002592,0.0,0.0,0.0,0.0,0.0,0.0,0.0,0.0,0.0,0.0,0.0,0.0,0.0,12661.0,3.0,59712.0,11425.0,3.0,59725.0
26.693468897996354,0.0,0.0,0.0,0.0,0.0,0.0,0.0,0.0,0.0,0.0,0.0,0.0,0.0,12662.0,3.0,59732.0,11426.0,3.0,59736.0
26.713019585004076,0.0,0.0,0.0,0.0,0.0,0.0,0.0,0.0,0.0,0.0,0.0,0.0,0.0,12663.0,3.0,59752.0,11427.0,3.0,59755.0
26.86174680000113,0.0,0.0,0.0,0.0,0.0,0.0,0.0,0.0,0.0,0.0,0.0,0.0,0.0,12664.0,3.0,59772.0,11428.0,3.0,59785.0
26.861923860007664,0.0,0.0,0.0,0.0,0.0,0.0,0.0,0.0,0.0,0.0,0.0,0.0,0.0,12665.0,3.0,59792.0,11429.0,3.0,59805.0
26.86200030600594,0.0,0.0,0.0,0.0,0.0,0.0,0.0,0.0,0.0,0.0,0.0,0.0,0.0,12666.0,3.0,59812.0,11430.0,3.0,59825.0
26.86206639400916,0.0,0.0,0.0,0.0,0.0,0.0,0.0,0.0,0.0,0.0,0.0,0.0,0.0,12667.0,3.0,59832.0,11431.0,3.0,59836.0
26.86212881699612,0.0,0.0,0.0,0.0,0.0,0.0,0.0,0.0,0.0,0.0,0.0,0.0,0.0,12668.0,3.0,59852.0,11432.0,3.0,59855.0
26.862205491997884,0.0,0.0,0.0,0.0,0.0,0.0,0.0,0.0,0.0,0.0,0.0,0.0,0.0,12669.0,3.0,59872.0,11433.0,3.0,59885.0
26.862269336997997,0.0,0.0,0.0,0.0,0.0,0.0,0.0,0.0,0.0,0.0,0.0,0.0,0.0,12670.0,3.0,59892.0,11434.0,3.0,59905.0
26.875405596001656,0.0,0.0,0.0,0.0,0.0,0.0,0.0,0.0,0.0,0.0,0.0,0.0,0.0,12671.0,3.0,59912.0,11435.0,3.0,59918.0
26.902641695007333,0.0,0.0,0.0,0.0,0.0,0.0,0.0,0.0,0.0,0.0,0.0,0.0,0.0,12672.0,3.0,59932.0,11436.0,3.0,59945.0
26.92219189100433,0.0,0.0,0.0,0.0,0.0,0.0,0.0,0.0,0.0,0.0,0.0,0.0,0.0,12673.0,3.0,59952.0,11437.0,3.0,59965.0
26.942351656005485,0.0,0.0,0.0,0.0,0.0,0.0,0.0,0.0,0.0,0.0,0.0,0.0,0.0,12674.0,3.0,59972.0,11438.0,3.0,59985.0
26.96179529800429,0.0,0.0,0.0,0.0,0.0,0.0,0.0,0.0,0.0,0.0,0.0,0.0,0.0,12675.0,3.0,59992.0,11439.0,3.0,60005.0
27.04506212900742,0.0,0.0,0.0,0.0,0.0,0.0,0.0,0.0,0.0,0.0,0.0,0.0,0.0,12676.0,3.0,60012.0,11440.0,3.0,60025.0
27.045330688997637,0.0,0.0,0.0,0.0,0.0,0.0,0.0,0.0,0.0,0.0,0.0,0.0,0.0,12677.0,3.0,60032.0,11441.0,3.0,60035.0
27.045588352004415,0.0,0.0,0.0,0.0,0.0,0.0,0.0,0.0,0.0,0.0,0.0,0.0,0.0,12678.0,3.0,60052.0,11442.0,3.0,60065.0
27.04581697699905,0.0,0.0,0.0,0.0,0.0,0.0,0.0,0.0,0.0,0.0,0.0,0.0,0.0,12679.0,3.0,60072.0,11443.0,3.0,60085.0
27.081173250000575,0.0,0.0,0.0,0.0,0.0,0.0,0.0,0.0,0.0,0.0,0.0,0.0,0.0,12680.0,3.0,60092.0,11444.0,3.0,60105.0
27.084177405005903,0.0,0.0,0.0,0.0,0.0,0.0,0.0,0.0,0.0,0.0,0.0,0.0,0.0,12681.0,3.0,60112.0,11445.0,3.0,60125.0
27.094302997997147,0.0,0.0,0.0,0.0,0.0,0.0,0.0,0.0,0.0,0.0,0.0,0.0,0.0,12682.0,3.0,60132.0,11446.0,3.0,60135.0
27.12261650300934,0.0,0.0,0.0,0.0,0.0,0.0,0.0,0.0,0.0,0.0,0.0,0.0,0.0,12683.0,3.0,60152.0,11447.0,3.0,60165.0
27.141804686005344,0.0,0.0,0.0,0.0,0.0,0.0,0.0,0.0,0.0,0.0,0.0,0.0,0.0,12684.0,3.0,60172.0,11448.0,3.0,60185.0
27.164773327007424,0.0,0.0,0.0,0.0,0.0,0.0,0.0,0.0,0.0,0.0,0.0,0.0,0.0,12685.0,3.0,60192.0,11449.0,3.0,60205.0
27.182517110995832,0.0,0.0,0.0,0.0,0.0,0.0,0.0,0.0,0.0,0.0,0.0,0.0,0.0,12686.0,3.0,60212.0,11450.0,3.0,60225.0
27.303818587010028,0.0,0.0,0.0,0.0,0.0,0.0,0.0,0.0,0.0,0.0,0.0,0.0,0.0,12687.0,3.0,60232.0,11451.0,3.0,60235.0
27.304015310000977,0.0,0.0,0.0,0.0,0.0,0.0,0.0,0.0,0.0,0.0,0.0,0.0,0.0,12688.0,3.0,60252.0,11452.0,3.0,60265.0
27.304083470997284,0.0,0.0,0.0,0.0,0.0,0.0,0.0,0.0,0.0,0.0,0.0,0.0,0.0,12689.0,3.0,60272.0,11453.0,3.0,60285.0
27.304144470996107,0.0,0.0,0.0,0.0,0.0,0.0,0.0,0.0,0.0,0.0,0.0,0.0,0.0,12690.0,3.0,60292.0,11454.0,3.0,60305.0
27.304215518001,0.0,0.0,0.0,0.0,0.0,0.0,0.0,0.0,0.0,0.0,0.0,0.0,0.0,12691.0,3.0,60312.0,11455.0,3.0,60325.0
27.304279343006783,0.0,0.0,0.0,0.0,0.0,0.0,0.0,0.0,0.0,0.0,0.0,0.0,0.0,12692.0,3.0,60332.0,11456.0,3.0,60335.0
27.331797524006106,0.0,0.0,0.0,0.0,0.0,0.0,0.0,0.0,0.0,0.0,0.0,0.0,0.0,12693.0,3.0,60352.0,11457.0,3.0,60365.0
27.358099731005495,0.0,0.0,0.0,0.0,0.0,0.0,0.0,0.0,0.0,0.0,0.0,0.0,0.0,12694.0,3.0,60372.0,11458.0,3.0,60385.0
27.36270077500376,0.0,0.0,0.0,0.0,0.0,0.0,0.0,0.0,0.0,0.0,0.0,0.0,0.0,12695.0,3.0,60392.0,11459.0,3.0,60405.0
27.388670487998752,0.0,0.0,0.0,0.0,0.0,0.0,0.0,0.0,0.0,0.0,0.0,0.0,0.0,12696.0,3.0,60412.0,11460.0,3.0,60425.0
27.391737038997235,0.0,0.0,0.0,0.0,0.0,0.0,0.0,0.0,0.0,0.0,0.0,0.0,0.0,12697.0,3.0,60432.0,11461.0,3.0,60435.0
27.579195124999387,0.0,0.0,0.0,0.0,0.0,0.0,0.0,0.0,0.0,0.0,0.0,0.0,0.0,12698.0,3.0,60452.0,11462.0,3.0,60465.0
27.57932438699936,0.0,0.0,0.0,0.0,0.0,0.0,0.0,0.0,0.0,0.0,0.0,0.0,0.0,12699.0,3.0,60472.0,11463.0,3.0,60485.0
27.579390394996153,0.0,0.0,0.0,0.0,0.0,0.0,0.0,0.0,0.0,0.0,0.0,0.0,0.0,12700.0,3.0,60492.0,11464.0,3.0,60505.0
27.57946806200198,0.0,0.0,0.0,0.0,0.0,0.0,0.0,0.0,0.0,0.0,0.0,0.0,0.0,12701.0,3.0,60512.0,11465.0,3.0,60525.0
27.57955861100345,0.0,0.0,0.0,0.0,0.0,0.0,0.0,0.0,0.0,0.0,0.0,0.0,0.0,12702.0,3.0,60532.0,11466.0,3.0,60535.0
27.579643450008007,0.0,0.0,0.0,0.0,0.0,0.0,0.0,0.0,0.0,0.0,0.0,0.0,0.0,12703.0,3.0,60552.0,11467.0,3.0,60555.0
27.579720216002897,0.0,0.0,0.0,0.0,0.0,0.0,0.0,0.0,0.0,0.0,0.0,0.0,0.0,12704.0,3.0,60572.0,11468.0,3.0,60585.0
27.579798403996392,0.0,0.0,0.0,0.0,0.0,0.0,0.0,0.0,0.0,0.0,0.0,0.0,0.0,12705.0,3.0,60592.0,11469.0,3.0,60605.0
27.582504053003504,0.0,0.0,0.0,0.0,0.0,0.0,0.0,0.0,0.0,0.0,0.0,0.0,0.0,12706.0,3.0,60612.0,11470.0,3.0,60625.0
27.590831442998024,0.0,0.0,0.0,0.0,0.0,0.0,0.0,0.0,0.0,0.0,0.0,0.0,0.0,12707.0,3.0,60632.0,11471.0,3.0,60634.0
27.621296758006793,0.0,0.0,0.0,0.0,0.0,0.0,0.0,0.0,0.0,0.0,0.0,0.0,0.0,12708.0,3.0,60652.0,11472.0,3.0,60665.0
28.033688014009385,0.0,0.0,0.0,0.0,0.0,0.0,0.0,0.0,0.0,0.0,0.0,0.0,0.0,12709.0,3.0,60672.0,11473.0,3.0,60685.0
28.033913022998604,0.0,0.0,0.0,0.0,0.0,0.0,0.0,0.0,0.0,0.0,0.0,0.0,0.0,12710.0,3.0,60692.0,11474.0,3.0,60705.0
28.03398166500847,0.0,0.0,0.0,0.0,0.0,0.0,0.0,0.0,0.0,0.0,0.0,0.0,0.0,12711.0,3.0,60712.0,11475.0,3.0,60725.0
28.034040091006318,0.0,0.0,0.0,0.0,0.0,0.0,0.0,0.0,0.0,0.0,0.0,0.0,0.0,12712.0,3.0,60732.0,11476.0,3.0,60735.0
28.034095672002877,0.0,0.0,0.0,0.0,0.0,0.0,0.0,0.0,0.0,0.0,0.0,0.0,0.0,12713.0,3.0,60752.0,11477.0,3.0,60765.0
28.03415036200022,0.0,0.0,0.0,0.0,0.0,0.0,0.0,0.0,0.0,0.0,0.0,0.0,0.0,12714.0,3.0,60772.0,11478.0,3.0,60785.0
28.03420737599663,0.0,0.0,0.0,0.0,0.0,0.0,0.0,0.0,0.0,0.0,0.0,0.0,0.0,12715.0,3.0,60792.0,11479.0,3.0,60805.0
28.034262236003997,0.0,0.0,0.0,0.0,0.0,0.0,0.0,0.0,0.0,0.0,0.0,0.0,0.0,12716.0,3.0,60812.0,11480.0,3.0,60825.0
28.03431506200286,0.0,0.0,0.0,0.0,0.0,0.0,0.0,0.0,0.0,0.0,0.0,0.0,0.0,12717.0,3.0,60832.0,11481.0,3.0,60835.0
28.03436798900657,0.0,0.0,0.0,0.0,0.0,0.0,0.0,0.0,0.0,0.0,0.0,0.0,0.0,12718.0,3.0,60852.0,11482.0,3.0,60855.0
28.03442012499727,0.0,0.0,0.0,0.0,0.0,0.0,0.0,0.0,0.0,0.0,0.0,0.0,0.0,12719.0,3.0,60872.0,11483.0,3.0,60885.0
28.03447220000089,0.0,0.0,0.0,0.0,0.0,0.0,0.0,0.0,0.0,0.0,0.0,0.0,0.0,12720.0,3.0,60892.0,11484.0,3.0,60905.0
28.034524475995568,0.0,0.0,0.0,0.0,0.0,0.0,0.0,0.0,0.0,0.0,0.0,0.0,0.0,12721.0,3.0,60912.0,11485.0,3.0,60925.0
28.03457741299644,0.0,0.0,0.0,0.0,0.0,0.0,0.0,0.0,0.0,0.0,0.0,0.0,0.0,12722.0,3.0,60932.0,11486.0,3.0,60935.0
28.034630640002433,0.0,0.0,0.0,0.0,0.0,0.0,0.0,0.0,0.0,0.0,0.0,0.0,0.0,12723.0,3.0,60952.0,11487.0,3.0,60965.0
28.03468145300576,0.0,0.0,0.0,0.0,0.0,0.0,0.0,0.0,0.0,0.0,0.0,0.0,0.0,12724.0,3.0,60972.0,11488.0,3.0,60985.0
28.034734219996608,0.0,0.0,0.0,0.0,0.0,0.0,0.0,0.0,0.0,0.0,0.0,0.0,0.0,12725.0,3.0,60992.0,11489.0,3.0,61005.0
28.034785825002473,0.0,0.0,0.0,0.0,0.0,0.0,0.0,0.0,0.0,0.0,0.0,0.0,0.0,12726.0,3.0,61012.0,11490.0,3.0,61025.0
28.034897157005616,0.0,0.0,0.0,0.0,0.0,0.0,0.0,0.0,0.0,0.0,0.0,0.0,0.0,12727.0,3.0,61032.0,11491.0,3.0,61035.0
28.034978010007762,0.0,0.0,0.0,0.0,0.0,0.0,0.0,0.0,0.0,0.0,0.0,0.0,0.0,12728.0,3.0,61052.0,11492.0,3.0,61065.0
28.041665088996524,0.0,0.0,0.0,0.0,0.0,0.0,0.0,0.0,0.0,0.0,0.0,0.0,0.0,12729.0,3.0,61072.0,11493.0,3.0,61085.0
28.072747978003463,0.0,0.0,0.0,0.0,0.0,0.0,0.0,0.0,0.0,0.0,0.0,0.0,0.0,12730.0,3.0,61092.0,11494.0,3.0,61105.0
28.082151633003377,0.0,0.0,0.0,0.0,0.0,0.0,0.0,0.0,0.0,0.0,0.0,0.0,0.0,12731.0,3.0,61112.0,11495.0,3.0,61125.0
28.091262037996785,0.0,0.0,0.0,0.0,0.0,0.0,0.0,0.0,0.0,0.0,0.0,0.0,0.0,12732.0,3.0,61132.0,11496.0,3.0,61135.0
28.12161716200353,0.0,0.0,0.0,0.0,0.0,0.0,0.0,0.0,0.0,0.0,0.0,0.0,0.0,12733.0,3.0,61152.0,11497.0,3.0,61165.0
28.54188778399839,0.0,0.0,0.0,0.0,0.0,0.0,0.0,0.0,0.0,0.0,0.0,0.0,0.0,12734.0,3.0,61172.0,11498.0,3.0,61185.0
28.54206922100275,0.0,0.0,0.0,0.0,0.0,0.0,0.0,0.0,0.0,0.0,0.0,0.0,0.0,12735.0,3.0,61192.0,11499.0,3.0,61205.0
28.54214705900813,0.0,0.0,0.0,0.0,0.0,0.0,0.0,0.0,0.0,0.0,0.0,0.0,0.0,12736.0,3.0,61212.0,11500.0,3.0,61225.0
28.54222044000926,0.0,0.0,0.0,0.0,0.0,0.0,0.0,0.0,0.0,0.0,0.0,0.0,0.0,12737.0,3.0,61232.0,11501.0,3.0,61235.0
28.542279836998205,0.0,0.0,0.0,0.0,0.0,0.0,0.0,0.0,0.0,0.0,0.0,0.0,0.0,12738.0,3.0,61252.0,11502.0,3.0,61265.0
28.542335578997154,0.0,0.0,0.0,0.0,0.0,0.0,0.0,0.0,0.0,0.0,0.0,0.0,0.0,12739.0,3.0,61272.0,11503.0,3.0,61285.0
28.542401597005664,0.0,0.0,0.0,0.0,0.0,0.0,0.0,0.0,0.0,0.0,0.0,0.0,0.0,12740.0,3.0,61292.0,11504.0,3.0,61305.0
28.54246279700601,0.0,0.0,0.0,0.0,0.0,0.0,0.0,0.0,0.0,0.0,0.0,0.0,0.0,12741.0,3.0,61312.0,11505.0,3.0,61325.0
28.542517227004282,0.0,0.0,0.0,0.0,0.0,0.0,0.0,0.0,0.0,0.0,0.0,0.0,0.0,12742.0,3.0,61332.0,11506.0,3.0,61335.0
28.542587642004946,0.0,0.0,0.0,0.0,0.0,0.0,0.0,0.0,0.0,0.0,0.0,0.0,0.0,12743.0,3.0,61352.0,11507.0,3.0,61365.0
28.542672210998717,0.0,0.0,0.0,0.0,0.0,0.0,0.0,0.0,0.0,0.0,0.0,0.0,0.0,12744.0,3.0,61372.0,11508.0,3.0,61385.0
28.54274962800264,0.0,0.0,0.0,0.0,0.0,0.0,0.0,0.0,0.0,0.0,0.0,0.0,0.0,12745.0,3.0,61392.0,11509.0,3.0,61405.0
28.54282530200726,0.0,0.0,0.0,0.0,0.0,0.0,0.0,0.0,0.0,0.0,0.0,0.0,0.0,12746.0,3.0,61412.0,11510.0,3.0,61425.0
28.542923133005388,0.0,0.0,0.0,0.0,0.0,0.0,0.0,0.0,0.0,0.0,0.0,0.0,0.0,12747.0,3.0,61432.0,11511.0,3.0,61434.0
28.543002492995583,0.0,0.0,0.0,0.0,0.0,0.0,0.0,0.0,0.0,0.0,0.0,0.0,0.0,12748.0,3.0,61452.0,11512.0,3.0,61465.0
28.543089646002045,0.0,0.0,0.0,0.0,0.0,0.0,0.0,0.0,0.0,0.0,0.0,0.0,0.0,12749.0,3.0,61472.0,11513.0,3.0,61485.0
28.543179514002986,0.0,0.0,0.0,0.0,0.0,0.0,0.0,0.0,0.0,0.0,0.0,0.0,0.0,12750.0,3.0,61492.0,11514.0,3.0,61505.0
28.543861853002454,0.0,0.0,0.0,0.0,0.0,0.0,0.0,0.0,0.0,0.0,0.0,0.0,0.0,12751.0,3.0,61512.0,11515.0,3.0,61525.0
28.54391848600062,0.0,0.0,0.0,0.0,0.0,0.0,0.0,0.0,0.0,0.0,0.0,0.0,0.0,12752.0,3.0,61532.0,11516.0,3.0,61535.0
28.543970872007776,0.0,0.0,0.0,0.0,0.0,0.0,0.0,0.0,0.0,0.0,0.0,0.0,0.0,12753.0,3.0,61552.0,11517.0,3.0,61565.0
28.54402892800863,0.0,0.0,0.0,0.0,0.0,0.0,0.0,0.0,0.0,0.0,0.0,0.0,0.0,12754.0,3.0,61572.0,11518.0,3.0,61585.0
28.562382547999732,0.0,0.0,0.0,0.0,0.0,0.0,0.0,0.0,0.0,0.0,0.0,0.0,0.0,12755.0,3.0,61592.0,11519.0,3.0,61605.0
28.586761376005597,0.0,0.0,0.0,0.0,0.0,0.0,0.0,0.0,0.0,0.0,0.0,0.0,0.0,12756.0,3.0,61612.0,11520.0,3.0,61625.0
28.594592989000375,0.0,0.0,0.0,0.0,0.0,0.0,0.0,0.0,0.0,0.0,0.0,0.0,0.0,12757.0,3.0,61632.0,11521.0,3.0,61635.0
28.62210902600782,0.0,0.0,0.0,0.0,0.0,0.0,0.0,0.0,0.0,0.0,0.0,0.0,0.0,12758.0,3.0,61652.0,11522.0,3.0,61665.0
28.64247833400441,0.0,0.0,0.0,0.0,0.0,0.0,0.0,0.0,0.0,0.0,0.0,0.0,0.0,12759.0,3.0,61672.0,11523.0,3.0,61685.0
29.0535376080079,0.0,0.0,0.0,0.0,0.0,0.0,0.0,0.0,0.0,0.0,0.0,0.0,0.0,12760.0,3.0,61692.0,11524.0,3.0,61705.0
29.05375341200852,0.0,0.0,0.0,0.0,0.0,0.0,0.0,0.0,0.0,0.0,0.0,0.0,0.0,12761.0,3.0,61712.0,11525.0,3.0,61725.0
29.053863011999056,0.0,0.0,0.0,0.0,0.0,0.0,0.0,0.0,0.0,0.0,0.0,0.0,0.0,12762.0,3.0,61732.0,11526.0,3.0,61735.0
29.05419828199956,0.0,0.0,0.0,0.0,0.0,0.0,0.0,0.0,0.0,0.0,0.0,0.0,0.0,12763.0,3.0,61752.0,11527.0,3.0,61765.0
29.054301662006765,0.0,0.0,0.0,0.0,0.0,0.0,0.0,0.0,0.0,0.0,0.0,0.0,0.0,12764.0,3.0,61772.0,11528.0,3.0,61785.0
29.054371425998397,0.0,0.0,0.0,0.0,0.0,0.0,0.0,0.0,0.0,0.0,0.0,0.0,0.0,12765.0,3.0,61792.0,11529.0,3.0,61805.0
29.054501259000972,0.0,0.0,0.0,0.0,0.0,0.0,0.0,0.0,0.0,0.0,0.0,0.0,0.0,12766.0,3.0,61812.0,11530.0,3.0,61825.0
29.054609497005004,0.0,0.0,0.0,0.0,0.0,0.0,0.0,0.0,0.0,0.0,0.0,0.0,0.0,12767.0,3.0,61832.0,11531.0,3.0,61835.0
29.05468129500514,0.0,0.0,0.0,0.0,0.0,0.0,0.0,0.0,0.0,0.0,0.0,0.0,0.0,12768.0,3.0,61852.0,11532.0,3.0,61865.0
29.054745540008298,0.0,0.0,0.0,0.0,0.0,0.0,0.0,0.0,0.0,0.0,0.0,0.0,0.0,12769.0,3.0,61872.0,11533.0,3.0,61885.0
29.054814674003865,0.0,0.0,0.0,0.0,0.0,0.0,0.0,0.0,0.0,0.0,0.0,0.0,0.0,12770.0,3.0,61892.0,11534.0,3.0,61905.0
29.068408763007028,0.0,0.0,0.0,0.0,0.0,0.0,0.0,0.0,0.0,0.0,0.0,0.0,0.0,12780.0,3.0,62092.0,11535.0,3.0,62111.0
29.088053803003277,0.0,0.0,0.0,0.0,0.0,0.0,0.0,0.0,0.0,0.0,0.0,0.0,0.0,12781.0,3.0,62113.0,11536.0,3.0,62121.0
29.101686155001516,0.0,0.0,0.0,0.0,0.0,0.0,0.0,0.0,0.0,0.0,0.0,0.0,0.0,12782.0,3.0,62132.0,11537.0,3.0,62145.0
29.121057816009852,0.0,0.0,0.0,0.0,0.0,0.0,0.0,0.0,0.0,0.0,0.0,0.0,0.0,12783.0,3.0,62152.0,11538.0,3.0,62165.0
29.143925825002952,0.0,0.0,0.0,0.0,0.0,0.0,0.0,0.0,0.0,0.0,0.0,0.0,0.0,12784.0,3.0,62172.0,11539.0,3.0,62185.0
29.564572739007417,0.0,0.0,0.0,0.0,0.0,0.0,0.0,0.0,0.0,0.0,0.0,0.0,0.0,12790.0,3.0,62292.0,11545.0,3.0,62305.0
29.56476249100524,0.0,0.0,0.0,0.0,0.0,0.0,0.0,0.0,0.0,0.0,0.0,0.0,0.0,12792.0,3.0,62332.0,11547.0,3.0,62335.0
29.564832806005143,0.0,0.0,0.0,0.0,0.0,0.0,0.0,0.0,0.0,0.0,0.0,0.0,0.0,12793.0,3.0,62352.0,11548.0,3.0,62365.0
29.56489758299722,0.0,0.0,0.0,0.0,0.0,0.0,0.0,0.0,0.0,0.0,0.0,0.0,0.0,12794.0,3.0,62372.0,11549.0,3.0,62385.0
29.56496056600008,0.0,0.0,0.0,0.0,0.0,0.0,0.0,0.0,0.0,0.0,0.0,0.0,0.0,12795.0,3.0,62392.0,11550.0,3.0,62405.0
29.565023368995753,0.0,0.0,0.0,0.0,0.0,0.0,0.0,0.0,0.0,0.0,0.0,0.0,0.0,12796.0,3.0,62412.0,11551.0,3.0,62415.0
29.56508585200936,0.0,0.0,0.0,0.0,0.0,0.0,0.0,0.0,0.0,0.0,0.0,0.0,0.0,12797.0,3.0,62432.0,11552.0,3.0,62445.0
29.565143086001626,0.0,0.0,0.0,0.0,0.0,0.0,0.0,0.0,0.0,0.0,0.0,0.0,0.0,12798.0,3.0,62452.0,11553.0,3.0,62465.0
29.565203495003516,0.0,0.0,0.0,0.0,0.0,0.0,0.0,0.0,0.0,0.0,0.0,0.0,0.0,12799.0,3.0,62472.0,11554.0,3.0,62485.0
29.565261980998912,0.0,0.0,0.0,0.0,0.0,0.0,0.0,0.0,0.0,0.0,0.0,0.0,0.0,12800.0,3.0,62492.0,11555.0,3.0,62505.0
29.56531597900903,0.0,0.0,0.0,0.0,0.0,0.0,0.0,0.0,0.0,0.0,0.0,0.0,0.0,12801.0,3.0,62512.0,11556.0,3.0,62515.0
29.565367835006327,0.0,0.0,0.0,0.0,0.0,0.0,0.0,0.0,0.0,0.0,0.0,0.0,0.0,12802.0,3.0,62532.0,11557.0,3.0,62546.0
29.56541948900849,0.0,0.0,0.0,0.0,0.0,0.0,0.0,0.0,0.0,0.0,0.0,0.0,0.0,12803.0,3.0,62552.0,11558.0,3.0,62554.0
29.565470884001115,0.0,0.0,0.0,0.0,0.0,0.0,0.0,0.0,0.0,0.0,0.0,0.0,0.0,12804.0,3.0,62572.0,11559.0,3.0,62585.0
29.565523780998774,0.0,0.0,0.0,0.0,0.0,0.0,0.0,0.0,0.0,0.0,0.0,0.0,0.0,12805.0,3.0,62592.0,11560.0,3.0,62605.0
29.571420902997488,0.0,0.0,0.0,0.0,0.0,0.0,0.0,0.0,0.0,0.0,0.0,0.0,0.0,12806.0,3.0,62612.0,11561.0,3.0,62614.0
29.601317307009595,0.0,0.0,0.0,0.0,0.0,0.0,0.0,0.0,0.0,0.0,0.0,0.0,0.0,12807.0,3.0,62632.0,11562.0,3.0,62645.0
29.639561007003067,0.0,0.0,0.0,0.0,0.0,0.0,0.0,0.0,0.0,0.0,0.0,0.0,0.0,12809.0,3.0,62672.0,11563.0,3.0,62683.0
29.661613051997847,0.0,0.0,0.0,0.0,0.0,0.0,0.0,0.0,0.0,0.0,0.0,0.0,0.0,12810.0,3.0,62692.0,11564.0,3.0,62705.0
30.072802712005796,0.0,0.0,0.0,0.0,0.0,0.0,0.0,0.0,0.0,0.0,0.0,0.0,0.0,12815.0,3.0,62792.0,11569.0,3.0,62805.0
30.073045971003012,0.0,0.0,0.0,0.0,0.0,0.0,0.0,0.0,0.0,0.0,0.0,0.0,0.0,12818.0,3.0,62852.0,11572.0,3.0,62865.0
30.073126604009303,0.0,0.0,0.0,0.0,0.0,0.0,0.0,0.0,0.0,0.0,0.0,0.0,0.0,12819.0,3.0,62872.0,11573.0,3.0,62885.0
30.073212073999457,0.0,0.0,0.0,0.0,0.0,0.0,0.0,0.0,0.0,0.0,0.0,0.0,0.0,12820.0,3.0,62892.0,11574.0,3.0,62904.0
30.073291243999847,0.0,0.0,0.0,0.0,0.0,0.0,0.0,0.0,0.0,0.0,0.0,0.0,0.0,12821.0,3.0,62912.0,11575.0,3.0,62925.0
30.073350281003513,0.0,0.0,0.0,0.0,0.0,0.0,0.0,0.0,0.0,0.0,0.0,0.0,0.0,12822.0,3.0,62932.0,11576.0,3.0,62935.0
30.07341271400219,0.0,0.0,0.0,0.0,0.0,0.0,0.0,0.0,0.0,0.0,0.0,0.0,0.0,12823.0,3.0,62952.0,11577.0,3.0,62965.0
30.073467253008857,0.0,0.0,0.0,0.0,0.0,0.0,0.0,0.0,0.0,0.0,0.0,0.0,0.0,12824.0,3.0,62972.0,11578.0,3.0,62985.0
30.073523484999896,0.0,0.0,0.0,0.0,0.0,0.0,0.0,0.0,0.0,0.0,0.0,0.0,0.0,12825.0,3.0,62992.0,11579.0,3.0,63005.0
30.073576281996793,0.0,0.0,0.0,0.0,0.0,0.0,0.0,0.0,0.0,0.0,0.0,0.0,0.0,12826.0,3.0,63012.0,11580.0,3.0,63025.0
30.073634597996715,0.0,0.0,0.0,0.0,0.0,0.0,0.0,0.0,0.0,0.0,0.0,0.0,0.0,12827.0,3.0,63032.0,11581.0,3.0,63035.0
30.073701487999642,0.0,0.0,0.0,0.0,0.0,0.0,0.0,0.0,0.0,0.0,0.0,0.0,0.0,12828.0,3.0,63052.0,11582.0,3.0,63065.0
30.073761256004218,0.0,0.0,0.0,0.0,0.0,0.0,0.0,0.0,0.0,0.0,0.0,0.0,0.0,12829.0,3.0,63072.0,11583.0,3.0,63085.0
30.073817668002448,0.0,0.0,0.0,0.0,0.0,0.0,0.0,0.0,0.0,0.0,0.0,0.0,0.0,12830.0,3.0,63092.0,11584.0,3.0,63105.0
30.082682463005767,0.0,0.0,0.0,0.0,0.0,0.0,0.0,0.0,0.0,0.0,0.0,0.0,0.0,12831.0,3.0,63112.0,11585.0,3.0,63125.0
30.091402460006066,0.0,0.0,0.0,0.0,0.0,0.0,0.0,0.0,0.0,0.0,0.0,0.0,0.0,12832.0,3.0,63132.0,11586.0,3.0,63135.0
30.122464328000206,0.0,0.0,0.0,0.0,0.0,0.0,0.0,0.0,0.0,0.0,0.0,0.0,0.0,12833.0,3.0,63152.0,11587.0,3.0,63165.0
30.14125671100919,0.0,0.0,0.0,0.0,0.0,0.0,0.0,0.0,0.0,0.0,0.0,0.0,0.0,12834.0,3.0,63172.0,11588.0,3.0,63185.0
30.161194896005327,0.0,0.0,0.0,0.0,0.0,0.0,0.0,0.0,0.0,0.0,0.0,0.0,0.0,12835.0,3.0,63192.0,11589.0,3.0,63205.0
30.582570537997526,0.0,0.0,0.0,0.0,0.0,0.0,0.0,0.0,0.0,0.0,0.0,0.0,0.0,12836.0,3.0,63212.0,11590.0,3.0,63225.0
30.582743973005563,0.0,0.0,0.0,0.0,0.0,0.0,0.0,0.0,0.0,0.0,0.0,0.0,0.0,12837.0,3.0,63232.0,11591.0,3.0,63235.0
30.58281647200056,0.0,0.0,0.0,0.0,0.0,0.0,0.0,0.0,0.0,0.0,0.0,0.0,0.0,12838.0,3.0,63252.0,11592.0,3.0,63265.0
30.58287979599845,0.0,0.0,0.0,0.0,0.0,0.0,0.0,0.0,0.0,0.0,0.0,0.0,0.0,12839.0,3.0,63272.0,11593.0,3.0,63285.0
30.582937109997147,0.0,0.0,0.0,0.0,0.0,0.0,0.0,0.0,0.0,0.0,0.0,0.0,0.0,12840.0,3.0,63292.0,11594.0,3.0,63305.0
30.582997339006397,0.0,0.0,0.0,0.0,0.0,0.0,0.0,0.0,0.0,0.0,0.0,0.0,0.0,12841.0,3.0,63312.0,11595.0,3.0,63325.0
30.583056346004014,0.0,0.0,0.0,0.0,0.0,0.0,0.0,0.0,0.0,0.0,0.0,0.0,0.0,12842.0,3.0,63332.0,11596.0,3.0,63335.0
30.583118638998712,0.0,0.0,0.0,0.0,0.0,0.0,0.0,0.0,0.0,0.0,0.0,0.0,0.0,12843.0,3.0,63352.0,11597.0,3.0,63355.0
30.583185829003924,0.0,0.0,0.0,0.0,0.0,0.0,0.0,0.0,0.0,0.0,0.0,0.0,0.0,12844.0,3.0,63372.0,11598.0,3.0,63385.0
30.58324384399748,0.0,0.0,0.0,0.0,0.0,0.0,0.0,0.0,0.0,0.0,0.0,0.0,0.0,12845.0,3.0,63392.0,11599.0,3.0,63405.0
30.583297602002858,0.0,0.0,0.0,0.0,0.0,0.0,0.0,0.0,0.0,0.0,0.0,0.0,0.0,12846.0,3.0,63412.0,11600.0,3.0,63425.0
30.583351761000813,0.0,0.0,0.0,0.0,0.0,0.0,0.0,0.0,0.0,0.0,0.0,0.0,0.0,12847.0,3.0,63432.0,11601.0,3.0,63435.0
30.5834047679964,0.0,0.0,0.0,0.0,0.0,0.0,0.0,0.0,0.0,0.0,0.0,0.0,0.0,12848.0,3.0,63452.0,11602.0,3.0,63465.0
30.58345925800677,0.0,0.0,0.0,0.0,0.0,0.0,0.0,0.0,0.0,0.0,0.0,0.0,0.0,12849.0,3.0,63472.0,11603.0,3.0,63485.0
30.58354309599963,0.0,0.0,0.0,0.0,0.0,0.0,0.0,0.0,0.0,0.0,0.0,0.0,0.0,12850.0,3.0,63492.0,11604.0,3.0,63505.0
30.583623888000147,0.0,0.0,0.0,0.0,0.0,0.0,0.0,0.0,0.0,0.0,0.0,0.0,0.0,12851.0,3.0,63512.0,11605.0,3.0,63525.0
30.583723953008302,0.0,0.0,0.0,0.0,0.0,0.0,0.0,0.0,0.0,0.0,0.0,0.0,0.0,12852.0,3.0,63532.0,11606.0,3.0,63536.0
30.583952007000335,0.0,0.0,0.0,0.0,0.0,0.0,0.0,0.0,0.0,0.0,0.0,0.0,0.0,12853.0,3.0,63552.0,11607.0,3.0,63555.0
30.584039189998293,0.0,0.0,0.0,0.0,0.0,0.0,0.0,0.0,0.0,0.0,0.0,0.0,0.0,12854.0,3.0,63572.0,11608.0,3.0,63575.0
30.58411701800651,0.0,0.0,0.0,0.0,0.0,0.0,0.0,0.0,0.0,0.0,0.0,0.0,0.0,12855.0,3.0,63592.0,11609.0,3.0,63605.0
30.584349771001143,0.0,0.0,0.0,0.0,0.0,0.0,0.0,0.0,0.0,0.0,0.0,0.0,0.0,12856.0,3.0,63612.0,11610.0,3.0,63626.0
30.591209448000882,0.0,0.0,0.0,0.0,0.0,0.0,0.0,0.0,0.0,0.0,0.0,0.0,0.0,12857.0,3.0,63632.0,11611.0,3.0,63636.0
30.61454255299759,0.0,0.0,0.0,0.0,0.0,0.0,0.0,0.0,0.0,0.0,0.0,0.0,0.0,12858.0,3.0,63652.0,11612.0,3.0,63655.0
30.641756872995757,0.0,0.0,0.0,0.0,0.0,0.0,0.0,0.0,0.0,0.0,0.0,0.0,0.0,12859.0,3.0,63672.0,11613.0,3.0,63685.0
30.661558919004165,0.0,0.0,0.0,0.0,0.0,0.0,0.0,0.0,0.0,0.0,0.0,0.0,0.0,12860.0,3.0,63692.0,11614.0,3.0,63705.0
30.68219914099609,0.0,0.0,0.0,0.0,0.0,0.0,0.0,0.0,0.0,0.0,0.0,0.0,0.0,12861.0,3.0,63712.0,11615.0,3.0,63725.0
31.09369494400744,0.0,0.0,0.0,0.0,0.0,0.0,0.0,0.0,0.0,0.0,0.0,0.0,0.0,12862.0,3.0,63732.0,11616.0,3.0,63735.0
31.093893451004988,0.0,0.0,0.0,0.0,0.0,0.0,0.0,0.0,0.0,0.0,0.0,0.0,0.0,12863.0,3.0,63752.0,11617.0,3.0,63765.0
31.09399959500297,0.0,0.0,0.0,0.0,0.0,0.0,0.0,0.0,0.0,0.0,0.0,0.0,0.0,12864.0,3.0,63772.0,11618.0,3.0,63785.0
31.094101000999217,0.0,0.0,0.0,0.0,0.0,0.0,0.0,0.0,0.0,0.0,0.0,0.0,0.0,12865.0,3.0,63792.0,11619.0,3.0,63805.0
31.09416461600631,0.0,0.0,0.0,0.0,0.0,0.0,0.0,0.0,0.0,0.0,0.0,0.0,0.0,12866.0,3.0,63812.0,11620.0,3.0,63825.0
31.09423412999604,0.0,0.0,0.0,0.0,0.0,0.0,0.0,0.0,0.0,0.0,0.0,0.0,0.0,12867.0,3.0,63832.0,11621.0,3.0,63834.0
31.09428945100808,0.0,0.0,0.0,0.0,0.0,0.0,0.0,0.0,0.0,0.0,0.0,0.0,0.0,12868.0,3.0,63852.0,11622.0,3.0,63865.0
31.09436541600735,0.0,0.0,0.0,0.0,0.0,0.0,0.0,0.0,0.0,0.0,0.0,0.0,0.0,12869.0,3.0,63872.0,11623.0,3.0,63885.0
31.094424082009937,0.0,0.0,0.0,0.0,0.0,0.0,0.0,0.0,0.0,0.0,0.0,0.0,0.0,12870.0,3.0,63892.0,11624.0,3.0,63905.0
31.09447801100032,0.0,0.0,0.0,0.0,0.0,0.0,0.0,0.0,0.0,0.0,0.0,0.0,0.0,12881.0,3.0,64112.0,11625.0,3.0,64117.0
31.10087019999628,0.0,0.0,0.0,0.0,0.0,0.0,0.0,0.0,0.0,0.0,0.0,0.0,0.0,12882.0,3.0,64132.0,11626.0,3.0,64145.0
31.121735091001028,0.0,0.0,0.0,0.0,0.0,0.0,0.0,0.0,0.0,0.0,0.0,0.0,0.0,12883.0,3.0,64152.0,11627.0,3.0,64165.0
31.144907312002033,0.0,0.0,0.0,0.0,0.0,0.0,0.0,0.0,0.0,0.0,0.0,0.0,0.0,12884.0,3.0,64172.0,11628.0,3.0,64185.0
31.161452348009334,0.0,0.0,0.0,0.0,0.0,0.0,0.0,0.0,0.0,0.0,0.0,0.0,0.0,12885.0,3.0,64192.0,11629.0,3.0,64205.0
31.182353399010026,0.0,0.0,0.0,0.0,0.0,0.0,0.0,0.0,0.0,0.0,0.0,0.0,0.0,12886.0,3.0,64212.0,11630.0,3.0,64224.0
31.19274978499743,0.0,0.0,0.0,0.0,0.0,0.0,0.0,0.0,0.0,0.0,0.0,0.0,0.0,12887.0,3.0,64232.0,11631.0,3.0,64234.0
31.60217044199817,0.0,0.0,0.0,0.0,0.0,0.0,0.0,0.0,0.0,0.0,0.0,0.0,0.0,12888.0,3.0,64252.0,11632.0,3.0,64265.0
31.60238467399904,0.0,0.0,0.0,0.0,0.0,0.0,0.0,0.0,0.0,0.0,0.0,0.0,0.0,12889.0,3.0,64272.0,11633.0,3.0,64285.0
31.602472398008103,0.0,0.0,0.0,0.0,0.0,0.0,0.0,0.0,0.0,0.0,0.0,0.0,0.0,12890.0,3.0,64292.0,11634.0,3.0,64305.0
31.602541001004283,0.0,0.0,0.0,0.0,0.0,0.0,0.0,0.0,0.0,0.0,0.0,0.0,0.0,12891.0,3.0,64312.0,11635.0,3.0,64325.0
31.602605407009833,0.0,0.0,0.0,0.0,0.0,0.0,0.0,0.0,0.0,0.0,0.0,0.0,0.0,12892.0,3.0,64332.0,11636.0,3.0,64336.0
31.60267054400174,0.0,0.0,0.0,0.0,0.0,0.0,0.0,0.0,0.0,0.0,0.0,0.0,0.0,12893.0,3.0,64352.0,11637.0,3.0,64355.0
31.60273599100765,0.0,0.0,0.0,0.0,0.0,0.0,0.0,0.0,0.0,0.0,0.0,0.0,0.0,12894.0,3.0,64372.0,11638.0,3.0,64385.0
31.602800546999788,0.0,0.0,0.0,0.0,0.0,0.0,0.0,0.0,0.0,0.0,0.0,0.0,0.0,12895.0,3.0,64392.0,11639.0,3.0,64405.0
31.60286206800083,0.0,0.0,0.0,0.0,0.0,0.0,0.0,0.0,0.0,0.0,0.0,0.0,0.0,12896.0,3.0,64412.0,11640.0,3.0,64425.0
31.602927847008687,0.0,0.0,0.0,0.0,0.0,0.0,0.0,0.0,0.0,0.0,0.0,0.0,0.0,12897.0,3.0,64432.0,11641.0,3.0,64436.0
31.602986252008122,0.0,0.0,0.0,0.0,0.0,0.0,0.0,0.0,0.0,0.0,0.0,0.0,0.0,12898.0,3.0,64452.0,11642.0,3.0,64455.0
31.60304304600868,0.0,0.0,0.0,0.0,0.0,0.0,0.0,0.0,0.0,0.0,0.0,0.0,0.0,12899.0,3.0,64472.0,11643.0,3.0,64485.0
31.603103625006042,0.0,0.0,0.0,0.0,0.0,0.0,0.0,0.0,0.0,0.0,0.0,0.0,0.0,12900.0,3.0,64492.0,11644.0,3.0,64505.0
31.603167339999345,0.0,0.0,0.0,0.0,0.0,0.0,0.0,0.0,0.0,0.0,0.0,0.0,0.0,12901.0,3.0,64512.0,11645.0,3.0,64525.0
31.603231865999987,0.0,0.0,0.0,0.0,0.0,0.0,0.0,0.0,0.0,0.0,0.0,0.0,0.0,12902.0,3.0,64532.0,11646.0,3.0,64536.0
31.603296372006298,0.0,0.0,0.0,0.0,0.0,0.0,0.0,0.0,0.0,0.0,0.0,0.0,0.0,12903.0,3.0,64552.0,11647.0,3.0,64555.0
31.603352393998648,0.0,0.0,0.0,0.0,0.0,0.0,0.0,0.0,0.0,0.0,0.0,0.0,0.0,12904.0,3.0,64572.0,11648.0,3.0,64575.0
31.603404720008257,0.0,0.0,0.0,0.0,0.0,0.0,0.0,0.0,0.0,0.0,0.0,0.0,0.0,12905.0,3.0,64592.0,11649.0,3.0,64595.0
31.603511424997123,0.0,0.0,0.0,0.0,0.0,0.0,0.0,0.0,0.0,0.0,0.0,0.0,0.0,12906.0,3.0,64612.0,11650.0,3.0,64625.0
31.60359912000422,0.0,0.0,0.0,0.0,0.0,0.0,0.0,0.0,0.0,0.0,0.0,0.0,0.0,12907.0,3.0,64632.0,11651.0,3.0,64635.0
31.611221825005487,0.0,0.0,0.0,0.0,0.0,0.0,0.0,0.0,0.0,0.0,0.0,0.0,0.0,12908.0,3.0,64652.0,11652.0,3.0,64655.0
31.64275635400554,0.0,0.0,0.0,0.0,0.0,0.0,0.0,0.0,0.0,0.0,0.0,0.0,0.0,12909.0,3.0,64672.0,11653.0,3.0,64685.0
31.66066749600577,0.0,0.0,0.0,0.0,0.0,0.0,0.0,0.0,0.0,0.0,0.0,0.0,0.0,12910.0,3.0,64692.0,11654.0,3.0,64705.0
31.680642439998337,0.0,0.0,0.0,0.0,0.0,0.0,0.0,0.0,0.0,0.0,0.0,0.0,0.0,12911.0,3.0,64712.0,11655.0,3.0,64725.0
31.697082594997482,0.0,0.0,0.0,0.0,0.0,0.0,0.0,0.0,0.0,0.0,0.0,0.0,0.0,12912.0,3.0,64732.0,11656.0,3.0,64735.0
32.11599612800637,0.0,0.0,0.0,0.0,0.0,0.0,0.0,0.0,0.0,0.0,0.0,0.0,0.0,12915.0,3.0,64792.0,11659.0,3.0,64805.0
32.11619369199616,0.0,0.0,0.0,0.0,0.0,0.0,0.0,0.0,0.0,0.0,0.0,0.0,0.0,12923.0,3.0,64952.0,11667.0,3.0,64955.0
32.11626715300372,0.0,0.0,0.0,0.0,0.0,0.0,0.0,0.0,0.0,0.0,0.0,0.0,0.0,12924.0,3.0,64972.0,11668.0,3.0,64985.0
32.116325688999495,0.0,0.0,0.0,0.0,0.0,0.0,0.0,0.0,0.0,0.0,0.0,0.0,0.0,12925.0,3.0,64992.0,11669.0,3.0,65005.0
32.11638054900686,0.0,0.0,0.0,0.0,0.0,0.0,0.0,0.0,0.0,0.0,0.0,0.0,0.0,12926.0,3.0,65012.0,11670.0,3.0,65025.0
32.116435939999064,0.0,0.0,0.0,0.0,0.0,0.0,0.0,0.0,0.0,0.0,0.0,0.0,0.0,12927.0,3.0,65032.0,11671.0,3.0,65035.0
32.11648939800216,0.0,0.0,0.0,0.0,0.0,0.0,0.0,0.0,0.0,0.0,0.0,0.0,0.0,12928.0,3.0,65052.0,11672.0,3.0,65065.0
32.11654236500908,0.0,0.0,0.0,0.0,0.0,0.0,0.0,0.0,0.0,0.0,0.0,0.0,0.0,12929.0,3.0,65072.0,11673.0,3.0,65085.0
32.11659417000192,0.0,0.0,0.0,0.0,0.0,0.0,0.0,0.0,0.0,0.0,0.0,0.0,0.0,12930.0,3.0,65092.0,11674.0,3.0,65105.0
32.116645083995536,0.0,0.0,0.0,0.0,0.0,0.0,0.0,0.0,0.0,0.0,0.0,0.0,0.0,12931.0,3.0,65112.0,11675.0,3.0,65125.0
32.11669717000041,0.0,0.0,0.0,0.0,0.0,0.0,0.0,0.0,0.0,0.0,0.0,0.0,0.0,12932.0,3.0,65132.0,11676.0,3.0,65135.0
32.122301798997796,0.0,0.0,0.0,0.0,0.0,0.0,0.0,0.0,0.0,0.0,0.0,0.0,0.0,12933.0,3.0,65152.0,11677.0,3.0,65165.0
32.14225699999952,0.0,0.0,0.0,0.0,0.0,0.0,0.0,0.0,0.0,0.0,0.0,0.0,0.0,12934.0,3.0,65172.0,11678.0,3.0,65185.0
32.16146681700775,0.0,0.0,0.0,0.0,0.0,0.0,0.0,0.0,0.0,0.0,0.0,0.0,0.0,12935.0,3.0,65192.0,11679.0,3.0,65205.0
32.18087566000759,0.0,0.0,0.0,0.0,0.0,0.0,0.0,0.0,0.0,0.0,0.0,0.0,0.0,12936.0,3.0,65212.0,11680.0,3.0,65225.0
32.19251887200517,0.0,0.0,0.0,0.0,0.0,0.0,0.0,0.0,0.0,0.0,0.0,0.0,0.0,12937.0,3.0,65232.0,11681.0,3.0,65235.0
32.62970531200699,0.0,0.0,0.0,0.0,0.0,0.0,0.0,0.0,0.0,0.0,0.0,0.0,0.0,12938.0,3.0,65252.0,11682.0,3.0,65265.0
32.6298971070064,0.0,0.0,0.0,0.0,0.0,0.0,0.0,0.0,0.0,0.0,0.0,0.0,0.0,12939.0,3.0,65272.0,11683.0,3.0,65285.0
32.62998129600601,0.0,0.0,0.0,0.0,0.0,0.0,0.0,0.0,0.0,0.0,0.0,0.0,0.0,12940.0,3.0,65292.0,11684.0,3.0,65305.0
32.63005244299711,0.0,0.0,0.0,0.0,0.0,0.0,0.0,0.0,0.0,0.0,0.0,0.0,0.0,12941.0,3.0,65312.0,11685.0,3.0,65325.0
32.630120123998495,0.0,0.0,0.0,0.0,0.0,0.0,0.0,0.0,0.0,0.0,0.0,0.0,0.0,12942.0,3.0,65332.0,11686.0,3.0,65335.0
32.63020366099954,0.0,0.0,0.0,0.0,0.0,0.0,0.0,0.0,0.0,0.0,0.0,0.0,0.0,12943.0,3.0,65352.0,11687.0,3.0,65355.0
32.630270772002405,0.0,0.0,0.0,0.0,0.0,0.0,0.0,0.0,0.0,0.0,0.0,0.0,0.0,12944.0,3.0,65372.0,11688.0,3.0,65375.0
32.63033505700878,0.0,0.0,0.0,0.0,0.0,0.0,0.0,0.0,0.0,0.0,0.0,0.0,0.0,12945.0,3.0,65392.0,11689.0,3.0,65395.0
32.63039766000293,0.0,0.0,0.0,0.0,0.0,0.0,0.0,0.0,0.0,0.0,0.0,0.0,0.0,12946.0,3.0,65412.0,11690.0,3.0,65425.0
32.630458490006276,0.0,0.0,0.0,0.0,0.0,0.0,0.0,0.0,0.0,0.0,0.0,0.0,0.0,12947.0,3.0,65432.0,11691.0,3.0,65435.0
32.63052027199592,0.0,0.0,0.0,0.0,0.0,0.0,0.0,0.0,0.0,0.0,0.0,0.0,0.0,12948.0,3.0,65452.0,11692.0,3.0,65464.0
32.630585097998846,0.0,0.0,0.0,0.0,0.0,0.0,0.0,0.0,0.0,0.0,0.0,0.0,0.0,12949.0,3.0,65472.0,11693.0,3.0,65485.0
32.63065494300099,0.0,0.0,0.0,0.0,0.0,0.0,0.0,0.0,0.0,0.0,0.0,0.0,0.0,12950.0,3.0,65492.0,11694.0,3.0,65505.0
32.630729876007535,0.0,0.0,0.0,0.0,0.0,0.0,0.0,0.0,0.0,0.0,0.0,0.0,0.0,12951.0,3.0,65512.0,11695.0,3.0,65525.0
32.630794903001515,0.0,0.0,0.0,0.0,0.0,0.0,0.0,0.0,0.0,0.0,0.0,0.0,0.0,12952.0,3.0,65532.0,11696.0,3.0,65535.0
32.6308562339982,0.0,0.0,0.0,0.0,0.0,0.0,0.0,0.0,0.0,0.0,0.0,0.0,0.0,12953.0,4.0,16.0,11697.0,4.0,19.0
32.63095169099688,0.0,0.0,0.0,0.0,0.0,0.0,0.0,0.0,0.0,0.0,0.0,0.0,0.0,12954.0,4.0,36.0,11698.0,4.0,39.0
32.631172103996505,0.0,0.0,0.0,0.0,0.0,0.0,0.0,0.0,0.0,0.0,0.0,0.0,0.0,12955.0,4.0,56.0,11699.0,4.0,69.0
32.63127508299658,0.0,0.0,0.0,0.0,0.0,0.0,0.0,0.0,0.0,0.0,0.0,0.0,0.0,12956.0,4.0,76.0,11700.0,4.0,89.0
32.63136441000097,0.0,0.0,0.0,0.0,0.0,0.0,0.0,0.0,0.0,0.0,0.0,0.0,0.0,12957.0,4.0,97.0,11701.0,4.0,98.0
32.63143710899749,0.0,0.0,0.0,0.0,0.0,0.0,0.0,0.0,0.0,0.0,0.0,0.0,0.0,12958.0,4.0,116.0,11702.0,4.0,129.0
32.64097886500531,0.0,0.0,0.0,0.0,0.0,0.0,0.0,0.0,0.0,0.0,0.0,0.0,0.0,12959.0,4.0,136.0,11703.0,4.0,149.0
32.66253824700834,0.0,0.0,0.0,0.0,0.0,0.0,0.0,0.0,0.0,0.0,0.0,0.0,0.0,12960.0,4.0,156.0,11704.0,4.0,169.0
32.69183624100697,0.0,0.0,0.0,0.0,0.0,0.0,0.0,0.0,0.0,0.0,0.0,0.0,0.0,12961.0,4.0,176.0,11705.0,4.0,189.0
32.69193221900787,0.0,0.0,0.0,0.0,0.0,0.0,0.0,0.0,0.0,0.0,0.0,0.0,0.0,12962.0,4.0,196.0,11706.0,4.0,199.0
32.72114974100259,0.0,0.0,0.0,0.0,0.0,0.0,0.0,0.0,0.0,0.0,0.0,0.0,0.0,12963.0,4.0,216.0,11707.0,4.0,229.0
32.741088117996696,0.0,0.0,0.0,0.0,0.0,0.0,0.0,0.0,0.0,0.0,0.0,0.0,0.0,12964.0,4.0,236.0,11708.0,4.0,249.0
32.76254907900875,0.0,0.0,0.0,0.0,0.0,0.0,0.0,0.0,0.0,0.0,0.0,0.0,0.0,12965.0,4.0,256.0,11709.0,4.0,269.0
32.78200423200906,0.0,0.0,0.0,0.0,0.0,0.0,0.0,0.0,0.0,0.0,0.0,0.0,0.0,12966.0,4.0,276.0,11710.0,4.0,289.0
32.791670902995975,0.0,0.0,0.0,0.0,0.0,0.0,0.0,0.0,0.0,0.0,0.0,0.0,0.0,12967.0,4.0,296.0,11711.0,4.0,299.0
32.82074998700409,0.0,0.0,0.0,0.0,0.0,0.0,0.0,0.0,0.0,0.0,0.0,0.0,0.0,12968.0,4.0,316.0,11712.0,4.0,329.0
32.840508740002406,0.0,0.0,0.0,0.0,0.0,0.0,0.0,0.0,0.0,0.0,0.0,0.0,0.0,12969.0,4.0,336.0,11713.0,4.0,349.0
32.86087531100202,0.0,0.0,0.0,0.0,0.0,0.0,0.0,0.0,0.0,0.0,0.0,0.0,0.0,12970.0,4.0,356.0,11714.0,4.0,369.0
32.87592209700961,0.0,0.0,0.0,0.0,0.0,0.0,0.0,0.0,0.0,0.0,0.0,0.0,0.0,12971.0,4.0,376.0,11715.0,4.0,385.0
32.99215073900996,0.0,0.0,0.0,0.0,0.0,0.0,0.0,0.0,0.0,0.0,0.0,0.0,0.0,12972.0,4.0,396.0,11716.0,4.0,409.0
32.99231812400103,0.0,0.0,0.0,0.0,0.0,0.0,0.0,0.0,0.0,0.0,0.0,0.0,0.0,12973.0,4.0,416.0,11717.0,4.0,429.0
32.992383792006876,0.0,0.0,0.0,0.0,0.0,0.0,0.0,0.0,0.0,0.0,0.0,0.0,0.0,12974.0,4.0,436.0,11718.0,4.0,449.0
32.992442508999375,0.0,0.0,0.0,0.0,0.0,0.0,0.0,0.0,0.0,0.0,0.0,0.0,0.0,12975.0,4.0,456.0,11719.0,4.0,469.0
32.99249784000858,0.0,0.0,0.0,0.0,0.0,0.0,0.0,0.0,0.0,0.0,0.0,0.0,0.0,12976.0,4.0,476.0,11720.0,4.0,489.0
32.99255219900806,0.0,0.0,0.0,0.0,0.0,0.0,0.0,0.0,0.0,0.0,0.0,0.0,0.0,12977.0,4.0,496.0,11721.0,4.0,499.0
33.0205977440055,0.0,0.0,0.0,0.0,0.0,0.0,0.0,0.0,0.0,0.0,0.0,0.0,0.0,12978.0,4.0,516.0,11722.0,4.0,529.0
33.04194320499664,0.0,0.0,0.0,0.0,0.0,0.0,0.0,0.0,0.0,0.0,0.0,0.0,0.0,12979.0,4.0,536.0,11723.0,4.0,549.0
33.06145114499668,0.0,0.0,0.0,0.0,0.0,0.0,0.0,0.0,0.0,0.0,0.0,0.0,0.0,12980.0,4.0,556.0,11724.0,4.0,569.0
33.080397862009704,0.0,0.0,0.0,0.0,0.0,0.0,0.0,0.0,0.0,0.0,0.0,0.0,0.0,12981.0,4.0,576.0,11725.0,4.0,589.0
33.21812129000318,0.0,0.0,0.0,0.0,0.0,0.0,0.0,0.0,0.0,0.0,0.0,0.0,0.0,12982.0,4.0,596.0,11726.0,4.0,599.0
33.21850310800073,0.0,0.0,0.0,0.0,0.0,0.0,0.0,0.0,0.0,0.0,0.0,0.0,0.0,12983.0,4.0,616.0,11727.0,4.0,629.0
33.218568836004124,0.0,0.0,0.0,0.0,0.0,0.0,0.0,0.0,0.0,0.0,0.0,0.0,0.0,12984.0,4.0,636.0,11728.0,4.0,649.0
33.21862494800007,0.0,0.0,0.0,0.0,0.0,0.0,0.0,0.0,0.0,0.0,0.0,0.0,0.0,12985.0,4.0,656.0,11729.0,4.0,669.0
33.21867935800401,0.0,0.0,0.0,0.0,0.0,0.0,0.0,0.0,0.0,0.0,0.0,0.0,0.0,12986.0,4.0,676.0,11730.0,4.0,688.0
33.21873386700463,0.0,0.0,0.0,0.0,0.0,0.0,0.0,0.0,0.0,0.0,0.0,0.0,0.0,12987.0,4.0,696.0,11731.0,4.0,698.0
33.22055346900015,0.0,0.0,0.0,0.0,0.0,0.0,0.0,0.0,0.0,0.0,0.0,0.0,0.0,12988.0,4.0,716.0,11732.0,4.0,729.0
33.241510970998206,0.0,0.0,0.0,0.0,0.0,0.0,0.0,0.0,0.0,0.0,0.0,0.0,0.0,12989.0,4.0,736.0,11733.0,4.0,749.0
33.26169047500298,0.0,0.0,0.0,0.0,0.0,0.0,0.0,0.0,0.0,0.0,0.0,0.0,0.0,12990.0,4.0,756.0,11734.0,4.0,769.0
33.28594262400293,0.0,0.0,0.0,0.0,0.0,0.0,0.0,0.0,0.0,0.0,0.0,0.0,0.0,12991.0,4.0,776.0,11735.0,4.0,789.0
33.28984402799688,0.0,0.0,0.0,0.0,0.0,0.0,0.0,0.0,0.0,0.0,0.0,0.0,0.0,12992.0,4.0,796.0,11736.0,4.0,798.0
33.43366225800128,0.0,0.0,0.0,0.0,0.0,0.0,0.0,0.0,0.0,0.0,0.0,0.0,0.0,12993.0,4.0,816.0,11737.0,4.0,829.0
33.43392811600643,0.0,0.0,0.0,0.0,0.0,0.0,0.0,0.0,0.0,0.0,0.0,0.0,0.0,12994.0,4.0,836.0,11738.0,4.0,849.0
33.433998310996685,0.0,0.0,0.0,0.0,0.0,0.0,0.0,0.0,0.0,0.0,0.0,0.0,0.0,12995.0,4.0,856.0,11739.0,4.0,869.0
33.43406028300524,0.0,0.0,0.0,0.0,0.0,0.0,0.0,0.0,0.0,0.0,0.0,0.0,0.0,12996.0,4.0,876.0,11740.0,4.0,889.0
33.43411567399744,0.0,0.0,0.0,0.0,0.0,0.0,0.0,0.0,0.0,0.0,0.0,0.0,0.0,12997.0,4.0,896.0,11741.0,4.0,899.0
33.43417024399969,0.0,0.0,0.0,0.0,0.0,0.0,0.0,0.0,0.0,0.0,0.0,0.0,0.0,12998.0,4.0,916.0,11742.0,4.0,929.0
33.4437768630014,0.0,0.0,0.0,0.0,0.0,0.0,0.0,0.0,0.0,0.0,0.0,0.0,0.0,12999.0,4.0,936.0,11743.0,4.0,949.0
33.46042669600865,0.0,0.0,0.0,0.0,0.0,0.0,0.0,0.0,0.0,0.0,0.0,0.0,0.0,13000.0,4.0,956.0,11744.0,4.0,969.0
33.48147873900598,0.0,0.0,0.0,0.0,0.0,0.0,0.0,0.0,0.0,0.0,0.0,0.0,0.0,13001.0,4.0,976.0,11745.0,4.0,989.0
33.490875162999146,0.0,0.0,0.0,0.0,0.0,0.0,0.0,0.0,0.0,0.0,0.0,0.0,0.0,13002.0,4.0,997.0,11746.0,4.0,998.0
33.5207397990016,0.0,0.0,0.0,0.0,0.0,0.0,0.0,0.0,0.0,0.0,0.0,0.0,0.0,13003.0,4.0,1016.0,11747.0,4.0,1029.0
33.65245356000378,0.0,0.0,0.0,0.0,0.0,0.0,0.0,0.0,0.0,0.0,0.0,0.0,0.0,13004.0,4.0,1036.0,11748.0,4.0,1049.0
33.65287692700804,0.0,0.0,0.0,0.0,0.0,0.0,0.0,0.0,0.0,0.0,0.0,0.0,0.0,13005.0,4.0,1056.0,11749.0,4.0,1069.0
33.65314136199595,0.0,0.0,0.0,0.0,0.0,0.0,0.0,0.0,0.0,0.0,0.0,0.0,0.0,13006.0,4.0,1076.0,11750.0,4.0,1089.0
33.65329921100056,0.0,0.0,0.0,0.0,0.0,0.0,0.0,0.0,0.0,0.0,0.0,0.0,0.0,13007.0,4.0,1096.0,11751.0,4.0,1098.0
33.65335713600507,0.0,0.0,0.0,0.0,0.0,0.0,0.0,0.0,0.0,0.0,0.0,0.0,0.0,13008.0,4.0,1116.0,11752.0,4.0,1129.0
33.65341188599996,0.0,0.0,0.0,0.0,0.0,0.0,0.0,0.0,0.0,0.0,0.0,0.0,0.0,13009.0,4.0,1136.0,11753.0,4.0,1149.0
33.66021884100337,0.0,0.0,0.0,0.0,0.0,0.0,0.0,0.0,0.0,0.0,0.0,0.0,0.0,13010.0,4.0,1156.0,11754.0,4.0,1169.0
33.68123569599993,0.0,0.0,0.0,0.0,0.0,0.0,0.0,0.0,0.0,0.0,0.0,0.0,0.0,13011.0,4.0,1176.0,11755.0,4.0,1189.0
33.70527589399717,0.0,0.0,0.0,0.0,0.0,0.0,0.0,0.0,0.0,0.0,0.0,0.0,0.0,13012.0,4.0,1196.0,11756.0,4.0,1199.0
33.72020734100079,0.0,0.0,0.0,0.0,0.0,0.0,0.0,0.0,0.0,0.0,0.0,0.0,0.0,13013.0,4.0,1216.0,11757.0,4.0,1229.0
33.74071766300767,0.0,0.0,0.0,0.0,0.0,0.0,0.0,0.0,0.0,0.0,0.0,0.0,0.0,13014.0,4.0,1236.0,11758.0,4.0,1249.0
33.87562139000511,0.0,0.0,0.0,0.0,0.0,0.0,0.0,0.0,0.0,0.0,0.0,0.0,0.0,13015.0,4.0,1256.0,11759.0,4.0,1269.0
33.87574827900971,0.0,0.0,0.0,0.0,0.0,0.0,0.0,0.0,0.0,0.0,0.0,0.0,0.0,13016.0,4.0,1276.0,11760.0,4.0,1289.0
33.8758140370046,0.0,0.0,0.0,0.0,0.0,0.0,0.0,0.0,0.0,0.0,0.0,0.0,0.0,13017.0,4.0,1296.0,11761.0,4.0,1299.0
33.875873575001606,0.0,0.0,0.0,0.0,0.0,0.0,0.0,0.0,0.0,0.0,0.0,0.0,0.0,13018.0,4.0,1316.0,11762.0,4.0,1329.0
33.87592869599757,0.0,0.0,0.0,0.0,0.0,0.0,0.0,0.0,0.0,0.0,0.0,0.0,0.0,13019.0,4.0,1336.0,11763.0,4.0,1349.0
33.875982023004326,0.0,0.0,0.0,0.0,0.0,0.0,0.0,0.0,0.0,0.0,0.0,0.0,0.0,13020.0,4.0,1356.0,11764.0,4.0,1369.0
33.88148798899783,0.0,0.0,0.0,0.0,0.0,0.0,0.0,0.0,0.0,0.0,0.0,0.0,0.0,13021.0,4.0,1376.0,11765.0,4.0,1389.0
33.89136837799742,0.0,0.0,0.0,0.0,0.0,0.0,0.0,0.0,0.0,0.0,0.0,0.0,0.0,13022.0,4.0,1396.0,11766.0,4.0,1399.0
33.919982107006945,0.0,0.0,0.0,0.0,0.0,0.0,0.0,0.0,0.0,0.0,0.0,0.0,0.0,13023.0,4.0,1416.0,11767.0,4.0,1429.0
33.94123411900364,0.0,0.0,0.0,0.0,0.0,0.0,0.0,0.0,0.0,0.0,0.0,0.0,0.0,13024.0,4.0,1436.0,11768.0,4.0,1449.0
33.96086274100526,0.0,0.0,0.0,0.0,0.0,0.0,0.0,0.0,0.0,0.0,0.0,0.0,0.0,13025.0,4.0,1456.0,11769.0,4.0,1469.0
34.094670646009035,0.0,0.0,0.0,0.0,0.0,0.0,0.0,0.0,0.0,0.0,0.0,0.0,0.0,13026.0,4.0,1476.0,11770.0,4.0,1489.0
34.094836268996005,0.0,0.0,0.0,0.0,0.0,0.0,0.0,0.0,0.0,0.0,0.0,0.0,0.0,13027.0,4.0,1496.0,11771.0,4.0,1499.0
34.09490723500494,0.0,0.0,0.0,0.0,0.0,0.0,0.0,0.0,0.0,0.0,0.0,0.0,0.0,13028.0,4.0,1516.0,11772.0,4.0,1529.0
34.09496941699763,0.0,0.0,0.0,0.0,0.0,0.0,0.0,0.0,0.0,0.0,0.0,0.0,0.0,13029.0,4.0,1536.0,11773.0,4.0,1549.0
34.095026812006836,0.0,0.0,0.0,0.0,0.0,0.0,0.0,0.0,0.0,0.0,0.0,0.0,0.0,13030.0,4.0,1556.0,11774.0,4.0,1569.0
34.09508178199758,0.0,0.0,0.0,0.0,0.0,0.0,0.0,0.0,0.0,0.0,0.0,0.0,0.0,13031.0,4.0,1576.0,11775.0,4.0,1589.0
34.09552805600106,0.0,0.0,0.0,0.0,0.0,0.0,0.0,0.0,0.0,0.0,0.0,0.0,0.0,13032.0,4.0,1596.0,11776.0,4.0,1599.0
34.120041792004486,0.0,0.0,0.0,0.0,0.0,0.0,0.0,0.0,0.0,0.0,0.0,0.0,0.0,13033.0,4.0,1616.0,11777.0,4.0,1629.0
34.14050634900923,0.0,0.0,0.0,0.0,0.0,0.0,0.0,0.0,0.0,0.0,0.0,0.0,0.0,13034.0,4.0,1636.0,11778.0,4.0,1649.0
34.16147083800752,0.0,0.0,0.0,0.0,0.0,0.0,0.0,0.0,0.0,0.0,0.0,0.0,0.0,13035.0,4.0,1656.0,11779.0,4.0,1668.0
34.18247889900522,0.0,0.0,0.0,0.0,0.0,0.0,0.0,0.0,0.0,0.0,0.0,0.0,0.0,13036.0,4.0,1676.0,11780.0,4.0,1689.0
34.1900520939962,0.0,0.0,0.0,0.0,0.0,0.0,0.0,0.0,0.0,0.0,0.0,0.0,0.0,13037.0,4.0,1696.0,11781.0,4.0,1699.0
34.31204191200959,0.0,0.0,0.0,0.0,0.0,0.0,0.0,0.0,0.0,0.0,0.0,0.0,0.0,13038.0,4.0,1716.0,11782.0,4.0,1729.0
34.31213373300852,0.0,0.0,0.0,0.0,0.0,0.0,0.0,0.0,0.0,0.0,0.0,0.0,0.0,13039.0,4.0,1736.0,11783.0,4.0,1749.0
34.31227209100325,0.0,0.0,0.0,0.0,0.0,0.0,0.0,0.0,0.0,0.0,0.0,0.0,0.0,13040.0,4.0,1756.0,11784.0,4.0,1769.0
34.31236530400929,0.0,0.0,0.0,0.0,0.0,0.0,0.0,0.0,0.0,0.0,0.0,0.0,0.0,13041.0,4.0,1776.0,11785.0,4.0,1789.0
34.31243212400295,0.0,0.0,0.0,0.0,0.0,0.0,0.0,0.0,0.0,0.0,0.0,0.0,0.0,13042.0,4.0,1796.0,11786.0,4.0,1799.0
34.32132009199995,0.0,0.0,0.0,0.0,0.0,0.0,0.0,0.0,0.0,0.0,0.0,0.0,0.0,13043.0,4.0,1816.0,11787.0,4.0,1828.0
34.33988272100396,0.0,0.0,0.0,0.0,0.0,0.0,0.0,0.0,0.0,0.0,0.0,0.0,0.0,13044.0,4.0,1836.0,11788.0,4.0,1849.0
34.362885731999995,0.0,0.0,0.0,0.0,0.0,0.0,0.0,0.0,0.0,0.0,0.0,0.0,0.0,13045.0,4.0,1856.0,11789.0,4.0,1869.0
34.38109656200686,0.0,0.0,0.0,0.0,0.0,0.0,0.0,0.0,0.0,0.0,0.0,0.0,0.0,13046.0,4.0,1876.0,11790.0,4.0,1889.0
34.38995540399628,0.0,0.0,0.0,0.0,0.0,0.0,0.0,0.0,0.0,0.0,0.0,0.0,0.0,13047.0,4.0,1896.0,11791.0,4.0,1899.0
34.53195620200131,0.0,0.0,0.0,0.0,0.0,0.0,0.0,0.0,0.0,0.0,0.0,0.0,0.0,13048.0,4.0,1916.0,11792.0,4.0,1929.0
34.53208292099589,0.0,0.0,0.0,0.0,0.0,0.0,0.0,0.0,0.0,0.0,0.0,0.0,0.0,13049.0,4.0,1936.0,11793.0,4.0,1949.0
34.53214902000036,0.0,0.0,0.0,0.0,0.0,0.0,0.0,0.0,0.0,0.0,0.0,0.0,0.0,13050.0,4.0,1956.0,11794.0,4.0,1969.0
34.53221550899616,0.0,0.0,0.0,0.0,0.0,0.0,0.0,0.0,0.0,0.0,0.0,0.0,0.0,13051.0,4.0,1976.0,11795.0,4.0,1989.0
34.53227314399555,0.0,0.0,0.0,0.0,0.0,0.0,0.0,0.0,0.0,0.0,0.0,0.0,0.0,13052.0,4.0,1996.0,11796.0,4.0,2000.0
34.5323280540033,0.0,0.0,0.0,0.0,0.0,0.0,0.0,0.0,0.0,0.0,0.0,0.0,0.0,13053.0,4.0,2016.0,11797.0,4.0,2019.0
34.54050662100781,0.0,0.0,0.0,0.0,0.0,0.0,0.0,0.0,0.0,0.0,0.0,0.0,0.0,13054.0,4.0,2036.0,11798.0,4.0,2049.0
34.56203377000929,0.0,0.0,0.0,0.0,0.0,0.0,0.0,0.0,0.0,0.0,0.0,0.0,0.0,13055.0,4.0,2056.0,11799.0,4.0,2069.0
34.58009463599592,0.0,0.0,0.0,0.0,0.0,0.0,0.0,0.0,0.0,0.0,0.0,0.0,0.0,13056.0,4.0,2076.0,11800.0,4.0,2089.0
34.59039386200311,0.0,0.0,0.0,0.0,0.0,0.0,0.0,0.0,0.0,0.0,0.0,0.0,0.0,13057.0,4.0,2096.0,11801.0,4.0,2099.0
34.619731992002926,0.0,0.0,0.0,0.0,0.0,0.0,0.0,0.0,0.0,0.0,0.0,0.0,0.0,13058.0,4.0,2116.0,11802.0,4.0,2129.0
34.67965601700416,0.0,0.0,0.0,0.0,0.0,0.0,0.0,0.0,0.0,0.0,0.0,0.0,0.0,13059.0,4.0,2136.0,11803.0,4.0,2149.0
34.67999437400431,0.0,0.0,0.0,0.0,0.0,0.0,0.0,0.0,0.0,0.0,0.0,0.0,0.0,13060.0,4.0,2156.0,11804.0,4.0,2169.0
34.68115627599764,0.0,0.0,0.0,0.0,0.0,0.0,0.0,0.0,0.0,0.0,0.0,0.0,0.0,13061.0,4.0,2176.0,11805.0,4.0,2189.0
34.743377040009364,0.0,0.0,0.0,0.0,0.0,0.0,0.0,0.0,0.0,0.0,0.0,0.0,0.0,13062.0,4.0,2196.0,11806.0,4.0,2199.0
34.74347548100923,0.0,0.0,0.0,0.0,0.0,0.0,0.0,0.0,0.0,0.0,0.0,0.0,0.0,13063.0,4.0,2216.0,11807.0,4.0,2229.0
34.743538164999336,0.0,0.0,0.0,0.0,0.0,0.0,0.0,0.0,0.0,0.0,0.0,0.0,0.0,13064.0,4.0,2236.0,11808.0,4.0,2249.0
34.76102686900413,0.0,0.0,0.0,0.0,0.0,0.0,0.0,0.0,0.0,0.0,0.0,0.0,0.0,13065.0,4.0,2256.0,11809.0,4.0,2269.0
34.78007311699912,0.0,0.0,0.0,0.0,0.0,0.0,0.0,0.0,0.0,0.0,0.0,0.0,0.0,13066.0,4.0,2276.0,11810.0,4.0,2289.0
34.79003976500826,0.0,0.0,0.0,0.0,0.0,0.0,0.0,0.0,0.0,0.0,0.0,0.0,0.0,13067.0,4.0,2296.0,11811.0,4.0,2299.0
34.81997561000753,0.0,0.0,0.0,0.0,0.0,0.0,0.0,0.0,0.0,0.0,0.0,0.0,0.0,13068.0,4.0,2316.0,11812.0,4.0,2329.0
34.840126313996734,0.0,0.0,0.0,0.0,0.0,0.0,0.0,0.0,0.0,0.0,0.0,0.0,0.0,13069.0,4.0,2336.0,11813.0,4.0,2349.0
34.97353232100431,0.0,0.0,0.0,0.0,0.0,0.0,0.0,0.0,0.0,0.0,0.0,0.0,0.0,13070.0,4.0,2356.0,11814.0,4.0,2369.0
34.99350677600887,0.0,0.0,0.0,0.0,0.0,0.0,0.0,0.0,0.0,0.0,0.0,0.0,0.0,13077.0,4.0,2496.0,11815.0,4.0,2502.0
35.02344727799937,0.0,0.0,0.0,0.0,0.0,0.0,0.0,0.0,0.0,0.0,0.0,0.0,0.0,13078.0,4.0,2516.0,11816.0,4.0,2529.0
35.04978046400356,0.0,0.0,0.0,0.0,0.0,0.0,0.0,0.0,0.0,0.0,0.0,0.0,0.0,13079.0,4.0,2536.0,11817.0,4.0,2549.0
35.06184635699901,0.0,0.0,0.0,0.0,0.0,0.0,0.0,0.0,0.0,0.0,0.0,0.0,0.0,13080.0,4.0,2556.0,11818.0,4.0,2569.0
35.19214394000301,0.0,0.0,0.0,0.0,0.0,0.0,0.0,0.0,0.0,0.0,0.0,0.0,0.0,13081.0,4.0,2576.0,11819.0,4.0,2589.0
35.1925434970035,0.0,0.0,0.0,0.0,0.0,0.0,0.0,0.0,0.0,0.0,0.0,0.0,0.0,13082.0,4.0,2596.0,11820.0,4.0,2609.0
35.19279632299731,0.0,0.0,0.0,0.0,0.0,0.0,0.0,0.0,0.0,0.0,0.0,0.0,0.0,13083.0,4.0,2616.0,11821.0,4.0,2619.0
35.1929053220083,0.0,0.0,0.0,0.0,0.0,0.0,0.0,0.0,0.0,0.0,0.0,0.0,0.0,13084.0,4.0,2636.0,11822.0,4.0,2649.0
35.192960423009936,0.0,0.0,0.0,0.0,0.0,0.0,0.0,0.0,0.0,0.0,0.0,0.0,0.0,13085.0,4.0,2656.0,11823.0,4.0,2669.0
35.19301365100546,0.0,0.0,0.0,0.0,0.0,0.0,0.0,0.0,0.0,0.0,0.0,0.0,0.0,13086.0,4.0,2676.0,11824.0,4.0,2689.0
35.201815321997856,0.0,0.0,0.0,0.0,0.0,0.0,0.0,0.0,0.0,0.0,0.0,0.0,0.0,13087.0,4.0,2696.0,11825.0,4.0,2709.0
35.209748615001445,0.0,0.0,0.0,0.0,0.0,0.0,0.0,0.0,0.0,0.0,0.0,0.0,0.0,13088.0,4.0,2716.0,11826.0,4.0,2719.0
35.24149269500049,0.0,0.0,0.0,0.0,0.0,0.0,0.0,0.0,0.0,0.0,0.0,0.0,0.0,13089.0,4.0,2736.0,11827.0,4.0,2749.0
35.25971198100888,0.0,0.0,0.0,0.0,0.0,0.0,0.0,0.0,0.0,0.0,0.0,0.0,0.0,13090.0,4.0,2756.0,11828.0,4.0,2769.0
35.28047148800397,0.0,0.0,0.0,0.0,0.0,0.0,0.0,0.0,0.0,0.0,0.0,0.0,0.0,13091.0,4.0,2776.0,11829.0,4.0,2789.0
35.41155740400427,0.0,0.0,0.0,0.0,0.0,0.0,0.0,0.0,0.0,0.0,0.0,0.0,0.0,13092.0,4.0,2796.0,11830.0,4.0,2809.0
35.411948448003386,0.0,0.0,0.0,0.0,0.0,0.0,0.0,0.0,0.0,0.0,0.0,0.0,0.0,13093.0,4.0,2816.0,11831.0,4.0,2819.0
35.412233506998746,0.0,0.0,0.0,0.0,0.0,0.0,0.0,0.0,0.0,0.0,0.0,0.0,0.0,13094.0,4.0,2836.0,11832.0,4.0,2849.0
35.412299946998246,0.0,0.0,0.0,0.0,0.0,0.0,0.0,0.0,0.0,0.0,0.0,0.0,0.0,13095.0,4.0,2856.0,11833.0,4.0,2869.0
35.41235888400115,0.0,0.0,0.0,0.0,0.0,0.0,0.0,0.0,0.0,0.0,0.0,0.0,0.0,13096.0,4.0,2876.0,11834.0,4.0,2889.0
35.41241363399604,0.0,0.0,0.0,0.0,0.0,0.0,0.0,0.0,0.0,0.0,0.0,0.0,0.0,13097.0,4.0,2896.0,11835.0,4.0,2909.0
35.41672966800979,0.0,0.0,0.0,0.0,0.0,0.0,0.0,0.0,0.0,0.0,0.0,0.0,0.0,13098.0,4.0,2916.0,11836.0,4.0,2919.0
35.44027327100048,0.0,0.0,0.0,0.0,0.0,0.0,0.0,0.0,0.0,0.0,0.0,0.0,0.0,13099.0,4.0,2936.0,11837.0,4.0,2949.0
35.46023657100159,0.0,0.0,0.0,0.0,0.0,0.0,0.0,0.0,0.0,0.0,0.0,0.0,0.0,13100.0,4.0,2956.0,11838.0,4.0,2969.0
35.479575714009115,0.0,0.0,0.0,0.0,0.0,0.0,0.0,0.0,0.0,0.0,0.0,0.0,0.0,13101.0,4.0,2976.0,11839.0,4.0,2989.0
35.50124954000057,0.0,0.0,0.0,0.0,0.0,0.0,0.0,0.0,0.0,0.0,0.0,0.0,0.0,13102.0,4.0,2996.0,11840.0,4.0,3011.0
35.51345655300247,0.0,0.0,0.0,0.0,0.0,0.0,0.0,0.0,0.0,0.0,0.0,0.0,0.0,13103.0,4.0,3016.0,11841.0,4.0,3021.0
35.63066990900552,0.0,0.0,0.0,0.0,0.0,0.0,0.0,0.0,0.0,0.0,0.0,0.0,0.0,13104.0,4.0,3036.0,11842.0,4.0,3039.0
35.630780121005955,0.0,0.0,0.0,0.0,0.0,0.0,0.0,0.0,0.0,0.0,0.0,0.0,0.0,13105.0,4.0,3056.0,11843.0,4.0,3069.0
35.630847862004885,0.0,0.0,0.0,0.0,0.0,0.0,0.0,0.0,0.0,0.0,0.0,0.0,0.0,13106.0,4.0,3076.0,11844.0,4.0,3089.0
35.63090855200426,0.0,0.0,0.0,0.0,0.0,0.0,0.0,0.0,0.0,0.0,0.0,0.0,0.0,13107.0,4.0,3096.0,11845.0,4.0,3109.0
35.6309653250064,0.0,0.0,0.0,0.0,0.0,0.0,0.0,0.0,0.0,0.0,0.0,0.0,0.0,13108.0,4.0,3116.0,11846.0,4.0,3119.0
35.63985700100602,0.0,0.0,0.0,0.0,0.0,0.0,0.0,0.0,0.0,0.0,0.0,0.0,0.0,13109.0,4.0,3136.0,11847.0,4.0,3149.0
35.659874329998274,0.0,0.0,0.0,0.0,0.0,0.0,0.0,0.0,0.0,0.0,0.0,0.0,0.0,13110.0,4.0,3156.0,11848.0,4.0,3169.0
35.6801147369988,0.0,0.0,0.0,0.0,0.0,0.0,0.0,0.0,0.0,0.0,0.0,0.0,0.0,13111.0,4.0,3176.0,11849.0,4.0,3189.0
35.70092544199724,0.0,0.0,0.0,0.0,0.0,0.0,0.0,0.0,0.0,0.0,0.0,0.0,0.0,13112.0,4.0,3196.0,11850.0,4.0,3209.0
35.7096391649975,0.0,0.0,0.0,0.0,0.0,0.0,0.0,0.0,0.0,0.0,0.0,0.0,0.0,13113.0,4.0,3216.0,11851.0,4.0,3219.0
35.85354918400117,0.0,0.0,0.0,0.0,0.0,0.0,0.0,0.0,0.0,0.0,0.0,0.0,0.0,13114.0,4.0,3236.0,11852.0,4.0,3248.0
35.853681342006894,0.0,0.0,0.0,0.0,0.0,0.0,0.0,0.0,0.0,0.0,0.0,0.0,0.0,13115.0,4.0,3256.0,11853.0,4.0,3269.0
35.85374972400314,0.0,0.0,0.0,0.0,0.0,0.0,0.0,0.0,0.0,0.0,0.0,0.0,0.0,13116.0,4.0,3276.0,11854.0,4.0,3289.0
35.85380862100283,0.0,0.0,0.0,0.0,0.0,0.0,0.0,0.0,0.0,0.0,0.0,0.0,0.0,13117.0,4.0,3296.0,11855.0,4.0,3309.0
35.85386423300952,0.0,0.0,0.0,0.0,0.0,0.0,0.0,0.0,0.0,0.0,0.0,0.0,0.0,13118.0,4.0,3316.0,11856.0,4.0,3319.0
35.85391815099865,0.0,0.0,0.0,0.0,0.0,0.0,0.0,0.0,0.0,0.0,0.0,0.0,0.0,13119.0,4.0,3336.0,11857.0,4.0,3349.0
35.85956827200425,0.0,0.0,0.0,0.0,0.0,0.0,0.0,0.0,0.0,0.0,0.0,0.0,0.0,13120.0,4.0,3356.0,11858.0,4.0,3369.0
35.88171328300086,0.0,0.0,0.0,0.0,0.0,0.0,0.0,0.0,0.0,0.0,0.0,0.0,0.0,13121.0,4.0,3376.0,11859.0,4.0,3389.0
35.90253121999558,0.0,0.0,0.0,0.0,0.0,0.0,0.0,0.0,0.0,0.0,0.0,0.0,0.0,13122.0,4.0,3396.0,11860.0,4.0,3409.0
35.91090686600364,0.0,0.0,0.0,0.0,0.0,0.0,0.0,0.0,0.0,0.0,0.0,0.0,0.0,13123.0,4.0,3416.0,11861.0,4.0,3419.0
35.94254143800936,0.0,0.0,0.0,0.0,0.0,0.0,0.0,0.0,0.0,0.0,0.0,0.0,0.0,13124.0,4.0,3436.0,11862.0,4.0,3449.0
35.9767038400023,0.0,0.0,0.0,0.0,0.0,0.0,0.0,0.0,0.0,0.0,0.0,0.0,0.0,13125.0,4.0,3456.0,11863.0,4.0,3469.0
36.07016485900385,0.0,0.0,0.0,0.0,0.0,0.0,0.0,0.0,0.0,0.0,0.0,0.0,0.0,13126.0,4.0,3476.0,11864.0,4.0,3489.0
36.070618336001644,0.0,0.0,0.0,0.0,0.0,0.0,0.0,0.0,0.0,0.0,0.0,0.0,0.0,13127.0,4.0,3496.0,11865.0,4.0,3511.0
36.07072997900832,0.0,0.0,0.0,0.0,0.0,0.0,0.0,0.0,0.0,0.0,0.0,0.0,0.0,13128.0,4.0,3516.0,11866.0,4.0,3520.0
36.07078809500672,0.0,0.0,0.0,0.0,0.0,0.0,0.0,0.0,0.0,0.0,0.0,0.0,0.0,13129.0,4.0,3536.0,11867.0,4.0,3539.0
36.07216053400771,0.0,0.0,0.0,0.0,0.0,0.0,0.0,0.0,0.0,0.0,0.0,0.0,0.0,13130.0,4.0,3556.0,11868.0,4.0,3569.0
36.080428362998646,0.0,0.0,0.0,0.0,0.0,0.0,0.0,0.0,0.0,0.0,0.0,0.0,0.0,13131.0,4.0,3576.0,11869.0,4.0,3589.0
36.099898341009975,0.0,0.0,0.0,0.0,0.0,0.0,0.0,0.0,0.0,0.0,0.0,0.0,0.0,13132.0,4.0,3596.0,11870.0,4.0,3609.0
36.109549978005816,0.0,0.0,0.0,0.0,0.0,0.0,0.0,0.0,0.0,0.0,0.0,0.0,0.0,13133.0,4.0,3616.0,11871.0,4.0,3619.0
36.14984567600186,0.0,0.0,0.0,0.0,0.0,0.0,0.0,0.0,0.0,0.0,0.0,0.0,0.0,13134.0,4.0,3636.0,11872.0,4.0,3649.0
36.163063662999775,0.0,0.0,0.0,0.0,0.0,0.0,0.0,0.0,0.0,0.0,0.0,0.0,0.0,13135.0,4.0,3656.0,11873.0,4.0,3669.0
36.184474936002516,0.0,0.0,0.0,0.0,0.0,0.0,0.0,0.0,0.0,0.0,0.0,0.0,0.0,13136.0,4.0,3676.0,11874.0,4.0,3689.0
36.24424655199982,0.0,0.0,0.0,0.0,0.0,0.0,0.0,0.0,0.0,0.0,0.0,0.0,0.0,13137.0,4.0,3696.0,11875.0,4.0,3709.0
36.244609939996735,0.0,0.0,0.0,0.0,0.0,0.0,0.0,0.0,0.0,0.0,0.0,0.0,0.0,13138.0,4.0,3716.0,11876.0,4.0,3719.0
36.29050675799954,0.0,0.0,0.0,0.0,0.0,0.0,0.0,0.0,0.0,0.0,0.0,0.0,0.0,13139.0,4.0,3736.0,11877.0,4.0,3749.0
36.29078069800744,0.0,0.0,0.0,0.0,0.0,0.0,0.0,0.0,0.0,0.0,0.0,0.0,0.0,13140.0,4.0,3756.0,11878.0,4.0,3769.0
36.290844614006346,0.0,0.0,0.0,0.0,0.0,0.0,0.0,0.0,0.0,0.0,0.0,0.0,0.0,13141.0,4.0,3776.0,11879.0,4.0,3789.0
36.2996618370089,0.0,0.0,0.0,0.0,0.0,0.0,0.0,0.0,0.0,0.0,0.0,0.0,0.0,13142.0,4.0,3796.0,11880.0,4.0,3809.0
36.31009141400864,0.0,0.0,0.0,0.0,0.0,0.0,0.0,0.0,0.0,0.0,0.0,0.0,0.0,13143.0,4.0,3816.0,11881.0,4.0,3819.0
36.33970814400527,0.0,0.0,0.0,0.0,0.0,0.0,0.0,0.0,0.0,0.0,0.0,0.0,0.0,13144.0,4.0,3836.0,11882.0,4.0,3849.0
36.36035969700606,0.0,0.0,0.0,0.0,0.0,0.0,0.0,0.0,0.0,0.0,0.0,0.0,0.0,13145.0,4.0,3856.0,11883.0,4.0,3869.0
36.380220459002885,0.0,0.0,0.0,0.0,0.0,0.0,0.0,0.0,0.0,0.0,0.0,0.0,0.0,13146.0,4.0,3876.0,11884.0,4.0,3889.0
36.490497118007625,0.0,0.0,0.0,0.0,0.0,0.0,0.0,0.0,0.0,0.0,0.0,0.0,0.0,13147.0,4.0,3896.0,11885.0,4.0,3909.0
36.49063504500373,0.0,0.0,0.0,0.0,0.0,0.0,0.0,0.0,0.0,0.0,0.0,0.0,0.0,13148.0,4.0,3916.0,11886.0,4.0,3919.0
36.490702295996016,0.0,0.0,0.0,0.0,0.0,0.0,0.0,0.0,0.0,0.0,0.0,0.0,0.0,13149.0,4.0,3936.0,11887.0,4.0,3939.0
36.49076141300611,0.0,0.0,0.0,0.0,0.0,0.0,0.0,0.0,0.0,0.0,0.0,0.0,0.0,13150.0,4.0,3956.0,11888.0,4.0,3969.0
36.49081773600483,0.0,0.0,0.0,0.0,0.0,0.0,0.0,0.0,0.0,0.0,0.0,0.0,0.0,13151.0,4.0,3976.0,11889.0,4.0,3989.0
36.50829012799659,0.0,0.0,0.0,0.0,0.0,0.0,0.0,0.0,0.0,0.0,0.0,0.0,0.0,13152.0,4.0,3996.0,11890.0,4.0,4010.0
36.570663710008375,0.0,0.0,0.0,0.0,0.0,0.0,0.0,0.0,0.0,0.0,0.0,0.0,0.0,13153.0,4.0,4016.0,11891.0,4.0,4021.0
36.57077307000873,0.0,0.0,0.0,0.0,0.0,0.0,0.0,0.0,0.0,0.0,0.0,0.0,0.0,13154.0,4.0,4036.0,11892.0,4.0,4039.0
36.57083900900034,0.0,0.0,0.0,0.0,0.0,0.0,0.0,0.0,0.0,0.0,0.0,0.0,0.0,13155.0,4.0,4056.0,11893.0,4.0,4068.0
36.661520345005556,0.0,0.0,0.0,0.0,0.0,0.0,0.0,0.0,0.0,0.0,0.0,0.0,0.0,13156.0,4.0,4076.0,11894.0,4.0,4089.0
36.66165012899728,0.0,0.0,0.0,0.0,0.0,0.0,0.0,0.0,0.0,0.0,0.0,0.0,0.0,13157.0,4.0,4096.0,11895.0,4.0,4109.0
36.66171934299928,0.0,0.0,0.0,0.0,0.0,0.0,0.0,0.0,0.0,0.0,0.0,0.0,0.0,13158.0,4.0,4116.0,11896.0,4.0,4119.0
36.661779602000024,0.0,0.0,0.0,0.0,0.0,0.0,0.0,0.0,0.0,0.0,0.0,0.0,0.0,13159.0,4.0,4136.0,11897.0,4.0,4149.0
36.66183777799597,0.0,0.0,0.0,0.0,0.0,0.0,0.0,0.0,0.0,0.0,0.0,0.0,0.0,13160.0,4.0,4156.0,11898.0,4.0,4169.0
36.73077995600761,0.0,0.0,0.0,0.0,0.0,0.0,0.0,0.0,0.0,0.0,0.0,0.0,0.0,13161.0,4.0,4176.0,11899.0,4.0,4189.0
36.73089676800009,0.0,0.0,0.0,0.0,0.0,0.0,0.0,0.0,0.0,0.0,0.0,0.0,0.0,13162.0,4.0,4196.0,11900.0,4.0,4209.0
36.73096352799621,0.0,0.0,0.0,0.0,0.0,0.0,0.0,0.0,0.0,0.0,0.0,0.0,0.0,13163.0,4.0,4216.0,11901.0,4.0,4219.0
36.73943467800564,0.0,0.0,0.0,0.0,0.0,0.0,0.0,0.0,0.0,0.0,0.0,0.0,0.0,13164.0,4.0,4236.0,11902.0,4.0,4249.0
36.761397994996514,0.0,0.0,0.0,0.0,0.0,0.0,0.0,0.0,0.0,0.0,0.0,0.0,0.0,13165.0,4.0,4256.0,11903.0,4.0,4269.0
36.779723351995926,0.0,0.0,0.0,0.0,0.0,0.0,0.0,0.0,0.0,0.0,0.0,0.0,0.0,13166.0,4.0,4276.0,11904.0,4.0,4289.0
36.79972389699833,0.0,0.0,0.0,0.0,0.0,0.0,0.0,0.0,0.0,0.0,0.0,0.0,0.0,13167.0,4.0,4296.0,11905.0,4.0,4309.0
36.8094469380012,0.0,0.0,0.0,0.0,0.0,0.0,0.0,0.0,0.0,0.0,0.0,0.0,0.0,13168.0,4.0,4316.0,11906.0,4.0,4319.0
36.948363625007914,0.0,0.0,0.0,0.0,0.0,0.0,0.0,0.0,0.0,0.0,0.0,0.0,0.0,13169.0,4.0,4336.0,11907.0,4.0,4349.0
36.948792541006696,0.0,0.0,0.0,0.0,0.0,0.0,0.0,0.0,0.0,0.0,0.0,0.0,0.0,13170.0,4.0,4356.0,11908.0,4.0,4368.0
36.96012148700538,0.0,0.0,0.0,0.0,0.0,0.0,0.0,0.0,0.0,0.0,0.0,0.0,0.0,13175.0,4.0,4456.0,11909.0,4.0,4467.0
36.981502164999256,0.0,0.0,0.0,0.0,0.0,0.0,0.0,0.0,0.0,0.0,0.0,0.0,0.0,13176.0,4.0,4476.0,11910.0,4.0,4489.0
36.98947518400382,0.0,0.0,0.0,0.0,0.0,0.0,0.0,0.0,0.0,0.0,0.0,0.0,0.0,13177.0,4.0,4496.0,11911.0,4.0,4499.0
37.018910586004495,0.0,0.0,0.0,0.0,0.0,0.0,0.0,0.0,0.0,0.0,0.0,0.0,0.0,13178.0,4.0,4516.0,11912.0,4.0,4529.0
37.04076151800109,0.0,0.0,0.0,0.0,0.0,0.0,0.0,0.0,0.0,0.0,0.0,0.0,0.0,13179.0,4.0,4536.0,11913.0,4.0,4549.0
37.16706319100922,0.0,0.0,0.0,0.0,0.0,0.0,0.0,0.0,0.0,0.0,0.0,0.0,0.0,13180.0,4.0,4556.0,11914.0,4.0,4569.0
37.167577688000165,0.0,0.0,0.0,0.0,0.0,0.0,0.0,0.0,0.0,0.0,0.0,0.0,0.0,13181.0,4.0,4576.0,11915.0,4.0,4589.0
37.16788029699819,0.0,0.0,0.0,0.0,0.0,0.0,0.0,0.0,0.0,0.0,0.0,0.0,0.0,13182.0,4.0,4596.0,11916.0,4.0,4599.0
37.1681254599971,0.0,0.0,0.0,0.0,0.0,0.0,0.0,0.0,0.0,0.0,0.0,0.0,0.0,13183.0,4.0,4616.0,11917.0,4.0,4629.0
37.16821933499887,0.0,0.0,0.0,0.0,0.0,0.0,0.0,0.0,0.0,0.0,0.0,0.0,0.0,13184.0,4.0,4636.0,11918.0,4.0,4649.0
37.168275757998344,0.0,0.0,0.0,0.0,0.0,0.0,0.0,0.0,0.0,0.0,0.0,0.0,0.0,13185.0,4.0,4656.0,11919.0,4.0,4669.0
37.18436450100853,0.0,0.0,0.0,0.0,0.0,0.0,0.0,0.0,0.0,0.0,0.0,0.0,0.0,13186.0,4.0,4676.0,11920.0,4.0,4689.0
37.18798902000708,0.0,0.0,0.0,0.0,0.0,0.0,0.0,0.0,0.0,0.0,0.0,0.0,0.0,13187.0,4.0,4696.0,11921.0,4.0,4698.0
37.22008794800786,0.0,0.0,0.0,0.0,0.0,0.0,0.0,0.0,0.0,0.0,0.0,0.0,0.0,13188.0,4.0,4716.0,11922.0,4.0,4729.0
37.23930551399826,0.0,0.0,0.0,0.0,0.0,0.0,0.0,0.0,0.0,0.0,0.0,0.0,0.0,13189.0,4.0,4736.0,11923.0,4.0,4749.0
37.25922613700095,0.0,0.0,0.0,0.0,0.0,0.0,0.0,0.0,0.0,0.0,0.0,0.0,0.0,13190.0,4.0,4756.0,11924.0,4.0,4769.0
37.39245475099597,0.0,0.0,0.0,0.0,0.0,0.0,0.0,0.0,0.0,0.0,0.0,0.0,0.0,13191.0,4.0,4776.0,11925.0,4.0,4789.0
37.39257887500571,0.0,0.0,0.0,0.0,0.0,0.0,0.0,0.0,0.0,0.0,0.0,0.0,0.0,13192.0,4.0,4796.0,11926.0,4.0,4798.0
37.39264507399639,0.0,0.0,0.0,0.0,0.0,0.0,0.0,0.0,0.0,0.0,0.0,0.0,0.0,13193.0,4.0,4816.0,11927.0,4.0,4829.0
37.392714218003675,0.0,0.0,0.0,0.0,0.0,0.0,0.0,0.0,0.0,0.0,0.0,0.0,0.0,13194.0,4.0,4836.0,11928.0,4.0,4849.0
37.39277024100011,0.0,0.0,0.0,0.0,0.0,0.0,0.0,0.0,0.0,0.0,0.0,0.0,0.0,13195.0,4.0,4856.0,11929.0,4.0,4869.0
37.39282470000035,0.0,0.0,0.0,0.0,0.0,0.0,0.0,0.0,0.0,0.0,0.0,0.0,0.0,13196.0,4.0,4876.0,11930.0,4.0,4889.0
37.395711767007015,0.0,0.0,0.0,0.0,0.0,0.0,0.0,0.0,0.0,0.0,0.0,0.0,0.0,13197.0,4.0,4896.0,11931.0,4.0,4899.0
37.420143074996304,0.0,0.0,0.0,0.0,0.0,0.0,0.0,0.0,0.0,0.0,0.0,0.0,0.0,13198.0,4.0,4916.0,11932.0,4.0,4929.0
37.441097375005484,0.0,0.0,0.0,0.0,0.0,0.0,0.0,0.0,0.0,0.0,0.0,0.0,0.0,13199.0,4.0,4936.0,11933.0,4.0,4950.0
37.45913003200258,0.0,0.0,0.0,0.0,0.0,0.0,0.0,0.0,0.0,0.0,0.0,0.0,0.0,13200.0,4.0,4956.0,11934.0,4.0,4969.0
37.48084648800432,0.0,0.0,0.0,0.0,0.0,0.0,0.0,0.0,0.0,0.0,0.0,0.0,0.0,13201.0,4.0,4976.0,11935.0,4.0,4989.0
37.491399944003206,0.0,0.0,0.0,0.0,0.0,0.0,0.0,0.0,0.0,0.0,0.0,0.0,0.0,13202.0,4.0,4997.0,11936.0,4.0,4998.0
37.61043567399611,0.0,0.0,0.0,0.0,0.0,0.0,0.0,0.0,0.0,0.0,0.0,0.0,0.0,13203.0,4.0,5016.0,11937.0,4.0,5029.0
37.61080853799649,0.0,0.0,0.0,0.0,0.0,0.0,0.0,0.0,0.0,0.0,0.0,0.0,0.0,13204.0,4.0,5036.0,11938.0,4.0,5048.0
37.610920292005176,0.0,0.0,0.0,0.0,0.0,0.0,0.0,0.0,0.0,0.0,0.0,0.0,0.0,13205.0,4.0,5056.0,11939.0,4.0,5069.0
37.61097699600214,0.0,0.0,0.0,0.0,0.0,0.0,0.0,0.0,0.0,0.0,0.0,0.0,0.0,13206.0,4.0,5076.0,11940.0,4.0,5089.0
37.61103218700737,0.0,0.0,0.0,0.0,0.0,0.0,0.0,0.0,0.0,0.0,0.0,0.0,0.0,13207.0,4.0,5096.0,11941.0,4.0,5099.0
37.61955532799766,0.0,0.0,0.0,0.0,0.0,0.0,0.0,0.0,0.0,0.0,0.0,0.0,0.0,13208.0,4.0,5116.0,11942.0,4.0,5129.0
37.64537282999663,0.0,0.0,0.0,0.0,0.0,0.0,0.0,0.0,0.0,0.0,0.0,0.0,0.0,13209.0,4.0,5136.0,11943.0,4.0,5149.0
37.66980210400652,0.0,0.0,0.0,0.0,0.0,0.0,0.0,0.0,0.0,0.0,0.0,0.0,0.0,13210.0,4.0,5156.0,11944.0,4.0,5169.0
37.68309462300385,0.0,0.0,0.0,0.0,0.0,0.0,0.0,0.0,0.0,0.0,0.0,0.0,0.0,13211.0,4.0,5176.0,11945.0,4.0,5188.0
37.68896305000817,0.0,0.0,0.0,0.0,0.0,0.0,0.0,0.0,0.0,0.0,0.0,0.0,0.0,13212.0,4.0,5197.0,11946.0,4.0,5198.0
37.794015434003086,0.0,0.0,0.0,0.0,0.0,0.0,0.0,0.0,0.0,0.0,0.0,0.0,0.0,13213.0,4.0,5216.0,11947.0,4.0,5229.0
37.79422710300423,0.0,0.0,0.0,0.0,0.0,0.0,0.0,0.0,0.0,0.0,0.0,0.0,0.0,13214.0,4.0,5236.0,11948.0,4.0,5249.0
37.794294753999566,0.0,0.0,0.0,0.0,0.0,0.0,0.0,0.0,0.0,0.0,0.0,0.0,0.0,13215.0,4.0,5256.0,11949.0,4.0,5269.0
37.79435536400706,0.0,0.0,0.0,0.0,0.0,0.0,0.0,0.0,0.0,0.0,0.0,0.0,0.0,13216.0,4.0,5276.0,11950.0,4.0,5289.0
37.79441021500679,0.0,0.0,0.0,0.0,0.0,0.0,0.0,0.0,0.0,0.0,0.0,0.0,0.0,13217.0,4.0,5296.0,11951.0,4.0,5298.0
37.83167316199979,0.0,0.0,0.0,0.0,0.0,0.0,0.0,0.0,0.0,0.0,0.0,0.0,0.0,13218.0,4.0,5316.0,11952.0,4.0,5329.0
37.83944255100505,0.0,0.0,0.0,0.0,0.0,0.0,0.0,0.0,0.0,0.0,0.0,0.0,0.0,13219.0,4.0,5336.0,11953.0,4.0,5349.0
37.86074663800537,0.0,0.0,0.0,0.0,0.0,0.0,0.0,0.0,0.0,0.0,0.0,0.0,0.0,13220.0,4.0,5356.0,11954.0,4.0,5369.0
37.88154784600192,0.0,0.0,0.0,0.0,0.0,0.0,0.0,0.0,0.0,0.0,0.0,0.0,0.0,13221.0,4.0,5376.0,11955.0,4.0,5389.0
37.89589756500209,0.0,0.0,0.0,0.0,0.0,0.0,0.0,0.0,0.0,0.0,0.0,0.0,0.0,13222.0,4.0,5396.0,11956.0,4.0,5399.0
37.9189401360054,0.0,0.0,0.0,0.0,0.0,0.0,0.0,0.0,0.0,0.0,0.0,0.0,0.0,13223.0,4.0,5416.0,11957.0,4.0,5429.0
37.99879750300897,0.0,0.0,0.0,0.0,0.0,0.0,0.0,0.0,0.0,0.0,0.0,0.0,0.0,13224.0,4.0,5436.0,11958.0,4.0,5449.0
37.99890775499807,0.0,0.0,0.0,0.0,0.0,0.0,0.0,0.0,0.0,0.0,0.0,0.0,0.0,13225.0,4.0,5456.0,11959.0,4.0,5469.0
37.99897333300032,0.0,0.0,0.0,0.0,0.0,0.0,0.0,0.0,0.0,0.0,0.0,0.0,0.0,13226.0,4.0,5476.0,11960.0,4.0,5489.0
37.99903479400382,0.0,0.0,0.0,0.0,0.0,0.0,0.0,0.0,0.0,0.0,0.0,0.0,0.0,13227.0,4.0,5496.0,11961.0,4.0,5499.0
38.05092183299712,0.0,0.0,0.0,0.0,0.0,0.0,0.0,0.0,0.0,0.0,0.0,0.0,0.0,13228.0,4.0,5516.0,11962.0,4.0,5529.0
38.05131461999554,0.0,0.0,0.0,0.0,0.0,0.0,0.0,0.0,0.0,0.0,0.0,0.0,0.0,13229.0,4.0,5536.0,11963.0,4.0,5549.0
38.05958269099938,0.0,0.0,0.0,0.0,0.0,0.0,0.0,0.0,0.0,0.0,0.0,0.0,0.0,13230.0,4.0,5556.0,11964.0,4.0,5569.0
38.08008388499729,0.0,0.0,0.0,0.0,0.0,0.0,0.0,0.0,0.0,0.0,0.0,0.0,0.0,13231.0,4.0,5576.0,11965.0,4.0,5589.0
38.09234336100053,0.0,0.0,0.0,0.0,0.0,0.0,0.0,0.0,0.0,0.0,0.0,0.0,0.0,13232.0,4.0,5596.0,11966.0,4.0,5599.0
38.12048229800712,0.0,0.0,0.0,0.0,0.0,0.0,0.0,0.0,0.0,0.0,0.0,0.0,0.0,13233.0,4.0,5616.0,11967.0,4.0,5629.0
38.13900149600522,0.0,0.0,0.0,0.0,0.0,0.0,0.0,0.0,0.0,0.0,0.0,0.0,0.0,13234.0,4.0,5636.0,11968.0,4.0,5649.0
38.3617294489959,0.0,0.0,0.0,0.0,0.0,0.0,0.0,0.0,0.0,0.0,0.0,0.0,0.0,13236.0,4.0,5676.0,11970.0,4.0,5689.0
38.36213129099633,0.0,0.0,0.0,0.0,0.0,0.0,0.0,0.0,0.0,0.0,0.0,0.0,0.0,13237.0,4.0,5696.0,11971.0,4.0,5699.0
38.36224919599772,0.0,0.0,0.0,0.0,0.0,0.0,0.0,0.0,0.0,0.0,0.0,0.0,0.0,13238.0,4.0,5716.0,11972.0,4.0,5729.0
38.362310135998996,0.0,0.0,0.0,0.0,0.0,0.0,0.0,0.0,0.0,0.0,0.0,0.0,0.0,13239.0,4.0,5736.0,11973.0,4.0,5749.0
38.36236706000636,0.0,0.0,0.0,0.0,0.0,0.0,0.0,0.0,0.0,0.0,0.0,0.0,0.0,13240.0,4.0,5756.0,11974.0,4.0,5769.0
38.36242138899979,0.0,0.0,0.0,0.0,0.0,0.0,0.0,0.0,0.0,0.0,0.0,0.0,0.0,13241.0,4.0,5776.0,11975.0,4.0,5789.0
38.36247374600498,0.0,0.0,0.0,0.0,0.0,0.0,0.0,0.0,0.0,0.0,0.0,0.0,0.0,13242.0,4.0,5796.0,11976.0,4.0,5799.0
38.36252604200854,0.0,0.0,0.0,0.0,0.0,0.0,0.0,0.0,0.0,0.0,0.0,0.0,0.0,13243.0,4.0,5816.0,11977.0,4.0,5829.0
38.36257845800719,0.0,0.0,0.0,0.0,0.0,0.0,0.0,0.0,0.0,0.0,0.0,0.0,0.0,13244.0,4.0,5836.0,11978.0,4.0,5849.0
38.362630743999034,0.0,0.0,0.0,0.0,0.0,0.0,0.0,0.0,0.0,0.0,0.0,0.0,0.0,13245.0,4.0,5856.0,11979.0,4.0,5869.0
38.78267304500332,0.0,0.0,0.0,0.0,0.0,0.0,0.0,0.0,0.0,0.0,0.0,0.0,0.0,13246.0,4.0,5876.0,11980.0,4.0,5889.0
38.7828254460037,0.0,0.0,0.0,0.0,0.0,0.0,0.0,0.0,0.0,0.0,0.0,0.0,0.0,13256.0,4.0,6076.0,11990.0,4.0,6089.0
38.782893748997594,0.0,0.0,0.0,0.0,0.0,0.0,0.0,0.0,0.0,0.0,0.0,0.0,0.0,13257.0,4.0,6096.0,11991.0,4.0,6099.0
38.78295463899849,0.0,0.0,0.0,0.0,0.0,0.0,0.0,0.0,0.0,0.0,0.0,0.0,0.0,13258.0,4.0,6116.0,11992.0,4.0,6119.0
38.783010961997206,0.0,0.0,0.0,0.0,0.0,0.0,0.0,0.0,0.0,0.0,0.0,0.0,0.0,13259.0,4.0,6136.0,11993.0,4.0,6149.0
38.783066313000745,0.0,0.0,0.0,0.0,0.0,0.0,0.0,0.0,0.0,0.0,0.0,0.0,0.0,13260.0,4.0,6156.0,11994.0,4.0,6169.0
38.783120152002084,0.0,0.0,0.0,0.0,0.0,0.0,0.0,0.0,0.0,0.0,0.0,0.0,0.0,13261.0,4.0,6176.0,11995.0,4.0,6189.0
38.7831828250055,0.0,0.0,0.0,0.0,0.0,0.0,0.0,0.0,0.0,0.0,0.0,0.0,0.0,13262.0,4.0,6196.0,11996.0,4.0,6199.0
38.783240710996324,0.0,0.0,0.0,0.0,0.0,0.0,0.0,0.0,0.0,0.0,0.0,0.0,0.0,13263.0,4.0,6216.0,11997.0,4.0,6229.0
38.78329916700022,0.0,0.0,0.0,0.0,0.0,0.0,0.0,0.0,0.0,0.0,0.0,0.0,0.0,13264.0,4.0,6236.0,11998.0,4.0,6249.0
38.7833541680011,0.0,0.0,0.0,0.0,0.0,0.0,0.0,0.0,0.0,0.0,0.0,0.0,0.0,13265.0,4.0,6256.0,11999.0,4.0,6269.0
38.78340887800732,0.0,0.0,0.0,0.0,0.0,0.0,0.0,0.0,0.0,0.0,0.0,0.0,0.0,13266.0,4.0,6276.0,12000.0,4.0,6289.0
38.79047208900738,0.0,0.0,0.0,0.0,0.0,0.0,0.0,0.0,0.0,0.0,0.0,0.0,0.0,13267.0,4.0,6296.0,12001.0,4.0,6299.0
38.8222602080059,0.0,0.0,0.0,0.0,0.0,0.0,0.0,0.0,0.0,0.0,0.0,0.0,0.0,13268.0,4.0,6316.0,12002.0,4.0,6329.0
38.83902951600612,0.0,0.0,0.0,0.0,0.0,0.0,0.0,0.0,0.0,0.0,0.0,0.0,0.0,13269.0,4.0,6336.0,12003.0,4.0,6349.0
38.8588988219999,0.0,0.0,0.0,0.0,0.0,0.0,0.0,0.0,0.0,0.0,0.0,0.0,0.0,13270.0,4.0,6356.0,12004.0,4.0,6369.0
38.87414773400815,0.0,0.0,0.0,0.0,0.0,0.0,0.0,0.0,0.0,0.0,0.0,0.0,0.0,13271.0,4.0,6376.0,12005.0,4.0,6384.0
39.29342530100257,0.0,0.0,0.0,0.0,0.0,0.0,0.0,0.0,0.0,0.0,0.0,0.0,0.0,13272.0,4.0,6396.0,12006.0,4.0,6409.0
39.29383379500359,0.0,0.0,0.0,0.0,0.0,0.0,0.0,0.0,0.0,0.0,0.0,0.0,0.0,13278.0,4.0,6516.0,12012.0,4.0,6529.0
39.2939332590031,0.0,0.0,0.0,0.0,0.0,0.0,0.0,0.0,0.0,0.0,0.0,0.0,0.0,13279.0,4.0,6536.0,12013.0,4.0,6549.0
39.29402533000393,0.0,0.0,0.0,0.0,0.0,0.0,0.0,0.0,0.0,0.0,0.0,0.0,0.0,13280.0,4.0,6556.0,12014.0,4.0,6569.0
39.29411824300769,0.0,0.0,0.0,0.0,0.0,0.0,0.0,0.0,0.0,0.0,0.0,0.0,0.0,13281.0,4.0,6576.0,12015.0,4.0,6589.0
39.29420793100144,0.0,0.0,0.0,0.0,0.0,0.0,0.0,0.0,0.0,0.0,0.0,0.0,0.0,13282.0,4.0,6596.0,12016.0,4.0,6599.0
39.29429072800849,0.0,0.0,0.0,0.0,0.0,0.0,0.0,0.0,0.0,0.0,0.0,0.0,0.0,13283.0,4.0,6616.0,12017.0,4.0,6629.0
39.29437605800922,0.0,0.0,0.0,0.0,0.0,0.0,0.0,0.0,0.0,0.0,0.0,0.0,0.0,13284.0,4.0,6636.0,12018.0,4.0,6649.0
39.2944643140072,0.0,0.0,0.0,0.0,0.0,0.0,0.0,0.0,0.0,0.0,0.0,0.0,0.0,13285.0,4.0,6656.0,12019.0,4.0,6669.0
39.29454376500507,0.0,0.0,0.0,0.0,0.0,0.0,0.0,0.0,0.0,0.0,0.0,0.0,0.0,13286.0,4.0,6676.0,12020.0,4.0,6689.0
39.29461973000434,0.0,0.0,0.0,0.0,0.0,0.0,0.0,0.0,0.0,0.0,0.0,0.0,0.0,13287.0,4.0,6696.0,12021.0,4.0,6699.0
39.294698059005896,0.0,0.0,0.0,0.0,0.0,0.0,0.0,0.0,0.0,0.0,0.0,0.0,0.0,13288.0,4.0,6716.0,12022.0,4.0,6719.0
39.29478013400512,0.0,0.0,0.0,0.0,0.0,0.0,0.0,0.0,0.0,0.0,0.0,0.0,0.0,13289.0,4.0,6736.0,12023.0,4.0,6749.0
39.2948610480089,0.0,0.0,0.0,0.0,0.0,0.0,0.0,0.0,0.0,0.0,0.0,0.0,0.0,13290.0,4.0,6756.0,12024.0,4.0,6769.0
39.29652166500455,0.0,0.0,0.0,0.0,0.0,0.0,0.0,0.0,0.0,0.0,0.0,0.0,0.0,13291.0,4.0,6776.0,12025.0,4.0,6789.0
39.31033022199699,0.0,0.0,0.0,0.0,0.0,0.0,0.0,0.0,0.0,0.0,0.0,0.0,0.0,13292.0,4.0,6796.0,12026.0,4.0,6808.0
39.320872456999496,0.0,0.0,0.0,0.0,0.0,0.0,0.0,0.0,0.0,0.0,0.0,0.0,0.0,13293.0,4.0,6816.0,12027.0,4.0,6829.0
39.34670518100029,0.0,0.0,0.0,0.0,0.0,0.0,0.0,0.0,0.0,0.0,0.0,0.0,0.0,13294.0,4.0,6836.0,12028.0,4.0,6849.0
39.359649054007605,0.0,0.0,0.0,0.0,0.0,0.0,0.0,0.0,0.0,0.0,0.0,0.0,0.0,13295.0,4.0,6856.0,12029.0,4.0,6869.0
39.381834518004325,0.0,0.0,0.0,0.0,0.0,0.0,0.0,0.0,0.0,0.0,0.0,0.0,0.0,13296.0,4.0,6876.0,12030.0,4.0,6889.0
39.39128878200427,0.0,0.0,0.0,0.0,0.0,0.0,0.0,0.0,0.0,0.0,0.0,0.0,0.0,13297.0,4.0,6896.0,12031.0,4.0,6899.0
39.804821163997985,0.0,0.0,0.0,0.0,0.0,0.0,0.0,0.0,0.0,0.0,0.0,0.0,0.0,13298.0,4.0,6916.0,12032.0,4.0,6928.0
39.805345237997244,0.0,0.0,0.0,0.0,0.0,0.0,0.0,0.0,0.0,0.0,0.0,0.0,0.0,13302.0,4.0,6996.0,12036.0,4.0,7000.0
39.80543212100747,0.0,0.0,0.0,0.0,0.0,0.0,0.0,0.0,0.0,0.0,0.0,0.0,0.0,13303.0,4.0,7016.0,12037.0,4.0,7019.0
39.80549433399574,0.0,0.0,0.0,0.0,0.0,0.0,0.0,0.0,0.0,0.0,0.0,0.0,0.0,13304.0,4.0,7036.0,12038.0,4.0,7049.0
39.80555506399833,0.0,0.0,0.0,0.0,0.0,0.0,0.0,0.0,0.0,0.0,0.0,0.0,0.0,13305.0,4.0,7056.0,12039.0,4.0,7069.0
39.80561126599787,0.0,0.0,0.0,0.0,0.0,0.0,0.0,0.0,0.0,0.0,0.0,0.0,0.0,13306.0,4.0,7076.0,12040.0,4.0,7089.0
39.80566707800608,0.0,0.0,0.0,0.0,0.0,0.0,0.0,0.0,0.0,0.0,0.0,0.0,0.0,13307.0,4.0,7096.0,12041.0,4.0,7100.0
39.80572229900281,0.0,0.0,0.0,0.0,0.0,0.0,0.0,0.0,0.0,0.0,0.0,0.0,0.0,13308.0,4.0,7116.0,12042.0,4.0,7119.0
39.805775597007596,0.0,0.0,0.0,0.0,0.0,0.0,0.0,0.0,0.0,0.0,0.0,0.0,0.0,13309.0,4.0,7136.0,12043.0,4.0,7139.0
39.80582916599815,0.0,0.0,0.0,0.0,0.0,0.0,0.0,0.0,0.0,0.0,0.0,0.0,0.0,13310.0,4.0,7156.0,12044.0,4.0,7159.0
39.80588262400124,0.0,0.0,0.0,0.0,0.0,0.0,0.0,0.0,0.0,0.0,0.0,0.0,0.0,13312.0,4.0,7196.0,12045.0,4.0,7198.0
39.80593504999706,0.0,0.0,0.0,0.0,0.0,0.0,0.0,0.0,0.0,0.0,0.0,0.0,0.0,13313.0,4.0,7216.0,12046.0,4.0,7229.0
39.80598766700132,0.0,0.0,0.0,0.0,0.0,0.0,0.0,0.0,0.0,0.0,0.0,0.0,0.0,13314.0,4.0,7236.0,12047.0,4.0,7249.0
39.80603958299616,0.0,0.0,0.0,0.0,0.0,0.0,0.0,0.0,0.0,0.0,0.0,0.0,0.0,13315.0,4.0,7256.0,12048.0,4.0,7269.0
39.806091638005455,0.0,0.0,0.0,0.0,0.0,0.0,0.0,0.0,0.0,0.0,0.0,0.0,0.0,13316.0,4.0,7276.0,12049.0,4.0,7289.0
39.806144115005736,0.0,0.0,0.0,0.0,0.0,0.0,0.0,0.0,0.0,0.0,0.0,0.0,0.0,13317.0,4.0,7296.0,12050.0,4.0,7309.0
39.811780117001035,0.0,0.0,0.0,0.0,0.0,0.0,0.0,0.0,0.0,0.0,0.0,0.0,0.0,13318.0,4.0,7316.0,12051.0,4.0,7319.0
39.839689262997126,0.0,0.0,0.0,0.0,0.0,0.0,0.0,0.0,0.0,0.0,0.0,0.0,0.0,13319.0,4.0,7336.0,12052.0,4.0,7349.0
39.85855139300111,0.0,0.0,0.0,0.0,0.0,0.0,0.0,0.0,0.0,0.0,0.0,0.0,0.0,13320.0,4.0,7356.0,12053.0,4.0,7369.0
39.878873559006024,0.0,0.0,0.0,0.0,0.0,0.0,0.0,0.0,0.0,0.0,0.0,0.0,0.0,13321.0,4.0,7376.0,12054.0,4.0,7389.0
39.89907298400067,0.0,0.0,0.0,0.0,0.0,0.0,0.0,0.0,0.0,0.0,0.0,0.0,0.0,13322.0,4.0,7396.0,12055.0,4.0,7409.0
40.31092713800899,0.0,0.0,0.0,0.0,0.0,0.0,0.0,0.0,0.0,0.0,0.0,0.0,0.0,13323.0,4.0,7416.0,12056.0,4.0,7419.0
40.31107361000613,0.0,0.0,0.0,0.0,0.0,0.0,0.0,0.0,0.0,0.0,0.0,0.0,0.0,13324.0,4.0,7436.0,12057.0,4.0,7449.0
40.3111463200039,0.0,0.0,0.0,0.0,0.0,0.0,0.0,0.0,0.0,0.0,0.0,0.0,0.0,13325.0,4.0,7456.0,12058.0,4.0,7469.0
40.3112205320067,0.0,0.0,0.0,0.0,0.0,0.0,0.0,0.0,0.0,0.0,0.0,0.0,0.0,13326.0,4.0,7476.0,12059.0,4.0,7489.0
40.311280591005925,0.0,0.0,0.0,0.0,0.0,0.0,0.0,0.0,0.0,0.0,0.0,0.0,0.0,13327.0,4.0,7496.0,12060.0,4.0,7511.0
40.31133622300695,0.0,0.0,0.0,0.0,0.0,0.0,0.0,0.0,0.0,0.0,0.0,0.0,0.0,13328.0,4.0,7516.0,12061.0,4.0,7521.0
40.3113909530075,0.0,0.0,0.0,0.0,0.0,0.0,0.0,0.0,0.0,0.0,0.0,0.0,0.0,13329.0,4.0,7536.0,12062.0,4.0,7539.0
40.31144563300768,0.0,0.0,0.0,0.0,0.0,0.0,0.0,0.0,0.0,0.0,0.0,0.0,0.0,13330.0,4.0,7556.0,12063.0,4.0,7559.0
40.31150013300066,0.0,0.0,0.0,0.0,0.0,0.0,0.0,0.0,0.0,0.0,0.0,0.0,0.0,13331.0,4.0,7576.0,12064.0,4.0,7589.0
40.31155494300765,0.0,0.0,0.0,0.0,0.0,0.0,0.0,0.0,0.0,0.0,0.0,0.0,0.0,13332.0,4.0,7596.0,12065.0,4.0,7609.0
40.31163772000582,0.0,0.0,0.0,0.0,0.0,0.0,0.0,0.0,0.0,0.0,0.0,0.0,0.0,13333.0,4.0,7616.0,12066.0,4.0,7619.0
40.31171446600638,0.0,0.0,0.0,0.0,0.0,0.0,0.0,0.0,0.0,0.0,0.0,0.0,0.0,13334.0,4.0,7636.0,12067.0,4.0,7649.0
40.311792314998456,0.0,0.0,0.0,0.0,0.0,0.0,0.0,0.0,0.0,0.0,0.0,0.0,0.0,13335.0,4.0,7656.0,12068.0,4.0,7669.0
40.31186920100299,0.0,0.0,0.0,0.0,0.0,0.0,0.0,0.0,0.0,0.0,0.0,0.0,0.0,13336.0,4.0,7676.0,12069.0,4.0,7689.0
40.31196255500254,0.0,0.0,0.0,0.0,0.0,0.0,0.0,0.0,0.0,0.0,0.0,0.0,0.0,13337.0,4.0,7696.0,12070.0,4.0,7709.0
40.31206082699646,0.0,0.0,0.0,0.0,0.0,0.0,0.0,0.0,0.0,0.0,0.0,0.0,0.0,13338.0,4.0,7717.0,12071.0,4.0,7718.0
40.31229448299564,0.0,0.0,0.0,0.0,0.0,0.0,0.0,0.0,0.0,0.0,0.0,0.0,0.0,13339.0,4.0,7736.0,12072.0,4.0,7749.0
40.31237133900868,0.0,0.0,0.0,0.0,0.0,0.0,0.0,0.0,0.0,0.0,0.0,0.0,0.0,13340.0,4.0,7756.0,12073.0,4.0,7769.0
40.312462810004945,0.0,0.0,0.0,0.0,0.0,0.0,0.0,0.0,0.0,0.0,0.0,0.0,0.0,13341.0,4.0,7776.0,12074.0,4.0,7789.0
40.312542371000745,0.0,0.0,0.0,0.0,0.0,0.0,0.0,0.0,0.0,0.0,0.0,0.0,0.0,13342.0,4.0,7796.0,12075.0,4.0,7809.0
40.31263949199638,0.0,0.0,0.0,0.0,0.0,0.0,0.0,0.0,0.0,0.0,0.0,0.0,0.0,13343.0,4.0,7816.0,12076.0,4.0,7821.0
40.32926941099868,0.0,0.0,0.0,0.0,0.0,0.0,0.0,0.0,0.0,0.0,0.0,0.0,0.0,13344.0,4.0,7836.0,12077.0,4.0,7839.0
40.35990650400345,0.0,0.0,0.0,0.0,0.0,0.0,0.0,0.0,0.0,0.0,0.0,0.0,0.0,13345.0,4.0,7856.0,12078.0,4.0,7869.0
40.37909301799664,0.0,0.0,0.0,0.0,0.0,0.0,0.0,0.0,0.0,0.0,0.0,0.0,0.0,13346.0,4.0,7876.0,12079.0,4.0,7889.0
40.399328701008926,0.0,0.0,0.0,0.0,0.0,0.0,0.0,0.0,0.0,0.0,0.0,0.0,0.0,13347.0,4.0,7896.0,12080.0,4.0,7909.0
40.409425224002916,0.0,0.0,0.0,0.0,0.0,0.0,0.0,0.0,0.0,0.0,0.0,0.0,0.0,13348.0,4.0,7916.0,12081.0,4.0,7919.0
40.82091289499658,0.0,0.0,0.0,0.0,0.0,0.0,0.0,0.0,0.0,0.0,0.0,0.0,0.0,13349.0,4.0,7936.0,12082.0,4.0,7949.0
40.821369999001035,0.0,0.0,0.0,0.0,0.0,0.0,0.0,0.0,0.0,0.0,0.0,0.0,0.0,13352.0,4.0,7996.0,12085.0,4.0,8010.0
40.821444451008574,0.0,0.0,0.0,0.0,0.0,0.0,0.0,0.0,0.0,0.0,0.0,0.0,0.0,13353.0,4.0,8016.0,12086.0,4.0,8021.0
40.821506863998366,0.0,0.0,0.0,0.0,0.0,0.0,0.0,0.0,0.0,0.0,0.0,0.0,0.0,13354.0,4.0,8036.0,12087.0,4.0,8039.0
40.82156482999562,0.0,0.0,0.0,0.0,0.0,0.0,0.0,0.0,0.0,0.0,0.0,0.0,0.0,13355.0,4.0,8056.0,12088.0,4.0,8069.0
40.821619110007305,0.0,0.0,0.0,0.0,0.0,0.0,0.0,0.0,0.0,0.0,0.0,0.0,0.0,13356.0,4.0,8076.0,12089.0,4.0,8089.0
40.821676124003716,0.0,0.0,0.0,0.0,0.0,0.0,0.0,0.0,0.0,0.0,0.0,0.0,0.0,13357.0,4.0,8096.0,12090.0,4.0,8109.0
40.82173322800372,0.0,0.0,0.0,0.0,0.0,0.0,0.0,0.0,0.0,0.0,0.0,0.0,0.0,13358.0,4.0,8116.0,12091.0,4.0,8119.0
40.82179020199692,0.0,0.0,0.0,0.0,0.0,0.0,0.0,0.0,0.0,0.0,0.0,0.0,0.0,13359.0,4.0,8136.0,12092.0,4.0,8149.0
40.821843500001705,0.0,0.0,0.0,0.0,0.0,0.0,0.0,0.0,0.0,0.0,0.0,0.0,0.0,13360.0,4.0,8156.0,12093.0,4.0,8169.0
40.82189712800027,0.0,0.0,0.0,0.0,0.0,0.0,0.0,0.0,0.0,0.0,0.0,0.0,0.0,13361.0,4.0,8176.0,12094.0,4.0,8189.0
40.82195668600616,0.0,0.0,0.0,0.0,0.0,0.0,0.0,0.0,0.0,0.0,0.0,0.0,0.0,13362.0,4.0,8196.0,12095.0,4.0,8209.0
40.82201654500386,0.0,0.0,0.0,0.0,0.0,0.0,0.0,0.0,0.0,0.0,0.0,0.0,0.0,13363.0,4.0,8216.0,12096.0,4.0,8219.0
40.82207361899782,0.0,0.0,0.0,0.0,0.0,0.0,0.0,0.0,0.0,0.0,0.0,0.0,0.0,13364.0,4.0,8236.0,12097.0,4.0,8249.0
40.8221330170054,0.0,0.0,0.0,0.0,0.0,0.0,0.0,0.0,0.0,0.0,0.0,0.0,0.0,13365.0,4.0,8256.0,12098.0,4.0,8269.0
40.82219185400754,0.0,0.0,0.0,0.0,0.0,0.0,0.0,0.0,0.0,0.0,0.0,0.0,0.0,13366.0,4.0,8276.0,12099.0,4.0,8289.0
40.82224791700719,0.0,0.0,0.0,0.0,0.0,0.0,0.0,0.0,0.0,0.0,0.0,0.0,0.0,13367.0,4.0,8296.0,12100.0,4.0,8309.0
40.82230059400899,0.0,0.0,0.0,0.0,0.0,0.0,0.0,0.0,0.0,0.0,0.0,0.0,0.0,13368.0,4.0,8316.0,12101.0,4.0,8319.0
40.830300087996875,0.0,0.0,0.0,0.0,0.0,0.0,0.0,0.0,0.0,0.0,0.0,0.0,0.0,13369.0,4.0,8336.0,12102.0,4.0,8339.0
40.86412320799718,0.0,0.0,0.0,0.0,0.0,0.0,0.0,0.0,0.0,0.0,0.0,0.0,0.0,13370.0,4.0,8356.0,12103.0,4.0,8369.0
40.878574344998924,0.0,0.0,0.0,0.0,0.0,0.0,0.0,0.0,0.0,0.0,0.0,0.0,0.0,13371.0,4.0,8376.0,12104.0,4.0,8389.0
40.898256189000676,0.0,0.0,0.0,0.0,0.0,0.0,0.0,0.0,0.0,0.0,0.0,0.0,0.0,13372.0,4.0,8396.0,12105.0,4.0,8409.0
40.90852543800429,0.0,0.0,0.0,0.0,0.0,0.0,0.0,0.0,0.0,0.0,0.0,0.0,0.0,13373.0,4.0,8416.0,12106.0,4.0,8419.0
41.332013371997164,0.0,0.0,0.0,0.0,0.0,0.0,0.0,0.0,0.0,0.0,0.0,0.0,0.0,13382.0,4.0,8596.0,12115.0,4.0,8609.0
41.33229653899616,0.0,0.0,0.0,0.0,0.0,0.0,0.0,0.0,0.0,0.0,0.0,0.0,0.0,13384.0,4.0,8636.0,12117.0,4.0,8649.0
41.3323703710048,0.0,0.0,0.0,0.0,0.0,0.0,0.0,0.0,0.0,0.0,0.0,0.0,0.0,13385.0,4.0,8656.0,12118.0,4.0,8668.0
41.332429297995986,0.0,0.0,0.0,0.0,0.0,0.0,0.0,0.0,0.0,0.0,0.0,0.0,0.0,13386.0,4.0,8676.0,12119.0,4.0,8689.0
41.33248450899555,0.0,0.0,0.0,0.0,0.0,0.0,0.0,0.0,0.0,0.0,0.0,0.0,0.0,13387.0,4.0,8696.0,12120.0,4.0,8709.0
41.33253747600247,0.0,0.0,0.0,0.0,0.0,0.0,0.0,0.0,0.0,0.0,0.0,0.0,0.0,13388.0,4.0,8716.0,12121.0,4.0,8719.0
41.33258821000345,0.0,0.0,0.0,0.0,0.0,0.0,0.0,0.0,0.0,0.0,0.0,0.0,0.0,13389.0,4.0,8736.0,12122.0,4.0,8749.0
41.332640887005255,0.0,0.0,0.0,0.0,0.0,0.0,0.0,0.0,0.0,0.0,0.0,0.0,0.0,13390.0,4.0,8756.0,12123.0,4.0,8769.0
41.33269358400139,0.0,0.0,0.0,0.0,0.0,0.0,0.0,0.0,0.0,0.0,0.0,0.0,0.0,13391.0,4.0,8776.0,12124.0,4.0,8789.0
41.332746621003025,0.0,0.0,0.0,0.0,0.0,0.0,0.0,0.0,0.0,0.0,0.0,0.0,0.0,13392.0,4.0,8796.0,12125.0,4.0,8809.0
41.33280041000398,0.0,0.0,0.0,0.0,0.0,0.0,0.0,0.0,0.0,0.0,0.0,0.0,0.0,13393.0,4.0,8816.0,12126.0,4.0,8819.0
41.34072311800264,0.0,0.0,0.0,0.0,0.0,0.0,0.0,0.0,0.0,0.0,0.0,0.0,0.0,13394.0,4.0,8836.0,12127.0,4.0,8849.0
41.358912701005465,0.0,0.0,0.0,0.0,0.0,0.0,0.0,0.0,0.0,0.0,0.0,0.0,0.0,13395.0,4.0,8856.0,12128.0,4.0,8869.0
41.378541918005794,0.0,0.0,0.0,0.0,0.0,0.0,0.0,0.0,0.0,0.0,0.0,0.0,0.0,13396.0,4.0,8876.0,12129.0,4.0,8889.0
41.39926228400145,0.0,0.0,0.0,0.0,0.0,0.0,0.0,0.0,0.0,0.0,0.0,0.0,0.0,13397.0,4.0,8896.0,12130.0,4.0,8909.0
41.409002636995865,0.0,0.0,0.0,0.0,0.0,0.0,0.0,0.0,0.0,0.0,0.0,0.0,0.0,13398.0,4.0,8916.0,12131.0,4.0,8919.0
41.84394086300745,0.0,0.0,0.0,0.0,0.0,0.0,0.0,0.0,0.0,0.0,0.0,0.0,0.0,13399.0,4.0,8936.0,12132.0,4.0,8949.0
41.844246788008604,0.0,0.0,0.0,0.0,0.0,0.0,0.0,0.0,0.0,0.0,0.0,0.0,0.0,13400.0,4.0,8956.0,12133.0,4.0,8969.0
41.844331387008424,0.0,0.0,0.0,0.0,0.0,0.0,0.0,0.0,0.0,0.0,0.0,0.0,0.0,13401.0,4.0,8976.0,12134.0,4.0,8989.0
41.84440532900044,0.0,0.0,0.0,0.0,0.0,0.0,0.0,0.0,0.0,0.0,0.0,0.0,0.0,13402.0,4.0,8996.0,12135.0,4.0,9010.0
41.84447058700607,0.0,0.0,0.0,0.0,0.0,0.0,0.0,0.0,0.0,0.0,0.0,0.0,0.0,13403.0,4.0,9016.0,12136.0,4.0,9021.0
41.84453120699618,0.0,0.0,0.0,0.0,0.0,0.0,0.0,0.0,0.0,0.0,0.0,0.0,0.0,13404.0,4.0,9036.0,12137.0,4.0,9039.0
41.84458760000416,0.0,0.0,0.0,0.0,0.0,0.0,0.0,0.0,0.0,0.0,0.0,0.0,0.0,13405.0,4.0,9056.0,12138.0,4.0,9059.0
41.84464360200218,0.0,0.0,0.0,0.0,0.0,0.0,0.0,0.0,0.0,0.0,0.0,0.0,0.0,13406.0,4.0,9076.0,12139.0,4.0,9089.0
41.84469931400963,0.0,0.0,0.0,0.0,0.0,0.0,0.0,0.0,0.0,0.0,0.0,0.0,0.0,13407.0,4.0,9096.0,12140.0,4.0,9109.0
41.844755016005365,0.0,0.0,0.0,0.0,0.0,0.0,0.0,0.0,0.0,0.0,0.0,0.0,0.0,13408.0,4.0,9116.0,12141.0,4.0,9119.0
41.844810448004864,0.0,0.0,0.0,0.0,0.0,0.0,0.0,0.0,0.0,0.0,0.0,0.0,0.0,13409.0,4.0,9136.0,12142.0,4.0,9149.0
41.84486467699753,0.0,0.0,0.0,0.0,0.0,0.0,0.0,0.0,0.0,0.0,0.0,0.0,0.0,13410.0,4.0,9156.0,12143.0,4.0,9169.0
41.84493033599574,0.0,0.0,0.0,0.0,0.0,0.0,0.0,0.0,0.0,0.0,0.0,0.0,0.0,13411.0,4.0,9176.0,12144.0,4.0,9189.0
41.84498351300135,0.0,0.0,0.0,0.0,0.0,0.0,0.0,0.0,0.0,0.0,0.0,0.0,0.0,13412.0,4.0,9196.0,12145.0,4.0,9209.0
41.84503728200798,0.0,0.0,0.0,0.0,0.0,0.0,0.0,0.0,0.0,0.0,0.0,0.0,0.0,13413.0,4.0,9216.0,12146.0,4.0,9219.0
41.84509019899997,0.0,0.0,0.0,0.0,0.0,0.0,0.0,0.0,0.0,0.0,0.0,0.0,0.0,13414.0,4.0,9236.0,12147.0,4.0,9249.0
41.84514457899786,0.0,0.0,0.0,0.0,0.0,0.0,0.0,0.0,0.0,0.0,0.0,0.0,0.0,13415.0,4.0,9256.0,12148.0,4.0,9269.0
41.84540673199808,0.0,0.0,0.0,0.0,0.0,0.0,0.0,0.0,0.0,0.0,0.0,0.0,0.0,13416.0,4.0,9276.0,12149.0,4.0,9289.0
41.84548484100378,0.0,0.0,0.0,0.0,0.0,0.0,0.0,0.0,0.0,0.0,0.0,0.0,0.0,13417.0,4.0,9296.0,12150.0,4.0,9309.0
41.845563741007936,0.0,0.0,0.0,0.0,0.0,0.0,0.0,0.0,0.0,0.0,0.0,0.0,0.0,13418.0,4.0,9316.0,12151.0,4.0,9319.0
41.84563961600361,0.0,0.0,0.0,0.0,0.0,0.0,0.0,0.0,0.0,0.0,0.0,0.0,0.0,13419.0,4.0,9336.0,12152.0,4.0,9339.0
41.84947822999675,0.0,0.0,0.0,0.0,0.0,0.0,0.0,0.0,0.0,0.0,0.0,0.0,0.0,13420.0,4.0,9356.0,12153.0,4.0,9359.0
41.87868323200382,0.0,0.0,0.0,0.0,0.0,0.0,0.0,0.0,0.0,0.0,0.0,0.0,0.0,13421.0,4.0,9376.0,12154.0,4.0,9389.0
41.9000789779966,0.0,0.0,0.0,0.0,0.0,0.0,0.0,0.0,0.0,0.0,0.0,0.0,0.0,13422.0,4.0,9396.0,12155.0,4.0,9409.0
41.909101807003026,0.0,0.0,0.0,0.0,0.0,0.0,0.0,0.0,0.0,0.0,0.0,0.0,0.0,13423.0,4.0,9416.0,12156.0,4.0,9419.0
41.94098679099989,0.0,0.0,0.0,0.0,0.0,0.0,0.0,0.0,0.0,0.0,0.0,0.0,0.0,13424.0,4.0,9436.0,12157.0,4.0,9449.0
42.3563958020095,0.0,0.0,0.0,0.0,0.0,0.0,0.0,0.0,0.0,0.0,0.0,0.0,0.0,13425.0,4.0,9456.0,12158.0,4.0,9469.0
42.356573625002056,0.0,0.0,0.0,0.0,0.0,0.0,0.0,0.0,0.0,0.0,0.0,0.0,0.0,13426.0,4.0,9476.0,12159.0,4.0,9489.0
42.356650290996186,0.0,0.0,0.0,0.0,0.0,0.0,0.0,0.0,0.0,0.0,0.0,0.0,0.0,13427.0,4.0,9496.0,12160.0,4.0,9510.0
42.356711543005076,0.0,0.0,0.0,0.0,0.0,0.0,0.0,0.0,0.0,0.0,0.0,0.0,0.0,13428.0,4.0,9516.0,12161.0,4.0,9520.0
42.35677081999893,0.0,0.0,0.0,0.0,0.0,0.0,0.0,0.0,0.0,0.0,0.0,0.0,0.0,13429.0,4.0,9536.0,12162.0,4.0,9539.0
42.35682632200769,0.0,0.0,0.0,0.0,0.0,0.0,0.0,0.0,0.0,0.0,0.0,0.0,0.0,13430.0,4.0,9556.0,12163.0,4.0,9569.0
42.35688232400571,0.0,0.0,0.0,0.0,0.0,0.0,0.0,0.0,0.0,0.0,0.0,0.0,0.0,13431.0,4.0,9576.0,12164.0,4.0,9589.0
42.35693760600407,0.0,0.0,0.0,0.0,0.0,0.0,0.0,0.0,0.0,0.0,0.0,0.0,0.0,13432.0,4.0,9596.0,12165.0,4.0,9609.0
42.35699251599726,0.0,0.0,0.0,0.0,0.0,0.0,0.0,0.0,0.0,0.0,0.0,0.0,0.0,13433.0,4.0,9616.0,12166.0,4.0,9618.0
42.35704716600594,0.0,0.0,0.0,0.0,0.0,0.0,0.0,0.0,0.0,0.0,0.0,0.0,0.0,13434.0,4.0,9636.0,12167.0,4.0,9649.0
42.35710313900199,0.0,0.0,0.0,0.0,0.0,0.0,0.0,0.0,0.0,0.0,0.0,0.0,0.0,13435.0,4.0,9656.0,12168.0,4.0,9669.0
42.35716248700919,0.0,0.0,0.0,0.0,0.0,0.0,0.0,0.0,0.0,0.0,0.0,0.0,0.0,13436.0,4.0,9676.0,12169.0,4.0,9689.0
42.35722983800224,0.0,0.0,0.0,0.0,0.0,0.0,0.0,0.0,0.0,0.0,0.0,0.0,0.0,13437.0,4.0,9696.0,12170.0,4.0,9709.0
42.357314036999014,0.0,0.0,0.0,0.0,0.0,0.0,0.0,0.0,0.0,0.0,0.0,0.0,0.0,13438.0,4.0,9716.0,12171.0,4.0,9719.0
42.35739552100131,0.0,0.0,0.0,0.0,0.0,0.0,0.0,0.0,0.0,0.0,0.0,0.0,0.0,13439.0,4.0,9736.0,12172.0,4.0,9739.0
42.357474942007684,0.0,0.0,0.0,0.0,0.0,0.0,0.0,0.0,0.0,0.0,0.0,0.0,0.0,13440.0,4.0,9756.0,12173.0,4.0,9769.0
42.357553852009005,0.0,0.0,0.0,0.0,0.0,0.0,0.0,0.0,0.0,0.0,0.0,0.0,0.0,13441.0,4.0,9776.0,12174.0,4.0,9789.0
42.357633544001146,0.0,0.0,0.0,0.0,0.0,0.0,0.0,0.0,0.0,0.0,0.0,0.0,0.0,13442.0,4.0,9796.0,12175.0,4.0,9809.0
42.35788014100399,0.0,0.0,0.0,0.0,0.0,0.0,0.0,0.0,0.0,0.0,0.0,0.0,0.0,13443.0,4.0,9816.0,12176.0,4.0,9819.0
42.357961385001545,0.0,0.0,0.0,0.0,0.0,0.0,0.0,0.0,0.0,0.0,0.0,0.0,0.0,13444.0,4.0,9836.0,12177.0,4.0,9849.0
42.360837180007366,0.0,0.0,0.0,0.0,0.0,0.0,0.0,0.0,0.0,0.0,0.0,0.0,0.0,13445.0,4.0,9856.0,12178.0,4.0,9869.0
42.37825729600445,0.0,0.0,0.0,0.0,0.0,0.0,0.0,0.0,0.0,0.0,0.0,0.0,0.0,13446.0,4.0,9876.0,12179.0,4.0,9889.0
42.39963818600518,0.0,0.0,0.0,0.0,0.0,0.0,0.0,0.0,0.0,0.0,0.0,0.0,0.0,13447.0,4.0,9896.0,12180.0,4.0,9909.0
42.42350797000108,0.0,0.0,0.0,0.0,0.0,0.0,0.0,0.0,0.0,0.0,0.0,0.0,0.0,13448.0,4.0,9916.0,12181.0,4.0,9919.0
42.43847562900919,0.0,0.0,0.0,0.0,0.0,0.0,0.0,0.0,0.0,0.0,0.0,0.0,0.0,13449.0,4.0,9936.0,12182.0,4.0,9949.0
42.862611475997255,0.0,0.0,0.0,0.0,0.0,0.0,0.0,0.0,0.0,0.0,0.0,0.0,0.0,13450.0,4.0,9956.0,12183.0,4.0,9969.0
42.86278690499603,0.0,0.0,0.0,0.0,0.0,0.0,0.0,0.0,0.0,0.0,0.0,0.0,0.0,13451.0,4.0,9976.0,12184.0,4.0,9989.0
42.862862751004286,0.0,0.0,0.0,0.0,0.0,0.0,0.0,0.0,0.0,0.0,0.0,0.0,0.0,13452.0,4.0,9996.0,12185.0,4.0,10010.0
42.86293585100793,0.0,0.0,0.0,0.0,0.0,0.0,0.0,0.0,0.0,0.0,0.0,0.0,0.0,13453.0,4.0,10016.0,12186.0,4.0,10020.0
42.86299934600538,0.0,0.0,0.0,0.0,0.0,0.0,0.0,0.0,0.0,0.0,0.0,0.0,0.0,13454.0,4.0,10036.0,12187.0,4.0,10039.0
42.863063110999065,0.0,0.0,0.0,0.0,0.0,0.0,0.0,0.0,0.0,0.0,0.0,0.0,0.0,13455.0,4.0,10056.0,12188.0,4.0,10059.0
42.86312500400527,0.0,0.0,0.0,0.0,0.0,0.0,0.0,0.0,0.0,0.0,0.0,0.0,0.0,13456.0,4.0,10076.0,12189.0,4.0,10089.0
42.86319039099908,0.0,0.0,0.0,0.0,0.0,0.0,0.0,0.0,0.0,0.0,0.0,0.0,0.0,13457.0,4.0,10096.0,12190.0,4.0,10109.0
42.86325219299761,0.0,0.0,0.0,0.0,0.0,0.0,0.0,0.0,0.0,0.0,0.0,0.0,0.0,13458.0,4.0,10116.0,12191.0,4.0,10118.0
42.863309588006814,0.0,0.0,0.0,0.0,0.0,0.0,0.0,0.0,0.0,0.0,0.0,0.0,0.0,13459.0,4.0,10136.0,12192.0,4.0,10149.0
42.863393246007035,0.0,0.0,0.0,0.0,0.0,0.0,0.0,0.0,0.0,0.0,0.0,0.0,0.0,13460.0,4.0,10156.0,12193.0,4.0,10168.0
42.86347659400781,0.0,0.0,0.0,0.0,0.0,0.0,0.0,0.0,0.0,0.0,0.0,0.0,0.0,13461.0,4.0,10176.0,12194.0,4.0,10189.0
42.86355544399703,0.0,0.0,0.0,0.0,0.0,0.0,0.0,0.0,0.0,0.0,0.0,0.0,0.0,13462.0,4.0,10196.0,12195.0,4.0,10209.0
42.86365175299579,0.0,0.0,0.0,0.0,0.0,0.0,0.0,0.0,0.0,0.0,0.0,0.0,0.0,13463.0,4.0,10216.0,12196.0,4.0,10219.0
42.863732747006,0.0,0.0,0.0,0.0,0.0,0.0,0.0,0.0,0.0,0.0,0.0,0.0,0.0,13464.0,4.0,10236.0,12197.0,4.0,10249.0
42.86381959999562,0.0,0.0,0.0,0.0,0.0,0.0,0.0,0.0,0.0,0.0,0.0,0.0,0.0,13465.0,4.0,10256.0,12198.0,4.0,10269.0
42.86390269700496,0.0,0.0,0.0,0.0,0.0,0.0,0.0,0.0,0.0,0.0,0.0,0.0,0.0,13466.0,4.0,10276.0,12199.0,4.0,10289.0
42.86413394899864,0.0,0.0,0.0,0.0,0.0,0.0,0.0,0.0,0.0,0.0,0.0,0.0,0.0,13467.0,4.0,10296.0,12200.0,4.0,10309.0
42.86423337300948,0.0,0.0,0.0,0.0,0.0,0.0,0.0,0.0,0.0,0.0,0.0,0.0,0.0,13468.0,4.0,10316.0,12201.0,4.0,10319.0
42.86432267099735,0.0,0.0,0.0,0.0,0.0,0.0,0.0,0.0,0.0,0.0,0.0,0.0,0.0,13469.0,4.0,10336.0,12202.0,4.0,10349.0
42.87050725000154,0.0,0.0,0.0,0.0,0.0,0.0,0.0,0.0,0.0,0.0,0.0,0.0,0.0,13470.0,4.0,10356.0,12203.0,4.0,10369.0
42.88251698600652,0.0,0.0,0.0,0.0,0.0,0.0,0.0,0.0,0.0,0.0,0.0,0.0,0.0,13471.0,4.0,10376.0,12204.0,4.0,10394.0
42.89176391100045,0.0,0.0,0.0,0.0,0.0,0.0,0.0,0.0,0.0,0.0,0.0,0.0,0.0,13472.0,4.0,10396.0,12205.0,4.0,10401.0
42.920139754001866,0.0,0.0,0.0,0.0,0.0,0.0,0.0,0.0,0.0,0.0,0.0,0.0,0.0,13473.0,4.0,10416.0,12206.0,4.0,10429.0
42.937989761005156,0.0,0.0,0.0,0.0,0.0,0.0,0.0,0.0,0.0,0.0,0.0,0.0,0.0,13474.0,4.0,10436.0,12207.0,4.0,10449.0
42.957993632997386,0.0,0.0,0.0,0.0,0.0,0.0,0.0,0.0,0.0,0.0,0.0,0.0,0.0,13475.0,4.0,10456.0,12208.0,4.0,10469.0
43.38142957400123,0.0,0.0,0.0,0.0,0.0,0.0,0.0,0.0,0.0,0.0,0.0,0.0,0.0,13476.0,4.0,10476.0,12209.0,4.0,10489.0
43.38158560200827,0.0,0.0,0.0,0.0,0.0,0.0,0.0,0.0,0.0,0.0,0.0,0.0,0.0,13477.0,4.0,10496.0,12210.0,4.0,10510.0
43.381658551996225,0.0,0.0,0.0,0.0,0.0,0.0,0.0,0.0,0.0,0.0,0.0,0.0,0.0,13478.0,4.0,10516.0,12211.0,4.0,10520.0
43.38172312900133,0.0,0.0,0.0,0.0,0.0,0.0,0.0,0.0,0.0,0.0,0.0,0.0,0.0,13479.0,4.0,10536.0,12212.0,4.0,10539.0
43.381785511999624,0.0,0.0,0.0,0.0,0.0,0.0,0.0,0.0,0.0,0.0,0.0,0.0,0.0,13480.0,4.0,10556.0,12213.0,4.0,10569.0
43.38184369800729,0.0,0.0,0.0,0.0,0.0,0.0,0.0,0.0,0.0,0.0,0.0,0.0,0.0,13481.0,4.0,10576.0,12214.0,4.0,10589.0
43.38190092300647,0.0,0.0,0.0,0.0,0.0,0.0,0.0,0.0,0.0,0.0,0.0,0.0,0.0,13482.0,4.0,10596.0,12215.0,4.0,10609.0
43.38199446699582,0.0,0.0,0.0,0.0,0.0,0.0,0.0,0.0,0.0,0.0,0.0,0.0,0.0,13483.0,4.0,10616.0,12216.0,4.0,10619.0
43.38207940700522,0.0,0.0,0.0,0.0,0.0,0.0,0.0,0.0,0.0,0.0,0.0,0.0,0.0,13484.0,4.0,10636.0,12217.0,4.0,10649.0
43.38216135300172,0.0,0.0,0.0,0.0,0.0,0.0,0.0,0.0,0.0,0.0,0.0,0.0,0.0,13485.0,4.0,10656.0,12218.0,4.0,10669.0
43.38225428599981,0.0,0.0,0.0,0.0,0.0,0.0,0.0,0.0,0.0,0.0,0.0,0.0,0.0,13486.0,4.0,10676.0,12219.0,4.0,10689.0
43.38233583100373,0.0,0.0,0.0,0.0,0.0,0.0,0.0,0.0,0.0,0.0,0.0,0.0,0.0,13487.0,4.0,10696.0,12220.0,4.0,10709.0
43.382433331003995,0.0,0.0,0.0,0.0,0.0,0.0,0.0,0.0,0.0,0.0,0.0,0.0,0.0,13488.0,4.0,10716.0,12221.0,4.0,10719.0
43.38251655900967,0.0,0.0,0.0,0.0,0.0,0.0,0.0,0.0,0.0,0.0,0.0,0.0,0.0,13489.0,4.0,10736.0,12222.0,4.0,10749.0
43.38259648100939,0.0,0.0,0.0,0.0,0.0,0.0,0.0,0.0,0.0,0.0,0.0,0.0,0.0,13490.0,4.0,10756.0,12223.0,4.0,10769.0
43.38283604600292,0.0,0.0,0.0,0.0,0.0,0.0,0.0,0.0,0.0,0.0,0.0,0.0,0.0,13491.0,4.0,10776.0,12224.0,4.0,10789.0
43.38350205600727,0.0,0.0,0.0,0.0,0.0,0.0,0.0,0.0,0.0,0.0,0.0,0.0,0.0,13492.0,4.0,10796.0,12225.0,4.0,10809.0
43.38361497200094,0.0,0.0,0.0,0.0,0.0,0.0,0.0,0.0,0.0,0.0,0.0,0.0,0.0,13493.0,4.0,10816.0,12226.0,4.0,10819.0
43.38369595599943,0.0,0.0,0.0,0.0,0.0,0.0,0.0,0.0,0.0,0.0,0.0,0.0,0.0,13494.0,4.0,10836.0,12227.0,4.0,10849.0
43.38377533700259,0.0,0.0,0.0,0.0,0.0,0.0,0.0,0.0,0.0,0.0,0.0,0.0,0.0,13495.0,4.0,10856.0,12228.0,4.0,10869.0
43.3838547780033,0.0,0.0,0.0,0.0,0.0,0.0,0.0,0.0,0.0,0.0,0.0,0.0,0.0,13496.0,4.0,10876.0,12229.0,4.0,10890.0
43.38592917200003,0.0,0.0,0.0,0.0,0.0,0.0,0.0,0.0,0.0,0.0,0.0,0.0,0.0,13497.0,4.0,10896.0,12230.0,4.0,10897.0
43.41865565800981,0.0,0.0,0.0,0.0,0.0,0.0,0.0,0.0,0.0,0.0,0.0,0.0,0.0,13498.0,4.0,10916.0,12231.0,4.0,10928.0
43.43927471000643,0.0,0.0,0.0,0.0,0.0,0.0,0.0,0.0,0.0,0.0,0.0,0.0,0.0,13499.0,4.0,10936.0,12232.0,4.0,10949.0
43.467896337999264,0.0,0.0,0.0,0.0,0.0,0.0,0.0,0.0,0.0,0.0,0.0,0.0,0.0,13500.0,4.0,10956.0,12233.0,4.0,10969.0
43.47858582100889,0.0,0.0,0.0,0.0,0.0,0.0,0.0,0.0,0.0,0.0,0.0,0.0,0.0,13501.0,4.0,10976.0,12234.0,4.0,10989.0
43.50041850699927,0.0,0.0,0.0,0.0,0.0,0.0,0.0,0.0,0.0,0.0,0.0,0.0,0.0,13502.0,4.0,10996.0,12235.0,4.0,11010.0
43.51223939900228,0.0,0.0,0.0,0.0,0.0,0.0,0.0,0.0,0.0,0.0,0.0,0.0,0.0,13503.0,4.0,11016.0,12236.0,4.0,11020.0
43.53161139199801,0.0,0.0,0.0,0.0,0.0,0.0,0.0,0.0,0.0,0.0,0.0,0.0,0.0,13504.0,4.0,11036.0,12237.0,4.0,11039.0
43.558970234007575,0.0,0.0,0.0,0.0,0.0,0.0,0.0,0.0,0.0,0.0,0.0,0.0,0.0,13505.0,4.0,11056.0,12238.0,4.0,11069.0
43.57945158900111,0.0,0.0,0.0,0.0,0.0,0.0,0.0,0.0,0.0,0.0,0.0,0.0,0.0,13506.0,4.0,11076.0,12239.0,4.0,11089.0
43.59994170800201,0.0,0.0,0.0,0.0,0.0,0.0,0.0,0.0,0.0,0.0,0.0,0.0,0.0,13507.0,4.0,11096.0,12240.0,4.0,11109.0
43.61528091999935,0.0,0.0,0.0,0.0,0.0,0.0,0.0,0.0,0.0,0.0,0.0,0.0,0.0,13508.0,4.0,11116.0,12241.0,4.0,11119.0
43.74473596300231,0.0,0.0,0.0,0.0,0.0,0.0,0.0,0.0,0.0,0.0,0.0,0.0,0.0,13509.0,4.0,11136.0,12242.0,4.0,11149.0
43.74521061600535,0.0,0.0,0.0,0.0,0.0,0.0,0.0,0.0,0.0,0.0,0.0,0.0,0.0,13510.0,4.0,11156.0,12243.0,4.0,11169.0
43.74552759999642,0.0,0.0,0.0,0.0,0.0,0.0,0.0,0.0,0.0,0.0,0.0,0.0,0.0,13511.0,4.0,11176.0,12244.0,4.0,11189.0
43.74586199200712,0.0,0.0,0.0,0.0,0.0,0.0,0.0,0.0,0.0,0.0,0.0,0.0,0.0,13512.0,4.0,11196.0,12245.0,4.0,11209.0
43.74612781099859,0.0,0.0,0.0,0.0,0.0,0.0,0.0,0.0,0.0,0.0,0.0,0.0,0.0,13513.0,4.0,11216.0,12246.0,4.0,11219.0
43.74626741200336,0.0,0.0,0.0,0.0,0.0,0.0,0.0,0.0,0.0,0.0,0.0,0.0,0.0,13514.0,4.0,11236.0,12247.0,4.0,11249.0
43.7579222189961,0.0,0.0,0.0,0.0,0.0,0.0,0.0,0.0,0.0,0.0,0.0,0.0,0.0,13515.0,4.0,11256.0,12248.0,4.0,11269.0
43.77892119900207,0.0,0.0,0.0,0.0,0.0,0.0,0.0,0.0,0.0,0.0,0.0,0.0,0.0,13516.0,4.0,11276.0,12249.0,4.0,11289.0
43.79763066700252,0.0,0.0,0.0,0.0,0.0,0.0,0.0,0.0,0.0,0.0,0.0,0.0,0.0,13517.0,4.0,11296.0,12250.0,4.0,11309.0
43.81001214499702,0.0,0.0,0.0,0.0,0.0,0.0,0.0,0.0,0.0,0.0,0.0,0.0,0.0,13518.0,4.0,11316.0,12251.0,4.0,11319.0
43.84111127399956,0.0,0.0,0.0,0.0,0.0,0.0,0.0,0.0,0.0,0.0,0.0,0.0,0.0,13519.0,4.0,11336.0,12252.0,4.0,11349.0
43.96204323100392,0.0,0.0,0.0,0.0,0.0,0.0,0.0,0.0,0.0,0.0,0.0,0.0,0.0,13520.0,4.0,11356.0,12253.0,4.0,11369.0
43.962520790009876,0.0,0.0,0.0,0.0,0.0,0.0,0.0,0.0,0.0,0.0,0.0,0.0,0.0,13521.0,4.0,11376.0,12254.0,4.0,11389.0
43.96280262499931,0.0,0.0,0.0,0.0,0.0,0.0,0.0,0.0,0.0,0.0,0.0,0.0,0.0,13522.0,4.0,11396.0,12255.0,4.0,11409.0
43.963034849002725,0.0,0.0,0.0,0.0,0.0,0.0,0.0,0.0,0.0,0.0,0.0,0.0,0.0,13523.0,4.0,11416.0,12256.0,4.0,11419.0
43.96325988099852,0.0,0.0,0.0,0.0,0.0,0.0,0.0,0.0,0.0,0.0,0.0,0.0,0.0,13524.0,4.0,11436.0,12257.0,4.0,11449.0
43.96332978599821,0.0,0.0,0.0,0.0,0.0,0.0,0.0,0.0,0.0,0.0,0.0,0.0,0.0,13525.0,4.0,11456.0,12258.0,4.0,11469.0
43.977934285008814,0.0,0.0,0.0,0.0,0.0,0.0,0.0,0.0,0.0,0.0,0.0,0.0,0.0,13526.0,4.0,11476.0,12259.0,4.0,11489.0
44.000757677000365,0.0,0.0,0.0,0.0,0.0,0.0,0.0,0.0,0.0,0.0,0.0,0.0,0.0,13527.0,4.0,11496.0,12260.0,4.0,11510.0
44.01077113499923,0.0,0.0,0.0,0.0,0.0,0.0,0.0,0.0,0.0,0.0,0.0,0.0,0.0,13528.0,4.0,11516.0,12261.0,4.0,11521.0
44.03055681999831,0.0,0.0,0.0,0.0,0.0,0.0,0.0,0.0,0.0,0.0,0.0,0.0,0.0,13529.0,4.0,11536.0,12262.0,4.0,11539.0
44.057991358000436,0.0,0.0,0.0,0.0,0.0,0.0,0.0,0.0,0.0,0.0,0.0,0.0,0.0,13530.0,4.0,11556.0,12263.0,4.0,11569.0
44.18397176200233,0.0,0.0,0.0,0.0,0.0,0.0,0.0,0.0,0.0,0.0,0.0,0.0,0.0,13531.0,4.0,11576.0,12264.0,4.0,11589.0
44.18410300799587,0.0,0.0,0.0,0.0,0.0,0.0,0.0,0.0,0.0,0.0,0.0,0.0,0.0,13532.0,4.0,11596.0,12265.0,4.0,11609.0
44.184180486001424,0.0,0.0,0.0,0.0,0.0,0.0,0.0,0.0,0.0,0.0,0.0,0.0,0.0,13533.0,4.0,11616.0,12266.0,4.0,11619.0
44.18424440200033,0.0,0.0,0.0,0.0,0.0,0.0,0.0,0.0,0.0,0.0,0.0,0.0,0.0,13534.0,4.0,11636.0,12267.0,4.0,11649.0
44.184302768000634,0.0,0.0,0.0,0.0,0.0,0.0,0.0,0.0,0.0,0.0,0.0,0.0,0.0,13535.0,4.0,11656.0,12268.0,4.0,11669.0
44.18435980301001,0.0,0.0,0.0,0.0,0.0,0.0,0.0,0.0,0.0,0.0,0.0,0.0,0.0,13536.0,4.0,11676.0,12269.0,4.0,11689.0
44.19801146800455,0.0,0.0,0.0,0.0,0.0,0.0,0.0,0.0,0.0,0.0,0.0,0.0,0.0,13537.0,4.0,11696.0,12270.0,4.0,11709.0
44.20799015800003,0.0,0.0,0.0,0.0,0.0,0.0,0.0,0.0,0.0,0.0,0.0,0.0,0.0,13538.0,4.0,11716.0,12271.0,4.0,11719.0
44.23715988099866,0.0,0.0,0.0,0.0,0.0,0.0,0.0,0.0,0.0,0.0,0.0,0.0,0.0,13539.0,4.0,11736.0,12272.0,4.0,11748.0
44.25853393999569,0.0,0.0,0.0,0.0,0.0,0.0,0.0,0.0,0.0,0.0,0.0,0.0,0.0,13540.0,4.0,11756.0,12273.0,4.0,11769.0
44.27851264399942,0.0,0.0,0.0,0.0,0.0,0.0,0.0,0.0,0.0,0.0,0.0,0.0,0.0,13541.0,4.0,11776.0,12274.0,4.0,11789.0
44.33170046300802,0.0,0.0,0.0,0.0,0.0,0.0,0.0,0.0,0.0,0.0,0.0,0.0,0.0,13542.0,4.0,11796.0,12275.0,4.0,11809.0
44.33180855099636,0.0,0.0,0.0,0.0,0.0,0.0,0.0,0.0,0.0,0.0,0.0,0.0,0.0,13543.0,4.0,11816.0,12276.0,4.0,11819.0
44.409534619000624,0.0,0.0,0.0,0.0,0.0,0.0,0.0,0.0,0.0,0.0,0.0,0.0,0.0,13544.0,4.0,11836.0,12277.0,4.0,11849.0
44.409916741002235,0.0,0.0,0.0,0.0,0.0,0.0,0.0,0.0,0.0,0.0,0.0,0.0,0.0,13545.0,4.0,11856.0,12278.0,4.0,11869.0
44.41018164799607,0.0,0.0,0.0,0.0,0.0,0.0,0.0,0.0,0.0,0.0,0.0,0.0,0.0,13546.0,4.0,11876.0,12279.0,4.0,11890.0
44.41034096200019,0.0,0.0,0.0,0.0,0.0,0.0,0.0,0.0,0.0,0.0,0.0,0.0,0.0,13547.0,4.0,11896.0,12280.0,4.0,11908.0
44.4103959530039,0.0,0.0,0.0,0.0,0.0,0.0,0.0,0.0,0.0,0.0,0.0,0.0,0.0,13548.0,4.0,11916.0,12281.0,4.0,11918.0
44.44003773499571,0.0,0.0,0.0,0.0,0.0,0.0,0.0,0.0,0.0,0.0,0.0,0.0,0.0,13549.0,4.0,11936.0,12282.0,4.0,11949.0
44.457765244005714,0.0,0.0,0.0,0.0,0.0,0.0,0.0,0.0,0.0,0.0,0.0,0.0,0.0,13550.0,4.0,11956.0,12283.0,4.0,11969.0
44.47944745600398,0.0,0.0,0.0,0.0,0.0,0.0,0.0,0.0,0.0,0.0,0.0,0.0,0.0,13551.0,4.0,11976.0,12284.0,4.0,11989.0
44.50060851700255,0.0,0.0,0.0,0.0,0.0,0.0,0.0,0.0,0.0,0.0,0.0,0.0,0.0,13552.0,4.0,11996.0,12285.0,4.0,12011.0
44.62122643600742,0.0,0.0,0.0,0.0,0.0,0.0,0.0,0.0,0.0,0.0,0.0,0.0,0.0,13553.0,4.0,12016.0,12286.0,4.0,12022.0
44.621333513001446,0.0,0.0,0.0,0.0,0.0,0.0,0.0,0.0,0.0,0.0,0.0,0.0,0.0,13554.0,4.0,12036.0,12287.0,4.0,12049.0
44.62140205600008,0.0,0.0,0.0,0.0,0.0,0.0,0.0,0.0,0.0,0.0,0.0,0.0,0.0,13555.0,4.0,12056.0,12288.0,4.0,12069.0
44.62146095299977,0.0,0.0,0.0,0.0,0.0,0.0,0.0,0.0,0.0,0.0,0.0,0.0,0.0,13556.0,4.0,12076.0,12289.0,4.0,12089.0
44.62151753700164,0.0,0.0,0.0,0.0,0.0,0.0,0.0,0.0,0.0,0.0,0.0,0.0,0.0,13557.0,4.0,12096.0,12290.0,4.0,12109.0
44.62157310900511,0.0,0.0,0.0,0.0,0.0,0.0,0.0,0.0,0.0,0.0,0.0,0.0,0.0,13558.0,4.0,12116.0,12291.0,4.0,12119.0
44.64069673400081,0.0,0.0,0.0,0.0,0.0,0.0,0.0,0.0,0.0,0.0,0.0,0.0,0.0,13559.0,4.0,12136.0,12292.0,4.0,12149.0
44.66127496199624,0.0,0.0,0.0,0.0,0.0,0.0,0.0,0.0,0.0,0.0,0.0,0.0,0.0,13560.0,4.0,12156.0,12293.0,4.0,12169.0
44.679316189009114,0.0,0.0,0.0,0.0,0.0,0.0,0.0,0.0,0.0,0.0,0.0,0.0,0.0,13561.0,4.0,12176.0,12294.0,4.0,12189.0
44.697899631995824,0.0,0.0,0.0,0.0,0.0,0.0,0.0,0.0,0.0,0.0,0.0,0.0,0.0,13562.0,4.0,12196.0,12295.0,4.0,12209.0
44.70964044900029,0.0,0.0,0.0,0.0,0.0,0.0,0.0,0.0,0.0,0.0,0.0,0.0,0.0,13563.0,4.0,12216.0,12296.0,4.0,12219.0
44.84324667700275,0.0,0.0,0.0,0.0,0.0,0.0,0.0,0.0,0.0,0.0,0.0,0.0,0.0,13564.0,4.0,12236.0,12297.0,4.0,12249.0
44.84338569600368,0.0,0.0,0.0,0.0,0.0,0.0,0.0,0.0,0.0,0.0,0.0,0.0,0.0,13565.0,4.0,12256.0,12298.0,4.0,12269.0
44.84345200599637,0.0,0.0,0.0,0.0,0.0,0.0,0.0,0.0,0.0,0.0,0.0,0.0,0.0,13566.0,4.0,12276.0,12299.0,4.0,12289.0
44.843510503007565,0.0,0.0,0.0,0.0,0.0,0.0,0.0,0.0,0.0,0.0,0.0,0.0,0.0,13567.0,4.0,12296.0,12300.0,4.0,12309.0
44.843566555005964,0.0,0.0,0.0,0.0,0.0,0.0,0.0,0.0,0.0,0.0,0.0,0.0,0.0,13568.0,4.0,12316.0,12301.0,4.0,12319.0
44.843621375999646,0.0,0.0,0.0,0.0,0.0,0.0,0.0,0.0,0.0,0.0,0.0,0.0,0.0,13569.0,4.0,12336.0,12302.0,4.0,12349.0
44.86263062199578,0.0,0.0,0.0,0.0,0.0,0.0,0.0,0.0,0.0,0.0,0.0,0.0,0.0,13570.0,4.0,12356.0,12303.0,4.0,12369.0
44.87460712900793,0.0,0.0,0.0,0.0,0.0,0.0,0.0,0.0,0.0,0.0,0.0,0.0,0.0,13571.0,4.0,12376.0,12304.0,4.0,12385.0
44.89764275700145,0.0,0.0,0.0,0.0,0.0,0.0,0.0,0.0,0.0,0.0,0.0,0.0,0.0,13572.0,4.0,12396.0,12305.0,4.0,12409.0
44.910251419001725,0.0,0.0,0.0,0.0,0.0,0.0,0.0,0.0,0.0,0.0,0.0,0.0,0.0,13573.0,4.0,12416.0,12306.0,4.0,12419.0
44.93786939799611,0.0,0.0,0.0,0.0,0.0,0.0,0.0,0.0,0.0,0.0,0.0,0.0,0.0,13574.0,4.0,12436.0,12307.0,4.0,12449.0
45.06175414400059,0.0,0.0,0.0,0.0,0.0,0.0,0.0,0.0,0.0,0.0,0.0,0.0,0.0,13575.0,4.0,12456.0,12308.0,4.0,12469.0
45.061905584007036,0.0,0.0,0.0,0.0,0.0,0.0,0.0,0.0,0.0,0.0,0.0,0.0,0.0,13576.0,4.0,12476.0,12309.0,4.0,12489.0
45.06197277500178,0.0,0.0,0.0,0.0,0.0,0.0,0.0,0.0,0.0,0.0,0.0,0.0,0.0,13577.0,4.0,12496.0,12310.0,4.0,12510.0
45.062031552006374,0.0,0.0,0.0,0.0,0.0,0.0,0.0,0.0,0.0,0.0,0.0,0.0,0.0,13578.0,4.0,12516.0,12311.0,4.0,12521.0
45.06208852599957,0.0,0.0,0.0,0.0,0.0,0.0,0.0,0.0,0.0,0.0,0.0,0.0,0.0,13579.0,4.0,12536.0,12312.0,4.0,12539.0
45.072682569007156,0.0,0.0,0.0,0.0,0.0,0.0,0.0,0.0,0.0,0.0,0.0,0.0,0.0,13580.0,4.0,12556.0,12313.0,4.0,12569.0
45.07840700700763,0.0,0.0,0.0,0.0,0.0,0.0,0.0,0.0,0.0,0.0,0.0,0.0,0.0,13581.0,4.0,12576.0,12314.0,4.0,12589.0
45.098182689005625,0.0,0.0,0.0,0.0,0.0,0.0,0.0,0.0,0.0,0.0,0.0,0.0,0.0,13582.0,4.0,12596.0,12315.0,4.0,12609.0
45.107481072001974,0.0,0.0,0.0,0.0,0.0,0.0,0.0,0.0,0.0,0.0,0.0,0.0,0.0,13583.0,4.0,12616.0,12316.0,4.0,12619.0
45.13795651200053,0.0,0.0,0.0,0.0,0.0,0.0,0.0,0.0,0.0,0.0,0.0,0.0,0.0,13584.0,4.0,12636.0,12317.0,4.0,12649.0
45.15946433600038,0.0,0.0,0.0,0.0,0.0,0.0,0.0,0.0,0.0,0.0,0.0,0.0,0.0,13585.0,4.0,12656.0,12318.0,4.0,12669.0
45.19483235900407,0.0,0.0,0.0,0.0,0.0,0.0,0.0,0.0,0.0,0.0,0.0,0.0,0.0,13586.0,4.0,12676.0,12319.0,4.0,12689.0
45.28515619800601,0.0,0.0,0.0,0.0,0.0,0.0,0.0,0.0,0.0,0.0,0.0,0.0,0.0,13587.0,4.0,12696.0,12320.0,4.0,12709.0
45.285328352008946,0.0,0.0,0.0,0.0,0.0,0.0,0.0,0.0,0.0,0.0,0.0,0.0,0.0,13588.0,4.0,12716.0,12321.0,4.0,12719.0
45.28539472199918,0.0,0.0,0.0,0.0,0.0,0.0,0.0,0.0,0.0,0.0,0.0,0.0,0.0,13589.0,4.0,12736.0,12322.0,4.0,12749.0
45.28545470100653,0.0,0.0,0.0,0.0,0.0,0.0,0.0,0.0,0.0,0.0,0.0,0.0,0.0,13590.0,4.0,12756.0,12323.0,4.0,12769.0
45.290251806000015,0.0,0.0,0.0,0.0,0.0,0.0,0.0,0.0,0.0,0.0,0.0,0.0,0.0,13591.0,4.0,12776.0,12324.0,4.0,12789.0
45.29830127500463,0.0,0.0,0.0,0.0,0.0,0.0,0.0,0.0,0.0,0.0,0.0,0.0,0.0,13592.0,4.0,12796.0,12325.0,4.0,12809.0
45.30677824000304,0.0,0.0,0.0,0.0,0.0,0.0,0.0,0.0,0.0,0.0,0.0,0.0,0.0,13593.0,4.0,12816.0,12326.0,4.0,12819.0
45.3372859939991,0.0,0.0,0.0,0.0,0.0,0.0,0.0,0.0,0.0,0.0,0.0,0.0,0.0,13594.0,4.0,12836.0,12327.0,4.0,12849.0
45.357422683009645,0.0,0.0,0.0,0.0,0.0,0.0,0.0,0.0,0.0,0.0,0.0,0.0,0.0,13595.0,4.0,12856.0,12328.0,4.0,12869.0
45.37933717900887,0.0,0.0,0.0,0.0,0.0,0.0,0.0,0.0,0.0,0.0,0.0,0.0,0.0,13596.0,4.0,12876.0,12329.0,4.0,12888.0
45.50286945000698,0.0,0.0,0.0,0.0,0.0,0.0,0.0,0.0,0.0,0.0,0.0,0.0,0.0,13597.0,4.0,12896.0,12330.0,4.0,12909.0
45.50299361500947,0.0,0.0,0.0,0.0,0.0,0.0,0.0,0.0,0.0,0.0,0.0,0.0,0.0,13598.0,4.0,12916.0,12331.0,4.0,12919.0
45.50306372100022,0.0,0.0,0.0,0.0,0.0,0.0,0.0,0.0,0.0,0.0,0.0,0.0,0.0,13599.0,4.0,12936.0,12332.0,4.0,12949.0
45.5031245709979,0.0,0.0,0.0,0.0,0.0,0.0,0.0,0.0,0.0,0.0,0.0,0.0,0.0,13600.0,4.0,12956.0,12333.0,4.0,12969.0
45.50319193300675,0.0,0.0,0.0,0.0,0.0,0.0,0.0,0.0,0.0,0.0,0.0,0.0,0.0,13601.0,4.0,12976.0,12334.0,4.0,12989.0
45.50325330400665,0.0,0.0,0.0,0.0,0.0,0.0,0.0,0.0,0.0,0.0,0.0,0.0,0.0,13602.0,4.0,12996.0,12335.0,4.0,13010.0
45.51004218500748,0.0,0.0,0.0,0.0,0.0,0.0,0.0,0.0,0.0,0.0,0.0,0.0,0.0,13603.0,4.0,13016.0,12336.0,4.0,13021.0
45.52904869899794,0.0,0.0,0.0,0.0,0.0,0.0,0.0,0.0,0.0,0.0,0.0,0.0,0.0,13604.0,4.0,13036.0,12337.0,4.0,13040.0
45.5483755430032,0.0,0.0,0.0,0.0,0.0,0.0,0.0,0.0,0.0,0.0,0.0,0.0,0.0,13605.0,4.0,13056.0,12338.0,4.0,13059.0
45.579134832005366,0.0,0.0,0.0,0.0,0.0,0.0,0.0,0.0,0.0,0.0,0.0,0.0,0.0,13606.0,4.0,13076.0,12339.0,4.0,13089.0
45.59814880900376,0.0,0.0,0.0,0.0,0.0,0.0,0.0,0.0,0.0,0.0,0.0,0.0,0.0,13607.0,4.0,13096.0,12340.0,4.0,13109.0
45.72430617400096,0.0,0.0,0.0,0.0,0.0,0.0,0.0,0.0,0.0,0.0,0.0,0.0,0.0,13608.0,4.0,13116.0,12341.0,4.0,13119.0
45.72446185100125,0.0,0.0,0.0,0.0,0.0,0.0,0.0,0.0,0.0,0.0,0.0,0.0,0.0,13609.0,4.0,13136.0,12342.0,4.0,13149.0
45.72727584200038,0.0,0.0,0.0,0.0,0.0,0.0,0.0,0.0,0.0,0.0,0.0,0.0,0.0,13610.0,4.0,13156.0,12343.0,4.0,13169.0
45.72735253900464,0.0,0.0,0.0,0.0,0.0,0.0,0.0,0.0,0.0,0.0,0.0,0.0,0.0,13611.0,4.0,13176.0,12344.0,4.0,13189.0
45.727416465000715,0.0,0.0,0.0,0.0,0.0,0.0,0.0,0.0,0.0,0.0,0.0,0.0,0.0,13612.0,4.0,13196.0,12345.0,4.0,13209.0
45.72751730099844,0.0,0.0,0.0,0.0,0.0,0.0,0.0,0.0,0.0,0.0,0.0,0.0,0.0,13613.0,4.0,13216.0,12346.0,4.0,13220.0
45.73027370699856,0.0,0.0,0.0,0.0,0.0,0.0,0.0,0.0,0.0,0.0,0.0,0.0,0.0,13614.0,4.0,13236.0,12347.0,4.0,13239.0
45.75816252200457,0.0,0.0,0.0,0.0,0.0,0.0,0.0,0.0,0.0,0.0,0.0,0.0,0.0,13615.0,4.0,13256.0,12348.0,4.0,13269.0
45.77782416899572,0.0,0.0,0.0,0.0,0.0,0.0,0.0,0.0,0.0,0.0,0.0,0.0,0.0,13616.0,4.0,13276.0,12349.0,4.0,13289.0
45.79874619000475,0.0,0.0,0.0,0.0,0.0,0.0,0.0,0.0,0.0,0.0,0.0,0.0,0.0,13617.0,4.0,13296.0,12350.0,4.0,13309.0
45.80783484200947,0.0,0.0,0.0,0.0,0.0,0.0,0.0,0.0,0.0,0.0,0.0,0.0,0.0,13618.0,4.0,13316.0,12351.0,4.0,13319.0
46.16204316299991,0.0,0.0,0.0,0.0,0.0,0.0,0.0,0.0,0.0,0.0,0.0,0.0,0.0,13619.0,4.0,13336.0,12352.0,4.0,13349.0
46.16223592200549,0.0,0.0,0.0,0.0,0.0,0.0,0.0,0.0,0.0,0.0,0.0,0.0,0.0,13620.0,4.0,13356.0,12353.0,4.0,13369.0
46.16231303900713,0.0,0.0,0.0,0.0,0.0,0.0,0.0,0.0,0.0,0.0,0.0,0.0,0.0,13621.0,4.0,13376.0,12354.0,4.0,13389.0
46.16237246799574,0.0,0.0,0.0,0.0,0.0,0.0,0.0,0.0,0.0,0.0,0.0,0.0,0.0,13622.0,4.0,13396.0,12355.0,4.0,13409.0
46.162429181000334,0.0,0.0,0.0,0.0,0.0,0.0,0.0,0.0,0.0,0.0,0.0,0.0,0.0,13623.0,4.0,13416.0,12356.0,4.0,13419.0
46.16248452299624,0.0,0.0,0.0,0.0,0.0,0.0,0.0,0.0,0.0,0.0,0.0,0.0,0.0,13624.0,4.0,13436.0,12357.0,4.0,13449.0
46.16330086199741,0.0,0.0,0.0,0.0,0.0,0.0,0.0,0.0,0.0,0.0,0.0,0.0,0.0,13625.0,4.0,13456.0,12358.0,4.0,13469.0
46.16338824700506,0.0,0.0,0.0,0.0,0.0,0.0,0.0,0.0,0.0,0.0,0.0,0.0,0.0,13626.0,4.0,13476.0,12359.0,4.0,13488.0
46.16347052300989,0.0,0.0,0.0,0.0,0.0,0.0,0.0,0.0,0.0,0.0,0.0,0.0,0.0,13627.0,4.0,13496.0,12360.0,4.0,13510.0
46.16356144299789,0.0,0.0,0.0,0.0,0.0,0.0,0.0,0.0,0.0,0.0,0.0,0.0,0.0,13628.0,4.0,13516.0,12361.0,4.0,13521.0
46.16364998900099,0.0,0.0,0.0,0.0,0.0,0.0,0.0,0.0,0.0,0.0,0.0,0.0,0.0,13629.0,4.0,13536.0,12362.0,4.0,13539.0
46.16373119300988,0.0,0.0,0.0,0.0,0.0,0.0,0.0,0.0,0.0,0.0,0.0,0.0,0.0,13630.0,4.0,13556.0,12363.0,4.0,13569.0
46.16381699500198,0.0,0.0,0.0,0.0,0.0,0.0,0.0,0.0,0.0,0.0,0.0,0.0,0.0,13631.0,4.0,13576.0,12364.0,4.0,13589.0
46.16387167600624,0.0,0.0,0.0,0.0,0.0,0.0,0.0,0.0,0.0,0.0,0.0,0.0,0.0,13632.0,4.0,13596.0,12365.0,4.0,13609.0
46.16393488000904,0.0,0.0,0.0,0.0,0.0,0.0,0.0,0.0,0.0,0.0,0.0,0.0,0.0,13633.0,4.0,13616.0,12366.0,4.0,13619.0
46.16398833799758,0.0,0.0,0.0,0.0,0.0,0.0,0.0,0.0,0.0,0.0,0.0,0.0,0.0,13634.0,4.0,13636.0,12367.0,4.0,13649.0
46.164040964999,0.0,0.0,0.0,0.0,0.0,0.0,0.0,0.0,0.0,0.0,0.0,0.0,0.0,13635.0,4.0,13656.0,12368.0,4.0,13669.0
46.177109305004706,0.0,0.0,0.0,0.0,0.0,0.0,0.0,0.0,0.0,0.0,0.0,0.0,0.0,13636.0,4.0,13676.0,12369.0,4.0,13689.0
46.19857569500164,0.0,0.0,0.0,0.0,0.0,0.0,0.0,0.0,0.0,0.0,0.0,0.0,0.0,13637.0,4.0,13696.0,12370.0,4.0,13709.0
46.207506525999634,0.0,0.0,0.0,0.0,0.0,0.0,0.0,0.0,0.0,0.0,0.0,0.0,0.0,13638.0,4.0,13716.0,12371.0,4.0,13719.0
46.240570574998856,0.0,0.0,0.0,0.0,0.0,0.0,0.0,0.0,0.0,0.0,0.0,0.0,0.0,13639.0,4.0,13736.0,12372.0,4.0,13749.0
46.25715076900087,0.0,0.0,0.0,0.0,0.0,0.0,0.0,0.0,0.0,0.0,0.0,0.0,0.0,13640.0,4.0,13756.0,12373.0,4.0,13769.0
46.37258631300938,0.0,0.0,0.0,0.0,0.0,0.0,0.0,0.0,0.0,0.0,0.0,0.0,0.0,13641.0,4.0,13776.0,12374.0,4.0,13789.0
46.372696805003216,0.0,0.0,0.0,0.0,0.0,0.0,0.0,0.0,0.0,0.0,0.0,0.0,0.0,13642.0,4.0,13796.0,12375.0,4.0,13808.0
46.374288236009306,0.0,0.0,0.0,0.0,0.0,0.0,0.0,0.0,0.0,0.0,0.0,0.0,0.0,13643.0,4.0,13816.0,12376.0,4.0,13818.0
46.374380328008556,0.0,0.0,0.0,0.0,0.0,0.0,0.0,0.0,0.0,0.0,0.0,0.0,0.0,13644.0,4.0,13836.0,12377.0,4.0,13849.0
46.374443352004164,0.0,0.0,0.0,0.0,0.0,0.0,0.0,0.0,0.0,0.0,0.0,0.0,0.0,13645.0,4.0,13856.0,12378.0,4.0,13869.0
46.38201198200113,0.0,0.0,0.0,0.0,0.0,0.0,0.0,0.0,0.0,0.0,0.0,0.0,0.0,13646.0,4.0,13876.0,12379.0,4.0,13889.0
46.39824943699932,0.0,0.0,0.0,0.0,0.0,0.0,0.0,0.0,0.0,0.0,0.0,0.0,0.0,13647.0,4.0,13896.0,12380.0,4.0,13909.0
46.40780520699627,0.0,0.0,0.0,0.0,0.0,0.0,0.0,0.0,0.0,0.0,0.0,0.0,0.0,13648.0,4.0,13916.0,12381.0,4.0,13919.0
46.43833905400243,0.0,0.0,0.0,0.0,0.0,0.0,0.0,0.0,0.0,0.0,0.0,0.0,0.0,13649.0,4.0,13936.0,12382.0,4.0,13949.0
46.457663937006146,0.0,0.0,0.0,0.0,0.0,0.0,0.0,0.0,0.0,0.0,0.0,0.0,0.0,13650.0,4.0,13956.0,12383.0,4.0,13969.0
46.47740770300152,0.0,0.0,0.0,0.0,0.0,0.0,0.0,0.0,0.0,0.0,0.0,0.0,0.0,13651.0,4.0,13976.0,12384.0,4.0,13989.0
46.578263065996,0.0,0.0,0.0,0.0,0.0,0.0,0.0,0.0,0.0,0.0,0.0,0.0,0.0,13652.0,4.0,13996.0,12385.0,4.0,14010.0
46.57841948499845,0.0,0.0,0.0,0.0,0.0,0.0,0.0,0.0,0.0,0.0,0.0,0.0,0.0,13653.0,4.0,14016.0,12386.0,4.0,14020.0
46.57848901899706,0.0,0.0,0.0,0.0,0.0,0.0,0.0,0.0,0.0,0.0,0.0,0.0,0.0,13654.0,4.0,14036.0,12387.0,4.0,14039.0
46.5785493489966,0.0,0.0,0.0,0.0,0.0,0.0,0.0,0.0,0.0,0.0,0.0,0.0,0.0,13655.0,4.0,14056.0,12388.0,4.0,14069.0
46.57860669400543,0.0,0.0,0.0,0.0,0.0,0.0,0.0,0.0,0.0,0.0,0.0,0.0,0.0,13656.0,4.0,14076.0,12389.0,4.0,14089.0
46.605786796004395,0.0,0.0,0.0,0.0,0.0,0.0,0.0,0.0,0.0,0.0,0.0,0.0,0.0,13657.0,4.0,14096.0,12390.0,4.0,14109.0
46.608149883002625,0.0,0.0,0.0,0.0,0.0,0.0,0.0,0.0,0.0,0.0,0.0,0.0,0.0,13658.0,4.0,14116.0,12391.0,4.0,14119.0
46.64851097900828,0.0,0.0,0.0,0.0,0.0,0.0,0.0,0.0,0.0,0.0,0.0,0.0,0.0,13659.0,4.0,14136.0,12392.0,4.0,14149.0
46.65782984800171,0.0,0.0,0.0,0.0,0.0,0.0,0.0,0.0,0.0,0.0,0.0,0.0,0.0,13660.0,4.0,14156.0,12393.0,4.0,14169.0
46.67904451600043,0.0,0.0,0.0,0.0,0.0,0.0,0.0,0.0,0.0,0.0,0.0,0.0,0.0,13661.0,4.0,14176.0,12394.0,4.0,14189.0
46.69824572499783,0.0,0.0,0.0,0.0,0.0,0.0,0.0,0.0,0.0,0.0,0.0,0.0,0.0,13662.0,4.0,14196.0,12395.0,4.0,14209.0
46.70727066800464,0.0,0.0,0.0,0.0,0.0,0.0,0.0,0.0,0.0,0.0,0.0,0.0,0.0,13663.0,4.0,14216.0,12396.0,4.0,14219.0
46.821915920998435,0.0,0.0,0.0,0.0,0.0,0.0,0.0,0.0,0.0,0.0,0.0,0.0,0.0,13664.0,4.0,14236.0,12397.0,4.0,14249.0
46.8220497930015,0.0,0.0,0.0,0.0,0.0,0.0,0.0,0.0,0.0,0.0,0.0,0.0,0.0,13665.0,4.0,14256.0,12398.0,4.0,14269.0
46.822116131996154,0.0,0.0,0.0,0.0,0.0,0.0,0.0,0.0,0.0,0.0,0.0,0.0,0.0,13666.0,4.0,14276.0,12399.0,4.0,14289.0
46.82218196100439,0.0,0.0,0.0,0.0,0.0,0.0,0.0,0.0,0.0,0.0,0.0,0.0,0.0,13667.0,4.0,14296.0,12400.0,4.0,14308.0
46.82224333300837,0.0,0.0,0.0,0.0,0.0,0.0,0.0,0.0,0.0,0.0,0.0,0.0,0.0,13668.0,4.0,14316.0,12401.0,4.0,14318.0
46.83839494900894,0.0,0.0,0.0,0.0,0.0,0.0,0.0,0.0,0.0,0.0,0.0,0.0,0.0,13669.0,4.0,14336.0,12402.0,4.0,14349.0
46.85805758100469,0.0,0.0,0.0,0.0,0.0,0.0,0.0,0.0,0.0,0.0,0.0,0.0,0.0,13670.0,4.0,14356.0,12403.0,4.0,14369.0
46.87228591700841,0.0,0.0,0.0,0.0,0.0,0.0,0.0,0.0,0.0,0.0,0.0,0.0,0.0,13671.0,4.0,14376.0,12404.0,4.0,14383.0
46.89699968100467,0.0,0.0,0.0,0.0,0.0,0.0,0.0,0.0,0.0,0.0,0.0,0.0,0.0,13672.0,4.0,14396.0,12405.0,4.0,14409.0
46.910063021001406,0.0,0.0,0.0,0.0,0.0,0.0,0.0,0.0,0.0,0.0,0.0,0.0,0.0,13673.0,4.0,14417.0,12406.0,4.0,14418.0
46.93811895100225,0.0,0.0,0.0,0.0,0.0,0.0,0.0,0.0,0.0,0.0,0.0,0.0,0.0,13674.0,4.0,14436.0,12407.0,4.0,14449.0
47.04318742000032,0.0,0.0,0.0,0.0,0.0,0.0,0.0,0.0,0.0,0.0,0.0,0.0,0.0,13675.0,4.0,14456.0,12408.0,4.0,14468.0
47.04331899700628,0.0,0.0,0.0,0.0,0.0,0.0,0.0,0.0,0.0,0.0,0.0,0.0,0.0,13676.0,4.0,14476.0,12409.0,4.0,14489.0
47.043385997996666,0.0,0.0,0.0,0.0,0.0,0.0,0.0,0.0,0.0,0.0,0.0,0.0,0.0,13677.0,4.0,14496.0,12410.0,4.0,14510.0
47.04344610800035,0.0,0.0,0.0,0.0,0.0,0.0,0.0,0.0,0.0,0.0,0.0,0.0,0.0,13678.0,4.0,14516.0,12411.0,4.0,14520.0
47.043504164001206,0.0,0.0,0.0,0.0,0.0,0.0,0.0,0.0,0.0,0.0,0.0,0.0,0.0,13679.0,4.0,14536.0,12412.0,4.0,14539.0
47.060888738997164,0.0,0.0,0.0,0.0,0.0,0.0,0.0,0.0,0.0,0.0,0.0,0.0,0.0,13680.0,4.0,14556.0,12413.0,4.0,14569.0
47.08205234199704,0.0,0.0,0.0,0.0,0.0,0.0,0.0,0.0,0.0,0.0,0.0,0.0,0.0,13681.0,4.0,14576.0,12414.0,4.0,14589.0
47.10412117300439,0.0,0.0,0.0,0.0,0.0,0.0,0.0,0.0,0.0,0.0,0.0,0.0,0.0,13682.0,4.0,14596.0,12415.0,4.0,14609.0
47.10598258100799,0.0,0.0,0.0,0.0,0.0,0.0,0.0,0.0,0.0,0.0,0.0,0.0,0.0,13683.0,4.0,14616.0,12416.0,4.0,14618.0
47.13632550199691,0.0,0.0,0.0,0.0,0.0,0.0,0.0,0.0,0.0,0.0,0.0,0.0,0.0,13684.0,4.0,14636.0,12417.0,4.0,14649.0
47.235547634001705,0.0,0.0,0.0,0.0,0.0,0.0,0.0,0.0,0.0,0.0,0.0,0.0,0.0,13685.0,4.0,14656.0,12418.0,4.0,14669.0
47.23569070000667,0.0,0.0,0.0,0.0,0.0,0.0,0.0,0.0,0.0,0.0,0.0,0.0,0.0,13686.0,4.0,14676.0,12419.0,4.0,14689.0
47.23575680999784,0.0,0.0,0.0,0.0,0.0,0.0,0.0,0.0,0.0,0.0,0.0,0.0,0.0,13687.0,4.0,14696.0,12420.0,4.0,14709.0
47.23581758000364,0.0,0.0,0.0,0.0,0.0,0.0,0.0,0.0,0.0,0.0,0.0,0.0,0.0,13688.0,4.0,14716.0,12421.0,4.0,14718.0
47.263649540007464,0.0,0.0,0.0,0.0,0.0,0.0,0.0,0.0,0.0,0.0,0.0,0.0,0.0,13689.0,4.0,14736.0,12422.0,4.0,14749.0
47.26375113800168,0.0,0.0,0.0,0.0,0.0,0.0,0.0,0.0,0.0,0.0,0.0,0.0,0.0,13690.0,4.0,14756.0,12423.0,4.0,14769.0
47.278779397005565,0.0,0.0,0.0,0.0,0.0,0.0,0.0,0.0,0.0,0.0,0.0,0.0,0.0,13691.0,4.0,14776.0,12424.0,4.0,14789.0
47.300939307999215,0.0,0.0,0.0,0.0,0.0,0.0,0.0,0.0,0.0,0.0,0.0,0.0,0.0,13692.0,4.0,14796.0,12425.0,4.0,14809.0
47.30965624100645,0.0,0.0,0.0,0.0,0.0,0.0,0.0,0.0,0.0,0.0,0.0,0.0,0.0,13693.0,4.0,14816.0,12426.0,4.0,14819.0
47.336953096004436,0.0,0.0,0.0,0.0,0.0,0.0,0.0,0.0,0.0,0.0,0.0,0.0,0.0,13694.0,4.0,14836.0,12427.0,4.0,14849.0
47.359285172002274,0.0,0.0,0.0,0.0,0.0,0.0,0.0,0.0,0.0,0.0,0.0,0.0,0.0,13695.0,4.0,14856.0,12428.0,4.0,14869.0
47.48709576000692,0.0,0.0,0.0,0.0,0.0,0.0,0.0,0.0,0.0,0.0,0.0,0.0,0.0,13696.0,4.0,14876.0,12429.0,4.0,14889.0
47.48725085699698,0.0,0.0,0.0,0.0,0.0,0.0,0.0,0.0,0.0,0.0,0.0,0.0,0.0,13697.0,4.0,14896.0,12430.0,4.0,14909.0
47.487327203009045,0.0,0.0,0.0,0.0,0.0,0.0,0.0,0.0,0.0,0.0,0.0,0.0,0.0,13698.0,4.0,14916.0,12431.0,4.0,14919.0
47.487392391005415,0.0,0.0,0.0,0.0,0.0,0.0,0.0,0.0,0.0,0.0,0.0,0.0,0.0,13699.0,4.0,14936.0,12432.0,4.0,14949.0
47.487450576998526,0.0,0.0,0.0,0.0,0.0,0.0,0.0,0.0,0.0,0.0,0.0,0.0,0.0,13700.0,4.0,14956.0,12433.0,4.0,14969.0
47.487504056000034,0.0,0.0,0.0,0.0,0.0,0.0,0.0,0.0,0.0,0.0,0.0,0.0,0.0,13701.0,4.0,14976.0,12434.0,4.0,14989.0
47.499257426999975,0.0,0.0,0.0,0.0,0.0,0.0,0.0,0.0,0.0,0.0,0.0,0.0,0.0,13702.0,4.0,14996.0,12435.0,4.0,15010.0
47.518911428007414,0.0,0.0,0.0,0.0,0.0,0.0,0.0,0.0,0.0,0.0,0.0,0.0,0.0,13703.0,4.0,15016.0,12436.0,4.0,15021.0
47.52699848500197,0.0,0.0,0.0,0.0,0.0,0.0,0.0,0.0,0.0,0.0,0.0,0.0,0.0,13704.0,4.0,15036.0,12437.0,4.0,15039.0
47.557388745000935,0.0,0.0,0.0,0.0,0.0,0.0,0.0,0.0,0.0,0.0,0.0,0.0,0.0,13705.0,4.0,15056.0,12438.0,4.0,15069.0
47.57704685200588,0.0,0.0,0.0,0.0,0.0,0.0,0.0,0.0,0.0,0.0,0.0,0.0,0.0,13706.0,4.0,15076.0,12439.0,4.0,15089.0
47.70135817100527,0.0,0.0,0.0,0.0,0.0,0.0,0.0,0.0,0.0,0.0,0.0,0.0,0.0,13707.0,4.0,15096.0,12440.0,4.0,15109.0
47.70176058700599,0.0,0.0,0.0,0.0,0.0,0.0,0.0,0.0,0.0,0.0,0.0,0.0,0.0,13708.0,4.0,15116.0,12441.0,4.0,15119.0
47.701894819008885,0.0,0.0,0.0,0.0,0.0,0.0,0.0,0.0,0.0,0.0,0.0,0.0,0.0,13709.0,4.0,15136.0,12442.0,4.0,15149.0
47.70195513800718,0.0,0.0,0.0,0.0,0.0,0.0,0.0,0.0,0.0,0.0,0.0,0.0,0.0,13710.0,4.0,15156.0,12443.0,4.0,15169.0
47.702011622008285,0.0,0.0,0.0,0.0,0.0,0.0,0.0,0.0,0.0,0.0,0.0,0.0,0.0,13711.0,4.0,15176.0,12444.0,4.0,15189.0
47.70206802499888,0.0,0.0,0.0,0.0,0.0,0.0,0.0,0.0,0.0,0.0,0.0,0.0,0.0,13712.0,4.0,15196.0,12445.0,4.0,15209.0
47.70968839000852,0.0,0.0,0.0,0.0,0.0,0.0,0.0,0.0,0.0,0.0,0.0,0.0,0.0,13713.0,4.0,15216.0,12446.0,4.0,15219.0
47.737183862001984,0.0,0.0,0.0,0.0,0.0,0.0,0.0,0.0,0.0,0.0,0.0,0.0,0.0,13714.0,4.0,15236.0,12447.0,4.0,15249.0
47.75830474900431,0.0,0.0,0.0,0.0,0.0,0.0,0.0,0.0,0.0,0.0,0.0,0.0,0.0,13715.0,4.0,15256.0,12448.0,4.0,15269.0
47.77929640200455,0.0,0.0,0.0,0.0,0.0,0.0,0.0,0.0,0.0,0.0,0.0,0.0,0.0,13716.0,4.0,15276.0,12449.0,4.0,15288.0
47.797150765996776,0.0,0.0,0.0,0.0,0.0,0.0,0.0,0.0,0.0,0.0,0.0,0.0,0.0,13717.0,4.0,15296.0,12450.0,4.0,15309.0
47.92369413700362,0.0,0.0,0.0,0.0,0.0,0.0,0.0,0.0,0.0,0.0,0.0,0.0,0.0,13718.0,4.0,15316.0,12451.0,4.0,15319.0
47.92388270900119,0.0,0.0,0.0,0.0,0.0,0.0,0.0,0.0,0.0,0.0,0.0,0.0,0.0,13719.0,4.0,15336.0,12452.0,4.0,15349.0
47.92395009000029,0.0,0.0,0.0,0.0,0.0,0.0,0.0,0.0,0.0,0.0,0.0,0.0,0.0,13720.0,4.0,15356.0,12453.0,4.0,15369.0
47.92400906799594,0.0,0.0,0.0,0.0,0.0,0.0,0.0,0.0,0.0,0.0,0.0,0.0,0.0,13721.0,4.0,15376.0,12454.0,4.0,15389.0
47.924065141007304,0.0,0.0,0.0,0.0,0.0,0.0,0.0,0.0,0.0,0.0,0.0,0.0,0.0,13722.0,4.0,15396.0,12455.0,4.0,15409.0
47.92412263600272,0.0,0.0,0.0,0.0,0.0,0.0,0.0,0.0,0.0,0.0,0.0,0.0,0.0,13723.0,4.0,15416.0,12456.0,4.0,15419.0
47.949396051000804,0.0,0.0,0.0,0.0,0.0,0.0,0.0,0.0,0.0,0.0,0.0,0.0,0.0,13724.0,4.0,15436.0,12457.0,4.0,15449.0
47.95806953900319,0.0,0.0,0.0,0.0,0.0,0.0,0.0,0.0,0.0,0.0,0.0,0.0,0.0,13725.0,4.0,15456.0,12458.0,4.0,15469.0
47.97905912800343,0.0,0.0,0.0,0.0,0.0,0.0,0.0,0.0,0.0,0.0,0.0,0.0,0.0,13726.0,4.0,15476.0,12459.0,4.0,15489.0
48.00052885200421,0.0,0.0,0.0,0.0,0.0,0.0,0.0,0.0,0.0,0.0,0.0,0.0,0.0,13727.0,4.0,15496.0,12460.0,4.0,15510.0
48.00947524100775,0.0,0.0,0.0,0.0,0.0,0.0,0.0,0.0,0.0,0.0,0.0,0.0,0.0,13728.0,4.0,15516.0,12461.0,4.0,15520.0
48.203281725000124,0.0,0.0,0.0,0.0,0.0,0.0,0.0,0.0,0.0,0.0,0.0,0.0,0.0,13729.0,4.0,15536.0,12462.0,4.0,15539.0
48.2033894930064,0.0,0.0,0.0,0.0,0.0,0.0,0.0,0.0,0.0,0.0,0.0,0.0,0.0,13730.0,4.0,15556.0,12463.0,4.0,15569.0
48.20345373899909,0.0,0.0,0.0,0.0,0.0,0.0,0.0,0.0,0.0,0.0,0.0,0.0,0.0,13731.0,4.0,15576.0,12464.0,4.0,15589.0
48.20351064299757,0.0,0.0,0.0,0.0,0.0,0.0,0.0,0.0,0.0,0.0,0.0,0.0,0.0,13732.0,4.0,15596.0,12465.0,4.0,15609.0
48.203565122996224,0.0,0.0,0.0,0.0,0.0,0.0,0.0,0.0,0.0,0.0,0.0,0.0,0.0,13733.0,4.0,15616.0,12466.0,4.0,15619.0
48.203644244000316,0.0,0.0,0.0,0.0,0.0,0.0,0.0,0.0,0.0,0.0,0.0,0.0,0.0,13734.0,4.0,15636.0,12467.0,4.0,15649.0
48.20372296399728,0.0,0.0,0.0,0.0,0.0,0.0,0.0,0.0,0.0,0.0,0.0,0.0,0.0,13735.0,4.0,15656.0,12468.0,4.0,15669.0
48.2038003320049,0.0,0.0,0.0,0.0,0.0,0.0,0.0,0.0,0.0,0.0,0.0,0.0,0.0,13736.0,4.0,15676.0,12469.0,4.0,15689.0
48.20387758000288,0.0,0.0,0.0,0.0,0.0,0.0,0.0,0.0,0.0,0.0,0.0,0.0,0.0,13737.0,4.0,15696.0,12470.0,4.0,15709.0
48.20754420499725,0.0,0.0,0.0,0.0,0.0,0.0,0.0,0.0,0.0,0.0,0.0,0.0,0.0,13738.0,4.0,15716.0,12471.0,4.0,15719.0
48.2371925280022,0.0,0.0,0.0,0.0,0.0,0.0,0.0,0.0,0.0,0.0,0.0,0.0,0.0,13739.0,4.0,15736.0,12472.0,4.0,15749.0
48.256577483,0.0,0.0,0.0,0.0,0.0,0.0,0.0,0.0,0.0,0.0,0.0,0.0,0.0,13740.0,4.0,15756.0,12473.0,4.0,15769.0
48.27760433500225,0.0,0.0,0.0,0.0,0.0,0.0,0.0,0.0,0.0,0.0,0.0,0.0,0.0,13741.0,4.0,15776.0,12474.0,4.0,15789.0
48.2971266980021,0.0,0.0,0.0,0.0,0.0,0.0,0.0,0.0,0.0,0.0,0.0,0.0,0.0,13742.0,4.0,15796.0,12475.0,4.0,15809.0
48.34373203999712,0.0,0.0,0.0,0.0,0.0,0.0,0.0,0.0,0.0,0.0,0.0,0.0,0.0,13743.0,4.0,15816.0,12476.0,4.0,15819.0
48.344039939009235,0.0,0.0,0.0,0.0,0.0,0.0,0.0,0.0,0.0,0.0,0.0,0.0,0.0,13744.0,4.0,15836.0,12477.0,4.0,15849.0
48.35946607599908,0.0,0.0,0.0,0.0,0.0,0.0,0.0,0.0,0.0,0.0,0.0,0.0,0.0,13745.0,4.0,15856.0,12478.0,4.0,15869.0
48.38879368900962,0.0,0.0,0.0,0.0,0.0,0.0,0.0,0.0,0.0,0.0,0.0,0.0,0.0,13746.0,4.0,15876.0,12479.0,4.0,15889.0
48.401580910009216,0.0,0.0,0.0,0.0,0.0,0.0,0.0,0.0,0.0,0.0,0.0,0.0,0.0,13747.0,4.0,15896.0,12480.0,4.0,15909.0
48.41499183200358,0.0,0.0,0.0,0.0,0.0,0.0,0.0,0.0,0.0,0.0,0.0,0.0,0.0,13748.0,4.0,15916.0,12481.0,4.0,15919.0
48.437433098006295,0.0,0.0,0.0,0.0,0.0,0.0,0.0,0.0,0.0,0.0,0.0,0.0,0.0,13749.0,4.0,15936.0,12482.0,4.0,15949.0
48.45696170399606,0.0,0.0,0.0,0.0,0.0,0.0,0.0,0.0,0.0,0.0,0.0,0.0,0.0,13750.0,4.0,15956.0,12483.0,4.0,15969.0
48.5122274680034,0.0,0.0,0.0,0.0,0.0,0.0,0.0,0.0,0.0,0.0,0.0,0.0,0.0,13751.0,4.0,15976.0,12484.0,4.0,15989.0
48.51245139799721,0.0,0.0,0.0,0.0,0.0,0.0,0.0,0.0,0.0,0.0,0.0,0.0,0.0,13752.0,4.0,15996.0,12485.0,4.0,16011.0
48.512518689996796,0.0,0.0,0.0,0.0,0.0,0.0,0.0,0.0,0.0,0.0,0.0,0.0,0.0,13753.0,4.0,16016.0,12486.0,4.0,16021.0
48.58014882399584,0.0,0.0,0.0,0.0,0.0,0.0,0.0,0.0,0.0,0.0,0.0,0.0,0.0,13754.0,4.0,16036.0,12487.0,4.0,16039.0
48.58026261300256,0.0,0.0,0.0,0.0,0.0,0.0,0.0,0.0,0.0,0.0,0.0,0.0,0.0,13755.0,4.0,16056.0,12488.0,4.0,16069.0
48.58033009400242,0.0,0.0,0.0,0.0,0.0,0.0,0.0,0.0,0.0,0.0,0.0,0.0,0.0,13756.0,4.0,16076.0,12489.0,4.0,16089.0
48.59777507200488,0.0,0.0,0.0,0.0,0.0,0.0,0.0,0.0,0.0,0.0,0.0,0.0,0.0,13757.0,4.0,16096.0,12490.0,4.0,16110.0
48.60878649400547,0.0,0.0,0.0,0.0,0.0,0.0,0.0,0.0,0.0,0.0,0.0,0.0,0.0,13758.0,4.0,16116.0,12491.0,4.0,16119.0
48.639422901003854,0.0,0.0,0.0,0.0,0.0,0.0,0.0,0.0,0.0,0.0,0.0,0.0,0.0,13759.0,4.0,16136.0,12492.0,4.0,16149.0
48.65739528200356,0.0,0.0,0.0,0.0,0.0,0.0,0.0,0.0,0.0,0.0,0.0,0.0,0.0,13760.0,4.0,16156.0,12493.0,4.0,16169.0
48.67693252200843,0.0,0.0,0.0,0.0,0.0,0.0,0.0,0.0,0.0,0.0,0.0,0.0,0.0,13761.0,4.0,16176.0,12494.0,4.0,16189.0
48.73028577200603,0.0,0.0,0.0,0.0,0.0,0.0,0.0,0.0,0.0,0.0,0.0,0.0,0.0,13762.0,4.0,16196.0,12495.0,4.0,16209.0
48.730626825999934,0.0,0.0,0.0,0.0,0.0,0.0,0.0,0.0,0.0,0.0,0.0,0.0,0.0,13763.0,4.0,16217.0,12496.0,4.0,16218.0
48.80766063199553,0.0,0.0,0.0,0.0,0.0,0.0,0.0,0.0,0.0,0.0,0.0,0.0,0.0,13764.0,4.0,16236.0,12497.0,4.0,16249.0
48.807762270007515,0.0,0.0,0.0,0.0,0.0,0.0,0.0,0.0,0.0,0.0,0.0,0.0,0.0,13765.0,4.0,16256.0,12498.0,4.0,16269.0
48.80783031199826,0.0,0.0,0.0,0.0,0.0,0.0,0.0,0.0,0.0,0.0,0.0,0.0,0.0,13766.0,4.0,16276.0,12499.0,4.0,16289.0
48.807889479998266,0.0,0.0,0.0,0.0,0.0,0.0,0.0,0.0,0.0,0.0,0.0,0.0,0.0,13767.0,4.0,16296.0,12500.0,4.0,16309.0
48.811771513996064,0.0,0.0,0.0,0.0,0.0,0.0,0.0,0.0,0.0,0.0,0.0,0.0,0.0,13768.0,4.0,16316.0,12501.0,4.0,16319.0
48.83854061200691,0.0,0.0,0.0,0.0,0.0,0.0,0.0,0.0,0.0,0.0,0.0,0.0,0.0,13769.0,4.0,16336.0,12502.0,4.0,16349.0
48.8586926900025,0.0,0.0,0.0,0.0,0.0,0.0,0.0,0.0,0.0,0.0,0.0,0.0,0.0,13770.0,4.0,16356.0,12503.0,4.0,16368.0
48.87224798100942,0.0,0.0,0.0,0.0,0.0,0.0,0.0,0.0,0.0,0.0,0.0,0.0,0.0,13771.0,4.0,16376.0,12504.0,4.0,16383.0
48.900362806001795,0.0,0.0,0.0,0.0,0.0,0.0,0.0,0.0,0.0,0.0,0.0,0.0,0.0,13772.0,4.0,16396.0,12505.0,4.0,16409.0
49.11138338300225,0.0,0.0,0.0,0.0,0.0,0.0,0.0,0.0,0.0,0.0,0.0,0.0,0.0,13773.0,4.0,16416.0,12506.0,4.0,16420.0
49.11151917799725,0.0,0.0,0.0,0.0,0.0,0.0,0.0,0.0,0.0,0.0,0.0,0.0,0.0,13774.0,4.0,16436.0,12507.0,4.0,16439.0
49.111586369006545,0.0,0.0,0.0,0.0,0.0,0.0,0.0,0.0,0.0,0.0,0.0,0.0,0.0,13775.0,4.0,16456.0,12508.0,4.0,16469.0
49.11164875200484,0.0,0.0,0.0,0.0,0.0,0.0,0.0,0.0,0.0,0.0,0.0,0.0,0.0,13776.0,4.0,16476.0,12509.0,4.0,16488.0
49.112235583001166,0.0,0.0,0.0,0.0,0.0,0.0,0.0,0.0,0.0,0.0,0.0,0.0,0.0,13777.0,4.0,16496.0,12510.0,4.0,16510.0
49.11229982999794,0.0,0.0,0.0,0.0,0.0,0.0,0.0,0.0,0.0,0.0,0.0,0.0,0.0,13778.0,4.0,16516.0,12511.0,4.0,16521.0
49.11235585200484,0.0,0.0,0.0,0.0,0.0,0.0,0.0,0.0,0.0,0.0,0.0,0.0,0.0,13779.0,4.0,16536.0,12512.0,4.0,16539.0
49.11241803500161,0.0,0.0,0.0,0.0,0.0,0.0,0.0,0.0,0.0,0.0,0.0,0.0,0.0,13780.0,4.0,16556.0,12513.0,4.0,16569.0
49.11247148399707,0.0,0.0,0.0,0.0,0.0,0.0,0.0,0.0,0.0,0.0,0.0,0.0,0.0,13781.0,4.0,16576.0,12514.0,4.0,16589.0
49.112524081006995,0.0,0.0,0.0,0.0,0.0,0.0,0.0,0.0,0.0,0.0,0.0,0.0,0.0,13782.0,4.0,16596.0,12515.0,4.0,16609.0
49.11257588700391,0.0,0.0,0.0,0.0,0.0,0.0,0.0,0.0,0.0,0.0,0.0,0.0,0.0,13783.0,4.0,16616.0,12516.0,4.0,16619.0
49.53206939100346,0.0,0.0,0.0,0.0,0.0,0.0,0.0,0.0,0.0,0.0,0.0,0.0,0.0,13784.0,4.0,16636.0,12517.0,4.0,16649.0
49.53225790300348,0.0,0.0,0.0,0.0,0.0,0.0,0.0,0.0,0.0,0.0,0.0,0.0,0.0,13785.0,4.0,16656.0,12518.0,4.0,16669.0
49.53233084399835,0.0,0.0,0.0,0.0,0.0,0.0,0.0,0.0,0.0,0.0,0.0,0.0,0.0,13786.0,4.0,16676.0,12519.0,4.0,16689.0
49.532393957997556,0.0,0.0,0.0,0.0,0.0,0.0,0.0,0.0,0.0,0.0,0.0,0.0,0.0,13787.0,4.0,16696.0,12520.0,4.0,16709.0
49.532454218002385,0.0,0.0,0.0,0.0,0.0,0.0,0.0,0.0,0.0,0.0,0.0,0.0,0.0,13788.0,4.0,16716.0,12521.0,4.0,16719.0
49.53251161299704,0.0,0.0,0.0,0.0,0.0,0.0,0.0,0.0,0.0,0.0,0.0,0.0,0.0,13789.0,4.0,16736.0,12522.0,4.0,16749.0
49.53256962900923,0.0,0.0,0.0,0.0,0.0,0.0,0.0,0.0,0.0,0.0,0.0,0.0,0.0,13790.0,4.0,16756.0,12523.0,4.0,16769.0
49.53262686400558,0.0,0.0,0.0,0.0,0.0,0.0,0.0,0.0,0.0,0.0,0.0,0.0,0.0,13791.0,4.0,16776.0,12524.0,4.0,16789.0
49.532680603006156,0.0,0.0,0.0,0.0,0.0,0.0,0.0,0.0,0.0,0.0,0.0,0.0,0.0,13792.0,4.0,16796.0,12525.0,4.0,16809.0
49.5327620379976,0.0,0.0,0.0,0.0,0.0,0.0,0.0,0.0,0.0,0.0,0.0,0.0,0.0,13793.0,4.0,16816.0,12526.0,4.0,16819.0
49.53284174000146,0.0,0.0,0.0,0.0,0.0,0.0,0.0,0.0,0.0,0.0,0.0,0.0,0.0,13794.0,4.0,16836.0,12527.0,4.0,16839.0
49.532920790006756,0.0,0.0,0.0,0.0,0.0,0.0,0.0,0.0,0.0,0.0,0.0,0.0,0.0,13795.0,4.0,16856.0,12528.0,4.0,16869.0
49.533001775009325,0.0,0.0,0.0,0.0,0.0,0.0,0.0,0.0,0.0,0.0,0.0,0.0,0.0,13796.0,4.0,16876.0,12529.0,4.0,16889.0
49.533080574998166,0.0,0.0,0.0,0.0,0.0,0.0,0.0,0.0,0.0,0.0,0.0,0.0,0.0,13797.0,4.0,16896.0,12530.0,4.0,16909.0
49.53320492099738,0.0,0.0,0.0,0.0,0.0,0.0,0.0,0.0,0.0,0.0,0.0,0.0,0.0,13798.0,4.0,16916.0,12531.0,4.0,16919.0
49.53328633600904,0.0,0.0,0.0,0.0,0.0,0.0,0.0,0.0,0.0,0.0,0.0,0.0,0.0,13799.0,4.0,16936.0,12532.0,4.0,16949.0
49.53350386599777,0.0,0.0,0.0,0.0,0.0,0.0,0.0,0.0,0.0,0.0,0.0,0.0,0.0,13800.0,4.0,16956.0,12533.0,4.0,16969.0
49.53358564100927,0.0,0.0,0.0,0.0,0.0,0.0,0.0,0.0,0.0,0.0,0.0,0.0,0.0,13801.0,4.0,16976.0,12534.0,4.0,16989.0
49.53367025099578,0.0,0.0,0.0,0.0,0.0,0.0,0.0,0.0,0.0,0.0,0.0,0.0,0.0,13802.0,4.0,16996.0,12535.0,4.0,17010.0
49.53377300100692,0.0,0.0,0.0,0.0,0.0,0.0,0.0,0.0,0.0,0.0,0.0,0.0,0.0,13803.0,4.0,17016.0,12536.0,4.0,17021.0
49.533852683001896,0.0,0.0,0.0,0.0,0.0,0.0,0.0,0.0,0.0,0.0,0.0,0.0,0.0,13804.0,4.0,17036.0,12537.0,4.0,17039.0
49.558901309996145,0.0,0.0,0.0,0.0,0.0,0.0,0.0,0.0,0.0,0.0,0.0,0.0,0.0,13805.0,4.0,17056.0,12538.0,4.0,17069.0
49.57657776300039,0.0,0.0,0.0,0.0,0.0,0.0,0.0,0.0,0.0,0.0,0.0,0.0,0.0,13806.0,4.0,17076.0,12539.0,4.0,17089.0
49.60550278700248,0.0,0.0,0.0,0.0,0.0,0.0,0.0,0.0,0.0,0.0,0.0,0.0,0.0,13807.0,4.0,17096.0,12540.0,4.0,17109.0
49.60724297800334,0.0,0.0,0.0,0.0,0.0,0.0,0.0,0.0,0.0,0.0,0.0,0.0,0.0,13808.0,4.0,17116.0,12541.0,4.0,17119.0
50.04279477700766,0.0,0.0,0.0,0.0,0.0,0.0,0.0,0.0,0.0,0.0,0.0,0.0,0.0,13809.0,4.0,17136.0,12542.0,4.0,17149.0
50.043058583003585,0.0,0.0,0.0,0.0,0.0,0.0,0.0,0.0,0.0,0.0,0.0,0.0,0.0,13810.0,4.0,17156.0,12543.0,4.0,17169.0
50.04312966100406,0.0,0.0,0.0,0.0,0.0,0.0,0.0,0.0,0.0,0.0,0.0,0.0,0.0,13811.0,4.0,17176.0,12544.0,4.0,17189.0
50.043203002001974,0.0,0.0,0.0,0.0,0.0,0.0,0.0,0.0,0.0,0.0,0.0,0.0,0.0,13812.0,4.0,17196.0,12545.0,4.0,17209.0
50.04326734899951,0.0,0.0,0.0,0.0,0.0,0.0,0.0,0.0,0.0,0.0,0.0,0.0,0.0,13814.0,4.0,17236.0,12546.0,4.0,17239.0
50.043324423008016,0.0,0.0,0.0,0.0,0.0,0.0,0.0,0.0,0.0,0.0,0.0,0.0,0.0,13815.0,4.0,17256.0,12547.0,4.0,17259.0
50.04338303000259,0.0,0.0,0.0,0.0,0.0,0.0,0.0,0.0,0.0,0.0,0.0,0.0,0.0,13816.0,4.0,17276.0,12548.0,4.0,17289.0
50.043443190006656,0.0,0.0,0.0,0.0,0.0,0.0,0.0,0.0,0.0,0.0,0.0,0.0,0.0,13817.0,4.0,17296.0,12549.0,4.0,17309.0
50.043509009003174,0.0,0.0,0.0,0.0,0.0,0.0,0.0,0.0,0.0,0.0,0.0,0.0,0.0,13818.0,4.0,17316.0,12550.0,4.0,17329.0
50.043564460997004,0.0,0.0,0.0,0.0,0.0,0.0,0.0,0.0,0.0,0.0,0.0,0.0,0.0,13819.0,4.0,17336.0,12551.0,4.0,17339.0
50.043621345001156,0.0,0.0,0.0,0.0,0.0,0.0,0.0,0.0,0.0,0.0,0.0,0.0,0.0,13820.0,4.0,17356.0,12552.0,4.0,17369.0
50.04367520399683,0.0,0.0,0.0,0.0,0.0,0.0,0.0,0.0,0.0,0.0,0.0,0.0,0.0,13821.0,4.0,17376.0,12553.0,4.0,17389.0
50.043727951007895,0.0,0.0,0.0,0.0,0.0,0.0,0.0,0.0,0.0,0.0,0.0,0.0,0.0,13822.0,4.0,17396.0,12554.0,4.0,17409.0
50.04378111900587,0.0,0.0,0.0,0.0,0.0,0.0,0.0,0.0,0.0,0.0,0.0,0.0,0.0,13823.0,4.0,17416.0,12555.0,4.0,17429.0
50.043838313999004,0.0,0.0,0.0,0.0,0.0,0.0,0.0,0.0,0.0,0.0,0.0,0.0,0.0,13824.0,4.0,17436.0,12556.0,4.0,17439.0
50.043893145004404,0.0,0.0,0.0,0.0,0.0,0.0,0.0,0.0,0.0,0.0,0.0,0.0,0.0,13825.0,4.0,17456.0,12557.0,4.0,17469.0
50.043948546997854,0.0,0.0,0.0,0.0,0.0,0.0,0.0,0.0,0.0,0.0,0.0,0.0,0.0,13826.0,4.0,17476.0,12558.0,4.0,17489.0
50.04400041200279,0.0,0.0,0.0,0.0,0.0,0.0,0.0,0.0,0.0,0.0,0.0,0.0,0.0,13827.0,4.0,17496.0,12559.0,4.0,17510.0
50.044051567005226,0.0,0.0,0.0,0.0,0.0,0.0,0.0,0.0,0.0,0.0,0.0,0.0,0.0,13828.0,4.0,17516.0,12560.0,4.0,17518.0
50.04410286199709,0.0,0.0,0.0,0.0,0.0,0.0,0.0,0.0,0.0,0.0,0.0,0.0,0.0,13829.0,4.0,17536.0,12561.0,4.0,17540.0
50.045934353998746,0.0,0.0,0.0,0.0,0.0,0.0,0.0,0.0,0.0,0.0,0.0,0.0,0.0,13830.0,4.0,17556.0,12562.0,4.0,17559.0
50.07828984700609,0.0,0.0,0.0,0.0,0.0,0.0,0.0,0.0,0.0,0.0,0.0,0.0,0.0,13831.0,4.0,17576.0,12563.0,4.0,17589.0
50.0961947379983,0.0,0.0,0.0,0.0,0.0,0.0,0.0,0.0,0.0,0.0,0.0,0.0,0.0,13832.0,4.0,17596.0,12564.0,4.0,17609.0
50.11662755400175,0.0,0.0,0.0,0.0,0.0,0.0,0.0,0.0,0.0,0.0,0.0,0.0,0.0,13833.0,4.0,17616.0,12565.0,4.0,17629.0
50.12909566400049,0.0,0.0,0.0,0.0,0.0,0.0,0.0,0.0,0.0,0.0,0.0,0.0,0.0,13834.0,4.0,17636.0,12566.0,4.0,17639.0
50.55385520600248,0.0,0.0,0.0,0.0,0.0,0.0,0.0,0.0,0.0,0.0,0.0,0.0,0.0,13846.0,4.0,17876.0,12578.0,4.0,17889.0
50.55400383200322,0.0,0.0,0.0,0.0,0.0,0.0,0.0,0.0,0.0,0.0,0.0,0.0,0.0,13847.0,4.0,17896.0,12579.0,4.0,17909.0
50.55407052200462,0.0,0.0,0.0,0.0,0.0,0.0,0.0,0.0,0.0,0.0,0.0,0.0,0.0,13848.0,4.0,17916.0,12580.0,4.0,17929.0
50.55413025099551,0.0,0.0,0.0,0.0,0.0,0.0,0.0,0.0,0.0,0.0,0.0,0.0,0.0,13849.0,4.0,17936.0,12581.0,4.0,17938.0
50.55419305500982,0.0,0.0,0.0,0.0,0.0,0.0,0.0,0.0,0.0,0.0,0.0,0.0,0.0,13850.0,4.0,17956.0,12582.0,4.0,17969.0
50.55426510500547,0.0,0.0,0.0,0.0,0.0,0.0,0.0,0.0,0.0,0.0,0.0,0.0,0.0,13851.0,4.0,17976.0,12583.0,4.0,17989.0
50.5543182130059,0.0,0.0,0.0,0.0,0.0,0.0,0.0,0.0,0.0,0.0,0.0,0.0,0.0,13852.0,4.0,17996.0,12584.0,4.0,18010.0
50.55437086999882,0.0,0.0,0.0,0.0,0.0,0.0,0.0,0.0,0.0,0.0,0.0,0.0,0.0,13853.0,4.0,18016.0,12585.0,4.0,18018.0
50.55442220500845,0.0,0.0,0.0,0.0,0.0,0.0,0.0,0.0,0.0,0.0,0.0,0.0,0.0,13854.0,4.0,18036.0,12586.0,4.0,18039.0
50.55447453100351,0.0,0.0,0.0,0.0,0.0,0.0,0.0,0.0,0.0,0.0,0.0,0.0,0.0,13855.0,4.0,18056.0,12587.0,4.0,18060.0
50.5669961990061,0.0,0.0,0.0,0.0,0.0,0.0,0.0,0.0,0.0,0.0,0.0,0.0,0.0,13856.0,4.0,18076.0,12588.0,4.0,18079.0
50.596334597008536,0.0,0.0,0.0,0.0,0.0,0.0,0.0,0.0,0.0,0.0,0.0,0.0,0.0,13857.0,4.0,18096.0,12589.0,4.0,18109.0
50.61801824699796,0.0,0.0,0.0,0.0,0.0,0.0,0.0,0.0,0.0,0.0,0.0,0.0,0.0,13858.0,4.0,18116.0,12590.0,4.0,18129.0
50.62642244499875,0.0,0.0,0.0,0.0,0.0,0.0,0.0,0.0,0.0,0.0,0.0,0.0,0.0,13859.0,4.0,18136.0,12591.0,4.0,18139.0
51.06722940200416,0.0,0.0,0.0,0.0,0.0,0.0,0.0,0.0,0.0,0.0,0.0,0.0,0.0,13860.0,4.0,18156.0,12592.0,4.0,18169.0
51.067403320004814,0.0,0.0,0.0,0.0,0.0,0.0,0.0,0.0,0.0,0.0,0.0,0.0,0.0,13861.0,4.0,18176.0,12593.0,4.0,18189.0
51.06747666200681,0.0,0.0,0.0,0.0,0.0,0.0,0.0,0.0,0.0,0.0,0.0,0.0,0.0,13862.0,4.0,18196.0,12594.0,4.0,18209.0
51.06753903500794,0.0,0.0,0.0,0.0,0.0,0.0,0.0,0.0,0.0,0.0,0.0,0.0,0.0,13863.0,4.0,18216.0,12595.0,4.0,18229.0
51.06759509800759,0.0,0.0,0.0,0.0,0.0,0.0,0.0,0.0,0.0,0.0,0.0,0.0,0.0,13864.0,4.0,18236.0,12596.0,4.0,18239.0
51.067651742007,0.0,0.0,0.0,0.0,0.0,0.0,0.0,0.0,0.0,0.0,0.0,0.0,0.0,13865.0,4.0,18256.0,12597.0,4.0,18269.0
51.067712482006755,0.0,0.0,0.0,0.0,0.0,0.0,0.0,0.0,0.0,0.0,0.0,0.0,0.0,13866.0,4.0,18276.0,12598.0,4.0,18289.0
51.06776619100128,0.0,0.0,0.0,0.0,0.0,0.0,0.0,0.0,0.0,0.0,0.0,0.0,0.0,13867.0,4.0,18296.0,12599.0,4.0,18309.0
51.06782310499693,0.0,0.0,0.0,0.0,0.0,0.0,0.0,0.0,0.0,0.0,0.0,0.0,0.0,13868.0,4.0,18316.0,12600.0,4.0,18329.0
51.0678782370087,0.0,0.0,0.0,0.0,0.0,0.0,0.0,0.0,0.0,0.0,0.0,0.0,0.0,13869.0,4.0,18336.0,12601.0,4.0,18339.0
51.067935261002276,0.0,0.0,0.0,0.0,0.0,0.0,0.0,0.0,0.0,0.0,0.0,0.0,0.0,13870.0,4.0,18356.0,12602.0,4.0,18369.0
51.071422456006985,0.0,0.0,0.0,0.0,0.0,0.0,0.0,0.0,0.0,0.0,0.0,0.0,0.0,13881.0,4.0,18576.0,12603.0,4.0,18581.0
51.0967548799963,0.0,0.0,0.0,0.0,0.0,0.0,0.0,0.0,0.0,0.0,0.0,0.0,0.0,13882.0,4.0,18596.0,12604.0,4.0,18608.0
51.11659069999587,0.0,0.0,0.0,0.0,0.0,0.0,0.0,0.0,0.0,0.0,0.0,0.0,0.0,13883.0,4.0,18616.0,12605.0,4.0,18629.0
51.136257901001954,0.0,0.0,0.0,0.0,0.0,0.0,0.0,0.0,0.0,0.0,0.0,0.0,0.0,13884.0,4.0,18636.0,12606.0,4.0,18639.0
51.16346977700596,0.0,0.0,0.0,0.0,0.0,0.0,0.0,0.0,0.0,0.0,0.0,0.0,0.0,13885.0,4.0,18656.0,12607.0,4.0,18669.0
51.57298419100698,0.0,0.0,0.0,0.0,0.0,0.0,0.0,0.0,0.0,0.0,0.0,0.0,0.0,13894.0,4.0,18836.0,12616.0,4.0,18839.0
51.57348403900687,0.0,0.0,0.0,0.0,0.0,0.0,0.0,0.0,0.0,0.0,0.0,0.0,0.0,13896.0,4.0,18876.0,12618.0,4.0,18889.0
51.573750210009166,0.0,0.0,0.0,0.0,0.0,0.0,0.0,0.0,0.0,0.0,0.0,0.0,0.0,13897.0,4.0,18896.0,12619.0,4.0,18909.0
51.573983616995974,0.0,0.0,0.0,0.0,0.0,0.0,0.0,0.0,0.0,0.0,0.0,0.0,0.0,13898.0,4.0,18916.0,12620.0,4.0,18928.0
51.574292097997386,0.0,0.0,0.0,0.0,0.0,0.0,0.0,0.0,0.0,0.0,0.0,0.0,0.0,13899.0,4.0,18936.0,12621.0,4.0,18938.0
51.574356174009154,0.0,0.0,0.0,0.0,0.0,0.0,0.0,0.0,0.0,0.0,0.0,0.0,0.0,13900.0,4.0,18956.0,12622.0,4.0,18969.0
51.574410294007976,0.0,0.0,0.0,0.0,0.0,0.0,0.0,0.0,0.0,0.0,0.0,0.0,0.0,13901.0,4.0,18976.0,12623.0,4.0,18989.0
51.57446427299874,0.0,0.0,0.0,0.0,0.0,0.0,0.0,0.0,0.0,0.0,0.0,0.0,0.0,13902.0,4.0,18996.0,12624.0,4.0,19010.0
51.574519454996334,0.0,0.0,0.0,0.0,0.0,0.0,0.0,0.0,0.0,0.0,0.0,0.0,0.0,13903.0,4.0,19016.0,12625.0,4.0,19018.0
51.57457143100328,0.0,0.0,0.0,0.0,0.0,0.0,0.0,0.0,0.0,0.0,0.0,0.0,0.0,13904.0,4.0,19036.0,12626.0,4.0,19039.0
51.57462511000631,0.0,0.0,0.0,0.0,0.0,0.0,0.0,0.0,0.0,0.0,0.0,0.0,0.0,13905.0,4.0,19056.0,12627.0,4.0,19059.0
51.58153510800912,0.0,0.0,0.0,0.0,0.0,0.0,0.0,0.0,0.0,0.0,0.0,0.0,0.0,13906.0,4.0,19076.0,12628.0,4.0,19079.0
51.586259866002365,0.0,0.0,0.0,0.0,0.0,0.0,0.0,0.0,0.0,0.0,0.0,0.0,0.0,13907.0,4.0,19096.0,12629.0,4.0,19099.0
51.616328582997085,0.0,0.0,0.0,0.0,0.0,0.0,0.0,0.0,0.0,0.0,0.0,0.0,0.0,13908.0,4.0,19116.0,12630.0,4.0,19129.0
51.628718759995536,0.0,0.0,0.0,0.0,0.0,0.0,0.0,0.0,0.0,0.0,0.0,0.0,0.0,13909.0,4.0,19136.0,12631.0,4.0,19139.0
51.6563315079984,0.0,0.0,0.0,0.0,0.0,0.0,0.0,0.0,0.0,0.0,0.0,0.0,0.0,13910.0,4.0,19156.0,12632.0,4.0,19169.0
52.082824997996795,0.0,0.0,0.0,0.0,0.0,0.0,0.0,0.0,0.0,0.0,0.0,0.0,0.0,13917.0,4.0,19296.0,12639.0,4.0,19309.0
52.08300477601006,0.0,0.0,0.0,0.0,0.0,0.0,0.0,0.0,0.0,0.0,0.0,0.0,0.0,13922.0,4.0,19396.0,12644.0,4.0,19409.0
52.08307261900336,0.0,0.0,0.0,0.0,0.0,0.0,0.0,0.0,0.0,0.0,0.0,0.0,0.0,13923.0,4.0,19416.0,12645.0,4.0,19429.0
52.08313167700544,0.0,0.0,0.0,0.0,0.0,0.0,0.0,0.0,0.0,0.0,0.0,0.0,0.0,13924.0,4.0,19436.0,12646.0,4.0,19438.0
52.0831984969991,0.0,0.0,0.0,0.0,0.0,0.0,0.0,0.0,0.0,0.0,0.0,0.0,0.0,13925.0,4.0,19456.0,12647.0,4.0,19469.0
52.08325952800806,0.0,0.0,0.0,0.0,0.0,0.0,0.0,0.0,0.0,0.0,0.0,0.0,0.0,13926.0,4.0,19476.0,12648.0,4.0,19489.0
52.08331413900305,0.0,0.0,0.0,0.0,0.0,0.0,0.0,0.0,0.0,0.0,0.0,0.0,0.0,13927.0,4.0,19496.0,12649.0,4.0,19510.0
52.083366766004474,0.0,0.0,0.0,0.0,0.0,0.0,0.0,0.0,0.0,0.0,0.0,0.0,0.0,13928.0,4.0,19516.0,12650.0,4.0,19518.0
52.08342026500031,0.0,0.0,0.0,0.0,0.0,0.0,0.0,0.0,0.0,0.0,0.0,0.0,0.0,13929.0,4.0,19536.0,12651.0,4.0,19539.0
52.083473232007236,0.0,0.0,0.0,0.0,0.0,0.0,0.0,0.0,0.0,0.0,0.0,0.0,0.0,13930.0,4.0,19556.0,12652.0,4.0,19559.0
52.08352637999633,0.0,0.0,0.0,0.0,0.0,0.0,0.0,0.0,0.0,0.0,0.0,0.0,0.0,13931.0,4.0,19576.0,12653.0,4.0,19588.0
52.10874744600733,0.0,0.0,0.0,0.0,0.0,0.0,0.0,0.0,0.0,0.0,0.0,0.0,0.0,13932.0,4.0,19596.0,12654.0,4.0,19609.0
52.11810240500199,0.0,0.0,0.0,0.0,0.0,0.0,0.0,0.0,0.0,0.0,0.0,0.0,0.0,13933.0,4.0,19616.0,12655.0,4.0,19629.0
52.12672548100818,0.0,0.0,0.0,0.0,0.0,0.0,0.0,0.0,0.0,0.0,0.0,0.0,0.0,13934.0,4.0,19636.0,12656.0,4.0,19639.0
52.155774048005696,0.0,0.0,0.0,0.0,0.0,0.0,0.0,0.0,0.0,0.0,0.0,0.0,0.0,13935.0,4.0,19656.0,12657.0,4.0,19669.0
52.17856468699756,0.0,0.0,0.0,0.0,0.0,0.0,0.0,0.0,0.0,0.0,0.0,0.0,0.0,13936.0,4.0,19676.0,12658.0,4.0,19689.0
52.58937473400147,0.0,0.0,0.0,0.0,0.0,0.0,0.0,0.0,0.0,0.0,0.0,0.0,0.0,13937.0,4.0,19696.0,12659.0,4.0,19709.0
52.58981233900704,0.0,0.0,0.0,0.0,0.0,0.0,0.0,0.0,0.0,0.0,0.0,0.0,0.0,13939.0,4.0,19736.0,12661.0,4.0,19738.0
52.58989091900003,0.0,0.0,0.0,0.0,0.0,0.0,0.0,0.0,0.0,0.0,0.0,0.0,0.0,13940.0,4.0,19756.0,12662.0,4.0,19769.0
52.58995040800073,0.0,0.0,0.0,0.0,0.0,0.0,0.0,0.0,0.0,0.0,0.0,0.0,0.0,13941.0,4.0,19776.0,12663.0,4.0,19789.0
52.59000766300596,0.0,0.0,0.0,0.0,0.0,0.0,0.0,0.0,0.0,0.0,0.0,0.0,0.0,13942.0,4.0,19796.0,12664.0,4.0,19809.0
52.59006288400269,0.0,0.0,0.0,0.0,0.0,0.0,0.0,0.0,0.0,0.0,0.0,0.0,0.0,13943.0,4.0,19816.0,12665.0,4.0,19829.0
52.590117915999144,0.0,0.0,0.0,0.0,0.0,0.0,0.0,0.0,0.0,0.0,0.0,0.0,0.0,13944.0,4.0,19836.0,12666.0,4.0,19839.0
52.59017304700683,0.0,0.0,0.0,0.0,0.0,0.0,0.0,0.0,0.0,0.0,0.0,0.0,0.0,13945.0,4.0,19856.0,12667.0,4.0,19869.0
52.5902310829988,0.0,0.0,0.0,0.0,0.0,0.0,0.0,0.0,0.0,0.0,0.0,0.0,0.0,13946.0,4.0,19876.0,12668.0,4.0,19889.0
52.59028466200107,0.0,0.0,0.0,0.0,0.0,0.0,0.0,0.0,0.0,0.0,0.0,0.0,0.0,13947.0,4.0,19896.0,12669.0,4.0,19909.0
52.590336627996294,0.0,0.0,0.0,0.0,0.0,0.0,0.0,0.0,0.0,0.0,0.0,0.0,0.0,13948.0,4.0,19916.0,12670.0,4.0,19929.0
52.59038880500884,0.0,0.0,0.0,0.0,0.0,0.0,0.0,0.0,0.0,0.0,0.0,0.0,0.0,13949.0,4.0,19936.0,12671.0,4.0,19939.0
52.59044265400735,0.0,0.0,0.0,0.0,0.0,0.0,0.0,0.0,0.0,0.0,0.0,0.0,0.0,13950.0,4.0,19956.0,12672.0,4.0,19959.0
52.590494410003885,0.0,0.0,0.0,0.0,0.0,0.0,0.0,0.0,0.0,0.0,0.0,0.0,0.0,13951.0,4.0,19976.0,12673.0,4.0,19979.0
52.590545523999026,0.0,0.0,0.0,0.0,0.0,0.0,0.0,0.0,0.0,0.0,0.0,0.0,0.0,13952.0,4.0,19996.0,12674.0,4.0,20010.0
52.590596157999244,0.0,0.0,0.0,0.0,0.0,0.0,0.0,0.0,0.0,0.0,0.0,0.0,0.0,13953.0,4.0,20016.0,12675.0,4.0,20018.0
52.59064750300604,0.0,0.0,0.0,0.0,0.0,0.0,0.0,0.0,0.0,0.0,0.0,0.0,0.0,13954.0,4.0,20036.0,12676.0,4.0,20039.0
52.590698558007716,0.0,0.0,0.0,0.0,0.0,0.0,0.0,0.0,0.0,0.0,0.0,0.0,0.0,13955.0,4.0,20056.0,12677.0,4.0,20059.0
52.59075091499835,0.0,0.0,0.0,0.0,0.0,0.0,0.0,0.0,0.0,0.0,0.0,0.0,0.0,13956.0,4.0,20076.0,12678.0,4.0,20079.0
52.59214540600078,0.0,0.0,0.0,0.0,0.0,0.0,0.0,0.0,0.0,0.0,0.0,0.0,0.0,13957.0,4.0,20096.0,12679.0,4.0,20100.0
52.60675047300174,0.0,0.0,0.0,0.0,0.0,0.0,0.0,0.0,0.0,0.0,0.0,0.0,0.0,13958.0,4.0,20116.0,12680.0,4.0,20119.0
52.6367133140011,0.0,0.0,0.0,0.0,0.0,0.0,0.0,0.0,0.0,0.0,0.0,0.0,0.0,13959.0,4.0,20136.0,12681.0,4.0,20149.0
52.65620866599784,0.0,0.0,0.0,0.0,0.0,0.0,0.0,0.0,0.0,0.0,0.0,0.0,0.0,13960.0,4.0,20156.0,12682.0,4.0,20169.0
52.67788413100061,0.0,0.0,0.0,0.0,0.0,0.0,0.0,0.0,0.0,0.0,0.0,0.0,0.0,13961.0,4.0,20176.0,12683.0,4.0,20189.0
53.101332671009004,0.0,0.0,0.0,0.0,0.0,0.0,0.0,0.0,0.0,0.0,0.0,0.0,0.0,13962.0,4.0,20196.0,12684.0,4.0,20209.0
53.10149894699862,0.0,0.0,0.0,0.0,0.0,0.0,0.0,0.0,0.0,0.0,0.0,0.0,0.0,13963.0,4.0,20216.0,12685.0,4.0,20229.0
53.10156613800791,0.0,0.0,0.0,0.0,0.0,0.0,0.0,0.0,0.0,0.0,0.0,0.0,0.0,13964.0,4.0,20236.0,12686.0,4.0,20239.0
53.10162793000927,0.0,0.0,0.0,0.0,0.0,0.0,0.0,0.0,0.0,0.0,0.0,0.0,0.0,13965.0,4.0,20256.0,12687.0,4.0,20269.0
53.101685825997265,0.0,0.0,0.0,0.0,0.0,0.0,0.0,0.0,0.0,0.0,0.0,0.0,0.0,13966.0,4.0,20276.0,12688.0,4.0,20289.0
53.10174119799922,0.0,0.0,0.0,0.0,0.0,0.0,0.0,0.0,0.0,0.0,0.0,0.0,0.0,13967.0,4.0,20296.0,12689.0,4.0,20310.0
53.101822181997704,0.0,0.0,0.0,0.0,0.0,0.0,0.0,0.0,0.0,0.0,0.0,0.0,0.0,13968.0,4.0,20316.0,12690.0,4.0,20329.0
53.10191317299905,0.0,0.0,0.0,0.0,0.0,0.0,0.0,0.0,0.0,0.0,0.0,0.0,0.0,13969.0,4.0,20336.0,12691.0,4.0,20339.0
53.101994077005656,0.0,0.0,0.0,0.0,0.0,0.0,0.0,0.0,0.0,0.0,0.0,0.0,0.0,13970.0,4.0,20356.0,12692.0,4.0,20369.0
53.10212242000853,0.0,0.0,0.0,0.0,0.0,0.0,0.0,0.0,0.0,0.0,0.0,0.0,0.0,13981.0,4.0,20576.0,12693.0,4.0,20580.0
53.102203474001726,0.0,0.0,0.0,0.0,0.0,0.0,0.0,0.0,0.0,0.0,0.0,0.0,0.0,13982.0,4.0,20596.0,12694.0,4.0,20599.0
53.10762082300789,0.0,0.0,0.0,0.0,0.0,0.0,0.0,0.0,0.0,0.0,0.0,0.0,0.0,13983.0,4.0,20616.0,12695.0,4.0,20619.0
53.13732904200151,0.0,0.0,0.0,0.0,0.0,0.0,0.0,0.0,0.0,0.0,0.0,0.0,0.0,13984.0,4.0,20636.0,12696.0,4.0,20649.0
53.160707158996956,0.0,0.0,0.0,0.0,0.0,0.0,0.0,0.0,0.0,0.0,0.0,0.0,0.0,13985.0,4.0,20656.0,12697.0,4.0,20669.0
53.176648961001774,0.0,0.0,0.0,0.0,0.0,0.0,0.0,0.0,0.0,0.0,0.0,0.0,0.0,13986.0,4.0,20676.0,12698.0,4.0,20689.0
53.196043365998776,0.0,0.0,0.0,0.0,0.0,0.0,0.0,0.0,0.0,0.0,0.0,0.0,0.0,13987.0,4.0,20696.0,12699.0,4.0,20709.0
53.61524944200937,0.0,0.0,0.0,0.0,0.0,0.0,0.0,0.0,0.0,0.0,0.0,0.0,0.0,13998.0,4.0,20916.0,12710.0,4.0,20929.0
53.615536177007016,0.0,0.0,0.0,0.0,0.0,0.0,0.0,0.0,0.0,0.0,0.0,0.0,0.0,13999.0,4.0,20936.0,12711.0,4.0,20939.0
53.61561070100288,0.0,0.0,0.0,0.0,0.0,0.0,0.0,0.0,0.0,0.0,0.0,0.0,0.0,14000.0,4.0,20956.0,12712.0,4.0,20969.0
53.61567056999775,0.0,0.0,0.0,0.0,0.0,0.0,0.0,0.0,0.0,0.0,0.0,0.0,0.0,14001.0,4.0,20976.0,12713.0,4.0,20989.0
53.61572805600008,0.0,0.0,0.0,0.0,0.0,0.0,0.0,0.0,0.0,0.0,0.0,0.0,0.0,14002.0,4.0,20996.0,12714.0,4.0,21010.0
53.61578378800186,0.0,0.0,0.0,0.0,0.0,0.0,0.0,0.0,0.0,0.0,0.0,0.0,0.0,14003.0,4.0,21016.0,12715.0,4.0,21018.0
53.615837958001066,0.0,0.0,0.0,0.0,0.0,0.0,0.0,0.0,0.0,0.0,0.0,0.0,0.0,14004.0,4.0,21036.0,12716.0,4.0,21049.0
53.61589115600509,0.0,0.0,0.0,0.0,0.0,0.0,0.0,0.0,0.0,0.0,0.0,0.0,0.0,14005.0,4.0,21056.0,12717.0,4.0,21069.0
53.61594432400307,0.0,0.0,0.0,0.0,0.0,0.0,0.0,0.0,0.0,0.0,0.0,0.0,0.0,14006.0,4.0,21076.0,12718.0,4.0,21089.0
53.615997091998,0.0,0.0,0.0,0.0,0.0,0.0,0.0,0.0,0.0,0.0,0.0,0.0,0.0,14007.0,4.0,21096.0,12719.0,4.0,21109.0
53.61604999900737,0.0,0.0,0.0,0.0,0.0,0.0,0.0,0.0,0.0,0.0,0.0,0.0,0.0,14008.0,4.0,21116.0,12720.0,4.0,21129.0
53.62555076200806,0.0,0.0,0.0,0.0,0.0,0.0,0.0,0.0,0.0,0.0,0.0,0.0,0.0,14009.0,4.0,21136.0,12721.0,4.0,21139.0
53.656147002999205,0.0,0.0,0.0,0.0,0.0,0.0,0.0,0.0,0.0,0.0,0.0,0.0,0.0,14010.0,4.0,21156.0,12722.0,4.0,21169.0
53.676035279000644,0.0,0.0,0.0,0.0,0.0,0.0,0.0,0.0,0.0,0.0,0.0,0.0,0.0,14011.0,4.0,21176.0,12723.0,4.0,21189.0
53.69666155800223,0.0,0.0,0.0,0.0,0.0,0.0,0.0,0.0,0.0,0.0,0.0,0.0,0.0,14012.0,4.0,21196.0,12724.0,4.0,21209.0
54.12797961999604,0.0,0.0,0.0,0.0,0.0,0.0,0.0,0.0,0.0,0.0,0.0,0.0,0.0,14018.0,4.0,21316.0,12730.0,4.0,21329.0
54.1281641460082,0.0,0.0,0.0,0.0,0.0,0.0,0.0,0.0,0.0,0.0,0.0,0.0,0.0,14021.0,4.0,21376.0,12733.0,4.0,21389.0
54.12824695400195,0.0,0.0,0.0,0.0,0.0,0.0,0.0,0.0,0.0,0.0,0.0,0.0,0.0,14022.0,4.0,21396.0,12734.0,4.0,21409.0
54.12830866599688,0.0,0.0,0.0,0.0,0.0,0.0,0.0,0.0,0.0,0.0,0.0,0.0,0.0,14023.0,4.0,21416.0,12735.0,4.0,21430.0
54.128368796009454,0.0,0.0,0.0,0.0,0.0,0.0,0.0,0.0,0.0,0.0,0.0,0.0,0.0,14024.0,4.0,21436.0,12736.0,4.0,21439.0
54.128425029004575,0.0,0.0,0.0,0.0,0.0,0.0,0.0,0.0,0.0,0.0,0.0,0.0,0.0,14025.0,4.0,21456.0,12737.0,4.0,21469.0
54.12847968999995,0.0,0.0,0.0,0.0,0.0,0.0,0.0,0.0,0.0,0.0,0.0,0.0,0.0,14026.0,4.0,21476.0,12738.0,4.0,21488.0
54.128533459006576,0.0,0.0,0.0,0.0,0.0,0.0,0.0,0.0,0.0,0.0,0.0,0.0,0.0,14027.0,4.0,21496.0,12739.0,4.0,21510.0
54.128586988008465,0.0,0.0,0.0,0.0,0.0,0.0,0.0,0.0,0.0,0.0,0.0,0.0,0.0,14028.0,4.0,21516.0,12740.0,4.0,21518.0
54.12864072700904,0.0,0.0,0.0,0.0,0.0,0.0,0.0,0.0,0.0,0.0,0.0,0.0,0.0,14029.0,4.0,21536.0,12741.0,4.0,21539.0
54.12869370500266,0.0,0.0,0.0,0.0,0.0,0.0,0.0,0.0,0.0,0.0,0.0,0.0,0.0,14030.0,4.0,21556.0,12742.0,4.0,21559.0
54.12874689300952,0.0,0.0,0.0,0.0,0.0,0.0,0.0,0.0,0.0,0.0,0.0,0.0,0.0,14031.0,4.0,21576.0,12743.0,4.0,21589.0
54.128799149009865,0.0,0.0,0.0,0.0,0.0,0.0,0.0,0.0,0.0,0.0,0.0,0.0,0.0,14032.0,4.0,21596.0,12744.0,4.0,21609.0
54.12885560300492,0.0,0.0,0.0,0.0,0.0,0.0,0.0,0.0,0.0,0.0,0.0,0.0,0.0,14033.0,4.0,21616.0,12745.0,4.0,21629.0
54.12890923200757,0.0,0.0,0.0,0.0,0.0,0.0,0.0,0.0,0.0,0.0,0.0,0.0,0.0,14034.0,4.0,21636.0,12746.0,4.0,21639.0
54.15577416600718,0.0,0.0,0.0,0.0,0.0,0.0,0.0,0.0,0.0,0.0,0.0,0.0,0.0,14035.0,4.0,21656.0,12747.0,4.0,21669.0
54.17891215000418,0.0,0.0,0.0,0.0,0.0,0.0,0.0,0.0,0.0,0.0,0.0,0.0,0.0,14036.0,4.0,21676.0,12748.0,4.0,21690.0
54.19565573200816,0.0,0.0,0.0,0.0,0.0,0.0,0.0,0.0,0.0,0.0,0.0,0.0,0.0,14037.0,4.0,21696.0,12749.0,4.0,21709.0
54.21775401200284,0.0,0.0,0.0,0.0,0.0,0.0,0.0,0.0,0.0,0.0,0.0,0.0,0.0,14038.0,4.0,21716.0,12750.0,4.0,21729.0
54.22594424200361,0.0,0.0,0.0,0.0,0.0,0.0,0.0,0.0,0.0,0.0,0.0,0.0,0.0,14039.0,4.0,21736.0,12751.0,4.0,21739.0
54.256491181004094,0.0,0.0,0.0,0.0,0.0,0.0,0.0,0.0,0.0,0.0,0.0,0.0,0.0,14040.0,4.0,21756.0,12752.0,4.0,21769.0
54.27579529800278,0.0,0.0,0.0,0.0,0.0,0.0,0.0,0.0,0.0,0.0,0.0,0.0,0.0,14041.0,4.0,21776.0,12753.0,4.0,21789.0
54.29568173100415,0.0,0.0,0.0,0.0,0.0,0.0,0.0,0.0,0.0,0.0,0.0,0.0,0.0,14042.0,4.0,21796.0,12754.0,4.0,21809.0
54.493924469003105,0.0,0.0,0.0,0.0,0.0,0.0,0.0,0.0,0.0,0.0,0.0,0.0,0.0,14043.0,4.0,21816.0,12755.0,4.0,21829.0
54.49405817000661,0.0,0.0,0.0,0.0,0.0,0.0,0.0,0.0,0.0,0.0,0.0,0.0,0.0,14044.0,4.0,21836.0,12756.0,4.0,21841.0
54.494126584002515,0.0,0.0,0.0,0.0,0.0,0.0,0.0,0.0,0.0,0.0,0.0,0.0,0.0,14045.0,4.0,21856.0,12757.0,4.0,21859.0
54.494199234002735,0.0,0.0,0.0,0.0,0.0,0.0,0.0,0.0,0.0,0.0,0.0,0.0,0.0,14046.0,4.0,21876.0,12758.0,4.0,21889.0
54.49425977500505,0.0,0.0,0.0,0.0,0.0,0.0,0.0,0.0,0.0,0.0,0.0,0.0,0.0,14047.0,4.0,21896.0,12759.0,4.0,21909.0
54.49431487600668,0.0,0.0,0.0,0.0,0.0,0.0,0.0,0.0,0.0,0.0,0.0,0.0,0.0,14048.0,4.0,21916.0,12760.0,4.0,21929.0
54.49436962700565,0.0,0.0,0.0,0.0,0.0,0.0,0.0,0.0,0.0,0.0,0.0,0.0,0.0,14049.0,4.0,21936.0,12761.0,4.0,21939.0
54.49442331600585,0.0,0.0,0.0,0.0,0.0,0.0,0.0,0.0,0.0,0.0,0.0,0.0,0.0,14050.0,4.0,21956.0,12762.0,4.0,21969.0
54.49447673500981,0.0,0.0,0.0,0.0,0.0,0.0,0.0,0.0,0.0,0.0,0.0,0.0,0.0,14051.0,4.0,21976.0,12763.0,4.0,21988.0
54.49690374999773,0.0,0.0,0.0,0.0,0.0,0.0,0.0,0.0,0.0,0.0,0.0,0.0,0.0,14052.0,4.0,21996.0,12764.0,4.0,22010.0
54.50508404900029,0.0,0.0,0.0,0.0,0.0,0.0,0.0,0.0,0.0,0.0,0.0,0.0,0.0,14053.0,4.0,22016.0,12765.0,4.0,22017.0
54.52703970699804,0.0,0.0,0.0,0.0,0.0,0.0,0.0,0.0,0.0,0.0,0.0,0.0,0.0,14054.0,4.0,22036.0,12766.0,4.0,22039.0
54.55548281600932,0.0,0.0,0.0,0.0,0.0,0.0,0.0,0.0,0.0,0.0,0.0,0.0,0.0,14055.0,4.0,22056.0,12767.0,4.0,22069.0
54.577881078002974,0.0,0.0,0.0,0.0,0.0,0.0,0.0,0.0,0.0,0.0,0.0,0.0,0.0,14056.0,4.0,22076.0,12768.0,4.0,22089.0
54.59559345799789,0.0,0.0,0.0,0.0,0.0,0.0,0.0,0.0,0.0,0.0,0.0,0.0,0.0,14057.0,4.0,22096.0,12769.0,4.0,22109.0
54.711416124002426,0.0,0.0,0.0,0.0,0.0,0.0,0.0,0.0,0.0,0.0,0.0,0.0,0.0,14058.0,4.0,22116.0,12770.0,4.0,22129.0
54.711516620009206,0.0,0.0,0.0,0.0,0.0,0.0,0.0,0.0,0.0,0.0,0.0,0.0,0.0,14059.0,4.0,22136.0,12771.0,4.0,22139.0
54.71158319100505,0.0,0.0,0.0,0.0,0.0,0.0,0.0,0.0,0.0,0.0,0.0,0.0,0.0,14060.0,4.0,22156.0,12772.0,4.0,22169.0
54.71164372100611,0.0,0.0,0.0,0.0,0.0,0.0,0.0,0.0,0.0,0.0,0.0,0.0,0.0,14061.0,4.0,22176.0,12773.0,4.0,22189.0
54.71170036500553,0.0,0.0,0.0,0.0,0.0,0.0,0.0,0.0,0.0,0.0,0.0,0.0,0.0,14062.0,4.0,22196.0,12774.0,4.0,22209.0
54.71579745100462,0.0,0.0,0.0,0.0,0.0,0.0,0.0,0.0,0.0,0.0,0.0,0.0,0.0,14063.0,4.0,22216.0,12775.0,4.0,22229.0
54.72679104600684,0.0,0.0,0.0,0.0,0.0,0.0,0.0,0.0,0.0,0.0,0.0,0.0,0.0,14064.0,4.0,22236.0,12776.0,4.0,22239.0
54.75558002899925,0.0,0.0,0.0,0.0,0.0,0.0,0.0,0.0,0.0,0.0,0.0,0.0,0.0,14065.0,4.0,22256.0,12777.0,4.0,22269.0
54.77614680300758,0.0,0.0,0.0,0.0,0.0,0.0,0.0,0.0,0.0,0.0,0.0,0.0,0.0,14066.0,4.0,22276.0,12778.0,4.0,22288.0
54.81251087000419,0.0,0.0,0.0,0.0,0.0,0.0,0.0,0.0,0.0,0.0,0.0,0.0,0.0,14067.0,4.0,22296.0,12779.0,4.0,22309.0
54.81704841699684,0.0,0.0,0.0,0.0,0.0,0.0,0.0,0.0,0.0,0.0,0.0,0.0,0.0,14068.0,4.0,22316.0,12780.0,4.0,22329.0
54.93135784199694,0.0,0.0,0.0,0.0,0.0,0.0,0.0,0.0,0.0,0.0,0.0,0.0,0.0,14069.0,4.0,22336.0,12781.0,4.0,22339.0
54.93151513300836,0.0,0.0,0.0,0.0,0.0,0.0,0.0,0.0,0.0,0.0,0.0,0.0,0.0,14070.0,4.0,22356.0,12782.0,4.0,22369.0
54.942574316999526,0.0,0.0,0.0,0.0,0.0,0.0,0.0,0.0,0.0,0.0,0.0,0.0,0.0,14075.0,4.0,22456.0,12783.0,4.0,22456.0
54.950804148000316,0.0,0.0,0.0,0.0,0.0,0.0,0.0,0.0,0.0,0.0,0.0,0.0,0.0,14075.0,4.0,22456.0,12784.0,4.0,22463.0
54.975400916999206,0.0,0.0,0.0,0.0,0.0,0.0,0.0,0.0,0.0,0.0,0.0,0.0,0.0,14076.0,4.0,22476.0,12785.0,4.0,22489.0
54.98652289500751,0.0,0.0,0.0,0.0,0.0,0.0,0.0,0.0,0.0,0.0,0.0,0.0,0.0,14077.0,4.0,22496.0,12786.0,4.0,22499.0
55.01610911999887,0.0,0.0,0.0,0.0,0.0,0.0,0.0,0.0,0.0,0.0,0.0,0.0,0.0,14078.0,4.0,22516.0,12787.0,4.0,22529.0
55.03534679900622,0.0,0.0,0.0,0.0,0.0,0.0,0.0,0.0,0.0,0.0,0.0,0.0,0.0,14079.0,4.0,22536.0,12788.0,4.0,22549.0
55.12264202699589,0.0,0.0,0.0,0.0,0.0,0.0,0.0,0.0,0.0,0.0,0.0,0.0,0.0,14080.0,4.0,22556.0,12789.0,4.0,22569.0
55.12276330799796,0.0,0.0,0.0,0.0,0.0,0.0,0.0,0.0,0.0,0.0,0.0,0.0,0.0,14081.0,4.0,22576.0,12790.0,4.0,22589.0
55.12282797500666,0.0,0.0,0.0,0.0,0.0,0.0,0.0,0.0,0.0,0.0,0.0,0.0,0.0,14082.0,4.0,22596.0,12791.0,4.0,22599.0
55.12288746400736,0.0,0.0,0.0,0.0,0.0,0.0,0.0,0.0,0.0,0.0,0.0,0.0,0.0,14083.0,4.0,22616.0,12792.0,4.0,22629.0
55.15157191299659,0.0,0.0,0.0,0.0,0.0,0.0,0.0,0.0,0.0,0.0,0.0,0.0,0.0,14084.0,4.0,22636.0,12793.0,4.0,22649.0
55.15606187999947,0.0,0.0,0.0,0.0,0.0,0.0,0.0,0.0,0.0,0.0,0.0,0.0,0.0,14085.0,4.0,22656.0,12794.0,4.0,22669.0
55.17542213300476,0.0,0.0,0.0,0.0,0.0,0.0,0.0,0.0,0.0,0.0,0.0,0.0,0.0,14086.0,4.0,22676.0,12795.0,4.0,22689.0
55.19936238300579,0.0,0.0,0.0,0.0,0.0,0.0,0.0,0.0,0.0,0.0,0.0,0.0,0.0,14087.0,4.0,22696.0,12796.0,4.0,22699.0
55.231517057996825,0.0,0.0,0.0,0.0,0.0,0.0,0.0,0.0,0.0,0.0,0.0,0.0,0.0,14088.0,4.0,22716.0,12797.0,4.0,22729.0
55.23518347000936,0.0,0.0,0.0,0.0,0.0,0.0,0.0,0.0,0.0,0.0,0.0,0.0,0.0,14089.0,4.0,22736.0,12798.0,4.0,22749.0
55.330046550006955,0.0,0.0,0.0,0.0,0.0,0.0,0.0,0.0,0.0,0.0,0.0,0.0,0.0,14090.0,4.0,22756.0,12799.0,4.0,22769.0
55.33046028600074,0.0,0.0,0.0,0.0,0.0,0.0,0.0,0.0,0.0,0.0,0.0,0.0,0.0,14091.0,4.0,22776.0,12800.0,4.0,22789.0
55.330726337007945,0.0,0.0,0.0,0.0,0.0,0.0,0.0,0.0,0.0,0.0,0.0,0.0,0.0,14092.0,4.0,22796.0,12801.0,4.0,22799.0
55.33096615500108,0.0,0.0,0.0,0.0,0.0,0.0,0.0,0.0,0.0,0.0,0.0,0.0,0.0,14093.0,4.0,22816.0,12802.0,4.0,22829.0
55.371009555005,0.0,0.0,0.0,0.0,0.0,0.0,0.0,0.0,0.0,0.0,0.0,0.0,0.0,14094.0,4.0,22836.0,12803.0,4.0,22849.0
55.37110960100836,0.0,0.0,0.0,0.0,0.0,0.0,0.0,0.0,0.0,0.0,0.0,0.0,0.0,14095.0,4.0,22856.0,12804.0,4.0,22870.0
55.377242724003736,0.0,0.0,0.0,0.0,0.0,0.0,0.0,0.0,0.0,0.0,0.0,0.0,0.0,14096.0,4.0,22876.0,12805.0,4.0,22889.0
55.388031459995545,0.0,0.0,0.0,0.0,0.0,0.0,0.0,0.0,0.0,0.0,0.0,0.0,0.0,14097.0,4.0,22896.0,12806.0,4.0,22899.0
55.42163670300215,0.0,0.0,0.0,0.0,0.0,0.0,0.0,0.0,0.0,0.0,0.0,0.0,0.0,14098.0,4.0,22916.0,12807.0,4.0,22929.0
55.435848826004076,0.0,0.0,0.0,0.0,0.0,0.0,0.0,0.0,0.0,0.0,0.0,0.0,0.0,14099.0,4.0,22936.0,12808.0,4.0,22949.0
55.454655962996185,0.0,0.0,0.0,0.0,0.0,0.0,0.0,0.0,0.0,0.0,0.0,0.0,0.0,14100.0,4.0,22956.0,12809.0,4.0,22969.0
55.47735237500456,0.0,0.0,0.0,0.0,0.0,0.0,0.0,0.0,0.0,0.0,0.0,0.0,0.0,14101.0,4.0,22976.0,12810.0,4.0,22989.0
55.59322268400865,0.0,0.0,0.0,0.0,0.0,0.0,0.0,0.0,0.0,0.0,0.0,0.0,0.0,14102.0,4.0,22996.0,12811.0,4.0,22999.0
55.59335122699849,0.0,0.0,0.0,0.0,0.0,0.0,0.0,0.0,0.0,0.0,0.0,0.0,0.0,14103.0,4.0,23016.0,12812.0,4.0,23019.0
55.593422235004255,0.0,0.0,0.0,0.0,0.0,0.0,0.0,0.0,0.0,0.0,0.0,0.0,0.0,14104.0,4.0,23036.0,12813.0,4.0,23049.0
55.59348652100016,0.0,0.0,0.0,0.0,0.0,0.0,0.0,0.0,0.0,0.0,0.0,0.0,0.0,14105.0,4.0,23056.0,12814.0,4.0,23069.0
55.59354936600721,0.0,0.0,0.0,0.0,0.0,0.0,0.0,0.0,0.0,0.0,0.0,0.0,0.0,14106.0,4.0,23076.0,12815.0,4.0,23089.0
55.593604987996514,0.0,0.0,0.0,0.0,0.0,0.0,0.0,0.0,0.0,0.0,0.0,0.0,0.0,14107.0,4.0,23096.0,12816.0,4.0,23099.0
55.61580098900595,0.0,0.0,0.0,0.0,0.0,0.0,0.0,0.0,0.0,0.0,0.0,0.0,0.0,14108.0,4.0,23116.0,12817.0,4.0,23128.0
55.640449198996066,0.0,0.0,0.0,0.0,0.0,0.0,0.0,0.0,0.0,0.0,0.0,0.0,0.0,14109.0,4.0,23136.0,12818.0,4.0,23149.0
55.65728932300408,0.0,0.0,0.0,0.0,0.0,0.0,0.0,0.0,0.0,0.0,0.0,0.0,0.0,14110.0,4.0,23156.0,12819.0,4.0,23169.0
55.676374321003095,0.0,0.0,0.0,0.0,0.0,0.0,0.0,0.0,0.0,0.0,0.0,0.0,0.0,14111.0,4.0,23176.0,12820.0,4.0,23189.0
55.685686723998515,0.0,0.0,0.0,0.0,0.0,0.0,0.0,0.0,0.0,0.0,0.0,0.0,0.0,14112.0,4.0,23196.0,12821.0,4.0,23199.0
55.762472628004616,0.0,0.0,0.0,0.0,0.0,0.0,0.0,0.0,0.0,0.0,0.0,0.0,0.0,14113.0,4.0,23216.0,12822.0,4.0,23229.0
55.76261469400197,0.0,0.0,0.0,0.0,0.0,0.0,0.0,0.0,0.0,0.0,0.0,0.0,0.0,14114.0,4.0,23236.0,12823.0,4.0,23249.0
55.76268400900881,0.0,0.0,0.0,0.0,0.0,0.0,0.0,0.0,0.0,0.0,0.0,0.0,0.0,14115.0,4.0,23256.0,12824.0,4.0,23269.0
55.8060488760093,0.0,0.0,0.0,0.0,0.0,0.0,0.0,0.0,0.0,0.0,0.0,0.0,0.0,14116.0,4.0,23276.0,12825.0,4.0,23289.0
55.80615646499791,0.0,0.0,0.0,0.0,0.0,0.0,0.0,0.0,0.0,0.0,0.0,0.0,0.0,14117.0,4.0,23296.0,12826.0,4.0,23299.0
55.8203940000094,0.0,0.0,0.0,0.0,0.0,0.0,0.0,0.0,0.0,0.0,0.0,0.0,0.0,14118.0,4.0,23316.0,12827.0,4.0,23329.0
55.83520232200681,0.0,0.0,0.0,0.0,0.0,0.0,0.0,0.0,0.0,0.0,0.0,0.0,0.0,14119.0,4.0,23336.0,12828.0,4.0,23349.0
55.855201989004854,0.0,0.0,0.0,0.0,0.0,0.0,0.0,0.0,0.0,0.0,0.0,0.0,0.0,14120.0,4.0,23356.0,12829.0,4.0,23369.0
55.87640771600127,0.0,0.0,0.0,0.0,0.0,0.0,0.0,0.0,0.0,0.0,0.0,0.0,0.0,14121.0,4.0,23376.0,12830.0,4.0,23389.0
55.88663581800938,0.0,0.0,0.0,0.0,0.0,0.0,0.0,0.0,0.0,0.0,0.0,0.0,0.0,14122.0,4.0,23396.0,12831.0,4.0,23399.0
55.916183207998984,0.0,0.0,0.0,0.0,0.0,0.0,0.0,0.0,0.0,0.0,0.0,0.0,0.0,14123.0,4.0,23416.0,12832.0,4.0,23429.0
56.02994980600488,0.0,0.0,0.0,0.0,0.0,0.0,0.0,0.0,0.0,0.0,0.0,0.0,0.0,14124.0,4.0,23436.0,12833.0,4.0,23449.0
56.03008304700779,0.0,0.0,0.0,0.0,0.0,0.0,0.0,0.0,0.0,0.0,0.0,0.0,0.0,14125.0,4.0,23456.0,12834.0,4.0,23469.0
56.03015133000736,0.0,0.0,0.0,0.0,0.0,0.0,0.0,0.0,0.0,0.0,0.0,0.0,0.0,14126.0,4.0,23476.0,12835.0,4.0,23489.0
56.03027546600788,0.0,0.0,0.0,0.0,0.0,0.0,0.0,0.0,0.0,0.0,0.0,0.0,0.0,14127.0,4.0,23496.0,12836.0,4.0,23499.0
56.03033439400315,0.0,0.0,0.0,0.0,0.0,0.0,0.0,0.0,0.0,0.0,0.0,0.0,0.0,14128.0,4.0,23516.0,12837.0,4.0,23529.0
56.03594567500113,0.0,0.0,0.0,0.0,0.0,0.0,0.0,0.0,0.0,0.0,0.0,0.0,0.0,14129.0,4.0,23536.0,12838.0,4.0,23549.0
56.05620604399883,0.0,0.0,0.0,0.0,0.0,0.0,0.0,0.0,0.0,0.0,0.0,0.0,0.0,14130.0,4.0,23556.0,12839.0,4.0,23569.0
56.075014784000814,0.0,0.0,0.0,0.0,0.0,0.0,0.0,0.0,0.0,0.0,0.0,0.0,0.0,14131.0,4.0,23576.0,12840.0,4.0,23589.0
56.08534064900596,0.0,0.0,0.0,0.0,0.0,0.0,0.0,0.0,0.0,0.0,0.0,0.0,0.0,14132.0,4.0,23596.0,12841.0,4.0,23599.0
56.11685024399776,0.0,0.0,0.0,0.0,0.0,0.0,0.0,0.0,0.0,0.0,0.0,0.0,0.0,14133.0,4.0,23616.0,12842.0,4.0,23629.0
56.13517060400045,0.0,0.0,0.0,0.0,0.0,0.0,0.0,0.0,0.0,0.0,0.0,0.0,0.0,14134.0,4.0,23636.0,12843.0,4.0,23649.0
56.1927931800019,0.0,0.0,0.0,0.0,0.0,0.0,0.0,0.0,0.0,0.0,0.0,0.0,0.0,14135.0,4.0,23656.0,12844.0,4.0,23669.0
56.19315228599589,0.0,0.0,0.0,0.0,0.0,0.0,0.0,0.0,0.0,0.0,0.0,0.0,0.0,14136.0,4.0,23676.0,12845.0,4.0,23689.0
56.19333437799651,0.0,0.0,0.0,0.0,0.0,0.0,0.0,0.0,0.0,0.0,0.0,0.0,0.0,14137.0,4.0,23696.0,12846.0,4.0,23699.0
56.2516840199969,0.0,0.0,0.0,0.0,0.0,0.0,0.0,0.0,0.0,0.0,0.0,0.0,0.0,14138.0,4.0,23716.0,12847.0,4.0,23728.0
56.251795946009224,0.0,0.0,0.0,0.0,0.0,0.0,0.0,0.0,0.0,0.0,0.0,0.0,0.0,14139.0,4.0,23736.0,12848.0,4.0,23749.0
56.25580307500786,0.0,0.0,0.0,0.0,0.0,0.0,0.0,0.0,0.0,0.0,0.0,0.0,0.0,14140.0,4.0,23756.0,12849.0,4.0,23769.0
56.27973544700944,0.0,0.0,0.0,0.0,0.0,0.0,0.0,0.0,0.0,0.0,0.0,0.0,0.0,14141.0,4.0,23776.0,12850.0,4.0,23789.0
56.28636456700042,0.0,0.0,0.0,0.0,0.0,0.0,0.0,0.0,0.0,0.0,0.0,0.0,0.0,14142.0,4.0,23796.0,12851.0,4.0,23799.0
56.31766349299869,0.0,0.0,0.0,0.0,0.0,0.0,0.0,0.0,0.0,0.0,0.0,0.0,0.0,14143.0,4.0,23816.0,12852.0,4.0,23829.0
56.3351817119983,0.0,0.0,0.0,0.0,0.0,0.0,0.0,0.0,0.0,0.0,0.0,0.0,0.0,14144.0,4.0,23836.0,12853.0,4.0,23849.0
56.354959850999876,0.0,0.0,0.0,0.0,0.0,0.0,0.0,0.0,0.0,0.0,0.0,0.0,0.0,14145.0,4.0,23856.0,12854.0,4.0,23869.0
56.41891405300703,0.0,0.0,0.0,0.0,0.0,0.0,0.0,0.0,0.0,0.0,0.0,0.0,0.0,14146.0,4.0,23876.0,12855.0,4.0,23889.0
56.419037888001185,0.0,0.0,0.0,0.0,0.0,0.0,0.0,0.0,0.0,0.0,0.0,0.0,0.0,14147.0,4.0,23897.0,12856.0,4.0,23899.0
56.41910603099677,0.0,0.0,0.0,0.0,0.0,0.0,0.0,0.0,0.0,0.0,0.0,0.0,0.0,14148.0,4.0,23916.0,12857.0,4.0,23929.0
56.471892165005556,0.0,0.0,0.0,0.0,0.0,0.0,0.0,0.0,0.0,0.0,0.0,0.0,0.0,14149.0,4.0,23936.0,12858.0,4.0,23949.0
56.472291968995705,0.0,0.0,0.0,0.0,0.0,0.0,0.0,0.0,0.0,0.0,0.0,0.0,0.0,14150.0,4.0,23956.0,12859.0,4.0,23969.0
56.48256243800279,0.0,0.0,0.0,0.0,0.0,0.0,0.0,0.0,0.0,0.0,0.0,0.0,0.0,14151.0,4.0,23976.0,12860.0,4.0,23989.0
56.48639327700948,0.0,0.0,0.0,0.0,0.0,0.0,0.0,0.0,0.0,0.0,0.0,0.0,0.0,14152.0,4.0,23996.0,12861.0,4.0,24001.0
56.50535121699795,0.0,0.0,0.0,0.0,0.0,0.0,0.0,0.0,0.0,0.0,0.0,0.0,0.0,14153.0,4.0,24016.0,12862.0,4.0,24019.0
56.53515507100383,0.0,0.0,0.0,0.0,0.0,0.0,0.0,0.0,0.0,0.0,0.0,0.0,0.0,14154.0,4.0,24036.0,12863.0,4.0,24048.0
56.5558468990057,0.0,0.0,0.0,0.0,0.0,0.0,0.0,0.0,0.0,0.0,0.0,0.0,0.0,14155.0,4.0,24056.0,12864.0,4.0,24069.0
56.575775910998345,0.0,0.0,0.0,0.0,0.0,0.0,0.0,0.0,0.0,0.0,0.0,0.0,0.0,14156.0,4.0,24076.0,12865.0,4.0,24089.0
56.6911627320078,0.0,0.0,0.0,0.0,0.0,0.0,0.0,0.0,0.0,0.0,0.0,0.0,0.0,14157.0,4.0,24096.0,12866.0,4.0,24099.0
56.69129751600849,0.0,0.0,0.0,0.0,0.0,0.0,0.0,0.0,0.0,0.0,0.0,0.0,0.0,14158.0,4.0,24116.0,12867.0,4.0,24129.0
56.69137249000778,0.0,0.0,0.0,0.0,0.0,0.0,0.0,0.0,0.0,0.0,0.0,0.0,0.0,14159.0,4.0,24136.0,12868.0,4.0,24149.0
56.69143979200453,0.0,0.0,0.0,0.0,0.0,0.0,0.0,0.0,0.0,0.0,0.0,0.0,0.0,14160.0,4.0,24156.0,12869.0,4.0,24169.0
56.69149678600661,0.0,0.0,0.0,0.0,0.0,0.0,0.0,0.0,0.0,0.0,0.0,0.0,0.0,14161.0,4.0,24176.0,12870.0,4.0,24189.0
56.691553541008034,0.0,0.0,0.0,0.0,0.0,0.0,0.0,0.0,0.0,0.0,0.0,0.0,0.0,14162.0,4.0,24196.0,12871.0,4.0,24199.0
56.71490968100261,0.0,0.0,0.0,0.0,0.0,0.0,0.0,0.0,0.0,0.0,0.0,0.0,0.0,14163.0,4.0,24216.0,12872.0,4.0,24229.0
56.7349954740057,0.0,0.0,0.0,0.0,0.0,0.0,0.0,0.0,0.0,0.0,0.0,0.0,0.0,14164.0,4.0,24236.0,12873.0,4.0,24249.0
56.75506837399735,0.0,0.0,0.0,0.0,0.0,0.0,0.0,0.0,0.0,0.0,0.0,0.0,0.0,14165.0,4.0,24256.0,12874.0,4.0,24269.0
56.77502004400594,0.0,0.0,0.0,0.0,0.0,0.0,0.0,0.0,0.0,0.0,0.0,0.0,0.0,14166.0,4.0,24276.0,12875.0,4.0,24289.0
56.785723841996514,0.0,0.0,0.0,0.0,0.0,0.0,0.0,0.0,0.0,0.0,0.0,0.0,0.0,14167.0,4.0,24296.0,12876.0,4.0,24299.0
56.91129429700959,0.0,0.0,0.0,0.0,0.0,0.0,0.0,0.0,0.0,0.0,0.0,0.0,0.0,14168.0,4.0,24316.0,12877.0,4.0,24329.0
56.91145046699967,0.0,0.0,0.0,0.0,0.0,0.0,0.0,0.0,0.0,0.0,0.0,0.0,0.0,14169.0,4.0,24336.0,12878.0,4.0,24349.0
56.91151895999792,0.0,0.0,0.0,0.0,0.0,0.0,0.0,0.0,0.0,0.0,0.0,0.0,0.0,14170.0,4.0,24356.0,12879.0,4.0,24369.0
56.93960835800681,0.0,0.0,0.0,0.0,0.0,0.0,0.0,0.0,0.0,0.0,0.0,0.0,0.0,14174.0,4.0,24436.0,12880.0,4.0,24438.0
56.94772778599872,0.0,0.0,0.0,0.0,0.0,0.0,0.0,0.0,0.0,0.0,0.0,0.0,0.0,14175.0,4.0,24456.0,12881.0,4.0,24459.0
56.974914406004245,0.0,0.0,0.0,0.0,0.0,0.0,0.0,0.0,0.0,0.0,0.0,0.0,0.0,14176.0,4.0,24476.0,12882.0,4.0,24489.0
56.996117242000764,0.0,0.0,0.0,0.0,0.0,0.0,0.0,0.0,0.0,0.0,0.0,0.0,0.0,14177.0,4.0,24496.0,12883.0,4.0,24510.0
57.00313614400511,0.0,0.0,0.0,0.0,0.0,0.0,0.0,0.0,0.0,0.0,0.0,0.0,0.0,14178.0,4.0,24516.0,12884.0,4.0,24518.0
57.13071387099626,0.0,0.0,0.0,0.0,0.0,0.0,0.0,0.0,0.0,0.0,0.0,0.0,0.0,14179.0,4.0,24536.0,12885.0,4.0,24548.0
57.13089179599774,0.0,0.0,0.0,0.0,0.0,0.0,0.0,0.0,0.0,0.0,0.0,0.0,0.0,14180.0,4.0,24556.0,12886.0,4.0,24559.0
57.1309598890075,0.0,0.0,0.0,0.0,0.0,0.0,0.0,0.0,0.0,0.0,0.0,0.0,0.0,14181.0,4.0,24576.0,12887.0,4.0,24589.0
57.131018826999934,0.0,0.0,0.0,0.0,0.0,0.0,0.0,0.0,0.0,0.0,0.0,0.0,0.0,14182.0,4.0,24596.0,12888.0,4.0,24609.0
57.13107493999996,0.0,0.0,0.0,0.0,0.0,0.0,0.0,0.0,0.0,0.0,0.0,0.0,0.0,14183.0,4.0,24616.0,12889.0,4.0,24629.0
57.13907020199986,0.0,0.0,0.0,0.0,0.0,0.0,0.0,0.0,0.0,0.0,0.0,0.0,0.0,14184.0,4.0,24636.0,12890.0,4.0,24649.0
57.14783510200505,0.0,0.0,0.0,0.0,0.0,0.0,0.0,0.0,0.0,0.0,0.0,0.0,0.0,14185.0,4.0,24656.0,12891.0,4.0,24659.0
57.17649583800812,0.0,0.0,0.0,0.0,0.0,0.0,0.0,0.0,0.0,0.0,0.0,0.0,0.0,14186.0,4.0,24676.0,12892.0,4.0,24689.0
57.195243720008875,0.0,0.0,0.0,0.0,0.0,0.0,0.0,0.0,0.0,0.0,0.0,0.0,0.0,14187.0,4.0,24696.0,12893.0,4.0,24708.0
57.215860864002025,0.0,0.0,0.0,0.0,0.0,0.0,0.0,0.0,0.0,0.0,0.0,0.0,0.0,14188.0,4.0,24716.0,12894.0,4.0,24729.0
57.23748335700657,0.0,0.0,0.0,0.0,0.0,0.0,0.0,0.0,0.0,0.0,0.0,0.0,0.0,14189.0,4.0,24736.0,12895.0,4.0,24749.0
57.35293220099993,0.0,0.0,0.0,0.0,0.0,0.0,0.0,0.0,0.0,0.0,0.0,0.0,0.0,14190.0,4.0,24756.0,12896.0,4.0,24759.0
57.35306260699872,0.0,0.0,0.0,0.0,0.0,0.0,0.0,0.0,0.0,0.0,0.0,0.0,0.0,14191.0,4.0,24776.0,12897.0,4.0,24789.0
57.35315543100296,0.0,0.0,0.0,0.0,0.0,0.0,0.0,0.0,0.0,0.0,0.0,0.0,0.0,14192.0,4.0,24796.0,12898.0,4.0,24809.0
57.35322656900098,0.0,0.0,0.0,0.0,0.0,0.0,0.0,0.0,0.0,0.0,0.0,0.0,0.0,14193.0,4.0,24816.0,12899.0,4.0,24829.0
57.353287129997625,0.0,0.0,0.0,0.0,0.0,0.0,0.0,0.0,0.0,0.0,0.0,0.0,0.0,14194.0,4.0,24836.0,12900.0,4.0,24848.0
57.35334403399611,0.0,0.0,0.0,0.0,0.0,0.0,0.0,0.0,0.0,0.0,0.0,0.0,0.0,14195.0,4.0,24856.0,12901.0,4.0,24858.0
57.37531064799987,0.0,0.0,0.0,0.0,0.0,0.0,0.0,0.0,0.0,0.0,0.0,0.0,0.0,14196.0,4.0,24876.0,12902.0,4.0,24889.0
57.39765219199762,0.0,0.0,0.0,0.0,0.0,0.0,0.0,0.0,0.0,0.0,0.0,0.0,0.0,14197.0,4.0,24896.0,12903.0,4.0,24909.0
57.4147055909998,0.0,0.0,0.0,0.0,0.0,0.0,0.0,0.0,0.0,0.0,0.0,0.0,0.0,14198.0,4.0,24916.0,12904.0,4.0,24929.0
57.45206065400271,0.0,0.0,0.0,0.0,0.0,0.0,0.0,0.0,0.0,0.0,0.0,0.0,0.0,14199.0,4.0,24936.0,12905.0,4.0,24949.0
57.452568818000145,0.0,0.0,0.0,0.0,0.0,0.0,0.0,0.0,0.0,0.0,0.0,0.0,0.0,14200.0,4.0,24956.0,12906.0,4.0,24959.0
57.57107998999709,0.0,0.0,0.0,0.0,0.0,0.0,0.0,0.0,0.0,0.0,0.0,0.0,0.0,14201.0,4.0,24976.0,12907.0,4.0,24989.0
57.57123845300521,0.0,0.0,0.0,0.0,0.0,0.0,0.0,0.0,0.0,0.0,0.0,0.0,0.0,14202.0,4.0,24996.0,12908.0,4.0,25010.0
57.57131208600185,0.0,0.0,0.0,0.0,0.0,0.0,0.0,0.0,0.0,0.0,0.0,0.0,0.0,14203.0,4.0,25016.0,12909.0,4.0,25018.0
57.57137385800888,0.0,0.0,0.0,0.0,0.0,0.0,0.0,0.0,0.0,0.0,0.0,0.0,0.0,14204.0,4.0,25036.0,12910.0,4.0,25049.0
57.57143161400745,0.0,0.0,0.0,0.0,0.0,0.0,0.0,0.0,0.0,0.0,0.0,0.0,0.0,14205.0,4.0,25056.0,12911.0,4.0,25059.0
57.57467895699665,0.0,0.0,0.0,0.0,0.0,0.0,0.0,0.0,0.0,0.0,0.0,0.0,0.0,14206.0,4.0,25076.0,12912.0,4.0,25089.0
57.5946751129959,0.0,0.0,0.0,0.0,0.0,0.0,0.0,0.0,0.0,0.0,0.0,0.0,0.0,14207.0,4.0,25096.0,12913.0,4.0,25109.0
57.61618844899931,0.0,0.0,0.0,0.0,0.0,0.0,0.0,0.0,0.0,0.0,0.0,0.0,0.0,14208.0,4.0,25116.0,12914.0,4.0,25129.0
57.63556112900551,0.0,0.0,0.0,0.0,0.0,0.0,0.0,0.0,0.0,0.0,0.0,0.0,0.0,14209.0,4.0,25136.0,12915.0,4.0,25149.0
57.646681366008124,0.0,0.0,0.0,0.0,0.0,0.0,0.0,0.0,0.0,0.0,0.0,0.0,0.0,14210.0,4.0,25156.0,12916.0,4.0,25159.0
57.67509064300975,0.0,0.0,0.0,0.0,0.0,0.0,0.0,0.0,0.0,0.0,0.0,0.0,0.0,14211.0,4.0,25176.0,12917.0,4.0,25189.0
57.79435199100408,0.0,0.0,0.0,0.0,0.0,0.0,0.0,0.0,0.0,0.0,0.0,0.0,0.0,14212.0,4.0,25196.0,12918.0,4.0,25209.0
57.79447560600238,0.0,0.0,0.0,0.0,0.0,0.0,0.0,0.0,0.0,0.0,0.0,0.0,0.0,14213.0,4.0,25216.0,12919.0,4.0,25229.0
57.79454991000239,0.0,0.0,0.0,0.0,0.0,0.0,0.0,0.0,0.0,0.0,0.0,0.0,0.0,14214.0,4.0,25236.0,12920.0,4.0,25249.0
57.79461115101003,0.0,0.0,0.0,0.0,0.0,0.0,0.0,0.0,0.0,0.0,0.0,0.0,0.0,14215.0,4.0,25256.0,12921.0,4.0,25259.0
57.7946668240038,0.0,0.0,0.0,0.0,0.0,0.0,0.0,0.0,0.0,0.0,0.0,0.0,0.0,14216.0,4.0,25276.0,12922.0,4.0,25289.0
57.796273462008685,0.0,0.0,0.0,0.0,0.0,0.0,0.0,0.0,0.0,0.0,0.0,0.0,0.0,14217.0,4.0,25296.0,12923.0,4.0,25308.0
57.81573855600436,0.0,0.0,0.0,0.0,0.0,0.0,0.0,0.0,0.0,0.0,0.0,0.0,0.0,14218.0,4.0,25316.0,12924.0,4.0,25329.0
57.83523551300459,0.0,0.0,0.0,0.0,0.0,0.0,0.0,0.0,0.0,0.0,0.0,0.0,0.0,14219.0,4.0,25336.0,12925.0,4.0,25349.0
57.84765565900307,0.0,0.0,0.0,0.0,0.0,0.0,0.0,0.0,0.0,0.0,0.0,0.0,0.0,14220.0,4.0,25356.0,12926.0,4.0,25360.0
57.87586324100266,0.0,0.0,0.0,0.0,0.0,0.0,0.0,0.0,0.0,0.0,0.0,0.0,0.0,14221.0,4.0,25376.0,12927.0,4.0,25389.0
57.89629717399657,0.0,0.0,0.0,0.0,0.0,0.0,0.0,0.0,0.0,0.0,0.0,0.0,0.0,14222.0,4.0,25396.0,12928.0,4.0,25409.0
57.98998153800494,0.0,0.0,0.0,0.0,0.0,0.0,0.0,0.0,0.0,0.0,0.0,0.0,0.0,14223.0,4.0,25416.0,12929.0,4.0,25430.0
57.99012658900756,0.0,0.0,0.0,0.0,0.0,0.0,0.0,0.0,0.0,0.0,0.0,0.0,0.0,14224.0,4.0,25436.0,12930.0,4.0,25449.0
57.99020581100194,0.0,0.0,0.0,0.0,0.0,0.0,0.0,0.0,0.0,0.0,0.0,0.0,0.0,14225.0,4.0,25456.0,12931.0,4.0,25459.0
57.990271700007725,0.0,0.0,0.0,0.0,0.0,0.0,0.0,0.0,0.0,0.0,0.0,0.0,0.0,14226.0,4.0,25476.0,12932.0,4.0,25489.0
58.0122473930096,0.0,0.0,0.0,0.0,0.0,0.0,0.0,0.0,0.0,0.0,0.0,0.0,0.0,14227.0,4.0,25496.0,12933.0,4.0,25510.0
58.012482103004004,0.0,0.0,0.0,0.0,0.0,0.0,0.0,0.0,0.0,0.0,0.0,0.0,0.0,14228.0,4.0,25516.0,12934.0,4.0,25518.0
58.03492478199769,0.0,0.0,0.0,0.0,0.0,0.0,0.0,0.0,0.0,0.0,0.0,0.0,0.0,14229.0,4.0,25536.0,12935.0,4.0,25549.0
58.045234361998155,0.0,0.0,0.0,0.0,0.0,0.0,0.0,0.0,0.0,0.0,0.0,0.0,0.0,14230.0,4.0,25556.0,12936.0,4.0,25559.0
58.07524021100835,0.0,0.0,0.0,0.0,0.0,0.0,0.0,0.0,0.0,0.0,0.0,0.0,0.0,14231.0,4.0,25576.0,12937.0,4.0,25589.0
58.095134386996506,0.0,0.0,0.0,0.0,0.0,0.0,0.0,0.0,0.0,0.0,0.0,0.0,0.0,14232.0,4.0,25596.0,12938.0,4.0,25609.0
58.166919164999854,0.0,0.0,0.0,0.0,0.0,0.0,0.0,0.0,0.0,0.0,0.0,0.0,0.0,14233.0,4.0,25616.0,12939.0,4.0,25629.0
58.16732727299677,0.0,0.0,0.0,0.0,0.0,0.0,0.0,0.0,0.0,0.0,0.0,0.0,0.0,14234.0,4.0,25636.0,12940.0,4.0,25649.0
58.16758944799949,0.0,0.0,0.0,0.0,0.0,0.0,0.0,0.0,0.0,0.0,0.0,0.0,0.0,14235.0,4.0,25656.0,12941.0,4.0,25659.0
58.234498549005366,0.0,0.0,0.0,0.0,0.0,0.0,0.0,0.0,0.0,0.0,0.0,0.0,0.0,14236.0,4.0,25676.0,12942.0,4.0,25689.0
58.234880693999,0.0,0.0,0.0,0.0,0.0,0.0,0.0,0.0,0.0,0.0,0.0,0.0,0.0,14237.0,4.0,25696.0,12943.0,4.0,25709.0
58.23498190200189,0.0,0.0,0.0,0.0,0.0,0.0,0.0,0.0,0.0,0.0,0.0,0.0,0.0,14238.0,4.0,25716.0,12944.0,4.0,25729.0
58.23600458999863,0.0,0.0,0.0,0.0,0.0,0.0,0.0,0.0,0.0,0.0,0.0,0.0,0.0,14239.0,4.0,25736.0,12945.0,4.0,25748.0
58.24342227799934,0.0,0.0,0.0,0.0,0.0,0.0,0.0,0.0,0.0,0.0,0.0,0.0,0.0,14240.0,4.0,25756.0,12946.0,4.0,25758.0
58.276563072009594,0.0,0.0,0.0,0.0,0.0,0.0,0.0,0.0,0.0,0.0,0.0,0.0,0.0,14241.0,4.0,25776.0,12947.0,4.0,25789.0
58.296138860008796,0.0,0.0,0.0,0.0,0.0,0.0,0.0,0.0,0.0,0.0,0.0,0.0,0.0,14242.0,4.0,25796.0,12948.0,4.0,25809.0
58.31561220799631,0.0,0.0,0.0,0.0,0.0,0.0,0.0,0.0,0.0,0.0,0.0,0.0,0.0,14243.0,4.0,25816.0,12949.0,4.0,25829.0
58.33489840500988,0.0,0.0,0.0,0.0,0.0,0.0,0.0,0.0,0.0,0.0,0.0,0.0,0.0,14244.0,4.0,25836.0,12950.0,4.0,25849.0
58.45075029200234,0.0,0.0,0.0,0.0,0.0,0.0,0.0,0.0,0.0,0.0,0.0,0.0,0.0,14245.0,4.0,25856.0,12951.0,4.0,25859.0
58.451139748998685,0.0,0.0,0.0,0.0,0.0,0.0,0.0,0.0,0.0,0.0,0.0,0.0,0.0,14246.0,4.0,25876.0,12952.0,4.0,25889.0
58.451293403995805,0.0,0.0,0.0,0.0,0.0,0.0,0.0,0.0,0.0,0.0,0.0,0.0,0.0,14247.0,4.0,25896.0,12953.0,4.0,25909.0
58.45135355400271,0.0,0.0,0.0,0.0,0.0,0.0,0.0,0.0,0.0,0.0,0.0,0.0,0.0,14248.0,4.0,25916.0,12954.0,4.0,25929.0
58.45140973800153,0.0,0.0,0.0,0.0,0.0,0.0,0.0,0.0,0.0,0.0,0.0,0.0,0.0,14249.0,4.0,25936.0,12955.0,4.0,25949.0
58.45147458500287,0.0,0.0,0.0,0.0,0.0,0.0,0.0,0.0,0.0,0.0,0.0,0.0,0.0,14250.0,4.0,25956.0,12956.0,4.0,25959.0
58.47576335500344,0.0,0.0,0.0,0.0,0.0,0.0,0.0,0.0,0.0,0.0,0.0,0.0,0.0,14251.0,4.0,25976.0,12957.0,4.0,25989.0
58.497812764995615,0.0,0.0,0.0,0.0,0.0,0.0,0.0,0.0,0.0,0.0,0.0,0.0,0.0,14252.0,4.0,25996.0,12958.0,4.0,26010.0
58.503204612003174,0.0,0.0,0.0,0.0,0.0,0.0,0.0,0.0,0.0,0.0,0.0,0.0,0.0,14253.0,4.0,26016.0,12959.0,4.0,26018.0
58.535241484001745,0.0,0.0,0.0,0.0,0.0,0.0,0.0,0.0,0.0,0.0,0.0,0.0,0.0,14254.0,4.0,26036.0,12960.0,4.0,26049.0
58.54403935899609,0.0,0.0,0.0,0.0,0.0,0.0,0.0,0.0,0.0,0.0,0.0,0.0,0.0,14255.0,4.0,26056.0,12961.0,4.0,26059.0
58.67349957600527,0.0,0.0,0.0,0.0,0.0,0.0,0.0,0.0,0.0,0.0,0.0,0.0,0.0,14256.0,4.0,26076.0,12962.0,4.0,26089.0
58.673729968999396,0.0,0.0,0.0,0.0,0.0,0.0,0.0,0.0,0.0,0.0,0.0,0.0,0.0,14257.0,4.0,26096.0,12963.0,4.0,26109.0
58.67380378200323,0.0,0.0,0.0,0.0,0.0,0.0,0.0,0.0,0.0,0.0,0.0,0.0,0.0,14258.0,4.0,26116.0,12964.0,4.0,26129.0
58.67386527400231,0.0,0.0,0.0,0.0,0.0,0.0,0.0,0.0,0.0,0.0,0.0,0.0,0.0,14259.0,4.0,26136.0,12965.0,4.0,26149.0
58.673932976002106,0.0,0.0,0.0,0.0,0.0,0.0,0.0,0.0,0.0,0.0,0.0,0.0,0.0,14260.0,4.0,26156.0,12966.0,4.0,26159.0
58.68356440700882,0.0,0.0,0.0,0.0,0.0,0.0,0.0,0.0,0.0,0.0,0.0,0.0,0.0,14261.0,4.0,26176.0,12967.0,4.0,26189.0
58.696514851006214,0.0,0.0,0.0,0.0,0.0,0.0,0.0,0.0,0.0,0.0,0.0,0.0,0.0,14262.0,4.0,26196.0,12968.0,4.0,26209.0
58.715223110004445,0.0,0.0,0.0,0.0,0.0,0.0,0.0,0.0,0.0,0.0,0.0,0.0,0.0,14263.0,4.0,26216.0,12969.0,4.0,26229.0
58.73550298000919,0.0,0.0,0.0,0.0,0.0,0.0,0.0,0.0,0.0,0.0,0.0,0.0,0.0,14264.0,4.0,26236.0,12970.0,4.0,26249.0
58.74443925599917,0.0,0.0,0.0,0.0,0.0,0.0,0.0,0.0,0.0,0.0,0.0,0.0,0.0,14265.0,4.0,26256.0,12971.0,4.0,26259.0
58.89147507000598,0.0,0.0,0.0,0.0,0.0,0.0,0.0,0.0,0.0,0.0,0.0,0.0,0.0,14266.0,4.0,26276.0,12972.0,4.0,26288.0
58.8915832000057,0.0,0.0,0.0,0.0,0.0,0.0,0.0,0.0,0.0,0.0,0.0,0.0,0.0,14267.0,4.0,26296.0,12973.0,4.0,26309.0
58.891649490004056,0.0,0.0,0.0,0.0,0.0,0.0,0.0,0.0,0.0,0.0,0.0,0.0,0.0,14268.0,4.0,26316.0,12974.0,4.0,26329.0
58.89170898900193,0.0,0.0,0.0,0.0,0.0,0.0,0.0,0.0,0.0,0.0,0.0,0.0,0.0,14269.0,4.0,26336.0,12975.0,4.0,26349.0
58.89176514200517,0.0,0.0,0.0,0.0,0.0,0.0,0.0,0.0,0.0,0.0,0.0,0.0,0.0,14270.0,4.0,26356.0,12976.0,4.0,26359.0
58.89182048400107,0.0,0.0,0.0,0.0,0.0,0.0,0.0,0.0,0.0,0.0,0.0,0.0,0.0,14271.0,4.0,26376.0,12977.0,4.0,26389.0
58.90363213600358,0.0,0.0,0.0,0.0,0.0,0.0,0.0,0.0,0.0,0.0,0.0,0.0,0.0,14273.0,4.0,26416.0,12978.0,4.0,26418.0
58.93585802099551,0.0,0.0,0.0,0.0,0.0,0.0,0.0,0.0,0.0,0.0,0.0,0.0,0.0,14274.0,4.0,26436.0,12979.0,4.0,26449.0
58.955112458002986,0.0,0.0,0.0,0.0,0.0,0.0,0.0,0.0,0.0,0.0,0.0,0.0,0.0,14275.0,4.0,26456.0,12980.0,4.0,26469.0
58.96531852299813,0.0,0.0,0.0,0.0,0.0,0.0,0.0,0.0,0.0,0.0,0.0,0.0,0.0,14276.0,4.0,26476.0,12981.0,4.0,26479.0
59.152048579999246,0.0,0.0,0.0,0.0,0.0,0.0,0.0,0.0,0.0,0.0,0.0,0.0,0.0,14277.0,4.0,26496.0,12982.0,4.0,26510.0
59.152204248995986,0.0,0.0,0.0,0.0,0.0,0.0,0.0,0.0,0.0,0.0,0.0,0.0,0.0,14278.0,4.0,26516.0,12983.0,4.0,26518.0
59.15227483600029,0.0,0.0,0.0,0.0,0.0,0.0,0.0,0.0,0.0,0.0,0.0,0.0,0.0,14279.0,4.0,26536.0,12984.0,4.0,26549.0
59.152335906997905,0.0,0.0,0.0,0.0,0.0,0.0,0.0,0.0,0.0,0.0,0.0,0.0,0.0,14280.0,4.0,26556.0,12985.0,4.0,26569.0
59.152392981995945,0.0,0.0,0.0,0.0,0.0,0.0,0.0,0.0,0.0,0.0,0.0,0.0,0.0,14281.0,4.0,26576.0,12986.0,4.0,26579.0
59.15244837400678,0.0,0.0,0.0,0.0,0.0,0.0,0.0,0.0,0.0,0.0,0.0,0.0,0.0,14282.0,4.0,26596.0,12987.0,4.0,26608.0
59.1525025840092,0.0,0.0,0.0,0.0,0.0,0.0,0.0,0.0,0.0,0.0,0.0,0.0,0.0,14283.0,4.0,26616.0,12988.0,4.0,26629.0
59.15255574201001,0.0,0.0,0.0,0.0,0.0,0.0,0.0,0.0,0.0,0.0,0.0,0.0,0.0,14284.0,4.0,26636.0,12989.0,4.0,26649.0
59.15506752500369,0.0,0.0,0.0,0.0,0.0,0.0,0.0,0.0,0.0,0.0,0.0,0.0,0.0,14285.0,4.0,26656.0,12990.0,4.0,26669.0
59.16449213199667,0.0,0.0,0.0,0.0,0.0,0.0,0.0,0.0,0.0,0.0,0.0,0.0,0.0,14286.0,4.0,26676.0,12991.0,4.0,26678.0
59.20303298800718,0.0,0.0,0.0,0.0,0.0,0.0,0.0,0.0,0.0,0.0,0.0,0.0,0.0,14287.0,4.0,26696.0,12992.0,4.0,26709.0
59.332625344002736,0.0,0.0,0.0,0.0,0.0,0.0,0.0,0.0,0.0,0.0,0.0,0.0,0.0,14288.0,4.0,26716.0,12993.0,4.0,26729.0
59.33273647900205,0.0,0.0,0.0,0.0,0.0,0.0,0.0,0.0,0.0,0.0,0.0,0.0,0.0,14289.0,4.0,26736.0,12994.0,4.0,26749.0
59.332800404998125,0.0,0.0,0.0,0.0,0.0,0.0,0.0,0.0,0.0,0.0,0.0,0.0,0.0,14290.0,4.0,26756.0,12995.0,4.0,26769.0
59.332857660003356,0.0,0.0,0.0,0.0,0.0,0.0,0.0,0.0,0.0,0.0,0.0,0.0,0.0,14291.0,4.0,26776.0,12996.0,4.0,26779.0
59.332915336010046,0.0,0.0,0.0,0.0,0.0,0.0,0.0,0.0,0.0,0.0,0.0,0.0,0.0,14292.0,4.0,26796.0,12997.0,4.0,26809.0
59.33297046800726,0.0,0.0,0.0,0.0,0.0,0.0,0.0,0.0,0.0,0.0,0.0,0.0,0.0,14293.0,4.0,26816.0,12998.0,4.0,26829.0
59.342848578002304,0.0,0.0,0.0,0.0,0.0,0.0,0.0,0.0,0.0,0.0,0.0,0.0,0.0,14294.0,4.0,26836.0,12999.0,4.0,26849.0
59.35398566900403,0.0,0.0,0.0,0.0,0.0,0.0,0.0,0.0,0.0,0.0,0.0,0.0,0.0,14295.0,4.0,26856.0,13000.0,4.0,26869.0
59.37493822700344,0.0,0.0,0.0,0.0,0.0,0.0,0.0,0.0,0.0,0.0,0.0,0.0,0.0,14296.0,4.0,26876.0,13001.0,4.0,26879.0
59.405237694008974,0.0,0.0,0.0,0.0,0.0,0.0,0.0,0.0,0.0,0.0,0.0,0.0,0.0,14297.0,4.0,26896.0,13002.0,4.0,26908.0
59.414900511997985,0.0,0.0,0.0,0.0,0.0,0.0,0.0,0.0,0.0,0.0,0.0,0.0,0.0,14298.0,4.0,26916.0,13003.0,4.0,26929.0
59.436539483998786,0.0,0.0,0.0,0.0,0.0,0.0,0.0,0.0,0.0,0.0,0.0,0.0,0.0,14299.0,4.0,26936.0,13004.0,4.0,26949.0
59.56223399400187,0.0,0.0,0.0,0.0,0.0,0.0,0.0,0.0,0.0,0.0,0.0,0.0,0.0,14300.0,4.0,26956.0,13005.0,4.0,26969.0
59.56720057800703,0.0,0.0,0.0,0.0,0.0,0.0,0.0,0.0,0.0,0.0,0.0,0.0,0.0,14301.0,4.0,26976.0,13006.0,4.0,26979.0
59.56726973300101,0.0,0.0,0.0,0.0,0.0,0.0,0.0,0.0,0.0,0.0,0.0,0.0,0.0,14302.0,4.0,26996.0,13007.0,4.0,27011.0
59.56733375899785,0.0,0.0,0.0,0.0,0.0,0.0,0.0,0.0,0.0,0.0,0.0,0.0,0.0,14303.0,4.0,27016.0,13008.0,4.0,27018.0
59.5673897020024,0.0,0.0,0.0,0.0,0.0,0.0,0.0,0.0,0.0,0.0,0.0,0.0,0.0,14304.0,4.0,27036.0,13009.0,4.0,27049.0
59.56746990600368,0.0,0.0,0.0,0.0,0.0,0.0,0.0,0.0,0.0,0.0,0.0,0.0,0.0,14305.0,4.0,27056.0,13010.0,4.0,27069.0
59.56755300400255,0.0,0.0,0.0,0.0,0.0,0.0,0.0,0.0,0.0,0.0,0.0,0.0,0.0,14306.0,4.0,27076.0,13011.0,4.0,27079.0
59.593923679,0.0,0.0,0.0,0.0,0.0,0.0,0.0,0.0,0.0,0.0,0.0,0.0,0.0,14307.0,4.0,27096.0,13012.0,4.0,27108.0
59.61435384200013,0.0,0.0,0.0,0.0,0.0,0.0,0.0,0.0,0.0,0.0,0.0,0.0,0.0,14308.0,4.0,27116.0,13013.0,4.0,27129.0
59.63484448500094,0.0,0.0,0.0,0.0,0.0,0.0,0.0,0.0,0.0,0.0,0.0,0.0,0.0,14309.0,4.0,27136.0,13014.0,4.0,27149.0
59.65467689400248,0.0,0.0,0.0,0.0,0.0,0.0,0.0,0.0,0.0,0.0,0.0,0.0,0.0,14310.0,4.0,27156.0,13015.0,4.0,27169.0
59.861317287999555,0.0,0.0,0.0,0.0,0.0,0.0,0.0,0.0,0.0,0.0,0.0,0.0,0.0,14311.0,4.0,27176.0,13016.0,4.0,27179.0
59.86166373299784,0.0,0.0,0.0,0.0,0.0,0.0,0.0,0.0,0.0,0.0,0.0,0.0,0.0,14312.0,4.0,27196.0,13017.0,4.0,27209.0
59.861731266006245,0.0,0.0,0.0,0.0,0.0,0.0,0.0,0.0,0.0,0.0,0.0,0.0,0.0,14313.0,4.0,27216.0,13018.0,4.0,27229.0
59.861792146999505,0.0,0.0,0.0,0.0,0.0,0.0,0.0,0.0,0.0,0.0,0.0,0.0,0.0,14314.0,4.0,27236.0,13019.0,4.0,27249.0
59.861848911008565,0.0,0.0,0.0,0.0,0.0,0.0,0.0,0.0,0.0,0.0,0.0,0.0,0.0,14316.0,4.0,27276.0,13020.0,4.0,27287.0
59.86190373200225,0.0,0.0,0.0,0.0,0.0,0.0,0.0,0.0,0.0,0.0,0.0,0.0,0.0,14317.0,4.0,27296.0,13021.0,4.0,27297.0
59.86195801199938,0.0,0.0,0.0,0.0,0.0,0.0,0.0,0.0,0.0,0.0,0.0,0.0,0.0,14318.0,4.0,27316.0,13022.0,4.0,27329.0
59.862012693003635,0.0,0.0,0.0,0.0,0.0,0.0,0.0,0.0,0.0,0.0,0.0,0.0,0.0,14319.0,4.0,27336.0,13023.0,4.0,27349.0
59.862066743007745,0.0,0.0,0.0,0.0,0.0,0.0,0.0,0.0,0.0,0.0,0.0,0.0,0.0,14320.0,4.0,27356.0,13024.0,4.0,27369.0
59.87429922200681,0.0,0.0,0.0,0.0,0.0,0.0,0.0,0.0,0.0,0.0,0.0,0.0,0.0,14321.0,4.0,27376.0,13025.0,4.0,27389.0
